model,window,horizon,q0.01,q0.05,q0.1,q0.15,q0.2,q0.25,q0.3,q0.35,q0.4,q0.45,q0.5,q0.55,q0.6,q0.65,q0.7,q0.75,q0.8,q0.85,q0.9,q0.95,q0.99,prediction,date,forecast_origin,actual,error,abs_error,squared_error,correct_direction,interval_coverage,interval_width
r1_qqq,0,1,-0.025688898,-0.013981294,-0.009292942,-0.0064813853,-0.0044151377,-0.0027780132,-0.001388807,-0.00018695567,0.0009240286,0.0018972436,0.0028529507,0.0038161455,0.004789871,0.0057424237,0.006885206,0.008129466,0.009586047,0.011363212,0.0135755045,0.017456084,0.02542433,0.0028529507,2022-01-03,2021-12-31,0.0095804990329134,-0.00672754832211013,0.00672754832211013,4.525990642632683e-05,1,1,0.022868447
r1_qqq,0,2,-0.026162082,-0.014395338,-0.009751937,-0.0069642398,-0.0049150963,-0.003284825,-0.0018693026,-0.00066642556,0.00047053152,0.001469334,0.0024762377,0.003484833,0.0045248037,0.005547804,0.0067510363,0.008072472,0.009593397,0.0114535885,0.013698129,0.017664436,0.025717763,0.0024762377,2022-01-04,2021-12-31,-0.0130553983953836,0.015531636109674219,0.015531636109674219,0.00024123172024333612,0,0,0.023450065
r1_qqq,0,3,-0.02653507,-0.014573643,-0.009904489,-0.0071138493,-0.005057013,-0.003401299,-0.0019679,-0.0007289542,0.00040741183,0.0014281957,0.002456828,0.0034842659,0.0045350036,0.0055597965,0.006758022,0.008092064,0.009616714,0.011506313,0.013816674,0.017872721,0.026157105,0.002456828,2022-01-05,2021-12-31,-0.0312028366890261,0.033659664709539155,0.033659664709539155,0.0011329730283585956,0,0,0.023721162
r1_qqq,0,4,-0.027408665,-0.015029781,-0.010107557,-0.00716168,-0.005011396,-0.0033289297,-0.0018593274,-0.00062590616,0.0005121481,0.0015234981,0.0025405507,0.0035692807,0.0046093124,0.0056663956,0.006874833,0.008235549,0.009828457,0.011762185,0.014149332,0.01835781,0.02661356,0.0025405507,2022-01-06,2021-12-31,-0.0007028603978874,0.003243411058229378,0.003243411058229378,1.0519715292644614e-05,0,1,0.024256889
r1_qqq,0,5,-0.02726323,-0.0150443055,-0.0101516675,-0.007233218,-0.0051038014,-0.003395618,-0.0019316335,-0.00066847214,0.0004954021,0.0015450139,0.0025937983,0.0036510443,0.00472899,0.0057886546,0.00703603,0.008435095,0.010066631,0.012069426,0.01460772,0.019019352,0.027669577,0.0025937983,2022-01-07,2021-12-31,-0.0108917917743604,0.013485590104414087,0.013485590104414087,0.00018186114046427114,0,0,0.024759388
r1_qqq,1,1,-0.033682417,-0.020973701,-0.015332716,-0.011779184,-0.00904117,-0.006813339,-0.004877895,-0.0031664404,-0.001559912,-0.000116635,0.001324591,0.002776817,0.0042315545,0.0056252317,0.0072638127,0.00901969,0.011042416,0.013469541,0.016437836,0.021479396,0.03205649,0.001324591,2022-01-10,2022-01-07,0.0006578193180862,0.0006667716759589384,0.0006667716759589384,4.445844678610915e-07,1,1,0.03177055
r1_qqq,1,2,-0.034309655,-0.02164752,-0.01604187,-0.012485359,-0.00974176,-0.0074922265,-0.0054980367,-0.0037659556,-0.002113918,-0.00063912815,0.0008561285,0.0023467354,0.003858425,0.005320761,0.0070272335,0.008875204,0.01098821,0.013522555,0.016540185,0.0217331,0.032447945,0.0008561285,2022-01-11,2022-01-07,0.0149103226575203,-0.014054194136256701,0.014054194136256701,0.00019752037281959225,1,1,0.032582052
r1_qqq,1,3,-0.03502207,-0.021950452,-0.016235352,-0.012625986,-0.0098536145,-0.007561174,-0.0055372063,-0.0037577995,-0.0020998481,-0.0006024421,0.0009138115,0.0024200985,0.0039398684,0.0054100943,0.007120801,0.008992722,0.011112679,0.0136779,0.016761504,0.022034174,0.032965545,0.0009138115,2022-01-12,2022-01-07,0.0039576826613383,-0.003043871163016707,0.003043871163016707,9.26515165704468e-06,1,1,0.032996856
r1_qqq,1,4,-0.036237337,-0.022850411,-0.016811274,-0.01299059,-0.010083514,-0.007742705,-0.005658029,-0.0038731052,-0.0021947266,-0.00068089576,0.0008511406,0.002392895,0.0039334837,0.0054573603,0.0071844454,0.009089934,0.011279198,0.013888089,0.017041057,0.022476511,0.033475097,0.0008511406,2022-01-13,2022-01-07,-0.025334333807699,0.0261854743980836,0.0261854743980836,0.0006856790694526918,0,0,0.03385233
r1_qqq,1,5,-0.035543595,-0.022615274,-0.01674437,-0.013011546,-0.0101654,-0.007828259,-0.005772623,-0.003965027,-0.0022641125,-0.0007218177,0.0008320273,0.0023793294,0.0039423504,0.0054517738,0.0072114673,0.009156985,0.011378798,0.014065651,0.017368138,0.023035763,0.034577355,0.0008320273,2022-01-14,2022-01-07,0.006203104092486,-0.005371076802469587,0.005371076802469587,2.8848466018026925e-05,1,1,0.034112506
r1_qqq,2,1,-0.036178153,-0.023589041,-0.017751649,-0.0140769575,-0.011270259,-0.009005722,-0.007059653,-0.0053336625,-0.0037179827,-0.0022535028,-0.000786341,0.00071104104,0.0022070315,0.0036256944,0.0052783284,0.007048617,0.009046564,0.0114273615,0.0142986365,0.018969752,0.028148707,-0.000786341,2022-01-18,2022-01-14,-0.0252092174878937,0.024422876459605693,0.024422876459605693,0.0005964768945611619,1,0,0.032050285
r1_qqq,2,2,-0.036336724,-0.023540558,-0.017588852,-0.013792276,-0.010872573,-0.008489342,-0.006384489,-0.0045597404,-0.002819351,-0.0012679577,0.00031132618,0.0018858702,0.003457137,0.004963709,0.006695532,0.00853269,0.010607999,0.013069069,0.015945079,0.020646928,0.029788543,0.00031132618,2022-01-19,2022-01-14,-0.0110441809309993,0.011355507108324399,0.011355507108324399,0.00012894754168720594,0,1,0.03353393
r1_qqq,2,3,-0.037243772,-0.023903193,-0.017702386,-0.013751198,-0.010722753,-0.008233935,-0.0060510086,-0.0041340645,-0.0023556184,-0.00074480695,0.0009004135,0.0025298912,0.0041515054,0.005703192,0.007459373,0.009355556,0.011449847,0.013942713,0.01687109,0.021656804,0.031005451,0.0009004135,2022-01-20,2022-01-14,-0.0130734207566903,0.013973834248453474,0.013973834248453474,0.00019526804360325126,0,1,0.034573473
r1_qqq,2,4,-0.038143292,-0.02463243,-0.018203126,-0.014103271,-0.01098253,-0.008472942,-0.0062370887,-0.004312175,-0.0025078524,-0.00087940367,0.0007777874,0.0024329312,0.004065671,0.0056611486,0.007440233,0.009375753,0.011558522,0.014115306,0.017130893,0.022093896,0.031664316,0.0007777874,2022-01-21,2022-01-14,-0.0281204604847812,0.028898247897297974,0.028898247897297974,0.0008351087315336868,0,0,0.03533402
r1_qqq,2,5,-0.03740634,-0.024518846,-0.018222831,-0.014198428,-0.01112728,-0.00860771,-0.006403393,-0.004461038,-0.0026430693,-0.0009933284,0.00067509426,0.0023243593,0.0039739,0.0055348016,0.0073377434,0.00929562,0.01150612,0.014143435,0.01732845,0.022536224,0.032709185,0.00067509426,2022-01-24,2022-01-14,0.004567374731204,-0.0038922804754921167,0.0038922804754921167,1.5149847299897138e-05,1,1,0.03555128
r1_qqq,3,1,-0.07466783,-0.04733917,-0.036110606,-0.029058062,-0.02366052,-0.019320711,-0.015644597,-0.012464103,-0.009553465,-0.006955637,-0.0043864353,-0.0018188312,0.0007276964,0.0031530382,0.0059659667,0.009012513,0.012533802,0.016841771,0.022304356,0.032090947,0.05441478,-0.0043864353,2022-01-25,2022-01-24,-0.0234542649391225,0.019067829676263633,0.019067829676263633,0.0003635821285630001,1,1,0.058414962
r1_qqq,3,2,-0.0716831,-0.043906547,-0.032504376,-0.025416745,-0.020022329,-0.015668537,-0.011901709,-0.008665289,-0.0056474837,-0.0029766927,-0.00030990655,0.0023680786,0.0050436486,0.0076497504,0.010692891,0.01399747,0.017842172,0.02248095,0.028083641,0.03830399,0.061536174,-0.00030990655,2022-01-26,2022-01-24,-0.0015661684681545,0.0012562619174714188,0.0012562619174714188,1.5781940052889659e-06,1,1,0.060588017
r1_qqq,3,3,-0.07285401,-0.04442639,-0.032474253,-0.024989557,-0.019367862,-0.014860002,-0.010997744,-0.0076993373,-0.004689989,-0.0020017214,0.0006909353,0.0033633197,0.0060484163,0.008682894,0.011757353,0.015176244,0.019096874,0.02391975,0.029760858,0.04044153,0.06455072,0.0006909353,2022-01-27,2022-01-24,-0.0101213095758751,0.0108122448718816,0.0108122448718816,0.00011690463916952996,0,1,0.06223511
r1_qqq,3,4,-0.07099442,-0.04373574,-0.032326557,-0.025145931,-0.019645816,-0.015264083,-0.01142146,-0.008138448,-0.0050682593,-0.002315748,0.00044271356,0.0031675152,0.0059036184,0.008592306,0.011696508,0.015158517,0.019174123,0.024071446,0.030090977,0.041061666,0.06570152,0.00044271356,2022-01-28,2022-01-24,0.0308870537331272,-0.030444340175850324,0.030444340175850324,0.0009268578487428941,1,0,0.062417533
r1_qqq,3,5,-0.07151622,-0.045124326,-0.033524126,-0.026302036,-0.02085514,-0.01644805,-0.012623649,-0.009326216,-0.006243716,-0.0035081445,-0.00075551413,0.0019390127,0.0046735504,0.007304622,0.010397507,0.013819129,0.017797586,0.022718078,0.028878402,0.040061783,0.06515131,-0.00075551413,2022-01-31,2022-01-24,0.0314777100662097,-0.032233224200862616,0.032233224200862616,0.0010389807423830755,0,0,0.062402528
r1_qqq,4,1,-0.07340413,-0.047832318,-0.036823045,-0.02971271,-0.024114462,-0.019496195,-0.015485253,-0.012025671,-0.00883541,-0.0059332987,-0.0030603653,-0.00015907927,0.0027531835,0.005557139,0.008818881,0.012390859,0.016577441,0.021608865,0.027715867,0.037817597,0.056627948,-0.0030603653,2022-02-01,2022-01-31,0.0067803478947039,-0.00984071322326914,0.00984071322326914,9.683963674262411e-05,0,1,0.06453891
r1_qqq,4,2,-0.07225956,-0.045630466,-0.03402458,-0.026505165,-0.020632861,-0.015869478,-0.011691463,-0.008121596,-0.0047760163,-0.0017821586,0.0011764609,0.0041860878,0.0072438577,0.010234632,0.0137457,0.017654967,0.022191219,0.027558701,0.03385473,0.044347595,0.063664444,0.0011764609,2022-02-02,2022-01-31,0.008092541077422,-0.006916080198498464,0.006916080198498464,4.7832165312062554e-05,1,1,0.06787931
r1_qqq,4,3,-0.07288497,-0.046776954,-0.03566951,-0.028457383,-0.022794569,-0.018099053,-0.013947785,-0.010359666,-0.0070248167,-0.0040266817,-0.0010477067,0.0019047032,0.0048984177,0.007855557,0.011317002,0.015210629,0.019705353,0.025117647,0.03146882,0.042114116,0.061149307,-0.0010477067,2022-02-03,2022-01-31,-0.0413885663331113,0.04034085963597513,0.04034085963597513,0.0016273849561694478,1,0,0.06713833
r1_qqq,4,4,-0.06958913,-0.045166615,-0.03471351,-0.02783557,-0.022255173,-0.017655583,-0.013556091,-0.009971278,-0.006593692,-0.0035793323,-0.0006200204,0.0023289898,0.005294456,0.008177886,0.01155279,0.015346701,0.019752644,0.02499258,0.031303816,0.041941963,0.060999643,-0.0006200204,2022-02-04,2022-01-31,0.0125361740226399,-0.013156194401486574,0.013156194401486574,0.00017308545112970668,0,1,0.06601733
r1_qqq,4,5,-0.07081075,-0.045238566,-0.03393322,-0.026800567,-0.021212114,-0.01663304,-0.012580352,-0.009048612,-0.0057136603,-0.0027380195,0.0002467867,0.0032195756,0.006250918,0.009182059,0.012617092,0.016420817,0.020748015,0.025890028,0.032008525,0.042152148,0.061111577,0.0002467867,2022-02-07,2022-01-31,-0.0080770417023321,0.008323828389389566,0.008323828389389566,6.928611905600769e-05,0,1,0.06594174
r1_qqq,5,1,-0.047135245,-0.029493617,-0.021583512,-0.016655806,-0.012954755,-0.009945784,-0.0073335366,-0.005014411,-0.0028327943,-0.000853709,0.0011295852,0.0031243684,0.0051240968,0.0070429086,0.00928994,0.01169008,0.014447911,0.017733572,0.021714035,0.028356768,0.0419006,0.0011295852,2022-02-08,2022-02-07,0.0111726842109193,-0.010043099009067276,0.010043099009067276,0.0001008638377059281,1,1,0.043297548
r1_qqq,5,2,-0.04781617,-0.029788503,-0.021764217,-0.016755657,-0.0129992375,-0.00995567,-0.0072758,-0.0049419175,-0.0027243905,-0.000725685,0.0012952079,0.0033227312,0.0053815152,0.0073694475,0.009677239,0.012170603,0.015029163,0.018419437,0.022416122,0.029167734,0.042538047,0.0012952079,2022-02-09,2022-02-07,0.0209693453836038,-0.019674137500372457,0.019674137500372457,0.00038707168638356176,1,1,0.04418034
r1_qqq,5,3,-0.04722743,-0.029492674,-0.021483881,-0.016459303,-0.012696534,-0.009638011,-0.0069570653,-0.0046209726,-0.0024549898,-0.00050347665,0.0014710422,0.0034370527,0.0054414677,0.0073976484,0.009679268,0.012196225,0.015058128,0.01850908,0.022634378,0.029568288,0.04332762,0.0014710422,2022-02-10,2022-02-07,-0.0228925506097751,0.024363592777170453,0.024363592777170453,0.0005935846530117923,0,0,0.04411826
r1_qqq,5,4,-0.04650363,-0.029021075,-0.02106591,-0.016079726,-0.012352818,-0.00936504,-0.0067103812,-0.004419409,-0.0022632156,-0.00032003626,0.0016397934,0.0036073546,0.0055787484,0.0075272904,0.009743603,0.01219299,0.01500393,0.018329784,0.022335274,0.029169157,0.04269775,0.0016397934,2022-02-11,2022-02-07,-0.0322357493363145,0.03387554273044795,0.03387554273044795,0.0011475523952824047,0,0,0.04340118
r1_qqq,5,5,-0.044925086,-0.028152883,-0.020541793,-0.015790597,-0.012221824,-0.009297888,-0.006722089,-0.004456331,-0.0023130493,-0.0003684138,0.0015833349,0.0035218413,0.0054801484,0.0073750364,0.009585408,0.012016882,0.014791703,0.018120328,0.02221009,0.029113175,0.04277812,0.0015833349,2022-02-14,2022-02-07,0.0012380247767051,0.0003453100967253308,0.0003453100967253308,1.1923906290045731e-07,1,1,0.042751882
r1_qqq,6,1,-0.04751714,-0.029824791,-0.021519333,-0.016312014,-0.012384104,-0.009217771,-0.0064823474,-0.004059554,-0.0017902241,0.00026855874,0.0023431068,0.0044430867,0.006542205,0.00856377,0.010926638,0.013452275,0.01633578,0.0197554,0.023888363,0.03059587,0.044295512,0.0023431068,2022-02-15,2022-02-14,0.0245599899521424,-0.02221688317007856,0.02221688317007856,0.0004935898977929199,1,0,0.045407698
r1_qqq,6,2,-0.049038075,-0.030974336,-0.02246283,-0.017089933,-0.013032204,-0.009753447,-0.006868326,-0.0043697874,-0.0019779576,0.00017319073,0.0023516573,0.0045344303,0.006729768,0.008857055,0.011303218,0.013939643,0.016907997,0.02040587,0.024471415,0.03128625,0.045108568,0.0023516573,2022-02-16,2022-02-14,-0.0002526674133269,0.0026043246679482864,0.0026043246679482864,6.782506976083953e-06,0,1,0.046934247
r1_qqq,6,3,-0.049711503,-0.031786285,-0.023224384,-0.017749902,-0.013623603,-0.010275835,-0.0073514264,-0.004805296,-0.0024353985,-0.0002913521,0.0018821587,0.0040493095,0.006228541,0.008369287,0.010839121,0.013566331,0.01663605,0.020322498,0.024681939,0.03191628,0.046378043,0.0018821587,2022-02-17,2022-02-14,-0.030194941623389,0.032077100308864584,0.032077100308864584,0.0010289403642249604,0,0,0.047906324
r1_qqq,6,4,-0.04920119,-0.03167229,-0.023225334,-0.017791802,-0.0136636235,-0.010357554,-0.0074165724,-0.00488369,-0.0024920686,-0.00034008775,0.0018374107,0.0040208157,0.0062150913,0.00837685,0.010835918,0.013554771,0.01663536,0.020257406,0.02454892,0.03173537,0.04616943,0.0018374107,2022-02-18,2022-02-14,-0.0114711315554289,0.013308542286670007,0.013308542286670007,0.00017711729779608374,0,1,0.047774255
r1_qqq,6,5,-0.049133036,-0.031673416,-0.02321029,-0.017802728,-0.013739319,-0.010434153,-0.0075382376,-0.0050064814,-0.0026095465,-0.00043831876,0.0017606375,0.0039479854,0.0061607566,0.008295858,0.010770828,0.013480171,0.016531074,0.020148795,0.024471577,0.03160789,0.04621414,0.0017606375,2022-02-22,2022-02-14,-0.010094145990655,0.011854783494703645,0.011854783494703645,0.00014053589170629798,0,1,0.047681868
r1_qqq,7,1,-0.04984865,-0.03180449,-0.023938933,-0.018900007,-0.01497289,-0.0117359795,-0.008891514,-0.006362036,-0.003991386,-0.0018283081,0.00034073027,0.0025328614,0.004716806,0.006803559,0.009236465,0.01182242,0.014774372,0.018261803,0.022465454,0.029248666,0.042401463,0.00034073027,2022-02-23,2022-02-22,-0.0259492929276828,0.026290023199683456,0.026290023199683456,0.0006911653198398944,0,0,0.046404388
r1_qqq,7,2,-0.051389214,-0.032951042,-0.0248539,-0.019628959,-0.015533548,-0.012161297,-0.009147269,-0.006522606,-0.0040130536,-0.0017512402,0.0005353936,0.0028228713,0.0051231724,0.00734219,0.00989988,0.012651564,0.015763277,0.019428007,0.02369484,0.030760698,0.044426404,0.0005353936,2022-02-24,2022-02-22,0.033051999638152,-0.032516606038731216,0.032516606038731216,0.0010573296682780515,1,0,0.04854874
r1_qqq,7,3,-0.0530073,-0.034227554,-0.025853155,-0.020410815,-0.016183404,-0.012678105,-0.0095611,-0.0068394593,-0.004293205,-0.0019952161,0.00033293475,0.002639986,0.004949096,0.0071948706,0.009787581,0.012620764,0.015809096,0.019618265,0.024133826,0.031597693,0.045964446,0.00033293475,2022-02-25,2022-02-22,0.0153883235681932,-0.015055388815388041,0.015055388815388041,0.00022666473238251134,1,1,0.04998698
r1_qqq,7,4,-0.052754555,-0.034059677,-0.025748555,-0.020355787,-0.016131317,-0.012677428,-0.009579372,-0.0068771504,-0.0043063955,-0.0019864514,0.0003663673,0.0027155299,0.0050563067,0.007343372,0.009934879,0.012776258,0.015986938,0.019753346,0.024211217,0.031618007,0.04575854,0.0003663673,2022-02-28,2022-02-22,0.0029744106212326,-0.002608043308851556,0.002608043308851556,6.801889900845372e-06,1,1,0.04995977
r1_qqq,7,5,-0.05342229,-0.034522124,-0.0260349,-0.020598825,-0.016370783,-0.012886464,-0.00979323,-0.0070724147,-0.0044790595,-0.002133613,0.00023545115,0.0025849738,0.0049479166,0.0072135576,0.009821942,0.012660313,0.015837079,0.019580886,0.024039889,0.031380467,0.04572625,0.00023545115,2022-03-01,2022-02-22,-0.0154299024779375,0.01566535363048569,0.01566535363048569,0.00024540330436817123,0,1,0.05007479
r1_qqq,8,1,-0.05518722,-0.03654873,-0.027900586,-0.022203429,-0.017696192,-0.013971185,-0.010683012,-0.0077739237,-0.005048386,-0.002541901,-1.8256891e-05,0.0025392994,0.0050915387,0.007529935,0.010371364,0.013405365,0.01687083,0.02096426,0.025895767,0.033739563,0.04880079,-1.8256891e-05,2022-03-02,2022-03-01,0.0166400342095711,-0.01665829110062427,0.01665829110062427,0.0002774986623931378,0,1,0.05379635
r1_qqq,8,2,-0.055382844,-0.03696029,-0.028416147,-0.022719692,-0.018161993,-0.01438511,-0.010992792,-0.008044321,-0.005231347,-0.0026829415,-0.000105873856,0.0024843444,0.005081678,0.007598592,0.010513368,0.013674107,0.017271793,0.0215376,0.026517877,0.03462615,0.04971946,-0.000105873856,2022-03-03,2022-03-01,-0.0143876768443993,0.014281802988171456,0.014281802988171456,0.00020396989659294312,1,1,0.054934025
r1_qqq,8,3,-0.05700998,-0.03795174,-0.028863873,-0.022778498,-0.01800077,-0.014025042,-0.010501381,-0.0074399747,-0.004581889,-0.0019790027,0.0006507181,0.0032635918,0.005861489,0.008381011,0.011275707,0.014439451,0.01797365,0.022177778,0.02707558,0.03511723,0.050318748,0.0006507181,2022-03-04,2022-03-01,-0.0145980796411863,0.015248797750868502,0.015248797750868502,0.0002325258328468923,0,1,0.05593945
r1_qqq,8,4,-0.056217868,-0.03751296,-0.028635323,-0.022736987,-0.018022295,-0.014140003,-0.010658677,-0.00761386,-0.0047123022,-0.0020858636,0.0005770517,0.0032378887,0.0058986032,0.008481571,0.01142404,0.014670989,0.01835313,0.022658993,0.027692355,0.035916697,0.051438935,0.0005770517,2022-03-07,2022-03-01,-0.0375784439984414,0.0381554957148324,0.0381554957148324,0.0014558418532445935,0,0,0.05632768
r1_qqq,8,5,-0.057090238,-0.038125694,-0.0290615,-0.023123143,-0.018407097,-0.014503071,-0.011027636,-0.007977188,-0.0050540743,-0.0024135378,0.00026568727,0.0029213233,0.005606425,0.008181333,0.011153375,0.0144083025,0.01805767,0.022365764,0.027450833,0.035689782,0.051492196,0.00026568727,2022-03-08,2022-03-01,-0.0046586883277138,0.004924375595242647,0.004924375595242647,2.424947500302137e-05,0,1,0.056512333
r1_qqq,9,1,-0.055782087,-0.036830127,-0.028325818,-0.022838872,-0.018535178,-0.014994733,-0.011880988,-0.009121835,-0.0065439953,-0.0041660275,-0.0017692207,0.00065396563,0.0030398422,0.0053058257,0.007906711,0.010675822,0.013801104,0.01751191,0.02196311,0.029058967,0.04248204,-0.0017692207,2022-03-09,2022-03-08,0.0353652267066018,-0.03713444739591342,0.03713444739591342,0.001378967183399861,0,0,0.05028893
r1_qqq,9,2,-0.0572823,-0.03787832,-0.029153265,-0.023476012,-0.019014003,-0.015332153,-0.012041816,-0.009192171,-0.006486036,-0.00403711,-0.001561705,0.000905333,0.0033495242,0.005698555,0.008387665,0.011275383,0.01454367,0.0184134,0.022935718,0.030288734,0.04384599,-0.001561705,2022-03-10,2022-03-08,-0.011166915816589,0.009605210793538693,0.009605210793538693,9.22600743883122e-05,1,1,0.052088983
r1_qqq,9,3,-0.058108818,-0.03843649,-0.029387277,-0.023471465,-0.01886059,-0.015057463,-0.0116962455,-0.008764951,-0.0060188374,-0.0035386777,-0.0010314847,0.0014522322,0.003906076,0.0062747914,0.008986833,0.011937804,0.01523331,0.019170301,0.023792125,0.03133217,0.04532179,-0.0010314847,2022-03-11,2022-03-08,-0.0209563905905951,0.01992490590289423,0.01992490590289423,0.0003970018752391894,1,1,0.053179402
r1_qqq,9,4,-0.057403345,-0.03814647,-0.029320437,-0.02355568,-0.018964106,-0.015210057,-0.0118411565,-0.008887037,-0.006063399,-0.0035066705,-0.0009010239,0.0016842037,0.0042376523,0.006689125,0.00944783,0.012451716,0.015817229,0.01974472,0.024315936,0.03176374,0.045660347,-0.0009010239,2022-03-14,2022-03-08,-0.0193916690459875,0.018490645130484325,0.018490645130484325,0.00034190395734150366,1,1,0.053636372
r1_qqq,9,5,-0.057779774,-0.038612526,-0.029687665,-0.023884138,-0.019312305,-0.015548706,-0.012205496,-0.009272458,-0.006470094,-0.003936403,-0.0013572345,0.0011907715,0.003741065,0.006160181,0.008936784,0.011940596,0.015292613,0.019257355,0.023913404,0.031413082,0.04564665,-0.0013572345,2022-03-15,2022-03-08,0.0308850300436893,-0.03224226459246664,0.03224226459246664,0.0010395636260506279,0,0,0.05360107
r1_qqq,10,1,-0.060328778,-0.04067081,-0.031866662,-0.02605335,-0.021428235,-0.017576119,-0.0141606545,-0.011112717,-0.008244436,-0.0055977777,-0.0029134976,-0.0001925024,0.0024757679,0.004999295,0.007876968,0.010957806,0.014439396,0.01856522,0.023476621,0.03122067,0.045674074,-0.0029134976,2022-03-16,2022-03-15,0.0364155276585081,-0.03932902527970163,0.03932902527970163,0.0015467722294514096,0,0,0.055343285
r1_qqq,10,2,-0.059169766,-0.039448623,-0.03051717,-0.024627147,-0.019928476,-0.016006373,-0.012486413,-0.009401595,-0.0064397287,-0.0037610566,-0.0010415594,0.0016890317,0.0043811253,0.006949202,0.009866825,0.0129892845,0.016515076,0.020649405,0.025403863,0.0330749,0.047255546,-0.0010415594,2022-03-17,2022-03-15,0.0120335691986929,-0.013075128584759992,0.013075128584759992,0.00017095898750800785,0,1,0.055921033
r1_qqq,10,3,-0.05915381,-0.0397642,-0.030898144,-0.025003353,-0.020343624,-0.016440101,-0.012942222,-0.009856587,-0.0069347583,-0.0042771855,-0.0015868328,0.0011000785,0.0037517298,0.0062983446,0.009201502,0.012352712,0.015889196,0.020124407,0.025059817,0.032978766,0.04755534,-0.0015868328,2022-03-18,2022-03-15,0.0202613302371757,-0.021848163041781065,0.021848163041781065,0.000477342228300248,0,1,0.05595796
r1_qqq,10,4,-0.057777416,-0.038834047,-0.030261626,-0.02453911,-0.019907456,-0.016036877,-0.012518902,-0.009407201,-0.006413806,-0.0036836865,-0.0009171169,0.0018439544,0.004559166,0.007148496,0.0100302305,0.013163741,0.016665569,0.020754034,0.025505142,0.033157237,0.047455218,-0.0009171169,2022-03-21,2022-03-15,-0.0027839361311749,0.0018668192526206748,0.0018668192526206748,3.485014121955215e-06,1,1,0.05576677
r1_qqq,10,5,-0.0587536,-0.039561503,-0.030579554,-0.024702962,-0.020018041,-0.016122255,-0.012648882,-0.0095714955,-0.0066155093,-0.003935948,-0.0012068707,0.0015022828,0.0041912785,0.006721056,0.009595171,0.012681329,0.016107056,0.020152891,0.024868311,0.032387633,0.0468325,-0.0012068707,2022-03-22,2022-03-15,0.019461915476223,-0.020668786132683522,0.020668786132683522,0.00042719872019861065,0,1,0.055447865
r1_qqq,11,1,-0.046007294,-0.02844426,-0.020318363,-0.0153050795,-0.011537686,-0.008502057,-0.0058589084,-0.00352022,-0.0013359109,0.000658884,0.0026487114,0.004669236,0.0066813226,0.008610142,0.010848803,0.013219957,0.015892787,0.019016784,0.0227342,0.028529532,0.039205953,0.0026487114,2022-03-23,2022-03-22,-0.0144757396102443,0.017124451047603753,0.017124451047603753,0.0002932468236817773,0,1,0.04305256
r1_qqq,11,2,-0.04728979,-0.029520435,-0.021188024,-0.016017912,-0.012119163,-0.008966837,-0.0061887945,-0.0037911711,-0.0015005969,0.0005537429,0.0026321148,0.004717538,0.006808065,0.008840164,0.01116731,0.013655833,0.016438462,0.019675763,0.02337158,0.029335141,0.04013013,0.0026321148,2022-03-24,2022-03-22,0.0219833536104707,-0.019351238807052182,0.019351238807052182,0.00037447044336756235,1,1,0.044559605
r1_qqq,11,3,-0.048609365,-0.030687071,-0.022190206,-0.016820373,-0.012797016,-0.009537054,-0.0066852095,-0.0042115333,-0.0019049313,0.0001839681,0.002296952,0.0043902863,0.006483954,0.008528335,0.010860443,0.013390538,0.016185718,0.01947572,0.023286317,0.029429125,0.04066976,0.002296952,2022-03-25,2022-03-22,-0.0008345014294954,0.003131453494575804,0.003131453494575804,9.806000988691016e-06,0,1,0.045476522
r1_qqq,11,4,-0.048066698,-0.030421104,-0.021790486,-0.016317053,-0.012225213,-0.008966465,-0.0060872384,-0.0036196043,-0.0013051623,0.0007640811,0.0028527756,0.004938132,0.007026754,0.009079436,0.011393485,0.013940455,0.016778447,0.020069638,0.023887577,0.030042212,0.041273553,0.0028527756,2022-03-28,2022-03-22,0.0153537540475098,-0.012500978425350558,0.012500978425350558,0.0001562744615910801,1,1,0.045678064
r1_qqq,11,5,-0.04810564,-0.030747011,-0.022195254,-0.01680273,-0.012765842,-0.009501202,-0.006636426,-0.004141057,-0.0017873462,0.00033639726,0.0024845619,0.004604817,0.0067380876,0.008790871,0.01114542,0.01371168,0.016558403,0.01988304,0.023786668,0.03002013,0.04151599,0.0024845619,2022-03-29,2022-03-22,0.017063695712674,-0.014579133837211468,0.014579133837211468,0.0002125511434433244,1,1,0.04598192
r1_qqq,12,1,-0.04065987,-0.025039636,-0.0174167,-0.01277269,-0.009394585,-0.0067180796,-0.0044378033,-0.0024332455,-0.00055939925,0.0011299979,0.0028224003,0.004532409,0.006253348,0.0079248035,0.009886746,0.011972556,0.014345225,0.017142437,0.020493466,0.025856253,0.036041822,0.0028224003,2022-03-30,2022-03-29,-0.0111071865142472,0.013929586817804715,0.013929586817804715,0.0001940333889147589,0,1,0.037910167
r1_qqq,12,2,-0.041890167,-0.025992615,-0.018180793,-0.013392467,-0.009912089,-0.0071563274,-0.004769992,-0.0027168617,-0.0007674744,0.00097126496,0.0027249535,0.0044762446,0.0062523894,0.007982369,0.009977429,0.012122351,0.014548531,0.017382681,0.020676615,0.026093356,0.036300678,0.0027249535,2022-03-31,2022-03-29,-0.0124721268464269,0.015197080307865318,0.015197080307865318,0.00023095124988370785,0,1,0.038857408
r1_qqq,12,3,-0.042387407,-0.026586879,-0.018694323,-0.013743946,-0.010159377,-0.007319832,-0.0048814737,-0.002788179,-0.00085038727,0.00089147995,0.0026467806,0.0043857275,0.0061539393,0.007895988,0.00990761,0.0121249,0.014614604,0.017582241,0.021083543,0.026793916,0.037537258,0.0026467806,2022-04-01,2022-03-29,-0.0019052885181458,0.004552069090977431,0.004552069090977431,2.0721333009032097e-05,0,1,0.039777867
r1_qqq,12,4,-0.042787995,-0.026963891,-0.018875716,-0.01381476,-0.010165587,-0.007326183,-0.0048590554,-0.0027642911,-0.0008047357,0.0009373623,0.002696794,0.0044490504,0.006218399,0.007975963,0.009977335,0.01218666,0.014687406,0.017617086,0.02106072,0.026699364,0.037285317,0.002696794,2022-04-04,2022-03-29,0.0203797662079486,-0.017682972215876256,0.017682972215876256,0.00031268750638745163,1,1,0.03993644
r1_qqq,12,5,-0.042285897,-0.02691597,-0.01900733,-0.014054466,-0.010461676,-0.0076129856,-0.005154371,-0.0030249227,-0.0010235015,0.00077773223,0.0025886612,0.004383331,0.006185765,0.007933776,0.009955518,0.012161421,0.014643364,0.01755346,0.021030918,0.026681313,0.037567116,0.0025886612,2022-04-05,2022-03-29,-0.0224545784828456,0.025043239637577708,0.025043239637577708,0.0006271638515451432,0,0,0.04003825
r1_qqq,13,1,-0.042313356,-0.02514647,-0.01729611,-0.012401674,-0.008723669,-0.005770899,-0.003188596,-0.00090630446,0.0012445338,0.00321772,0.0051984885,0.0072135,0.009241391,0.011184333,0.0134402085,0.015801853,0.018535383,0.021742394,0.025594829,0.031501736,0.042855274,0.0051984885,2022-04-06,2022-04-05,-0.0219503373088931,0.0271488257865106,0.0271488257865106,0.000737058741586303,0,0,0.042890936
r1_qqq,13,2,-0.04574623,-0.028690029,-0.020824462,-0.015815312,-0.011951329,-0.008810574,-0.0060107345,-0.0035839537,-0.0012334723,0.00087909756,0.0029963246,0.0051514218,0.0073076426,0.009386545,0.011755766,0.014337381,0.017248323,0.020632856,0.02452552,0.030820554,0.042687565,0.0029963246,2022-04-07,2022-04-05,0.0023749660851711,0.0006213584763652123,0.0006213584763652123,3.860863561508981e-07,1,1,0.04534998
r1_qqq,13,3,-0.045459315,-0.028794684,-0.020884072,-0.01573553,-0.011759637,-0.008487208,-0.005588272,-0.0030602687,-0.00067982916,0.001487768,0.0036524094,0.0058069336,0.007955484,0.010019317,0.012343677,0.014893344,0.017732684,0.021099528,0.025029665,0.031520896,0.043775517,0.0036524094,2022-04-08,2022-04-05,-0.0140778363275973,0.017730245745152036,0.017730245745152036,0.0003143616141834819,0,1,0.045913737
r1_qqq,13,4,-0.04553674,-0.029643273,-0.022138769,-0.017191079,-0.013262464,-0.010019619,-0.0070968713,-0.0045302548,-0.0020615768,0.00016355375,0.0024062952,0.0046539456,0.006918889,0.009095162,0.011552386,0.014249969,0.017284095,0.020834183,0.024985077,0.031792153,0.044331007,0.0024062952,2022-04-11,2022-04-05,-0.023941708974103,0.02634800413020935,0.02634800413020935,0.000694217321645529,0,0,0.047123846
r1_qqq,13,5,-0.046652634,-0.03002054,-0.022067444,-0.016904946,-0.012850314,-0.00952163,-0.006560165,-0.003952914,-0.0014426,0.0008159249,0.0030831315,0.0053530717,0.007634392,0.009810772,0.012277253,0.014969677,0.017938403,0.0213732,0.025338268,0.031761654,0.044275716,0.0030831315,2022-04-12,2022-04-05,-0.0042332292743817,0.007316360783283416,0.007316360783283416,5.3529135111167516e-05,0,1,0.047405712
r1_qqq,14,1,-0.04941252,-0.03318877,-0.025390618,-0.020244993,-0.016159464,-0.012779305,-0.009814883,-0.0072118794,-0.004779898,-0.0025484744,-0.00029206392,0.0019885632,0.0042685224,0.0064627104,0.009026032,0.011790255,0.01497376,0.018769236,0.023341894,0.030616086,0.04408606,-0.00029206392,2022-04-13,2022-04-12,0.0201231065568479,-0.02041517048040053,0.02041517048040053,0.0004167791857438173,0,1,0.04873251
r1_qqq,14,2,-0.049411565,-0.03329404,-0.025485078,-0.020241603,-0.01605636,-0.012592005,-0.009498252,-0.006820413,-0.0042762915,-0.001979224,0.00034088077,0.0026810383,0.005034904,0.007327553,0.009990301,0.012900729,0.016224727,0.020148449,0.024679268,0.03203407,0.045258056,0.00034088077,2022-04-14,2022-04-12,-0.0231326160090297,0.023473496776937646,0.023473496776937646,0.0005510050509369021,0,1,0.050164346
r1_qqq,14,3,-0.050656985,-0.034066826,-0.025852302,-0.020354213,-0.016045665,-0.012464402,-0.009290049,-0.006538518,-0.0039703078,-0.001629774,0.0007478591,0.0031122915,0.0054763784,0.007775175,0.01043307,0.01334377,0.016583733,0.02041378,0.024792295,0.031955607,0.04482993,0.0007478591,2022-04-18,2022-04-12,0.0007681209825738,-2.026185382293926e-05,2.026185382293926e-05,4.105427203421583e-10,1,1,0.0506446
r1_qqq,14,4,-0.049804755,-0.033846673,-0.026081113,-0.02089062,-0.016682332,-0.013198517,-0.010076746,-0.007335059,-0.0047210045,-0.002354349,5.264464e-05,0.0024430742,0.0048507256,0.007208049,0.009921556,0.01294985,0.0164135,0.020486275,0.025251253,0.033003103,0.046727426,5.264464e-05,2022-04-19,2022-04-12,0.022104560455581,-0.022051915817236353,0.022051915817236353,0.0004862869912104789,1,1,0.051332366
r1_qqq,14,5,-0.051078986,-0.034657184,-0.026547756,-0.021211423,-0.016910333,-0.013357721,-0.010196861,-0.0074162628,-0.004753029,-0.0023594932,7.235841e-05,0.0024851707,0.0049303556,0.007284203,0.010017574,0.013009004,0.016378252,0.02036052,0.025023824,0.032530557,0.046411105,7.235841e-05,2022-04-20,2022-04-12,-0.0146917761904439,0.014764134599386719,0.014764134599386719,0.00021797967046880803,0,1,0.051571578
r1_qqq,15,1,-0.047056504,-0.031678014,-0.02444574,-0.019560816,-0.015640315,-0.01234643,-0.0094236685,-0.0068497304,-0.0044374326,-0.0022173263,2.0124484e-05,0.002294343,0.0045710374,0.006747987,0.009271991,0.011979839,0.015107653,0.018793767,0.023148932,0.029851783,0.041565992,2.0124484e-05,2022-04-21,2022-04-20,-0.0209082018885904,0.02092832637244398,0.02092832637244398,0.00043799484475153417,0,1,0.047594674
r1_qqq,15,2,-0.047624525,-0.032241724,-0.024870465,-0.019845244,-0.015772685,-0.012374689,-0.009320628,-0.0066793477,-0.0041685915,-0.0019045961,0.00035652827,0.0026344531,0.0049205413,0.0071169054,0.0096389325,0.0123951435,0.015532721,0.0191952,0.02339566,0.030044593,0.041610606,0.00035652827,2022-04-22,2022-04-20,-0.0265348192566392,0.026891347524369228,0.026891347524369228,0.000723144571676399,0,0,0.048266124
r1_qqq,15,3,-0.047798615,-0.032263745,-0.024900293,-0.019905219,-0.015922574,-0.012558337,-0.009533608,-0.0068792347,-0.0043607596,-0.0020531376,0.00026429375,0.002573262,0.00488911,0.0071063004,0.009640343,0.012415127,0.01551866,0.019167492,0.023311356,0.029941268,0.041518603,0.00026429375,2022-04-25,2022-04-20,0.0127639968222687,-0.012499703075245953,0.012499703075245953,0.00015624257696931313,1,1,0.04821165
r1_qqq,15,4,-0.047265008,-0.032130715,-0.024870241,-0.01994078,-0.015909825,-0.012547,-0.009525031,-0.0068595856,-0.0043008616,-0.0019919379,0.00032470707,0.0026444932,0.004977054,0.0072189737,0.009775302,0.012590774,0.01578448,0.019491414,0.02375474,0.030571762,0.04219603,0.00032470707,2022-04-26,2022-04-20,-0.0384756980222903,0.03880040509312151,0.03880040509312151,0.0015054714353903295,0,0,0.04862498
r1_qqq,15,5,-0.048226066,-0.032523524,-0.024960037,-0.019940937,-0.015868343,-0.012478614,-0.009443901,-0.006769295,-0.004198826,-0.0018916086,0.00042398344,0.0027336627,0.005067285,0.0072951363,0.009852939,0.012638877,0.015757188,0.019386744,0.023592794,0.030182479,0.041881938,0.00042398344,2022-04-27,2022-04-20,-0.0011989073270559,0.0016228907649963784,0.0016228907649963784,2.6337744351105304e-06,0,1,0.048552833
r1_qqq,16,1,-0.055392623,-0.037632503,-0.02942152,-0.02389027,-0.019435987,-0.01570252,-0.012418041,-0.009529024,-0.006835428,-0.0043688277,-0.0018847452,0.00060857116,0.0030574088,0.005376474,0.008048581,0.010911694,0.014183921,0.018066263,0.022637066,0.029598758,0.042054158,-0.0018847452,2022-04-28,2022-04-27,0.0348995485379667,-0.03678429373906264,0.03678429373906264,0.001353084265881643,0,0,0.052058585
r1_qqq,16,2,-0.054748565,-0.037407666,-0.029405579,-0.023953471,-0.019531565,-0.015805235,-0.012453001,-0.009542677,-0.0067761894,-0.004283974,-0.0017921072,0.0006938722,0.0031366106,0.0054687373,0.008152648,0.0110705495,0.014424288,0.018391034,0.022914972,0.029985767,0.04231264,-0.0017921072,2022-04-29,2022-04-27,-0.0460422141188318,0.04425010687574093,0.04425010687574093,0.001958071958514495,1,0,0.05232055
r1_qqq,16,3,-0.054007765,-0.037039813,-0.02932402,-0.024055634,-0.019812204,-0.016196638,-0.012927735,-0.010030028,-0.0072879614,-0.0047947457,-0.0022926815,0.00018285977,0.0026288393,0.004975958,0.0076844953,0.010653409,0.0140225375,0.018032236,0.022619132,0.029843947,0.04237047,-0.0022926815,2022-05-02,2022-04-27,0.0165576520771035,-0.018850333562518005,0.018850333562518005,0.0003553350754181927,0,1,0.051943153
r1_qqq,16,4,-0.05414567,-0.03682505,-0.028741319,-0.023318239,-0.01887221,-0.015169053,-0.011857755,-0.008947808,-0.0061731935,-0.0036659364,-0.0011580257,0.0013267427,0.003781218,0.0061139427,0.00875185,0.011632702,0.014860205,0.018607754,0.022875162,0.029610503,0.041586697,-0.0011580257,2022-05-03,2022-04-27,0.0010673408461978,-0.0022253665440027876,0.0022253665440027876,4.952256255166911e-06,0,1,0.051616482
r1_qqq,16,5,-0.05432082,-0.037176058,-0.028863784,-0.023374354,-0.018910274,-0.0152040245,-0.011913878,-0.009019999,-0.006259446,-0.0037901977,-0.0013005445,0.0011532442,0.0035994146,0.0058947643,0.00851844,0.011322445,0.014435191,0.018040236,0.02214649,0.028562205,0.04063297,-0.0013005445,2022-05-04,2022-04-27,0.0332532136118259,-0.03455375808982511,0.03455375808982511,0.0011939621981301542,0,0,0.051010273
r1_qqq,17,1,-0.05939781,-0.041080255,-0.032307386,-0.026383625,-0.021573635,-0.017521529,-0.013931824,-0.010760667,-0.0077749374,-0.0050127422,-0.0022204039,0.000619299,0.0034177732,0.00604007,0.009035945,0.012281099,0.016045481,0.020501867,0.025725627,0.033381682,0.045806777,-0.0022204039,2022-05-05,2022-05-04,-0.0516768017465041,0.04945639787779907,0.04945639787779907,0.0024459352910471683,1,0,0.05803301
r1_qqq,17,2,-0.05801033,-0.03985547,-0.030871421,-0.024724811,-0.019724973,-0.0155506395,-0.011808626,-0.008560345,-0.0054554995,-0.0026567974,0.00014294335,0.0030049938,0.0058414554,0.008549502,0.0116346255,0.015014468,0.018871482,0.023298427,0.028172802,0.035485633,0.04758074,0.00014294335,2022-05-06,2022-05-04,-0.0120534619323773,0.012196405279250226,0.012196405279250226,0.00014875230173572277,0,1,0.059044223
r1_qqq,17,3,-0.058139596,-0.039689314,-0.030660849,-0.02451426,-0.019573126,-0.01540662,-0.011671172,-0.008381821,-0.005258579,-0.0023783506,0.0005099047,0.0033958175,0.006275703,0.009000147,0.012079306,0.01541413,0.019085405,0.02330024,0.02781305,0.03473918,0.046230484,0.0005099047,2022-05-09,2022-05-04,-0.0399126968947698,0.04042260159230722,0.04042260159230722,0.001633986719490398,0,0,0.0584739
r1_qqq,17,4,-0.056371994,-0.038952034,-0.030413914,-0.024514966,-0.019634299,-0.015542146,-0.0118524,-0.0086019095,-0.005470477,-0.0026219261,0.0002176208,0.0030779236,0.0059558856,0.008684549,0.011767402,0.015132967,0.018883325,0.023200953,0.027978092,0.03526202,0.047294788,0.0002176208,2022-05-10,2022-05-04,0.0120755508832789,-0.011857930076044703,0.011857930076044703,0.00014061050568836553,1,1,0.058392007
r1_qqq,17,5,-0.05716381,-0.03951288,-0.030599847,-0.02464693,-0.019769104,-0.015716664,-0.012089226,-0.008879557,-0.0057941303,-0.0030273562,-0.0002227209,0.0025992175,0.0054790466,0.008197535,0.011295954,0.014615752,0.018286396,0.022505663,0.027160943,0.034122493,0.04609647,-0.0002227209,2022-05-11,2022-05-04,-0.0301067266960786,0.029884005791802826,0.029884005791802826,0.0008930538021645048,1,1,0.05776079
r1_qqq,18,1,-0.06302556,-0.045209683,-0.03558213,-0.028963163,-0.023488084,-0.018817976,-0.014621618,-0.010807859,-0.0071941298,-0.003907994,-0.0006087823,0.0027050385,0.0060176873,0.009111675,0.012627898,0.016344493,0.020527191,0.025232604,0.030472642,0.03778702,0.049383212,-0.0006087823,2022-05-12,2022-05-11,-0.0023671875989613,0.001758405314999527,0.001758405314999527,3.091989251818586e-06,1,1,0.06605477
r1_qqq,18,2,-0.0626618,-0.045862425,-0.036660872,-0.030047882,-0.024465593,-0.019691458,-0.015353626,-0.011514558,-0.007822731,-0.0045286547,-0.0012507075,0.0020885724,0.0053803804,0.008494838,0.012042976,0.015931815,0.020383464,0.025419645,0.030813709,0.03853598,0.050483312,-0.0012507075,2022-05-13,2022-05-11,0.0363895011822649,-0.03764020872665129,0.03764020872665129,0.0014167853129858758,0,0,0.06747458
r1_qqq,18,3,-0.064244345,-0.046668403,-0.03703935,-0.03018164,-0.024530064,-0.01968533,-0.015272148,-0.011359228,-0.007653885,-0.004243405,-0.0008090674,0.0025946805,0.006018575,0.00924734,0.012914535,0.016855344,0.021141093,0.025870517,0.03071268,0.037791282,0.048686817,-0.0008090674,2022-05-16,2022-05-11,-0.0116595077278745,0.010850440333290082,0.010850440333290082,0.0001177320554262882,1,1,0.06775203
r1_qqq,18,4,-0.06440893,-0.04724816,-0.037777316,-0.030980194,-0.025203697,-0.020268165,-0.015799569,-0.011866461,-0.008093772,-0.0046677706,-0.0012854809,0.0020627617,0.0054100566,0.008607983,0.01219815,0.016065856,0.02034351,0.025155263,0.030342843,0.038105957,0.05002082,-0.0012854809,2022-05-17,2022-05-11,0.0255720956815505,-0.026857576598981914,0.026857576598981914,0.0007213294207701809,0,1,0.06812016
r1_qqq,18,5,-0.06425965,-0.046756182,-0.03700507,-0.03024222,-0.024464665,-0.01958463,-0.015215162,-0.011301528,-0.0075497325,-0.0042008804,-0.0008571062,0.0025041471,0.0059048072,0.009106724,0.012714811,0.016494907,0.02061465,0.025223836,0.03018068,0.037370358,0.049207,-0.0008571062,2022-05-18,2022-05-11,-0.0503365263320763,0.04947942015494,0.04947942015494,0.002448213018869083,1,0,0.06718575
r1_qqq,19,1,-0.06317985,-0.042549614,-0.031517386,-0.02417282,-0.018470917,-0.013815291,-0.009813095,-0.006317358,-0.0030514228,-7.677439e-05,0.0029755074,0.0061012213,0.009236984,0.012172784,0.01551261,0.019051641,0.023138769,0.02785056,0.033339888,0.041429844,0.05621278,0.0029755074,2022-05-19,2022-05-18,-0.0053726037537238,0.008348111160241662,0.008348111160241662,6.969095994375139e-05,0,1,0.064857274
r1_qqq,19,2,-0.06212035,-0.045134865,-0.035693813,-0.028878175,-0.023204591,-0.018369831,-0.014041494,-0.010321764,-0.0068043796,-0.0037013078,-0.00058757036,0.002600679,0.005744666,0.0087172,0.012135075,0.015951656,0.02043688,0.025692731,0.03155715,0.04050258,0.05599523,-0.00058757036,2022-05-20,2022-05-18,-0.0031129311916684,0.002525360827081391,0.002525360827081391,6.377447306957208e-06,1,1,0.06725097
r1_qqq,19,3,-0.06368717,-0.044532515,-0.033943377,-0.026647504,-0.020880386,-0.016078245,-0.011843175,-0.008185065,-0.0047874283,-0.001670918,0.0015124073,0.0047410238,0.007998494,0.011061657,0.014524981,0.0182807,0.022427998,0.027118906,0.03212927,0.04002059,0.053815234,0.0015124073,2022-05-23,2022-05-18,0.0164907569876557,-0.014978349662447512,0.014978349662447512,0.00022435095861054148,1,1,0.06607264
r1_qqq,19,4,-0.06310419,-0.044930905,-0.035165578,-0.028358854,-0.022767544,-0.018024646,-0.013766279,-0.010079496,-0.0065875943,-0.0034201848,-0.00027152686,0.0028904588,0.0060496395,0.009073559,0.012475879,0.016227033,0.020507656,0.02548588,0.03111735,0.04001547,0.055200867,-0.00027152686,2022-05-24,2022-05-18,-0.02149140746287,0.0212198805990715,0.0212198805990715,0.0004502833326388511,1,1,0.06628293
r1_qqq,19,5,-0.06428143,-0.044923704,-0.034515202,-0.027545538,-0.021828353,-0.017086428,-0.0129217515,-0.009249334,-0.005757521,-0.0026415412,0.00048361468,0.0036366063,0.006795227,0.009749855,0.013086079,0.0166648,0.02066616,0.025297962,0.030554514,0.038684938,0.053657524,0.00048361468,2022-05-25,2022-05-18,0.0138982777872038,-0.013414663103586893,0.013414663103586893,0.00017995318618273552,1,1,0.06506972
r1_qqq,20,1,-0.055425256,-0.037868552,-0.029222328,-0.02340758,-0.018796662,-0.014895481,-0.011449204,-0.008391829,-0.0055080024,-0.0028502892,-0.00015744066,0.0026043009,0.005347701,0.007893427,0.010776531,0.01385475,0.017382516,0.021487227,0.026241576,0.03307039,0.044595465,-0.00015744066,2022-05-26,2022-05-25,0.0273304386377131,-0.027487879301028455,0.027487879301028455,0.0007555835084679086,0,0,0.055463903
r1_qqq,20,2,-0.055799894,-0.03837085,-0.029737905,-0.023857526,-0.01912718,-0.015152517,-0.011570792,-0.008446042,-0.0054545216,-0.002746216,-3.400445e-05,0.0027518151,0.0055227377,0.008126988,0.011084666,0.014296178,0.01797298,0.022185212,0.026844397,0.033771418,0.04521391,-3.400445e-05,2022-05-27,2022-05-25,0.0321182551391365,-0.03215225958898086,0.03215225958898086,0.0010337677966772117,0,0,0.0565823
r1_qqq,20,3,-0.056040492,-0.038642466,-0.030046266,-0.024167586,-0.01949392,-0.015516781,-0.011916195,-0.0087226555,-0.00566773,-0.0028396961,-6.327231e-06,0.002846006,0.005710184,0.008386941,0.011402525,0.014655452,0.018248005,0.02234263,0.026820114,0.03360352,0.044864733,-6.327231e-06,2022-05-31,2022-05-25,-0.0026567552309775,0.002650428000028545,0.002650428000028545,7.024768583335313e-06,1,1,0.056866378
r1_qqq,20,4,-0.05543211,-0.038280882,-0.029689206,-0.023825742,-0.019083658,-0.015116517,-0.011543257,-0.008380679,-0.0053304643,-0.002545894,0.00023641251,0.0030546582,0.0059022186,0.008586141,0.011586552,0.014833504,0.018427908,0.022510923,0.027047893,0.033906028,0.04529059,0.00023641251,2022-06-01,2022-05-25,-0.0074232359595381,0.007659648469813941,0.007659648469813941,5.867021468112305e-05,0,1,0.0567371
r1_qqq,20,5,-0.056545284,-0.039360818,-0.03046434,-0.024488447,-0.019627228,-0.015572402,-0.011940236,-0.008705694,-0.005594579,-0.0027968034,-4.758418e-06,0.002817062,0.0056777364,0.008352634,0.0113730375,0.014586531,0.018099172,0.022085337,0.026523892,0.033092216,0.044603653,-4.758418e-06,2022-06-02,2022-05-25,0.0270173668889322,-0.027022125307004215,0.027022125307004215,0.0007301952561074377,0,0,0.05698823
r1_qqq,21,1,-0.05440039,-0.03766123,-0.029282333,-0.023599096,-0.019021444,-0.015113545,-0.011601228,-0.008444051,-0.0054455367,-0.002672186,0.0001374383,0.003023694,0.005929267,0.008666211,0.011787093,0.015112846,0.018883688,0.023183858,0.028035251,0.034850962,0.045904763,0.0001374383,2022-06-03,2022-06-02,-0.0263637056617606,0.026501143960894973,0.026501143960894973,0.00070231063123608,0,1,0.057317585
r1_qqq,21,2,-0.054390576,-0.037964527,-0.029510658,-0.02365231,-0.018888181,-0.014863624,-0.011218436,-0.008023475,-0.0049552536,-0.0021741507,0.00061999034,0.0034956157,0.006372772,0.009097928,0.012192554,0.015553351,0.019342074,0.023584466,0.028134564,0.034769405,0.04553238,0.00061999034,2022-06-06,2022-06-02,0.0033255532174389,-0.002705562873745256,0.002705562873745256,7.320070463788689e-06,1,1,0.057645224
r1_qqq,21,3,-0.054232612,-0.037617,-0.029112589,-0.023258807,-0.018590843,-0.01461694,-0.011017994,-0.007833369,-0.0047905194,-0.001958438,0.0008993703,0.0037778353,0.006694432,0.009445727,0.012556526,0.015908273,0.019549947,0.02362493,0.027952936,0.034396432,0.04472169,0.0008993703,2022-06-07,2022-06-02,0.0085886232841835,-0.007689252990119216,0.007689252990119216,5.912461154605731e-05,1,1,0.057065524
r1_qqq,21,4,-0.053803507,-0.037428025,-0.029037554,-0.023259858,-0.018559879,-0.014596243,-0.011003404,-0.007816259,-0.004720878,-0.0018816055,0.00096381025,0.0038448423,0.0067583728,0.00950596,0.0125779575,0.015866831,0.019453133,0.023466537,0.02783826,0.034376677,0.045071255,0.00096381025,2022-06-08,2022-06-02,-0.007222647581788,0.008186457831019756,0.008186457831019756,6.701809181906468e-05,0,1,0.056875814
r1_qqq,21,5,-0.05431325,-0.037997052,-0.029346606,-0.02350901,-0.018756824,-0.014765107,-0.011171603,-0.00795864,-0.0048509077,-0.0020443308,0.0007799492,0.0036327122,0.0065428982,0.009283941,0.012373386,0.015646977,0.019196963,0.023184944,0.027549092,0.03396648,0.044912923,0.0007799492,2022-06-09,2022-06-02,-0.0271498500722219,0.027929799259057336,0.027929799259057336,0.0007800736866512397,0,1,0.056895696
r1_qqq,22,1,-0.055437684,-0.03973019,-0.03129656,-0.02541766,-0.02060455,-0.01647356,-0.012757309,-0.009416907,-0.006233126,-0.0032834767,-0.00026547792,0.0028087671,0.0058471803,0.0086362595,0.011770612,0.015071221,0.018824926,0.023151878,0.028201275,0.03561748,0.048338935,-0.00026547792,2022-06-10,2022-06-09,-0.0359075344036129,0.035642056479936526,0.035642056479936526,0.0012703561901189853,1,0,0.059497833
r1_qqq,22,2,-0.056471676,-0.040739745,-0.03220837,-0.026123088,-0.02110132,-0.016819526,-0.012934722,-0.009515254,-0.006218364,-0.0032231987,-0.00020143221,0.0029021802,0.005970284,0.008812346,0.011994515,0.015417891,0.019281194,0.02366046,0.028516218,0.035858825,0.048379965,-0.00020143221,2022-06-13,2022-06-09,-0.0476117566990704,0.04741032449007413,0.04741032449007413,0.002247738868254123,1,0,0.060724586
r1_qqq,22,3,-0.056030482,-0.040907495,-0.03288991,-0.027142182,-0.02241026,-0.01827533,-0.014427122,-0.010949768,-0.007590642,-0.004443963,-0.0012508503,0.0019510709,0.0051442375,0.008107467,0.011438313,0.0150308795,0.01899691,0.023521384,0.02848042,0.03601986,0.04849507,-0.0012508503,2022-06-14,2022-06-09,0.0018139240399031,-0.003064774309474047,0.003064774309474047,9.39284156801212e-06,0,1,0.061370328
r1_qqq,22,4,-0.056398056,-0.041316748,-0.03323488,-0.027468763,-0.02257705,-0.018349895,-0.014459599,-0.0109750945,-0.0075787837,-0.00445685,-0.0013167992,0.001841435,0.0049976683,0.007965352,0.011266201,0.014844226,0.01882638,0.023378246,0.028513962,0.036374114,0.049144894,-0.0013167992,2022-06-15,2022-06-09,0.0246648180722919,-0.02598161727243184,0.02598161727243184,0.0006750444360911285,0,1,0.06174884
r1_qqq,22,5,-0.05678553,-0.041586883,-0.03321729,-0.027351694,-0.022344919,-0.018052697,-0.014143239,-0.010605798,-0.0071651773,-0.004046045,-0.0009096236,0.0022688955,0.005463322,0.008416066,0.011709339,0.015160085,0.01890606,0.02315389,0.027927209,0.03512477,0.047941707,-0.0009096236,2022-06-16,2022-06-09,-0.0411828948301896,0.04027327125665541,0.04027327125665541,0.001621936377712147,1,0,0.061144497
r1_qqq,23,1,-0.07079673,-0.05063689,-0.040146694,-0.033089507,-0.027325008,-0.022324957,-0.01775361,-0.01350198,-0.009414537,-0.005685922,-0.0019563758,0.0016890231,0.005298805,0.008699133,0.01253605,0.016528966,0.020918878,0.025827015,0.03138719,0.039520137,0.053249326,-0.0019563758,2022-06-17,2022-06-16,0.0120864175699185,-0.014042793351365195,0.014042793351365195,0.00019720004510914653,0,1,0.07153389
r1_qqq,23,2,-0.06944858,-0.05142333,-0.04192235,-0.03509341,-0.029267019,-0.024136271,-0.019368703,-0.015029398,-0.010780168,-0.0069511114,-0.0031515786,0.0005954343,0.004240724,0.0077191787,0.011671078,0.01591943,0.020767085,0.026348993,0.032473218,0.041618302,0.055861462,-0.0031515786,2022-06-21,2022-06-16,0.024916328809207,-0.028067907405068794,0.028067907405068794,0.0007878074260995157,0,1,0.07439557
r1_qqq,23,3,-0.071666636,-0.0524193,-0.04211876,-0.034801356,-0.028725851,-0.023412453,-0.018478796,-0.014016701,-0.009758032,-0.005840124,-0.0019106923,0.0018828397,0.005674534,0.009293496,0.013378037,0.017658297,0.022218725,0.027211085,0.03236621,0.04021864,0.052824933,-0.0019106923,2022-06-22,2022-06-16,-0.0014595187182,-0.00045117359548601317,0.00045117359548601317,2.0355761326377665e-07,1,1,0.074484974
r1_qqq,23,4,-0.07135662,-0.052865878,-0.04299345,-0.03587566,-0.029777844,-0.024444154,-0.01951699,-0.015120914,-0.010893452,-0.0070362976,-0.0032334134,0.00044601888,0.0041093235,0.00767262,0.011668171,0.01592474,0.020644886,0.025969107,0.031752568,0.040561248,0.05436751,-0.0032334134,2022-06-23,2022-06-16,0.0147828279878874,-0.01801624143271937,0.01801624143271937,0.0003245849553620341,0,1,0.07474601
r1_qqq,23,5,-0.07127695,-0.051891234,-0.04167407,-0.034747258,-0.02879495,-0.02367081,-0.018994797,-0.014705461,-0.01052762,-0.006766228,-0.0030099293,0.0007036639,0.004458662,0.008047098,0.012107369,0.016336778,0.02095774,0.026103713,0.031659372,0.039815556,0.053462926,-0.0030099293,2022-06-24,2022-06-16,0.0336898228092279,-0.036699752130934196,0.036699752130934196,0.001346871806472009,0,0,0.07333344
r1_qqq,24,1,-0.057837456,-0.04064959,-0.032130297,-0.026325539,-0.021573808,-0.017461848,-0.01368521,-0.010197763,-0.006830867,-0.0037270044,-0.00061753794,0.0025194278,0.005669469,0.008647296,0.012034432,0.015596624,0.01956026,0.024025157,0.02903769,0.0360836,0.04763979,-0.00061753794,2022-06-27,2022-06-24,-0.007358760285343,0.006741222346818962,0.006741222346818962,4.5444078729251356e-05,1,1,0.061167985
r1_qqq,24,2,-0.057419483,-0.040316686,-0.03175073,-0.025811758,-0.020925418,-0.016764099,-0.012955268,-0.00956162,-0.0062460946,-0.003225415,-0.00019133039,0.002904474,0.005985469,0.008935797,0.012276614,0.015869547,0.01992147,0.024536826,0.029593004,0.03698542,0.048814747,-0.00019133039,2022-06-28,2022-06-24,-0.0309404994483681,0.030749169062508044,0.030749169062508044,0.0009455113980347018,1,1,0.061343737
r1_qqq,24,3,-0.05853851,-0.040904243,-0.03205062,-0.025919745,-0.020983094,-0.016757254,-0.012893051,-0.00942864,-0.006074719,-0.0029288433,0.00026360477,0.0034370776,0.006621014,0.009636036,0.0130069405,0.016569719,0.020396471,0.02468137,0.029212521,0.03600729,0.047094643,0.00026360477,2022-06-29,2022-06-24,0.0009166467819793,-0.0006530420099349543,0.0006530420099349543,4.2646386673988494e-07,1,1,0.061263144
r1_qqq,24,4,-0.057796672,-0.040941212,-0.03226477,-0.026127325,-0.021035537,-0.016704844,-0.012756512,-0.009237308,-0.0058362405,-0.0027273253,0.00038431812,0.0035015407,0.006652467,0.009643187,0.012961291,0.016483843,0.020316917,0.024613932,0.029282132,0.036303937,0.04779581,0.00038431812,2022-06-30,2022-06-24,-0.0124806150373751,0.0128649331558244,0.0128649331558244,0.00016550650510382996,0,1,0.0615469
r1_qqq,24,5,-0.058134846,-0.04106668,-0.032139383,-0.026064774,-0.021033673,-0.016779773,-0.012919815,-0.009445639,-0.0060683386,-0.0030161908,5.7513418e-05,0.0031547905,0.0062924586,0.009243567,0.012548627,0.016027102,0.019813353,0.02410758,0.028841065,0.035829365,0.047789827,5.7513418e-05,2022-07-01,2022-06-24,0.0065788873264722,-0.006521373908330448,0.006521373908330448,4.252831765225314e-05,1,1,0.060980447
r1_qqq,25,1,-0.054282185,-0.03819676,-0.030105777,-0.024582079,-0.02012343,-0.016334597,-0.012961802,-0.009959501,-0.0071213245,-0.004486682,-0.0018148916,0.00092811463,0.0036487596,0.006162202,0.009020055,0.012085148,0.015612569,0.019746153,0.024540681,0.031497125,0.042831853,-0.0018148916,2022-07-05,2022-07-01,0.0169747470429686,-0.018789638627186148,0.018789638627186148,0.00035305051974024573,0,1,0.05464646
r1_qqq,25,2,-0.055856768,-0.039094836,-0.030554334,-0.024694912,-0.019957857,-0.015969587,-0.012368894,-0.009232842,-0.0062314738,-0.0035153907,-0.0007958269,0.0019769398,0.0047189146,0.0072760927,0.010176657,0.01332019,0.016904052,0.021004746,0.025540212,0.032287084,0.04335074,-0.0007958269,2022-07-06,2022-07-01,0.0063916909516316,-0.007187517849588031,0.007187517849588031,5.166041283814655e-05,0,1,0.056094546
r1_qqq,25,3,-0.055171087,-0.03876621,-0.030472692,-0.024756342,-0.020174563,-0.01625561,-0.012683132,-0.009500912,-0.0064532207,-0.0036296428,-0.00080156827,0.0020314856,0.004855305,0.007476095,0.01043143,0.013621121,0.017149597,0.02121435,0.025702732,0.032536462,0.04384644,-0.00080156827,2022-07-07,2022-07-01,0.0211732520430597,-0.021974820311857993,0.021974820311857993,0.00048289272773844666,0,1,0.056175426
r1_qqq,25,4,-0.054753438,-0.038595363,-0.030251773,-0.024496231,-0.01980204,-0.015871113,-0.012316193,-0.009157765,-0.0061018784,-0.0033180788,-0.00053346425,0.0022823792,0.0051106457,0.007762447,0.010737978,0.013966524,0.01755262,0.02165193,0.02621835,0.03310354,0.044243217,-0.00053346425,2022-07-08,2022-07-01,0.0012532460459683,-0.0017867102942604482,0.0017867102942604482,3.1923336756162573e-06,0,1,0.056470122
r1_qqq,25,5,-0.055294156,-0.039254524,-0.030684197,-0.024856484,-0.020088805,-0.01610177,-0.012518523,-0.009323648,-0.0062442506,-0.003468377,-0.00068182684,0.0021278462,0.0049678367,0.0076151704,0.010613141,0.013806279,0.017298216,0.021273848,0.025694879,0.03222268,0.043343466,-0.00068182684,2022-07-11,2022-07-01,-0.021595887768939,0.02091406092412756,0.02091406092412756,0.0004373979443381194,1,1,0.056379076
r1_qqq,26,1,-0.05105195,-0.035320193,-0.027221516,-0.02168598,-0.017259818,-0.013533992,-0.010225962,-0.0073076673,-0.0045580035,-0.0020412796,0.00050677423,0.0031111736,0.0056966487,0.0081013655,0.010838094,0.013736087,0.017057406,0.020906052,0.025366412,0.031821415,0.042825952,0.00050677423,2022-07-12,2022-07-11,-0.009734741489986,0.010241515721311835,0.010241515721311835,0.00010488864426987747,0,1,0.052587926
r1_qqq,26,2,-0.051239684,-0.03593976,-0.027995598,-0.022427361,-0.017883176,-0.014064652,-0.01061411,-0.0076183537,-0.004752858,-0.0021722324,0.00041908366,0.0030681847,0.0057035945,0.008188761,0.011005932,0.014063512,0.017526317,0.021481423,0.025868153,0.032457,0.04357312,0.00041908366,2022-07-13,2022-07-11,-0.0020632445238822,0.002482328186446135,0.002482328186446135,6.161953225224956e-06,0,1,0.05386375
r1_qqq,26,3,-0.0520046,-0.03650488,-0.028491894,-0.022893276,-0.01839695,-0.014557527,-0.011073492,-0.008005738,-0.005081815,-0.0023789394,0.00034916057,0.0030829823,0.0058198874,0.008387664,0.011281178,0.014410764,0.01785397,0.02179395,0.026132023,0.032767892,0.04395639,0.00034916057,2022-07-14,2022-07-11,0.0035646372210189,-0.0032154766461766557,0.0032154766461766557,1.0339290062107473e-05,1,1,0.054623917
r1_qqq,26,4,-0.051663727,-0.036396272,-0.028381908,-0.022806242,-0.018236369,-0.014380703,-0.010892628,-0.007812189,-0.0048376904,-0.0021235305,0.0005970992,0.0033254821,0.0060523828,0.008608495,0.011458575,0.014530742,0.017925894,0.021773444,0.026088346,0.03269705,0.043911614,0.0005970992,2022-07-15,2022-07-11,0.0179767790587838,-0.017379679867274612,0.017379679867274612,0.0003020532722889505,1,1,0.054470256
r1_qqq,26,5,-0.05229631,-0.036981277,-0.028714424,-0.02305088,-0.018391099,-0.014473413,-0.0109442435,-0.0078064427,-0.004784545,-0.002077224,0.00062835903,0.003338872,0.006056325,0.008598957,0.011464855,0.014535824,0.017896725,0.021718584,0.026031405,0.03247813,0.04382931,0.00062835903,2022-07-18,2022-07-11,-0.0084986988853166,0.009127057919042756,0.009127057919042756,8.330318625756109e-05,0,1,0.05474583
r1_qqq,27,1,-0.051124185,-0.034572385,-0.0264309,-0.021010183,-0.016764795,-0.013229452,-0.010119269,-0.007372921,-0.004788394,-0.0024123124,-1.824196e-05,0.002435024,0.0048911115,0.007189926,0.009828617,0.0126324,0.015839018,0.019547675,0.023848958,0.0300703,0.040754132,-1.824196e-05,2022-07-19,2022-07-18,0.0302898455545097,-0.030308087515297847,0.030308087515297847,0.0009185801688349532,0,0,0.050279856
r1_qqq,27,2,-0.05205226,-0.03574384,-0.027835673,-0.02247203,-0.018168129,-0.014563081,-0.0113022225,-0.008450907,-0.005716908,-0.0032516012,-0.00078185636,0.0017461056,0.0042760936,0.006700973,0.009505993,0.0125670815,0.016094944,0.020194048,0.024787242,0.031668402,0.042779222,-0.00078185636,2022-07-20,2022-07-18,0.0157319749691985,-0.016513831330043766,0.016513831330043766,0.00027270662519713506,0,1,0.052622914
r1_qqq,27,3,-0.05397644,-0.037183918,-0.028814409,-0.023093348,-0.01857812,-0.014786228,-0.011379348,-0.008390115,-0.0055625825,-0.002974402,-0.00038304465,0.002213302,0.004831006,0.007317388,0.010175541,0.013277992,0.016736502,0.020733008,0.025170155,0.031948015,0.043085277,-0.00038304465,2022-07-21,2022-07-18,0.0142532761619883,-0.014636320813232136,0.014636320813232136,0.0002142218869478522,0,1,0.053984564
r1_qqq,27,4,-0.053691424,-0.037291065,-0.028998733,-0.023322137,-0.01873735,-0.014927606,-0.0115070045,-0.008491324,-0.0056018285,-0.002990209,-0.00037515862,0.0022485603,0.0049053454,0.0074732387,0.010403444,0.0136314975,0.017274633,0.02145308,0.026143702,0.03327839,0.044743694,-0.00037515862,2022-07-22,2022-07-18,-0.0176909985561198,0.01731583993698418,0.01731583993698418,0.00029983831272325633,1,1,0.055142432
r1_qqq,27,5,-0.05503966,-0.03825648,-0.029525748,-0.023668112,-0.018937927,-0.015020426,-0.011524404,-0.0084232185,-0.0054473034,-0.002783008,-0.00013138383,0.0025146971,0.0052070827,0.007763189,0.010686999,0.013855878,0.017345823,0.02133609,0.025818812,0.032541692,0.044000335,-0.00013138383,2022-07-25,2022-07-18,-0.0057120842337355,0.0055807004044510404,0.0055807004044510404,3.114421700424001e-05,1,1,0.05534456
r1_qqq,28,1,-0.05070447,-0.03370399,-0.025538944,-0.020123255,-0.015865711,-0.012320259,-0.009204038,-0.0064513213,-0.003863535,-0.0015017648,0.00088186027,0.0033251494,0.005766575,0.008080324,0.010744898,0.013585886,0.016831232,0.020613682,0.02501615,0.031450715,0.042060465,0.00088186027,2022-07-26,2022-07-25,-0.0198442468611613,0.020726107126669596,0.020726107126669596,0.00042957151662618417,0,1,0.050555095
r1_qqq,28,2,-0.051151592,-0.034260664,-0.02607173,-0.0205453,-0.016153697,-0.012517111,-0.009271118,-0.0064612576,-0.0037799543,-0.001371592,0.0010445251,0.0035007643,0.0059593287,0.008300291,0.010971323,0.013857712,0.017114151,0.020851431,0.025039174,0.03141302,0.0418928,0.0010445251,2022-07-27,2022-07-25,0.0413910503484826,-0.04034652528209197,0.04034652528209197,0.0016278421023384864,1,0,0.0511109
r1_qqq,28,3,-0.051675327,-0.034601763,-0.026289478,-0.020687615,-0.016294105,-0.012635706,-0.009376617,-0.0065331473,-0.003849777,-0.0014007125,0.0010661491,0.0035332232,0.006007102,0.008353189,0.011012455,0.013906745,0.017109644,0.020823028,0.02499714,0.031482562,0.042103246,0.0010661491,2022-07-28,2022-07-25,0.0097306417412924,-0.008664492645287736,0.008664492645287736,7.507343280024526e-05,1,1,0.051286615
r1_qqq,28,4,-0.051002696,-0.034379892,-0.026199857,-0.020699102,-0.016313778,-0.0126946615,-0.009451104,-0.0066083074,-0.0038885963,-0.0014293033,0.001043126,0.0035327915,0.0060412046,0.00844371,0.011149577,0.014104213,0.0173934,0.021144833,0.025388863,0.03190835,0.04249761,0.001043126,2022-07-29,2022-07-25,0.0180723999030782,-0.01702927391602528,0.01702927391602528,0.000289996170107019,1,1,0.05158872
r1_qqq,28,5,-0.05168828,-0.034820627,-0.026345043,-0.020762747,-0.016344935,-0.012700347,-0.009457413,-0.0065940036,-0.0038501443,-0.0013814769,0.0010955697,0.0035816994,0.0060920455,0.008473378,0.011182834,0.014108893,0.017309073,0.020948943,0.025063919,0.031299327,0.042019144,0.0010955697,2022-08-01,2022-07-25,-0.0006023022525569,0.0016978719451089897,0.0016978719451089897,2.882769141988184e-06,0,1,0.05140896
r1_qqq,29,1,-0.047166266,-0.030892383,-0.022831516,-0.017499994,-0.013357484,-0.009943614,-0.0069381306,-0.0042833495,-0.001771088,0.00052334106,0.0028309075,0.005187044,0.0075513576,0.00980377,0.012400495,0.015142915,0.018293958,0.021942401,0.026194395,0.03237825,0.042765953,0.0028309075,2022-08-02,2022-08-01,-0.0029859243377438,0.00581683180735914,0.00581683180735914,3.3835532275105004e-05,0,1,0.04902591
r1_qqq,29,2,-0.047975037,-0.03213125,-0.024172485,-0.018779421,-0.014497938,-0.010960857,-0.0077918866,-0.0050436975,-0.0023967975,-1.3350858e-05,0.0023704034,0.004805641,0.0072565665,0.009605217,0.012284386,0.015192148,0.018449929,0.022155149,0.0262623,0.032485582,0.042926174,0.0023704034,2022-08-03,2022-08-01,0.0268681335677434,-0.024497730186678866,0.024497730186678866,0.000600138784299317,1,0,0.050434783
r1_qqq,29,3,-0.04909396,-0.03283365,-0.024641316,-0.019076152,-0.014722494,-0.011112652,-0.00790906,-0.0051157326,-0.0024731292,-5.0655333e-05,0.0023834857,0.004819241,0.0072801644,0.009631106,0.012288902,0.01518648,0.01838121,0.022038074,0.02609613,0.03241584,0.042757977,0.0023834857,2022-08-04,2022-08-01,0.0046655870810814,-0.002282101411811242,0.002282101411811242,5.207986853790865e-06,1,1,0.050737448
r1_qqq,29,4,-0.047866996,-0.03234317,-0.024543937,-0.019237109,-0.014995885,-0.011474196,-0.008306852,-0.0055215163,-0.0028408037,-0.00040658005,0.0020355054,0.0044975807,0.00698991,0.009382641,0.012084877,0.015031698,0.018315528,0.022034613,0.026225422,0.03267319,0.04317166,0.0020355054,2022-08-05,2022-08-01,-0.0082023956497751,0.010237901020943355,0.010237901020943355,0.000104814617314633,0,1,0.05076936
r1_qqq,29,5,-0.048733655,-0.03276052,-0.024645085,-0.019252524,-0.01497683,-0.011427785,-0.008254588,-0.0054446245,-0.0027348374,-0.00029723858,0.0021420282,0.0045868726,0.0070605013,0.00941678,0.012091907,0.014997369,0.018180147,0.021789117,0.02587619,0.03207208,0.042661257,0.0021420282,2022-08-08,2022-08-01,-0.0032375800237071,0.005379608208314725,0.005379608208314725,2.8940184474967166e-05,0,1,0.050521277
r1_qqq,30,1,-0.049803127,-0.032410372,-0.024199858,-0.018828655,-0.014673197,-0.011241971,-0.008251568,-0.0056268624,-0.0031681517,-0.0009399421,0.0012839898,0.003555284,0.0058657406,0.008110751,0.010746925,0.013591008,0.0168626,0.02069288,0.025199784,0.031894643,0.04285516,0.0012839898,2022-08-09,2022-08-08,-0.0113831852370667,0.012667174990640833,0.012667174990640833,0.0001604573222435166,0,1,0.049399644
r1_qqq,30,2,-0.050775632,-0.033458,-0.025185624,-0.019669462,-0.015349795,-0.011805261,-0.008656609,-0.0059369514,-0.0033524148,-0.0010428668,0.0012543099,0.003576899,0.005938671,0.008239287,0.010916756,0.013831893,0.017156426,0.0210122,0.025371198,0.03208218,0.043001283,0.0012543099,2022-08-10,2022-08-08,0.0275286808345294,-0.0262743709344244,0.0262743709344244,0.0006903425679997257,1,0,0.050556824
r1_qqq,30,3,-0.05172206,-0.03403938,-0.02553654,-0.019873781,-0.0155048845,-0.011917883,-0.008750308,-0.0060043167,-0.003432633,-0.0010972592,0.0012413588,0.0035757022,0.0059512695,0.008261448,0.010937759,0.013877377,0.017174343,0.021010391,0.025372462,0.032172177,0.04311265,0.0012413588,2022-08-11,2022-08-08,-0.0056923608402969,0.006933719652263975,0.006933719652263975,4.807646821619166e-05,0,1,0.050909005
r1_qqq,30,4,-0.050936826,-0.033634458,-0.02533021,-0.01981866,-0.015502329,-0.0119793,-0.0088434415,-0.0061070495,-0.003504389,-0.0011615918,0.001181452,0.0035306618,0.0059245713,0.008283493,0.010990619,0.013980011,0.017368231,0.021252133,0.025688441,0.03252875,0.043515783,0.001181452,2022-08-12,2022-08-08,0.0192834600524987,-0.018102008099482477,0.018102008099482477,0.0003276826972337292,1,1,0.05101865
r1_qqq,30,5,-0.051179796,-0.03379645,-0.025273003,-0.019742113,-0.015448413,-0.011936487,-0.008830383,-0.006102458,-0.0034953677,-0.0011602816,0.0011688989,0.003488846,0.005876969,0.008187104,0.010859668,0.013785708,0.017037109,0.020768447,0.025056962,0.031620618,0.042715643,0.0011688989,2022-08-15,2022-08-08,0.0080487483962172,-0.006879849507353576,0.006879849507353576,4.733232924383325e-05,1,1,0.050329965
r1_qqq,31,1,-0.039236188,-0.024826871,-0.018069785,-0.013788526,-0.0105456505,-0.007887772,-0.0055859243,-0.0035402938,-0.0016123782,0.00011931878,0.0018477447,0.0035980246,0.0053916886,0.007156432,0.009245567,0.011496255,0.014067774,0.017080877,0.020658381,0.02624854,0.03595793,0.0018477447,2022-08-16,2022-08-15,-0.0023446120784542,0.00419235676498324,0.00419235676498324,1.757585524490074e-05,0,1,0.038728166
r1_qqq,31,2,-0.04027013,-0.025699412,-0.018777799,-0.01437469,-0.011028058,-0.008304155,-0.0058998615,-0.0038057799,-0.0017967514,-8.629024e-06,0.0017822667,0.003579461,0.005426709,0.0072447355,0.009366657,0.011661547,0.014270606,0.01731702,0.020813225,0.026434252,0.036209796,0.0017822667,2022-08-17,2022-08-15,-0.0114717452682467,0.013254011924183537,0.013254011924183537,0.00017566883208639938,0,1,0.03959102
r1_qqq,31,3,-0.040934615,-0.026253996,-0.01919607,-0.014661462,-0.011243571,-0.008456224,-0.0060059484,-0.0038738647,-0.0018904874,-0.000101371494,0.001689266,0.0034716008,0.005301547,0.0071034413,0.009203585,0.0115146255,0.014122752,0.017201645,0.020796467,0.026568491,0.03657291,0.001689266,2022-08-18,2022-08-15,0.0024020226487374,-0.0007127567009484461,0.0007127567009484461,5.080221147469127e-07,1,1,0.039992537
r1_qqq,31,4,-0.04082906,-0.026265321,-0.019263642,-0.014757447,-0.011359899,-0.00861803,-0.006176517,-0.0040634475,-0.0020673512,-0.00027804886,0.0015113853,0.0033037881,0.005131409,0.006979952,0.009098646,0.011437738,0.014106664,0.01719824,0.020797323,0.026600003,0.036516774,0.0015113853,2022-08-19,2022-08-15,-0.019689503156169,0.021200888471266867,0.021200888471266867,0.0004494776719710963,0,0,0.040060967
r1_qqq,31,5,-0.040965185,-0.026403552,-0.019321335,-0.014862283,-0.011505049,-0.008772272,-0.006370624,-0.0042475117,-0.002232423,-0.00041381392,0.0013965911,0.00319695,0.005049846,0.0068690157,0.008992421,0.011309757,0.013922295,0.016956298,0.020565238,0.02629852,0.036405753,0.0013965911,2022-08-22,2022-08-15,-0.0266798466408457,0.028076437717473073,0.028076437717473073,0.0007882863549031445,0,0,0.03988657
r1_qqq,32,1,-0.052932657,-0.035756145,-0.027206102,-0.021471355,-0.01697365,-0.013225173,-0.009928693,-0.007030974,-0.0043190867,-0.0018307304,0.00066905486,0.003215992,0.005775784,0.008228522,0.011084754,0.014136635,0.017656293,0.021772444,0.02661337,0.03378631,0.045839272,0.00066905486,2022-08-23,2022-08-22,-0.0008273004221576,0.0014963552838037457,0.0014963552838037457,2.2390791353673884e-06,0,1,0.05381947
r1_qqq,32,2,-0.05290609,-0.036113776,-0.027757054,-0.022067863,-0.017545495,-0.013776783,-0.010401361,-0.0074739233,-0.0046893265,-0.0021732114,0.00033928297,0.0028976188,0.005484962,0.007990198,0.010896801,0.014087131,0.017723104,0.021956181,0.0267417,0.034063164,0.04611477,0.00033928297,2022-08-24,2022-08-22,0.0028930087852994,-0.0025537258176835274,0.0025537258176835274,6.521515551903401e-06,1,1,0.054498754
r1_qqq,32,3,-0.05315134,-0.036283653,-0.027915273,-0.022240324,-0.017775528,-0.014023069,-0.010647693,-0.0076864427,-0.004885736,-0.0023095,0.000284948,0.0028802499,0.0055047683,0.008033431,0.010950051,0.014150384,0.017727759,0.021892672,0.026572332,0.0338478,0.04583811,0.000284948,2022-08-25,2022-08-22,0.0175272096107264,-0.017242261602824268,0.017242261602824268,0.0002972955851802281,1,1,0.054487605
r1_qqq,32,4,-0.0529301,-0.0362145,-0.027813796,-0.022144416,-0.017608035,-0.0138414875,-0.010472684,-0.007507394,-0.0046655964,-0.0020928395,0.00048839406,0.00307934,0.0057075424,0.008249243,0.011159084,0.014366384,0.017979495,0.022127816,0.026847595,0.03415522,0.046089057,0.00048839406,2022-08-26,2022-08-22,-0.0418519489767976,0.04234034303324445,0.04234034303324445,0.0017927046481728119,0,0,0.054661393
r1_qqq,32,5,-0.053595826,-0.03673199,-0.02807732,-0.022332925,-0.0177442,-0.013934373,-0.0105386665,-0.0075346613,-0.004652569,-0.002061038,0.0005319668,0.0031259635,0.005772573,0.008309747,0.011229292,0.01441593,0.017941836,0.021985158,0.026580336,0.033585977,0.045692213,0.0005319668,2022-08-29,2022-08-22,-0.0099041260345794,0.010436092832586888,0.010436092832586888,0.00010891203361037141,0,1,0.054657653
r1_qqq,33,1,-0.05432269,-0.03709687,-0.02855968,-0.022757791,-0.018170927,-0.014301665,-0.010876196,-0.007871667,-0.00505204,-0.0024678844,0.00011335904,0.0027451054,0.0053833015,0.007902775,0.010818616,0.0139476145,0.017549375,0.021751335,0.02663374,0.033769216,0.045556348,0.00011335904,2022-08-30,2022-08-29,-0.0111990455718932,0.011312404613172383,0.011312404613172383,0.0001279704981321238,0,1,0.055193417
r1_qqq,33,2,-0.053653505,-0.03700203,-0.028756766,-0.023062866,-0.018474989,-0.014626817,-0.011144886,-0.0081306035,-0.0052501326,-0.0026420613,-4.8440794e-05,0.0026013223,0.0052738525,0.007869224,0.010874281,0.014172951,0.01795259,0.022344822,0.027270092,0.03465642,0.046535876,-4.8440794e-05,2022-08-31,2022-08-29,-0.0058304349011938,0.005781994107431816,0.005781994107431816,3.343145585837625e-05,1,1,0.056026857
r1_qqq,33,3,-0.054481413,-0.037449922,-0.029086,-0.023335628,-0.018772142,-0.01490425,-0.011409426,-0.008337328,-0.0054148356,-0.0027183932,-1.2155448e-05,0.0027050728,0.0054525873,0.008100887,0.011134333,0.014452111,0.018150415,0.022400731,0.027081057,0.03424217,0.045755245,-1.2155448e-05,2022-09-01,2022-08-29,0.000434181362367,-0.0004463368099878985,0.0004463368099878985,1.9921654795017342e-07,0,1,0.05616706
r1_qqq,33,4,-0.054296818,-0.037338115,-0.028937683,-0.023192283,-0.018546982,-0.014674693,-0.011198518,-0.008125516,-0.0051722224,-0.0024966146,0.0001717408,0.0028576183,0.0055764476,0.008198557,0.011189264,0.01447136,0.018163998,0.022374999,0.027107349,0.034350917,0.04597387,0.0001717408,2022-09-02,2022-08-29,-0.0142287400037255,0.01440048080503194,0.01440048080503194,0.00020737384741609336,0,1,0.056045033
r1_qqq,33,5,-0.05513618,-0.0381513,-0.029499972,-0.02370208,-0.019025972,-0.015109945,-0.011591644,-0.008471425,-0.005472827,-0.0027854613,-9.9898316e-05,0.0025917774,0.0053503364,0.007994196,0.011030764,0.014334414,0.017996164,0.022190109,0.026923953,0.034056045,0.046160888,-9.9898316e-05,2022-09-06,2022-08-29,-0.007208572585927,0.007108674269960871,0.007108674269960871,5.0533249876403727e-05,1,1,0.056423925
r1_qqq,34,1,-0.04748563,-0.033299603,-0.026310846,-0.02152259,-0.017682228,-0.014415451,-0.0115141915,-0.008949052,-0.006528012,-0.0043071066,-0.002081735,0.0001584221,0.0024030579,0.0045807734,0.007119487,0.009847961,0.012954844,0.016610438,0.020914609,0.027508168,0.03807959,-0.002081735,2022-09-07,2022-09-06,0.0200000116453966,-0.02208174670501555,0.02208174670501555,0.000487603537544465,0,1,0.047225453
r1_qqq,34,2,-0.047758467,-0.033375278,-0.026414657,-0.021679057,-0.01785208,-0.014616434,-0.011659876,-0.009069439,-0.006572689,-0.0043027196,-0.0020189302,0.00028102094,0.0026010424,0.0048735947,0.007526639,0.0104032885,0.01369807,0.017603038,0.022080917,0.028992852,0.039552182,-0.0020189302,2022-09-08,2022-09-06,0.0051712412833418,-0.0071901714409883365,0.0071901714409883365,5.169856535080429e-05,0,1,0.048495576
r1_qqq,34,3,-0.04809963,-0.033736076,-0.026797624,-0.022050934,-0.018248927,-0.014991002,-0.0120092975,-0.009354294,-0.0068086004,-0.0044629546,-0.0020765483,0.00029418088,0.0026814227,0.0050174734,0.007726455,0.010678026,0.014008006,0.017942179,0.022450954,0.029512452,0.040593915,-0.0020765483,2022-09-09,2022-09-06,0.0216264215868781,-0.023702969878248374,0.023702969878248374,0.0005618307810491498,0,1,0.049248576
r1_qqq,34,4,-0.047741957,-0.033475157,-0.026393477,-0.021563372,-0.017648228,-0.014375574,-0.011415394,-0.008779492,-0.006232093,-0.0039171954,-0.0015753987,0.00076073484,0.0031039708,0.005424951,0.008091335,0.011027622,0.014372547,0.018251153,0.022717439,0.029756336,0.040656537,-0.0015753987,2022-09-12,2022-09-06,0.0118158364557837,-0.013391235180309867,0.013391235180309867,0.00017932517965436865,0,1,0.049110916
r1_qqq,34,5,-0.047969144,-0.03353946,-0.026224786,-0.021364633,-0.01744245,-0.014154334,-0.011201074,-0.008568611,-0.0060188286,-0.0037156546,-0.0013941927,0.0009181913,0.0032709173,0.0055536,0.00819265,0.0110528385,0.014251383,0.01796884,0.022294302,0.029065717,0.040096242,-0.0013941927,2022-09-13,2022-09-06,-0.0563976479112294,0.055003455223062304,0.055003455223062304,0.00302538008647542,1,0,0.04851909
r1_qqq,35,1,-0.058225326,-0.040366933,-0.031191818,-0.02483537,-0.019708527,-0.015417598,-0.011654977,-0.008370007,-0.0053066416,-0.0025424457,0.00022218804,0.0030344296,0.005871075,0.008601067,0.011758057,0.015131723,0.018982554,0.02340509,0.028499372,0.036068752,0.048946086,0.00022218804,2022-09-14,2022-09-13,0.0079017521682926,-0.0076795641260486575,0.0076795641260486575,5.897570516609348e-05,1,1,0.05969119
r1_qqq,35,2,-0.056882955,-0.03924703,-0.030248657,-0.024033088,-0.01903286,-0.01489274,-0.011200583,-0.008020694,-0.0049761278,-0.0022606303,0.00044788758,0.0032146336,0.0059813503,0.008662449,0.01174644,0.015122105,0.018937478,0.023305967,0.0281879,0.035790376,0.048938736,0.00044788758,2022-09-15,2022-09-13,-0.0167938510711174,0.01724173864916521,0.01724173864916521,0.0002972775516461174,0,1,0.058436558
r1_qqq,35,3,-0.056848895,-0.03890149,-0.029790092,-0.023581859,-0.018674998,-0.014570253,-0.01091148,-0.007733897,-0.004747725,-0.0020130018,0.0007242657,0.0034570943,0.0061897393,0.00881617,0.0118102785,0.015069042,0.018679954,0.022835676,0.027431438,0.03471288,0.047102585,0.0007242657,2022-09-16,2022-09-13,-0.0061334806328971,0.0068577463340345835,0.0068577463340345835,4.7028684781964766e-05,0,1,0.057221532
r1_qqq,35,4,-0.054750636,-0.037810076,-0.02928377,-0.023461364,-0.018721454,-0.014756546,-0.011185867,-0.008056094,-0.0050573666,-0.002338896,0.0003633525,0.0030711568,0.005795603,0.008425893,0.011426929,0.014727346,0.018465094,0.022785561,0.027717065,0.035464864,0.04822735,0.0003633525,2022-09-19,2022-09-13,0.0077570932015004,-0.007393740696708708,0.007393740696708708,5.4667401490166576e-05,1,1,0.057000834
r1_qqq,35,5,-0.05474986,-0.037432224,-0.02844065,-0.022460936,-0.017673725,-0.013708397,-0.010184659,-0.0070820167,-0.0041071945,-0.0014519349,0.0012053205,0.003852093,0.0065240692,0.009059297,0.0119477,0.015083291,0.018539904,0.022494964,0.026983015,0.033954218,0.04635448,0.0012053205,2022-09-20,2022-09-13,-0.0080030220400149,0.009208342510049976,0.009208342510049976,8.479357178239349e-05,0,1,0.055423666
r1_qqq,36,1,-0.047397885,-0.031142492,-0.023436941,-0.018384408,-0.014512045,-0.011270628,-0.00843133,-0.005940706,-0.003609795,-0.0014923807,0.00059408584,0.0027252866,0.0049121194,0.0070269676,0.009510923,0.012194002,0.015287184,0.018889476,0.02307102,0.029231336,0.039381415,0.00059408584,2022-09-21,2022-09-20,-0.0180682902360061,0.01866237607511746,0.01866237607511746,0.00034828428076911654,0,1,0.046507962
r1_qqq,36,2,-0.048577167,-0.031923823,-0.024021372,-0.018833298,-0.01481979,-0.011516154,-0.008556329,-0.0059983367,-0.0035709173,-0.0013910271,0.00074568,0.0029266737,0.005146274,0.007328121,0.00987501,0.012643468,0.015800424,0.019427292,0.023510795,0.029664721,0.03974471,0.00074568,2022-09-22,2022-09-20,-0.0123842097522109,0.013129889760760143,0.013129889760760143,0.00017239400512971404,0,1,0.047532167
r1_qqq,36,3,-0.049005713,-0.032280475,-0.024310745,-0.0190446,-0.015007118,-0.011655475,-0.008668124,-0.006061974,-0.0036181326,-0.0013956837,0.0008018325,0.0029967346,0.0052551343,0.0074735116,0.010053566,0.012883071,0.016072128,0.019750196,0.023906142,0.030286152,0.040711142,0.0008018325,2022-09-23,2022-09-20,-0.0164155072540443,0.017217339727415477,0.017217339727415477,0.00029643678728923925,0,1,0.048216887
r1_qqq,36,4,-0.04803517,-0.031743612,-0.02400368,-0.018888623,-0.014897497,-0.011605793,-0.008653021,-0.006048632,-0.0035591372,-0.0013228229,0.0008829458,0.0031031189,0.005387208,0.007644442,0.010262723,0.013149685,0.016421992,0.02014681,0.024357408,0.030798107,0.041189343,0.0008829458,2022-09-26,2022-09-20,-0.0041464718652499,0.005029417645426569,0.005029417645426569,2.5295041852128138e-05,0,1,0.04836109
r1_qqq,36,5,-0.048571557,-0.03205609,-0.024039663,-0.018871795,-0.01486742,-0.0115450565,-0.008572052,-0.005937243,-0.0034124944,-0.0011576811,0.0010623784,0.0032750962,0.0055764974,0.007812621,0.01042493,0.013289909,0.01647798,0.020110343,0.024237428,0.03045325,0.04104858,0.0010623784,2022-09-27,2022-09-20,0.0004008534455465,0.0006615249581841906,0.0006615249581841906,4.3761527030059507e-07,1,1,0.04827709
r1_qqq,37,1,-0.0441359,-0.030107804,-0.023428956,-0.018910239,-0.0153115215,-0.012247458,-0.00952864,-0.0071098143,-0.004822578,-0.0027298487,-0.0006384272,0.0014889492,0.0036498867,0.005736534,0.008176874,0.010804828,0.013808575,0.01730014,0.021345815,0.02739148,0.037234902,-0.0006384272,2022-09-28,2022-09-27,0.0196969115668367,-0.02033533877967106,0.02033533877967106,0.0004135260032839936,0,1,0.04477477
r1_qqq,37,2,-0.044409785,-0.030307518,-0.023654047,-0.019173784,-0.015578228,-0.012540012,-0.009773391,-0.0073430464,-0.0050044814,-0.0028799814,-0.00075783976,0.0014043436,0.003598453,0.0057479544,0.0082678925,0.011006523,0.01414636,0.017806137,0.02193961,0.028203955,0.03797481,-0.00075783976,2022-09-29,2022-09-27,-0.0292512173546546,0.02849337759111755,0.02849337759111755,0.0008118725665499998,1,0,0.045593657
r1_qqq,37,3,-0.04487899,-0.030637411,-0.023810722,-0.019191643,-0.015527196,-0.012414994,-0.009590624,-0.0070927236,-0.0047172285,-0.0025379125,-0.00034505897,0.0018491523,0.0040833917,0.0062623797,0.0087928,0.011540837,0.014626149,0.018203275,0.02224114,0.02846366,0.038478896,-0.00034505897,2022-09-30,2022-09-27,-0.0171020430867093,0.016756984114693323,0.016756984114693323,0.00028079651662008437,1,1,0.04605186
r1_qqq,37,4,-0.044242177,-0.030295625,-0.023533892,-0.018951694,-0.015272845,-0.0121953925,-0.009402746,-0.006917211,-0.0045151506,-0.0023331044,-0.00015039353,0.0020445539,0.004269822,0.0064751147,0.009013013,0.011798685,0.014956164,0.01856372,0.022655396,0.028963236,0.038959887,-0.00015039353,2022-10-03,2022-09-27,0.0231892990037289,-0.023339692538297038,0.023339692538297038,0.0005447412477822384,0,0,0.046189286
r1_qqq,37,5,-0.04462216,-0.030454671,-0.023439603,-0.018791795,-0.015092449,-0.011988719,-0.009200657,-0.00670188,-0.0042836475,-0.0020971822,8.669744e-05,0.0022700417,0.0045183795,0.0066978387,0.009229718,0.011978851,0.015034616,0.01853726,0.022521254,0.028552733,0.03861641,8.669744e-05,2022-10-04,2022-09-27,0.0309567400906944,-0.030870042653767048,0.030870042653767048,0.0009529595334453969,1,0,0.04596086
r1_qqq,38,1,-0.046858966,-0.032390114,-0.024935363,-0.019945815,-0.016007813,-0.012669327,-0.009695123,-0.007033843,-0.004491533,-0.0021469719,0.0002478271,0.002708741,0.005172349,0.007507775,0.01018188,0.013029296,0.016262949,0.019987196,0.024236914,0.030433703,0.040523678,0.0002478271,2022-10-05,2022-10-04,-0.0005317811278832,0.0007796082186718326,0.0007796082186718326,6.077889746206679e-07,0,1,0.049172275
r1_qqq,38,2,-0.046163224,-0.03194129,-0.024678666,-0.019777015,-0.015858486,-0.012556861,-0.009554967,-0.006911723,-0.004350555,-0.0020094237,0.00036251137,0.0027998742,0.005240794,0.007580407,0.010261306,0.013167166,0.01646724,0.020246161,0.024458617,0.030776186,0.040733263,0.00036251137,2022-10-06,2022-10-04,-0.007904162983195,0.008266674358182662,0.008266674358182662,6.833790494423473e-05,0,1,0.049137283
r1_qqq,38,3,-0.046693794,-0.03217911,-0.024686577,-0.019653006,-0.015691997,-0.01233707,-0.009297034,-0.0066000056,-0.004017291,-0.0016150428,0.00083176175,0.0032937652,0.0057671345,0.00811931,0.010773424,0.013635524,0.016794737,0.020409856,0.024410823,0.030489191,0.040306173,0.00083176175,2022-10-07,2022-10-04,-0.0388490812715104,0.039680843018177724,0.039680843018177724,0.0015745693026332638,0,0,0.0490974
r1_qqq,38,4,-0.04502224,-0.031171348,-0.023974124,-0.019125057,-0.0152318105,-0.011952873,-0.008959382,-0.006292672,-0.003693184,-0.0013027134,0.0011143872,0.003558123,0.006001345,0.008323742,0.010918978,0.0137127675,0.016804377,0.020298064,0.024223244,0.03019918,0.03997307,0.0011143872,2022-10-10,2022-10-04,-0.0100465207347736,0.011160907916361117,0.011160907916361117,0.00012456586551749224,0,1,0.048197366
r1_qqq,38,5,-0.044547096,-0.030701831,-0.02345113,-0.018658115,-0.014821928,-0.011589083,-0.008667299,-0.006042837,-0.003487406,-0.0011561234,0.001208976,0.0035995627,0.0060034576,0.008274324,0.010848168,0.013605551,0.016618447,0.020045692,0.023893543,0.029604154,0.039246816,0.001208976,2022-10-11,2022-10-04,-0.0138332736073372,0.015042249634892963,0.015042249634892963,0.0002262692740784375,0,1,0.047344673
r1_qqq,39,1,-0.047297716,-0.033668518,-0.026506737,-0.021447744,-0.017362354,-0.013862883,-0.010734628,-0.007965574,-0.005351234,-0.0029433847,-0.0005252695,0.0019478893,0.004440333,0.0068266625,0.009598303,0.012583634,0.016023548,0.020043105,0.024690842,0.0315071,0.042225726,-0.0005252695,2022-10-12,2022-10-11,-0.0003428078850866,-0.00018246159766384558,0.00018246159766384558,3.3292234622043056e-08,1,1,0.05119758
r1_qqq,39,2,-0.04719578,-0.03369971,-0.026600603,-0.02156381,-0.017464623,-0.013980066,-0.010798954,-0.008021306,-0.0053547067,-0.0029247145,-0.0004933523,0.0019890133,0.0045055426,0.006945426,0.009777266,0.012871487,0.016423747,0.020554136,0.025201995,0.032159436,0.042902257,-0.0004933523,2022-10-13,2022-10-11,0.0231817686865472,-0.02367512098796598,0.02367512098796598,0.0005605113537948273,0,1,0.051802598
r1_qqq,39,3,-0.047494356,-0.03380797,-0.026622098,-0.021549901,-0.017481495,-0.014007675,-0.0108326785,-0.00802397,-0.0053388495,-0.0028500413,-0.00034622825,0.0021741956,0.004736497,0.0072020176,0.010037173,0.01313126,0.016600326,0.020626405,0.025128158,0.032000147,0.04273939,-0.00034622825,2022-10-14,2022-10-11,-0.0305185100923809,0.030172281844872494,0.030172281844872494,0.0009103665917264223,1,0,0.051750258
r1_qqq,39,4,-0.046858054,-0.033345487,-0.026284132,-0.021330211,-0.017268231,-0.0138288075,-0.0107029695,-0.007910672,-0.005192858,-0.0027108472,-0.00021799271,0.0023033242,0.004858153,0.007339542,0.010180456,0.013299175,0.01683807,0.02088541,0.025457727,0.0324148,0.043091215,-0.00021799271,2022-10-17,2022-10-11,0.0324879599623965,-0.03270595267292819,0.03270595267292819,0.0010696793402438186,0,0,0.05174186
r1_qqq,39,5,-0.047604676,-0.033861894,-0.026524879,-0.021469615,-0.01735453,-0.013866519,-0.010708693,-0.007887156,-0.005147463,-0.0026658652,-0.00017773124,0.0023315584,0.004898893,0.0073681427,0.010210741,0.013307429,0.016755953,0.020722723,0.025204469,0.03187695,0.042764265,-0.00017773124,2022-10-18,2022-10-11,0.007877070093203,-0.008054801335932352,0.008054801335932352,6.48798245613376e-05,0,1,0.051729348
r1_qqq,40,1,-0.05601356,-0.038589112,-0.029803043,-0.023867365,-0.019177495,-0.015210368,-0.011683869,-0.008524806,-0.005527862,-0.0028078198,-8.214786e-05,0.0026808626,0.0054936833,0.008224264,0.011413898,0.014871927,0.018836165,0.023423009,0.028710173,0.036587633,0.049911115,-8.214786e-05,2022-10-19,2022-10-18,-0.0036537124957506,0.003571564635083863,0.003571564635083863,1.2756073942581726e-05,1,1,0.058513217
r1_qqq,40,2,-0.053735066,-0.037249714,-0.029069226,-0.023495568,-0.01902225,-0.015244199,-0.011822357,-0.008809205,-0.005904043,-0.0032766208,-0.0006309078,0.0020774894,0.0048563774,0.007582433,0.010798928,0.014382387,0.018571302,0.02349855,0.029058252,0.037515298,0.051090028,-0.0006309078,2022-10-20,2022-10-18,-0.005114854470836,0.004483946698261426,0.004483946698261426,2.0105777992849544e-05,1,1,0.058127478
r1_qqq,40,3,-0.05505735,-0.03803407,-0.029494027,-0.023693869,-0.019126123,-0.015259666,-0.011764487,-0.00868211,-0.0057422956,-0.003019324,-0.00025628542,0.0025188702,0.005363653,0.008126517,0.01135079,0.014902927,0.018910237,0.023555156,0.028699609,0.036594618,0.04945147,-0.00025628542,2022-10-21,2022-10-18,0.0231771323007943,-0.02343341772141325,0.02343341772141325,0.0005491250661062445,0,1,0.058193635
r1_qqq,40,4,-0.053961195,-0.037168734,-0.028789511,-0.023107102,-0.01855653,-0.0147375865,-0.011285952,-0.008239312,-0.0052960166,-0.0025982566,0.00011336933,0.0028341084,0.0055907406,0.008299691,0.011403881,0.014840136,0.018776007,0.023327395,0.028510062,0.036549535,0.049785633,0.00011336933,2022-10-24,2022-10-18,0.0109413627675272,-0.010827993438043951,0.010827993438043951,0.00011724544189432287,1,1,0.057299573
r1_qqq,40,5,-0.054340348,-0.03734045,-0.028752536,-0.023074402,-0.018516092,-0.014697312,-0.011283335,-0.0082345735,-0.0052828696,-0.0026064303,7.635731e-05,0.0027798158,0.005543115,0.008216692,0.011307905,0.01469992,0.018553223,0.023059841,0.028233072,0.036105387,0.04950001,7.635731e-05,2022-10-25,2022-10-18,0.0204747341485123,-0.02039837683688494,0.02039837683688494,0.000416093777579564,1,1,0.05698561
r1_qqq,41,1,-0.045598075,-0.03056369,-0.023351682,-0.018548965,-0.014765612,-0.011579008,-0.008756575,-0.006236258,-0.0038412712,-0.0016517113,0.000559958,0.0028203612,0.0050932486,0.0072682207,0.009786646,0.012479527,0.015536189,0.01908323,0.02319192,0.029227331,0.039071344,0.000559958,2022-10-26,2022-10-25,-0.0223440421710303,0.02290400016005616,0.02290400016005616,0.0005245932233318526,0,1,0.046543602
r1_qqq,41,2,-0.046221405,-0.03096134,-0.023589998,-0.018681556,-0.014789127,-0.011548526,-0.008632906,-0.006079686,-0.0036252525,-0.0014113472,0.0008154699,0.0030690127,0.005332956,0.007509581,0.010003421,0.012689738,0.01572118,0.01919719,0.023096915,0.029037608,0.038654987,0.0008154699,2022-10-27,2022-10-25,-0.0183740417187532,0.019189511606792133,0.019189511606792133,0.00036823735570721,0,1,0.046686914
r1_qqq,41,3,-0.046071608,-0.0308242,-0.023527408,-0.018655637,-0.01484875,-0.011652229,-0.008777386,-0.006234824,-0.0038170784,-0.0015950608,0.0006522733,0.002903948,0.005179282,0.0073721153,0.009875634,0.0125995595,0.015633708,0.019141756,0.023096172,0.029123014,0.038783543,0.0006522733,2022-10-28,2022-10-25,0.0301420819730463,-0.029489808671079813,0.029489808671079813,0.0008696488154568941,1,0,0.04662358
r1_qqq,41,4,-0.04500011,-0.030333377,-0.02319261,-0.01839479,-0.014599322,-0.011442756,-0.0085770665,-0.0060387882,-0.003591244,-0.0013631694,0.0008775155,0.003134207,0.0054069613,0.0076093627,0.010100045,0.012813644,0.015845625,0.019292722,0.023193909,0.029142188,0.038660627,0.0008775155,2022-10-31,2022-10-25,-0.0116960489044551,0.01257356437552983,0.01257356437552983,0.00015809452110559285,0,1,0.046386518
r1_qqq,41,5,-0.044954978,-0.03029524,-0.022972202,-0.018161334,-0.014380546,-0.011238987,-0.008423752,-0.005909158,-0.0034804163,-0.0012779171,0.00093879394,0.0031612848,0.0054109707,0.0075608185,0.010018436,0.0126676,0.0155802015,0.018887842,0.022648735,0.028276645,0.037712898,0.00093879394,2022-11-01,2022-10-25,-0.0102703591731032,0.011209153108450548,0.011209153108450548,0.0001256451134086866,0,1,0.045620937
r1_qqq,42,1,-0.046841733,-0.032499045,-0.025063943,-0.019961262,-0.015905928,-0.012475301,-0.009426991,-0.006720011,-0.0041523627,-0.0017947806,0.00059837435,0.0030661314,0.0055478574,0.007903783,0.010620165,0.013527874,0.01685793,0.020737706,0.025238946,0.031762328,0.04220192,0.00059837435,2022-11-02,2022-11-01,-0.0348785160885288,0.03547689043526562,0.03547689043526562,0.0012586097549558413,0,0,0.05030289
r1_qqq,42,2,-0.047369905,-0.03337687,-0.026063144,-0.020939352,-0.016774137,-0.013261632,-0.010068528,-0.007274646,-0.004584345,-0.0021457581,0.00030558178,0.0028203712,0.0053562806,0.0077917986,0.010591854,0.013645305,0.017127657,0.02114889,0.025635947,0.032367155,0.042964797,0.00030558178,2022-11-03,2022-11-01,-0.0197278218585731,0.020033403638257972,0.020033403638257972,0.00040133726133336774,0,1,0.05169909
r1_qqq,42,3,-0.048037965,-0.03384007,-0.026365472,-0.02113479,-0.016973356,-0.013437584,-0.010230458,-0.007400814,-0.004700474,-0.0022069064,0.00031462216,0.0028600572,0.0054398812,0.00791036,0.01072776,0.013795658,0.017220398,0.021173852,0.025581203,0.03225743,0.042736795,0.00031462216,2022-11-04,2022-11-01,0.0159569279410219,-0.015642305784001404,0.015642305784001404,0.00024468173024020377,1,1,0.051946677
r1_qqq,42,4,-0.047492918,-0.033541903,-0.026160192,-0.021016669,-0.01684139,-0.013330421,-0.010140958,-0.007311452,-0.004565463,-0.0020651731,0.00045390014,0.0030030122,0.0055788825,0.008066085,0.010875853,0.013943352,0.017378934,0.021293972,0.025700191,0.03236819,0.04274837,0.00045390014,2022-11-07,2022-11-01,0.0109346123015244,-0.010480712163142532,0.010480712163142532,0.00010984532744664382,1,1,0.051860385
r1_qqq,42,5,-0.047851525,-0.03396111,-0.026394257,-0.021191582,-0.01695227,-0.013387684,-0.010182209,-0.0073159807,-0.0045397566,-0.0020299563,0.0004815134,0.0030117247,0.005584687,0.008030758,0.010818132,0.013828932,0.01714758,0.02092376,0.025198517,0.031553157,0.042042665,0.0004815134,2022-11-08,2022-11-01,0.0072605502087353,-0.00677903682167737,0.00677903682167737,4.5955340229657615e-05,1,1,0.051592775
r1_qqq,43,1,-0.046773672,-0.03337922,-0.026176956,-0.021113236,-0.017029483,-0.013527548,-0.010380807,-0.0075780554,-0.0049079047,-0.0024522846,2.5718196e-05,0.0025615804,0.005129255,0.007589899,0.010435921,0.01347794,0.016948557,0.02094374,0.02548031,0.031896506,0.041881267,2.5718196e-05,2022-11-09,2022-11-08,-0.023346595266923,0.023372313463334616,0.023372313463334616,0.0005462650366283725,0,1,0.051657267
r1_qqq,43,2,-0.04655189,-0.033584144,-0.0266353,-0.02167432,-0.017579237,-0.014080262,-0.010862546,-0.0080287885,-0.0052855457,-0.0027921614,-0.00029626436,0.002257967,0.0048475643,0.007368727,0.01029037,0.013488707,0.017148457,0.02135353,0.025981193,0.03270415,0.042739104,-0.00029626436,2022-11-10,2022-11-08,0.0711929997477418,-0.07148926411072894,0.07148926411072894,0.005110714883093556,0,0,0.052616492
r1_qqq,43,3,-0.047618873,-0.034242753,-0.02699775,-0.021836443,-0.01768295,-0.014114188,-0.010849741,-0.007956798,-0.005178293,-0.0026056645,-1.60667e-05,0.00258554,0.0052355356,0.0077922884,0.010726653,0.013915353,0.017445639,0.021434024,0.025745539,0.032112442,0.04168735,-1.60667e-05,2022-11-11,2022-11-08,0.0182584576680964,-0.018274524368578442,0.018274524368578442,0.0003339582408977673,0,1,0.05274329
r1_qqq,43,4,-0.04701797,-0.03395466,-0.026843086,-0.021790942,-0.017616741,-0.014064233,-0.010820755,-0.007916649,-0.0050923065,-0.0025214525,4.5834873e-05,0.0026284833,0.0052551515,0.007820631,0.010760587,0.013981054,0.01760257,0.021681413,0.02617487,0.032845892,0.04275927,4.5834873e-05,2022-11-14,2022-11-08,-0.0087896716733245,0.008835506546487175,0.008835506546487175,7.806617593301773e-05,0,1,0.053017955
r1_qqq,43,5,-0.04825235,-0.034916725,-0.027452974,-0.022254815,-0.017960072,-0.014310279,-0.010999495,-0.008020668,-0.0051230923,-0.0025117472,8.233126e-05,0.0026837587,0.0053470614,0.007910879,0.010855162,0.0140505675,0.017581457,0.021569481,0.025999129,0.032449484,0.042693198,8.233126e-05,2022-11-15,2022-11-08,0.0137435381227701,-0.01366120686431574,0.01366120686431574,0.00018662857298962747,1,1,0.053452104
r1_qqq,44,1,-0.051967688,-0.036234885,-0.0281863,-0.02262329,-0.018104766,-0.014273169,-0.010869973,-0.007850707,-0.004986499,-0.0023619863,0.00032172777,0.003075576,0.0058369064,0.00847931,0.011545046,0.014856691,0.018671095,0.02314365,0.028371591,0.036134154,0.049276624,0.00032172777,2022-11-16,2022-11-15,-0.01374353812277,0.014065265892685015,0.014065265892685015,0.0001978317046319284,0,1,0.056557894
r1_qqq,44,2,-0.051247567,-0.036008906,-0.028207984,-0.022724785,-0.018220251,-0.014404462,-0.010954686,-0.007935466,-0.0050271302,-0.0023866214,0.0002896588,0.0030320315,0.005792456,0.008459321,0.01155173,0.014953799,0.018867176,0.023429472,0.028601969,0.03653203,0.049839627,0.0002896588,2022-11-17,2022-11-15,-0.0022094332073834,0.0024990920194909185,0.0024990920194909185,6.245460921883198e-06,0,1,0.056809954
r1_qqq,44,3,-0.051902022,-0.036271192,-0.028269228,-0.022686621,-0.018198434,-0.014372987,-0.010913769,-0.007855481,-0.0049404893,-0.0022388038,0.0005194094,0.0033023912,0.0061050095,0.008792627,0.011874474,0.01524961,0.019013897,0.023383593,0.028266508,0.035904285,0.048751753,0.0005194094,2022-11-18,2022-11-15,3.4852794622352704e-05,0.00048455663186562956,0.00048455663186562956,2.3479512948496326e-07,1,1,0.056535736
r1_qqq,44,4,-0.051128384,-0.035838176,-0.027924312,-0.022428598,-0.017931059,-0.014146991,-0.010716957,-0.007687337,-0.004757644,-0.002072564,0.00064473326,0.0033887785,0.0061527323,0.008817306,0.011843965,0.01517091,0.018925468,0.02323456,0.02814648,0.035799786,0.048745677,0.00064473326,2022-11-21,2022-11-15,-0.0103403721975027,0.010985105453697441,0.010985105453697441,0.00012067254182885325,0,1,0.05607079
r1_qqq,44,5,-0.05152646,-0.036184683,-0.02811597,-0.022593748,-0.018055107,-0.014237468,-0.01081108,-0.0077549657,-0.0048019295,-0.0021279012,0.0005736017,0.0032937275,0.006052503,0.008685852,0.011715593,0.015017777,0.018712422,0.022987066,0.027885303,0.03534077,0.048409168,0.0005736017,2022-11-22,2022-11-15,0.0143000820357924,-0.013726480345671406,0.013726480345671406,0.0001884162626801034,1,1,0.056001272
r1_qqq,45,1,-0.045381386,-0.031003324,-0.023886725,-0.01904124,-0.015180026,-0.011908093,-0.00901899,-0.006448589,-0.004013063,-0.0017943273,0.00044827626,0.0027449615,0.005070393,0.0073153055,0.009940039,0.012780839,0.016032165,0.019834062,0.024289774,0.030912776,0.041788578,0.00044827626,2022-11-23,2022-11-22,0.0099868096569733,-0.009538533397269738,0.009538533397269738,9.098361937083017e-05,1,1,0.048176497
r1_qqq,45,2,-0.04603317,-0.031414155,-0.024153566,-0.019190436,-0.015218005,-0.011897588,-0.008911897,-0.0063040317,-0.0038023812,-0.0015501122,0.00071410916,0.0030120895,0.0053361338,0.0075942753,0.010210366,0.013037879,0.01626017,0.019986294,0.024211286,0.030672325,0.041176885,0.00071410916,2022-11-25,2022-11-22,-0.0066002495634748,0.007314358726274814,0.007314358726274814,5.3499843576632515e-05,0,1,0.04836485
r1_qqq,45,3,-0.046359655,-0.031629667,-0.02431688,-0.019332523,-0.015407397,-0.012102499,-0.009129027,-0.0065105753,-0.004030579,-0.0017571887,0.000544286,0.0028554436,0.0051996065,0.0074806735,0.010117012,0.012996811,0.016228592,0.01998206,0.02425168,0.0308182,0.04141489,0.000544286,2022-11-28,2022-11-22,-0.0147820188776993,0.015326304861477836,0.015326304861477836,0.00023489562070695916,0,1,0.04856856
r1_qqq,45,4,-0.04602133,-0.03145962,-0.0242083,-0.019275326,-0.015336793,-0.012065611,-0.009105781,-0.0064924425,-0.003976212,-0.0016869658,0.00061553606,0.0029351306,0.0052839513,0.0076007494,0.010250982,0.013168183,0.01647467,0.020259261,0.024583478,0.031207025,0.0417962,0.00061553606,2022-11-29,2022-11-22,-0.0075982559608747,0.008213792021524603,0.008213792021524603,6.746637937286122e-05,0,1,0.048791777
r1_qqq,45,5,-0.046402156,-0.031728446,-0.024288015,-0.019322816,-0.015380029,-0.012090341,-0.0091444915,-0.006515753,-0.00397795,-0.0016810265,0.00062807335,0.0029396247,0.005304821,0.0075916965,0.010243382,0.013134927,0.016364817,0.020077214,0.024342611,0.030766195,0.041546974,0.00062807335,2022-11-30,2022-11-22,0.0445771185399161,-0.043949045189389704,0.043949045189389704,0.0019315185730590183,1,0,0.048630625
r1_qqq,46,1,-0.049673427,-0.033319123,-0.025515199,-0.020338515,-0.016245114,-0.012807886,-0.009780066,-0.007093702,-0.0045528617,-0.0022385225,0.00010306792,0.002494914,0.004914392,0.007267908,0.010020782,0.013005803,0.016419422,0.020432174,0.025173843,0.032419864,0.04498104,0.00010306792,2022-12-01,2022-11-30,0.0012265523393986,-0.0011234844198448769,0.0011234844198448769,1.2622172416341796e-06,1,1,0.05068904
r1_qqq,46,2,-0.04980072,-0.03338169,-0.025479708,-0.020220645,-0.016046291,-0.012579376,-0.009474543,-0.006764703,-0.0041641537,-0.0018222219,0.0005406989,0.002930876,0.005349984,0.0077261687,0.010488288,0.013484297,0.016895551,0.02086975,0.025396587,0.032544985,0.044729527,0.0005406989,2022-12-02,2022-11-30,-0.0039914346199452,0.004532133498412283,0.004532133498412283,2.0540234047430755e-05,0,1,0.050876297
r1_qqq,46,3,-0.049420584,-0.03310637,-0.0253324,-0.020179892,-0.016150344,-0.01276732,-0.009714472,-0.007026177,-0.004469909,-0.0021182199,0.00027220364,0.002672638,0.005107241,0.007503954,0.010288893,0.01334055,0.016775556,0.020802638,0.025401521,0.032622535,0.044764243,0.00027220364,2022-12-05,2022-11-30,-0.016925727532847,0.01719793117711894,0.01719793117711894,0.0002957688367729197,0,1,0.050733924
r1_qqq,46,4,-0.048698176,-0.032861654,-0.02522692,-0.02010896,-0.016038112,-0.012659988,-0.009599786,-0.006897949,-0.004299609,-0.001934938,0.0004442117,0.0028339478,0.0052462122,0.0076348074,0.010386939,0.013432064,0.01690082,0.020927971,0.025567235,0.032847967,0.044967983,0.0004442117,2022-12-06,2022-11-30,-0.0209381938320678,0.021382405538121266,0.021382405538121266,0.00045720726659667903,0,1,0.050794154
r1_qqq,46,5,-0.04900674,-0.03305004,-0.025108809,-0.019908318,-0.015823388,-0.012433171,-0.009412619,-0.0067288117,-0.0041379416,-0.0017963292,0.0005741708,0.002939379,0.0053617973,0.0077173705,0.010449943,0.013430643,0.01676831,0.02063551,0.025076455,0.03193245,0.043971006,0.0005741708,2022-12-07,2022-11-30,-0.0040908468304449,0.004665017616866646,0.004665017616866646,2.176238936567616e-05,0,1,0.050185263
r1_qqq,47,1,-0.04455924,-0.031001396,-0.024102947,-0.01937014,-0.01557239,-0.012340216,-0.009469687,-0.0069084736,-0.004481599,-0.0022604861,-1.5087338e-05,0.002278178,0.0046043284,0.0068622655,0.009512226,0.012383441,0.0156871,0.01958485,0.024218496,0.031405486,0.043762203,-1.5087338e-05,2022-12-08,2022-12-07,0.0117650738885997,-0.01178016122699698,0.01178016122699698,0.00013877219853404297,0,1,0.04832144
r1_qqq,47,2,-0.04565073,-0.031919472,-0.024890408,-0.020034637,-0.016118253,-0.012825129,-0.009841586,-0.0072260555,-0.0047055916,-0.0024271877,-0.00012464196,0.0022047153,0.004579919,0.006905475,0.009622782,0.012583562,0.015990779,0.020008422,0.02463327,0.031963877,0.044302538,-0.00012464196,2022-12-09,2022-12-07,-0.0063970690060444,0.006272427049981413,0.006272427049981413,3.934334109733853e-05,1,1,0.049523678
r1_qqq,47,3,-0.045998923,-0.032183178,-0.02508571,-0.020194896,-0.016301578,-0.012993201,-0.009986039,-0.0073284255,-0.004799665,-0.0024705473,-9.822807e-05,0.0022766967,0.004693659,0.007054192,0.009799601,0.012810623,0.01622081,0.0202398,0.024875114,0.03226719,0.04474203,-9.822807e-05,2022-12-12,2022-12-07,0.0124734717374951,-0.01257169980645919,0.01257169980645919,0.00015804763602372604,0,1,0.049960822
r1_qqq,47,4,-0.045686457,-0.0320302,-0.024962159,-0.020097837,-0.016161717,-0.012860997,-0.00986689,-0.007212779,-0.0046513444,-0.002317085,4.2939428e-05,0.0024151406,0.004817085,0.0072059515,0.0099564325,0.01299913,0.016492078,0.020546492,0.025253024,0.032747336,0.045216452,4.2939428e-05,2022-12-13,2022-12-07,0.0106926936680402,-0.010649754240382215,0.010649754240382215,0.00011341726538053897,1,1,0.050215185
r1_qqq,47,5,-0.04622678,-0.032315757,-0.025046144,-0.02014491,-0.01619715,-0.012877242,-0.009895626,-0.007234928,-0.0046590935,-0.00232141,3.6881545e-05,0.002403697,0.004833134,0.007200731,0.009958343,0.0129686445,0.016382623,0.020362796,0.025025418,0.032343052,0.045061987,3.6881545e-05,2022-12-14,2022-12-07,-0.0074416374260686,0.007478518971452549,0.007478518971452549,5.592824600637569e-05,0,1,0.05007156
r1_qqq,48,1,-0.04396326,-0.029878456,-0.02306497,-0.018429505,-0.0147288935,-0.011589636,-0.008794056,-0.0063117594,-0.003962643,-0.0018124405,0.00034342406,0.0025443311,0.0047866344,0.0069709453,0.009546773,0.012337671,0.01556366,0.019374413,0.023913046,0.031002255,0.043530006,0.00034342406,2022-12-15,2022-12-14,-0.0341528970447647,0.03449632110910477,0.03449632110910477,0.0011899961700624674,0,0,0.046978015
r1_qqq,48,2,-0.045150813,-0.030823395,-0.023841687,-0.01907712,-0.015241696,-0.012026581,-0.009113563,-0.006570609,-0.00412297,-0.0019105774,0.00030682993,0.002556693,0.004846532,0.0070929066,0.009723822,0.012608688,0.015923435,0.019846123,0.024401022,0.031691384,0.044357523,0.00030682993,2022-12-16,2022-12-14,-0.0095800136513024,0.009886843577860238,0.009886843577860238,9.774967593307624e-05,0,1,0.04824271
r1_qqq,48,3,-0.04534572,-0.030901445,-0.02383374,-0.019007083,-0.01519193,-0.011967975,-0.009058217,-0.006495403,-0.0040672794,-0.0018337835,0.00042715363,0.0026929462,0.0049992865,0.007261343,0.009895461,0.012799034,0.016088054,0.019973395,0.024483114,0.03178533,0.044509165,0.00042715363,2022-12-19,2022-12-14,-0.0141534173290955,0.01458057095997614,0.01458057095997614,0.00021259304951889952,0,1,0.048316855
r1_qqq,48,4,-0.04480817,-0.030636832,-0.023712128,-0.018986706,-0.015188016,-0.0120059205,-0.009118465,-0.006555047,-0.0040841997,-0.0018383375,0.00042168968,0.0026963716,0.0050045243,0.0072957305,0.009943941,0.0128833065,0.01625266,0.0201808,0.024781784,0.032219287,0.045006208,0.00042168968,2022-12-20,2022-12-14,-0.0007788611213454,0.0012005507990960917,0.0012005507990960917,1.4413222212102644e-06,0,1,0.048493914
r1_qqq,48,5,-0.045557335,-0.030959327,-0.023738967,-0.018935444,-0.015115154,-0.011916119,-0.009038107,-0.0064700237,-0.003983475,-0.0017305393,0.0005357377,0.0028096028,0.005150751,0.0074288505,0.010089588,0.013020906,0.016338848,0.020227453,0.024818668,0.03211555,0.045077223,0.0005357377,2022-12-21,2022-12-14,0.0144018406264291,-0.013866102903316994,0.013866102903316994,0.00019226880972537597,1,1,0.048557635
r1_qqq,49,1,-0.043251336,-0.029334627,-0.022562796,-0.01800263,-0.014381465,-0.011324203,-0.008619074,-0.006209138,-0.0039283494,-0.0018431786,0.00024665243,0.002376426,0.0045443033,0.0066619706,0.009156106,0.011861849,0.014957451,0.018597756,0.022932041,0.029707585,0.04187295,0.00024665243,2022-12-22,2022-12-21,-0.0247695090055399,0.02501616143662747,0.02501616143662747,0.0006258083330234073,0,0,0.04549484
r1_qqq,49,2,-0.04420541,-0.030188002,-0.023362905,-0.018764872,-0.015083019,-0.011999847,-0.009208944,-0.0067615225,-0.0043996302,-0.0022637642,-0.00011968326,0.0020552233,0.0042625642,0.0064419527,0.009004932,0.011796799,0.014993708,0.018757066,0.023107173,0.030049043,0.04226852,-0.00011968326,2022-12-23,2022-12-21,0.0022467920847749,-0.0023664753447565842,0.0023664753447565842,5.600205557340794e-06,0,1,0.046470076
r1_qqq,49,3,-0.044260513,-0.030238954,-0.023401389,-0.01878052,-0.015131398,-0.012044974,-0.009256321,-0.0067924745,-0.0044540763,-0.0023066294,-0.00013500593,0.0020462389,0.0042705764,0.0064783716,0.009072088,0.011917549,0.015143886,0.01894323,0.023358278,0.030388637,0.04284207,-0.00013500593,2022-12-27,2022-12-21,-0.0142390509831932,0.014104045051241163,0.014104045051241163,0.00019892408680744034,1,1,0.046759665
r1_qqq,49,4,-0.043615386,-0.029927557,-0.023195246,-0.018630471,-0.014972869,-0.011916653,-0.009134954,-0.0066708936,-0.0042957137,-0.0021394566,3.357805e-05,0.0022140532,0.0044215005,0.0066156355,0.009153153,0.011964656,0.015171972,0.01890115,0.023242736,0.030189306,0.04246064,3.357805e-05,2022-12-28,2022-12-21,-0.0132907915406687,0.01332436959029304,0.01332436959029304,0.00017753882497872588,0,1,0.046437982
r1_qqq,49,5,-0.043585844,-0.029750848,-0.022834187,-0.018238723,-0.014592074,-0.011542926,-0.0088042235,-0.0063581625,-0.0039939224,-0.0018520636,0.0003113459,0.0024726558,0.0046949266,0.0068545225,0.009381245,0.0121513,0.015281243,0.018931761,0.023202764,0.029900812,0.042188495,0.0003113459,2022-12-29,2022-12-21,0.0240827251932938,-0.02377137928357165,0.02377137928357165,0.0005650784730434194,1,0,0.04603695
