model,window,horizon,q0.01,q0.05,q0.1,q0.15,q0.2,q0.25,q0.3,q0.35,q0.4,q0.45,q0.5,q0.55,q0.6,q0.65,q0.7,q0.75,q0.8,q0.85,q0.9,q0.95,q0.99,prediction,date,forecast_origin,actual,error,abs_error,squared_error,correct_direction,interval_coverage,interval_width
r2_qqq_calendar,0,1,-0.022531094,-0.012357781,-0.007863101,-0.005137623,-0.0031178473,-0.0015270076,-0.0001900671,0.00097121374,0.0020520487,0.0029979674,0.0039450973,0.004888805,0.0058182175,0.0067231315,0.007799009,0.008950956,0.010282212,0.011886119,0.013849792,0.017156264,0.023887808,0.0039450973,2022-01-03,2021-12-31,0.0095804990329134,-0.00563540170568104,0.00563540170568104,3.175775238439277e-05,1,1,0.021712892
r2_qqq_calendar,0,2,-0.022926616,-0.012826124,-0.0083930055,-0.005680447,-0.0036735334,-0.0020866888,-0.00071597437,0.0004408983,0.0015382904,0.0024934101,0.0034728497,0.004437886,0.00541887,0.006369193,0.0074778404,0.008682676,0.010045121,0.011692167,0.013635019,0.016950808,0.02356316,0.0034728497,2022-01-04,2021-12-31,-0.0130553983953836,0.01652824812206054,0.01652824812206054,0.0002731829859843978,0,0,0.022028025
r2_qqq_calendar,0,3,-0.0232829,-0.013091808,-0.008684472,-0.0060014557,-0.0040037334,-0.0023995237,-0.001010131,0.00018541294,0.0012851871,0.0022683279,0.003282322,0.004276758,0.0052775457,0.0062422375,0.0073579964,0.008578416,0.009950624,0.011614194,0.013609516,0.016987078,0.023801457,0.003282322,2022-01-05,2021-12-31,-0.0312028366890261,0.03448515877169464,0.03448515877169464,0.0011892261755089878,0,0,0.022293989
r2_qqq_calendar,0,4,-0.023392875,-0.013059062,-0.008498225,-0.005690476,-0.003615071,-0.0019894992,-0.00055505324,0.0006363706,0.0017330409,0.0027046609,0.0036877473,0.004667078,0.0056269458,0.006598645,0.0076894183,0.008900668,0.010297442,0.011973434,0.013990344,0.017458325,0.024421792,0.0036877473,2022-01-06,2021-12-31,-0.0007028603978874,0.004390607686382702,0.004390607686382702,1.9277435855722863e-05,0,1,0.022488568
r2_qqq_calendar,0,5,-0.024216961,-0.013673383,-0.008876665,-0.0059593287,-0.0038332925,-0.0021554683,-0.0007488431,0.0004503904,0.00154614,0.0025322444,0.0035344525,0.0045483424,0.0055590114,0.006554226,0.007712807,0.008996543,0.010474529,0.012259962,0.014454658,0.018134093,0.025478834,0.0035344525,2022-01-07,2021-12-31,-0.0108917917743604,0.014426244298396569,0.014426244298396569,0.0002081165245570195,0,0,0.023331322
r2_qqq_calendar,1,1,-0.032745533,-0.019495463,-0.0135370055,-0.0098434985,-0.007068472,-0.004845487,-0.0029415982,-0.001285658,0.00024453225,0.0015900852,0.002896953,0.0041998182,0.0055127507,0.0067882333,0.008302061,0.009920889,0.011803923,0.014065507,0.016835906,0.021565653,0.03116661,0.002896953,2022-01-10,2022-01-07,0.0006578193180862,0.0022391335903999277,0.0022391335903999277,5.013719235657271e-06,1,1,0.03037291
r2_qqq_calendar,1,2,-0.03365826,-0.020494517,-0.014566729,-0.010876672,-0.008098888,-0.005854886,-0.0038830256,-0.0021926067,-0.0005966198,0.00080652966,0.0021991343,0.003589135,0.0050054565,0.0063882237,0.008005119,0.009752548,0.011732228,0.014090744,0.016890911,0.021748202,0.031456057,0.0021991343,2022-01-11,2022-01-07,0.0149103226575203,-0.012711188333774335,0.012711188333774335,0.00016157430885668073,1,1,0.03145764
r2_qqq_calendar,1,3,-0.034672488,-0.02110515,-0.015061529,-0.011276348,-0.008418412,-0.006087932,-0.004057233,-0.0022936813,-0.0006750054,0.0007667084,0.0021979907,0.0036160632,0.0050630937,0.006480194,0.008130418,0.009957717,0.012023025,0.01452279,0.01751805,0.02265143,0.032815658,0.0021979907,2022-01-12,2022-01-07,0.0039576826613383,-0.0017596920017139616,0.0017596920017139616,3.096515940896089e-06,1,1,0.03257958
r2_qqq_calendar,1,4,-0.036471803,-0.022716114,-0.016454836,-0.012515812,-0.009566863,-0.007217735,-0.0051353723,-0.0033602421,-0.0017008521,-0.00021685741,0.001266319,0.00275492,0.004260415,0.0057540294,0.0074567148,0.009331538,0.011485676,0.014040056,0.017130876,0.022515565,0.032850478,0.001266319,2022-01-13,2022-01-07,-0.025334333807699,0.0266006527631577,0.0266006527631577,0.0007075947274260893,0,0,0.033585712
r2_qqq_calendar,1,5,-0.036512505,-0.022857375,-0.016534155,-0.012573829,-0.009637952,-0.0072602425,-0.0051852316,-0.003375553,-0.0016914695,-0.00017663464,0.0013266477,0.0028210017,0.004342273,0.005825852,0.007565554,0.009495368,0.011691657,0.014339496,0.017608898,0.02324415,0.034146383,0.0013266477,2022-01-14,2022-01-07,0.006203104092486,-0.004876456388950145,0.004876456388950145,2.377982691333269e-05,1,1,0.034143053
r2_qqq_calendar,2,1,-0.036744665,-0.0236929,-0.017637009,-0.013963653,-0.011253713,-0.009132894,-0.007360675,-0.005819769,-0.004405313,-0.0031549372,-0.0019364818,-0.000713135,0.00051114976,0.0016784195,0.0030423808,0.0044982187,0.006138296,0.008093619,0.010459231,0.0143553745,0.022013504,-0.0019364818,2022-01-18,2022-01-14,-0.0252092174878937,0.023272735687963366,0.023272735687963366,0.0005416202264018037,1,0,0.02809624
r2_qqq_calendar,2,2,-0.03514852,-0.022123393,-0.015971368,-0.012179932,-0.009357404,-0.0071121086,-0.005165326,-0.0035159811,-0.001960054,-0.0006010941,0.00076386303,0.0021148403,0.0034642336,0.004764665,0.006264116,0.00785912,0.009668399,0.011827663,0.014392966,0.018674223,0.026904786,0.00076386303,2022-01-19,2022-01-14,-0.0110441809309993,0.011808043965080013,0.011808043965080013,0.00013942990228126253,0,1,0.030364335
r2_qqq_calendar,2,3,-0.03531084,-0.021679891,-0.015302336,-0.011334153,-0.008359052,-0.005970538,-0.0039214385,-0.0021593217,-0.00055547,0.00086985016,0.002306757,0.0037210165,0.0051313755,0.006490248,0.008021504,0.009700503,0.01156202,0.013798935,0.01646439,0.020948622,0.029595854,0.002306757,2022-01-20,2022-01-14,-0.0130734207566903,0.015380177785836256,0.015380177785836256,0.00023654986872393102,0,1,0.031766728
r2_qqq_calendar,2,4,-0.037805274,-0.023976764,-0.01732611,-0.013181768,-0.010119263,-0.0077146334,-0.0056012846,-0.003813827,-0.0021580246,-0.0006832164,0.0008098845,0.0022919916,0.0037543103,0.005187297,0.0067744255,0.008505119,0.010458197,0.012750773,0.015490856,0.020117352,0.028949693,0.0008098845,2022-01-21,2022-01-14,-0.0281204604847812,0.028930344998509522,0.028930344998509522,0.0008369648617327849,0,0,0.032816965
r2_qqq_calendar,2,5,-0.037976556,-0.024419893,-0.017760055,-0.013627559,-0.01059771,-0.008185523,-0.006111027,-0.0043188184,-0.002664461,-0.0011710962,0.00032837415,0.0018166909,0.0033091616,0.0047204993,0.006352172,0.008114434,0.010093842,0.012454987,0.015324805,0.020068774,0.029119598,0.00032837415,2022-01-24,2022-01-14,0.004567374731204,-0.004239000577735242,0.004239000577735242,1.796912589803972e-05,1,1,0.033084862
r2_qqq_calendar,3,1,-0.080995195,-0.05036071,-0.03830137,-0.030898985,-0.025301268,-0.020843163,-0.017119912,-0.013901334,-0.010960964,-0.00837321,-0.005820285,-0.0032823496,-0.00078738877,0.0015790478,0.004293792,0.0071919668,0.010506971,0.01451857,0.019536542,0.028399311,0.04901049,-0.005820285,2022-01-25,2022-01-24,-0.0234542649391225,0.01763397987588555,0.01763397987588555,0.0003109572462631365,1,1,0.05783791
r2_qqq_calendar,3,2,-0.07306388,-0.0419572,-0.029760033,-0.022461347,-0.017045295,-0.0127613,-0.009099023,-0.00595681,-0.0030219061,-0.00041845487,0.002204605,0.004838936,0.007466384,0.010007388,0.012951626,0.01611525,0.019726584,0.023995152,0.029071612,0.038128357,0.05954831,0.002204605,2022-01-26,2022-01-24,-0.0015661684681545,0.0037707733807037574,0.0037707733807037574,1.4218731888624043e-05,0,1,0.058831647
r2_qqq_calendar,3,3,-0.070941985,-0.04015665,-0.027909616,-0.020478817,-0.01498571,-0.010632905,-0.0069197915,-0.0037430497,-0.00081310584,0.0018384536,0.0045235637,0.0071583013,0.009785018,0.012310268,0.01520226,0.018413572,0.022030972,0.02644619,0.031791825,0.041679706,0.065069556,0.0045235637,2022-01-27,2022-01-24,-0.0101213095758751,0.014644873240281638,0.014644873240281638,0.0002144723122239172,0,1,0.059701443
r2_qqq_calendar,3,4,-0.070684984,-0.04076063,-0.02877282,-0.021485941,-0.016067568,-0.011804329,-0.008090728,-0.004917557,-0.0019385399,0.0007652748,0.003503454,0.0061964653,0.008911104,0.011556778,0.014626911,0.018044628,0.021948831,0.02665707,0.03235194,0.042448185,0.065581165,0.003503454,2022-01-28,2022-01-24,0.0308870537331272,-0.02738359981532582,0.02738359981532582,0.0007498615388459122,1,1,0.06112476
r2_qqq_calendar,3,5,-0.068630055,-0.039447274,-0.027250571,-0.01995007,-0.014625425,-0.010364171,-0.0066864174,-0.0034804353,-0.00044896884,0.002295976,0.00507087,0.0078103673,0.010545725,0.013155956,0.016228307,0.019643523,0.023540119,0.02826766,0.03405529,0.044301763,0.068332106,0.00507087,2022-01-31,2022-01-24,0.0314777100662097,-0.026406840255330473,0.026406840255330473,0.000697321212270542,1,1,0.06130586
r2_qqq_calendar,4,1,-0.07654864,-0.04846796,-0.03598062,-0.028403893,-0.022820506,-0.01833234,-0.014501293,-0.01121477,-0.008189879,-0.0054861414,-0.0028452354,-0.00019251805,0.0025118121,0.005142772,0.008231697,0.011627992,0.0156182125,0.020416442,0.026302949,0.036491264,0.05619016,-0.0028452354,2022-02-01,2022-01-31,0.0067803478947039,-0.009625583296468412,0.009625583296468412,9.265185379725171e-05,0,1,0.062283568
r2_qqq_calendar,4,2,-0.07324005,-0.043473195,-0.030367266,-0.02249052,-0.016772045,-0.012270355,-0.008409046,-0.0051083607,-0.0020178747,0.00073594,0.0034545208,0.0062257363,0.0091035655,0.011933115,0.015302729,0.019069389,0.023434374,0.028593192,0.03473566,0.045501474,0.0660598,0.0034545208,2022-02-02,2022-01-31,0.008092541077422,-0.004638020244674778,0.004638020244674778,2.151123179001309e-05,1,1,0.06510293
r2_qqq_calendar,4,3,-0.07477402,-0.04675122,-0.034432083,-0.026931176,-0.021387959,-0.016885443,-0.012967998,-0.009606824,-0.0065188897,-0.003787448,-0.0010922896,0.0015621395,0.0043013645,0.0070347893,0.010275178,0.013948563,0.018240677,0.02345091,0.029744213,0.040728927,0.0612419,-0.0010922896,2022-02-03,2022-01-31,-0.0413885663331113,0.040296276758667,0.040296276758667,0.0016237899206110865,1,0,0.0641763
r2_qqq_calendar,4,4,-0.0708251,-0.044986937,-0.033665497,-0.026646363,-0.021212485,-0.0168038,-0.012904525,-0.009520052,-0.006370194,-0.0035961259,-0.00090172276,0.0017570548,0.004438812,0.0070821415,0.010204048,0.013733103,0.017872982,0.022820188,0.028965581,0.039911073,0.060302686,-0.00090172276,2022-02-04,2022-01-31,0.0125361740226399,-0.01343789677932,0.01343789677932,0.00018057706985165884,0,1,0.06263108
r2_qqq_calendar,4,5,-0.0719193,-0.04487473,-0.032834027,-0.025636017,-0.020220201,-0.0158291,-0.011988225,-0.0086559495,-0.0055476152,-0.0027918518,-6.762537e-05,0.0026430998,0.005411221,0.00812111,0.011328256,0.014896439,0.018993849,0.023901846,0.029979331,0.040628985,0.06114202,-6.762537e-05,2022-02-07,2022-01-31,-0.0080770417023321,0.008009416332921139,0.008009416332921139,6.41507499940639e-05,1,1,0.06281336
r2_qqq_calendar,5,1,-0.043430544,-0.026244385,-0.018290343,-0.013566801,-0.010173183,-0.007489017,-0.005210475,-0.003206905,-0.0013250532,0.00034797366,0.0020188054,0.0036822795,0.0053252303,0.006888105,0.008698176,0.010617783,0.012797498,0.015404642,0.018559324,0.023894943,0.03498036,0.0020188054,2022-02-08,2022-02-07,0.0111726842109193,-0.009153878850497761,0.009153878850497761,8.379349800959022e-05,1,1,0.036849666
r2_qqq_calendar,5,2,-0.04527075,-0.02803561,-0.02005547,-0.01526451,-0.011826686,-0.009119031,-0.0067816484,-0.004777648,-0.002896904,-0.0012411096,0.00043305894,0.0020868722,0.0037454676,0.005338292,0.007186397,0.009170984,0.011471811,0.014219138,0.017500553,0.023083497,0.034154657,0.00043305894,2022-02-09,2022-02-07,0.0209693453836038,-0.020536286440004336,0.020536286440004336,0.00042173906074590594,1,0,0.037556022
r2_qqq_calendar,5,3,-0.043128774,-0.025890019,-0.017893236,-0.013094503,-0.009632236,-0.006878257,-0.0045106127,-0.0024705012,-0.0006020638,0.0010617742,0.0027446435,0.004394461,0.006063384,0.0076678214,0.009533421,0.01158242,0.01391414,0.01671875,0.020091016,0.025742268,0.037128367,0.0027446435,2022-02-10,2022-02-07,-0.0228925506097751,0.025637194093086037,0.025637194093086037,0.0006572657209665656,0,0,0.037984252
r2_qqq_calendar,5,4,-0.043952845,-0.025862483,-0.017379353,-0.012311649,-0.008730556,-0.0059643444,-0.0035611829,-0.0015529981,0.00029640592,0.0019348061,0.0035864664,0.0052309306,0.006869972,0.008485693,0.010293312,0.012275212,0.014559958,0.01726701,0.020529533,0.026148593,0.037538286,0.0035864664,2022-02-11,2022-02-07,-0.0322357493363145,0.035822215760481654,0.035822215760481654,0.0012832311419905002,0,0,0.037908886
r2_qqq_calendar,5,5,-0.043280624,-0.026422078,-0.018580912,-0.013870907,-0.010503604,-0.00782238,-0.005518503,-0.003526336,-0.0016802237,-1.5874335e-05,0.001632366,0.003252946,0.004865476,0.006420098,0.008235715,0.010231555,0.01252744,0.0153056905,0.018777851,0.024693629,0.036510397,0.001632366,2022-02-14,2022-02-07,0.0012380247767051,0.00039434120348046824,0.00039434120348046824,1.5550498476242405e-07,1,1,0.03735876
r2_qqq_calendar,6,1,-0.046512544,-0.02876257,-0.020104073,-0.014812418,-0.010950142,-0.007874695,-0.0052640405,-0.0029749412,-0.00083827664,0.0010598705,0.0029448185,0.0048385826,0.0067425533,0.008587875,0.010756596,0.013085621,0.015754828,0.018931841,0.022779714,0.029101763,0.041763503,0.0029448185,2022-02-15,2022-02-14,0.0245599899521424,-0.021615171487103266,0.021615171487103266,0.000467215638416882,1,0,0.042883787
r2_qqq_calendar,6,2,-0.04843573,-0.030007191,-0.02100017,-0.015485798,-0.0114600975,-0.008262385,-0.0054908465,-0.0031178554,-0.00087094464,0.0011150202,0.0031037163,0.005075659,0.007077904,0.009024231,0.011273388,0.013701711,0.01645323,0.019705707,0.023500476,0.029893717,0.0425617,0.0031037163,2022-02-16,2022-02-14,-0.0002526674133269,0.0033563837122646974,0.0033563837122646974,1.126531162395575e-05,0,1,0.044500645
r2_qqq_calendar,6,3,-0.049224503,-0.031097107,-0.022063999,-0.016427709,-0.012301042,-0.009001786,-0.0061625,-0.0037226623,-0.0014817317,0.00051531644,0.0025111723,0.0044842786,0.00649493,0.008472215,0.010765022,0.013316685,0.016212702,0.01970198,0.023856495,0.030797645,0.044244,0.0025111723,2022-02-17,2022-02-14,-0.030194941623389,0.03270611394594537,0.03270611394594537,0.0010696898894451625,0,0,0.04592049
r2_qqq_calendar,6,4,-0.04863346,-0.03105637,-0.0222699,-0.016721979,-0.0126191545,-0.009373259,-0.0065029953,-0.0040536895,-0.0017704912,0.0002629783,0.0022913623,0.0043005906,0.0063276864,0.008347348,0.010651192,0.013204043,0.016124189,0.01955905,0.023660729,0.030620571,0.044086125,0.0022913623,2022-02-18,2022-02-14,-0.0114711315554289,0.013762493822416462,0.013762493822416462,0.00018940623621205128,0,1,0.04593063
r2_qqq_calendar,6,5,-0.04896362,-0.03130145,-0.022355221,-0.016768867,-0.012709905,-0.009449419,-0.0066322912,-0.0041857557,-0.001897265,0.00016062695,0.0022053907,0.0042305193,0.006285786,0.008286869,0.010621394,0.013187732,0.01610637,0.019570895,0.023765488,0.030695071,0.044275213,0.0022053907,2022-02-22,2022-02-14,-0.010094145990655,0.012299536706626589,0.012299536706626589,0.00015127860319765483,0,1,0.04612071
r2_qqq_calendar,7,1,-0.046720326,-0.02918398,-0.02089515,-0.015688721,-0.011790279,-0.008639133,-0.0059296032,-0.0035586706,-0.0013497925,0.00061315816,0.0025446375,0.004481666,0.006444528,0.008351637,0.010611592,0.013040683,0.015865523,0.019223802,0.023297805,0.030121753,0.04391832,0.0025446375,2022-02-23,2022-02-22,-0.0259492929276828,0.028493930464312835,0.028493930464312835,0.0008119040733050951,0,0,0.044192955
r2_qqq_calendar,7,2,-0.04861614,-0.03070657,-0.022144275,-0.01674984,-0.01269653,-0.009423859,-0.006554427,-0.0040879725,-0.0017577343,0.00030409472,0.0023537278,0.004396873,0.0064848447,0.00852261,0.01089449,0.013461797,0.016389463,0.019839946,0.023907788,0.03092396,0.04507842,0.0023537278,2022-02-24,2022-02-22,0.033051999638152,-0.0306982718206166,0.0306982718206166,0.0009423838927724634,1,0,0.04605206
r2_qqq_calendar,7,3,-0.050534688,-0.032383922,-0.023593845,-0.017959876,-0.01374508,-0.010331659,-0.007361204,-0.0048048063,-0.0024503735,-0.00035529758,0.0017316623,0.0037916908,0.0059075416,0.007984973,0.010413601,0.013108078,0.01618815,0.019890657,0.02433866,0.03199717,0.04713416,0.0017316623,2022-02-25,2022-02-22,0.0153883235681932,-0.01365666125567067,0.01365666125567067,0.0001865043966521364,1,1,0.047932506
r2_qqq_calendar,7,4,-0.05048645,-0.032190096,-0.023368016,-0.017727878,-0.013514756,-0.010163551,-0.007207492,-0.0046782577,-0.0023154141,-0.00021910004,0.001866244,0.003937776,0.0060451305,0.00814813,0.010571003,0.013256812,0.016343905,0.019975338,0.024357423,0.031993825,0.046816833,0.001866244,2022-02-28,2022-02-22,0.0029744106212326,-0.001108166608742685,0.001108166608742685,1.2280332327322631e-06,1,1,0.04772544
r2_qqq_calendar,7,5,-0.05145701,-0.03306703,-0.024105038,-0.018456155,-0.014269945,-0.010871349,-0.007897543,-0.005299783,-0.0028596888,-0.0006676604,0.0015006672,0.0036536413,0.0058494117,0.00799298,0.010496817,0.013259368,0.016406082,0.020135576,0.024706777,0.032480333,0.047717124,0.0015006672,2022-03-01,2022-02-22,-0.0154299024779375,0.016930569667185404,0.016930569667185404,0.0002866441892554185,0,1,0.048811816
r2_qqq_calendar,8,1,-0.053617112,-0.034314476,-0.025621297,-0.02008865,-0.015824778,-0.012354757,-0.009350196,-0.0066955583,-0.004198016,-0.0019330819,0.000341173,0.0026494698,0.0049514566,0.00713393,0.009642506,0.012318476,0.0153454235,0.018915461,0.02324526,0.030380398,0.045113046,0.000341173,2022-03-02,2022-03-01,0.0166400342095711,-0.016298861210101538,0.016298861210101538,0.0002656528767461526,1,1,0.048866555
r2_qqq_calendar,8,2,-0.056339264,-0.037287265,-0.028759567,-0.023212943,-0.018842412,-0.015264405,-0.012096672,-0.009366143,-0.006779446,-0.0044873473,-0.0021810941,0.00012285169,0.0024255945,0.004654616,0.0072376956,0.01004202,0.013284695,0.017198263,0.02189555,0.029790273,0.044942778,-0.0021810941,2022-03-03,2022-03-01,-0.0143876768443993,0.012206582704584924,0.012206582704584924,0.0001490006613238718,1,1,0.05065512
r2_qqq_calendar,8,3,-0.054436937,-0.034462266,-0.025279343,-0.019281631,-0.014625472,-0.010794473,-0.0074614324,-0.0045683365,-0.0018921267,0.0005345697,0.0029834802,0.005422133,0.007852616,0.010196887,0.012872233,0.015793236,0.01906966,0.023016963,0.027704883,0.035827477,0.05233167,0.0029834802,2022-03-04,2022-03-01,-0.0145980796411863,0.0175815598674348,0.0175815598674348,0.000309111247372194,0,1,0.052984226
r2_qqq_calendar,8,4,-0.05813786,-0.038633917,-0.029708993,-0.023823362,-0.019149635,-0.015321963,-0.011899956,-0.008933818,-0.00612362,-0.0035974993,-0.001048134,0.0014595911,0.0039559286,0.0063888533,0.009131082,0.0121498285,0.015618147,0.01973692,0.02464761,0.033049945,0.049613625,-0.001048134,2022-03-07,2022-03-01,-0.0375784439984414,0.03653030994065881,0.03653030994065881,0.001334463544360596,1,0,0.054356605
r2_qqq_calendar,8,5,-0.059415452,-0.03907427,-0.029471079,-0.023310732,-0.01856253,-0.014701693,-0.011333521,-0.0084015075,-0.0056217574,-0.0031154896,-0.00058546197,0.0019195701,0.0044441023,0.006864179,0.009640139,0.012678937,0.01610618,0.020205906,0.025170784,0.03356748,0.050390467,-0.00058546197,2022-03-08,2022-03-01,-0.0046586883277138,0.004073226361020399,0.004073226361020399,1.659117298811148e-05,1,1,0.054641865
r2_qqq_calendar,9,1,-0.050559815,-0.031791694,-0.02372993,-0.018793484,-0.015074782,-0.0120910695,-0.009508979,-0.0072154347,-0.005067932,-0.0031221,-0.0011584838,0.00082603405,0.0027813856,0.0046139164,0.0067078867,0.008925362,0.0114001585,0.014331423,0.017868306,0.023685554,0.035461545,-0.0011584838,2022-03-09,2022-03-08,0.0353652267066018,-0.036523710498698174,0.036523710498698174,0.0013339814285927153,0,0,0.041598238
r2_qqq_calendar,9,2,-0.051091608,-0.03166479,-0.023269959,-0.018100832,-0.014208004,-0.011070905,-0.00831219,-0.005925619,-0.0036603452,-0.0016294571,0.00042955353,0.002485886,0.0045344406,0.00649641,0.008739339,0.011118127,0.013788191,0.016940618,0.020645684,0.026838463,0.038964156,0.00042955353,2022-03-10,2022-03-08,-0.011166915816589,0.011596469349329102,0.011596469349329102,0.00013447810136992932,0,1,0.043915644
r2_qqq_calendar,9,3,-0.051900167,-0.031917997,-0.023085944,-0.017554922,-0.013372612,-0.009984867,-0.007032129,-0.004463686,-0.0020769914,6.321119e-05,0.002231595,0.004366157,0.0064839656,0.008499958,0.010791513,0.013296569,0.016078886,0.019424336,0.023447575,0.03026496,0.043824255,0.002231595,2022-03-11,2022-03-08,-0.0209563905905951,0.023187985697018,0.023187985697018,0.0005376826806851113,0,1,0.046533518
r2_qqq_calendar,9,4,-0.053859882,-0.03292898,-0.023592621,-0.017801015,-0.01348652,-0.010086266,-0.007087581,-0.0045118667,-0.002088928,9.462476e-05,0.0023430765,0.0045782337,0.00680332,0.008970704,0.011399764,0.014057014,0.017035982,0.020540418,0.024675708,0.031598546,0.045199074,0.0023430765,2022-03-14,2022-03-08,-0.0193916690459875,0.021734745560067666,0.021734745560067666,0.0004723991645608811,0,1,0.04826833
r2_qqq_calendar,9,5,-0.05762309,-0.03702719,-0.027835365,-0.02207802,-0.017755752,-0.014260679,-0.011198513,-0.008522438,-0.005995145,-0.0037058892,-0.001392002,0.0009007407,0.003185753,0.005349859,0.007837133,0.010523966,0.013537254,0.017118629,0.021421403,0.02849706,0.042379092,-0.001392002,2022-03-15,2022-03-08,0.0308850300436893,-0.03227703202833025,0.03227703202833025,0.001041806796557857,0,0,0.049256768
r2_qqq_calendar,10,1,-0.06377089,-0.04020932,-0.03035877,-0.02424031,-0.019597216,-0.015823308,-0.012569201,-0.009705373,-0.0070333863,-0.0046155322,-0.002191399,0.00025848992,0.0026794416,0.004982901,0.007624073,0.010457383,0.013647544,0.017427936,0.02197165,0.029480465,0.044905942,-0.002191399,2022-03-16,2022-03-15,0.0364155276585081,-0.03860692664977995,0.03860692664977995,0.0014904947853414895,0,0,0.05233042
r2_qqq_calendar,10,2,-0.06273917,-0.03975332,-0.030177405,-0.024166545,-0.019546833,-0.015765883,-0.012439436,-0.009570731,-0.006865347,-0.004463339,-0.0020462915,0.0003647798,0.0027620909,0.005086921,0.007764278,0.010643089,0.013936236,0.017861428,0.022531103,0.030389668,0.04581087,-0.0020462915,2022-03-17,2022-03-15,0.0120335691986929,-0.014079860682259065,0.014079860682259065,0.0001982424768318247,0,1,0.052708507
r2_qqq_calendar,10,3,-0.065118365,-0.040768377,-0.03039128,-0.023887198,-0.018980868,-0.014984861,-0.011514604,-0.008524083,-0.005757617,-0.0032783689,-0.0007821141,0.0016864592,0.0041497685,0.006544957,0.009297044,0.012294421,0.015658867,0.019665685,0.024394955,0.032278027,0.04797191,-0.0007821141,2022-03-18,2022-03-15,0.0202613302371757,-0.021043444341543493,0.021043444341543493,0.00044282654975563886,0,1,0.054786235
r2_qqq_calendar,10,4,-0.06348216,-0.0397582,-0.029826082,-0.02356083,-0.018752994,-0.014847731,-0.0113790445,-0.008356192,-0.0054985294,-0.0029161193,-0.00031396176,0.0022508558,0.0047925385,0.007268591,0.010064804,0.013128321,0.016585216,0.020629939,0.02540707,0.033442304,0.049525265,-0.00031396176,2022-03-21,2022-03-15,-0.0027839361311749,0.002469974369171299,0.002469974369171299,6.100773384363158e-06,1,1,0.05523315
r2_qqq_calendar,10,5,-0.06433273,-0.0402326,-0.029764974,-0.023328466,-0.018480627,-0.0145447245,-0.011104703,-0.008097436,-0.0052474057,-0.0026752527,-7.393706e-05,0.0024979992,0.005061091,0.0075127846,0.010326842,0.013372582,0.01675918,0.020748958,0.025470085,0.033320203,0.04959109,-7.393706e-05,2022-03-22,2022-03-15,0.019461915476223,-0.01953585253513745,0.01953585253513745,0.0003816495342746364,0,1,0.055235058
r2_qqq_calendar,11,1,-0.046921954,-0.029182352,-0.02092353,-0.015915262,-0.0122341495,-0.00928735,-0.0067397794,-0.0045322124,-0.0025038905,-0.00069538737,0.0010718349,0.0028535402,0.004608868,0.006277167,0.008198656,0.010234592,0.01251919,0.015204813,0.018431425,0.023710873,0.034418635,0.0010718349,2022-03-23,2022-03-22,-0.0144757396102443,0.015547574546982313,0.015547574546982313,0.0002417270742939723,0,1,0.039354958
r2_qqq_calendar,11,2,-0.04808597,-0.02988491,-0.0212362,-0.015955234,-0.0120514985,-0.008911123,-0.006185593,-0.0039040982,-0.001773479,8.693803e-05,0.001938185,0.003769233,0.0055934894,0.007358777,0.009373994,0.01151096,0.013910541,0.016717741,0.019990293,0.025430746,0.036179885,0.001938185,2022-03-24,2022-03-22,0.0219833536104707,-0.020045168654382037,0.020045168654382037,0.0004018087863826202,1,0,0.04122649
r2_qqq_calendar,11,3,-0.05030051,-0.03158523,-0.022629878,-0.017011918,-0.01289754,-0.009576964,-0.0067086555,-0.0042858385,-0.0020790035,-0.00012666197,0.0018253622,0.0037270603,0.005618839,0.00744643,0.009517181,0.011746628,0.014204625,0.017096732,0.020489322,0.026119575,0.037464216,0.0018253622,2022-03-25,2022-03-22,-0.0008345014294954,0.0026598636405887064,0.0026598636405887064,7.074874586525807e-06,0,1,0.0431192
r2_qqq_calendar,11,4,-0.049690653,-0.030847091,-0.021521494,-0.015664985,-0.011450892,-0.008123309,-0.0052114683,-0.002781095,-0.00056359044,0.0013778378,0.0033144117,0.0052194456,0.007112764,0.008968503,0.011045636,0.013323423,0.015865477,0.018812569,0.022272695,0.028020615,0.03949905,0.0033144117,2022-03-28,2022-03-22,0.0153537540475098,-0.012039342314210307,0.012039342314210307,0.0001449457633587348,1,1,0.04379419
r2_qqq_calendar,11,5,-0.05043822,-0.032288633,-0.023192542,-0.017462939,-0.013293915,-0.009944197,-0.0070270877,-0.004554248,-0.0022830823,-0.00026313064,0.0017415464,0.0037001898,0.0056568114,0.007530944,0.009688145,0.012031813,0.014657742,0.017744998,0.021446696,0.027506055,0.03952473,0.0017415464,2022-03-29,2022-03-22,0.017063695712674,-0.015322149273667075,0.015322149273667075,0.00023476825836453647,1,1,0.044639237
r2_qqq_calendar,12,1,-0.039215323,-0.023584437,-0.016106611,-0.01165621,-0.008494147,-0.006019655,-0.00393271,-0.0021094666,-0.00041114492,0.0011084011,0.002620246,0.004154065,0.0056935893,0.007189082,0.008942837,0.010819843,0.012951505,0.015481253,0.0185439,0.023681572,0.034043774,0.002620246,2022-03-30,2022-03-29,-0.0111071865142472,0.013727432542774818,0.013727432542774818,0.0001884424042164331,0,1,0.034650512
r2_qqq_calendar,12,2,-0.040368214,-0.024469318,-0.016774736,-0.012162253,-0.008887047,-0.006327653,-0.004141028,-0.0022876207,-0.0005413421,0.0009978958,0.0025400915,0.004083588,0.0056456923,0.0071748192,0.008945916,0.010850447,0.0130070085,0.015561641,0.01857291,0.023720302,0.033940576,0.0025400915,2022-03-31,2022-03-29,-0.0124721268464269,0.015012218364739593,0.015012218364739593,0.00022536670023062471,0,1,0.035347648
r2_qqq_calendar,12,3,-0.041244328,-0.025249416,-0.017461902,-0.012682082,-0.009302797,-0.0066521214,-0.0043958095,-0.0024818848,-0.00072606455,0.00084548135,0.0024275163,0.003990315,0.0055721756,0.007131211,0.00892731,0.010892824,0.013097221,0.015740046,0.018895159,0.024240827,0.03492022,0.0024275163,2022-04-01,2022-03-29,-0.0019052885181458,0.0043328047904373414,0.0043328047904373414,1.8773197352036773e-05,0,1,0.03635706
r2_qqq_calendar,12,4,-0.041976105,-0.025913473,-0.017869692,-0.012908885,-0.009424176,-0.0067514097,-0.0044405386,-0.0025053415,-0.00071194035,0.00086908333,0.0024598292,0.004046821,0.0056449063,0.0072449013,0.009061559,0.0110731805,0.013363838,0.016072582,0.019309191,0.024829581,0.035689298,0.0024598292,2022-04-04,2022-03-29,0.0203797662079486,-0.017919937000438844,0.017919937000438844,0.00032112414209969713,1,0,0.03717888
r2_qqq_calendar,12,5,-0.041793115,-0.02606847,-0.018139377,-0.013226082,-0.009754768,-0.0070512258,-0.0047472203,-0.0027742432,-0.0009392876,0.00070233626,0.0023510319,0.0039803036,0.005624109,0.0072218054,0.009081906,0.011122398,0.013443111,0.01620867,0.019605087,0.025333906,0.036793567,0.0023510319,2022-04-05,2022-03-29,-0.0224545784828456,0.024805610354358132,0.024805610354358132,0.0006153183050522393,0,0,0.037744462
r2_qqq_calendar,13,1,-0.041361127,-0.02345006,-0.015473375,-0.010647723,-0.0071522086,-0.0043711388,-0.0019680143,0.00013845833,0.0021080673,0.0038936348,0.005646041,0.007404232,0.009220835,0.011027167,0.013183858,0.015483456,0.0181852,0.021370279,0.025240244,0.031474188,0.044023093,0.005646041,2022-04-06,2022-04-05,-0.0219503373088931,0.027596378437677517,0.027596378437677517,0.0007615601028755126,0,0,0.04071362
r2_qqq_calendar,13,2,-0.04564205,-0.027679522,-0.01950037,-0.014476879,-0.01076219,-0.007791487,-0.0051786453,-0.0029205629,-0.0007585315,0.0011783694,0.0030887532,0.0050263507,0.0070123654,0.008982623,0.011279961,0.013799615,0.016676143,0.020042516,0.0239739,0.030591073,0.0437409,0.0030887532,2022-04-07,2022-04-05,0.0023749660851711,0.0007137871196216381,0.0007137871196216381,5.094920521377548e-07,1,1,0.043474272
r2_qqq_calendar,13,3,-0.045948353,-0.028447796,-0.020275163,-0.015082397,-0.011210082,-0.008060895,-0.0053005307,-0.0029032277,-0.00066831196,0.0013587911,0.0033630156,0.0053558373,0.007388661,0.009397417,0.011716142,0.014287276,0.01718634,0.020600764,0.024638824,0.031524416,0.045138165,0.0033630156,2022-04-08,2022-04-05,-0.0140778363275973,0.017440851923420826,0.017440851923420826,0.0003041833158146919,0,1,0.044913985
r2_qqq_calendar,13,4,-0.047039077,-0.030252775,-0.022395773,-0.017302297,-0.013396531,-0.0102168955,-0.007380809,-0.0049030194,-0.002548937,-0.00044150464,0.0016544381,0.003737371,0.00586539,0.00797574,0.010406189,0.01308912,0.016163044,0.019753724,0.024029888,0.031382285,0.045647148,0.0016544381,2022-04-11,2022-04-05,-0.023941708974103,0.02559614706647631,0.02559614706647631,0.0006551627446486838,0,0,0.046425663
r2_qqq_calendar,13,5,-0.049073376,-0.03128004,-0.022847485,-0.017511865,-0.013493212,-0.010236189,-0.0073673283,-0.004853102,-0.0024559961,-0.00031091308,0.0018149936,0.0039371,0.0061170864,0.008259711,0.010737505,0.013464427,0.0165178,0.020062504,0.024288576,0.031420026,0.046030473,0.0018149936,2022-04-12,2022-04-05,-0.0042332292743817,0.006048222838421169,0.006048222838421169,3.658099950319942e-05,0,1,0.04713606
r2_qqq_calendar,14,1,-0.049344283,-0.031641737,-0.023622695,-0.018459912,-0.014445944,-0.011141948,-0.008276345,-0.005781335,-0.0034507755,-0.0013472987,0.00075550855,0.0028887957,0.0050610206,0.007195269,0.009710537,0.012444304,0.0156087335,0.019386142,0.023988534,0.031740252,0.04730666,0.00075550855,2022-04-13,2022-04-12,0.0201231065568479,-0.019367598010130434,0.019367598010130434,0.00037510385268200834,1,1,0.04761123
r2_qqq_calendar,14,2,-0.049972616,-0.0322881,-0.024208862,-0.01892803,-0.014783045,-0.01138573,-0.008377509,-0.0057918266,-0.0033502015,-0.001170435,0.0010037599,0.0031993133,0.005452157,0.007684371,0.010311659,0.013202352,0.016533567,0.0204941,0.025182748,0.033255696,0.049056526,0.0010037599,2022-04-14,2022-04-12,-0.0231326160090297,0.024136375922176195,0.024136375922176195,0.0005825646426566068,0,1,0.049391612
r2_qqq_calendar,14,3,-0.051863175,-0.033431835,-0.024778355,-0.019121613,-0.014765844,-0.0111955255,-0.008070465,-0.0053974944,-0.0029187053,-0.00068183464,0.0015628762,0.0037929812,0.006072756,0.008317204,0.010935996,0.0138431005,0.017122282,0.021033866,0.025641222,0.033671085,0.049226873,0.0015628762,2022-04-18,2022-04-12,0.0007681209825738,0.0007947551786140872,0.0007947551786140872,6.316357939339097e-07,1,1,0.050419576
r2_qqq_calendar,14,4,-0.05090828,-0.033222836,-0.025111316,-0.019793,-0.015558906,-0.012084048,-0.008992091,-0.0062935795,-0.0037374352,-0.0014415381,0.0008633386,0.0031431117,0.0054753255,0.0078103137,0.010542767,0.013626384,0.01722071,0.021495549,0.026650358,0.035538167,0.052354127,0.0008633386,2022-04-19,2022-04-12,0.022104560455581,-0.02124122186777537,0.02124122186777537,0.00045118950643605857,1,1,0.051761672
r2_qqq_calendar,14,5,-0.05318309,-0.034612432,-0.025923392,-0.020360405,-0.016013864,-0.012446098,-0.009291956,-0.006541351,-0.0039212536,-0.0015805685,0.0007556231,0.0030838181,0.005477077,0.007829839,0.010590652,0.013671508,0.01720793,0.021449087,0.026590513,0.03533641,0.052370243,0.0007556231,2022-04-20,2022-04-12,-0.0146917761904439,0.015447399289838043,0.015447399289838043,0.00023862214481968887,0,1,0.052513905
r2_qqq_calendar,15,1,-0.050073385,-0.03290803,-0.024850857,-0.019556949,-0.015427395,-0.012013741,-0.009029252,-0.006441908,-0.004031822,-0.0018459572,0.0003291953,0.0025483547,0.0048115524,0.00702272,0.009618447,0.012442915,0.015751252,0.019681724,0.024396,0.03202391,0.045596346,0.0003291953,2022-04-21,2022-04-20,-0.0209082018885904,0.021237397177531665,0.021237397177531665,0.00045102703887622993,0,1,0.049246855
r2_qqq_calendar,15,2,-0.050527733,-0.03320071,-0.024860848,-0.019323058,-0.014966858,-0.0114126215,-0.008271936,-0.005593839,-0.003071366,-0.00082540186,0.001392342,0.0036344589,0.0059308736,0.008181123,0.010797594,0.013690278,0.017008632,0.020893022,0.025420602,0.032932233,0.046420876,0.001392342,2022-04-22,2022-04-20,-0.0265348192566392,0.027927161290435213,0.027927161290435213,0.0007799263377419829,0,0,0.05028145
r2_qqq_calendar,15,3,-0.05063839,-0.033169713,-0.02476961,-0.019227264,-0.0149282,-0.011381242,-0.008253827,-0.00556516,-0.003051893,-0.0007844266,0.0014686675,0.0037076965,0.0059987884,0.00823066,0.010809245,0.013676186,0.016916823,0.020750588,0.025188532,0.032687247,0.046081692,0.0014686675,2022-04-25,2022-04-20,0.0127639968222687,-0.011295329294607973,0.011295329294607973,0.00012758446387362905,1,1,0.04995814
r2_qqq_calendar,15,4,-0.04898588,-0.032546613,-0.024774166,-0.019613624,-0.015444313,-0.011997913,-0.008921557,-0.00622744,-0.0036683634,-0.0013837356,0.000881963,0.0031473034,0.005464808,0.007748372,0.010409971,0.0133901695,0.016839646,0.020894207,0.025672209,0.033735633,0.047621258,0.000881963,2022-04-26,2022-04-20,-0.0384756980222903,0.039357661024320104,0.039357661024320104,0.0015490254813052859,0,0,0.050446376
r2_qqq_calendar,15,5,-0.051015634,-0.033332027,-0.025004007,-0.019654447,-0.015413961,-0.01192293,-0.008815543,-0.006098234,-0.003512136,-0.0012110586,0.0010721282,0.0033586363,0.0057111485,0.0080103455,0.010696367,0.013677435,0.017075697,0.021083146,0.025862776,0.03372433,0.047716554,0.0010721282,2022-04-27,2022-04-20,-0.0011989073270559,0.0022710355139895964,0.0022710355139895964,5.15760230580199e-06,0,1,0.050866783
r2_qqq_calendar,16,1,-0.056552265,-0.036469832,-0.027247269,-0.021248061,-0.016626766,-0.012855561,-0.009584811,-0.006726818,-0.0040784394,-0.0016934678,0.0006768013,0.0030523385,0.005416435,0.00771127,0.010388502,0.013263243,0.016545657,0.020406364,0.024960965,0.032077312,0.045704406,0.0006768013,2022-04-28,2022-04-27,0.0348995485379667,-0.03422274722618321,0.03422274722618321,0.0011711964277072305,1,0,0.052208234
r2_qqq_calendar,16,2,-0.055664152,-0.03615372,-0.02705624,-0.021082941,-0.016447758,-0.012677611,-0.009377494,-0.0065602334,-0.0039094416,-0.001549196,0.0007984149,0.0031525875,0.0055136373,0.007826305,0.010504324,0.013421181,0.016713705,0.020551987,0.02490228,0.031982053,0.04542068,0.0007984149,2022-04-29,2022-04-27,-0.0460422141188318,0.04684062904580776,0.04684062904580776,0.0021940445294069697,0,0,0.05195852
r2_qqq_calendar,16,3,-0.054871768,-0.036066245,-0.027549291,-0.021929445,-0.017572653,-0.013967944,-0.010781733,-0.0080185095,-0.0054404503,-0.0031212235,-0.0007937923,0.0015167501,0.0038405762,0.006144209,0.008833958,0.011825195,0.015233887,0.019279825,0.023941755,0.03146148,0.045111783,-0.0007937923,2022-05-02,2022-04-27,0.0165576520771035,-0.01735144438448036,0.01735144438448036,0.0003010726222277151,0,1,0.051491044
r2_qqq_calendar,16,4,-0.05394331,-0.03533499,-0.026839172,-0.021250691,-0.016815724,-0.013186074,-0.009965849,-0.0071672024,-0.0045273863,-0.002161926,0.00019824324,0.0025425977,0.004890628,0.007191399,0.009832331,0.012759003,0.016064558,0.019902496,0.024329918,0.03156033,0.044808473,0.00019824324,2022-05-03,2022-04-27,0.0010673408461978,-0.000869097602112339,0.000869097602112339,7.553306419974176e-07,1,1,0.05116909
r2_qqq_calendar,16,5,-0.05448847,-0.035890993,-0.026982727,-0.021261366,-0.016801277,-0.013165249,-0.009973138,-0.007192813,-0.004563163,-0.0022223773,0.00013570773,0.0024656705,0.0048261425,0.0071015423,0.009732526,0.0125891445,0.015765516,0.019434642,0.023670834,0.03053342,0.04382695,0.00013570773,2022-05-04,2022-04-27,0.0332532136118259,-0.033117505884658144,0.033117505884658144,0.0010967691960203669,1,0,0.050653562
r2_qqq_calendar,17,1,-0.06521787,-0.044709295,-0.03543275,-0.029189382,-0.024166703,-0.019947503,-0.016276294,-0.013095237,-0.010132253,-0.007461554,-0.0048188763,-0.0021690768,0.00045128606,0.002944731,0.005807927,0.008945446,0.012641372,0.017115574,0.022622867,0.031504214,0.047255978,-0.0048188763,2022-05-05,2022-05-04,-0.0516768017465041,0.04685792547257403,0.04685792547257403,0.0021956651795933023,1,0,0.058055617
r2_qqq_calendar,17,2,-0.05876958,-0.037414003,-0.027616315,-0.021248186,-0.016288344,-0.01225638,-0.008715145,-0.0056673936,-0.0027495204,-0.00011476013,0.002549665,0.0053216424,0.008170387,0.010989597,0.014289351,0.017987864,0.022268005,0.027209356,0.03278732,0.04153167,0.05632193,0.002549665,2022-05-06,2022-05-04,-0.0120534619323773,0.014603126981095753,0.014603126981095753,0.00021325131762600674,0,1,0.060403634
r2_qqq_calendar,17,3,-0.05890537,-0.037839465,-0.028168794,-0.021834357,-0.016924493,-0.012884704,-0.009320004,-0.006232619,-0.0033161263,-0.00063328247,0.0020931433,0.00484776,0.007662511,0.010415215,0.013603171,0.017148547,0.021145696,0.02577354,0.030879732,0.039006457,0.05259573,0.0020931433,2022-05-09,2022-05-04,-0.0399126968947698,0.0420058401902665,0.0420058401902665,0.0017644906100902082,0,0,0.059048526
r2_qqq_calendar,17,4,-0.05737717,-0.037832372,-0.028998073,-0.023066882,-0.018282339,-0.014325129,-0.01077592,-0.007668571,-0.0047020502,-0.0020110805,0.0006740854,0.0033804076,0.0061449963,0.008877056,0.012060231,0.015648251,0.019801514,0.024678618,0.030278288,0.039095614,0.053622253,0.0006740854,2022-05-10,2022-05-04,0.0120755508832789,-0.01140146548274597,0.01140146548274597,0.00012999341515424777,1,1,0.05927636
r2_qqq_calendar,17,5,-0.058536824,-0.03844098,-0.029032974,-0.022988042,-0.018210644,-0.014285358,-0.010799997,-0.007741491,-0.004813131,-0.0021883524,0.00046585832,0.003157783,0.005945781,0.008665506,0.011835804,0.015323432,0.019271232,0.023863392,0.029108765,0.03726747,0.051612213,0.00046585832,2022-05-11,2022-05-04,-0.0301067266960786,0.030572585016318533,0.030572585016318533,0.0009346829545800244,0,0,0.05814174
r2_qqq_calendar,18,1,-0.06018687,-0.042005073,-0.032591376,-0.026123535,-0.02086087,-0.016407285,-0.012449922,-0.008903301,-0.005557012,-0.002536464,0.00048451347,0.0035489541,0.0066659907,0.009641415,0.013086356,0.016802441,0.021089222,0.02602409,0.031658996,0.03981823,0.053117316,0.00048451347,2022-05-12,2022-05-11,-0.0023671875989613,0.0028517010670703713,0.0028517010670703713,8.132198975930294e-06,0,1,0.06425037
r2_qqq_calendar,18,2,-0.06028356,-0.04296456,-0.033660907,-0.026984237,-0.021450358,-0.01679799,-0.012651517,-0.0090799,-0.0057064234,-0.002720504,0.00025456105,0.0033124136,0.0064031105,0.009372849,0.012804129,0.016625531,0.02107527,0.026212055,0.03190318,0.040382862,0.05414082,0.00025456105,2022-05-13,2022-05-11,0.0363895011822649,-0.03613494013449668,0.03613494013449668,0.001305733898523659,1,0,0.06556409
r2_qqq_calendar,18,3,-0.06151553,-0.043164,-0.03343607,-0.026610171,-0.021121655,-0.016498176,-0.012365708,-0.008774699,-0.0054085744,-0.0023361645,0.0007628161,0.0038733226,0.007057036,0.0100892605,0.013560842,0.017370505,0.021621117,0.026449043,0.03162435,0.039529916,0.052288495,0.0007628161,2022-05-16,2022-05-11,-0.0116595077278745,0.012422323838966024,0.012422323838966024,0.00015431412956014358,0,1,0.06506042
r2_qqq_calendar,18,4,-0.060839042,-0.043479055,-0.034235217,-0.027610088,-0.02206595,-0.017383013,-0.013183438,-0.00951681,-0.0060503115,-0.0029379283,0.00014346815,0.0032360642,0.0063853106,0.009433612,0.012909385,0.0167477,0.02113317,0.026179098,0.03180614,0.040535368,0.054378256,0.00014346815,2022-05-17,2022-05-11,0.0255720956815505,-0.025428627534406778,0.025428627534406778,0.0006466150982835905,1,1,0.06604136
r2_qqq_calendar,18,5,-0.06136038,-0.043112103,-0.033536017,-0.027012644,-0.02159009,-0.017054364,-0.012996588,-0.009392851,-0.0059490697,-0.0028757555,0.00019564765,0.0033249916,0.006521916,0.009576812,0.013082016,0.016888984,0.02122345,0.026274197,0.031993225,0.04050426,0.054974463,0.00019564765,2022-05-18,2022-05-11,-0.0503365263320763,0.05053217398014631,0.05053217398014631,0.002553500607159776,0,0,0.06552924
r2_qqq_calendar,19,1,-0.061714396,-0.042026658,-0.030542258,-0.022653036,-0.01658811,-0.011677411,-0.0076303864,-0.0042434647,-0.0011445465,0.0016440181,0.004495881,0.0074313455,0.010472494,0.013444969,0.016914949,0.02066017,0.025069036,0.03017065,0.036138855,0.045081485,0.061578322,0.004495881,2022-05-19,2022-05-18,-0.0053726037537238,0.009868484785922466,0.009868484785922466,9.738699196998318e-05,0,1,0.06668112
r2_qqq_calendar,19,2,-0.058565665,-0.04262346,-0.03325687,-0.02655005,-0.021069169,-0.016423035,-0.012277722,-0.008719255,-0.0053204135,-0.0022761202,0.00074507063,0.0037346215,0.006737304,0.009653655,0.013075864,0.016964633,0.02154876,0.026936356,0.033008445,0.04247229,0.05930213,0.00074507063,2022-05-20,2022-05-18,-0.0031129311916684,0.0038580018242155402,0.0038580018242155402,1.4884178075650436e-05,0,1,0.066265315
r2_qqq_calendar,19,3,-0.05919145,-0.040462974,-0.02957797,-0.022289798,-0.016750276,-0.01222912,-0.008315808,-0.004986537,-0.0019016173,0.0009327056,0.0038224838,0.0067584994,0.009825611,0.012813133,0.01624896,0.020068262,0.02432799,0.02917777,0.034489203,0.043246046,0.059187487,0.0038224838,2022-05-23,2022-05-18,0.0164907569876557,-0.012668273166814983,0.012668273166814983,0.0001604851450290445,1,1,0.06406717
r2_qqq_calendar,19,4,-0.058778785,-0.04188853,-0.03229529,-0.025585696,-0.02011307,-0.015498054,-0.011393137,-0.007879447,-0.0046183406,-0.0017196878,0.0011364429,0.0040080193,0.0069791568,0.009924874,0.013328773,0.017127872,0.021519795,0.026589423,0.032348335,0.041634556,0.058087997,0.0011364429,2022-05-24,2022-05-18,-0.02149140746287,0.022627850342084883,0.022627850342084883,0.0005120196111037909,0,1,0.06464362
r2_qqq_calendar,19,5,-0.059664287,-0.041609544,-0.031562727,-0.02480504,-0.019329641,-0.014767398,-0.010739007,-0.0072483574,-0.0039902166,-0.0011319678,0.0016767463,0.0045169457,0.0074470034,0.01029972,0.013609668,0.01726152,0.021439087,0.026286501,0.031894088,0.040721614,0.057484977,0.0016767463,2022-05-25,2022-05-18,0.0138982777872038,-0.01222153149237008,0.01222153149237008,0.00014936583201899362,1,1,0.06345682
r2_qqq_calendar,20,1,-0.054608937,-0.03593474,-0.02704677,-0.0211557,-0.016583368,-0.012778502,-0.009478718,-0.0066061644,-0.0039206673,-0.0015012261,0.0009092842,0.003385214,0.0059043737,0.008327482,0.011138352,0.014196582,0.017734824,0.021873457,0.026691923,0.033787746,0.045795828,0.0009092842,2022-05-26,2022-05-25,0.0273304386377131,-0.026421154414842035,0.026421154414842035,0.0006980774006129267,1,0,0.05373869
r2_qqq_calendar,20,2,-0.05526129,-0.036529418,-0.027533846,-0.021532992,-0.01680568,-0.012923876,-0.0094851535,-0.0065377154,-0.0037466194,-0.0012662525,0.001183255,0.0036973485,0.006256571,0.008744987,0.011624627,0.014783183,0.018406425,0.022565208,0.027224056,0.034336522,0.046246644,0.001183255,2022-05-27,2022-05-25,0.0321182551391365,-0.030935000145615822,0.030935000145615822,0.000956974234009251,1,0,0.0547579
r2_qqq_calendar,20,3,-0.05608481,-0.037217792,-0.02818192,-0.022099204,-0.017375035,-0.013450183,-0.009966404,-0.0069496664,-0.0041088383,-0.0015263895,0.0010381609,0.0036189044,0.006266723,0.0088291755,0.011784354,0.0150462715,0.018720182,0.022935482,0.027645577,0.034931455,0.046980824,0.0010381609,2022-05-31,2022-05-25,-0.0026567552309775,0.0036949161045544987,0.0036949161045544987,1.3652405019696191e-05,0,1,0.0558275
r2_qqq_calendar,20,4,-0.055997945,-0.03724291,-0.028195981,-0.022104898,-0.01730381,-0.013361128,-0.009865463,-0.006813153,-0.003917125,-0.0013176443,0.001249251,0.0038273078,0.0064739124,0.009056179,0.012023987,0.015308634,0.019033195,0.02328052,0.02808308,0.03554022,0.04787577,0.001249251,2022-06-01,2022-05-25,-0.0074232359595381,0.008672486915417789,0.008672486915417789,7.521202929809274e-05,0,1,0.056279063
r2_qqq_calendar,20,5,-0.05778894,-0.038545243,-0.029031353,-0.022799062,-0.017889623,-0.013853798,-0.010274844,-0.007138225,-0.004156859,-0.0015128253,0.0010843123,0.0036940847,0.0063884994,0.008993646,0.012012856,0.015331103,0.019054707,0.023317434,0.028178696,0.035568804,0.048393603,0.0010843123,2022-06-02,2022-05-25,0.0270173668889322,-0.025933054558000775,0.025933054558000775,0.0006725233187082448,1,1,0.05721005
r2_qqq_calendar,21,1,-0.058723662,-0.039740555,-0.030501073,-0.024254335,-0.019289764,-0.015102054,-0.011409317,-0.008147919,-0.0050654165,-0.0022710268,0.00051884144,0.0033796385,0.0063013216,0.009125618,0.01240544,0.015970936,0.02009289,0.024888834,0.03040666,0.03847355,0.051496703,0.00051884144,2022-06-03,2022-06-02,-0.0263637056617606,0.026882547097893388,0.026882547097893388,0.0007226713384704562,0,1,0.060907733
r2_qqq_calendar,21,2,-0.0580605,-0.03951983,-0.030317077,-0.024027351,-0.018973852,-0.01477309,-0.011023211,-0.0077862437,-0.0046975776,-0.0019362757,0.00080592826,0.003624967,0.006501946,0.009293983,0.012517415,0.016080135,0.020196395,0.024954867,0.03026124,0.038264833,0.05128161,0.00080592826,2022-06-06,2022-06-02,0.0033255532174389,-0.002519624962007546,0.002519624962007546,6.348509949171527e-06,1,1,0.060578316
r2_qqq_calendar,21,3,-0.05836968,-0.03941327,-0.030074723,-0.023719452,-0.018732637,-0.014564255,-0.010841467,-0.0076014395,-0.004527556,-0.0017121723,0.0011048117,0.0039420594,0.0068630325,0.009665384,0.01287126,0.016391465,0.020342,0.024880132,0.029885909,0.037614375,0.050132725,0.0011048117,2022-06-07,2022-06-02,0.0085886232841835,-0.007483811612062213,0.007483811612062213,5.6007436244837225e-05,1,1,0.059960634
r2_qqq_calendar,21,4,-0.058346994,-0.039410125,-0.030104758,-0.023772262,-0.018716313,-0.014538768,-0.010815467,-0.0075517534,-0.004424343,-0.001596194,0.0012149026,0.004057309,0.0069637476,0.009777294,0.012970997,0.016468685,0.02041826,0.02491998,0.02994674,0.03776945,0.050712347,0.0012149026,2022-06-08,2022-06-02,-0.007222647581788,0.008437550196962651,0.008437550196962651,7.119225332626447e-05,0,1,0.0600515
r2_qqq_calendar,21,5,-0.058716763,-0.03984839,-0.03033243,-0.024020521,-0.01897855,-0.014807221,-0.011091521,-0.007815295,-0.004678595,-0.0018726073,0.00091391883,0.003744549,0.0066708624,0.0094794575,0.012700419,0.01619812,0.020125994,0.024643311,0.029784046,0.03756623,0.051007632,0.00091391883,2022-06-09,2022-06-02,-0.0271498500722219,0.028063768905470216,0.028063768905470216,0.0007875751251796369,0,1,0.060116477
r2_qqq_calendar,22,1,-0.060294196,-0.040679887,-0.030963933,-0.024418652,-0.019250792,-0.014928142,-0.011126393,-0.0077884663,-0.0046497895,-0.001803393,0.0010611847,0.004001325,0.006993645,0.009818869,0.013070145,0.016568147,0.020640329,0.025366547,0.03089306,0.039111696,0.053649172,0.0010611847,2022-06-10,2022-06-09,-0.0359075344036129,0.036968719084633575,0.036968719084633575,0.0013666861907585507,0,0,0.061856993
r2_qqq_calendar,22,2,-0.061487928,-0.041689284,-0.031688705,-0.024862256,-0.01942612,-0.014946079,-0.010979972,-0.00757117,-0.004342906,-0.0014580709,0.0014162997,0.004397548,0.007432162,0.010316882,0.013617792,0.017259324,0.02142249,0.026152395,0.031444892,0.039586097,0.05431234,0.0014162997,2022-06-13,2022-06-09,-0.0476117566990704,0.04902805642402178,0.04902805642402178,0.0024037503167170637,0,0,0.0631336
r2_qqq_calendar,22,3,-0.061606705,-0.04222147,-0.03263677,-0.026067125,-0.020857656,-0.016440189,-0.012451164,-0.00895466,-0.0056508733,-0.002611872,0.00043387787,0.0035151877,0.006675492,0.009666887,0.013095687,0.016882872,0.021141957,0.026017398,0.031433973,0.03988529,0.05476301,0.00043387787,2022-06-14,2022-06-09,0.0018139240399031,-0.001380046172722246,0.001380046172722246,1.9045274388453193e-06,1,1,0.06407075
r2_qqq_calendar,22,4,-0.062027127,-0.042971678,-0.033359103,-0.026670663,-0.021209968,-0.016622849,-0.012507839,-0.008911824,-0.0055079283,-0.0024537814,0.00057016657,0.0036405744,0.0067928126,0.0098131,0.013236633,0.016995559,0.02123614,0.026062377,0.031504765,0.040074214,0.054961637,0.00057016657,2022-06-15,2022-06-09,0.0246648180722919,-0.024094651507279713,0.024094651507279713,0.0005805522312572565,1,1,0.06486387
r2_qqq_calendar,22,5,-0.06235891,-0.042935416,-0.03309506,-0.026526732,-0.021175232,-0.016693367,-0.012665205,-0.009091895,-0.0056783007,-0.0026323507,0.00038613527,0.0034687982,0.0066452455,0.0096692825,0.013125189,0.016870607,0.021056572,0.025867743,0.031396516,0.03991721,0.05561953,0.00038613527,2022-06-16,2022-06-09,-0.0411828948301896,0.04156903010450113,0.04156903010450113,0.0017279842638289213,0,0,0.06449158
r2_qqq_calendar,23,1,-0.07282221,-0.05026717,-0.03845725,-0.03030403,-0.02378525,-0.01830116,-0.013577256,-0.009463455,-0.0056318743,-0.0022061374,0.0012290146,0.0047120047,0.008307434,0.01178873,0.015805788,0.020086924,0.024934184,0.030379744,0.03659639,0.045737382,0.061128642,0.0012290146,2022-06-17,2022-06-16,0.0120864175699185,-0.010857402973016666,0.010857402973016666,0.00011788319931847113,1,1,0.07505364
r2_qqq_calendar,23,2,-0.06949237,-0.04964506,-0.03928175,-0.03188128,-0.025661765,-0.020295676,-0.015445767,-0.011209911,-0.00714153,-0.0034945053,0.000109559056,0.0037024356,0.0072944593,0.0107976515,0.01484545,0.019325327,0.024501039,0.030466719,0.03705602,0.046979755,0.06309619,0.000109559056,2022-06-21,2022-06-16,0.024916328809207,-0.02480676975320715,0.02480676975320715,0.0006153758255886331,1,1,0.07633777
r2_qqq_calendar,23,3,-0.07155332,-0.04982115,-0.038535576,-0.03069317,-0.024363138,-0.018945016,-0.014065974,-0.00981428,-0.0058519444,-0.0022613467,0.0013232331,0.0048925793,0.008580629,0.012158584,0.016232613,0.02062722,0.025421893,0.030739808,0.03635756,0.045159683,0.05992221,0.0013232331,2022-06-22,2022-06-16,-0.0014595187182,0.0027827518439313493,0.0027827518439313493,7.743707824903325e-06,0,1,0.07489313
r2_qqq_calendar,23,4,-0.07144491,-0.050621696,-0.03972572,-0.03191466,-0.025432792,-0.019894695,-0.014919289,-0.010631859,-0.0066477032,-0.003091618,0.00043332484,0.0040121023,0.007719272,0.011361786,0.015460646,0.019873412,0.024781318,0.030244553,0.036143385,0.04543224,0.060921483,0.00043332484,2022-06-23,2022-06-16,0.0147828279878874,-0.014349503151692885,0.014349503151692885,0.00020590824070044404,1,1,0.075869106
r2_qqq_calendar,23,5,-0.0724968,-0.05129238,-0.040083177,-0.03226953,-0.02567289,-0.020054374,-0.014999495,-0.010585103,-0.006509718,-0.0029715504,0.0005090662,0.004039986,0.007701342,0.011259594,0.0153006045,0.019618444,0.02443398,0.029912222,0.036089074,0.045616426,0.062505476,0.0005090662,2022-06-24,2022-06-16,0.0336898228092279,-0.03318075659304594,0.03318075659304594,0.0011009626080869615,1,1,0.07617225
r2_qqq_calendar,24,1,-0.057107866,-0.03980258,-0.031046137,-0.025086392,-0.02027167,-0.016123934,-0.012367258,-0.00895402,-0.0056887046,-0.0027492922,0.00014580722,0.0030740956,0.006098571,0.009053164,0.012484122,0.016170103,0.020310016,0.024968645,0.03014939,0.037678026,0.050518025,0.00014580722,2022-06-27,2022-06-24,-0.007358760285343,0.007504567507340529,0.007504567507340529,5.6318533472231246e-05,0,1,0.06119553
r2_qqq_calendar,24,2,-0.05515697,-0.03814957,-0.029648185,-0.023879636,-0.01920283,-0.0152701335,-0.011687047,-0.008529838,-0.005464601,-0.0027135455,2.9133167e-05,0.0028480059,0.0057295514,0.008590243,0.011928989,0.015624102,0.019878728,0.024815127,0.030282967,0.03850415,0.05179085,2.9133167e-05,2022-06-28,2022-06-24,-0.0309404994483681,0.030969632615485933,0.030969632615485933,0.0009591181443381701,0,0,0.05993115
r2_qqq_calendar,24,3,-0.056755416,-0.03925035,-0.030230839,-0.024058908,-0.019170996,-0.015016749,-0.011253584,-0.007954855,-0.0048159473,-0.0019416714,0.00095100375,0.0038319083,0.0067889947,0.00967152,0.012977046,0.01657274,0.020550238,0.02503989,0.029887298,0.037360735,0.04977148,0.00095100375,2022-06-29,2022-06-24,0.0009166467819793,3.43569669442401e-05,3.43569669442401e-05,1.1804011776076068e-09,1,1,0.06011814
r2_qqq_calendar,24,4,-0.056433603,-0.0396767,-0.030815754,-0.02456285,-0.019425772,-0.0150656,-0.011122501,-0.0076636486,-0.004411696,-0.0015161966,0.0013461504,0.0042266278,0.007199272,0.010113997,0.013424244,0.016999045,0.020981967,0.025428582,0.030236406,0.037625123,0.050092507,0.0013461504,2022-06-30,2022-06-24,-0.0124806150373751,0.013826765450530656,0.013826765450530656,0.0001911794428239882,0,1,0.06105216
r2_qqq_calendar,24,5,-0.056747243,-0.039973374,-0.031063925,-0.024959186,-0.019883001,-0.015553161,-0.011606722,-0.008116898,-0.004824021,-0.0019287306,0.0009154448,0.0037768027,0.0067326915,0.009605439,0.01290801,0.016486254,0.020509118,0.025125343,0.030330593,0.038191322,0.0518614,0.0009154448,2022-07-01,2022-06-24,0.0065788873264722,-0.0056634425211853755,0.0056634425211853755,3.2074581190770564e-05,1,1,0.06139452
r2_qqq_calendar,25,1,-0.054000568,-0.03680616,-0.02846535,-0.022855612,-0.018399768,-0.01464937,-0.011339051,-0.0084211305,-0.005667679,-0.0031426759,-0.00059306034,0.002031664,0.004676779,0.007190183,0.0100987675,0.013250839,0.016899608,0.02119484,0.026226504,0.033714045,0.04604878,-0.00059306034,2022-07-05,2022-07-01,0.0169747470429686,-0.017567807379509984,0.017567807379509984,0.00030862785612356544,0,1,0.05469185
r2_qqq_calendar,25,2,-0.054906536,-0.037107404,-0.028379865,-0.022506943,-0.017836714,-0.013962124,-0.010496697,-0.007505036,-0.004652394,-0.002080779,0.00049173797,0.0031277286,0.005781402,0.008327125,0.011251579,0.014441945,0.018071553,0.022249239,0.026942346,0.034103524,0.04591223,0.00049173797,2022-07-06,2022-07-01,0.0063916909516316,-0.005899952981480593,0.005899952981480593,3.480944518368174e-05,1,1,0.05532221
r2_qqq_calendar,25,3,-0.054806028,-0.03725529,-0.028640775,-0.02280025,-0.018210556,-0.014354892,-0.010882946,-0.007842771,-0.0049547963,-0.0022934845,0.00038734346,0.0030848987,0.0058115097,0.008409028,0.011377196,0.014621825,0.018245975,0.022439446,0.027125394,0.03440936,0.046437323,0.00038734346,2022-07-07,2022-07-01,0.0211732520430597,-0.020785908581434424,0.020785908581434424,0.0004320539955557492,1,1,0.05576617
r2_qqq_calendar,25,4,-0.05411238,-0.036943857,-0.028495869,-0.02276536,-0.018175006,-0.014355155,-0.010919077,-0.007884793,-0.004963818,-0.0023100867,0.00035174866,0.0030398322,0.005765196,0.008390449,0.01138387,0.014683672,0.018413218,0.022711629,0.027579194,0.035100147,0.047278807,0.00035174866,2022-07-08,2022-07-01,0.0012532460459683,-0.0009014973838988602,0.0009014973838988602,8.12697533176489e-07,1,1,0.056075063
r2_qqq_calendar,25,5,-0.055084385,-0.037765864,-0.028981395,-0.02315895,-0.018502433,-0.01462933,-0.011156482,-0.008083549,-0.005129748,-0.0024769376,0.00018084947,0.0028627696,0.005605028,0.008218053,0.011214388,0.014460815,0.018058227,0.022191005,0.026885888,0.034029193,0.046247683,0.00018084947,2022-07-11,2022-07-01,-0.021595887768939,0.02177673723971923,0.02177673723971923,0.0004742262848077744,0,1,0.055867285
r2_qqq_calendar,26,1,-0.052896153,-0.035151362,-0.026688274,-0.021052655,-0.016633684,-0.012939188,-0.009705204,-0.0068939966,-0.004258315,-0.0018843763,0.00049393706,0.0029239205,0.005410454,0.007836801,0.0106838355,0.013775234,0.017343108,0.021509513,0.026404401,0.03388339,0.047702845,0.00049393706,2022-07-12,2022-07-11,-0.009734741489986,0.010228678545566318,0.010228678545566318,0.00010462586478852868,0,1,0.053092673
r2_qqq_calendar,26,2,-0.053580657,-0.0356652,-0.027072478,-0.021316433,-0.016754286,-0.012990853,-0.00964435,-0.0067666485,-0.004036388,-0.0016101914,0.0007988105,0.0032510355,0.005754968,0.008230672,0.01111911,0.014287919,0.01790345,0.0220858,0.026854198,0.03440626,0.04837745,0.0007988105,2022-07-13,2022-07-11,-0.0020632445238822,0.0028620550301217333,0.0028620550301217333,8.191358995445116e-06,0,1,0.053926677
r2_qqq_calendar,26,3,-0.054155547,-0.036093846,-0.027502494,-0.021730736,-0.01722771,-0.013440007,-0.0100388,-0.0070853243,-0.0043001035,-0.0017510467,0.00080961233,0.0033581732,0.0059676226,0.008523869,0.01150074,0.014776086,0.018457558,0.022722978,0.027582785,0.03539412,0.049823903,0.00080961233,2022-07-14,2022-07-11,0.0035646372210189,-0.002755024886313011,0.002755024886313011,7.590162124204018e-06,1,1,0.05508528
r2_qqq_calendar,26,4,-0.05446061,-0.036450904,-0.027749242,-0.0218845,-0.017234663,-0.013374493,-0.009921936,-0.006905129,-0.004033693,-0.0014422805,0.001129191,0.0036736068,0.0062661516,0.00882328,0.011783095,0.015049471,0.018758357,0.023006516,0.027870381,0.03567887,0.050048213,0.001129191,2022-07-15,2022-07-11,0.0179767790587838,-0.01684758803921148,0.01684758803921148,0.0002838412227389818,1,1,0.055619624
r2_qqq_calendar,26,5,-0.055670444,-0.037487302,-0.028382502,-0.022357253,-0.017575545,-0.013597812,-0.010044324,-0.006922434,-0.003960331,-0.0013452958,0.0012226695,0.0037677258,0.0063907965,0.0089595765,0.011958035,0.015257698,0.018965626,0.023223303,0.028136186,0.035851166,0.05051582,0.0012226695,2022-07-18,2022-07-11,-0.0084986988853166,0.009721368381517579,0.009721368381517579,9.450500320916971e-05,0,1,0.05651869
r2_qqq_calendar,27,1,-0.05228579,-0.03341858,-0.024772031,-0.01918007,-0.014921732,-0.011422328,-0.0083820075,-0.005729829,-0.0032489595,-0.0010102743,0.0012119886,0.003465754,0.0057570403,0.007976377,0.010578782,0.013362919,0.016569166,0.020313825,0.024729641,0.03143121,0.043169387,0.0012119886,2022-07-19,2022-07-18,0.0302898455545097,-0.0290778569312557,0.0290778569312557,0.0008455217637145752,1,0,0.049501672
r2_qqq_calendar,27,2,-0.05303815,-0.03450931,-0.026029093,-0.020456044,-0.016102655,-0.012531368,-0.009351463,-0.0066005155,-0.003994064,-0.0016748772,0.00061777444,0.0029324896,0.0052918335,0.0076095993,0.010323295,0.013285356,0.016684514,0.020647738,0.025183693,0.03231941,0.044470817,0.00061777444,2022-07-20,2022-07-18,0.0157319749691985,-0.01511420053294817,0.01511420053294817,0.00022843905775017073,1,1,0.051212788
r2_qqq_calendar,27,3,-0.054101832,-0.035267882,-0.026645316,-0.020973304,-0.016602164,-0.012976551,-0.0097458325,-0.0069392873,-0.0043006637,-0.0019076036,0.00047548485,0.0028442852,0.0052697,0.0076290765,0.010382814,0.013400856,0.01680524,0.020772127,0.025307823,0.03253883,0.044905655,0.00047548485,2022-07-21,2022-07-18,0.0142532761619883,-0.013777791313267347,0.013777791313267347,0.00018982753347194516,1,1,0.051953137
r2_qqq_calendar,27,4,-0.053854503,-0.035395533,-0.026894217,-0.021252945,-0.016809056,-0.013160492,-0.009899658,-0.0070412215,-0.0043314034,-0.0019029509,0.00050232955,0.0028887796,0.0053240648,0.007734625,0.010535592,0.013647509,0.017208422,0.021317165,0.026058933,0.03367059,0.046310328,0.00050232955,2022-07-22,2022-07-18,-0.0176909985561198,0.018193328108665942,0.018193328108665942,0.0003309971876695743,0,1,0.05295315
r2_qqq_calendar,27,5,-0.055345617,-0.036323562,-0.027202891,-0.021335782,-0.016784046,-0.013055607,-0.009746351,-0.0068326117,-0.004053748,-0.001581487,0.0008460125,0.0032531905,0.005722136,0.008127037,0.010912022,0.01397566,0.017394774,0.021329159,0.02590307,0.033136882,0.045854263,0.0008460125,2022-07-25,2022-07-18,-0.0057120842337355,0.006558096729193626,0.006558096729193626,4.3008632709460134e-05,0,1,0.05310596
r2_qqq_calendar,28,1,-0.054891597,-0.03545378,-0.026382796,-0.020483114,-0.015933536,-0.01218418,-0.008928691,-0.0060942997,-0.0034408555,-0.0010512694,0.0013335244,0.0037739738,0.0062541096,0.008669484,0.0114972815,0.014560512,0.018099762,0.022253921,0.027139744,0.034489006,0.047222212,0.0013335244,2022-07-26,2022-07-25,-0.0198442468611613,0.021177771217757473,0.021177771217757473,0.0004484979937516768,0,1,0.053522542
r2_qqq_calendar,28,2,-0.05481421,-0.035698853,-0.026664259,-0.020699877,-0.016040208,-0.01223414,-0.008875112,-0.0059967926,-0.0032694284,-0.00084229454,0.0015635146,0.004006666,0.00649284,0.008926815,0.011755125,0.014846356,0.018356737,0.02241251,0.027014367,0.034208022,0.04673994,0.0015635146,2022-07-27,2022-07-25,0.0413910503484826,-0.039827535765669816,0.039827535765669816,0.0015862326051657085,1,0,0.053678624
r2_qqq_calendar,28,3,-0.055190742,-0.035851207,-0.026775483,-0.02080323,-0.01620133,-0.0124011235,-0.009042213,-0.006142195,-0.0034221779,-0.00095627,0.001512595,0.003975717,0.0064830864,0.008920478,0.011736916,0.014831986,0.018300151,0.022328068,0.026902914,0.034199975,0.046826545,0.001512595,2022-07-28,2022-07-25,0.0097306417412924,-0.008218046754585429,0.008218046754585429,6.75362924605521e-05,1,1,0.053678397
r2_qqq_calendar,28,4,-0.055095267,-0.035955355,-0.026919983,-0.020989675,-0.016339896,-0.012539201,-0.00916402,-0.0062308437,-0.0034536417,-0.0009614255,0.0015144474,0.0039885887,0.006509273,0.008981526,0.011822332,0.0149574205,0.018490408,0.022526395,0.027117353,0.03435937,0.046902385,0.0015144474,2022-07-29,2022-07-25,0.0180723999030782,-0.016557952515770316,0.016557952515770316,0.00027416579151450453,1,1,0.054037336
r2_qqq_calendar,28,5,-0.05625313,-0.036653288,-0.027230067,-0.021193132,-0.016501859,-0.012666029,-0.009274747,-0.0063087195,-0.0034888433,-0.000979295,0.0015071518,0.0039870073,0.0065353774,0.009011464,0.01188658,0.015041995,0.018551975,0.022565683,0.02715443,0.034237895,0.04703673,0.0015071518,2022-08-01,2022-07-25,-0.0006023022525569,0.00210945400806121,0.00210945400806121,4.449796212125503e-06,0,1,0.0543845
r2_qqq_calendar,29,1,-0.051119242,-0.033136874,-0.024623657,-0.019015009,-0.014686664,-0.011119774,-0.008009848,-0.005305919,-0.0027761646,-0.0004929785,0.001767514,0.004067547,0.0064271553,0.008745918,0.011482849,0.014447822,0.017881537,0.021901108,0.026672015,0.033990283,0.04735668,0.001767514,2022-08-02,2022-08-01,-0.0029859243377438,0.004753438378437441,0.004753438378437441,2.2595176417601966e-05,0,1,0.05129567
r2_qqq_calendar,29,2,-0.05108796,-0.033542633,-0.025110293,-0.01948338,-0.015066158,-0.011450539,-0.00823824,-0.005479785,-0.0028587712,-0.0005219301,0.0017769528,0.0041138367,0.0065044896,0.008875563,0.011653467,0.014705989,0.018179024,0.022205275,0.026806366,0.03409607,0.047412094,0.0017769528,2022-08-03,2022-08-01,0.0268681335677434,-0.025091180805586675,0.025091180805586675,0.0006295673542186412,1,0,0.05191666
r2_qqq_calendar,29,3,-0.051621575,-0.033873208,-0.025391953,-0.019713216,-0.0153277945,-0.011702626,-0.0084897345,-0.005711305,-0.003106651,-0.0007335997,0.00162835,0.0039851125,0.006403302,0.008787617,0.011572813,0.014644404,0.018103868,0.022118352,0.02669588,0.03407892,0.047409046,0.00162835,2022-08-04,2022-08-01,0.0046655870810814,-0.0030372370802528954,0.0030372370802528954,9.224809081663132e-06,1,1,0.052087832
r2_qqq_calendar,29,4,-0.05130041,-0.033737287,-0.02539078,-0.0198165,-0.015434597,-0.011836988,-0.008622612,-0.005819892,-0.0031554478,-0.000761085,0.0016086935,0.0039709066,0.0063910056,0.0087897,0.011573729,0.014655812,0.018159527,0.02216978,0.02677874,0.03416635,0.047403272,0.0016086935,2022-08-05,2022-08-01,-0.0082023956497751,0.00981108915634377,0.00981108915634377,9.62574704337263e-05,0,1,0.05216952
r2_qqq_calendar,29,5,-0.05215178,-0.03424195,-0.025556752,-0.019903839,-0.015500868,-0.011876882,-0.008652104,-0.005819606,-0.0031135154,-0.00070938416,0.0016603959,0.004005339,0.0064347438,0.008813148,0.011592069,0.014665073,0.018113978,0.022079943,0.026690546,0.03395001,0.047479812,0.0016603959,2022-08-08,2022-08-01,-0.0032375800237071,0.0048979759030055485,0.0048979759030055485,2.399016794642302e-05,0,1,0.0522473
r2_qqq_calendar,30,1,-0.05209518,-0.032454148,-0.023893166,-0.018428111,-0.014274079,-0.010860235,-0.007919867,-0.0053735264,-0.0030039046,-0.00088946987,0.0011820528,0.0032857598,0.0054682614,0.007637703,0.010223877,0.01305251,0.01633292,0.020207759,0.024852922,0.032205813,0.04604918,0.0011820528,2022-08-09,2022-08-08,-0.0113831852370667,0.01256523800955887,0.01256523800955887,0.00015788520623686295,0,1,0.048746087
r2_qqq_calendar,30,2,-0.05328347,-0.03357059,-0.024884026,-0.019278608,-0.014959955,-0.011450696,-0.008360479,-0.0057142805,-0.0032193575,-0.0010170308,0.0011316927,0.0033036824,0.005539478,0.007773469,0.01041823,0.013326485,0.016671319,0.0205957,0.025155583,0.03257208,0.04649875,0.0011316927,2022-08-10,2022-08-08,0.0275286808345294,-0.026396988166106344,0.026396988166106344,0.0006968009842415584,1,0,0.05003961
r2_qqq_calendar,30,3,-0.05461105,-0.03440615,-0.025474364,-0.019674432,-0.015282608,-0.011698565,-0.008561946,-0.005870314,-0.003372797,-0.0011208586,0.0011006546,0.0033088794,0.00559057,0.007864429,0.010552242,0.013535938,0.016928498,0.02090515,0.025534675,0.033156577,0.047377698,0.0011006546,2022-08-11,2022-08-08,-0.0056923608402969,0.006793015437691069,0.006793015437691069,4.614505873670918e-05,0,1,0.051009037
r2_qqq_calendar,30,4,-0.054195333,-0.034138337,-0.025317246,-0.019631801,-0.015265464,-0.011729057,-0.0086099915,-0.005902599,-0.0033550023,-0.0010832938,0.0011551625,0.0033775836,0.005670839,0.007980242,0.010689695,0.013713979,0.017192833,0.021222636,0.025939006,0.033639662,0.04799549,0.0011551625,2022-08-12,2022-08-08,0.0192834600524987,-0.018128297589534045,0.018128297589534045,0.0003286351734947059,1,1,0.051256254
r2_qqq_calendar,30,5,-0.054534815,-0.03435037,-0.025265092,-0.019572183,-0.01525119,-0.011737596,-0.008636571,-0.005928162,-0.0033576197,-0.0010829263,0.0011487341,0.0033540134,0.005666246,0.007950701,0.01064713,0.013642525,0.017030735,0.020965379,0.025629196,0.033182513,0.04773154,0.0011487341,2022-08-15,2022-08-08,0.0080487483962172,-0.006900014270908507,0.006900014270908507,4.761019693874105e-05,1,1,0.05089429
r2_qqq_calendar,31,1,-0.0448512,-0.028377792,-0.020820975,-0.015972737,-0.012287501,-0.009249464,-0.0066252137,-0.004326297,-0.0021757577,-0.00026091066,0.0016196044,0.0035322579,0.0055261897,0.0075140004,0.0098855775,0.012472484,0.015463427,0.01897586,0.023164932,0.02979634,0.041705154,0.0016196044,2022-08-16,2022-08-15,-0.0023446120784542,0.003964216494645778,0.003964216494645778,1.571501241642166e-05,0,1,0.043985907
r2_qqq_calendar,31,2,-0.04627318,-0.029598914,-0.021850435,-0.016857395,-0.013033324,-0.009915843,-0.0071653486,-0.0047930405,-0.0025378116,-0.00055069674,0.0014019284,0.0033800201,0.0054338383,0.007496959,0.009933768,0.012606035,0.015679915,0.019287154,0.023469072,0.030280257,0.042494636,0.0014019284,2022-08-17,2022-08-15,-0.0114717452682467,0.012873673638133873,0.012873673638133873,0.000165731472941183,0,1,0.045319505
r2_qqq_calendar,31,3,-0.047253978,-0.03033839,-0.022343947,-0.017144699,-0.013220875,-0.010016573,-0.007198233,-0.004769082,-0.0025195335,-0.000503647,0.0014809617,0.0034589022,0.005512449,0.0075598257,0.0099698445,0.012638511,0.015680835,0.019270841,0.023482805,0.030431489,0.042939268,0.0014809617,2022-08-18,2022-08-15,0.0024020226487374,-0.0009210609645998171,0.0009210609645998171,8.483533005095456e-07,1,1,0.04582675
r2_qqq_calendar,31,4,-0.046881888,-0.030119756,-0.022308106,-0.01722445,-0.0133463135,-0.0101999305,-0.0074050976,-0.0049783234,-0.0026908312,-0.0006562831,0.00134897,0.0033509647,0.0054284395,0.00755036,0.010026673,0.01278685,0.015970102,0.019661918,0.023975963,0.03107306,0.043580737,0.00134897,2022-08-19,2022-08-15,-0.019689503156169,0.021038473148419203,0.021038473148419203,0.0004426173524167558,0,1,0.04628407
r2_qqq_calendar,31,5,-0.047709,-0.030685015,-0.02256763,-0.017433502,-0.01354896,-0.010381276,-0.007590059,-0.0051296493,-0.0027952688,-0.00071680837,0.0013239316,0.0033517117,0.0054871156,0.0076136612,0.010126696,0.012906117,0.01606514,0.0197348,0.02410035,0.03115389,0.04404655,0.0013239316,2022-08-22,2022-08-15,-0.0266798466408457,0.02800377825850801,0.02800377825850801,0.0007842115967516859,0,0,0.04666798
r2_qqq_calendar,32,1,-0.055400953,-0.03527509,-0.026002144,-0.019983841,-0.015394631,-0.011632164,-0.008378149,-0.0055540707,-0.002926865,-0.0005599829,0.0017817278,0.004155011,0.006594575,0.00900417,0.011859244,0.014946389,0.018541897,0.022777986,0.02782974,0.03571601,0.050289124,0.0017817278,2022-08-23,2022-08-22,-0.0008273004221576,0.0026090281915697004,0.0026090281915697004,6.807028104405462e-06,0,1,0.053831883
r2_qqq_calendar,32,2,-0.055182375,-0.035619017,-0.02648983,-0.020495025,-0.015849622,-0.012051957,-0.008705392,-0.0058291974,-0.0031209553,-0.000708492,0.0016677311,0.0040735193,0.0065598227,0.009028583,0.011929944,0.0151256975,0.018765086,0.022994243,0.027847944,0.03569978,0.050218675,0.0016677311,2022-08-24,2022-08-22,0.0028930087852994,-0.0012252776929879581,0.0012252776929879581,1.501305424933893e-06,1,1,0.054337773
r2_qqq_calendar,32,3,-0.055249996,-0.03567499,-0.02660091,-0.020638,-0.016066551,-0.0122980075,-0.008962642,-0.006084035,-0.003398568,-0.00096534705,0.0014578911,0.0038665878,0.006357421,0.008813104,0.011691506,0.014886776,0.018497141,0.022721149,0.027575351,0.035557084,0.050205633,0.0014578911,2022-08-25,2022-08-22,0.0175272096107264,-0.01606931853299187,0.01606931853299187,0.00025822299811475595,1,1,0.054176264
r2_qqq_calendar,32,4,-0.05533279,-0.035816267,-0.026762087,-0.02083337,-0.0162196,-0.012443943,-0.009098445,-0.0061848983,-0.0034317982,-0.0009678019,0.0014700209,0.0038890718,0.006381143,0.008860908,0.011755479,0.014970845,0.01863468,0.02285043,0.027733125,0.035736717,0.05030169,0.0014700209,2022-08-26,2022-08-22,-0.0418519489767976,0.04332196983257457,0.04332196983257457,0.0018767930701745008,0,0,0.05449521
r2_qqq_calendar,32,5,-0.05648089,-0.0366398,-0.027205013,-0.021173613,-0.016523942,-0.012700019,-0.009319492,-0.006350047,-0.003531173,-0.0010239751,0.0014425096,0.0038975019,0.00644889,0.008967945,0.011919931,0.015191944,0.018865962,0.023092398,0.0280204,0.03592616,0.05086695,0.0014425096,2022-08-29,2022-08-22,-0.0099041260345794,0.011346635621502224,0.011346635621502224,0.00012874613992714315,0,1,0.055225413
r2_qqq_calendar,33,1,-0.05960078,-0.038995914,-0.029434964,-0.023138156,-0.018256515,-0.014161757,-0.010547274,-0.0073821205,-0.0044130613,-0.0017355571,0.00088401017,0.0035467183,0.006294916,0.008977507,0.0121275075,0.015545096,0.019489884,0.02405607,0.02935754,0.037339948,0.051945947,0.00088401017,2022-08-30,2022-08-29,-0.0111990455718932,0.012083055737357334,0.012083055737357334,0.000146000235952084,0,1,0.0587925
r2_qqq_calendar,33,2,-0.05832676,-0.03882522,-0.029683651,-0.023494354,-0.018552696,-0.014443227,-0.01075642,-0.0076087085,-0.0046375804,-0.001993555,0.0006019868,0.0032836508,0.0060488153,0.008810248,0.012076565,0.015729787,0.019962028,0.024903342,0.030488914,0.039067972,0.05426045,0.0006019868,2022-08-31,2022-08-29,-0.0058304349011938,0.006432421673574569,0.006432421673574569,4.137604858667186e-05,0,1,0.060172565
r2_qqq_calendar,33,3,-0.060371485,-0.039842654,-0.030226214,-0.023757733,-0.01873733,-0.0145395845,-0.010801934,-0.007576263,-0.0045497734,-0.0017803726,0.0009783825,0.003746233,0.006606718,0.009426546,0.012701861,0.016331973,0.020414518,0.02509488,0.030257525,0.038454022,0.05318714,0.0009783825,2022-09-01,2022-08-29,0.000434181362367,0.0005442011747744423,0.0005442011747744423,2.9615491862588314e-07,1,1,0.06048374
r2_qqq_calendar,33,4,-0.060139433,-0.039746415,-0.030237427,-0.023848731,-0.018772434,-0.014561601,-0.010815253,-0.007536165,-0.004441042,-0.001668378,0.0010622076,0.003802008,0.0066304537,0.00941845,0.012645294,0.016196527,0.020226322,0.024816222,0.029972728,0.03815585,0.052984077,0.0010622076,2022-09-02,2022-08-29,-0.0142287400037255,0.01529094762617907,0.01529094762617907,0.00023381307930655132,0,1,0.060210153
r2_qqq_calendar,33,5,-0.061230622,-0.041080743,-0.031381384,-0.024927001,-0.019748481,-0.015386591,-0.011438256,-0.007989106,-0.0047761938,-0.0019752053,0.0007547628,0.0034970937,0.006383594,0.009221206,0.012534542,0.016192716,0.020339636,0.025136054,0.030612703,0.03902823,0.05467841,0.0007547628,2022-09-06,2022-08-29,-0.007208572585927,0.007963335376092843,0.007963335376092843,6.341471031213174e-05,0,1,0.061994087
r2_qqq_calendar,34,1,-0.049788114,-0.03326803,-0.025330773,-0.020124115,-0.01608433,-0.012685375,-0.009700682,-0.007090102,-0.004640006,-0.0024138156,-0.00020072376,0.0020487974,0.00435032,0.006605923,0.009275472,0.01218594,0.015555939,0.01952697,0.024243737,0.031633154,0.043938622,-0.00020072376,2022-09-07,2022-09-06,0.0200000116453966,-0.020200735408951887,0.020200735408951887,0.00040806971106248255,0,1,0.04957451
r2_qqq_calendar,34,2,-0.050423764,-0.033658314,-0.02563857,-0.020351682,-0.01621449,-0.012787554,-0.009707045,-0.0070444862,-0.0045109172,-0.002232612,3.2503187e-05,0.0023321782,0.004696156,0.007042998,0.009823995,0.012890234,0.016423812,0.020600555,0.025448894,0.033144422,0.04565364,3.2503187e-05,2022-09-08,2022-09-06,0.0051712412833418,-0.005138738096383889,0.005138738096383889,2.6406629223227115e-05,1,1,0.05108746
r2_qqq_calendar,34,3,-0.05107984,-0.03410376,-0.02603272,-0.020736013,-0.016640816,-0.013185877,-0.01007286,-0.007345429,-0.0047648842,-0.0023913367,2.4844267e-06,0.0023835308,0.0048204646,0.0072225938,0.010038661,0.013145366,0.016663259,0.020786868,0.025528269,0.033221122,0.04588613,2.4844267e-06,2022-09-09,2022-09-06,0.0216264215868781,-0.021623937160219035,0.021623937160219035,0.00046759465830910167,1,1,0.05156099
r2_qqq_calendar,34,4,-0.050149344,-0.03330127,-0.025348162,-0.020149589,-0.016063055,-0.012670257,-0.009622252,-0.006924294,-0.004345992,-0.002014219,0.00031739188,0.0026367554,0.005001174,0.0073524406,0.010096345,0.013146051,0.016648354,0.020723313,0.025475603,0.03320588,0.045690384,0.00031739188,2022-09-12,2022-09-06,0.0118158364557837,-0.01149844457453013,0.01149844457453013,0.00013221422763354138,1,1,0.050823763
r2_qqq_calendar,34,5,-0.050639678,-0.03353662,-0.025323696,-0.020127367,-0.016072288,-0.0126844,-0.009650992,-0.0069564544,-0.004372167,-0.0020531751,0.00025086326,0.00255029,0.0049344534,0.00727505,0.010030318,0.013068151,0.016505728,0.020531764,0.025278697,0.032834843,0.045478,0.00025086326,2022-09-13,2022-09-06,-0.0563976479112294,0.05664851117181894,0.05664851117181894,0.003209053817983695,0,0,0.05060239
r2_qqq_calendar,35,1,-0.058860127,-0.04074152,-0.031092288,-0.024360435,-0.018966459,-0.014447354,-0.01060593,-0.00735458,-0.0043760166,-0.0017377224,0.0008787991,0.003562384,0.0063627767,0.0091440305,0.012429609,0.016004827,0.020113232,0.024810053,0.030227218,0.0384575,0.05332692,0.0008787991,2022-09-14,2022-09-13,0.0079017521682926,-0.007022953043671745,0.007022953043671745,4.932186945361823e-05,1,1,0.061319508
r2_qqq_calendar,35,2,-0.057015527,-0.038842402,-0.029316664,-0.022807036,-0.017696278,-0.013491757,-0.009802702,-0.00668562,-0.0037709505,-0.0012070427,0.0013311864,0.0039370838,0.0066228467,0.0092937825,0.012435647,0.01592658,0.01988858,0.02442401,0.029558336,0.037733294,0.052931745,0.0013311864,2022-09-15,2022-09-13,-0.0167938510711174,0.01812503745880532,0.01812503745880532,0.00032851698288309604,0,1,0.058875002
r2_qqq_calendar,35,3,-0.05701807,-0.038180254,-0.028404709,-0.021941911,-0.017007269,-0.012935896,-0.009361218,-0.00630966,-0.0034765962,-0.0009044078,0.001652244,0.00418529,0.00678718,0.009348931,0.0123203825,0.015603352,0.0192714,0.023489831,0.028227044,0.035971474,0.050364472,0.001652244,2022-09-16,2022-09-13,-0.0061334806328971,0.00778572464569994,0.00778572464569994,6.061750825865945e-05,0,1,0.05663175
r2_qqq_calendar,35,4,-0.054799166,-0.03677963,-0.027789425,-0.021861244,-0.017174074,-0.013278036,-0.00979838,-0.006776399,-0.0039094663,-0.0013269668,0.0012231676,0.0037453617,0.00632256,0.008881283,0.011850698,0.015135582,0.018889517,0.023214841,0.028207354,0.036261592,0.051018864,0.0012231676,2022-09-19,2022-09-13,0.0077570932015004,-0.006533925564137324,0.006533925564137324,4.269218327768725e-05,1,1,0.05599678
r2_qqq_calendar,35,5,-0.05567917,-0.037108846,-0.027719727,-0.021706555,-0.017009996,-0.0131140845,-0.009663838,-0.006647611,-0.0037736716,-0.0012258452,0.0012844212,0.0037713344,0.0063370415,0.008854028,0.011787874,0.015027065,0.018662209,0.022829242,0.027623173,0.035202477,0.049788274,0.0012844212,2022-09-20,2022-09-13,-0.0080030220400149,0.009287443228771723,0.009287443228771723,8.625660172765773e-05,0,1,0.055342898
r2_qqq_calendar,36,1,-0.049680464,-0.031808283,-0.023188736,-0.017791282,-0.013806982,-0.0105440775,-0.007739463,-0.005316221,-0.0030615467,-0.0010431147,0.0009274548,0.002925421,0.00500358,0.0070557715,0.009497071,0.012164362,0.015252144,0.018885601,0.02319339,0.030005641,0.042647768,0.0009274548,2022-09-21,2022-09-20,-0.0180682902360061,0.0189957450279692,0.0189957450279692,0.00036083832916761666,0,1,0.046382125
r2_qqq_calendar,36,2,-0.05011367,-0.032171313,-0.023546752,-0.0180948,-0.014014978,-0.010725997,-0.007825041,-0.0053447275,-0.0030047419,-0.0009324554,0.0010818572,0.00313651,0.005244552,0.0073583247,0.009859068,0.012600833,0.015737135,0.019381963,0.023592565,0.030401815,0.042917322,0.0010818572,2022-09-22,2022-09-20,-0.0123842097522109,0.013466067000420317,0.013466067000420317,0.00018133496045980902,0,1,0.047139317
r2_qqq_calendar,36,3,-0.050684877,-0.032658033,-0.023956664,-0.018455744,-0.0143787945,-0.011044784,-0.008108136,-0.0055809394,-0.0032321613,-0.0011084226,0.0009828408,0.003059977,0.005212462,0.007370359,0.009916628,0.012738739,0.015943188,0.019680697,0.024002004,0.03110459,0.044101723,0.0009828408,2022-09-23,2022-09-20,-0.0164155072540443,0.017398348032350425,0.017398348032350425,0.0003027025142547919,0,1,0.04795867
r2_qqq_calendar,36,4,-0.049389265,-0.031792674,-0.023429211,-0.018157806,-0.014160989,-0.010895735,-0.007990768,-0.005454134,-0.0030573213,-0.00091984554,0.0011781321,0.0032704454,0.005438962,0.00762254,0.01019359,0.013058883,0.016348358,0.02015344,0.02457906,0.03182775,0.044858016,0.0011781321,2022-09-26,2022-09-20,-0.0041464718652499,0.005324604002533583,0.005324604002533583,2.8351407783796652e-05,0,1,0.04800827
r2_qqq_calendar,36,5,-0.050609462,-0.032628544,-0.023921393,-0.018533237,-0.0144569585,-0.011106456,-0.008124902,-0.005511874,-0.0030353575,-0.000849904,0.0012773685,0.0033799172,0.0055855326,0.007767819,0.010358991,0.013239483,0.016493753,0.020263527,0.02468583,0.031793892,0.04506679,0.0012773685,2022-09-27,2022-09-20,0.0004008534455465,0.0008765150701834042,0.0008765150701834042,7.68278668258618e-07,1,1,0.048607223
r2_qqq_calendar,37,1,-0.042597666,-0.028152287,-0.02126124,-0.016786482,-0.01334792,-0.010458881,-0.007923143,-0.005682106,-0.0035603312,-0.0016462569,0.0002496728,0.0021787155,0.004153657,0.0060799825,0.008350364,0.010823088,0.013662427,0.017000148,0.020948475,0.027233759,0.03841423,0.0002496728,2022-09-28,2022-09-27,0.0196969115668367,-0.019447238769328162,0.019447238769328162,0.00037819509575126033,1,1,0.042209715
r2_qqq_calendar,37,2,-0.042772174,-0.028330324,-0.021451665,-0.01697409,-0.013505321,-0.010625115,-0.008037243,-0.00578454,-0.003622324,-0.0016852953,0.00023612438,0.0021953506,0.004189083,0.006163601,0.008489819,0.0110257985,0.013938769,0.01736085,0.021315863,0.0276996,0.038764123,0.00023612438,2022-09-29,2022-09-27,-0.0292512173546546,0.02948734173700892,0.02948734173700892,0.0008695033227151482,0,0,0.04276753
r2_qqq_calendar,37,3,-0.04301506,-0.028507497,-0.02152899,-0.017002735,-0.013529631,-0.010617012,-0.007996818,-0.0057003046,-0.0035378397,-0.0015712588,0.00039817503,0.0023709724,0.0043925936,0.0063815103,0.008710911,0.011262173,0.0141561935,0.01754912,0.0214747,0.027871786,0.039050035,0.00039817503,2022-09-30,2022-09-27,-0.0171020430867093,0.01750021812091566,0.01750021812091566,0.00030625763427962485,0,1,0.04300369
r2_qqq_calendar,37,4,-0.042026177,-0.02784825,-0.021112762,-0.016744167,-0.013324873,-0.010472393,-0.007878847,-0.00558516,-0.0033866,-0.0014000293,0.0005727672,0.0025502837,0.004557567,0.0065696165,0.008894082,0.011471093,0.014420536,0.017832886,0.021820234,0.028359776,0.03952913,0.0005727672,2022-10-03,2022-09-27,0.0231892990037289,-0.02261653177863476,0.02261653177863476,0.000511507509693996,1,0,0.042932995
r2_qqq_calendar,37,5,-0.042632796,-0.028093355,-0.021125639,-0.016721863,-0.013298973,-0.010427768,-0.007846512,-0.0055351425,-0.0033054044,-0.0012980071,0.00069547235,0.002681877,0.004732087,0.006731359,0.009074039,0.011646782,0.014547931,0.017935606,0.021944262,0.028358504,0.039642926,0.00069547235,2022-10-04,2022-09-27,0.0309567400906944,-0.030261267740350338,0.030261267740350338,0.0009157443252531681,1,0,0.0430699
r2_qqq_calendar,38,1,-0.047146913,-0.031929802,-0.023984121,-0.018806309,-0.0148444455,-0.01153101,-0.008619658,-0.0060495962,-0.0036100966,-0.0013861477,0.00085373485,0.0031454684,0.0054730754,0.0077256784,0.010348591,0.013177729,0.016414795,0.020160062,0.024489608,0.03095038,0.04177935,0.00085373485,2022-10-05,2022-10-04,-0.0005317811278832,0.0013855159755070548,0.0013855159755070548,1.9196545183852657e-06,0,1,0.04847373
r2_qqq_calendar,38,2,-0.046768796,-0.031824775,-0.024012294,-0.018864514,-0.014858634,-0.011548556,-0.008576657,-0.0059892805,-0.0035003098,-0.0012517342,0.0009985453,0.0033022512,0.005638386,0.007930769,0.010600659,0.013509044,0.016803212,0.02056733,0.024793845,0.031257316,0.04189963,0.0009985453,2022-10-06,2022-10-04,-0.007904162983195,0.008902708304830902,0.008902708304830902,7.925821516090512e-05,0,1,0.04880614
r2_qqq_calendar,38,3,-0.047169335,-0.03212847,-0.024272446,-0.019128554,-0.015177736,-0.011852764,-0.008857912,-0.0062238746,-0.0037210921,-0.0014048374,0.000943684,0.0032885943,0.0056771715,0.008012341,0.010709156,0.013648989,0.016926337,0.020678848,0.024875272,0.031348526,0.04202008,0.000943684,2022-10-07,2022-10-04,-0.0388490812715104,0.03979276529065875,0.03979276529065875,0.0015834641694774556,0,0,0.049147718
r2_qqq_calendar,38,4,-0.045823798,-0.031178098,-0.0236531,-0.018714303,-0.01481666,-0.011553599,-0.008585079,-0.0059564235,-0.0034194344,-0.0011032742,0.0012246858,0.0035568525,0.005913479,0.0082172165,0.010855139,0.013730494,0.016966151,0.02063863,0.024795795,0.031200241,0.04169746,0.0012246858,2022-10-10,2022-10-04,-0.0100465207347736,0.01127120654434862,0.01127120654434862,0.00012704009696536716,0,1,0.048448894
r2_qqq_calendar,38,5,-0.045584064,-0.030831289,-0.023222407,-0.01834232,-0.014504595,-0.011283483,-0.00838293,-0.0057942537,-0.0032950884,-0.0010352717,0.0012270957,0.0034943377,0.0058115693,0.0080535095,0.01065338,0.013479313,0.016608892,0.020177547,0.024210613,0.030248985,0.040551648,0.0012270957,2022-10-11,2022-10-04,-0.0138332736073372,0.01506036933048936,0.01506036933048936,0.00022681472437074455,0,1,0.04743302
r2_qqq_calendar,39,1,-0.0475624,-0.03221046,-0.0243332,-0.01907778,-0.01502695,-0.011649396,-0.008702208,-0.0061328746,-0.003725566,-0.0015583836,0.00058473647,0.0027621998,0.005006493,0.007210289,0.009824745,0.0126847485,0.016008347,0.01993067,0.024575453,0.031872008,0.04482937,0.00058473647,2022-10-12,2022-10-11,-0.0003428078850866,0.0009275443514943759,0.0009275443514943759,8.603385239891223e-07,0,1,0.04890865
r2_qqq_calendar,39,2,-0.047323156,-0.032237064,-0.02446617,-0.019240042,-0.015158016,-0.011784355,-0.0087715825,-0.006173599,-0.0036995083,-0.0014924108,0.00068804476,0.002909952,0.005199658,0.007469076,0.010150124,0.013112756,0.016522542,0.020512654,0.025119962,0.03250775,0.04550352,0.00068804476,2022-10-13,2022-10-11,0.0231817686865472,-0.022493723924774,0.022493723924774,0.0005059676160039503,1,1,0.049586132
r2_qqq_calendar,39,3,-0.04779691,-0.032497853,-0.024582967,-0.019293113,-0.015220478,-0.011835729,-0.008810664,-0.006185449,-0.0037286761,-0.0014903756,0.0007374776,0.0029550195,0.0052481615,0.0075057456,0.010147672,0.013072881,0.016387247,0.02026601,0.024744654,0.03210364,0.045218594,0.0007374776,2022-10-14,2022-10-11,-0.0305185100923809,0.03125598771018486,0.03125598771018486,0.000976936767739227,0,0,0.04932762
r2_qqq_calendar,39,4,-0.04671963,-0.031639293,-0.02405723,-0.019004475,-0.015016521,-0.011691871,-0.008699798,-0.0060700234,-0.0035593782,-0.0012974517,0.0009468131,0.003183301,0.0054715886,0.007745133,0.010387095,0.01330983,0.016660318,0.020520503,0.025017925,0.03237798,0.04529653,0.0009468131,2022-10-17,2022-10-11,0.0324879599623965,-0.031541146874020425,0.031541146874020425,0.0009948439461285284,1,0,0.049075156
r2_qqq_calendar,39,5,-0.047391962,-0.031964682,-0.024107385,-0.019009726,-0.015026554,-0.011693432,-0.008704018,-0.0060623023,-0.0035366388,-0.0012789447,0.0009435532,0.0031609784,0.005458692,0.00771651,0.01037291,0.013314974,0.016635189,0.020496827,0.025015295,0.03220963,0.045311786,0.0009435532,2022-10-18,2022-10-11,0.007877070093203,-0.006933516866668724,0.006933516866668724,4.807365614037967e-05,1,1,0.04912268
r2_qqq_calendar,40,1,-0.05557792,-0.03737571,-0.028283741,-0.022336487,-0.017774379,-0.013951952,-0.010562936,-0.007512455,-0.004609763,-0.00200719,0.000556416,0.0031361533,0.0058301245,0.0085141715,0.011694182,0.015167837,0.019155,0.02376308,0.029096529,0.037313346,0.05202931,0.000556416,2022-10-19,2022-10-18,-0.0036537124957506,0.004210128490402216,0.004210128490402216,1.7725181905696442e-05,0,1,0.05738027
r2_qqq_calendar,40,2,-0.052795406,-0.035712745,-0.027278563,-0.02172443,-0.017391043,-0.013793128,-0.010565997,-0.0077339094,-0.00500449,-0.0025726215,-0.00014603949,0.0023335349,0.004930761,0.007543181,0.0106748855,0.014193976,0.01831993,0.023198571,0.02877887,0.03761192,0.052549418,-0.00014603949,2022-10-20,2022-10-18,-0.005114854470836,0.004968814985719511,0.004968814985719511,2.468912236231078e-05,1,1,0.05605743
r2_qqq_calendar,40,3,-0.054422792,-0.03678788,-0.02785934,-0.021974936,-0.017480724,-0.013734379,-0.010388964,-0.00747677,-0.0047322097,-0.0022212653,0.00030598207,0.0028279945,0.0054636407,0.008088766,0.011197245,0.014658639,0.018594582,0.023159785,0.028308146,0.036496203,0.050539527,0.00030598207,2022-10-21,2022-10-18,0.0231771323007943,-0.022871150227025325,0.022871150227025325,0.0005230895127071606,1,1,0.056167483
r2_qqq_calendar,40,4,-0.053287286,-0.036021005,-0.027482592,-0.02178762,-0.017309979,-0.01357087,-0.010206902,-0.0072526983,-0.004446108,-0.0019069866,0.00062429655,0.0031460286,0.0057484554,0.008382189,0.011455727,0.014890505,0.018881537,0.023506615,0.028820965,0.037337746,0.05185404,0.00062429655,2022-10-24,2022-10-18,0.0109413627675272,-0.010317066221079177,0.010317066221079177,0.00010644185541013298,1,1,0.056303557
r2_qqq_calendar,40,5,-0.05394816,-0.036293186,-0.02743841,-0.02174058,-0.017267562,-0.013539316,-0.010211262,-0.007253479,-0.004417751,-0.0018721726,0.0006335007,0.0031451914,0.0057508936,0.008334276,0.011375402,0.01475065,0.018636305,0.023186596,0.028489348,0.036856662,0.051629145,0.0006335007,2022-10-25,2022-10-18,0.0204747341485123,-0.019841233457474676,0.019841233457474676,0.00039367454511401247,1,1,0.055927757
r2_qqq_calendar,41,1,-0.04334902,-0.028111152,-0.020699348,-0.015957244,-0.012380891,-0.009437203,-0.0068756174,-0.004613555,-0.0024781458,-0.00055829633,0.0013404672,0.0032590763,0.005232952,0.00718524,0.009498113,0.011999642,0.014860859,0.018202804,0.022117127,0.028111037,0.03822908,0.0013404672,2022-10-26,2022-10-25,-0.0223440421710303,0.023684509421004907,0.023684509421004907,0.0005609559865136703,0,0,0.042816475
r2_qqq_calendar,41,2,-0.04403193,-0.028598059,-0.02100642,-0.016174637,-0.012509937,-0.009536371,-0.006904158,-0.004627094,-0.0024552993,-0.0005257704,0.0013827425,0.0033009353,0.0052643563,0.0072144563,0.009496105,0.011971986,0.0147752445,0.018020933,0.021703273,0.02750984,0.037246495,0.0013827425,2022-10-27,2022-10-25,-0.0183740417187532,0.019756784261526685,0.019756784261526685,0.0003903305243565085,0,1,0.042709693
r2_qqq_calendar,41,3,-0.043953285,-0.028698077,-0.021193942,-0.016388508,-0.012772144,-0.009807775,-0.0071874494,-0.0049102376,-0.0027809,-0.0008621258,0.0010486117,0.0029460543,0.0049113096,0.0068685208,0.00916384,0.011693478,0.014557491,0.017899431,0.021740628,0.027775979,0.03767914,0.0010486117,2022-10-28,2022-10-25,0.0301420819730463,-0.029093470263198255,0.029093470263198255,0.0008464300119556011,1,0,0.04293457
r2_qqq_calendar,41,4,-0.0425799,-0.02790089,-0.020697951,-0.016057665,-0.012515033,-0.009627827,-0.0070325737,-0.004767599,-0.0026204786,-0.00070126966,0.001197662,0.0030910643,0.005025609,0.0069716116,0.009221457,0.011707758,0.014532148,0.01776686,0.021479843,0.027358646,0.03700227,0.001197662,2022-10-31,2022-10-25,-0.0116960489044551,0.01289371087612847,0.01289371087612847,0.00016624778015719358,0,1,0.042177796
r2_qqq_calendar,41,5,-0.042387325,-0.027668057,-0.020322291,-0.015703581,-0.012202189,-0.00934077,-0.006810402,-0.0045718905,-0.0024412845,-0.00052876584,0.0013635638,0.0032447465,0.005188419,0.007095514,0.009327362,0.011763448,0.01449599,0.017613938,0.02123891,0.02683191,0.036334597,0.0013635638,2022-11-01,2022-10-25,-0.0102703591731032,0.011633922990097629,0.011633922990097629,0.00013534816413952216,0,1,0.0415612
r2_qqq_calendar,42,1,-0.047843456,-0.031336315,-0.02351719,-0.018371187,-0.014406603,-0.011107683,-0.008236851,-0.0057259095,-0.0033721542,-0.0012515653,0.0008525001,0.0029995167,0.0052139945,0.007383126,0.009948341,0.012732975,0.015931096,0.019684706,0.024106607,0.030817572,0.04234581,0.0008525001,2022-11-02,2022-11-01,-0.0348785160885288,0.0357310161770417,0.0357310161770417,0.0012767055170440156,0,0,0.0476238
r2_qqq_calendar,42,2,-0.048676874,-0.032283563,-0.024449231,-0.019248534,-0.0151646715,-0.011796109,-0.008785205,-0.0061865854,-0.0037110988,-0.0015070802,0.00066531147,0.002876734,0.005137449,0.007381777,0.010018244,0.012906884,0.016206838,0.020055184,0.024457425,0.031342242,0.043030255,0.00066531147,2022-11-03,2022-11-01,-0.0197278218585731,0.02039313332733824,0.02039313332733824,0.00041587988690659365,0,1,0.048906654
r2_qqq_calendar,42,3,-0.049647957,-0.032960914,-0.024935454,-0.019568786,-0.015438196,-0.012004254,-0.008952236,-0.0063027483,-0.0038233416,-0.00156799,0.00067880563,0.0029197184,0.0052259113,0.0075124786,0.010187726,0.013136695,0.016466942,0.020337347,0.02477679,0.031770326,0.043617778,0.00067880563,2022-11-04,2022-11-01,0.0159569279410219,-0.015278122306642512,0.015278122306642512,0.0002334210212167275,1,1,0.049712244
r2_qqq_calendar,42,4,-0.04921119,-0.032711547,-0.024758527,-0.019459415,-0.015324862,-0.011923058,-0.008876301,-0.006209366,-0.0036706543,-0.001399602,0.0008539464,0.0031006997,0.005403781,0.0076988465,0.010367398,0.013318958,0.016669786,0.020513812,0.024916736,0.031856883,0.043529812,0.0008539464,2022-11-07,2022-11-01,0.0109346123015244,-0.010080665927260786,0.010080665927260786,0.00010161982553703658,1,1,0.049675263
r2_qqq_calendar,42,5,-0.04975402,-0.033185754,-0.024943514,-0.01957389,-0.01540427,-0.011969073,-0.008914009,-0.006217314,-0.0036395097,-0.0013387648,0.0009253225,0.0031783476,0.005515137,0.0077995835,0.010476214,0.0134203825,0.01671403,0.020481039,0.024831321,0.031529114,0.04338602,0.0009253225,2022-11-08,2022-11-01,0.0072605502087353,-0.006335227679806782,0.006335227679806782,4.0135109754990016e-05,1,1,0.049774833
r2_qqq_calendar,43,1,-0.047383342,-0.03116373,-0.023217635,-0.018031957,-0.014090203,-0.010812937,-0.007957112,-0.005455814,-0.0031092386,-0.0009941482,0.001097848,0.0032078344,0.0053755976,0.0075046523,0.010020333,0.01273364,0.015850428,0.019497579,0.0238074,0.03046714,0.04224267,0.001097848,2022-11-09,2022-11-08,-0.023346595266923,0.024444443323738563,0.024444443323738563,0.0005975308094074668,0,0,0.047025036
r2_qqq_calendar,43,2,-0.047188666,-0.03171512,-0.024208475,-0.019265689,-0.015393204,-0.012176166,-0.0092718555,-0.006741812,-0.0043203165,-0.0021556155,-1.8257313e-05,0.0021536946,0.004381576,0.0066135754,0.009257182,0.012165866,0.015523449,0.019476876,0.024013411,0.031178221,0.043224093,-1.8257313e-05,2022-11-10,2022-11-08,0.0711929997477418,-0.07121125706080052,0.07121125706080052,0.005071043132179411,0,0,0.048221886
r2_qqq_calendar,43,3,-0.048988797,-0.032802764,-0.024789913,-0.019494524,-0.01544672,-0.0120728845,-0.009069854,-0.006460868,-0.0040178574,-0.0017977784,0.0004028568,0.00258822,0.004842574,0.007083804,0.009715388,0.012610092,0.015874304,0.01964169,0.023926266,0.030754691,0.042361252,0.0004028568,2022-11-11,2022-11-08,0.0182584576680964,-0.017855600875307447,0.017855600875307447,0.0003188224826182801,1,1,0.04871618
r2_qqq_calendar,43,4,-0.047687165,-0.031987093,-0.024296843,-0.01922147,-0.015250717,-0.011952651,-0.008984207,-0.006369435,-0.0038811313,-0.0016550942,0.00054067536,0.0027157823,0.004942924,0.0071744015,0.00978409,0.0126785245,0.015986454,0.01977954,0.024145495,0.031187102,0.043047726,0.00054067536,2022-11-14,2022-11-08,-0.0087896716733245,0.009330347035896573,0.009330347035896573,8.705537581026397e-05,0,1,0.048442338
r2_qqq_calendar,43,5,-0.048601177,-0.03261457,-0.024559595,-0.019353293,-0.01529915,-0.011930526,-0.008911171,-0.0062314738,-0.0036668573,-0.0013831914,0.00084690604,0.003053946,0.0053286203,0.0075529106,0.010156655,0.013023061,0.016243491,0.019950733,0.024272382,0.031079369,0.04310079,0.00084690604,2022-11-15,2022-11-08,0.0137435381227701,-0.01289663208150929,0.01289663208150929,0.00016632311904581467,1,1,0.048831977
r2_qqq_calendar,44,1,-0.054803856,-0.037822843,-0.029096536,-0.02319294,-0.018504847,-0.014538742,-0.011007158,-0.007861008,-0.0048674503,-0.0021614453,0.0005447739,0.0033102995,0.0061454056,0.008927676,0.012197985,0.01575785,0.019854821,0.024599813,0.030070558,0.038228597,0.051905256,0.0005447739,2022-11-16,2022-11-15,-0.01374353812277,0.014288312003162313,0.014288312003162313,0.00020415585989971225,0,1,0.059167095
r2_qqq_calendar,44,2,-0.053998794,-0.03739576,-0.028829273,-0.022947568,-0.018228786,-0.014287767,-0.010752394,-0.0076721236,-0.0047093565,-0.002048824,0.00061158836,0.0033392778,0.0061424957,0.008916136,0.012185781,0.0158259,0.020046666,0.024970368,0.03055273,0.039109223,0.05332588,0.00061158836,2022-11-17,2022-11-15,-0.0022094332073834,0.0028210215662624895,0.0028210215662624895,7.958162677318069e-06,0,1,0.059382003
r2_qqq_calendar,44,3,-0.054487802,-0.037585974,-0.028838221,-0.022875836,-0.018191112,-0.014234264,-0.010679581,-0.007563467,-0.0046041533,-0.0018834705,0.00086600817,0.0036243089,0.0064517534,0.009216077,0.012431508,0.015981149,0.01998595,0.024609787,0.029791964,0.03793111,0.051514916,0.00086600817,2022-11-18,2022-11-15,3.4852794622352704e-05,0.0008311553711357505,0.0008311553711357505,6.908192509678071e-07,1,1,0.058630183
r2_qqq_calendar,44,4,-0.053478464,-0.036842983,-0.028240325,-0.022407735,-0.017725404,-0.013821364,-0.010304898,-0.0072128284,-0.0042476403,-0.0015521755,0.0011344,0.003824582,0.0065628323,0.009261256,0.012368739,0.015801784,0.019713616,0.024176214,0.029258022,0.037248105,0.050788134,0.0011344,2022-11-21,2022-11-15,-0.0103403721975027,0.011474772220650164,0.011474772220650164,0.0001316703975158047,0,1,0.057498347
r2_qqq_calendar,44,5,-0.053808816,-0.037134156,-0.028385071,-0.022542812,-0.017834665,-0.013902372,-0.010391233,-0.0072751837,-0.004278153,-0.0015863453,0.0010869952,0.0037713707,0.006537178,0.009226298,0.012358618,0.015797943,0.019681271,0.024148215,0.02928443,0.03712378,0.050847646,0.0010869952,2022-11-22,2022-11-15,0.0143000820357924,-0.013213086797354152,0.013213086797354152,0.0001745856627144146,1,1,0.0576695
r2_qqq_calendar,45,1,-0.046824124,-0.030808302,-0.023229813,-0.018213978,-0.014310407,-0.0110512255,-0.008219097,-0.005727591,-0.0033861334,-0.0012889882,0.0007935478,0.0029107777,0.005094746,0.007242157,0.0097914785,0.01258015,0.015795503,0.019588945,0.024099542,0.031106705,0.04353537,0.0007935478,2022-11-23,2022-11-22,0.0099868096569733,-0.009193261879979936,0.009193261879979936,8.451606399389222e-05,1,1,0.047329355
r2_qqq_calendar,45,2,-0.047364,-0.031117618,-0.023372725,-0.0182559,-0.014258152,-0.010968955,-0.008051186,-0.0055293622,-0.0031326378,-0.0010068316,0.0010944111,0.0032186285,0.005395566,0.0075552785,0.010095003,0.01286326,0.016036078,0.019737747,0.024005884,0.03078259,0.04266229,0.0010944111,2022-11-25,2022-11-22,-0.0066002495634748,0.007694660690744068,0.007694660690744068,5.9207803145681977e-05,0,1,0.047378607
r2_qqq_calendar,45,3,-0.047625087,-0.031328995,-0.023537064,-0.018354183,-0.014369945,-0.011076327,-0.008157422,-0.0056258393,-0.0032658407,-0.0011356075,0.0009881571,0.0031045466,0.00529305,0.0074651367,0.010021234,0.012845775,0.016055295,0.019807396,0.024165953,0.03110932,0.04320894,0.0009881571,2022-11-28,2022-11-22,-0.0147820188776993,0.015770175994507297,0.015770175994507297,0.0002486984508977342,0,1,0.047703017
r2_qqq_calendar,45,4,-0.047220025,-0.031074816,-0.023403052,-0.018304572,-0.0143379755,-0.011091203,-0.008181579,-0.0056385426,-0.0032254173,-0.0010672896,0.0010733588,0.0032113488,0.0054041655,0.007615061,0.010189841,0.013050761,0.01632381,0.020086551,0.024447467,0.031397026,0.043464594,0.0010733588,2022-11-29,2022-11-22,-0.0075982559608747,0.00867161477417543,0.00867161477417543,7.519690279169759e-05,0,1,0.04785052
r2_qqq_calendar,45,5,-0.047738124,-0.031434957,-0.023508366,-0.018371103,-0.014410094,-0.011153089,-0.00826069,-0.005703834,-0.003260805,-0.001073987,0.0010868511,0.0032368412,0.0054734927,0.0076737376,0.010270537,0.013135197,0.016377369,0.020121664,0.024505556,0.031335976,0.043715693,0.0010868511,2022-11-30,2022-11-22,0.0445771185399161,-0.04349026742364627,0.04349026742364627,0.001891403360580268,1,0,0.04801392
r2_qqq_calendar,46,1,-0.050379094,-0.032650534,-0.024433441,-0.01910199,-0.014980611,-0.011553293,-0.008570808,-0.0059432723,-0.0034680378,-0.0012369714,0.0010027997,0.0032883636,0.0056287195,0.007936717,0.0106615,0.013642808,0.0170763,0.021129109,0.025955327,0.03348725,0.04758226,0.0010027997,2022-12-01,2022-11-30,0.0012265523393986,-0.0002237526198265328,0.0002237526198265328,5.0065234879236915e-08,1,1,0.05038877
r2_qqq_calendar,46,2,-0.051266864,-0.03336244,-0.024994818,-0.019581096,-0.015365493,-0.01190341,-0.0088266,-0.0061623547,-0.0036170357,-0.0013475893,0.0009145912,0.0032059993,0.0055460604,0.007877064,0.010618748,0.013608114,0.01702697,0.021019768,0.025586449,0.032938104,0.046485435,0.0009145912,2022-12-02,2022-11-30,-0.0039914346199452,0.004906025809884728,0.004906025809884728,2.4069089247255104e-05,0,1,0.05058127
r2_qqq_calendar,46,3,-0.051480588,-0.03373697,-0.025499376,-0.020111375,-0.015963983,-0.0125181945,-0.009441871,-0.0067587127,-0.0042340904,-0.001931501,0.0003857845,0.002699051,0.0050797234,0.007459905,0.01026533,0.013363719,0.016884828,0.021014368,0.025769282,0.033400998,0.04727862,0.0003857845,2022-12-05,2022-11-30,-0.016925727532847,0.017311512018690033,0.017311512018690033,0.0002996884483732495,0,1,0.05126866
r2_qqq_calendar,46,4,-0.050460096,-0.033190247,-0.025179321,-0.019886052,-0.015751496,-0.012346008,-0.009280585,-0.006590807,-0.004026813,-0.0017112601,0.00059309445,0.0028953974,0.005240618,0.0076024425,0.010360464,0.01342717,0.01695554,0.021051764,0.025804952,0.03345365,0.047300395,0.00059309445,2022-12-06,2022-11-30,-0.0209381938320678,0.02153128827829848,0.02153128827829848,0.00046359637492319355,0,1,0.05098427
r2_qqq_calendar,46,5,-0.050885987,-0.03348107,-0.025111413,-0.01973112,-0.015587687,-0.0121757155,-0.009150123,-0.0064748516,-0.0039048926,-0.0015968726,0.00071150385,0.0030115766,0.005392648,0.0077338303,0.010483773,0.01350429,0.01692317,0.020887103,0.025483506,0.03272118,0.046568666,0.00071150385,2022-12-07,2022-11-30,-0.0040908468304449,0.004802350676550088,0.004802350676550088,2.306257202056109e-05,0,1,0.05059492
r2_qqq_calendar,47,1,-0.04589404,-0.030322358,-0.022942524,-0.0180338,-0.014197017,-0.010980951,-0.008174982,-0.0056917947,-0.0033494392,-0.0012437617,0.0008646821,0.0030094204,0.0052186227,0.007396564,0.009985894,0.012819306,0.01610056,0.01999175,0.024671152,0.03218996,0.045984264,0.0008646821,2022-12-08,2022-12-07,0.0117650738885997,-0.010900391809772527,0.010900391809772527,0.00011881854160655599,1,1,0.047613677
r2_qqq_calendar,47,2,-0.04628261,-0.030874474,-0.023509435,-0.018577447,-0.014684627,-0.011448897,-0.008554957,-0.006029373,-0.0036101802,-0.0014534483,0.0007067776,0.0028933082,0.005148766,0.00739034,0.0100428555,0.012951734,0.016314937,0.020299042,0.024945829,0.032579977,0.04639267,0.0007067776,2022-12-09,2022-12-07,-0.0063970690060444,0.0071038466229140585,0.0071038466229140585,5.0464636841887476e-05,0,1,0.048455264
r2_qqq_calendar,47,3,-0.04697958,-0.031284064,-0.023772348,-0.018745733,-0.014842573,-0.011576501,-0.00865216,-0.0060976255,-0.003699801,-0.0015143645,0.0006909203,0.0028878055,0.005160489,0.007410462,0.010065077,0.013000168,0.016351797,0.020316003,0.024961017,0.032640602,0.04657817,0.0006909203,2022-12-12,2022-12-07,0.0124734717374951,-0.011782551459065115,0.011782551459065115,0.00013882851888551747,1,1,0.048733365
r2_qqq_calendar,47,4,-0.046641357,-0.030994872,-0.023557149,-0.018590836,-0.014692777,-0.011459732,-0.008550284,-0.0059940885,-0.0035571768,-0.0013567185,0.000844259,0.003039929,0.0052877585,0.007562898,0.010215722,0.013167533,0.016578365,0.020553613,0.025234902,0.03296786,0.04677821,0.000844259,2022-12-13,2022-12-07,0.0106926936680402,-0.009848434678367091,0.009848434678367091,9.699166561406351e-05,1,1,0.04879205
r2_qqq_calendar,47,5,-0.047479924,-0.031517025,-0.023780227,-0.018765671,-0.014857713,-0.011609626,-0.008712029,-0.0061387536,-0.0036687716,-0.0014411106,0.00077450153,0.0029910402,0.005287365,0.007559171,0.010237695,0.013192977,0.016576003,0.020540195,0.0252613,0.032910507,0.047106713,0.00077450153,2022-12-14,2022-12-07,-0.0074416374260686,0.008216138957919146,0.008216138957919146,6.750493937583672e-05,0,1,0.049041525
r2_qqq_calendar,48,1,-0.044432424,-0.029277485,-0.021750897,-0.016902499,-0.013222555,-0.010183541,-0.007544635,-0.00523756,-0.0030720707,-0.0011310212,0.0007837656,0.002724177,0.0047333916,0.0067166053,0.009078156,0.011663204,0.014670833,0.018251209,0.022568623,0.029629856,0.042930912,0.0007837656,2022-12-15,2022-12-14,-0.0341528970447647,0.03493666261688793,0.03493666261688793,0.0012205703948062546,0,0,0.044319518
r2_qqq_calendar,48,2,-0.045456573,-0.030009007,-0.022323988,-0.017365519,-0.013568567,-0.010474569,-0.0077342107,-0.00537369,-0.0031254345,-0.0011320584,0.0008389723,0.0028360037,0.004891985,0.0069420403,0.009366726,0.012040035,0.015128773,0.018798456,0.023113312,0.03028541,0.04348048,0.0008389723,2022-12-16,2022-12-14,-0.0095800136513024,0.010418985930173041,0.010418985930173041,0.00010855526781314379,0,1,0.0454373
r2_qqq_calendar,48,3,-0.045833934,-0.030290863,-0.022497438,-0.017455002,-0.013650037,-0.010518963,-0.007752066,-0.0053594103,-0.0031344353,-0.0011221103,0.0008822945,0.0028791903,0.004952623,0.007017665,0.009454344,0.01217327,0.015290092,0.018995263,0.023378791,0.030736776,0.044185326,0.0008822945,2022-12-19,2022-12-14,-0.0141534173290955,0.01503571182375421,0.01503571182375421,0.00022607263004698213,0,1,0.045876227
r2_qqq_calendar,48,4,-0.044867426,-0.029751733,-0.02231088,-0.017471505,-0.013729063,-0.010655426,-0.007895571,-0.005481157,-0.0031901677,-0.0011364159,0.00090059184,0.0029321788,0.005019897,0.00712811,0.009600598,0.012370184,0.01558984,0.019372355,0.023876324,0.031462874,0.045083404,0.00090059184,2022-12-20,2022-12-14,-0.0007788611213454,0.0016794529613816133,0.0016794529613816133,2.8205622494934707e-06,0,1,0.046187203
r2_qqq_calendar,48,5,-0.04586181,-0.030135175,-0.022301065,-0.01737177,-0.0136100445,-0.010519542,-0.007774291,-0.005349565,-0.0030282657,-0.0009445674,0.0011131361,0.0031703992,0.0053085485,0.0074217087,0.009929118,0.012723435,0.015922748,0.019702591,0.024254657,0.031748455,0.045580477,0.0011131361,2022-12-21,2022-12-14,0.0144018406264291,-0.013288704560305257,0.013288704560305257,0.00017658966889107773,1,1,0.04655572
r2_qqq_calendar,49,1,-0.038840923,-0.02546312,-0.0189085,-0.014612344,-0.011285049,-0.008527319,-0.00612543,-0.003995133,-0.001985129,-0.00017362977,0.0016253269,0.0034544007,0.0053412593,0.0072087892,0.00942919,0.011847978,0.014637337,0.017937154,0.021904698,0.02834887,0.040614758,0.0016253269,2022-12-22,2022-12-21,-0.0247695090055399,0.026394835933291203,0.026394835933291203,0.0006966873639453605,0,0,0.0408132
r2_qqq_calendar,49,2,-0.04014848,-0.026697712,-0.020025726,-0.015653195,-0.01223716,-0.009427019,-0.006917323,-0.004733691,-0.0026228763,-0.0007397083,0.0011355197,0.003039312,0.0049901786,0.006929918,0.009217857,0.011724323,0.014586542,0.017954916,0.02187461,0.028407149,0.0407428,0.0011355197,2022-12-23,2022-12-21,0.0022467920847749,-0.0011112723790621046,0.0011112723790621046,1.2349263004663498e-06,1,1,0.041900337
r2_qqq_calendar,49,3,-0.04039477,-0.027160898,-0.020496264,-0.0160521,-0.012614504,-0.009761877,-0.0072209206,-0.0050033405,-0.0029234851,-0.0010365904,0.00085182604,0.0027410586,0.004691424,0.006637363,0.008931973,0.0114689395,0.01435733,0.0177799,0.021811632,0.028542858,0.04118911,0.00085182604,2022-12-27,2022-12-21,-0.0142390509831932,0.01509087702699272,0.01509087702699272,0.00022773456944381662,0,1,0.0423079
r2_qqq_calendar,49,4,-0.039715055,-0.026812788,-0.020351747,-0.016025562,-0.012639158,-0.009840157,-0.00730297,-0.0050832913,-0.0029644938,-0.0010559976,0.0008557228,0.002770344,0.0047307536,0.0067065046,0.008994113,0.011539611,0.014461888,0.017875334,0.021918502,0.028682938,0.041290477,0.0008557228,2022-12-28,2022-12-21,-0.0132907915406687,0.014146514354535733,0.014146514354535733,0.00020012386838308554,0,1,0.04227025
r2_qqq_calendar,49,5,-0.039878327,-0.02683629,-0.020172631,-0.015813828,-0.012436814,-0.009645556,-0.0071592783,-0.004953208,-0.0028405217,-0.00093568757,0.00096728094,0.00287122,0.004847088,0.006788983,0.009074498,0.011597726,0.01446953,0.017834308,0.021867001,0.028460585,0.041030947,0.00096728094,2022-12-29,2022-12-21,0.0240827251932938,-0.023115444254072418,0.023115444254072418,0.0005343237630631296,1,0,0.042039633
