model,window,horizon,q0.01,q0.05,q0.1,q0.15,q0.2,q0.25,q0.3,q0.35,q0.4,q0.45,q0.5,q0.55,q0.6,q0.65,q0.7,q0.75,q0.8,q0.85,q0.9,q0.95,q0.99,prediction,date,forecast_origin,actual,error,abs_error,squared_error,correct_direction,interval_coverage,interval_width
r3_control_nofuture,0,1,-0.025994772,-0.013733169,-0.00887921,-0.0060323435,-0.003990307,-0.0023956774,-0.0010599728,7.754075e-05,0.0011218789,0.0020250727,0.002902061,0.0037850356,0.004690253,0.0055941893,0.00669454,0.007913131,0.00936348,0.01115298,0.013426641,0.017545091,0.026100555,0.002902061,2022-01-03,2021-12-31,0.0095804990329134,-0.00667843805293615,0.00667843805293615,4.46015348269056e-05,1,1,0.02230585
r3_control_nofuture,0,2,-0.026356746,-0.014061543,-0.009259205,-0.0064341594,-0.004412756,-0.0028351564,-0.0014872534,-0.0003582337,0.00069254695,0.0016033014,0.0025118848,0.0034206044,0.004374446,0.0053264415,0.0064603505,0.0077193556,0.009191416,0.011011528,0.013259483,0.017375153,0.025912862,0.0025118848,2022-01-04,2021-12-31,-0.0130553983953836,0.015567283179709557,0.015567283179709557,0.0002423403055972681,0,0,0.022518687
r3_control_nofuture,0,3,-0.026548417,-0.014167381,-0.009408111,-0.0066464185,-0.0046659485,-0.0031005181,-0.0017610089,-0.0006187989,0.00041724072,0.0013374591,0.0022592251,0.0031748589,0.004130757,0.0050745476,0.0061968486,0.007460991,0.008931915,0.010778551,0.013088528,0.01727948,0.026021427,0.0022592251,2022-01-05,2021-12-31,-0.0312028366890261,0.033462061807931404,0.033462061807931404,0.0011197095804378215,0,0,0.022496639
r3_control_nofuture,0,4,-0.026944872,-0.014221572,-0.00927994,-0.0063976445,-0.00432806,-0.0027344627,-0.0013531594,-0.00021047832,0.00083000364,0.0017387567,0.0026380753,0.0035472177,0.0044790013,0.0054443525,0.0065645054,0.007845406,0.009370185,0.011249035,0.013622517,0.017947659,0.026650194,0.0026380753,2022-01-06,2021-12-31,-0.0007028603978874,0.0033409356657834563,0.0033409356657834563,1.1161851122903947e-05,0,1,0.022902457
r3_control_nofuture,0,5,-0.027358131,-0.014588492,-0.009529605,-0.006586352,-0.0044899345,-0.00284728,-0.0014654881,-0.00029565615,0.0007602278,0.0016999024,0.0026278473,0.0035701925,0.004551912,0.0055395393,0.00671988,0.008063659,0.009659001,0.011644216,0.0142138,0.01879937,0.027997246,0.0026278473,2022-01-07,2021-12-31,-0.0108917917743604,0.013519639024911385,0.013519639024911385,0.00018278063936390688,0,0,0.023743406
r3_control_nofuture,1,1,-0.038490236,-0.022851288,-0.016075278,-0.011935084,-0.008883931,-0.0064406074,-0.0043560565,-0.0025513906,-0.00087943254,0.0005859591,0.0020030853,0.0034266543,0.004883509,0.00630425,0.007992141,0.009819302,0.011944454,0.014497611,0.017650992,0.023138285,0.03440427,0.0020030853,2022-01-10,2022-01-07,0.0006578193180862,0.00134526601576776,0.00134526601576776,1.8097406531796633e-06,1,1,0.033726268
r3_control_nofuture,1,2,-0.039685585,-0.02395189,-0.017124688,-0.012931816,-0.009846954,-0.0073722135,-0.0052199634,-0.0033828556,-0.0016636136,-0.00016439985,0.001308226,0.0027793574,0.0042983745,0.005796622,0.007564673,0.009488566,0.0117160585,0.014384491,0.017612675,0.023293888,0.034746516,0.001308226,2022-01-11,2022-01-07,0.0149103226575203,-0.013602096630925662,0.013602096630925662,0.00018501703275703924,1,1,0.034737363
r3_control_nofuture,1,3,-0.04037001,-0.024219679,-0.017232772,-0.012922788,-0.009736779,-0.007167659,-0.004948898,-0.003038871,-0.0012969885,0.0002398846,0.001739394,0.0032243486,0.0047621094,0.0062735286,0.008047634,0.0100194095,0.01228052,0.015022974,0.018356862,0.02419125,0.036015082,0.001739394,2022-01-12,2022-01-07,0.0039576826613383,-0.0022182886252166334,0.0022182886252166334,4.920804424765501e-06,1,1,0.035589635
r3_control_nofuture,1,4,-0.041890286,-0.025503641,-0.018314023,-0.013856766,-0.010584223,-0.008002617,-0.0057344176,-0.0038105976,-0.0020229132,-0.00043810043,0.0011198727,0.0026726737,0.0042655505,0.0058613825,0.007694769,0.009721691,0.01206955,0.014849306,0.018259704,0.024317421,0.036273498,0.0011198727,2022-01-13,2022-01-07,-0.025334333807699,0.026454206479251,0.026454206479251,0.0006998250404468457,0,0,0.036573727
r3_control_nofuture,1,5,-0.042068817,-0.025717584,-0.01844643,-0.013973302,-0.010722613,-0.008115228,-0.0058531454,-0.0038900534,-0.0020703464,-0.00044938433,0.0011306204,0.002695446,0.004311381,0.0059027276,0.007782222,0.009875325,0.01228148,0.015186695,0.01882782,0.025211513,0.037909396,0.0011306204,2022-01-14,2022-01-07,0.006203104092486,-0.005072483725592291,0.005072483725592291,2.573009114639865e-05,1,1,0.03727425
r3_control_nofuture,2,1,-0.038286224,-0.024083424,-0.017981322,-0.014313009,-0.01161366,-0.009478245,-0.007684156,-0.006112549,-0.004650962,-0.0033426713,-0.0020451986,-0.00073816685,0.00058270025,0.0018624091,0.0033706015,0.0049997177,0.0068517355,0.009077013,0.011784023,0.016305855,0.025018176,-0.0020451986,2022-01-18,2022-01-14,-0.0252092174878937,0.023164018911368846,0.023164018911368846,0.0005365717721262536,1,0,0.029765345
r3_control_nofuture,2,2,-0.037604924,-0.023130415,-0.016850846,-0.013050938,-0.010237861,-0.007993359,-0.006038739,-0.0043603345,-0.0027702912,-0.0013605326,6.609585e-05,0.0014810949,0.0029097346,0.004296797,0.005906254,0.007626403,0.009589434,0.011938164,0.01472549,0.019438269,0.028332235,6.609585e-05,2022-01-19,2022-01-14,-0.0110441809309993,0.011110276777704438,0.011110276777704438,0.0001234382500771985,0,1,0.031576335
r3_control_nofuture,2,3,-0.038254,-0.023163041,-0.016677752,-0.012739977,-0.009820541,-0.0074665365,-0.0054261046,-0.0036509861,-0.0020033529,-0.0005181866,0.0009985138,0.002497836,0.0039997757,0.0054444196,0.0070821196,0.008868005,0.010853006,0.013237407,0.016069714,0.020850997,0.029962258,0.0009985138,2022-01-20,2022-01-14,-0.0130734207566903,0.014071934529773986,0.014071934529773986,0.00019801934141024541,0,1,0.032747466
r3_control_nofuture,2,4,-0.039733782,-0.024436142,-0.017658649,-0.013499718,-0.010449752,-0.008057155,-0.0059451135,-0.0041412096,-0.0024552292,-0.0009341915,0.00061080814,0.0021461481,0.0036682894,0.005171575,0.0068454472,0.008674027,0.0107382,0.013166618,0.016079647,0.021017399,0.030263053,0.00061080814,2022-01-21,2022-01-14,-0.0281204604847812,0.028731268628173406,0.028731268628173406,0.0008254857969842614,0,0,0.033738296
r3_control_nofuture,2,5,-0.039337892,-0.024688827,-0.01801547,-0.013925724,-0.010924103,-0.0085312,-0.0064650513,-0.0046599074,-0.0029759589,-0.001447489,9.199884e-05,0.0016229484,0.0031667354,0.0046447013,0.0063684005,0.008239245,0.010361705,0.012909308,0.01604365,0.021267451,0.030951777,9.199884e-05,2022-01-24,2022-01-14,0.004567374731204,-0.004475375893315759,0.004475375893315759,2.002898938647183e-05,1,1,0.034059122
r3_control_nofuture,3,1,-0.06086531,-0.03876187,-0.029248035,-0.0232705,-0.018771512,-0.01513255,-0.012036068,-0.009342035,-0.006870215,-0.0046692067,-0.0025162813,-0.00035919936,0.001807733,0.0038802647,0.006294743,0.008896584,0.011882018,0.015477953,0.019864777,0.027386362,0.043681134,-0.0025162813,2022-01-25,2022-01-24,-0.0234542649391225,0.020937983613752428,0.020937983613752428,0.00043839915780976516,1,1,0.04911281
r3_control_nofuture,3,2,-0.060358427,-0.037678834,-0.027964827,-0.021913083,-0.017361408,-0.013681625,-0.010486732,-0.0077488436,-0.005219049,-0.002992425,-0.00078826025,0.0013982179,0.0036094114,0.00574997,0.008229755,0.010890068,0.013941485,0.017584495,0.021928968,0.029475546,0.0457642,-0.00078826025,2022-01-26,2022-01-24,-0.0015661684681545,0.0007779082168708543,0.0007779082168708543,6.051411938751921e-07,1,1,0.049893796
r3_control_nofuture,3,3,-0.061632458,-0.03848259,-0.028511364,-0.022257637,-0.017587187,-0.013808477,-0.010544406,-0.007743522,-0.0051900796,-0.0029405286,-0.00071610964,0.0014600203,0.0036642952,0.0057939384,0.008248668,0.010933929,0.013995019,0.017684719,0.02215211,0.02997421,0.046921816,-0.00071610964,2022-01-27,2022-01-24,-0.0101213095758751,0.009405199932184811,0.009405199932184811,8.845778576436918e-05,1,1,0.05066347
r3_control_nofuture,3,4,-0.060234983,-0.03758556,-0.027756916,-0.021560252,-0.016913965,-0.013237856,-0.010008155,-0.007240824,-0.004673275,-0.0024016057,-0.00015743985,0.0020564713,0.0042760107,0.0064459606,0.008921097,0.01162864,0.014714524,0.01833944,0.022702793,0.03039711,0.04688736,-0.00015743985,2022-01-28,2022-01-24,0.0308870537331272,-0.031044493581535302,0.031044493581535302,0.0009637605817339865,0,0,0.05045971
r3_control_nofuture,3,5,-0.059512984,-0.037650805,-0.027675454,-0.021469036,-0.01690637,-0.013237433,-0.0100609325,-0.0072981273,-0.004737984,-0.0024551167,-0.00020560028,0.0020135262,0.004260837,0.0064220154,0.008942127,0.0116772605,0.01476514,0.018438946,0.02296084,0.030738818,0.047590096,-0.00020560028,2022-01-31,2022-01-24,0.0314777100662097,-0.031683310351181,0.031683310351181,0.0010038321548092532,0,0,0.05063629
r3_control_nofuture,4,1,-0.06989128,-0.041810237,-0.029190734,-0.02182717,-0.016615137,-0.012491256,-0.009086549,-0.0061929123,-0.0035542233,-0.0012282941,0.0010474727,0.0033307234,0.0057041384,0.008047728,0.010824461,0.013879788,0.017456014,0.021681057,0.02681075,0.035705227,0.053811353,0.0010474727,2022-02-01,2022-01-31,0.0067803478947039,-0.005732875192364609,0.005732875192364609,3.286585797122955e-05,1,1,0.056001484
r3_control_nofuture,4,2,-0.070417896,-0.040833134,-0.02788789,-0.020465335,-0.015368102,-0.011446871,-0.008157133,-0.0053814743,-0.0028257198,-0.00059556233,0.0016042212,0.0038301058,0.006153826,0.008415843,0.011115019,0.014137383,0.01767019,0.021861866,0.02689404,0.035771366,0.053422444,0.0016042212,2022-02-02,2022-01-31,0.008092541077422,-0.006488319898271954,0.006488319898271954,4.2098295102311784e-05,1,1,0.05478193
r3_control_nofuture,4,3,-0.06889063,-0.04037904,-0.027786743,-0.0206815,-0.015782088,-0.011950085,-0.008718029,-0.005998603,-0.00354273,-0.0013861444,0.0007484661,0.0028597866,0.0050776605,0.0072993073,0.009933472,0.012936148,0.016430035,0.020643393,0.02573532,0.034677163,0.052113034,0.0007484661,2022-02-03,2022-01-31,-0.0413885663331113,0.04213703245135016,0.04213703245135016,0.0017755295038061369,0,0,0.053522065
r3_control_nofuture,4,4,-0.0640272,-0.037462644,-0.026126355,-0.019749902,-0.0152215175,-0.011661866,-0.00858003,-0.005974401,-0.0035739497,-0.0014525517,0.0006167619,0.0026784518,0.004780199,0.0068901205,0.009371118,0.0121803,0.015496145,0.019454308,0.02440936,0.033263125,0.050375134,0.0006167619,2022-02-04,2022-01-31,0.0125361740226399,-0.01191941210865116,0.01191941210865116,0.00014207238501585988,1,1,0.050535716
r3_control_nofuture,4,5,-0.06447103,-0.03711963,-0.025594871,-0.01922664,-0.014743645,-0.011211175,-0.00821192,-0.0056416653,-0.0032804797,-0.0011633281,0.0009185146,0.0029903026,0.005116259,0.0072047696,0.009701014,0.012489423,0.01572538,0.019631792,0.024542632,0.03318632,0.050134584,0.0009185146,2022-02-07,2022-01-31,-0.0080770417023321,0.00899555632144784,0.00899555632144784,8.092003353234021e-05,0,1,0.050137505
r3_control_nofuture,5,1,-0.047632933,-0.028807411,-0.020215947,-0.015124519,-0.011479136,-0.008589946,-0.0061218874,-0.003961849,-0.001938845,-0.00012452406,0.001673858,0.0034667673,0.005262044,0.006988511,0.009002786,0.011151872,0.013623007,0.016563693,0.02012979,0.02616171,0.039130922,0.001673858,2022-02-08,2022-02-07,0.0111726842109193,-0.009498826180220106,0.009498826180220106,9.02276988020349e-05,1,1,0.040345736
r3_control_nofuture,5,2,-0.049004957,-0.030057782,-0.021469016,-0.016324252,-0.012641258,-0.009723916,-0.0071932906,-0.0050195996,-0.002974296,-0.0011564789,0.00066058274,0.0024718575,0.0043079187,0.006087805,0.008161987,0.010406927,0.012998441,0.016069584,0.01971686,0.025951663,0.03875518,0.00066058274,2022-02-09,2022-02-07,0.0209693453836038,-0.020308762647003608,0.020308762647003608,0.000412445840252329,1,0,0.04118588
r3_control_nofuture,5,3,-0.048331495,-0.029419208,-0.020751279,-0.015599965,-0.011891498,-0.008930503,-0.006369617,-0.004160672,-0.0021288258,-0.00031481852,0.0014966623,0.0032849908,0.005104826,0.0068709585,0.008929841,0.01119586,0.013778351,0.016877348,0.020586248,0.026870651,0.039926678,0.0014966623,2022-02-10,2022-02-07,-0.0228925506097751,0.024389212879121516,0.024389212879121516,0.0005948337048631068,0,0,0.041337527
r3_control_nofuture,5,4,-0.047942936,-0.02897049,-0.02033324,-0.015211049,-0.011519684,-0.008622981,-0.0060854014,-0.0039303293,-0.001921641,-0.00012620882,0.0016696802,0.0034593483,0.0052577374,0.007021434,0.009015532,0.01119979,0.013706834,0.016651297,0.020192456,0.026310394,0.039021254,0.0016696802,2022-02-11,2022-02-07,-0.0322357493363145,0.03390542957035929,0.03390542957035929,0.001149578154350594,0,0,0.040525697
r3_control_nofuture,5,5,-0.0458248,-0.02794085,-0.019889528,-0.01510832,-0.011626719,-0.008818466,-0.0063770195,-0.0042475043,-0.002254836,-0.00045708712,0.0013245014,0.0030831557,0.0048497394,0.006557908,0.008539677,0.010713376,0.013177713,0.016124154,0.01974918,0.025946548,0.038793247,0.0013245014,2022-02-14,2022-02-07,0.0012380247767051,8.647657754223153e-05,8.647657754223153e-05,7.478198463417583e-09,1,1,0.039638706
r3_control_nofuture,6,1,-0.053148683,-0.03280476,-0.023221308,-0.01751889,-0.013442669,-0.01020409,-0.0074701896,-0.005087043,-0.0028562134,-0.0008759343,0.0010906218,0.0030642208,0.0050648064,0.007018616,0.00932167,0.011828595,0.01472129,0.018182246,0.02238635,0.029434219,0.0432384,0.0010906218,2022-02-15,2022-02-14,0.0245599899521424,-0.0234693681435986,0.0234693681435986,0.0005508112410597607,1,0,0.045607656
r3_control_nofuture,6,2,-0.05446735,-0.033344254,-0.0235268,-0.017645154,-0.013456811,-0.010165,-0.0073387083,-0.0049219783,-0.0026523455,-0.00065013644,0.0013502963,0.0033487177,0.0053993315,0.0073977252,0.009734667,0.012274492,0.015207125,0.018689517,0.022797206,0.029770123,0.043096907,0.0013502963,2022-02-16,2022-02-14,-0.0002526674133269,0.0016029637253386782,0.0016029637253386782,2.5694927047516536e-06,0,1,0.046324007
r3_control_nofuture,6,3,-0.053596683,-0.033029217,-0.023296343,-0.017459407,-0.0132843405,-0.009974792,-0.0071442677,-0.0047261664,-0.0025136243,-0.0005447637,0.0014098624,0.0033434818,0.0053306227,0.0072901077,0.009581816,0.012130541,0.015052633,0.018568395,0.02277237,0.029899169,0.043578014,0.0014098624,2022-02-17,2022-02-14,-0.030194941623389,0.03160480404670464,0.03160480404670464,0.000998863638830598,0,0,0.046068713
r3_control_nofuture,6,4,-0.051764198,-0.03176476,-0.022414718,-0.016818684,-0.012780748,-0.00961761,-0.006851518,-0.0045140847,-0.002345723,-0.00042127672,0.0014764372,0.003368821,0.00529239,0.007225852,0.009440855,0.011906799,0.014743409,0.018077524,0.022082359,0.028957475,0.042207707,0.0014764372,2022-02-18,2022-02-14,-0.0114711315554289,0.012947568758083679,0.012947568758083679,0.00016763953674530453,0,1,0.044497076
r3_control_nofuture,6,5,-0.050057653,-0.030812953,-0.021857278,-0.016513417,-0.01265953,-0.009574049,-0.0069119954,-0.004612802,-0.0024736626,-0.0005664543,0.0013169504,0.0031763474,0.0050833914,0.006955551,0.0091654565,0.01159973,0.014386832,0.017711876,0.021799158,0.028682066,0.042153746,0.0013169504,2022-02-22,2022-02-14,-0.010094145990655,0.011411096414297993,0.011411096414297993,0.00013021312137640451,0,1,0.04365644
r3_control_nofuture,7,1,-0.05567553,-0.034773387,-0.025251225,-0.01935178,-0.014988864,-0.011465421,-0.00845556,-0.0058391215,-0.0034082695,-0.001257914,0.000854906,0.002979639,0.0051550195,0.007297291,0.009845964,0.012631461,0.01588226,0.019790355,0.024583006,0.032772433,0.04920971,0.000854906,2022-02-23,2022-02-22,-0.0259492929276828,0.026804198913444235,0.026804198913444235,0.0007184650793914851,0,0,0.04983423
r3_control_nofuture,7,2,-0.057593394,-0.036078144,-0.026254835,-0.020157173,-0.015651094,-0.012047273,-0.008917049,-0.0062403413,-0.0037318054,-0.0015295303,0.00065315666,0.0028336234,0.005088958,0.007316513,0.009938534,0.012804401,0.016141588,0.020144863,0.024935909,0.033307787,0.050011415,0.00065315666,2022-02-24,2022-02-22,0.033051999638152,-0.03239884297672349,0.03239884297672349,0.0010496850262303851,1,0,0.05119074
r3_control_nofuture,7,3,-0.0583815,-0.036874488,-0.026927259,-0.020717941,-0.016148238,-0.012467432,-0.009273089,-0.006538474,-0.004023578,-0.0018059284,0.0003879599,0.0025539366,0.0047936933,0.007003133,0.00960136,0.012483337,0.015822567,0.01988627,0.024841452,0.033588156,0.05117809,0.0003879599,2022-02-25,2022-02-22,0.0153883235681932,-0.015000363658335018,0.015000363658335018,0.0002250109098822979,1,1,0.051768713
r3_control_nofuture,7,4,-0.05776042,-0.036373395,-0.026545225,-0.020390052,-0.015825916,-0.012217158,-0.00904716,-0.0063382103,-0.0038140444,-0.0015788855,0.0006251645,0.0028116172,0.0050402354,0.0072930143,0.009892905,0.012784138,0.016137704,0.020103395,0.024929222,0.033512224,0.050493624,0.0006251645,2022-02-28,2022-02-22,0.0029744106212326,-0.002349246140352697,0.002349246140352697,5.518957427962044e-06,1,1,0.051474445
r3_control_nofuture,7,5,-0.058208976,-0.036671475,-0.026657775,-0.020493373,-0.01597356,-0.012349222,-0.009207389,-0.0064745783,-0.0039223367,-0.0016518101,0.0005711939,0.0027735215,0.0050449977,0.007289693,0.0099389525,0.012871814,0.016259503,0.020320848,0.025388375,0.03417575,0.051669344,0.0005711939,2022-03-01,2022-02-22,-0.0154299024779375,0.016001096349957146,0.016001096349957146,0.0002560350844006119,0,1,0.05204615
r3_control_nofuture,8,1,-0.057154983,-0.036401726,-0.027336214,-0.02155033,-0.017099215,-0.013453435,-0.010316104,-0.007561667,-0.0049887896,-0.0026748618,-0.00037098385,0.001943715,0.004290778,0.0065599275,0.009226449,0.012113475,0.015454437,0.019463474,0.02438688,0.032775324,0.04991639,-0.00037098385,2022-03-02,2022-03-01,0.0166400342095711,-0.017011018058850684,0.017011018058850684,0.0002893747353985441,0,1,0.051723093
r3_control_nofuture,8,2,-0.056319088,-0.035924368,-0.027110104,-0.021462984,-0.017073814,-0.013482729,-0.010308845,-0.0075655608,-0.0049814656,-0.002678953,-0.0003699906,0.0019305594,0.004284307,0.006584422,0.009290996,0.012254006,0.015715992,0.019901277,0.024946213,0.03363389,0.050671365,-0.0003699906,2022-03-03,2022-03-01,-0.0143876768443993,0.014017686250645546,0.014017686250645546,0.00019649552782153716,1,1,0.052056316
r3_control_nofuture,8,3,-0.05698309,-0.035858568,-0.026533075,-0.020568896,-0.016015891,-0.012287794,-0.009037078,-0.0062349103,-0.0036404608,-0.0013123696,0.0010139358,0.003320063,0.005666782,0.007949723,0.010609234,0.013555999,0.016928483,0.021006426,0.025909698,0.034418754,0.051523976,0.0010139358,2022-03-04,2022-03-01,-0.0145980796411863,0.015612015417613688,0.015612015417613688,0.0002437350253998075,0,1,0.052442774
r3_control_nofuture,8,4,-0.055995084,-0.035514247,-0.026477313,-0.020694029,-0.016228031,-0.012625084,-0.009417903,-0.006637245,-0.004016343,-0.0016624205,0.00069582585,0.003042521,0.0054124375,0.0077503044,0.01044211,0.013431919,0.016892243,0.020992516,0.025934076,0.034536038,0.05165157,0.00069582585,2022-03-07,2022-03-01,-0.0375784439984414,0.03827426984391019,0.03827426984391019,0.001464919732084453,0,0,0.05241139
r3_control_nofuture,8,5,-0.056744687,-0.03586945,-0.026470393,-0.02058969,-0.016140118,-0.012521596,-0.009354277,-0.0065816496,-0.003959564,-0.0015973957,0.00075876305,0.0031008408,0.0054795886,0.007781382,0.010472821,0.013446746,0.01685431,0.020943653,0.02598046,0.034589324,0.051768523,0.00075876305,2022-03-08,2022-03-01,-0.0046586883277138,0.005417451381168259,0.005417451381168259,2.9348779467321872e-05,0,1,0.05245085
r3_control_nofuture,9,1,-0.060436122,-0.037371073,-0.027948473,-0.022240726,-0.017962491,-0.014520632,-0.011537662,-0.008896733,-0.0064131343,-0.004139822,-0.0018368931,0.0004926792,0.0027856636,0.004963132,0.0074611865,0.010135586,0.013138748,0.016720349,0.02107367,0.028282557,0.04311744,-0.0018368931,2022-03-09,2022-03-08,0.0353652267066018,-0.03720211985532206,0.03720211985532206,0.0013839977217297479,0,0,0.04902214
r3_control_nofuture,9,2,-0.05970621,-0.0359754,-0.02622264,-0.02026714,-0.015793554,-0.012192283,-0.009026893,-0.0062743397,-0.0036470427,-0.0012708099,0.0011537058,0.0035754987,0.0059884544,0.008311064,0.010960744,0.013770206,0.016907575,0.020568324,0.024831349,0.032012727,0.04683675,0.0011537058,2022-03-10,2022-03-08,-0.011166915816589,0.012320621574631634,0.012320621574631634,0.00015179771598527848,0,1,0.05105399
r3_control_nofuture,9,3,-0.06329646,-0.0388204,-0.02848606,-0.022099905,-0.01731315,-0.013438643,-0.010055471,-0.007122471,-0.0043774843,-0.0018978354,0.00062352605,0.0031180142,0.0055739894,0.007931789,0.010624928,0.0135470405,0.016793258,0.02066924,0.025269281,0.03302852,0.04880354,0.00062352605,2022-03-11,2022-03-08,-0.0209563905905951,0.02157991664223561,0.02157991664223561,0.0004656928022858374,0,1,0.053755343
r3_control_nofuture,9,4,-0.064131655,-0.039981645,-0.029881017,-0.023575455,-0.018759076,-0.014898477,-0.011445182,-0.008440484,-0.0055849096,-0.0029812409,-0.00033317745,0.0022823445,0.0048528486,0.007349931,0.010139054,0.013189995,0.016609192,0.020622447,0.025350215,0.033255957,0.04919153,-0.00033317745,2022-03-14,2022-03-08,-0.0193916690459875,0.01905849159634016,0.01905849159634016,0.00036322610192776855,1,1,0.055231232
r3_control_nofuture,9,5,-0.066891275,-0.042119924,-0.031565886,-0.02504841,-0.020146811,-0.016188134,-0.012727716,-0.009683387,-0.0067849434,-0.004152483,-0.0014844774,0.0011474497,0.003765065,0.006254161,0.0091010425,0.01217914,0.015614432,0.019696351,0.024539419,0.03247105,0.04852087,-0.0014844774,2022-03-15,2022-03-08,0.0308850300436893,-0.03236950747054605,0.03236950747054605,0.0010477850138857366,0,0,0.056105305
r3_control_nofuture,10,1,-0.06803978,-0.04375889,-0.03305785,-0.026389213,-0.021385783,-0.017345438,-0.013916318,-0.010947829,-0.008206907,-0.005766877,-0.0033691113,-0.0009724356,0.0014461767,0.0038099936,0.0065671857,0.009576517,0.013046561,0.017223058,0.022321325,0.031003885,0.048356883,-0.0033691113,2022-03-16,2022-03-15,0.0364155276585081,-0.03978463899341313,0.03978463899341313,0.0015828174998362083,0,0,0.055379175
r3_control_nofuture,10,2,-0.0653787,-0.040417273,-0.029450364,-0.02272229,-0.017715449,-0.0137188,-0.010257748,-0.0073003676,-0.004528705,-0.0020918997,0.00033046425,0.002741756,0.0051987497,0.0076155225,0.010423307,0.013474365,0.016987836,0.021152893,0.026084002,0.03455667,0.051413108,0.00033046425,2022-03-17,2022-03-15,0.0120335691986929,-0.011703104953639892,0.011703104953639892,0.00013696266555591056,1,1,0.055534367
r3_control_nofuture,10,3,-0.066029966,-0.04139576,-0.030646263,-0.024010211,-0.019081451,-0.015100537,-0.011641155,-0.0086710295,-0.005917887,-0.0034778768,-0.0010545566,0.0013305272,0.0037677046,0.0061775697,0.008987894,0.012096552,0.01567137,0.019980108,0.025156153,0.03402314,0.051521115,-0.0010545566,2022-03-18,2022-03-15,0.0202613302371757,-0.02131588681184816,0.02131588681184816,0.0004543670305755224,0,1,0.055802416
r3_control_nofuture,10,4,-0.063888274,-0.040098175,-0.029701551,-0.023209713,-0.018304827,-0.014389664,-0.010931424,-0.00794729,-0.0051533524,-0.0026647386,-0.00020676886,0.0022145929,0.004650306,0.007073188,0.00985431,0.012942601,0.01647596,0.02064259,0.025642818,0.03429261,0.051326014,-0.00020676886,2022-03-21,2022-03-15,-0.0027839361311749,0.0025771672692031043,0.0025771672692031043,6.641791133451786e-06,1,1,0.05534437
r3_control_nofuture,10,5,-0.06444217,-0.04032644,-0.029525636,-0.02296401,-0.01809872,-0.01419703,-0.010813417,-0.007868544,-0.0051077744,-0.002646923,-0.00021150114,0.0022017602,0.0046474524,0.007038787,0.00983918,0.0129020335,0.016387943,0.020530991,0.02557763,0.034131505,0.051244926,-0.00021150114,2022-03-22,2022-03-15,0.019461915476223,-0.01967341662102706,0.01967341662102706,0.00038704332154450375,0,1,0.055103265
r3_control_nofuture,11,1,-0.05170615,-0.032149408,-0.023295786,-0.017942457,-0.014025769,-0.010913038,-0.0082739545,-0.0059800083,-0.0038594762,-0.0019699149,-0.00010142755,0.001787887,0.0036789905,0.00550286,0.007625269,0.009913271,0.012514172,0.015624146,0.019430684,0.025972994,0.041086897,-0.00010142755,2022-03-23,2022-03-22,-0.0144757396102443,0.014374312062610651,0.014374312062610651,0.0002066208472733141,1,1,0.042726472
r3_control_nofuture,11,2,-0.052474815,-0.03255655,-0.023463594,-0.017945249,-0.013905557,-0.010697702,-0.007945731,-0.005618704,-0.0034540785,-0.0015686705,0.0003178069,0.002188352,0.0040869494,0.0059451587,0.008098568,0.010420114,0.013093853,0.016295867,0.02013939,0.026857277,0.041919943,0.0003178069,2022-03-24,2022-03-22,0.0219833536104707,-0.021665546708594816,0.021665546708594816,0.00046939591418230364,1,0,0.043602984
r3_control_nofuture,11,3,-0.053807043,-0.03340239,-0.023985157,-0.018165922,-0.013928446,-0.010552437,-0.007660453,-0.005205698,-0.0029559433,-0.0009721712,0.0010065804,0.0029479763,0.0049100677,0.006819534,0.00901724,0.011418289,0.014131376,0.01739646,0.02132381,0.02813048,0.0438309,0.0010065804,2022-03-25,2022-03-22,-0.0008345014294954,0.0018410818530591188,0.0018410818530591188,3.3895823896635987e-06,0,1,0.045308966
r3_control_nofuture,11,4,-0.053570617,-0.0334993,-0.023994237,-0.018068217,-0.013777458,-0.010424815,-0.0075040758,-0.005048167,-0.0027803928,-0.000773226,0.0012272528,0.0032017757,0.005173831,0.007134519,0.00934767,0.011788554,0.01456464,0.01785051,0.021793483,0.028660512,0.04433728,0.0012272528,2022-03-28,2022-03-22,0.0153537540475098,-0.014126501280088495,0.014126501280088495,0.0001995580384163419,1,1,0.045787722
r3_control_nofuture,11,5,-0.0533265,-0.033719078,-0.024267895,-0.018409647,-0.014162646,-0.010803291,-0.007915551,-0.005448219,-0.0031675338,-0.001134588,0.00088815007,0.0028790324,0.0048850644,0.00682554,0.009076408,0.011533176,0.014324677,0.017663876,0.021768497,0.028837467,0.044998273,0.00088815007,2022-03-29,2022-03-22,0.017063695712674,-0.01617554564374272,0.01617554564374272,0.00026164827687280405,1,1,0.046036392
r3_control_nofuture,12,1,-0.046659645,-0.027201718,-0.018833289,-0.013899406,-0.010359723,-0.0075732404,-0.00523641,-0.0031923368,-0.0012789498,0.00043369108,0.0021540057,0.0039068097,0.005680747,0.007413633,0.009453229,0.011670318,0.0142255,0.017306466,0.02112347,0.027772183,0.042451147,0.0021540057,2022-03-30,2022-03-29,-0.0111071865142472,0.013261192205656311,0.013261192205656311,0.0001758592187153597,0,1,0.03995676
r3_control_nofuture,12,2,-0.048157573,-0.028419921,-0.019929597,-0.014874059,-0.011254881,-0.00842394,-0.006006442,-0.003943381,-0.0020052497,-0.00030144828,0.0014173635,0.003135361,0.0049025514,0.0066457894,0.008697208,0.010947903,0.013585441,0.01679495,0.020706896,0.027665759,0.04248596,0.0014173635,2022-03-31,2022-03-29,-0.0124721268464269,0.013889490374589142,0.013889490374589142,0.00019291794286580442,0,1,0.040636495
r3_control_nofuture,12,3,-0.049073044,-0.028946294,-0.020173235,-0.014887876,-0.011109582,-0.008147561,-0.0056243977,-0.003474901,-0.0014922238,0.0002741383,0.002056577,0.0038257227,0.005636474,0.007424624,0.0095154615,0.011836685,0.014507442,0.017764956,0.021739593,0.0287785,0.04412681,0.002056577,2022-04-01,2022-03-29,-0.0019052885181458,0.003961865528226019,0.003961865528226019,1.569637846374563e-05,0,1,0.041912828
r3_control_nofuture,12,4,-0.049927052,-0.02975827,-0.020792581,-0.015371521,-0.0115015805,-0.00853114,-0.0059614168,-0.0037963772,-0.001772643,2.9177405e-05,0.0018485482,0.0036612838,0.005501339,0.007363199,0.009498728,0.0118903695,0.014671141,0.018019313,0.022100303,0.029352736,0.044964086,0.0018485482,2022-04-04,2022-03-29,0.0203797662079486,-0.01853121802286831,0.01853121802286831,0.0003434060414110793,1,1,0.042892884
r3_control_nofuture,12,5,-0.05008896,-0.03015924,-0.021170536,-0.015743613,-0.011878822,-0.008863771,-0.006296055,-0.0040936996,-0.0020352737,-0.0001874828,0.0016667891,0.0035131364,0.0053922203,0.0072374013,0.009404608,0.011804129,0.014588156,0.017977573,0.02224576,0.029802546,0.046196558,0.0016667891,2022-04-05,2022-03-29,-0.0224545784828456,0.024121367542372818,0.024121367542372818,0.0005818403721142369,0,0,0.043416295
r3_control_nofuture,13,1,-0.045036986,-0.026455335,-0.01794459,-0.012660556,-0.008775085,-0.0056554256,-0.0029796213,-0.00064019323,0.0015484405,0.0035209272,0.00547853,0.0074476926,0.009496924,0.011578774,0.01408734,0.016857253,0.020184414,0.024213778,0.029219333,0.0377355,0.05433076,0.00547853,2022-04-06,2022-04-05,-0.0219503373088931,0.027428867499778166,0.027428867499778166,0.0007523427723203869,0,0,0.047163922
r3_control_nofuture,13,2,-0.049359344,-0.03159565,-0.023285253,-0.017972315,-0.013942556,-0.010677734,-0.0078046764,-0.0053379596,-0.0030074916,-0.00095355394,0.0010633401,0.0030950948,0.005204686,0.0073270737,0.009840054,0.01264409,0.015961211,0.019952467,0.024739001,0.033165492,0.049144804,0.0010633401,2022-04-07,2022-04-05,0.0023749660851711,-0.001311625974466797,0.001311625974466797,1.720362696895975e-06,1,1,0.048024252
r3_control_nofuture,13,3,-0.049043037,-0.030961411,-0.022300001,-0.016740724,-0.012573894,-0.009214556,-0.006290882,-0.0037836875,-0.0014666088,0.0006121761,0.0026533678,0.0046896795,0.006816048,0.00895151,0.011465179,0.014295539,0.017579384,0.021512391,0.026203673,0.03457632,0.050487638,0.0026533678,2022-04-08,2022-04-05,-0.0140778363275973,0.016731204144999186,0.016731204144999186,0.00027993319214163795,0,1,0.048503675
r3_control_nofuture,13,4,-0.049192965,-0.03149973,-0.02317944,-0.017812854,-0.013704535,-0.010401651,-0.0074923164,-0.004985034,-0.0026239394,-0.000514447,0.0015723403,0.0036550944,0.00581886,0.008017983,0.01059011,0.01347159,0.016859738,0.020872762,0.025720134,0.034434482,0.050950736,0.0015723403,2022-04-11,2022-04-05,-0.023941708974103,0.02551404923529413,0.02551404923529413,0.0006509667083810129,0,0,0.048899576
r3_control_nofuture,13,5,-0.05066996,-0.03215904,-0.023484789,-0.01801625,-0.013887232,-0.010550654,-0.0076342006,-0.00509232,-0.0026895027,-0.00055569294,0.0015420079,0.0036340638,0.0058170166,0.008003324,0.010587333,0.013476549,0.01683433,0.020848084,0.025832241,0.0346312,0.051653784,0.0015420079,2022-04-12,2022-04-05,-0.0042332292743817,0.005775237174224857,0.005775237174224857,3.3353364418548706e-05,0,1,0.049317032
r3_control_nofuture,14,1,-0.05572654,-0.036612745,-0.028006911,-0.022373727,-0.017972944,-0.0143474955,-0.011224087,-0.008553114,-0.00608623,-0.003891108,-0.0017385916,0.00042139582,0.002641335,0.004846453,0.0074666343,0.010360988,0.013775153,0.017940845,0.023137439,0.032252163,0.050371118,-0.0017385916,2022-04-13,2022-04-12,0.0201231065568479,-0.021861698142156213,0.021861698142156213,0.0004779338456587564,0,1,0.05114435
r3_control_nofuture,14,2,-0.05630425,-0.036234397,-0.02719352,-0.021312637,-0.016734,-0.012997793,-0.009716697,-0.0069123865,-0.004288041,-0.00197087,0.00030709046,0.002598206,0.004974422,0.0073642964,0.010212265,0.0133928675,0.017141728,0.021677136,0.027168002,0.036836326,0.05541146,0.00030709046,2022-04-14,2022-04-12,-0.0231326160090297,0.023439706473077786,0.023439706473077786,0.0005494198395440446,0,1,0.054361522
r3_control_nofuture,14,3,-0.057273816,-0.037079703,-0.028031878,-0.022129798,-0.01759549,-0.013840063,-0.010512168,-0.007649534,-0.0049778344,-0.002572662,-0.0001852325,0.0021799188,0.004627498,0.00708329,0.010018172,0.013341524,0.01720807,0.021938032,0.02765571,0.03776052,0.056863766,-0.0001852325,2022-04-18,2022-04-12,0.0007681209825738,-0.0009533534756688999,0.0009533534756688999,9.088828495699717e-07,0,1,0.055687588
r3_control_nofuture,14,4,-0.057726767,-0.037032016,-0.02768576,-0.021591451,-0.016816428,-0.012965016,-0.009567101,-0.0066233096,-0.0038543236,-0.0013710947,0.0011036085,0.0035361962,0.0060412707,0.008558585,0.011516346,0.014859213,0.01878423,0.023488596,0.02921105,0.03932466,0.05859679,0.0011036085,2022-04-19,2022-04-12,0.022104560455581,-0.021000951935810794,0.021000951935810794,0.00044103998221023513,1,1,0.05689681
r3_control_nofuture,14,5,-0.05911955,-0.038336422,-0.028684132,-0.022515278,-0.017737513,-0.013840202,-0.010403013,-0.0074145435,-0.0045906017,-0.0020950404,0.0003665503,0.0028120822,0.005360586,0.007899324,0.010927208,0.0143469125,0.018366434,0.023261905,0.029263139,0.039608218,0.059275668,0.0003665503,2022-04-20,2022-04-12,-0.0146917761904439,0.015058326478607026,0.015058326478607026,0.00022675319633631746,0,1,0.05794727
r3_control_nofuture,15,1,-0.05131869,-0.03357667,-0.025665207,-0.020477524,-0.016418723,-0.013056276,-0.010130363,-0.00757931,-0.0051939413,-0.003026665,-0.0008603012,0.0013418961,0.0035773388,0.0057535134,0.008299117,0.011081948,0.014327701,0.018225756,0.022948897,0.030749632,0.044644453,-0.0008603012,2022-04-21,2022-04-20,-0.0209082018885904,0.020047900692946558,0.020047900692946558,0.0004019183221942471,1,1,0.048614103
r3_control_nofuture,15,2,-0.051457692,-0.03351505,-0.025427593,-0.020120641,-0.01592689,-0.012479836,-0.009423563,-0.0067928806,-0.0043014996,-0.0020835288,0.00012192823,0.0023390572,0.0046032467,0.0068253884,0.009413914,0.012265103,0.015573356,0.01950711,0.024137277,0.031898767,0.04556326,0.00012192823,2022-04-22,2022-04-20,-0.0265348192566392,0.02665674748423891,0.02665674748423891,0.0007105821864384775,0,0,0.04956487
r3_control_nofuture,15,3,-0.05211779,-0.033776075,-0.025480447,-0.020061344,-0.01585886,-0.01238445,-0.009309634,-0.0066474276,-0.0041482914,-0.0018913723,0.00035919785,0.0025952905,0.00487386,0.00709227,0.009666699,0.012509781,0.015754543,0.0196336,0.024167327,0.031835154,0.045440517,0.00035919785,2022-04-25,2022-04-20,0.0127639968222687,-0.012404798976586199,0.012404798976586199,0.000153879037649514,1,1,0.049647775
r3_control_nofuture,15,4,-0.050869074,-0.03335161,-0.025448889,-0.020226792,-0.016057363,-0.012645452,-0.009600218,-0.0069386987,-0.0044107363,-0.0021451449,0.00010545127,0.0023470155,0.004633082,0.006896359,0.009520404,0.012452341,0.01585388,0.019877242,0.024623185,0.032669853,0.046450377,0.00010545127,2022-04-26,2022-04-20,-0.0384756980222903,0.03858114929089991,0.03858114929089991,0.0014885050806067066,0,0,0.050072074
r3_control_nofuture,15,5,-0.05265495,-0.03412846,-0.025652187,-0.02023042,-0.015970988,-0.012489509,-0.00941328,-0.0067155734,-0.004150478,-0.0018614149,0.00041101524,0.0026752944,0.004997814,0.0072655175,0.009911034,0.012828056,0.016171146,0.020140504,0.024907863,0.032798704,0.04671565,0.00041101524,2022-04-27,2022-04-20,-0.0011989073270559,0.0016099225638061452,0.0016099225638061452,2.5918506614521515e-06,0,1,0.05056005
r3_control_nofuture,16,1,-0.05532178,-0.036463927,-0.028087957,-0.02259918,-0.018278126,-0.014703122,-0.011600476,-0.008879512,-0.0063463226,-0.004053279,-0.0017615426,0.0005471825,0.0028311398,0.0050267233,0.007554928,0.010300805,0.013443694,0.017196687,0.021693422,0.028923105,0.042879816,-0.0017615426,2022-04-28,2022-04-27,0.0348995485379667,-0.03666109117114255,0.03666109117114255,0.0013440356058588264,0,0,0.04978138
r3_control_nofuture,16,2,-0.05485071,-0.035525393,-0.02687439,-0.021241147,-0.016836856,-0.013245972,-0.010093965,-0.0073913215,-0.0048363013,-0.0025623117,-0.00028811675,0.0019873914,0.0042628776,0.0064663608,0.008999053,0.011737076,0.014862513,0.018537289,0.022770353,0.029766202,0.043224998,-0.00028811675,2022-04-29,2022-04-27,-0.0460422141188318,0.04575409737318103,0.04575409737318103,0.002093437426434531,1,0,0.049644742
r3_control_nofuture,16,3,-0.053664587,-0.035377532,-0.027363064,-0.022107875,-0.017991757,-0.014563638,-0.011499826,-0.008819868,-0.006301767,-0.0040285783,-0.0017449541,0.0005323008,0.0028109292,0.005043582,0.00763283,0.010488686,0.013765782,0.017703762,0.022313852,0.02988437,0.043949448,-0.0017449541,2022-05-02,2022-04-27,0.0165576520771035,-0.018302606225410942,0.018302606225410942,0.00033498539464245136,0,1,0.049676917
r3_control_nofuture,16,4,-0.052620925,-0.034710594,-0.026749643,-0.021524772,-0.017334383,-0.0138948485,-0.010806129,-0.008106203,-0.0055425875,-0.0032279764,-0.0009139137,0.0013860061,0.0036887021,0.005942327,0.0085101165,0.011358445,0.0146043,0.018420553,0.022862967,0.030199336,0.043862514,-0.0009139137,2022-05-03,2022-04-27,0.0010673408461978,-0.001981254557171957,0.001981254557171957,3.925369620314647e-06,0,1,0.04961261
r3_control_nofuture,16,5,-0.053668078,-0.03553374,-0.027159808,-0.021800354,-0.017552039,-0.014067061,-0.010988435,-0.008283032,-0.0057101855,-0.003410606,-0.0010939311,0.0011994332,0.003517086,0.0057385108,0.008298292,0.0110658435,0.014186535,0.017865876,0.022191511,0.029234516,0.04286016,-0.0010939311,2022-05-04,2022-04-27,0.0332532136118259,-0.034347144758723275,0.034347144758723275,0.0011797263530766917,0,0,0.04935132
r3_control_nofuture,17,1,-0.061346512,-0.040919475,-0.03141606,-0.025120882,-0.02016022,-0.01599601,-0.0123652015,-0.009189526,-0.0062007834,-0.0035047317,-0.00081697525,0.001923147,0.004713668,0.007443893,0.010638889,0.0141853485,0.018348988,0.023328904,0.029262472,0.038477715,0.05451379,-0.00081697525,2022-05-05,2022-05-04,-0.0516768017465041,0.050859826491938626,0.050859826491938626,0.002586721950790102,1,0,0.06067853
r3_control_nofuture,17,2,-0.061161675,-0.0397392,-0.029741388,-0.023149246,-0.017986037,-0.013780195,-0.01008454,-0.006915285,-0.0038978285,-0.0012047382,0.0014773433,0.0042338353,0.0070736543,0.009893574,0.013192035,0.01684679,0.021109244,0.026097497,0.03182455,0.040878218,0.056719154,0.0014773433,2022-05-06,2022-05-04,-0.0120534619323773,0.013530805195481858,0.013530805195481858,0.00018308268923807885,0,1,0.06156594
r3_control_nofuture,17,3,-0.06010814,-0.03938863,-0.029815845,-0.023504876,-0.01858872,-0.014491022,-0.010838777,-0.007658117,-0.004633627,-0.0018692359,0.0008962656,0.0036590095,0.006501336,0.009305565,0.012566159,0.016185952,0.020332526,0.02522124,0.030776039,0.039696094,0.055285085,0.0008962656,2022-05-09,2022-05-04,-0.0399126968947698,0.04080896250861628,0.04080896250861628,0.001665371421029649,0,0,0.060591884
r3_control_nofuture,17,4,-0.058131594,-0.038259003,-0.029155053,-0.023082003,-0.018224979,-0.014219269,-0.010634653,-0.007488039,-0.0044799447,-0.0017593375,0.0009400406,0.0036534297,0.006445275,0.009226434,0.012462953,0.016092854,0.020308066,0.02525423,0.030971197,0.040078063,0.055866566,0.0009400406,2022-05-10,2022-05-04,0.0120755508832789,-0.011135510256250107,0.011135510256250107,0.00012399958866705135,1,1,0.060126252
r3_control_nofuture,17,5,-0.059317082,-0.038940657,-0.02939829,-0.0232531,-0.018386828,-0.014378179,-0.010818945,-0.0076807835,-0.004678283,-0.001993704,0.0006777089,0.0033821522,0.006203604,0.0089701135,0.012210304,0.01578425,0.019886913,0.024699785,0.030250229,0.038856093,0.0544746,0.0006777089,2022-05-11,2022-05-04,-0.0301067266960786,0.030784435581711057,0.030784435581711057,0.0009476814740845178,0,0,0.05964852
r3_control_nofuture,18,1,-0.06248787,-0.042705435,-0.032752242,-0.026036438,-0.020675445,-0.016220696,-0.012376163,-0.009021661,-0.0058847233,-0.003052759,-0.00017931272,0.002734207,0.005638532,0.008383569,0.011547522,0.015008152,0.019046318,0.023845483,0.029494848,0.03798348,0.051985998,-0.00017931272,2022-05-12,2022-05-11,-0.0023671875989613,0.0021878748831887606,0.0021878748831887606,4.786796504488233e-06,1,1,0.06224709
r3_control_nofuture,18,2,-0.061397832,-0.042995792,-0.0338855,-0.02755838,-0.022335421,-0.017934997,-0.013980998,-0.0105456645,-0.0072619435,-0.00435433,-0.0014443047,0.0015126622,0.004452847,0.0072728097,0.01053855,0.014182815,0.018519433,0.023675857,0.029529283,0.038508113,0.052770954,-0.0014443047,2022-05-13,2022-05-11,0.0363895011822649,-0.0378338058934503,0.0378338058934503,0.0014313968683832745,0,0,0.06341478
r3_control_nofuture,18,3,-0.06381716,-0.04416746,-0.034147818,-0.027228056,-0.021690326,-0.017054189,-0.012928487,-0.009365399,-0.006039291,-0.0030287793,6.1350875e-08,0.003029521,0.0060861777,0.008988791,0.012313172,0.015957145,0.020064535,0.02479679,0.029953545,0.03803708,0.051319037,6.1350875e-08,2022-05-16,2022-05-11,-0.0116595077278745,0.011659569078749103,0.011659569078749103,0.0001359455511021222,0,1,0.06410136
r3_control_nofuture,18,4,-0.06262575,-0.044146307,-0.034662135,-0.02804096,-0.02256874,-0.018004991,-0.01392247,-0.010378858,-0.0070189494,-0.0040038833,-0.0010150039,0.0019638175,0.0049565877,0.007870099,0.011209807,0.01495264,0.01928985,0.02436942,0.030129436,0.039212134,0.053738393,-0.0010150039,2022-05-17,2022-05-11,0.0255720956815505,-0.02658709956855565,0.02658709956855565,0.000706873863468292,0,1,0.064791575
r3_control_nofuture,18,5,-0.06379802,-0.04438376,-0.03440834,-0.027681597,-0.022128137,-0.017549,-0.013500619,-0.009930976,-0.006533251,-0.00352174,-0.0005222667,0.0024915538,0.0055347355,0.008437762,0.011776684,0.015416358,0.019565264,0.024419636,0.029960858,0.038367968,0.052734993,-0.0005222667,2022-05-18,2022-05-11,-0.0503365263320763,0.0498142596079294,0.0498142596079294,0.0024814604602861868,1,0,0.064369194
r3_control_nofuture,19,1,-0.06265395,-0.041805163,-0.030746657,-0.023230802,-0.017395377,-0.012658178,-0.008692465,-0.0053169397,-0.002196578,0.0006145665,0.003476667,0.0064029726,0.009400931,0.012323406,0.015727393,0.019421358,0.023770127,0.028871048,0.034871735,0.04381485,0.059137337,0.003476667,2022-05-19,2022-05-18,-0.0053726037537238,0.008849270738803445,0.008849270738803445,7.830959260864286e-05,0,1,0.065618396
r3_control_nofuture,19,2,-0.061321594,-0.043304127,-0.033919904,-0.027377158,-0.022049721,-0.017589029,-0.013612767,-0.010192296,-0.00693873,-0.0040810136,-0.0012412795,0.0016451714,0.004550397,0.007372238,0.010663161,0.014377052,0.018792208,0.024064977,0.03008261,0.03949973,0.055392537,-0.0012412795,2022-05-20,2022-05-18,-0.0031129311916684,0.0018716516585354894,0.0018716516585354894,3.503079930898648e-06,1,1,0.064002514
r3_control_nofuture,19,3,-0.06170106,-0.04227818,-0.031763814,-0.024584413,-0.018992849,-0.014412362,-0.010420221,-0.0070133093,-0.0038557812,-0.0009877513,0.0019093867,0.00483218,0.007846026,0.010764329,0.0141148055,0.01781226,0.021976493,0.02677282,0.03199433,0.040427662,0.054777153,0.0019093867,2022-05-23,2022-05-18,0.0164907569876557,-0.014581370271803975,0.014581370271803975,0.0002126163590034487,1,1,0.06375815
r3_control_nofuture,19,4,-0.061164312,-0.04264651,-0.032956902,-0.026309457,-0.020933103,-0.01646445,-0.012493733,-0.009074905,-0.0058491896,-0.002951613,-8.3685445e-05,0.002785754,0.0057067713,0.008605372,0.011940899,0.015679834,0.020023722,0.025098033,0.030869517,0.04009559,0.055482984,-8.3685445e-05,2022-05-24,2022-05-18,-0.02149140746287,0.021407722017736403,0.021407722017736403,0.00045829056198867595,1,1,0.06382642
r3_control_nofuture,19,5,-0.06231849,-0.042778153,-0.032624844,-0.025887191,-0.020443518,-0.015960444,-0.012033298,-0.008593814,-0.005330591,-0.002439182,0.0004274107,0.0033102878,0.006255732,0.00910565,0.012398808,0.016016936,0.020156585,0.02499172,0.030557401,0.039188866,0.05455144,0.0004274107,2022-05-25,2022-05-18,0.0138982777872038,-0.013470867082188736,0.013470867082188736,0.00018146425994599607,1,1,0.06318225
r3_control_nofuture,20,1,-0.05399943,-0.03513972,-0.02636471,-0.020613126,-0.01615864,-0.012464646,-0.009288436,-0.0065251836,-0.0039421767,-0.0016327482,0.00065873936,0.0030057295,0.005405715,0.0077518453,0.010499066,0.013527233,0.017042419,0.02119589,0.026085114,0.03345941,0.045749117,0.00065873936,2022-05-26,2022-05-25,0.0273304386377131,-0.026671699279526378,0.026671699279526378,0.0007113795424574879,1,0,0.052449822
r3_control_nofuture,20,2,-0.055329584,-0.035746645,-0.026645461,-0.020711735,-0.016103841,-0.012357767,-0.009067972,-0.0062555494,-0.0035973932,-0.0012509925,0.0010640454,0.0034267881,0.0058399076,0.008217964,0.010992663,0.01404054,0.017564392,0.021665411,0.02633487,0.033593662,0.045528445,0.0010640454,2022-05-27,2022-05-25,0.0321182551391365,-0.03105420978441257,0.03105420978441257,0.0009643639453343053,1,0,0.052980334
r3_control_nofuture,20,3,-0.055023238,-0.035700455,-0.026809707,-0.020961527,-0.016457291,-0.012740882,-0.009455261,-0.006612467,-0.0039451327,-0.0015377824,0.00085295324,0.003251379,0.0057243733,0.008164043,0.0110154655,0.0141820535,0.017803445,0.022021353,0.026832867,0.03436578,0.04673418,0.00085295324,2022-05-31,2022-05-25,-0.0026567552309775,0.0035097084661306088,0.0035097084661306088,1.2318053517228871e-05,0,1,0.053642575
r3_control_nofuture,20,4,-0.0544932,-0.035466842,-0.026580572,-0.020725468,-0.016168354,-0.0124725755,-0.009195762,-0.0063464977,-0.0036486173,-0.001237893,0.001141242,0.0035296658,0.005990297,0.008443862,0.011293592,0.0144732315,0.018117107,0.022312094,0.027090898,0.034578856,0.046780005,0.001141242,2022-06-01,2022-05-25,-0.0074232359595381,0.008564477943979977,0.008564477943979977,7.335028245291949e-05,0,1,0.05367147
r3_control_nofuture,20,5,-0.055826813,-0.036254626,-0.026983332,-0.021048924,-0.016447874,-0.01270406,-0.0094084805,-0.006515393,-0.003764099,-0.0013198571,0.0010893114,0.003508565,0.0060210316,0.008482014,0.011372431,0.014564817,0.0181899,0.022366049,0.027162096,0.034458194,0.047028758,0.0010893114,2022-06-02,2022-05-25,0.0270173668889322,-0.025928055451250882,0.025928055451250882,0.0006722640594831406,1,1,0.054145426
r3_control_nofuture,21,1,-0.059138004,-0.03966729,-0.030349622,-0.024146806,-0.019248834,-0.015159835,-0.01162272,-0.008533371,-0.0056338077,-0.003018227,-0.00038608006,0.0023213434,0.0050570224,0.007679473,0.010713608,0.01405022,0.017935125,0.022538275,0.027934521,0.03598597,0.048938442,-0.00038608006,2022-06-03,2022-06-02,-0.0263637056617606,0.025977625597415448,0.025977625597415448,0.0006748370316794943,1,1,0.05828414
r3_control_nofuture,21,2,-0.05959655,-0.039752744,-0.03014506,-0.02372055,-0.018633882,-0.014454068,-0.010770419,-0.007609064,-0.0046111187,-0.0019556065,0.0006907932,0.003395773,0.0061372304,0.008769882,0.011794597,0.015109419,0.01895011,0.02338055,0.028330578,0.03590472,0.048209462,0.0006907932,2022-06-06,2022-06-02,0.0033255532174389,-0.002634760006332689,0.002634760006332689,6.941960290970232e-06,1,1,0.058475636
r3_control_nofuture,21,3,-0.059177484,-0.039349355,-0.029847644,-0.023506803,-0.018562809,-0.014457181,-0.010811574,-0.007647824,-0.004666444,-0.0019607872,0.00074359804,0.0034665049,0.006247881,0.008905298,0.011948164,0.015294287,0.01907692,0.023464032,0.028369378,0.03595525,0.048177153,0.00074359804,2022-06-07,2022-06-02,0.0085886232841835,-0.00784502524724981,0.00784502524724981,6.154442112998693e-05,1,1,0.058217023
r3_control_nofuture,21,4,-0.058710776,-0.039251473,-0.029836407,-0.023499697,-0.018487046,-0.014386069,-0.0107381595,-0.0075626043,-0.0045386944,-0.0018143337,0.0008908238,0.0036247896,0.0064070863,0.009106263,0.0121703455,0.015549976,0.019384181,0.02378881,0.028738048,0.036395885,0.04881481,0.0008908238,2022-06-08,2022-06-02,-0.007222647581788,0.008113471361415681,0.008113471361415681,6.582841753251242e-05,0,1,0.058574453
r3_control_nofuture,21,5,-0.059537034,-0.04002104,-0.030267166,-0.0238844,-0.018831825,-0.014699473,-0.011054299,-0.007850667,-0.004800694,-0.0020800834,0.00062348973,0.0033525766,0.0061556734,0.008837317,0.011918061,0.015254709,0.019007767,0.023326393,0.028243665,0.035678368,0.048334002,0.00062348973,2022-06-09,2022-06-02,-0.0271498500722219,0.027773339802282,0.027773339802282,0.0007713584037730215,0,1,0.058510832
r3_control_nofuture,22,1,-0.054841876,-0.036944777,-0.027701868,-0.021506466,-0.016676476,-0.01268032,-0.0092116725,-0.0061782026,-0.0033302894,-0.0007476198,0.0018647586,0.004551643,0.007276376,0.00986003,0.012840943,0.016069397,0.019853374,0.024285018,0.02947902,0.037123784,0.04987625,0.0018647586,2022-06-10,2022-06-09,-0.0359075344036129,0.0377722929565963,0.0377722929565963,0.0014267461151989346,0,0,0.05718089
r3_control_nofuture,22,2,-0.056420453,-0.03863755,-0.029291844,-0.022898061,-0.01782186,-0.013647274,-0.00995969,-0.0067871967,-0.0037757372,-0.0010917697,0.001588169,0.0043537645,0.007179786,0.0098782,0.012981649,0.016402526,0.020359473,0.024887528,0.029914364,0.037591517,0.050412133,0.001588169,2022-06-13,2022-06-09,-0.0476117566990704,0.04919992571873969,0.04919992571873969,0.0024206326907295034,0,0,0.05920621
r3_control_nofuture,22,3,-0.056644633,-0.039268315,-0.030221455,-0.023979781,-0.019049628,-0.014904954,-0.011183207,-0.007933599,-0.0048693595,-0.0020620036,0.0007553048,0.0036057576,0.006535121,0.009331192,0.012553098,0.016121715,0.02018465,0.024877226,0.030099146,0.03816414,0.051236257,0.0007553048,2022-06-14,2022-06-09,0.0018139240399031,-0.0010586192199988323,0.0010586192199988323,1.1206746529509362e-06,1,1,0.0603206
r3_control_nofuture,22,4,-0.056332536,-0.03932143,-0.030493475,-0.024376327,-0.019407187,-0.015252065,-0.011525682,-0.008260526,-0.005153316,-0.002349498,0.00043220757,0.0032466818,0.006135933,0.008959366,0.012215081,0.015863277,0.020089723,0.024979314,0.030549215,0.03920406,0.052780136,0.00043220757,2022-06-15,2022-06-09,0.0246648180722919,-0.024232610503044788,0.024232610503044788,0.0005872194117922765,1,1,0.06104269
r3_control_nofuture,22,5,-0.057942927,-0.04031524,-0.030910896,-0.02455923,-0.01940584,-0.015125193,-0.011332411,-0.007977235,-0.004782017,-0.0019340832,0.000876936,0.0037255592,0.0066489587,0.009445185,0.012667035,0.016188735,0.020182347,0.02478628,0.03006485,0.03802309,0.051670298,0.000876936,2022-06-16,2022-06-09,-0.0411828948301896,0.04205983084399994,0.04205983084399994,0.0017690293706258886,0,0,0.060975745
r3_control_nofuture,23,1,-0.06898479,-0.046191342,-0.03414009,-0.025868667,-0.019456957,-0.014214362,-0.009830315,-0.0060758116,-0.0025788315,0.0005857765,0.0038234962,0.007165288,0.0106646335,0.014090456,0.018068867,0.02237616,0.027423913,0.03327888,0.04015325,0.050490417,0.06923875,0.0038234962,2022-06-17,2022-06-16,0.0120864175699185,-0.008262921401439176,0.008262921401439176,6.827587008636157e-05,1,1,0.074293345
r3_control_nofuture,23,2,-0.06788687,-0.04804453,-0.03778948,-0.030526774,-0.024531486,-0.019425016,-0.01484372,-0.010870454,-0.0070570405,-0.003662441,-0.00031192572,0.003040747,0.0064510214,0.009771233,0.013631277,0.017990304,0.023185378,0.029354552,0.03638166,0.047370184,0.06635189,-0.00031192572,2022-06-21,2022-06-16,0.024916328809207,-0.02522825452543951,0.02522825452543951,0.0006364648264003592,0,1,0.07417114
r3_control_nofuture,23,3,-0.070002735,-0.048065156,-0.036441695,-0.028459786,-0.022241365,-0.017093232,-0.0125689,-0.008691544,-0.0050591254,-0.0017380158,0.0016051815,0.004976886,0.00852704,0.011966435,0.015898036,0.020236365,0.025146363,0.030782545,0.036989667,0.047077592,0.065219425,0.0016051815,2022-06-22,2022-06-16,-0.0014595187182,0.0030647002073397956,0.0030647002073397956,9.392387360868586e-06,0,1,0.07343136
r3_control_nofuture,23,4,-0.06933099,-0.04852089,-0.037710633,-0.030063802,-0.02384098,-0.018634073,-0.014009852,-0.010022389,-0.006293371,-0.0029700715,0.00031274566,0.0036261794,0.007090781,0.010546001,0.014506765,0.018894108,0.02398285,0.02985587,0.036468722,0.04713581,0.065973856,0.00031274566,2022-06-23,2022-06-16,0.0147828279878874,-0.014470082329439434,0.014470082329439434,0.00020938328262075538,1,1,0.07417935
r3_control_nofuture,23,5,-0.07026881,-0.04815458,-0.036938306,-0.029467076,-0.023415163,-0.018391404,-0.01394104,-0.01002958,-0.0063108676,-0.003011852,0.00023111045,0.0035490107,0.007003655,0.010373198,0.014248543,0.01847932,0.023364555,0.029085152,0.035723984,0.04610796,0.06569502,0.00023111045,2022-06-24,2022-06-16,0.0336898228092279,-0.03345871236202509,0.03345871236202509,0.0011194854329247307,1,1,0.072662294
r3_control_nofuture,24,1,-0.06207138,-0.042820908,-0.033196922,-0.026628977,-0.021301907,-0.016747825,-0.012744397,-0.0091909,-0.0058314307,-0.0028486773,7.291828e-05,0.0030205005,0.006078912,0.009110934,0.012655843,0.01651224,0.020853048,0.025800284,0.031388976,0.039692827,0.05384023,7.291828e-05,2022-06-27,2022-06-24,-0.007358760285343,0.007431678564672315,0.007431678564672315,5.522984628860995e-05,0,1,0.064585894
r3_control_nofuture,24,2,-0.06391556,-0.043623388,-0.03316409,-0.02599208,-0.02026546,-0.015549454,-0.011423233,-0.007945543,-0.0046986206,-0.0018607336,0.00094952615,0.0038197867,0.0067670424,0.009719543,0.013161675,0.016912302,0.021227263,0.026234765,0.03183045,0.0403628,0.054442875,0.00094952615,2022-06-28,2022-06-24,-0.0309404994483681,0.031890025595819355,0.031890025595819355,0.0010169737325020135,0,1,0.064994544
r3_control_nofuture,24,3,-0.06250298,-0.042349584,-0.032433078,-0.025735948,-0.020463891,-0.016012557,-0.012021418,-0.008537466,-0.005241936,-0.0022663905,0.00068810314,0.003590944,0.0065867575,0.009577876,0.013045198,0.016829172,0.021099074,0.02602269,0.03149462,0.040043432,0.054221068,0.00068810314,2022-06-29,2022-06-24,0.0009166467819793,-0.00022854363792220497,0.00022854363792220497,5.2232194434715926e-08,1,1,0.063927695
r3_control_nofuture,24,4,-0.061665136,-0.04225468,-0.032435276,-0.025640879,-0.020158058,-0.015593565,-0.01151843,-0.0079813115,-0.0046832436,-0.0017579922,0.0011166027,0.00399833,0.006994173,0.010021868,0.01349599,0.017298114,0.021644019,0.026580198,0.032028064,0.0404097,0.054275468,0.0011166027,2022-06-30,2022-06-24,-0.0124806150373751,0.013597217718952306,0.013597217718952306,0.00018488432969659055,0,1,0.06446334
r3_control_nofuture,24,5,-0.062202167,-0.042081513,-0.031983577,-0.025330838,-0.01996194,-0.015494605,-0.0115144905,-0.008018496,-0.0047266483,-0.0018319488,0.0009946262,0.0038274687,0.0067717354,0.009663076,0.013016481,0.016656272,0.020816734,0.025625454,0.031107495,0.039400324,0.053875644,0.0009946262,2022-07-01,2022-06-24,0.0065788873264722,-0.005584261126645602,0.005584261126645602,3.118397233056521e-05,1,1,0.06309107
r3_control_nofuture,25,1,-0.054916672,-0.038143665,-0.029869296,-0.024232686,-0.01971216,-0.015891377,-0.012545684,-0.009596614,-0.0068213707,-0.004295068,-0.0017585899,0.0008480551,0.003468095,0.0059477864,0.008807332,0.011939463,0.015568607,0.019872872,0.02493046,0.032521453,0.044591095,-0.0017585899,2022-07-05,2022-07-01,0.0169747470429686,-0.01873333691792163,0.01873333691792163,0.0003509379120803655,0,1,0.054799758
r3_control_nofuture,25,2,-0.05612704,-0.038296673,-0.029439058,-0.02343039,-0.018625984,-0.014645678,-0.011104229,-0.008046214,-0.0051370626,-0.0025389863,5.2174408e-05,0.0026968482,0.005361898,0.007917668,0.010857556,0.014059695,0.017750923,0.022025324,0.026838971,0.034195572,0.045958363,5.2174408e-05,2022-07-06,2022-07-01,0.0063916909516316,-0.006339516543875644,0.006339516543875644,4.0189470010072994e-05,1,1,0.056278028
r3_control_nofuture,25,3,-0.055645615,-0.03820244,-0.029664498,-0.023854265,-0.019247523,-0.015346835,-0.011812733,-0.008705617,-0.0057562655,-0.003061434,-0.00036400778,0.0023442693,0.0050835386,0.007695807,0.010698929,0.013987544,0.017728167,0.022124302,0.0271214,0.03484286,0.04718246,-0.00036400778,2022-07-07,2022-07-01,0.0211732520430597,-0.021537259820594127,0.021537259820594127,0.00046385356057977815,0,1,0.056785896
r3_control_nofuture,25,4,-0.055305384,-0.038174555,-0.029561434,-0.023641115,-0.018882865,-0.014950497,-0.011407925,-0.008295546,-0.0053192778,-0.0026287334,4.8887567e-05,0.0027477436,0.005487996,0.008151399,0.011192619,0.014560874,0.018403096,0.022847818,0.027882766,0.0356255,0.04765561,4.8887567e-05,2022-07-08,2022-07-01,0.0012532460459683,-0.0012043584793049753,0.0012043584793049753,1.4504793466737924e-06,1,1,0.0574442
r3_control_nofuture,25,5,-0.056409165,-0.039113484,-0.0301599,-0.02413175,-0.019273529,-0.015246268,-0.011664586,-0.008488031,-0.005455957,-0.002748173,-5.365949e-05,0.0026534193,0.005426134,0.008075506,0.011135121,0.014454478,0.018182892,0.022480054,0.027382962,0.03470614,0.04671594,-5.365949e-05,2022-07-11,2022-07-01,-0.021595887768939,0.02154222828002633,0.02154222828002633,0.0004640675992687661,1,1,0.05754286
r3_control_nofuture,26,1,-0.052642323,-0.034191705,-0.02549993,-0.019802725,-0.015393817,-0.011753842,-0.008622328,-0.0059074117,-0.003363525,-0.001102914,0.0011474488,0.0034386113,0.0057906834,0.008106258,0.010823172,0.013798758,0.017242387,0.021306526,0.026141647,0.033684995,0.047220003,0.0011474488,2022-07-12,2022-07-11,-0.009734741489986,0.0108821902737264,0.0108821902737264,0.00011842206515358547,0,1,0.051641576
r3_control_nofuture,26,2,-0.052826025,-0.034660634,-0.02610991,-0.020422537,-0.0159426,-0.012276268,-0.009035594,-0.006260512,-0.0036217328,-0.0013006681,0.0009958529,0.0033324824,0.005732947,0.008123316,0.010921264,0.014009679,0.017577743,0.021763388,0.026567122,0.034292012,0.047990657,0.0009958529,2022-07-13,2022-07-11,-0.0020632445238822,0.0030590973919548885,0.0030590973919548885,9.3580768534652e-06,0,1,0.05267703
r3_control_nofuture,26,3,-0.053855356,-0.03537678,-0.026622167,-0.020791836,-0.016289858,-0.012571506,-0.009279152,-0.0064467737,-0.0037902417,-0.0013917395,0.0009985152,0.0033767347,0.0058262614,0.008245806,0.011061411,0.014167194,0.01769879,0.021835906,0.026583571,0.034359246,0.048332285,0.0009985152,2022-07-14,2022-07-11,0.0035646372210189,-0.0025661220509513513,0.0025661220509513513,6.58498238037877e-06,1,1,0.053205736
r3_control_nofuture,26,4,-0.053374857,-0.035070363,-0.026440408,-0.020699337,-0.016201086,-0.012514162,-0.00923083,-0.0063763545,-0.003671525,-0.0012430196,0.0011658933,0.0035619603,0.006022487,0.008496803,0.011359637,0.014536383,0.018197615,0.022433192,0.027310714,0.03520788,0.049238123,0.0011658933,2022-07-15,2022-07-11,0.0179767790587838,-0.016810885780699104,0.016810885780699104,0.0002826058807317113,1,1,0.053751122
r3_control_nofuture,26,5,-0.054183852,-0.035579316,-0.026626509,-0.02082126,-0.01628545,-0.01256045,-0.009271119,-0.006376962,-0.0036183386,-0.0011767641,0.0012212414,0.0036013469,0.0060630315,0.00848707,0.011322758,0.014452456,0.018012544,0.02214423,0.026979366,0.034610957,0.048672542,0.0012212414,2022-07-18,2022-07-11,-0.0084986988853166,0.009719940314764728,0.009719940314764728,9.447723972258865e-05,0,1,0.053605877
r3_control_nofuture,27,1,-0.051596843,-0.03371515,-0.02520898,-0.019571504,-0.015225376,-0.0116247535,-0.008483119,-0.0057479087,-0.0031813495,-0.00086651556,0.0014309193,0.0037713519,0.006161063,0.008481147,0.011191194,0.01411335,0.017504603,0.02147269,0.026152287,0.033238,0.045805275,0.0014309193,2022-07-19,2022-07-18,0.0302898455545097,-0.028858926277027967,0.028858926277027967,0.0008328376258629353,1,0,0.051361267
r3_control_nofuture,27,2,-0.051999457,-0.03479433,-0.026564736,-0.021000676,-0.016582118,-0.012929218,-0.0096590305,-0.006837456,-0.0041479594,-0.0017560362,0.0006051109,0.0030134497,0.0054733315,0.007904321,0.0107486965,0.013875203,0.017496785,0.021727892,0.026555296,0.03412441,0.04730381,0.0006051109,2022-07-20,2022-07-18,0.0157319749691985,-0.015126864075241182,0.015126864075241182,0.00022882201675082225,1,1,0.053120032
r3_control_nofuture,27,3,-0.053659484,-0.035864934,-0.027207263,-0.021326989,-0.016736854,-0.012929585,-0.0095436815,-0.0066234027,-0.0038878894,-0.0014183224,0.0010272206,0.0034661025,0.005966086,0.008398334,0.011208236,0.014285504,0.017757487,0.021771828,0.026298204,0.033589453,0.046402067,0.0010272206,2022-07-21,2022-07-18,0.0142532761619883,-0.01322605553469531,0.01322605553469531,0.00017492854500684443,1,1,0.053505465
r3_control_nofuture,27,4,-0.05233285,-0.03522926,-0.02706352,-0.021517342,-0.017071862,-0.01338406,-0.010072466,-0.007166631,-0.004403672,-0.0019222889,0.0005255478,0.0029732895,0.005485023,0.007985976,0.010887681,0.014107338,0.017812585,0.022069555,0.026946714,0.03473846,0.048065692,0.0005255478,2022-07-22,2022-07-18,-0.0176909985561198,0.018216546329697072,0.018216546329697072,0.00033184256018199985,0,1,0.054010235
r3_control_nofuture,27,5,-0.05393953,-0.036236204,-0.027506772,-0.021760743,-0.017221779,-0.013468857,-0.010118329,-0.007159376,-0.004330536,-0.0018164783,0.00065311254,0.0031161741,0.005668513,0.008160798,0.011051362,0.014231672,0.017808912,0.021922538,0.026697567,0.03417951,0.047652073,0.00065311254,2022-07-25,2022-07-18,-0.0057120842337355,0.0063651967737570385,0.0063651967737570385,4.051572996864701e-05,0,1,0.054204337
r3_control_nofuture,28,1,-0.053821765,-0.034986537,-0.026127454,-0.020372937,-0.015936846,-0.012264695,-0.009097177,-0.0063383593,-0.0037577054,-0.0014541483,0.00083537184,0.0031676753,0.005550524,0.007896595,0.010658097,0.013680801,0.017167298,0.021268366,0.026081407,0.03333283,0.0454958,0.00083537184,2022-07-26,2022-07-25,-0.0198442468611613,0.02067961870516614,0.02067961870516614,0.00042764662979105736,0,1,0.052208863
r3_control_nofuture,28,2,-0.054624494,-0.0353382,-0.026252491,-0.020322662,-0.015739739,-0.012024697,-0.008761763,-0.00596956,-0.003332905,-0.0010057265,0.001295829,0.0036179963,0.005993031,0.008339344,0.0110777,0.014056351,0.01746211,0.021396449,0.025870867,0.032837465,0.044548634,0.001295829,2022-07-27,2022-07-25,0.0413910503484826,-0.040095221389509314,0.040095221389509314,0.0016076267782737651,1,0,0.05212336
r3_control_nofuture,28,3,-0.054070696,-0.03502184,-0.026123563,-0.020335507,-0.015903559,-0.012258322,-0.009031033,-0.0062439768,-0.0036349092,-0.0012851626,0.001063097,0.0034038783,0.0058031203,0.008170498,0.0109275505,0.013964338,0.017405393,0.021409793,0.025973845,0.033157032,0.045094542,0.001063097,2022-07-28,2022-07-25,0.0097306417412924,-0.008667544705780073,0.008667544705780073,7.512633122669616e-05,1,1,0.05209741
r3_control_nofuture,28,4,-0.05340797,-0.034807943,-0.026051978,-0.020336019,-0.015873693,-0.012243345,-0.009012803,-0.00620875,-0.0035602236,-0.0011918023,0.0011517552,0.0034849513,0.0058718096,0.008266453,0.011041734,0.014118819,0.017627034,0.021637961,0.026195357,0.033319455,0.045104537,0.0011517552,2022-07-29,2022-07-25,0.0180723999030782,-0.016920644683752775,0.016920644683752775,0.00028630821651381104,1,1,0.052247334
r3_control_nofuture,28,5,-0.054152694,-0.03521165,-0.026169991,-0.020418514,-0.015967311,-0.012327068,-0.009118824,-0.006300298,-0.0036266372,-0.0012513367,0.0010959334,0.003431981,0.0058533326,0.008239466,0.011040221,0.014114024,0.017567059,0.021514831,0.026037525,0.032906864,0.044820152,0.0010959334,2022-08-01,2022-07-25,-0.0006023022525569,0.001698235626574377,0.001698235626574377,2.8840042433664668e-06,0,1,0.052207515
r3_control_nofuture,29,1,-0.050816856,-0.03300252,-0.024525227,-0.018939998,-0.014614332,-0.011050425,-0.007978372,-0.0053098598,-0.0028106717,-0.00058922527,0.0016066355,0.0038267528,0.0061134486,0.008387245,0.011085199,0.014043389,0.017476173,0.021525055,0.02636036,0.03393727,0.04726632,0.0016066355,2022-08-02,2022-08-01,-0.0029859243377438,0.004592559854253214,0.004592559854253214,2.10916060148983e-05,0,1,0.050885588
r3_control_nofuture,29,2,-0.051784124,-0.03378481,-0.025200395,-0.019526824,-0.0150830755,-0.011471906,-0.008291117,-0.0055635637,-0.0029737602,-0.0006949413,0.0015494134,0.0038204067,0.0061641615,0.008506736,0.011271551,0.014311063,0.017818699,0.02191353,0.026612442,0.03417601,0.047392827,0.0015494134,2022-08-03,2022-08-01,0.0268681335677434,-0.025318720140032867,0.025318720140032867,0.0006410375895293059,1,0,0.051812835
r3_control_nofuture,29,3,-0.051855646,-0.033997912,-0.025532184,-0.019890008,-0.015526831,-0.011935199,-0.00875963,-0.006016753,-0.0034555614,-0.0011500132,0.0011414634,0.0034226102,0.0057875863,0.008152491,0.010938532,0.014029908,0.017569067,0.021721164,0.02650792,0.03433109,0.04781303,0.0011414634,2022-08-04,2022-08-01,0.0046655870810814,-0.0035241236746974087,0.0035241236746974087,1.2419447674562767e-05,1,1,0.052040104
r3_control_nofuture,29,4,-0.051201995,-0.033649933,-0.025334813,-0.019790437,-0.015435183,-0.011879652,-0.008708699,-0.0059584733,-0.0033608484,-0.0010389443,0.0012538608,0.0035296897,0.005867256,0.008244057,0.011013602,0.01410113,0.017671356,0.021793814,0.026567595,0.034350544,0.047698606,0.0012538608,2022-08-05,2022-08-01,-0.0082023956497751,0.00945625641956849,0.00945625641956849,8.942078547263029e-05,0,1,0.051902406
r3_control_nofuture,29,5,-0.05172989,-0.03387709,-0.025283104,-0.019719662,-0.015392961,-0.011840198,-0.008707736,-0.0059507852,-0.003329051,-0.001007848,0.0012717783,0.0035263046,0.0058744187,0.008206491,0.010954559,0.014003177,0.017486606,0.02153143,0.026308808,0.033926938,0.047439236,0.0012717783,2022-08-08,2022-08-01,-0.0032375800237071,0.004509358275682875,0.004509358275682875,2.033431205846963e-05,0,1,0.05159191
r3_control_nofuture,30,1,-0.048687194,-0.030729948,-0.022363942,-0.01707034,-0.013112585,-0.00989236,-0.00713461,-0.004750479,-0.0025335937,-0.0005646568,0.0013588994,0.0033159098,0.005360592,0.007401972,0.009843583,0.0125257755,0.015646374,0.019353146,0.023815002,0.030991867,0.0445836,0.0013588994,2022-08-09,2022-08-08,-0.0113831852370667,0.012742084641361489,0.012742084641361489,0.00016236072100762035,0,1,0.046178944
r3_control_nofuture,30,2,-0.05049805,-0.032062497,-0.023399536,-0.017885502,-0.013740338,-0.010415315,-0.007510134,-0.00503228,-0.002699965,-0.0006470998,0.0013550145,0.0033824071,0.005483245,0.007597385,0.010101598,0.012857777,0.01604257,0.019802857,0.024186665,0.03142466,0.04504168,0.0013550145,2022-08-10,2022-08-08,0.0275286808345294,-0.026173666325939298,0.026173666325939298,0.0006850608089416087,1,0,0.047586203
r3_control_nofuture,30,3,-0.051405787,-0.032858748,-0.024051877,-0.01836612,-0.014134064,-0.010720576,-0.0077533014,-0.0052193473,-0.0028834525,-0.0007943177,0.0012560178,0.0032957497,0.0054203155,0.0075558512,0.0100860065,0.012908112,0.016141646,0.01996463,0.024458308,0.031950567,0.04598314,0.0012560178,2022-08-11,2022-08-08,-0.0056923608402969,0.006948378669588423,0.006948378669588423,4.827996613599138e-05,0,1,0.048510186
r3_control_nofuture,30,4,-0.050781533,-0.032479677,-0.023818545,-0.018258018,-0.014071478,-0.010729871,-0.007793325,-0.005261877,-0.0028885324,-0.00078748295,0.0012799838,0.0033423668,0.005482709,0.0076640677,0.01022466,0.013087365,0.016398735,0.02025249,0.024788985,0.032301754,0.046296567,0.0012799838,2022-08-12,2022-08-08,0.0192834600524987,-0.018003476266563952,0.018003476266563952,0.0003241251576807315,1,1,0.04860753
r3_control_nofuture,30,5,-0.0507507,-0.032542404,-0.02368578,-0.01812802,-0.013995093,-0.010680623,-0.0077826595,-0.005260848,-0.0028812853,-0.0007770668,0.0012845269,0.0033293236,0.0054910774,0.0076420815,0.0101938825,0.013026618,0.016246604,0.019991184,0.024467066,0.031800386,0.04595157,0.0012845269,2022-08-15,2022-08-08,0.0080487483962172,-0.006764221502348157,0.006764221502348157,4.5754692532829154e-05,1,1,0.048152845
r3_control_nofuture,31,1,-0.04044267,-0.025743352,-0.018398687,-0.013811768,-0.010458887,-0.007751219,-0.005460747,-0.003463996,-0.0016064256,3.6503014e-05,0.0016477153,0.0032820213,0.0049987934,0.006726691,0.008802078,0.011084595,0.013731815,0.016882585,0.020680059,0.026905637,0.038443346,0.0016477153,2022-08-16,2022-08-15,-0.0023446120784542,0.00399232741882265,0.00399232741882265,1.593867821908312e-05,0,1,0.039078746
r3_control_nofuture,31,2,-0.042225085,-0.027240004,-0.019709887,-0.014984036,-0.01152737,-0.008766457,-0.0063727535,-0.0043212622,-0.0023819427,-0.0006834568,0.0009935087,0.0026859008,0.004468171,0.0062715504,0.008424619,0.010801402,0.013581423,0.016912773,0.020815797,0.027338842,0.039073694,0.0009935087,2022-08-17,2022-08-15,-0.0114717452682467,0.01246525399739908,0.01246525399739908,0.00015538255721967377,0,1,0.040525682
r3_control_nofuture,31,3,-0.042814296,-0.027717328,-0.019963466,-0.015019,-0.011423445,-0.008555202,-0.006077461,-0.003962923,-0.0020283917,-0.00030581158,0.0013838677,0.003072247,0.004851341,0.0066457638,0.008779706,0.011164752,0.013919145,0.01722131,0.021131301,0.027665224,0.03956001,0.0013838677,2022-08-18,2022-08-15,0.0024020226487374,-0.0010181549518784574,0.0010181549518784574,1.0366395060346239e-06,1,1,0.041094765
r3_control_nofuture,31,4,-0.042485043,-0.027578527,-0.019943254,-0.015045316,-0.011488934,-0.008686026,-0.006236544,-0.004152537,-0.0022108871,-0.000494061,0.0011900682,0.002877255,0.0046394644,0.0064737713,0.008620467,0.01102719,0.013839971,0.017161163,0.021086808,0.027709525,0.03954572,0.0011900682,2022-08-19,2022-08-15,-0.019689503156169,0.020879571356399597,0.020879571356399597,0.0004359565000269825,0,1,0.041030064
r3_control_nofuture,31,5,-0.042570107,-0.027704561,-0.019950224,-0.015073437,-0.011540226,-0.008736388,-0.0063263075,-0.0042297584,-0.0022689006,-0.0005245117,0.0011834832,0.002881975,0.004682082,0.0064918003,0.008649663,0.011046809,0.013809976,0.01708515,0.02107478,0.027695268,0.039831124,0.0011834832,2022-08-22,2022-08-15,-0.0266798466408457,0.027863329808397157,0.027863329808397157,0.0007763651480115135,0,0,0.041025005
r3_control_nofuture,32,1,-0.053505126,-0.03420456,-0.02517289,-0.019326417,-0.014880618,-0.011236601,-0.008107227,-0.005391999,-0.0028685462,-0.0006127762,0.0016124571,0.0038683042,0.0062108748,0.008543269,0.011327581,0.014381225,0.017962795,0.022222675,0.027374528,0.035677973,0.05076099,0.0016124571,2022-08-23,2022-08-22,-0.0008273004221576,0.0024397575196656134,0.0024397575196656134,5.952416754764906e-06,0,1,0.052547418
r3_control_nofuture,32,2,-0.053634636,-0.03468783,-0.02574507,-0.019894704,-0.015385448,-0.011717007,-0.008496424,-0.0057273703,-0.0031197108,-0.00081627,0.0014444251,0.0037380399,0.0061311023,0.008527484,0.01136607,0.014518153,0.018172892,0.02247649,0.027494283,0.035837542,0.050855577,0.0014444251,2022-08-24,2022-08-22,0.0028930087852994,-0.0014485837006712353,0.0014485837006712353,2.098394737850371e-06,1,1,0.053239353
r3_control_nofuture,32,3,-0.05348587,-0.03461386,-0.025714897,-0.019893443,-0.015465877,-0.011842942,-0.008645871,-0.005895272,-0.0033379174,-0.0010340536,0.0012473522,0.0035162976,0.005886539,0.008248486,0.0110387625,0.014153265,0.017731592,0.021958567,0.026897132,0.035228316,0.050279915,0.0012473522,2022-08-25,2022-08-22,0.0175272096107264,-0.016279857388745708,0.016279857388745708,0.00026503375659789823,1,1,0.05261203
r3_control_nofuture,32,4,-0.053377543,-0.0345098,-0.02563891,-0.019858046,-0.015405261,-0.011792409,-0.008597236,-0.005826218,-0.0032197568,-0.0008970803,0.0013882491,0.0036583706,0.006019121,0.008414223,0.011225923,0.014375044,0.018019564,0.022258434,0.027243856,0.03561978,0.050538134,0.0013882491,2022-08-26,2022-08-22,-0.0418519489767976,0.04324019808070882,0.04324019808070882,0.001869714730058935,0,0,0.05288277
r3_control_nofuture,32,5,-0.054035515,-0.034992266,-0.025813762,-0.019978574,-0.015536292,-0.01191052,-0.008728117,-0.0059303744,-0.003284751,-0.00093876745,0.0013561544,0.0036410035,0.0060444716,0.008438439,0.011270299,0.01441755,0.018003687,0.022171324,0.027136954,0.035310227,0.050446596,0.0013561544,2022-08-29,2022-08-22,-0.0099041260345794,0.01126028048200083,0.01126028048200083,0.00012679391653332888,0,1,0.052950718
r3_control_nofuture,33,1,-0.059330594,-0.038762663,-0.029367013,-0.023200799,-0.018404994,-0.014368315,-0.0107678315,-0.0075927633,-0.0045985933,-0.0018879534,0.00074629975,0.003429823,0.006208568,0.00892207,0.012108017,0.015562942,0.01954111,0.024136214,0.029468894,0.03753487,0.052786853,0.00074629975,2022-08-30,2022-08-29,-0.0111990455718932,0.01194534531740819,0.01194534531740819,0.00014269127475212577,0,1,0.05883591
r3_control_nofuture,33,2,-0.05929937,-0.03890023,-0.02952629,-0.023261234,-0.018288855,-0.01418478,-0.010508196,-0.0073655075,-0.0043828753,-0.0017198042,0.00087725924,0.0035674453,0.006323289,0.009075324,0.012311215,0.015902188,0.020033188,0.02483382,0.03027908,0.03871033,0.054361746,0.00087725924,2022-08-31,2022-08-29,-0.0058304349011938,0.006707694142145189,0.006707694142145189,4.499316070456888e-05,0,1,0.05980537
r3_control_nofuture,33,3,-0.059659295,-0.039181735,-0.029793095,-0.023522306,-0.018650543,-0.014561823,-0.010898082,-0.0077181994,-0.004709147,-0.0019449487,0.00079717924,0.0035476258,0.006374028,0.009168835,0.012413297,0.015990013,0.020015612,0.02465251,0.029808303,0.038078036,0.053648222,0.00079717924,2022-09-01,2022-08-29,0.000434181362367,0.0003629978741754335,0.0003629978741754335,1.3176745665588385e-07,1,1,0.059601396
r3_control_nofuture,33,4,-0.059511673,-0.03912774,-0.029791344,-0.023552109,-0.018561117,-0.014414418,-0.01070753,-0.0074518993,-0.00436478,-0.0015983835,0.0011243313,0.0038639817,0.006693442,0.009469668,0.012677992,0.016200662,0.020186067,0.024726992,0.02986702,0.03805376,0.053561356,0.0011243313,2022-09-02,2022-08-29,-0.0142287400037255,0.015353071265688151,0.015353071265688151,0.0002357167972892992,0,1,0.059658363
r3_control_nofuture,33,5,-0.060993783,-0.040707674,-0.03111983,-0.024728429,-0.01956182,-0.015193404,-0.011225956,-0.0077560437,-0.0045221196,-0.0017128217,0.0010160676,0.0037506456,0.006627227,0.009436384,0.012707967,0.016305638,0.020355588,0.025034335,0.030369867,0.03861608,0.054696906,0.0010160676,2022-09-06,2022-08-29,-0.007208572585927,0.008224640159727684,0.008224640159727684,6.764470575700543e-05,0,1,0.061489698
r3_control_nofuture,34,1,-0.046869297,-0.031368636,-0.024094813,-0.019274727,-0.0155137405,-0.012335705,-0.009527673,-0.007058677,-0.0047333804,-0.0026171303,-0.0005207196,0.0016099985,0.0037855348,0.0059054988,0.008402883,0.011115087,0.014239976,0.017925551,0.022308962,0.02922712,0.04104722,-0.0005207196,2022-09-07,2022-09-06,0.0200000116453966,-0.020520731268124082,0.020520731268124082,0.0004211004117785654,0,1,0.046403773
r3_control_nofuture,34,2,-0.04785165,-0.032017194,-0.024637617,-0.019751675,-0.015904184,-0.012698872,-0.0097981775,-0.007278096,-0.0048663565,-0.0026943244,-0.0005339377,0.0016608315,0.003905706,0.0061374507,0.008771574,0.011658899,0.014992405,0.018954087,0.02356574,0.03094868,0.043081332,-0.0005339377,2022-09-08,2022-09-06,0.0051712412833418,-0.005705178992747818,0.005705178992747818,3.254906733929101e-05,0,1,0.048203357
r3_control_nofuture,34,3,-0.048702005,-0.032506987,-0.024982432,-0.020020125,-0.016159654,-0.012890289,-0.00993432,-0.00733488,-0.004869662,-0.002610663,-0.00034086715,0.001921589,0.004228862,0.0065009976,0.009158724,0.0120758945,0.015386287,0.019286431,0.023802938,0.03118,0.04355999,-0.00034086715,2022-09-09,2022-09-06,0.0216264215868781,-0.021967288734193395,0.021967288734193395,0.00048256177433142006,0,1,0.04878537
r3_control_nofuture,34,4,-0.04791175,-0.031935632,-0.024524262,-0.019636905,-0.015766397,-0.012546887,-0.009638313,-0.007057048,-0.004583959,-0.0023490593,-0.00011922464,0.0021078105,0.0043801903,0.006651021,0.009300053,0.012246315,0.015637737,0.01958745,0.024214247,0.031767268,0.044033058,-0.00011922464,2022-09-12,2022-09-06,0.0118158364557837,-0.011935061097605048,0.011935061097605048,0.0001424456834035654,0,1,0.04873851
r3_control_nofuture,34,5,-0.048578788,-0.03229216,-0.024528308,-0.01957037,-0.01568996,-0.012453415,-0.009551867,-0.006963433,-0.0044728224,-0.0022339416,-7.0040405e-06,0.0022178004,0.004527032,0.0067906054,0.009449145,0.012369823,0.015671292,0.019533005,0.024102747,0.03142359,0.043801595,-7.0040405e-06,2022-09-13,2022-09-06,-0.0563976479112294,0.05639064387070317,0.05639064387070317,0.0031799047161524736,1,0,0.048631057
r3_control_nofuture,35,1,-0.06246374,-0.04308965,-0.032336254,-0.024864081,-0.018988382,-0.014121491,-0.0100621395,-0.0067074797,-0.0036819295,-0.0010075939,0.0016208161,0.0043195058,0.0071360325,0.009915591,0.013192377,0.016750677,0.020875586,0.025576977,0.030995298,0.039206054,0.054414492,0.0016208161,2022-09-14,2022-09-13,0.0079017521682926,-0.006280936101431447,0.006280936101431447,3.945015831026487e-05,1,1,0.06333155
r3_control_nofuture,35,2,-0.06001252,-0.041400224,-0.03125796,-0.02427502,-0.01882611,-0.0143426685,-0.010422489,-0.007171926,-0.0041818637,-0.0015644014,0.0010018102,0.0036649036,0.0064124414,0.009148567,0.012380867,0.016012238,0.020191835,0.025007177,0.030459154,0.03908475,0.05499406,0.0010018102,2022-09-15,2022-09-13,-0.0167938510711174,0.017795661260453937,0.017795661260453937,0.000316685559696821,0,1,0.061717115
r3_control_nofuture,35,3,-0.059963897,-0.040318582,-0.02987962,-0.023079185,-0.017932389,-0.013692424,-0.009981153,-0.0068314923,-0.0039132126,-0.0012666148,0.0013470363,0.0039489917,0.0066271466,0.0092688855,0.012328516,0.015721994,0.019535193,0.023917504,0.028820774,0.03684741,0.051943265,0.0013470363,2022-09-16,2022-09-13,-0.0061334806328971,0.007480516966651759,0.007480516966651759,5.595813408836484e-05,0,1,0.058700394
r3_control_nofuture,35,4,-0.05724926,-0.038380492,-0.028834207,-0.022664538,-0.017799301,-0.013762119,-0.010170642,-0.0070639644,-0.0041218204,-0.0014820739,0.0011092783,0.0036871016,0.0063282344,0.008938329,0.011967002,0.015311419,0.019144114,0.023543177,0.028624535,0.036845677,0.052082513,0.0011092783,2022-09-19,2022-09-13,0.0077570932015004,-0.006647814906311258,0.006647814906311258,4.419344302857416e-05,1,1,0.057458743
r3_control_nofuture,35,5,-0.057584163,-0.038191076,-0.028401205,-0.022240108,-0.017427074,-0.013437392,-0.009904468,-0.006822791,-0.0038895924,-0.0012972127,0.0012430837,0.0037639632,0.0063792276,0.008937642,0.011916345,0.015202025,0.018886257,0.02310423,0.027951078,0.035604484,0.050490912,0.0012430837,2022-09-20,2022-09-13,-0.0080030220400149,0.009246105777805484,0.009246105777805484,8.549047205436796e-05,0,1,0.056352284
r3_control_nofuture,36,1,-0.048408445,-0.031309355,-0.02272388,-0.017369896,-0.013447152,-0.010253139,-0.0075126886,-0.0051558577,-0.0029701323,-0.0010186381,0.00086985686,0.0027863358,0.00479569,0.0067914245,0.009178231,0.011801038,0.014854402,0.018463247,0.022776678,0.029761743,0.042978343,0.00086985686,2022-09-21,2022-09-20,-0.0180682902360061,0.018938147092303802,0.018938147092303802,0.00035865341528973496,0,1,0.045500558
r3_control_nofuture,36,2,-0.048958953,-0.031688277,-0.023058183,-0.017638057,-0.013620308,-0.01040522,-0.0075795967,-0.00517879,-0.0029155172,-0.0009209239,0.0010030057,0.0029772492,0.0050090645,0.0070661106,0.0095102405,0.012206382,0.015307391,0.018934183,0.023159895,0.030143768,0.04310678,0.0010030057,2022-09-22,2022-09-20,-0.0123842097522109,0.013387215410487279,0.013387215410487279,0.00017921753644678808,0,1,0.04621808
r3_control_nofuture,36,3,-0.049052328,-0.03194403,-0.02333171,-0.017919067,-0.013938894,-0.010701632,-0.007857257,-0.0054217963,-0.0031636925,-0.0011320793,0.00085103227,0.0028275358,0.0048862896,0.0069698147,0.0094428845,0.012194174,0.015340782,0.01903398,0.023343056,0.03056895,0.043941546,0.00085103227,2022-09-23,2022-09-20,-0.0164155072540443,0.01726653951997194,0.01726653951997194,0.0002981333869947529,0,1,0.046674766
r3_control_nofuture,36,4,-0.047719352,-0.031024296,-0.022761382,-0.017588519,-0.013691947,-0.0105312215,-0.00772267,-0.0052815536,-0.002979558,-0.0009388563,0.001050681,0.0030433808,0.005116378,0.0072206445,0.00970475,0.012488028,0.015701797,0.019436873,0.02383485,0.031171396,0.044505656,0.001050681,2022-09-26,2022-09-20,-0.0041464718652499,0.00519715285744342,0.00519715285744342,2.7010397823632307e-05,0,1,0.046596233
r3_control_nofuture,36,5,-0.04836064,-0.031351708,-0.022836111,-0.017617572,-0.01370506,-0.010514902,-0.0076838536,-0.0052049905,-0.002848249,-0.0007732192,0.0012441939,0.003235361,0.005337959,0.0074229706,0.009909277,0.012680954,0.0158243,0.01948582,0.023840632,0.030987792,0.04447007,0.0012441939,2022-09-27,2022-09-20,0.0004008534455465,0.0008433404287530263,0.0008433404287530263,7.112230787693382e-07,1,1,0.046676744
r3_control_nofuture,37,1,-0.044739783,-0.029536378,-0.022371624,-0.01775914,-0.014229272,-0.01126715,-0.008663372,-0.0063590226,-0.004173521,-0.0021926404,-0.00022299038,0.0017816168,0.0038272487,0.005815433,0.008150261,0.010683418,0.013588643,0.01700356,0.021035392,0.027473224,0.039024714,-0.00022299038,2022-09-28,2022-09-27,0.0196969115668367,-0.019919901943478674,0.019919901943478674,0.00039680249343780545,0,1,0.043407016
r3_control_nofuture,37,2,-0.044647653,-0.029463133,-0.022349829,-0.0177753,-0.014254931,-0.011337582,-0.008714978,-0.006428642,-0.0042312476,-0.002251721,-0.00027737895,0.0017375806,0.003787485,0.005818971,0.008214487,0.010825291,0.013840913,0.017404146,0.021535734,0.028215952,0.039703168,-0.00027737895,2022-09-29,2022-09-27,-0.0292512173546546,0.028973838409043183,0.028973838409043183,0.0008394833121533461,1,0,0.043885563
r3_control_nofuture,37,3,-0.044835016,-0.029579798,-0.022349278,-0.017725056,-0.014189296,-0.011223111,-0.008551209,-0.006205404,-0.0039853286,-0.0019621586,7.300637e-05,0.0021109378,0.004191629,0.006230642,0.008612996,0.011217761,0.014177417,0.017664332,0.02171235,0.028346566,0.040027697,7.300637e-05,2022-09-30,2022-09-27,-0.0171020430867093,0.01717504945605745,0.01717504945605745,0.00029498232381801933,0,1,0.044061627
r3_control_nofuture,37,4,-0.043749798,-0.028900616,-0.02191546,-0.017439116,-0.013941322,-0.01102825,-0.008381935,-0.0060410183,-0.0037911774,-0.0017521657,0.00028004753,0.0023199173,0.0043848935,0.006446071,0.0088249585,0.011458014,0.014477224,0.017979769,0.022080868,0.028825628,0.040430717,0.00028004753,2022-10-03,2022-09-27,0.0231892990037289,-0.022909251469695243,0.022909251469695243,0.0005248338029017336,1,0,0.043996327
r3_control_nofuture,37,5,-0.044201516,-0.029058691,-0.021859102,-0.01734961,-0.013851422,-0.010933081,-0.008311936,-0.0059660543,-0.0036997728,-0.0016505513,0.00039488813,0.0024436314,0.0045564924,0.0066151605,0.009024605,0.011665007,0.014643046,0.018127885,0.022246912,0.028844262,0.040510964,0.00039488813,2022-10-04,2022-09-27,0.0309567400906944,-0.03056185195578833,0.03056185195578833,0.000934026794967523,1,0,0.044106014
r3_control_nofuture,38,1,-0.050482232,-0.033511505,-0.02522703,-0.01990215,-0.015808476,-0.012395102,-0.009411191,-0.0067587504,-0.0042341156,-0.0019601944,0.00030783418,0.0026056787,0.004975341,0.007333799,0.010119179,0.013158507,0.016627459,0.02065059,0.025293363,0.032346107,0.04427076,0.00030783418,2022-10-05,2022-10-04,-0.0005317811278832,0.0008396153112147789,0.0008396153112147789,7.0495387082629e-07,0,1,0.050520394
r3_control_nofuture,38,2,-0.05052856,-0.033348903,-0.024952542,-0.019532101,-0.015356726,-0.01195299,-0.008935621,-0.0063154115,-0.0038013267,-0.0015619118,0.00067267986,0.002941146,0.0052753645,0.007615886,0.01037755,0.013403696,0.016882375,0.02091916,0.025495613,0.032610625,0.044284396,0.00067267986,2022-10-06,2022-10-04,-0.007904162983195,0.008576842843339854,0.008576842843339854,7.356223315935007e-05,0,1,0.050448157
r3_control_nofuture,38,3,-0.05035599,-0.0332359,-0.024880854,-0.019529205,-0.0154541675,-0.012074862,-0.009064811,-0.006433788,-0.003950974,-0.0016840236,0.0006045348,0.0028716244,0.005210366,0.0075594066,0.01031537,0.013345148,0.016777948,0.020751294,0.02524956,0.032298997,0.043972015,0.0006045348,2022-10-07,2022-10-04,-0.0388490812715104,0.039453616084247654,0.039453616084247654,0.0015565878221232051,0,0,0.050130412
r3_control_nofuture,38,4,-0.049009815,-0.03223409,-0.02413363,-0.01892501,-0.014887782,-0.011571867,-0.008593393,-0.005985436,-0.003493788,-0.0012413011,0.001010841,0.0032513663,0.0055319327,0.007836471,0.010504853,0.013444902,0.016807655,0.020669548,0.025067575,0.031977955,0.043451134,0.001010841,2022-10-10,2022-10-04,-0.0100465207347736,0.01105736172628554,0.01105736172628554,0.00012226524834592435,0,1,0.049201205
r3_control_nofuture,38,5,-0.048252627,-0.031568777,-0.023474827,-0.01841444,-0.014507529,-0.011285437,-0.0084307315,-0.00589903,-0.003473165,-0.0012942515,0.000877699,0.0030435368,0.0052889665,0.007508008,0.010126607,0.012993602,0.01623166,0.01995391,0.024216285,0.030749893,0.042047206,0.000877699,2022-10-11,2022-10-04,-0.0138332736073372,0.01471097260716679,0.01471097260716679,0.00021641271504881167,0,1,0.047691114
r3_control_nofuture,39,1,-0.048901368,-0.032962333,-0.02485967,-0.019452065,-0.015285011,-0.0118249925,-0.008805997,-0.0061854413,-0.0037352033,-0.001530985,0.00064023887,0.0028470266,0.0051280274,0.0073705767,0.010034315,0.012957933,0.016382234,0.020437326,0.025272174,0.03299072,0.04706358,0.00064023887,2022-10-12,2022-10-11,-0.0003428078850866,0.000983046753159229,0.000983046753159229,9.66380918896902e-07,0,1,0.050131842
r3_control_nofuture,39,2,-0.048437178,-0.032954626,-0.025034599,-0.019685853,-0.015498678,-0.012042241,-0.0089582605,-0.006305391,-0.0037808977,-0.001532512,0.0006759261,0.0029370473,0.0052713756,0.0075938003,0.010344568,0.013404407,0.01695379,0.021121994,0.02596126,0.03385532,0.048024446,0.0006759261,2022-10-13,2022-10-11,0.0231817686865472,-0.022505842585153202,0.022505842585153202,0.0005065129504676953,1,1,0.050995857
r3_control_nofuture,39,3,-0.04889435,-0.03319387,-0.02513055,-0.01972747,-0.015561323,-0.0120994495,-0.00901224,-0.006340402,-0.0038428192,-0.0015736596,0.00066988525,0.0029084089,0.005227568,0.007521225,0.010215223,0.01321082,0.016626762,0.020635081,0.025286071,0.033071637,0.047244575,0.00066988525,2022-10-14,2022-10-11,-0.0305185100923809,0.031188395344517637,0.031188395344517637,0.0009727160041659294,0,0,0.05041662
r3_control_nofuture,39,4,-0.047708932,-0.03226905,-0.024545394,-0.019391779,-0.015312447,-0.0119174365,-0.008867814,-0.006193759,-0.0036471328,-0.0013604644,0.00089794357,0.0031552482,0.005472343,0.00777792,0.010464413,0.013449721,0.016890367,0.020864973,0.025543766,0.033320647,0.047247194,0.00089794357,2022-10-17,2022-10-11,0.0324879599623965,-0.031590016396308866,0.031590016396308866,0.000997929135919063,1,0,0.050089158
r3_control_nofuture,39,5,-0.048379943,-0.032549623,-0.024539009,-0.019336462,-0.01526635,-0.011872748,-0.008834883,-0.006155413,-0.0035963145,-0.0013171481,0.00091924384,0.00314946,0.005469189,0.007748344,0.010434051,0.013420308,0.016803226,0.020748343,0.02539944,0.032948814,0.046954937,0.00091924384,2022-10-18,2022-10-11,0.007877070093203,-0.006957826248511337,0.006957826248511337,4.841134610447334e-05,1,1,0.049938448
r3_control_nofuture,40,1,-0.052427385,-0.034634132,-0.025862403,-0.02019978,-0.015899202,-0.012332288,-0.009207077,-0.006432949,-0.003817513,-0.0014807873,0.00079670054,0.0030849657,0.005495416,0.007908436,0.010789874,0.013944596,0.017592467,0.021836184,0.026841179,0.03492628,0.050387423,0.00079670054,2022-10-19,2022-10-18,-0.0036537124957506,0.004450413032489681,0.004450413032489681,1.9806176159754003e-05,0,1,0.05270358
r3_control_nofuture,40,2,-0.05122671,-0.034001607,-0.025506651,-0.020005886,-0.015780358,-0.012329164,-0.009264746,-0.006605924,-0.0040664137,-0.001819809,0.00038788258,0.0026444888,0.005011688,0.007401233,0.010274766,0.013504635,0.017277561,0.021745732,0.026928062,0.035475694,0.05105761,0.00038788258,2022-10-20,2022-10-18,-0.005114854470836,0.005502737051816658,0.005502737051816658,3.028011506143589e-05,0,1,0.052434713
r3_control_nofuture,40,3,-0.051826473,-0.03431531,-0.025647819,-0.020049682,-0.015826903,-0.012340172,-0.009256247,-0.006589125,-0.004096134,-0.0018278391,0.00042325666,0.0026615595,0.005012097,0.0073871785,0.010216402,0.013394102,0.017032811,0.021292565,0.026210964,0.034363735,0.049274836,0.00042325666,2022-10-21,2022-10-18,0.0231771323007943,-0.022753875643707986,0.022753875643707986,0.0005177388568093275,1,1,0.051858783
r3_control_nofuture,40,4,-0.050304614,-0.033124786,-0.024881966,-0.019555015,-0.015442918,-0.012047427,-0.009009964,-0.0063540824,-0.0038328965,-0.0015635993,0.00068166223,0.0029157023,0.0052307,0.0075780554,0.010344417,0.013447666,0.017066985,0.021302462,0.02629698,0.034642,0.049841348,0.00068166223,2022-10-24,2022-10-18,0.0109413627675272,-0.010259700533980823,0.010259700533980823,0.00010526145504696638,1,1,0.051178947
r3_control_nofuture,40,5,-0.050795477,-0.03336471,-0.024861045,-0.019529477,-0.0154462755,-0.012086597,-0.009102381,-0.0064670774,-0.003943474,-0.0016785469,0.00054524717,0.0027714584,0.005106287,0.0074330014,0.010199028,0.013285106,0.016839664,0.021027924,0.026017081,0.034250963,0.049615066,0.00054524717,2022-10-25,2022-10-18,0.0204747341485123,-0.0199294869816291,0.0199294869816291,0.0003971844513509238,1,1,0.050878126
r3_control_nofuture,41,1,-0.048198182,-0.031201432,-0.023065468,-0.017940268,-0.014103406,-0.010946412,-0.008223343,-0.005834541,-0.0035885253,-0.0015682988,0.00042361888,0.002443994,0.0045329803,0.0065936777,0.009041678,0.011714072,0.014783964,0.018392166,0.022658575,0.029331753,0.040906902,0.00042361888,2022-10-26,2022-10-25,-0.0223440421710303,0.022767661054390476,0.022767661054390476,0.0005183663898876089,0,1,0.04572404
r3_control_nofuture,41,2,-0.049003214,-0.03126845,-0.02277433,-0.017472556,-0.013515483,-0.010332975,-0.0075412495,-0.0051326565,-0.002851686,-0.0008281807,0.0011694978,0.0031814966,0.0052596186,0.0073333075,0.009777042,0.012441954,0.015491262,0.019043453,0.023117738,0.0295762,0.040562924,0.0011694978,2022-10-27,2022-10-25,-0.0183740417187532,0.019543539564447623,0.019543539564447623,0.0003819499387071296,0,1,0.045892067
r3_control_nofuture,41,3,-0.048481908,-0.03119293,-0.0230161,-0.017874677,-0.014052532,-0.010923991,-0.008166118,-0.0057660276,-0.0035209663,-0.001488538,0.00052952114,0.0025374717,0.004637171,0.0067538177,0.009266385,0.0120601645,0.015258728,0.019010723,0.023357796,0.030190462,0.04159338,0.00052952114,2022-10-28,2022-10-25,0.0301420819730463,-0.029612560828119753,0.029612560828119753,0.0008769037587990924,1,0,0.046373896
r3_control_nofuture,41,4,-0.046797205,-0.030357977,-0.022474226,-0.017446484,-0.01364245,-0.010563028,-0.00781077,-0.0054092873,-0.0031375873,-0.0011076056,0.0008868107,0.0028738522,0.0049186544,0.006987447,0.009410603,0.012114298,0.015214342,0.018793562,0.022924371,0.029509353,0.04048966,0.0008868107,2022-10-31,2022-10-25,-0.0116960489044551,0.012582859615108763,0.012582859615108763,0.00015832835609353504,0,1,0.045398597
r3_control_nofuture,41,5,-0.0466457,-0.030124657,-0.022014037,-0.016969055,-0.013195134,-0.010134839,-0.0074453773,-0.005071936,-0.002817434,-0.000796668,0.0011969791,0.0031784337,0.0052450886,0.007285893,0.009700177,0.01235316,0.015348359,0.018786388,0.02278409,0.028990315,0.03981228,0.0011969791,2022-11-01,2022-10-25,-0.0102703591731032,0.011467338252498733,0.011467338252498733,0.0001314998465972207,0,1,0.04479813
r3_control_nofuture,42,1,-0.04868522,-0.032401875,-0.02438064,-0.0190704,-0.014977315,-0.011576164,-0.008634399,-0.006068617,-0.003664418,-0.0015122981,0.00061812805,0.002786255,0.005033683,0.007245962,0.009872548,0.012747845,0.01607347,0.019992046,0.02462237,0.03173647,0.04387296,0.00061812805,2022-11-02,2022-11-01,-0.0348785160885288,0.03549664413631918,0.03549664413631918,0.0012600117449404827,0,0,0.04900301
r3_control_nofuture,42,2,-0.04880173,-0.032690402,-0.024750456,-0.019448167,-0.0152913,-0.011873918,-0.008833385,-0.006212306,-0.0037211354,-0.0015140318,0.00065721344,0.0028735942,0.0051576924,0.0074315113,0.010108883,0.013062477,0.016466532,0.02045389,0.025032835,0.032208014,0.044185475,0.00065721344,2022-11-03,2022-11-01,-0.0197278218585731,0.020385035302928976,0.020385035302928976,0.00041554966430166064,0,1,0.04978329
r3_control_nofuture,42,3,-0.049336277,-0.03301484,-0.024914492,-0.0194994,-0.0153466035,-0.0119118225,-0.00886715,-0.0062332083,-0.0037756264,-0.0015554191,0.0006489263,0.0028477085,0.005132467,0.0074045286,0.010069913,0.013020593,0.016378421,0.020290667,0.024787204,0.0319145,0.043898705,0.0006489263,2022-11-04,2022-11-01,0.0159569279410219,-0.015308001637765595,0.015308001637765595,0.00023433491414183414,1,1,0.049701698
r3_control_nofuture,42,4,-0.048574,-0.03247552,-0.0245243,-0.019235222,-0.01512652,-0.011763414,-0.008756458,-0.006124004,-0.0036288209,-0.0014086084,0.0007853896,0.0029830658,0.00524984,0.0075338464,0.010198587,0.013165802,0.016562449,0.020466018,0.02494856,0.032043938,0.043839753,0.0007853896,2022-11-07,2022-11-01,0.0109346123015244,-0.010149222677454025,0.010149222677454025,0.00010300672095654704,1,1,0.04947286
r3_control_nofuture,42,5,-0.04911358,-0.032881036,-0.024637755,-0.019273737,-0.015127609,-0.011727929,-0.00871847,-0.006061629,-0.0035290266,-0.0012734984,0.000934674,0.0031382383,0.0054356093,0.007686661,0.010334348,0.0132503435,0.016531866,0.020291751,0.024660356,0.03139838,0.043328196,0.000934674,2022-11-08,2022-11-01,0.0072605502087353,-0.006325876211627407,0.006325876211627407,4.001670984483351e-05,1,1,0.04929811
r3_control_nofuture,43,1,-0.04830793,-0.03282416,-0.02527407,-0.020166818,-0.016162073,-0.0127601195,-0.009736075,-0.00708055,-0.0045729834,-0.0022940584,-3.7738035e-05,0.0022630733,0.0046320185,0.0069449483,0.009662529,0.012607605,0.015988853,0.019919153,0.024504017,0.03148755,0.043998234,-3.7738035e-05,2022-11-09,2022-11-08,-0.023346595266923,0.023308857232188496,0.023308857232188496,0.0005433028254705459,1,1,0.04977809
r3_control_nofuture,43,2,-0.048101738,-0.03279734,-0.02539814,-0.020394057,-0.016395375,-0.0130379805,-0.009985834,-0.0073269834,-0.0047799945,-0.0024875002,-0.00022929454,0.002085384,0.004456206,0.0068277502,0.009618358,0.012687274,0.016222076,0.020357916,0.025087534,0.03242924,0.045011703,-0.00022929454,2022-11-10,2022-11-08,0.0711929997477418,-0.0714222942905471,0.0714222942905471,0.005101144121725516,0,0,0.050485674
r3_control_nofuture,43,3,-0.049547635,-0.033655766,-0.025875388,-0.020590624,-0.016465526,-0.012976024,-0.009832124,-0.0070864903,-0.0044926214,-0.002119172,0.00023459809,0.002584496,0.0049982634,0.0073820218,0.010158907,0.013203366,0.01662517,0.020552408,0.024977654,0.031969387,0.044271275,0.00023459809,2022-11-11,2022-11-08,0.0182584576680964,-0.018023859577922723,0.018023859577922723,0.00032485951408467667,1,1,0.050853044
r3_control_nofuture,43,4,-0.04837335,-0.032971323,-0.025394341,-0.020253085,-0.016158616,-0.012730777,-0.009628172,-0.006877426,-0.004242578,-0.0018713669,0.00046258193,0.0027897595,0.005173335,0.0075363186,0.010286059,0.013321262,0.016768502,0.020694774,0.025168411,0.032285094,0.044703312,0.00046258193,2022-11-14,2022-11-08,-0.0087896716733245,0.009252253600746933,0.009252253600746933,8.560419669253459e-05,0,1,0.050562754
r3_control_nofuture,43,5,-0.049390294,-0.03366115,-0.025686456,-0.020415587,-0.016253809,-0.012774459,-0.009637903,-0.006840696,-0.0041471627,-0.0017416716,0.0006197227,0.0029639336,0.0053959657,0.007771736,0.010547357,0.013592806,0.01699878,0.020892577,0.025376802,0.032329433,0.045052662,0.0006197227,2022-11-15,2022-11-08,0.0137435381227701,-0.013123815417901336,0.013123815417901336,0.00017223453112314482,1,1,0.05106326
r3_control_nofuture,44,1,-0.05462205,-0.03769868,-0.029252557,-0.023519086,-0.018910958,-0.015004053,-0.011553291,-0.008478689,-0.0055507785,-0.002930171,-0.0003106649,0.0023650716,0.0051262607,0.007867029,0.011108538,0.014683087,0.018799055,0.02359855,0.029156664,0.03754271,0.051179197,-0.0003106649,2022-11-16,2022-11-15,-0.01374353812277,0.013432873213576708,0.013432873213576708,0.00018044208277202662,1,1,0.05840922
r3_control_nofuture,44,2,-0.05530807,-0.037643854,-0.028776838,-0.022747396,-0.017934082,-0.013962706,-0.010438589,-0.007379848,-0.0044507384,-0.0018498851,0.0007470802,0.003387886,0.0061139185,0.008818425,0.012006027,0.015520959,0.019600185,0.02433525,0.029710628,0.0380267,0.05161512,0.0007470802,2022-11-17,2022-11-15,-0.0022094332073834,0.002956513401215917,0.002956513401215917,8.740971491569308e-06,0,1,0.058487467
r3_control_nofuture,44,3,-0.054553486,-0.037095647,-0.02834764,-0.022441406,-0.017803987,-0.013917909,-0.010439594,-0.0073979506,-0.0045202924,-0.0018977094,0.00074243516,0.0033841871,0.0061028763,0.008783927,0.011915993,0.01538553,0.019338213,0.023932237,0.029137,0.037332546,0.05072396,0.00074243516,2022-11-18,2022-11-15,3.4852794622352704e-05,0.0007075823696616084,0.0007075823696616084,5.00672809855937e-07,1,1,0.05748464
r3_control_nofuture,44,4,-0.05314288,-0.03621318,-0.027733292,-0.021972898,-0.017362429,-0.013550475,-0.010118926,-0.00711529,-0.004244043,-0.0016397159,0.00095119944,0.0035395953,0.006185412,0.008843684,0.011914984,0.015324428,0.01925089,0.023753304,0.02889158,0.036994353,0.050352264,0.00095119944,2022-11-21,2022-11-15,-0.0103403721975027,0.011291571640582232,0.011291571640582232,0.00012749959011440091,0,1,0.056624874
r3_control_nofuture,44,5,-0.05323605,-0.03629488,-0.027647674,-0.021923522,-0.017352188,-0.013558674,-0.010196865,-0.007207516,-0.0043417257,-0.0017705748,0.0007875353,0.0033510122,0.0060185185,0.008648514,0.011734935,0.015119786,0.018974427,0.023406977,0.028525822,0.036367197,0.049804814,0.0007875353,2022-11-22,2022-11-15,0.0143000820357924,-0.013512546760925432,0.013512546760925432,0.0001825889199661964,1,1,0.056173496
r3_control_nofuture,45,1,-0.046699177,-0.03125902,-0.023559233,-0.018465796,-0.014522702,-0.011239961,-0.008411989,-0.005932438,-0.0036046107,-0.0015285397,0.000531631,0.0026264535,0.0048004948,0.006949404,0.009508552,0.012327599,0.015589024,0.01945916,0.024099482,0.031492442,0.04476002,0.000531631,2022-11-23,2022-11-22,0.0099868096569733,-0.009455178658961621,0.009455178658961621,8.940040347288328e-05,1,1,0.047658715
r3_control_nofuture,45,2,-0.04711279,-0.031375185,-0.023547648,-0.018370345,-0.014356429,-0.01107177,-0.008175468,-0.0056717605,-0.0032986447,-0.0012005018,0.00087788637,0.002984744,0.0051675183,0.007350071,0.009930049,0.012761273,0.016047163,0.019925166,0.02444135,0.031750355,0.04452332,0.00087788637,2022-11-25,2022-11-22,-0.0066002495634748,0.0074781359337648705,0.0074781359337648705,5.592251704386539e-05,0,1,0.047988996
r3_control_nofuture,45,3,-0.047215186,-0.031455904,-0.02352809,-0.018276462,-0.014273858,-0.010986092,-0.008087196,-0.0055836304,-0.0032626886,-0.0011778909,0.0008916065,0.002958418,0.0051159994,0.0072783204,0.009835051,0.012677949,0.015948026,0.019806154,0.024334332,0.031684246,0.044555932,0.0008916065,2022-11-28,2022-11-22,-0.0147820188776993,0.015673625375743284,0.015673625375743284,0.0002456625324191438,0,1,0.04786242
r3_control_nofuture,45,4,-0.04672069,-0.031065663,-0.02323846,-0.01806441,-0.014083588,-0.010859949,-0.007991334,-0.005502895,-0.003153116,-0.0010609003,0.0010047007,0.0030745608,0.005215555,0.0074007735,0.009957704,0.012818401,0.016120689,0.019951105,0.024422377,0.031713422,0.04445801,0.0010047007,2022-11-29,2022-11-22,-0.0075982559608747,0.00860295662623688,0.00860295662623688,7.401086271291305e-05,0,1,0.047660835
r3_control_nofuture,45,5,-0.046934545,-0.03133254,-0.023355285,-0.018182412,-0.014229159,-0.011002064,-0.0081626475,-0.005658677,-0.0032790639,-0.0011524954,0.0009477005,0.003044392,0.0052502183,0.0074395407,0.010043252,0.012926225,0.016223568,0.020066125,0.024628414,0.03189742,0.04511002,0.0009477005,2022-11-30,2022-11-22,0.0445771185399161,-0.043629418017541735,0.043629418017541735,0.0019035261165493954,1,0,0.0479837
r3_control_nofuture,46,1,-0.047816917,-0.031169185,-0.023308765,-0.018187836,-0.014219179,-0.010910209,-0.008017032,-0.0054603396,-0.0030398113,-0.0008471144,0.0013633013,0.0036255938,0.005938565,0.008217766,0.010903125,0.013841081,0.017225947,0.021212038,0.025967706,0.033501074,0.04825075,0.0013633013,2022-12-01,2022-11-30,0.0012265523393986,0.00013674896104510885,0.00013674896104510885,1.8700278346916698e-08,1,1,0.04927647
r3_control_nofuture,46,2,-0.049306232,-0.032422774,-0.024435524,-0.019241195,-0.015168749,-0.011809727,-0.008802152,-0.0061880294,-0.0036713157,-0.0014128292,0.00084725895,0.0031500177,0.005497512,0.007847358,0.01060643,0.013625904,0.017084172,0.02114023,0.025794454,0.033378705,0.04771878,0.00084725895,2022-12-02,2022-11-30,-0.0039914346199452,0.004838693574254127,0.004838693574254127,2.3412955505528177e-05,0,1,0.050229978
r3_control_nofuture,46,3,-0.049408615,-0.03265558,-0.02477182,-0.019605985,-0.015603223,-0.012253942,-0.009240815,-0.006604889,-0.0041085486,-0.001818828,0.0004959825,0.0028140817,0.005194897,0.007577034,0.010378638,0.013473886,0.016985057,0.021102007,0.025850717,0.03357915,0.04809753,0.0004959825,2022-12-05,2022-11-30,-0.016925727532847,0.017421710005631818,0.017421710005631818,0.0003035159795203318,0,1,0.050622538
r3_control_nofuture,46,4,-0.0484595,-0.032171283,-0.024509909,-0.019424153,-0.015413278,-0.0120836105,-0.00906693,-0.0064108404,-0.0038631463,-0.0015539328,0.000751079,0.003057803,0.00540307,0.0077630854,0.01051555,0.013574102,0.017086167,0.021163287,0.025920134,0.033676036,0.048204962,0.000751079,2022-12-06,2022-11-30,-0.0209381938320678,0.021689272833997412,0.021689272833997412,0.0004704245560675781,0,1,0.050430045
r3_control_nofuture,46,5,-0.048832398,-0.032434497,-0.024412142,-0.019225392,-0.0151842525,-0.011840246,-0.00885928,-0.006212476,-0.0036584921,-0.0013593691,0.00094457675,0.0032411937,0.0056168246,0.007950438,0.01068622,0.0136865685,0.01707101,0.020991392,0.025555633,0.032848578,0.04726831,0.00094457675,2022-12-07,2022-11-30,-0.0040908468304449,0.0050354235804886795,0.0050354235804886795,2.5355490634941434e-05,0,1,0.049967773
r3_control_nofuture,47,1,-0.042949744,-0.028756214,-0.021741917,-0.01702489,-0.013312973,-0.01017895,-0.007444972,-0.0050118244,-0.0027033822,-0.0006262353,0.001474189,0.0036181952,0.0058274274,0.008013949,0.010613389,0.013474945,0.016801693,0.020745512,0.025474679,0.03303887,0.046772063,0.001474189,2022-12-08,2022-12-07,0.0117650738885997,-0.010290884898640043,0.010290884898640043,0.00010590231199705768,1,1,0.047216594
r3_control_nofuture,47,2,-0.045057587,-0.030517656,-0.023338033,-0.018480456,-0.014619459,-0.011398656,-0.008509904,-0.005976918,-0.0035393476,-0.0013676557,0.0008220497,0.0030348683,0.0053371713,0.007624527,0.01033013,0.013300096,0.016761785,0.020856824,0.02559839,0.03338379,0.046988863,0.0008220497,2022-12-09,2022-12-07,-0.0063970690060444,0.007219118688072992,0.007219118688072992,5.2115674632484715e-05,0,1,0.048936423
r3_control_nofuture,47,3,-0.045570485,-0.031038592,-0.02381572,-0.018931938,-0.015093876,-0.011856908,-0.008932713,-0.0063602207,-0.0039282534,-0.0017089171,0.00054287753,0.002792263,0.005135766,0.007457552,0.010192739,0.013234675,0.016740652,0.02089854,0.025769994,0.033833098,0.047979776,0.00054287753,2022-12-12,2022-12-07,0.0124734717374951,-0.011930594204487686,0.011930594204487686,0.00014233907807215517,1,1,0.049585715
r3_control_nofuture,47,4,-0.045150954,-0.03083395,-0.023767168,-0.01892575,-0.0150579605,-0.011838399,-0.008919169,-0.0063441135,-0.0038774894,-0.0016370792,0.0006180853,0.0028751493,0.005193814,0.0075601283,0.010318828,0.013398826,0.017004456,0.02121879,0.02617197,0.034386717,0.048508666,0.0006180853,2022-12-13,2022-12-07,0.0106926936680402,-0.010074608344672931,0.010074608344672931,0.00010149773329855346,1,1,0.049939137
r3_control_nofuture,47,5,-0.04640258,-0.03158619,-0.024135455,-0.019212697,-0.0153204175,-0.012066015,-0.009163146,-0.0065652924,-0.0040640696,-0.0017981629,0.00045579212,0.0027249837,0.005086591,0.0074376008,0.010219174,0.013298659,0.016867766,0.021070836,0.026090948,0.034204453,0.048700258,0.00045579212,2022-12-14,2022-12-07,-0.0074416374260686,0.0078974295462608,0.0078974295462608,6.236939343815305e-05,0,1,0.050226405
r3_control_nofuture,48,1,-0.04304779,-0.028937465,-0.021656267,-0.016867552,-0.013191875,-0.010142774,-0.007494134,-0.0051727057,-0.0029897082,-0.0010391952,0.00088432187,0.0028322726,0.0048622014,0.0068785767,0.009283675,0.011923214,0.01500005,0.018660165,0.023073265,0.03029919,0.043769777,0.00088432187,2022-12-15,2022-12-14,-0.0341528970447647,0.035037218912253025,0.035037218912253025,0.0012276067091051412,0,0,0.04472953
r3_control_nofuture,48,2,-0.044068746,-0.029787181,-0.022430297,-0.017571349,-0.013799923,-0.010711033,-0.00796461,-0.0055905776,-0.0033229608,-0.0013162993,0.0006684682,0.0026842908,0.0047772485,0.0068758726,0.009363392,0.012108623,0.015303945,0.01910939,0.023575256,0.03101754,0.04442877,0.0006684682,2022-12-16,2022-12-14,-0.0095800136513024,0.010248481837934198,0.010248481837934198,0.00010503137998246711,0,1,0.046005554
r3_control_nofuture,48,3,-0.044675745,-0.030199362,-0.022604024,-0.017580166,-0.013746932,-0.0105892075,-0.007794999,-0.0053783352,-0.003130523,-0.0011052137,0.00090423203,0.0029073968,0.0049989745,0.007085589,0.009544269,0.012284617,0.015443959,0.019203797,0.023652159,0.031152934,0.04471502,0.00090423203,2022-12-19,2022-12-14,-0.0141534173290955,0.01505764935982992,0.01505764935982992,0.0002267328042435864,0,1,0.046256185
r3_control_nofuture,48,4,-0.043476753,-0.029505733,-0.02230568,-0.017514538,-0.013780534,-0.010713261,-0.007955622,-0.0055433703,-0.0032542062,-0.0012039519,0.00082563853,0.0028537358,0.0049488847,0.007084558,0.009583706,0.012380575,0.015644321,0.01948216,0.02404058,0.031734675,0.045397572,0.00082563853,2022-12-20,2022-12-14,-0.0007788611213454,0.0016044996549152723,0.0016044996549152723,2.574419142623228e-06,0,1,0.046346262
r3_control_nofuture,48,5,-0.044078674,-0.029659288,-0.022132084,-0.017274784,-0.013535104,-0.010457498,-0.007730904,-0.0053185415,-0.0030113424,-0.00094826974,0.0010811178,0.0031057538,0.005225975,0.0073307035,0.00982852,0.012606358,0.015803147,0.019578166,0.024137275,0.031656798,0.04539315,0.0010811178,2022-12-21,2022-12-14,0.0144018406264291,-0.013320722848343928,0.013320722848343928,0.00017744165720239198,1,1,0.046269357
r3_control_nofuture,49,1,-0.0402304,-0.026748925,-0.020053077,-0.015638104,-0.012211679,-0.009364372,-0.006878194,-0.0046800817,-0.0026089991,-0.0007413828,0.0011057518,0.0029891073,0.0049397084,0.0068720495,0.009169397,0.011680933,0.014581169,0.018017936,0.022160826,0.029001737,0.042410437,0.0011057518,2022-12-22,2022-12-21,-0.0247695090055399,0.02587526084780026,0.02587526084780026,0.0006695291239417051,0,0,0.042213902
r3_control_nofuture,49,2,-0.04149978,-0.027898008,-0.021076893,-0.016581323,-0.01306338,-0.010168412,-0.0075798873,-0.0053324024,-0.0031636655,-0.0012295247,0.0006859923,0.0026406117,0.004646436,0.0066547934,0.009030635,0.011640982,0.014641075,0.018188851,0.022340091,0.029353196,0.042870577,0.0006859923,2022-12-23,2022-12-21,0.0022467920847749,-0.0015607997833331708,0.0015607997833331708,2.436095963652873e-06,1,1,0.043416984
r3_control_nofuture,49,3,-0.041594207,-0.028169675,-0.021353524,-0.01679814,-0.013271987,-0.0103450725,-0.0077356133,-0.0054612556,-0.003327755,-0.0013920285,0.00053563504,0.0024686065,0.004467865,0.0064708814,0.008839232,0.011458656,0.014454624,0.018009827,0.022214003,0.029345315,0.043115236,0.00053563504,2022-12-27,2022-12-21,-0.0142390509831932,0.014774686027991455,0.014774686027991455,0.00021829134722572592,0,1,0.043567527
r3_control_nofuture,49,4,-0.04097414,-0.027776936,-0.021075737,-0.016595582,-0.013097281,-0.010218763,-0.007620564,-0.0053517455,-0.0031885814,-0.0012487139,0.00068251067,0.002621886,0.004613338,0.006624649,0.008961853,0.0115672555,0.014565106,0.018073816,0.022252647,0.029347235,0.042916473,0.00068251067,2022-12-28,2022-12-21,-0.0132907915406687,0.013973302209080551,0.013973302209080551,0.0001952531746262954,0,1,0.043328382
r3_control_nofuture,49,5,-0.04089651,-0.027715622,-0.02087754,-0.01639304,-0.0129167875,-0.0100518465,-0.007501304,-0.00524424,-0.0030829522,-0.0011449655,0.00078392506,0.0027076653,0.0047177263,0.0066942247,0.009027502,0.011607838,0.014547468,0.01800241,0.022174355,0.029127257,0.042729728,0.00078392506,2022-12-29,2022-12-21,0.0240827251932938,-0.023298800132179668,0.023298800132179668,0.0005428340875992553,1,0,0.043051895
