model,window,horizon,q0.01,q0.05,q0.1,q0.15,q0.2,q0.25,q0.3,q0.35,q0.4,q0.45,q0.5,q0.55,q0.6,q0.65,q0.7,q0.75,q0.8,q0.85,q0.9,q0.95,q0.99,prediction,date,forecast_origin,actual,error,abs_error,squared_error,correct_direction,interval_coverage,interval_width
r3_control,0,1,-0.02457503,-0.013648347,-0.008820317,-0.0059464015,-0.003849884,-0.002211357,-0.0008368854,0.00034639187,0.0014435409,0.0024034758,0.0033561783,0.004305675,0.0052479417,0.0061650216,0.0072648604,0.0084584,0.009859329,0.011579294,0.013760487,0.01767341,0.026242452,0.0033561783,2022-01-03,2021-12-31,0.0095804990329134,-0.006224320741771414,0.006224320741771414,3.874216869644584e-05,1,1,0.022580802
r3_control,0,2,-0.02482043,-0.013898007,-0.00909364,-0.006205541,-0.004106516,-0.0024643973,-0.0010567914,0.00012179313,0.0012304743,0.002193815,0.0031752968,0.0041393535,0.005122908,0.0060805143,0.0072045624,0.008443932,0.009865925,0.01161911,0.013766601,0.017670402,0.026149742,0.0031752968,2022-01-04,2021-12-31,-0.0130553983953836,0.01623069521608377,0.01623069521608377,0.00026343546719740453,0,0,0.02286024
r3_control,0,3,-0.025134206,-0.014155971,-0.009413547,-0.006593811,-0.004535905,-0.0028925086,-0.0014798912,-0.00026915176,0.0008412056,0.0018384764,0.002859403,0.0038650776,0.004876413,0.005854161,0.0069943555,0.008257846,0.009701604,0.0114916125,0.013711655,0.017692605,0.026407652,0.002859403,2022-01-05,2021-12-31,-0.0312028366890261,0.034062239602626304,0.034062239602626304,0.0011602361667467237,0,0,0.023125201
r3_control,0,4,-0.025457442,-0.014261921,-0.009335996,-0.006378524,-0.0042292266,-0.0025602798,-0.0011019862,0.00010367797,0.0012102942,0.002188565,0.0031743404,0.004160965,0.0051380782,0.006124648,0.007244578,0.008508524,0.009985337,0.011796965,0.014056379,0.018144019,0.026944194,0.0031743404,2022-01-06,2021-12-31,-0.0007028603978874,0.0038772007503034387,0.0038772007503034387,1.5032685658153548e-05,0,1,0.023392376
r3_control,0,5,-0.025998818,-0.014633847,-0.009513592,-0.0064640897,-0.0042754794,-0.0025615743,-0.0011286795,8.777762e-05,0.0011958162,0.0021952516,0.003210837,0.004239213,0.0052758087,0.0062945876,0.007488104,0.008825543,0.010381147,0.012304865,0.014749127,0.019069267,0.028282393,0.003210837,2022-01-07,2021-12-31,-0.0108917917743604,0.01410262879583047,0.01410262879583047,0.00019888413895298676,0,0,0.024262719
r3_control,1,1,-0.036014266,-0.021378037,-0.014866313,-0.010854971,-0.0078695165,-0.0054727914,-0.0034341728,-0.0016534305,2.0472798e-06,0.0014479146,0.0028630192,0.0042705806,0.005689458,0.0070630983,0.00868904,0.010427959,0.012442227,0.014864072,0.017834485,0.022861963,0.03299861,0.0028630192,2022-01-10,2022-01-07,0.0006578193180862,0.002205199921071238,0.002205199921071238,4.862906691892594e-06,1,1,0.0327008
r3_control,1,2,-0.039165698,-0.02436536,-0.017810125,-0.013757803,-0.010726051,-0.008280214,-0.006138854,-0.004298809,-0.0025586016,-0.0010402151,0.00047292217,0.0019712485,0.003500589,0.0049836524,0.0067257,0.0086124465,0.010781657,0.013378443,0.016484562,0.021813719,0.032108158,0.00047292217,2022-01-11,2022-01-07,0.0149103226575203,-0.014437400488382554,0.014437400488382554,0.00020843853286194882,1,1,0.034294687
r3_control,1,3,-0.03801161,-0.023024268,-0.01641024,-0.0122724855,-0.009144518,-0.006580986,-0.004353065,-0.0024127953,-0.0006341314,0.0009424859,0.0025003022,0.0040400648,0.005615791,0.007146582,0.00892874,0.010915551,0.013176602,0.015933473,0.019262513,0.024955664,0.035979833,0.0025003022,2022-01-12,2022-01-07,0.0039576826613383,-0.0014573805030421915,0.0014573805030421915,2.1239579306475113e-06,1,1,0.035672754
r3_control,1,4,-0.04173075,-0.026623545,-0.019883929,-0.015624043,-0.0124136135,-0.009830315,-0.007520858,-0.005530483,-0.003652635,-0.001961253,-0.00026323134,0.0014187583,0.0031097697,0.004773814,0.0066524795,0.008698417,0.01104046,0.013804529,0.017145315,0.022956144,0.034002237,-0.00026323134,2022-01-13,2022-01-07,-0.025334333807699,0.025071102466903243,0.025071102466903243,0.0006285601789059619,1,0,0.037029244
r3_control,1,5,-0.042111155,-0.026735695,-0.019658357,-0.015264144,-0.012030304,-0.009418295,-0.0071461154,-0.005161441,-0.0033074077,-0.0016262089,3.8807513e-05,0.0017089257,0.0034040012,0.0050571244,0.0069823395,0.009109183,0.011521026,0.0144296335,0.018018771,0.024186242,0.03594957,3.8807513e-05,2022-01-14,2022-01-07,0.006203104092486,-0.006164296579293704,0.006164296579293704,3.799855231749206e-05,1,1,0.037677128
r3_control,2,1,-0.038325716,-0.024006957,-0.017996373,-0.01443162,-0.011827175,-0.009777237,-0.008060085,-0.0065486412,-0.005140563,-0.0038760682,-0.0026117966,-0.0013380169,-5.6496356e-05,0.0011850396,0.0026476108,0.004225786,0.006012167,0.008162681,0.010782979,0.0151675455,0.02383496,-0.0026117966,2022-01-18,2022-01-14,-0.0252092174878937,0.02259742088342428,0.02259742088342428,0.0005106434305826199,1,0,0.028779352
r3_control,2,2,-0.03636464,-0.021979613,-0.015830096,-0.0121485535,-0.009432001,-0.0072716824,-0.0053921407,-0.003776887,-0.0022422678,-0.00087535405,0.0005133551,0.0018916917,0.003279086,0.0046207975,0.006174763,0.00783987,0.009732112,0.012001924,0.014698949,0.019266613,0.028179672,0.0005133551,2022-01-19,2022-01-14,-0.0110441809309993,0.011557536004052689,0.011557536004052689,0.0001335766384849742,0,1,0.030529045
r3_control,2,3,-0.03655614,-0.021549037,-0.015191153,-0.011345921,-0.008502625,-0.006214581,-0.0042439695,-0.0025345562,-0.0009584564,0.00046096457,0.0019096842,0.0033481764,0.0047904355,0.0061869286,0.0077781514,0.009538796,0.011501756,0.013888864,0.01674551,0.021557607,0.030912774,0.0019096842,2022-01-20,2022-01-14,-0.0130734207566903,0.014983104913689291,0.014983104913689291,0.00022449343285462018,0,1,0.03193666
r3_control,2,4,-0.03955026,-0.0242204,-0.01755572,-0.013500266,-0.010528961,-0.008193182,-0.0061252536,-0.004353316,-0.0026951386,-0.0011882987,0.0003538138,0.0018806874,0.003387258,0.0048658,0.006509006,0.008308002,0.010336548,0.01273757,0.015630927,0.02051827,0.029900622,0.0003538138,2022-01-21,2022-01-14,-0.0281204604847812,0.02847427429645219,0.02847427429645219,0.0008107842967095979,0,0,0.033186644
r3_control,2,5,-0.039519053,-0.024672214,-0.01806129,-0.014029043,-0.01107976,-0.008724624,-0.0066906265,-0.004914438,-0.0032509756,-0.001730633,-0.00018755696,0.0013532013,0.0028931815,0.004358572,0.006063998,0.007917561,0.010019414,0.012553906,0.015670516,0.020839062,0.03058658,-0.00018755696,2022-01-24,2022-01-14,0.004567374731204,-0.004754931689030018,0.004754931689030018,2.2609375367341864e-05,0,1,0.033731803
r3_control,3,1,-0.068757914,-0.042892396,-0.031920757,-0.025231814,-0.020304585,-0.016379852,-0.01308767,-0.010225781,-0.007601909,-0.005269166,-0.0029704515,-0.0006808711,0.001595605,0.0037664813,0.006285163,0.008992582,0.012083837,0.015804674,0.020357411,0.02816465,0.044945993,-0.0029704515,2022-01-25,2022-01-24,-0.0234542649391225,0.02048381345003158,0.02048381345003158,0.0004195866134556947,1,1,0.05227817
r3_control,3,2,-0.0664623,-0.040181737,-0.029072223,-0.022344913,-0.017401533,-0.013469888,-0.010102205,-0.007224946,-0.0045709293,-0.0022337334,9.587698e-05,0.002390964,0.004699842,0.0069138953,0.009477798,0.012228658,0.015362407,0.019092401,0.023537679,0.03126861,0.048037708,9.587698e-05,2022-01-26,2022-01-24,-0.0015661684681545,0.0016620454496587614,0.0016620454496587614,2.7623950767313943e-06,0,1,0.052609902
r3_control,3,3,-0.067166805,-0.04074081,-0.02958755,-0.022805573,-0.017845536,-0.013878866,-0.0104893865,-0.0075915153,-0.0049466137,-0.002602377,-0.00025981595,0.002026435,0.004318745,0.0065249833,0.009071886,0.011862724,0.015032422,0.018846055,0.023464242,0.031509545,0.048915163,-0.00025981595,2022-01-27,2022-01-24,-0.0101213095758751,0.009861493627791103,0.009861493627791103,9.724905657096452e-05,1,1,0.053051792
r3_control,3,4,-0.06461272,-0.0393451,-0.028580673,-0.021971628,-0.017081248,-0.013239761,-0.009885328,-0.0070213913,-0.00437009,-0.0020078812,0.00033933145,0.002643172,0.004941513,0.007172244,0.009722354,0.012519861,0.015692046,0.019436054,0.023943787,0.031854235,0.04878566,0.00033933145,2022-01-28,2022-01-24,0.0308870537331272,-0.030547722278529785,0.030547722278529785,0.000933163336406185,1,0,0.052524462
r3_control,3,5,-0.06363384,-0.03905018,-0.028103989,-0.021469692,-0.01667592,-0.012854177,-0.009576507,-0.006738567,-0.0041064844,-0.0017443831,0.00060837803,0.0029270067,0.0052422504,0.007457721,0.010032587,0.012831752,0.015974384,0.019708568,0.024285568,0.032105807,0.049005955,0.00060837803,2022-01-31,2022-01-24,0.0314777100662097,-0.030869332034452975,0.030869332034452975,0.0009529156602533046,1,0,0.052389555
r3_control,4,1,-0.06540918,-0.04113315,-0.029355042,-0.022338254,-0.017284608,-0.013263233,-0.009906291,-0.007024612,-0.0043810317,-0.0020279917,0.00029300305,0.002616965,0.004996187,0.0073087304,0.010024746,0.012988899,0.016434655,0.020511782,0.025468718,0.034068767,0.05135331,0.00029300305,2022-02-01,2022-01-31,0.0067803478947039,-0.00648734484875009,0.00648734484875009,4.2085643186604326e-05,1,1,0.05482376
r3_control,4,2,-0.06517357,-0.038985424,-0.026641749,-0.019453943,-0.01442845,-0.010538008,-0.0072500394,-0.0044506197,-0.0018473265,0.00045368308,0.002748766,0.0050605168,0.0074524446,0.009752038,0.012463269,0.0154688805,0.01891419,0.022970933,0.027797544,0.036377877,0.05329067,0.002748766,2022-02-02,2022-01-31,0.008092541077422,-0.005343775094734526,0.005343775094734526,2.8555932263104994e-05,1,1,0.05443929
r3_control,4,3,-0.064691044,-0.04025765,-0.028458899,-0.021624941,-0.016798982,-0.012978707,-0.009730562,-0.006968997,-0.0044627017,-0.0022428646,-3.1932082e-05,0.0021548767,0.004418263,0.006667478,0.009315639,0.012298674,0.015735433,0.019863991,0.024821706,0.033477012,0.050095737,-3.1932082e-05,2022-02-03,2022-01-31,-0.0413885663331113,0.04135663425061844,0.04135663425061844,0.0017103711965394263,1,0,0.053280607
r3_control,4,4,-0.060537826,-0.038347427,-0.02788062,-0.0217558,-0.017251598,-0.013649127,-0.0104868375,-0.0077821086,-0.0052813077,-0.0030672604,-0.00090523326,0.0012352437,0.0033850316,0.0054978747,0.007956769,0.010718702,0.013933949,0.017761318,0.022543585,0.031159528,0.04778147,-0.00090523326,2022-02-04,2022-01-31,0.0125361740226399,-0.013441407283349692,0.013441407283349692,0.00018067142975688614,0,1,0.050424203
r3_control,4,5,-0.061174594,-0.038012117,-0.027143205,-0.020929422,-0.016436487,-0.012857385,-0.00978905,-0.007149724,-0.004721496,-0.002538794,-0.00037168228,0.0017810415,0.0039625117,0.0060793166,0.00857413,0.011336405,0.014502688,0.018329047,0.023151513,0.031702988,0.048250005,-0.00037168228,2022-02-07,2022-01-31,-0.0080770417023321,0.007705359419329217,0.007705359419329217,5.9372563781045496e-05,1,1,0.05029472
r3_control,5,1,-0.042407572,-0.024865972,-0.016938396,-0.012274092,-0.00893009,-0.006291835,-0.0040579326,-0.0020927333,-0.00024730078,0.0013940665,0.0030337172,0.004657389,0.0062551354,0.0077784616,0.009545497,0.011418721,0.013559676,0.016127469,0.019262804,0.024547877,0.035664365,0.0030337172,2022-02-08,2022-02-07,0.0111726842109193,-0.008138967048012176,0.008138967048012176,6.624278460862803e-05,1,1,0.0362012
r3_control,5,2,-0.04703372,-0.029062446,-0.020988982,-0.016202733,-0.012784492,-0.010091596,-0.0077625224,-0.005759607,-0.0038724933,-0.0022066778,-0.0005204534,0.0011314467,0.0027839425,0.004368349,0.0062084026,0.008196206,0.010506867,0.013274678,0.016595807,0.022213342,0.03334233,-0.0005204534,2022-02-09,2022-02-07,0.0209693453836038,-0.021489798764490264,0.021489798764490264,0.00046181145093828727,0,0,0.03758479
r3_control,5,3,-0.04435954,-0.026543213,-0.01845909,-0.013655409,-0.010180795,-0.007406039,-0.0050148754,-0.0029418224,-0.0010330018,0.00067502016,0.0024055536,0.0040977397,0.005796998,0.007424554,0.009310452,0.011388692,0.013755033,0.01660998,0.020051498,0.025788475,0.037370026,0.0024055536,2022-02-10,2022-02-07,-0.0228925506097751,0.025298104200281415,0.025298104200281415,0.0006399940761282961,0,0,0.038510587
r3_control,5,4,-0.045850556,-0.02741427,-0.01899204,-0.014001748,-0.010447207,-0.007682752,-0.005269652,-0.003228853,-0.0013286879,0.00038046454,0.0021159162,0.0038340732,0.0055391,0.0072051785,0.009061645,0.011084743,0.013398048,0.01613095,0.019405257,0.024990203,0.036343105,0.0021159162,2022-02-11,2022-02-07,-0.0322357493363145,0.03435166556423634,0.03435166556423634,0.0011800369270371408,0,0,0.038397297
r3_control,5,5,-0.044487588,-0.027063001,-0.019137079,-0.014430206,-0.0110510625,-0.008348103,-0.00602201,-0.003994379,-0.002098953,-0.00036529935,0.0013684562,0.0030861693,0.00477898,0.0064016706,0.008268701,0.010310075,0.012621646,0.015398279,0.01880974,0.024565632,0.036243297,0.0013684562,2022-02-14,2022-02-07,0.0012380247767051,0.00013043139418910548,0.00013043139418910548,1.701234859011382e-08,1,1,0.03794682
r3_control,6,1,-0.05165704,-0.03252871,-0.023307197,-0.017785864,-0.013812782,-0.0106520355,-0.007986505,-0.005656431,-0.0034704094,-0.0015262263,0.00041234563,0.0023579937,0.0043232,0.006226442,0.008459851,0.010877602,0.0136476355,0.016964603,0.02100463,0.027806783,0.041217577,0.00041234563,2022-02-15,2022-02-14,0.0245599899521424,-0.024147644321094317,0.024147644321094317,0.0005831087262580787,1,0,0.04431183
r3_control,6,2,-0.05212134,-0.03243006,-0.0230794,-0.017430063,-0.013367992,-0.010163856,-0.007402842,-0.0050358125,-0.002806759,-0.00083733286,0.0011463766,0.0031165823,0.0051317615,0.007087142,0.0093654245,0.011837059,0.014681956,0.01807009,0.022088056,0.028895348,0.041970152,0.0011463766,2022-02-16,2022-02-14,-0.0002526674133269,0.001399044011953275,0.001399044011953275,1.957324147382316e-06,0,1,0.045167457
r3_control,6,3,-0.051773854,-0.0322545,-0.022821555,-0.017110817,-0.0129973,-0.009725124,-0.0069275973,-0.0045370446,-0.002345265,-0.000385681,0.0015757921,0.0035161132,0.0054948297,0.007428117,0.009672703,0.012162823,0.014997368,0.01841315,0.022491101,0.029380927,0.042709026,0.0015757921,2022-02-17,2022-02-14,-0.030194941623389,0.031770733715287616,0.031770733715287616,0.0010093795208077133,0,0,0.045312658
r3_control,6,4,-0.049970318,-0.03128389,-0.022327948,-0.016892495,-0.012929242,-0.009805166,-0.0070556756,-0.004716392,-0.0025385746,-0.0005916502,0.001348428,0.003273784,0.005220586,0.007160866,0.009372188,0.011828738,0.014643832,0.01796466,0.021938823,0.028738989,0.041896746,0.001348428,2022-02-18,2022-02-14,-0.0114711315554289,0.012819559517940678,0.012819559517940678,0.00016434110623402343,0,1,0.04426677
r3_control,6,5,-0.04908345,-0.030738,-0.021924641,-0.016618421,-0.012785198,-0.009715597,-0.007067742,-0.004778463,-0.0026431559,-0.0007243513,0.0011842577,0.0030730192,0.004994259,0.0068681296,0.009068883,0.011488004,0.014248799,0.017551074,0.021594305,0.028371233,0.04162528,0.0011842577,2022-02-22,2022-02-14,-0.010094145990655,0.011278403669342572,0.011278403669342572,0.00012720238932864,0,1,0.043518946
r3_control,7,1,-0.053678114,-0.03348403,-0.024366122,-0.018767966,-0.014609987,-0.011249032,-0.008377293,-0.0058573363,-0.0035009626,-0.0014136719,0.0006586486,0.0027322494,0.0048153913,0.0068376516,0.009218084,0.011786989,0.014753682,0.018308256,0.022643927,0.029994398,0.044265926,0.0006586486,2022-02-23,2022-02-22,-0.0259492929276828,0.02660794154012616,0.02660794154012616,0.0007079825530027712,0,0,0.04701005
r3_control,7,2,-0.055391964,-0.03462017,-0.02519614,-0.019390984,-0.0150769595,-0.011619684,-0.008612876,-0.006027383,-0.0035933498,-0.00145442,0.00069028884,0.0028052228,0.004967931,0.007064148,0.009506363,0.01214126,0.015169674,0.018775763,0.023055688,0.030494913,0.044907935,0.00069028884,2022-02-24,2022-02-22,0.033051999638152,-0.032361710796427606,0.032361710796427606,0.001047280325671619,1,0,0.04825183
r3_control,7,3,-0.056357346,-0.035647348,-0.026198976,-0.020339858,-0.01600222,-0.012489421,-0.009432765,-0.0067981146,-0.0043567093,-0.0021935022,-2.1695276e-05,0.0021091183,0.00428617,0.0064032436,0.008871452,0.011587953,0.014703518,0.018481372,0.02305985,0.031029547,0.04638781,-2.1695276e-05,2022-02-25,2022-02-22,0.0153883235681932,-0.015410018843984189,0.015410018843984189,0.0002374686807719478,0,1,0.04925883
r3_control,7,4,-0.05607089,-0.035366304,-0.025932232,-0.020042263,-0.015656091,-0.0121782785,-0.009106813,-0.006477128,-0.0040222304,-0.0018348921,0.0003479924,0.0025014165,0.0046656397,0.006820498,0.009276767,0.011986409,0.015095688,0.018772949,0.023217535,0.031052615,0.045941915,0.0003479924,2022-02-28,2022-02-22,0.0029744106212326,-0.002626418215937228,0.002626418215937228,6.898072645006891e-06,1,1,0.049149767
r3_control,7,5,-0.056550767,-0.035848383,-0.02622956,-0.020321188,-0.015974589,-0.01247932,-0.009449381,-0.0068104463,-0.0043392275,-0.0021225004,6.912724e-05,0.002241931,0.00444032,0.0065866224,0.009089883,0.011838556,0.014988938,0.018765636,0.023455294,0.03151309,0.046822537,6.912724e-05,2022-03-01,2022-02-22,-0.0154299024779375,0.01549902972141535,0.01549902972141535,0.0002402199223053164,0,1,0.049684852
r3_control,8,1,-0.053346306,-0.033719886,-0.025161926,-0.01977934,-0.01565985,-0.012296691,-0.0093934005,-0.0068148533,-0.004388201,-0.002193248,1.20654e-05,0.0022382722,0.0044734254,0.006602897,0.00908004,0.011742761,0.014779568,0.018394569,0.02283059,0.030345425,0.045896593,1.20654e-05,2022-03-02,2022-03-01,0.0166400342095711,-0.016627968809201636,0.016627968809201636,0.0002764893467197825,1,1,0.047992516
r3_control,8,2,-0.054500524,-0.034788415,-0.02625513,-0.020853495,-0.01667224,-0.01326161,-0.010250865,-0.007635123,-0.005158535,-0.0029488476,-0.0007177213,0.0015005281,0.0037472094,0.0059181843,0.008455788,0.011211741,0.014406077,0.018255107,0.022887906,0.030838162,0.046501208,-0.0007177213,2022-03-03,2022-03-01,-0.0143876768443993,0.01366995554699364,0.01366995554699364,0.0001868676846567822,1,1,0.04914304
r3_control,8,3,-0.05484634,-0.034559116,-0.025569195,-0.019830344,-0.0154369585,-0.011818842,-0.008665887,-0.0059287506,-0.0033957176,-0.0011076615,0.0011911013,0.0034693857,0.0057525453,0.007951685,0.0104952855,0.013284119,0.016450133,0.020280655,0.024891293,0.032841228,0.04904223,0.0011911013,2022-03-04,2022-03-01,-0.0145980796411863,0.01578918091098279,0.01578918091098279,0.0002492982338397433,0,1,0.050460488
r3_control,8,4,-0.05492688,-0.035336297,-0.026684463,-0.021120235,-0.016788423,-0.013261487,-0.010098006,-0.007343754,-0.0047360174,-0.002374312,7.964321e-06,0.0023621263,0.004715997,0.007012803,0.00961738,0.012488102,0.0157859,0.019698618,0.024395974,0.03254562,0.048980497,7.964321e-06,2022-03-07,2022-03-01,-0.0375784439984414,0.03758640831985355,0.03758640831985355,0.001412738090386756,0,0,0.051080436
r3_control,8,5,-0.056247115,-0.03608103,-0.026913043,-0.02113769,-0.016755078,-0.013184778,-0.010068514,-0.0073413225,-0.004759318,-0.002418308,-6.756489e-05,0.0022633043,0.004613835,0.0068629924,0.009461073,0.012310736,0.015546767,0.019433951,0.024205571,0.032361638,0.048896983,-6.756489e-05,2022-03-08,2022-03-01,-0.0046586883277138,0.004591123436062527,0.004591123436062527,2.1078414405162587e-05,1,1,0.051118612
r3_control,9,1,-0.058522798,-0.036360808,-0.027267689,-0.021816064,-0.017779568,-0.014549408,-0.011764513,-0.009299272,-0.0069799297,-0.004862722,-0.0027140852,-0.00055317517,0.0015838337,0.0036167859,0.0059555904,0.008465053,0.011291007,0.014683237,0.01885942,0.02601677,0.04119534,-0.0027140852,2022-03-09,2022-03-08,0.0353652267066018,-0.038079311866425096,0.038079311866425096,0.0014500339922204632,0,0,0.04612711
r3_control,9,2,-0.057308756,-0.034540296,-0.025123173,-0.019450264,-0.015239609,-0.011870957,-0.008920516,-0.0063541452,-0.003912571,-0.001710199,0.0005384444,0.0027760142,0.00501641,0.0071723354,0.009639763,0.012268349,0.01523531,0.018743765,0.022907685,0.030133655,0.045254298,0.0005384444,2022-03-10,2022-03-08,-0.011166915816589,0.011705360195933583,0.011705360195933583,0.0001370154573165463,0,1,0.04803086
r3_control,9,3,-0.060283918,-0.036591683,-0.02651955,-0.020364793,-0.015799467,-0.012117853,-0.008918356,-0.0061482196,-0.003558465,-0.0012174174,0.001168147,0.0035265465,0.0058602854,0.0080932835,0.010640659,0.0134227555,0.016525898,0.02026721,0.024776667,0.032622203,0.04898602,0.001168147,2022-03-11,2022-03-08,-0.0209563905905951,0.022124537552895042,0.022124537552895042,0.000489495161929463,0,1,0.05129622
r3_control,9,4,-0.062319934,-0.038656097,-0.028684393,-0.022539148,-0.0179197,-0.014234948,-0.010948695,-0.008092916,-0.00537601,-0.0028902984,-0.00034656358,0.0021562641,0.00462281,0.0070285765,0.009715939,0.012656439,0.015977649,0.019918412,0.024627075,0.032744728,0.049454518,-0.00034656358,2022-03-14,2022-03-08,-0.0193916690459875,0.01904510546414457,0.01904510546414457,0.00036271604214038934,1,1,0.053311467
r3_control,9,5,-0.065943554,-0.041501652,-0.031044777,-0.024652673,-0.019913515,-0.01610216,-0.012779821,-0.009862691,-0.007092946,-0.0045659025,-0.0020069263,0.0005267835,0.0030478684,0.0054500564,0.008205753,0.011186915,0.014548416,0.018581845,0.023481602,0.031781264,0.048802875,-0.0020069263,2022-03-15,2022-03-08,0.0308850300436893,-0.032891956384671614,0.032891956384671614,0.0010818807948111398,0,0,0.05452638
r3_control,10,1,-0.06939266,-0.044325087,-0.03394527,-0.027490987,-0.022619065,-0.018702522,-0.015384655,-0.012489434,-0.009813769,-0.0074209273,-0.0050591845,-0.0027154316,-0.00038356136,0.0018616155,0.004458379,0.0072677666,0.010470795,0.014343116,0.019122085,0.027360128,0.0442351,-0.0050591845,2022-03-16,2022-03-15,0.0364155276585081,-0.04147471216504363,0.04147471216504363,0.0017201517491732179,0,0,0.053067356
r3_control,10,2,-0.06502109,-0.039698992,-0.029179139,-0.022785354,-0.017993568,-0.014157027,-0.010834383,-0.00797981,-0.0052896533,-0.002912705,-0.0005241388,0.0018415973,0.004213067,0.0065175407,0.009166775,0.012016172,0.015274374,0.019161627,0.023794146,0.031864177,0.048171323,-0.0005241388,2022-03-17,2022-03-15,0.0120335691986929,-0.012557707997630101,0.012557707997630101,0.000157696030153743,0,1,0.052973285
r3_control,10,3,-0.06680937,-0.041474257,-0.030943649,-0.024450254,-0.019606993,-0.015696393,-0.012314971,-0.009402538,-0.006702765,-0.0042934595,-0.001876066,0.00049960904,0.002872443,0.005182936,0.007842333,0.010748069,0.014057374,0.018069383,0.022912702,0.03129015,0.04830066,-0.001876066,2022-03-18,2022-03-15,0.0202613302371757,-0.022137396210368154,0.022137396210368154,0.0004900643109748223,0,1,0.05385635
r3_control,10,4,-0.06471192,-0.04044779,-0.03034033,-0.023998432,-0.019165426,-0.015286993,-0.011848743,-0.008871457,-0.006073823,-0.0035586392,-0.0010489929,0.0014152206,0.003856534,0.0062440233,0.0089398995,0.01190803,0.015277096,0.019276273,0.024082616,0.032436058,0.049277727,-0.0010489929,2022-03-21,2022-03-15,-0.0027839361311749,0.0017349432775631921,0.0017349432775631921,3.0100281763617116e-06,1,1,0.054422945
r3_control,10,5,-0.06589635,-0.040928137,-0.03011972,-0.023548173,-0.018675582,-0.0147700235,-0.011392698,-0.008457116,-0.0056971805,-0.003217804,-0.0007314433,0.0017253077,0.00417269,0.006528599,0.009246535,0.012196908,0.0155212525,0.019500278,0.024344964,0.03263394,0.04952701,-0.0007314433,2022-03-22,2022-03-15,0.019461915476223,-0.02019335876402772,0.02019335876402772,0.00040777173817273515,0,1,0.054464683
r3_control,11,1,-0.0504376,-0.030863255,-0.022289539,-0.017148433,-0.013370016,-0.0103574535,-0.0077941054,-0.0055433745,-0.0034475992,-0.0015682663,0.0003073006,0.0022033202,0.0040800413,0.0058629713,0.007922794,0.010126097,0.012609315,0.015561268,0.019167429,0.025265986,0.038595367,0.0003073006,2022-03-23,2022-03-22,-0.0144757396102443,0.014783040203948284,0.014783040203948284,0.00021853827767155133,0,1,0.041456968
r3_control,11,2,-0.051679034,-0.031693205,-0.02284792,-0.017530253,-0.013606973,-0.010482588,-0.007790845,-0.0055009825,-0.0033530546,-0.0014739154,0.00042464468,0.0023043999,0.0041877315,0.006010234,0.008112952,0.010371242,0.012963375,0.016060075,0.019762877,0.026125804,0.039462306,0.00042464468,2022-03-24,2022-03-22,0.0219833536104707,-0.021558708933502244,0.021558708933502244,0.00046477793087946947,1,0,0.042610798
r3_control,11,3,-0.053053383,-0.03260986,-0.023381328,-0.017722897,-0.01357745,-0.010256054,-0.0074032806,-0.0049674646,-0.0027242037,-0.0007299258,0.0012789282,0.0032461602,0.005206027,0.0070938338,0.0092523405,0.0116000585,0.014229628,0.017378742,0.021149678,0.027549384,0.04143727,0.0012789282,2022-03-25,2022-03-22,-0.0008345014294954,0.0021134296777071413,0.0021134296777071413,4.466585002613311e-06,0,1,0.044531006
r3_control,11,4,-0.052496772,-0.032484032,-0.023263946,-0.017550092,-0.013371106,-0.010078292,-0.007193586,-0.00474831,-0.002477265,-0.000453418,0.0015790957,0.0035782577,0.0055523654,0.0074882144,0.009662226,0.012048981,0.014749263,0.017933853,0.02173215,0.028206075,0.042090956,0.0015790957,2022-03-28,2022-03-22,0.0153537540475098,-0.013774658321608376,0.013774658321608376,0.00018974121187705488,1,1,0.044996098
r3_control,11,5,-0.052560724,-0.032711994,-0.023419775,-0.017704813,-0.01352811,-0.010196475,-0.0073200483,-0.0048451982,-0.0025383476,-0.00046421879,0.0016134428,0.003655083,0.0056741633,0.0076014027,0.009808428,0.012206264,0.014905473,0.018110765,0.021987775,0.028509865,0.04253678,0.0016134428,2022-03-29,2022-03-22,0.017063695712674,-0.015450252926636078,0.015450252926636078,0.0002387103154970267,1,1,0.04540755
r3_control,12,1,-0.04611832,-0.027015053,-0.01892834,-0.014150374,-0.010703228,-0.00798662,-0.00570148,-0.0036941962,-0.001809524,-0.000119198,0.0015844489,0.0033224393,0.0050656935,0.006747739,0.008711887,0.010838382,0.0132722985,0.016206147,0.01985748,0.026283396,0.040959094,0.0015844489,2022-03-30,2022-03-29,-0.0111071865142472,0.012691635365892193,0.012691635365892193,0.00016107760826076546,0,1,0.03878582
r3_control,12,2,-0.048090227,-0.028491449,-0.020207932,-0.015269299,-0.011706052,-0.008906689,-0.0065116137,-0.004463744,-0.0025327504,-0.00083494594,0.0008829207,0.0025958922,0.004335477,0.0060313223,0.008011331,0.010177329,0.012701083,0.015774926,0.019537471,0.026292533,0.041108504,0.0008829207,2022-03-31,2022-03-29,-0.0124721268464269,0.013355047539101716,0.013355047539101716,0.00017835729477166682,0,1,0.039745405
r3_control,12,3,-0.048757747,-0.028795857,-0.020231897,-0.015053176,-0.011327396,-0.008383421,-0.0058721695,-0.0037251539,-0.0017448253,2.847251e-05,0.0018246914,0.003606229,0.0054060207,0.0071674776,0.009213008,0.011475155,0.014056756,0.017207826,0.021061942,0.027904969,0.043303065,0.0018246914,2022-04-01,2022-03-29,-0.0019052885181458,0.0037299799441547397,0.0037299799441547397,1.3912750383796595e-05,0,1,0.041293837
r3_control,12,4,-0.049488075,-0.029706938,-0.02104288,-0.015769377,-0.011958112,-0.009002383,-0.0064243656,-0.0042398376,-0.0021908423,-0.00035736884,0.0015018308,0.003341581,0.0051956116,0.0070440993,0.00914721,0.011496322,0.014213911,0.017494472,0.021510737,0.028682712,0.044600748,0.0015018308,2022-04-04,2022-03-29,0.0203797662079486,-0.018877935447559033,0.018877935447559033,0.0003563764467622059,1,1,0.04255362
r3_control,12,5,-0.050154608,-0.030279102,-0.021460926,-0.016090747,-0.0122354105,-0.0092020705,-0.006612327,-0.0043845423,-0.0022920961,-0.0004041905,0.0015020063,0.003398589,0.005301571,0.007152458,0.0092997495,0.011673151,0.014404721,0.017732631,0.021904876,0.029323403,0.045917377,0.0015020063,2022-04-05,2022-03-29,-0.0224545784828456,0.02395658479754048,0.02395658479754048,0.0005739179551617477,0,0,0.043365803
r3_control,13,1,-0.04471467,-0.025658282,-0.017293733,-0.01213827,-0.008348398,-0.005303327,-0.0026836358,-0.00038312108,0.0017791839,0.003736389,0.00569174,0.007659547,0.009689851,0.011736117,0.014195701,0.016902857,0.020143049,0.02407324,0.028971508,0.037308298,0.05401641,0.00569174,2022-04-06,2022-04-05,-0.0219503373088931,0.027642077505091324,0.027642077505091324,0.0007640844487974758,0,0,0.04626524
r3_control,13,2,-0.050151378,-0.03178496,-0.02358013,-0.018346215,-0.014353467,-0.011110039,-0.008247213,-0.005775777,-0.0034333225,-0.0013602048,0.00068683765,0.0027391827,0.004845203,0.0069389264,0.009406008,0.012144176,0.015374092,0.019269973,0.023957998,0.03223206,0.048380557,0.00068683765,2022-04-07,2022-04-05,0.0023749660851711,-0.0016881284338699245,0.0016881284338699245,2.849777609240124e-06,1,1,0.047538128
r3_control,13,3,-0.04912196,-0.030445548,-0.02191279,-0.016450735,-0.012345441,-0.009017102,-0.006115759,-0.0036139213,-0.0012932227,0.0008085518,0.0028955871,0.004977242,0.007126691,0.009265212,0.011765415,0.014573587,0.017818289,0.02170194,0.026355425,0.03469564,0.051074572,0.0028955871,2022-04-08,2022-04-05,-0.0140778363275973,0.016973423451527754,0.016973423451527754,0.00028809710366487233,0,1,0.048268214
r3_control,13,4,-0.049453683,-0.030971961,-0.022630507,-0.01729535,-0.013231434,-0.009963147,-0.0070832246,-0.004604263,-0.0022655544,-0.00015719375,0.0019491856,0.00406129,0.006244755,0.008446192,0.011002827,0.013854418,0.01720206,0.021173192,0.025977869,0.034640037,0.05173964,0.0019491856,2022-04-11,2022-04-05,-0.023941708974103,0.025890894596027697,0.025890894596027697,0.0006703384229826162,0,0,0.048608378
r3_control,13,5,-0.05247478,-0.033288103,-0.0246296,-0.019176712,-0.015050104,-0.011713175,-0.0087936595,-0.0062621012,-0.0038697887,-0.0017432685,0.00035621447,0.002447289,0.004610184,0.006758056,0.009280354,0.012086442,0.015335441,0.01923851,0.02412612,0.03282588,0.050446503,0.00035621447,2022-04-12,2022-04-05,-0.0042332292743817,0.004589443744611743,0.004589443744611743,2.106299388495586e-05,0,1,0.04875572
r3_control,14,1,-0.05479913,-0.035624437,-0.027256558,-0.021866808,-0.017654143,-0.014182495,-0.011188054,-0.008603394,-0.006204938,-0.0040588058,-0.001932187,0.00019652327,0.002363824,0.004495007,0.0070138113,0.009780692,0.013012176,0.016948296,0.021844735,0.030392734,0.047777094,-0.001932187,2022-04-13,2022-04-12,0.0201231065568479,-0.022055293562725394,0.022055293562725394,0.0004864359741379962,0,1,0.049101293
r3_control,14,2,-0.05553643,-0.03543766,-0.026657274,-0.021031685,-0.016650854,-0.013068216,-0.009919852,-0.0072122444,-0.0046761488,-0.002429232,-0.0001996503,0.002026346,0.004316009,0.006584756,0.009275854,0.01225757,0.015746221,0.019967888,0.025084471,0.034056574,0.05170157,-0.0001996503,2022-04-14,2022-04-12,-0.0231326160090297,0.022932965711156977,0.022932965711156977,0.0005259209163091017,1,1,0.051741745
r3_control,14,3,-0.05634657,-0.036215235,-0.027521191,-0.021925742,-0.01762384,-0.014044141,-0.010866916,-0.008110886,-0.0055319136,-0.0031961072,-0.0008566594,0.0014578474,0.0038375573,0.0062051546,0.009025706,0.0122053325,0.015886554,0.020402402,0.025870766,0.035434496,0.053831954,-0.0008566594,2022-04-18,2022-04-12,0.0007681209825738,-0.00162478035770493,0.00162478035770493,2.6399112107837606e-06,0,1,0.053391956
r3_control,14,4,-0.056853503,-0.03614566,-0.027101012,-0.021279017,-0.016723668,-0.013034508,-0.0097672455,-0.006926144,-0.0042455015,-0.0018212618,0.000618166,0.003011175,0.005457728,0.007890506,0.010731639,0.013929689,0.01767254,0.02217935,0.027664615,0.03726272,0.05600032,0.000618166,2022-04-19,2022-04-12,0.022104560455581,-0.021486394456395705,0.021486394456395705,0.0004616651467358321,1,1,0.054765627
r3_control,14,5,-0.058038425,-0.03733429,-0.028067637,-0.022225566,-0.017708179,-0.014005745,-0.010726204,-0.0078633055,-0.0051417337,-0.0027110544,-0.0002872398,0.0021288171,0.004616785,0.0070712874,0.009979924,0.013246268,0.017078511,0.02177314,0.027535688,0.03739787,0.05659952,-0.0002872398,2022-04-20,2022-04-12,-0.0146917761904439,0.014404536401412454,0.014404536401412454,0.00020749066893961646,1,1,0.055603325
r3_control,15,1,-0.04963218,-0.032547228,-0.025070688,-0.020205151,-0.016405132,-0.013272051,-0.010546595,-0.008169182,-0.0059482297,-0.0039266786,-0.0019052844,0.00013205037,0.0021902649,0.004203944,0.00656309,0.009130786,0.012115145,0.015729187,0.020186208,0.027827255,0.042043924,-0.0019052844,2022-04-21,2022-04-20,-0.0209082018885904,0.019002917532264536,0.019002917532264536,0.00036111087473804685,1,1,0.045256898
r3_control,15,2,-0.04960653,-0.03198358,-0.02411751,-0.01903317,-0.015049252,-0.011794932,-0.008913753,-0.006433134,-0.0040855687,-0.0019897488,0.000108443666,0.0021975,0.0043232366,0.0064090136,0.008838578,0.011504039,0.014579039,0.018248383,0.022625566,0.030205214,0.04408269,0.000108443666,2022-04-22,2022-04-20,-0.0265348192566392,0.026643262922888714,0.026643262922888714,0.0007098634591781765,0,0,0.046743076
r3_control,15,3,-0.049959406,-0.032012776,-0.023968741,-0.018774703,-0.014784166,-0.011499195,-0.008607517,-0.0061054034,-0.0037640056,-0.0016452696,0.00048824277,0.002594694,0.0047267424,0.0068111587,0.009233027,0.011905572,0.014941238,0.018595096,0.022926819,0.030441245,0.044248242,0.00048824277,2022-04-25,2022-04-20,0.0127639968222687,-0.012275754047532565,0.012275754047532565,0.00015069413743551215,1,1,0.04689556
r3_control,15,4,-0.048637282,-0.031792477,-0.02433686,-0.019465374,-0.0155873345,-0.012418714,-0.0095882695,-0.007111475,-0.004763986,-0.0026564675,-0.000542635,0.0015483983,0.003672741,0.005780494,0.008231216,0.01097242,0.014171233,0.018011337,0.022648638,0.030725397,0.044969175,-0.000542635,2022-04-26,2022-04-20,-0.0384756980222903,0.03793306304060591,0.03793306304060591,0.0014389172716425822,1,0,0.0469855
r3_control,15,5,-0.05035502,-0.03247591,-0.024439055,-0.019341307,-0.015363351,-0.01211517,-0.009241678,-0.006724924,-0.004331814,-0.0021852658,-3.727514e-05,0.0021003946,0.004276353,0.0064102365,0.00890285,0.011652407,0.0148094725,0.018597808,0.023226665,0.031121299,0.045436893,-3.727514e-05,2022-04-27,2022-04-20,-0.0011989073270559,0.001161632188744812,0.001161632188744812,1.3493893419280626e-06,1,1,0.047665723
r3_control,16,1,-0.055913735,-0.03681981,-0.028389568,-0.022928372,-0.018651592,-0.0151316235,-0.01208019,-0.009397968,-0.0069011934,-0.004636811,-0.0023613956,-8.3415536e-05,0.0021589603,0.004310035,0.0067894654,0.009472694,0.012522071,0.016168302,0.020573167,0.027769888,0.042042635,-0.0023613956,2022-04-28,2022-04-27,0.0348995485379667,-0.037260944167089555,0.037260944167089555,0.001388377960222965,0,0,0.048962735
r3_control,16,2,-0.053515047,-0.034153648,-0.025532175,-0.020003358,-0.015732612,-0.012269671,-0.009243308,-0.006646392,-0.0041892976,-0.00198998,0.00023501535,0.002457757,0.004685363,0.0068467306,0.009345412,0.012049088,0.015120124,0.018741557,0.022947293,0.030029044,0.044048835,0.00023501535,2022-04-29,2022-04-27,-0.0460422141188318,0.04627722947062273,0.04627722947062273,0.002141581967476673,0,0,0.048479468
r3_control,16,3,-0.053812146,-0.03531812,-0.02714247,-0.02182276,-0.017703472,-0.014294951,-0.011279946,-0.00865051,-0.006202507,-0.0039850585,-0.0017272029,0.0005186361,0.0027568815,0.0049626864,0.0075265924,0.010350683,0.013570181,0.017440964,0.021972109,0.029474255,0.04363002,-0.0017272029,2022-05-02,2022-04-27,0.0165576520771035,-0.018284854984308128,0.018284854984308128,0.00033433592179717776,0,1,0.049114577
r3_control,16,4,-0.052776147,-0.034950107,-0.027124105,-0.022027964,-0.017953342,-0.014623904,-0.011650477,-0.009052409,-0.006603284,-0.0043995185,-0.0021755686,2.1366985e-05,0.0022222456,0.004381697,0.006867364,0.009648222,0.012853578,0.016693335,0.021279538,0.028984591,0.043366797,-0.0021755686,2022-05-03,2022-04-27,0.0010673408461978,-0.0032429094491769834,0.0032429094491769834,1.0516461695561366e-05,0,1,0.048403643
r3_control,16,5,-0.052772008,-0.034780994,-0.026498625,-0.021220148,-0.017067969,-0.013660594,-0.010665308,-0.008033596,-0.0055380324,-0.0032978414,-0.0010131953,0.001241213,0.0035104877,0.0056935735,0.008214578,0.010941872,0.0140166925,0.017659524,0.021965839,0.029093433,0.04328542,-0.0010131953,2022-05-04,2022-04-27,0.0332532136118259,-0.034266408870391146,0.034266408870391146,0.001174186776872821,0,0,0.048464462
r3_control,17,1,-0.060192067,-0.04181797,-0.033168055,-0.02727358,-0.022534499,-0.01852782,-0.015066216,-0.0120496005,-0.009233845,-0.006710075,-0.004206384,-0.0016923528,0.00081981166,0.0032289326,0.006012576,0.009088922,0.012703525,0.01708874,0.022480864,0.031208204,0.04623167,-0.004206384,2022-05-05,2022-05-04,-0.0516768017465041,0.047470417680011784,0.047470417680011784,0.002253440554714775,1,0,0.05564892
r3_control,17,2,-0.056433257,-0.036835153,-0.027615735,-0.02154347,-0.016775845,-0.012870481,-0.009433154,-0.006466109,-0.0036352244,-0.0011087651,0.001433827,0.0040391483,0.006717423,0.00935876,0.012465175,0.015928807,0.019995604,0.024764214,0.030230593,0.038863804,0.052962016,0.001433827,2022-05-06,2022-05-04,-0.0120534619323773,0.013487288915352306,0.013487288915352306,0.0001819069622861852,0,1,0.05784633
r3_control,17,3,-0.05642115,-0.03709152,-0.028015867,-0.022000885,-0.017327273,-0.013446081,-0.010003647,-0.007007998,-0.004180779,-0.0015951602,0.0010207805,0.0036403534,0.006318364,0.008937115,0.011985948,0.015376413,0.019263,0.02382709,0.028983464,0.03719294,0.050701775,0.0010207805,2022-05-09,2022-05-04,-0.0399126968947698,0.04093347742645932,0.04093347742645932,0.0016755495742224549,0,0,0.056999333
r3_control,17,4,-0.054001532,-0.036056943,-0.027669666,-0.022015728,-0.017488489,-0.013744781,-0.010375297,-0.007417985,-0.0045976574,-0.0020410318,0.0005068752,0.003065298,0.005686067,0.008300252,0.011352422,0.014799165,0.018815976,0.02355526,0.02902552,0.037636627,0.051507507,0.0005068752,2022-05-10,2022-05-04,0.0120755508832789,-0.01156867566166138,0.01156867566166138,0.00013383425656471638,1,1,0.056695186
r3_control,17,5,-0.05541136,-0.03688946,-0.027980866,-0.02220095,-0.017636053,-0.013880765,-0.0105545465,-0.007617867,-0.00480689,-0.0022813,0.0002504303,0.0028118114,0.0054638204,0.0080575785,0.011098327,0.014445208,0.018278906,0.022769332,0.027951093,0.035926618,0.04959705,0.0002504303,2022-05-11,2022-05-04,-0.0301067266960786,0.030357157008086267,0.030357157008086267,0.0009215569816136012,0,0,0.05593196
r3_control,18,1,-0.05963356,-0.04079333,-0.031498823,-0.025217947,-0.020182947,-0.015980475,-0.012348421,-0.009168151,-0.0061921654,-0.003502206,-0.00077012274,0.0019889623,0.0047450713,0.0073563787,0.010376258,0.013682372,0.01753273,0.022120865,0.02754941,0.03578131,0.049463663,-0.00077012274,2022-05-12,2022-05-11,-0.0023671875989613,0.0015970648548182908,0.0015970648548182908,2.5506161504957685e-06,1,1,0.059048235
r3_control,18,2,-0.0595392,-0.041244052,-0.03229179,-0.026119752,-0.021059196,-0.016824378,-0.013036239,-0.009750074,-0.0066189044,-0.0038476032,-0.0010665689,0.0017476865,0.004561721,0.0072646793,0.010399499,0.013876896,0.017981384,0.022831475,0.028346471,0.036849737,0.050674245,-0.0010665689,2022-05-13,2022-05-11,0.0363895011822649,-0.037456070071920075,0.037456070071920075,0.0014029571852325867,0,0,0.06063826
r3_control,18,3,-0.061534964,-0.042236745,-0.032627095,-0.026030857,-0.020769492,-0.016358636,-0.012429464,-0.009027102,-0.005856303,-0.0029834267,-8.273288e-05,0.0028055455,0.0057208524,0.008498696,0.011694334,0.015198802,0.019140946,0.02369635,0.028694827,0.036522154,0.049466804,-8.273288e-05,2022-05-16,2022-05-11,-0.0116595077278745,0.011576774851111752,0.011576774851111752,0.00013402171595333352,1,1,0.06132192
r3_control,18,4,-0.06051839,-0.04229914,-0.033146743,-0.026800426,-0.021579867,-0.017238265,-0.013347999,-0.009965028,-0.006763753,-0.0038904934,-0.0010302515,0.0018032319,0.0046580182,0.0074457354,0.010654528,0.014252249,0.018419359,0.023304477,0.02887363,0.03765879,0.05174985,-0.0010302515,2022-05-17,2022-05-11,0.0255720956815505,-0.026602347181747255,0.026602347181747255,0.0007076848755782161,0,1,0.062020373
r3_control,18,5,-0.06153274,-0.042471517,-0.032874163,-0.026446959,-0.021183236,-0.016835645,-0.012981361,-0.009579017,-0.0063421563,-0.0034634955,-0.00059348694,0.0022849697,0.0051930007,0.00798065,0.011199746,0.014714941,0.018728497,0.023427196,0.028814377,0.03698508,0.051003274,-0.00059348694,2022-05-18,2022-05-11,-0.0503365263320763,0.049743039391588084,0.049743039391588084,0.002474369967913084,1,0,0.061688542
r3_control,19,1,-0.061239973,-0.041061956,-0.030438468,-0.023115247,-0.017375007,-0.012692129,-0.008785701,-0.005468756,-0.0024156317,0.00032166933,0.003105723,0.0059367483,0.00883823,0.011679907,0.015004008,0.018620592,0.022851877,0.027813505,0.033655573,0.04243935,0.057347395,0.003105723,2022-05-19,2022-05-18,-0.0053726037537238,0.008478326819979249,0.008478326819979249,7.188202566637945e-05,0,1,0.06409404
r3_control,19,2,-0.060475964,-0.042519435,-0.033362526,-0.026969004,-0.021760907,-0.017404668,-0.013526686,-0.010191618,-0.0070338263,-0.0042648735,-0.0015006885,0.0012867721,0.0040900726,0.0068109673,0.009973735,0.013516043,0.017703943,0.022696275,0.028425403,0.037487965,0.05283139,-0.0015006885,2022-05-20,2022-05-18,-0.0031129311916684,0.0016122426984165996,0.0016122426984165996,2.5993265185976386e-06,1,1,0.06178793
r3_control,19,3,-0.059755303,-0.040002685,-0.029452983,-0.022273108,-0.016743228,-0.012262584,-0.008402903,-0.0051233885,-0.0021083048,0.0006387154,0.0034466337,0.0062886514,0.0092336815,0.012094028,0.0153673375,0.018970504,0.023000266,0.027639985,0.03273754,0.04113488,0.05550454,0.0034466337,2022-05-23,2022-05-18,0.0164907569876557,-0.013044123292962253,0.013044123292962253,0.00017014915248200041,1,1,0.06219052
r3_control,19,4,-0.060106877,-0.041818466,-0.032352045,-0.025826305,-0.020572886,-0.01621588,-0.01234239,-0.009021844,-0.0059081987,-0.00311606,-0.00034832582,0.0023952515,0.0051784334,0.007944207,0.011117257,0.014660593,0.018769171,0.023577392,0.029078819,0.03796561,0.052958332,-0.00034832582,2022-05-24,2022-05-18,-0.02149140746287,0.021143081644092915,0.021143081644092915,0.0004470299014087788,1,1,0.061430864
r3_control,19,5,-0.06091071,-0.041419655,-0.031415455,-0.024797,-0.019527499,-0.015200415,-0.011424464,-0.008129461,-0.005015743,-0.0022494604,0.00049854355,0.0032502722,0.0060543683,0.008779356,0.011932421,0.015394175,0.019347742,0.023964468,0.029293265,0.037623048,0.052468553,0.00049854355,2022-05-25,2022-05-18,0.0138982777872038,-0.01339973423554645,0.01339973423554645,0.0001795528775832756,1,1,0.06070872
r3_control,20,1,-0.052346822,-0.034398127,-0.025961265,-0.020430554,-0.016149106,-0.012594025,-0.009536713,-0.006863726,-0.0043610637,-0.0021230849,0.00010630107,0.0023817625,0.0046946853,0.006947912,0.009575003,0.012461016,0.015789257,0.019718522,0.024352347,0.031372737,0.042985506,0.00010630107,2022-05-26,2022-05-25,0.0273304386377131,-0.02722413756635798,0.02722413756635798,0.0007411536662319838,1,0,0.050313614
r3_control,20,2,-0.053434145,-0.034750935,-0.026006073,-0.020284329,-0.015836746,-0.012216101,-0.009035701,-0.0063048983,-0.003723504,-0.0014417476,0.0008267856,0.0031273789,0.00547164,0.0077756904,0.010452712,0.013370904,0.01673086,0.020631254,0.025073849,0.031989045,0.04324009,0.0008267856,2022-05-27,2022-05-25,0.0321182551391365,-0.031291469565400666,0.031291469565400666,0.0009791560675623961,1,0,0.05107992
r3_control,20,3,-0.0541038,-0.03528714,-0.026422095,-0.020582508,-0.016107416,-0.01243178,-0.009201636,-0.0064136772,-0.0038115247,-0.0014650712,0.00087423023,0.0032109788,0.0056034187,0.007954452,0.010678407,0.013677641,0.017078517,0.021023408,0.025509357,0.032525912,0.043883294,0.00087423023,2022-05-31,2022-05-25,-0.0026567552309775,0.003530985461670274,0.003530985461670274,1.2467858330526838e-05,0,1,0.051931452
r3_control,20,4,-0.052911688,-0.034783524,-0.02620892,-0.02053195,-0.016104277,-0.012502581,-0.009304811,-0.006520626,-0.0038871462,-0.0015237464,0.00081767153,0.003156349,0.0055567445,0.007953964,0.010729,0.013819245,0.017361322,0.021447238,0.02610976,0.03339205,0.04501441,0.00081767153,2022-06-01,2022-05-25,-0.0074232359595381,0.008240907494143425,0.008240907494143425,6.791255632702925e-05,0,1,0.05231868
r3_control,20,5,-0.054748897,-0.035838712,-0.026794076,-0.020986177,-0.01648515,-0.01281722,-0.009592246,-0.006761588,-0.004074395,-0.0016800838,0.000687818,0.0030539802,0.0054960176,0.007887182,0.01068792,0.013767779,0.01725945,0.02128976,0.025941785,0.033022262,0.044907115,0.000687818,2022-06-02,2022-05-25,0.0270173668889322,-0.02632954890420592,0.02632954890420592,0.0006932451454989712,1,0,0.05273586
r3_control,21,1,-0.05600656,-0.03783273,-0.029134976,-0.023327328,-0.01874152,-0.014914692,-0.01160243,-0.00870136,-0.005979014,-0.0035257584,-0.0010630316,0.0014575438,0.0040016808,0.0064423913,0.009265538,0.012360449,0.015948124,0.020202052,0.025226293,0.03287614,0.045499124,-0.0010630316,2022-06-03,2022-06-02,-0.0263637056617606,0.025300674051659137,0.025300674051659137,0.000640124107468298,1,1,0.05436127
r3_control,21,2,-0.056330245,-0.03747665,-0.028344866,-0.022255272,-0.017447477,-0.013501144,-0.010025346,-0.007033837,-0.0041948194,-0.0016811872,0.0008300641,0.0033798923,0.0059696105,0.008463129,0.011330341,0.014453375,0.01804759,0.022191232,0.026845073,0.034072928,0.04608398,0.0008300641,2022-06-06,2022-06-02,0.0033255532174389,-0.0024954890972021158,0.0024954890972021158,6.22746583425463e-06,1,1,0.055189937
r3_control,21,3,-0.05654179,-0.037569966,-0.028409673,-0.022282131,-0.017520761,-0.013576581,-0.010089036,-0.007067066,-0.0042330623,-0.0016675438,0.0008972138,0.003460537,0.006077028,0.0085848775,0.011458142,0.014612397,0.01816861,0.02231284,0.026996676,0.034320027,0.04637591,0.0008972138,2022-06-07,2022-06-02,0.0085886232841835,-0.0076914094675407385,0.0076914094675407385,5.9157779597375306e-05,1,1,0.055406347
r3_control,21,4,-0.05547555,-0.037164953,-0.028287353,-0.022282727,-0.017532002,-0.013643504,-0.0101714,-0.0071436963,-0.0042663766,-0.001671392,0.0009105786,0.003500574,0.0061412556,0.008722268,0.011666592,0.014922712,0.018627308,0.022900866,0.027737351,0.03527488,0.047612686,0.0009105786,2022-06-08,2022-06-02,-0.007222647581788,0.008133226168414798,0.008133226168414798,6.614936790658725e-05,0,1,0.056024704
r3_control,21,5,-0.0565982,-0.038082227,-0.02884509,-0.022776565,-0.01799635,-0.014082451,-0.010622132,-0.007580904,-0.004684863,-0.0020957545,0.00047891308,0.0030677381,0.0057283146,0.008289481,0.0112466095,0.01445768,0.018082637,0.022265721,0.02707528,0.034404077,0.046911635,0.00047891308,2022-06-09,2022-06-02,-0.0271498500722219,0.02762876314844384,0.02762876314844384,0.0007633485531128084,0,1,0.05592037
r3_control,22,1,-0.054755576,-0.036220014,-0.027030168,-0.021000542,-0.016325956,-0.012478032,-0.009153633,-0.006239995,-0.0035083918,-0.0010422905,0.0014597231,0.0040133074,0.0066020717,0.009065706,0.011929266,0.015034212,0.018655678,0.022901801,0.027910285,0.03537596,0.047952875,0.0014597231,2022-06-10,2022-06-09,-0.0359075344036129,0.03736725750926702,0.03736725750926702,0.0013963119337638723,0,0,0.054940455
r3_control,22,2,-0.05610673,-0.0369727,-0.027317027,-0.020976314,-0.016070778,-0.012097226,-0.008628476,-0.0056466926,-0.0028246166,-0.0003089907,0.0022274493,0.004824486,0.0074913288,0.010041388,0.012990851,0.016235033,0.019970814,0.024266342,0.02908161,0.03651917,0.049097136,0.0022274493,2022-06-13,2022-06-09,-0.0476117566990704,0.0498392060230524,0.0498392060230524,0.0024839464570082623,0,0,0.056398638
r3_control,22,3,-0.057379074,-0.03906955,-0.029858168,-0.023664491,-0.0188255,-0.014776083,-0.0111610945,-0.008007337,-0.0050563323,-0.0023630606,0.00035840544,0.0030884638,0.0058831037,0.008561376,0.011665407,0.015102013,0.019008579,0.023549927,0.028668998,0.03662893,0.049707636,0.00035840544,2022-06-14,2022-06-09,0.0018139240399031,-0.0014555186042124438,0.0014555186042124438,2.1185344072085405e-06,1,1,0.058527164
r3_control,22,4,-0.05781787,-0.039953448,-0.030950049,-0.024811722,-0.019876847,-0.015776165,-0.012106516,-0.008907527,-0.0058838124,-0.003166751,-0.0004596843,0.0022427815,0.005004226,0.007721112,0.010863434,0.014397855,0.01850144,0.023289606,0.028797977,0.037478693,0.05122848,-0.0004596843,2022-06-15,2022-06-09,0.0246648180722919,-0.0251245023641464,0.0251245023641464,0.0006312406190459981,0,1,0.059748024
r3_control,22,5,-0.05840651,-0.040106244,-0.030644279,-0.024387889,-0.019365888,-0.015220601,-0.011557781,-0.00831962,-0.0052490267,-0.0025034584,0.00021922067,0.002965024,0.0057803877,0.008494057,0.011639648,0.015084541,0.019006595,0.023559086,0.028843211,0.036950663,0.050848708,0.00021922067,2022-06-16,2022-06-09,-0.0411828948301896,0.04140211550408784,0.04140211550408784,0.0017141351682138305,0,0,0.05948749
r3_control,23,1,-0.06486438,-0.043638792,-0.032361705,-0.024600917,-0.01857487,-0.013620459,-0.009449501,-0.005855314,-0.002499681,0.0005386992,0.003649094,0.0068696877,0.010237428,0.013518821,0.017336404,0.021500269,0.026400339,0.032082614,0.038719688,0.048635907,0.06599777,0.003649094,2022-06-17,2022-06-16,0.0120864175699185,-0.008437323660729395,0.008437323660729395,7.118843055590408e-05,1,1,0.07108139
r3_control,23,2,-0.0658446,-0.047036596,-0.037275475,-0.030398287,-0.024749335,-0.019936025,-0.01559042,-0.011815146,-0.008200452,-0.0050017093,-0.0018403446,0.0013438314,0.0045563807,0.0076499456,0.011241882,0.015306857,0.02018052,0.025989415,0.03263869,0.04307013,0.060805567,-0.0018403446,2022-06-21,2022-06-16,0.024916328809207,-0.02675667343938879,0.02675667343938879,0.0007159195735420936,0,1,0.06991416
r3_control,23,3,-0.06584988,-0.045246355,-0.03413306,-0.026483437,-0.020534411,-0.015621837,-0.0113161625,-0.007625808,-0.00418641,-0.0010413106,0.0021510292,0.005410415,0.008845362,0.012148706,0.015921405,0.02010204,0.024837745,0.03024356,0.03614574,0.04573744,0.06260625,0.0021510292,2022-06-22,2022-06-16,-0.0014595187182,0.0036105479026606402,0.0036105479026606402,1.3036056157407148e-05,0,1,0.0702788
r3_control,23,4,-0.066142626,-0.04661452,-0.036338467,-0.02913805,-0.023315884,-0.0184371,-0.014082332,-0.010314988,-0.0067740185,-0.0036079048,-0.00047275116,0.0026961777,0.0059750048,0.009232727,0.012966103,0.017127354,0.02197838,0.027615422,0.03399681,0.04428273,0.06203819,-0.00047275116,2022-06-23,2022-06-16,0.0147828279878874,-0.015255579142917383,0.015255579142917383,0.00023273269498581587,0,1,0.07033528
r3_control,23,5,-0.066440485,-0.045897108,-0.035358947,-0.028397271,-0.022793477,-0.018137887,-0.013991135,-0.010319016,-0.0068025575,-0.003655355,-0.0005262348,0.002679892,0.0060040927,0.009239646,0.012962676,0.017031768,0.021723473,0.027232118,0.033646863,0.043663137,0.062114168,-0.0005262348,2022-06-24,2022-06-16,0.0336898228092279,-0.034216057607826936,0.034216057607826936,0.0011707385982221315,0,0,0.06900581
r3_control,24,1,-0.059735596,-0.0413756,-0.032356158,-0.026265822,-0.021363657,-0.017152762,-0.013384427,-0.009974706,-0.0067242184,-0.0038229488,-0.00096603256,0.0019194447,0.0048953462,0.007811988,0.0112158945,0.014956848,0.019228686,0.024168512,0.029819785,0.038223103,0.052099947,-0.00096603256,2022-06-27,2022-06-24,-0.007358760285343,0.006392727725825229,0.006392727725825229,4.08669677765346e-05,1,1,0.062175944
r3_control,24,2,-0.061378233,-0.04205106,-0.03216234,-0.025394257,-0.01998171,-0.015506214,-0.011562808,-0.00820003,-0.005044509,-0.002282484,0.00046127636,0.0032510986,0.0061080256,0.008931694,0.012223539,0.015830204,0.019995796,0.024825044,0.030213473,0.038429815,0.05175666,0.00046127636,2022-06-28,2022-06-24,-0.0309404994483681,0.03140177580706008,0.03140177580706008,0.0009860715238368637,0,1,0.062375814
r3_control,24,3,-0.060323782,-0.040995326,-0.031485833,-0.025071792,-0.020046618,-0.015801229,-0.011980852,-0.0086440155,-0.005486854,-0.002624371,0.00024250869,0.0030858938,0.006013349,0.008882859,0.012209954,0.01585364,0.019990679,0.024773965,0.03010911,0.03837511,0.05183809,0.00024250869,2022-06-29,2022-06-24,0.0009166467819793,-0.0006741380960645004,0.0006741380960645004,4.544621725654696e-07,1,1,0.06159494
r3_control,24,4,-0.05903275,-0.040773343,-0.03151177,-0.025083303,-0.01989549,-0.015558564,-0.011656829,-0.008248466,-0.005051092,-0.002200182,0.00060003606,0.0033956305,0.006276212,0.009161441,0.012485119,0.016157461,0.020374862,0.025211073,0.030603105,0.03888965,0.052225154,0.00060003606,2022-06-30,2022-06-24,-0.0124806150373751,0.013080651096415676,0.013080651096415676,0.00017110343310616064,0,1,0.062114872
r3_control,24,5,-0.060051344,-0.041188087,-0.03151962,-0.0251023,-0.019917184,-0.015589626,-0.011737793,-0.008329347,-0.0051023024,-0.0022462513,0.0005528615,0.0033531962,0.0062415437,0.009061059,0.012334069,0.015891967,0.019953351,0.02464392,0.03001245,0.038079195,0.051787414,0.0005528615,2022-07-01,2022-06-24,0.0065788873264722,-0.006026025840841926,0.006026025840841926,3.6312987434494645e-05,1,1,0.061532073
r3_control,25,1,-0.056441095,-0.038860437,-0.030686535,-0.025197005,-0.020832747,-0.017174346,-0.013998724,-0.011199146,-0.008586534,-0.0062232446,-0.0038701382,-0.0014994607,0.00087011297,0.0031109608,0.005701447,0.008524977,0.011796276,0.015718767,0.02046562,0.027936034,0.040648997,-0.0038701382,2022-07-05,2022-07-01,0.0169747470429686,-0.020844885242968528,0.020844885242968528,0.0004345092407925271,0,1,0.051152155
r3_control,25,2,-0.056932963,-0.037658658,-0.02872262,-0.02286545,-0.01826197,-0.014474,-0.011115283,-0.008203362,-0.005438947,-0.0029700065,-0.00049462344,0.0020048383,0.0045215255,0.0069472063,0.0097534945,0.012801066,0.016323991,0.020439241,0.025124382,0.03242137,0.044414353,-0.00049462344,2022-07-06,2022-07-01,0.0063916909516316,-0.00688631439194941,0.00688631439194941,4.742132590476957e-05,0,1,0.053847
r3_control,25,3,-0.05731925,-0.038191218,-0.029193163,-0.023223441,-0.018592255,-0.01473584,-0.011293092,-0.008286243,-0.0054618046,-0.0028857253,-0.0002909394,0.0022895809,0.0048843743,0.0073676286,0.010223338,0.013336405,0.016851932,0.020989193,0.025712812,0.033151265,0.04559803,-0.0002909394,2022-07-07,2022-07-01,0.0211732520430597,-0.021464191452811147,0.021464191452811147,0.0004607115147229311,0,1,0.054905973
r3_control,25,4,-0.055992037,-0.03772945,-0.029082226,-0.023265084,-0.018640501,-0.01483694,-0.011415209,-0.008412334,-0.005557514,-0.002970778,-0.00038547814,0.002192216,0.0048020342,0.0073625976,0.0103050675,0.013571831,0.01731591,0.021688327,0.026684875,0.03447266,0.04693672,-0.00038547814,2022-07-08,2022-07-01,0.0012532460459683,-0.0016387241848919451,0.0016387241848919451,2.68541695414977e-06,0,1,0.0557671
r3_control,25,5,-0.05760796,-0.03891564,-0.029769199,-0.023775892,-0.01902926,-0.015121928,-0.011664598,-0.008606852,-0.0057011433,-0.0031012131,-0.0005082394,0.0020774524,0.0047170958,0.007255867,0.01020122,0.0133970175,0.01699461,0.021163741,0.025956409,0.033258732,0.045571603,-0.0005082394,2022-07-11,2022-07-01,-0.021595887768939,0.021087648392580313,0.021087648392580313,0.00044468891472909504,1,1,0.055725608
r3_control,26,1,-0.051149886,-0.032595683,-0.024093045,-0.018608458,-0.014411471,-0.010952833,-0.0079816915,-0.0054020267,-0.0029880102,-0.00084617396,0.0012811705,0.0034327628,0.0056482237,0.007843457,0.010437545,0.013273299,0.016549991,0.020423166,0.025058072,0.03244319,0.04604179,0.0012811705,2022-07-12,2022-07-11,-0.009734741489986,0.01101591201371145,0.01101591201371145,0.00012135031749383225,0,1,0.049151115
r3_control,26,2,-0.05209453,-0.03368627,-0.025246251,-0.01973153,-0.015427866,-0.011911717,-0.008806504,-0.0061354632,-0.0036042002,-0.0013779488,0.00083055085,0.0030551264,0.0053594704,0.0076638935,0.010380374,0.013380475,0.016855977,0.020960923,0.025733247,0.033555824,0.047685534,0.00083055085,2022-07-13,2022-07-11,-0.0020632445238822,0.0028937953765795425,0.0028937953765795425,8.374051681513135e-06,0,1,0.0509795
r3_control,26,3,-0.05349915,-0.03466059,-0.02599613,-0.02030989,-0.015959628,-0.012359152,-0.009171325,-0.006421824,-0.0038490975,-0.0015193761,0.00080361374,0.0031010197,0.0054778312,0.007841968,0.01061516,0.013690604,0.01720816,0.021365672,0.026221229,0.034298647,0.04904916,0.00080361374,2022-07-14,2022-07-11,0.0035646372210189,-0.0027610234768084482,0.0027610234768084482,7.623250639487411e-06,1,1,0.052217357
r3_control,26,4,-0.053357784,-0.03455173,-0.025896585,-0.020204524,-0.015790999,-0.012182354,-0.008971758,-0.0061829262,-0.0035493341,-0.001179366,0.0011783768,0.0035015915,0.0058907494,0.008299013,0.011098069,0.014208767,0.017810296,0.022005819,0.026895061,0.03498077,0.04960965,0.0011783768,2022-07-15,2022-07-11,0.0179767790587838,-0.016798402216493636,0.016798402216493636,0.0002821863170270983,1,1,0.052791648
r3_control,26,5,-0.053990588,-0.034963798,-0.026015578,-0.020283712,-0.015859727,-0.0122261355,-0.009020797,-0.006200624,-0.0035188505,-0.0011394614,0.0011911838,0.0034950548,0.005876358,0.008241001,0.0110262,0.014116815,0.017655414,0.02179631,0.026708392,0.034630753,0.049277857,0.0011911838,2022-07-18,2022-07-11,-0.0084986988853166,0.009689882693576266,0.009689882693576266,9.389382661526883e-05,0,1,0.05272397
r3_control,27,1,-0.052207105,-0.034279734,-0.025665512,-0.019949153,-0.015562333,-0.011925815,-0.008761829,-0.006009921,-0.0034307244,-0.0011079172,0.0012008203,0.0035376186,0.0059263054,0.008261257,0.0110075725,0.013974257,0.01742198,0.021479782,0.02630538,0.03374108,0.046622224,0.0012008203,2022-07-19,2022-07-18,0.0302898455545097,-0.029089025235155167,0.029089025235155167,0.0008461713891314941,1,0,0.05197089
r3_control,27,2,-0.05184202,-0.03486655,-0.026709609,-0.021191731,-0.016820272,-0.013199261,-0.009957702,-0.007152069,-0.0044861557,-0.002111791,0.00024196156,0.0026232963,0.005075927,0.0075079957,0.010376007,0.013536338,0.017218474,0.021555353,0.026566586,0.034537733,0.048004746,0.00024196156,2022-07-20,2022-07-18,0.0157319749691985,-0.015490013406192455,0.015490013406192455,0.000239940515324022,1,1,0.053276196
r3_control,27,3,-0.053928204,-0.03614734,-0.027403135,-0.021465844,-0.016860629,-0.013048781,-0.009670929,-0.0067570936,-0.0040325606,-0.0015674704,0.000884485,0.0033209634,0.005826914,0.008269982,0.011104382,0.014214154,0.01773251,0.02182282,0.026472846,0.03406258,0.047138333,0.000884485,2022-07-21,2022-07-18,0.0142532761619883,-0.013368791138426435,0.013368791138426435,0.00017872457650286918,1,1,0.053875983
r3_control,27,4,-0.0527082,-0.035644382,-0.027430912,-0.021847282,-0.017402574,-0.013726661,-0.010438529,-0.007557472,-0.004830481,-0.0023795513,4.4352695e-05,0.0024551807,0.0049410113,0.0074355556,0.010352793,0.013606852,0.017384455,0.021759698,0.02682626,0.035045125,0.04875528,4.4352695e-05,2022-07-22,2022-07-18,-0.0176909985561198,0.017735351251232847,0.017735351251232847,0.0003145426840046065,0,1,0.054257173
r3_control,27,5,-0.05418902,-0.036516666,-0.02773732,-0.021962736,-0.017442547,-0.013713059,-0.0103945,-0.0074694403,-0.0046786084,-0.0021938432,0.000248773,0.0026818747,0.005209793,0.0077006286,0.010606749,0.013818241,0.017457038,0.021676676,0.02663828,0.034533165,0.048385568,0.000248773,2022-07-25,2022-07-18,-0.0057120842337355,0.005960857228117807,0.005960857228117807,3.55318188940043e-05,0,1,0.0543756
r3_control,28,1,-0.0548648,-0.035623215,-0.026781816,-0.021032508,-0.016564524,-0.012856898,-0.009651616,-0.0068551046,-0.0042338693,-0.0018929007,0.00045051146,0.0028434508,0.005279839,0.007678993,0.010500746,0.013594766,0.017162563,0.021371046,0.026327759,0.033859078,0.04646875,0.00045051146,2022-07-26,2022-07-25,-0.0198442468611613,0.02029475832414777,0.02029475832414777,0.0004118772154355652,0,1,0.053109575
r3_control,28,2,-0.05578469,-0.035746347,-0.02648076,-0.0204553,-0.015789533,-0.012005404,-0.0086913295,-0.0058527687,-0.0031684637,-0.00079683645,0.0015625925,0.003935615,0.00636541,0.008754319,0.011536971,0.014560909,0.018003155,0.02197451,0.0265003,0.033620577,0.04571293,0.0015625925,2022-07-27,2022-07-25,0.0413910503484826,-0.03982845789143401,0.03982845789143401,0.0015863060580097318,1,0,0.05298106
r3_control,28,3,-0.054931264,-0.035476148,-0.026626952,-0.020860784,-0.016424868,-0.012753956,-0.0094935065,-0.006665852,-0.0040109693,-0.0016144711,0.0007915458,0.0031873249,0.0056323693,0.008038003,0.010842543,0.013933551,0.017438503,0.021545261,0.026257087,0.03373126,0.046288695,0.0007915458,2022-07-28,2022-07-25,0.0097306417412924,-0.008939095958588494,0.008939095958588494,7.990743655685316e-05,1,1,0.05288404
r3_control,28,4,-0.054447595,-0.035395384,-0.026605535,-0.02083786,-0.016312202,-0.012623839,-0.009334803,-0.0064789806,-0.0037854295,-0.0013723499,0.0010252625,0.0034037954,0.0058353557,0.00827015,0.011091646,0.014230332,0.017811127,0.021926854,0.026630705,0.034042872,0.04638894,0.0010252625,2022-07-29,2022-07-25,0.0180723999030782,-0.017047137381498337,0.017047137381498337,0.000290604892903678,1,1,0.05323624
r3_control,28,5,-0.055588607,-0.036213588,-0.0270626,-0.021195708,-0.016644262,-0.012917606,-0.009635576,-0.0067564948,-0.00402924,-0.0016041801,0.0007974644,0.0031854347,0.0056515327,0.008081863,0.010927355,0.0140537955,0.017570214,0.021605467,0.026258243,0.033386156,0.045794427,0.0007974644,2022-08-01,2022-07-25,-0.0006023022525569,0.0013997666484301485,0.0013997666484301485,1.959346670057371e-06,0,1,0.053320844
r3_control,29,1,-0.051812995,-0.033231236,-0.024471,-0.018774815,-0.014410594,-0.010832416,-0.007752919,-0.0050745164,-0.0025635916,-0.00032850908,0.0018890882,0.004125327,0.006425942,0.008710835,0.011425481,0.014398707,0.01785394,0.021939745,0.026845928,0.034621265,0.04834984,0.0018890882,2022-08-02,2022-08-01,-0.0029859243377438,0.004875012528835814,0.004875012528835814,2.376574715630616e-05,0,1,0.051316928
r3_control,29,2,-0.053002834,-0.034067772,-0.025102459,-0.019267358,-0.014753094,-0.011103181,-0.007902343,-0.005149819,-0.002536267,-0.00023165037,0.0020449252,0.004339238,0.00671905,0.009086656,0.011879695,0.014951977,0.018491749,0.022628227,0.027385883,0.035128623,0.048731666,0.0020449252,2022-08-03,2022-08-01,0.0268681335677434,-0.024823208334394196,0.024823208334394196,0.0006161916720127374,1,1,0.052488342
r3_control,29,3,-0.052946523,-0.034609042,-0.025987452,-0.020283388,-0.015906388,-0.01229601,-0.009099152,-0.006327252,-0.003735387,-0.0013893163,0.0009488655,0.0032720289,0.0056853937,0.008096588,0.010946715,0.014117669,0.017759668,0.022057947,0.027051378,0.035253737,0.049431104,0.0009488655,2022-08-04,2022-08-01,0.0046655870810814,-0.003716721590581516,0.003716721590581516,1.3814019381894795e-05,1,1,0.053038828
r3_control,29,4,-0.05233201,-0.03439278,-0.025896672,-0.020239236,-0.015816124,-0.012208072,-0.008987415,-0.006194395,-0.0035583416,-0.0011986692,0.0011313354,0.0034356716,0.0058041806,0.008211943,0.01102381,0.01417035,0.017822983,0.022065671,0.02701792,0.03518732,0.049160305,0.0011313354,2022-08-05,2022-08-01,-0.0082023956497751,0.00933373103957547,0.00933373103957547,8.711853511913457e-05,0,1,0.05291459
r3_control,29,5,-0.05314713,-0.03487661,-0.026050055,-0.020340294,-0.015915053,-0.012285215,-0.009088719,-0.006276404,-0.0036016034,-0.0012268014,0.0010992084,0.0033970731,0.005784364,0.0081569655,0.010950074,0.014052006,0.01760718,0.021752479,0.026695369,0.03466426,0.048774406,0.0010992084,2022-08-08,2022-08-01,-0.0032375800237071,0.004336788393558212,0.004336788393558212,1.880773357050122e-05,0,1,0.052745424
r3_control,30,1,-0.050081026,-0.031243896,-0.022869734,-0.017562449,-0.013552323,-0.010271522,-0.007455865,-0.0050124372,-0.0027324972,-0.00070194714,0.0012973598,0.0033314263,0.0054460913,0.0075523565,0.010066759,0.012830609,0.01604568,0.019871214,0.024490438,0.03192824,0.045940697,0.0012973598,2022-08-09,2022-08-08,-0.0113831852370667,0.012680545057522013,0.012680545057522013,0.00016079622295584595,0,1,0.047360174
r3_control,30,2,-0.05192998,-0.032467294,-0.023766275,-0.018236196,-0.014037332,-0.010654167,-0.007690806,-0.0051543596,-0.002762646,-0.0006521393,0.0014221258,0.003515498,0.0056869746,0.007858001,0.010431729,0.013267628,0.016546886,0.020418463,0.024950564,0.0324257,0.04643103,0.0014221258,2022-08-10,2022-08-08,0.0275286808345294,-0.026106554988381863,0.026106554988381863,0.0006815522133614059,1,0,0.04871684
r3_control,30,3,-0.053057734,-0.033432525,-0.024585638,-0.01888275,-0.014600175,-0.011124864,-0.008093996,-0.005496517,-0.0030907586,-0.00092603744,0.0012156459,0.0033437978,0.005558313,0.0077724033,0.010396085,0.013329314,0.0166927,0.020677159,0.025370311,0.03318608,0.04775383,0.0012156459,2022-08-11,2022-08-08,-0.0056923608402969,0.006908006767301416,0.006908006767301416,4.772055749708217e-05,0,1,0.04995595
r3_control,30,4,-0.052232742,-0.03299356,-0.024374457,-0.018826228,-0.014593838,-0.0111903455,-0.008184732,-0.0055837366,-0.0031367654,-0.0009526238,0.0012137402,0.003369306,0.005604641,0.00787241,0.010537304,0.013525648,0.016999,0.021066975,0.025864702,0.03379418,0.048432995,0.0012137402,2022-08-12,2022-08-08,0.0192834600524987,-0.01806971984431249,0.01806971984431249,0.0003265147752519406,1,1,0.05023916
r3_control,30,5,-0.05236461,-0.033053823,-0.024168564,-0.018609403,-0.014438747,-0.011069756,-0.008112819,-0.005535209,-0.0030941328,-0.00092484325,0.0012076591,0.003329464,0.0055593722,0.007778193,0.010409212,0.013339398,0.016681712,0.020588316,0.025247084,0.032863107,0.047446754,0.0012076591,2022-08-15,2022-08-08,0.0080487483962172,-0.006841089258781942,0.006841089258781942,4.680050224662166e-05,1,1,0.049415648
r3_control,31,1,-0.040856767,-0.025781782,-0.018395832,-0.013812358,-0.010455604,-0.007746516,-0.005459365,-0.0034575434,-0.0015869992,6.907433e-05,0.0017048937,0.0033608312,0.005092444,0.0068232585,0.00889099,0.011152106,0.013765375,0.016875653,0.020638168,0.026847756,0.038518786,0.0017048937,2022-08-16,2022-08-15,-0.0023446120784542,0.004049505735460523,0.004049505735460523,1.6398496701527674e-05,0,1,0.039034
r3_control,31,2,-0.04271961,-0.027521169,-0.020021997,-0.015327604,-0.011872454,-0.00911513,-0.0067240815,-0.004669172,-0.0027285325,-0.001027737,0.0006638894,0.0023588422,0.004141753,0.005932551,0.008066041,0.010421373,0.013183456,0.016505014,0.020441765,0.027047873,0.039018583,0.0006638894,2022-08-17,2022-08-15,-0.0114717452682467,0.012135634665648062,0.012135634665648062,0.00014727362873807895,0,1,0.04046376
r3_control,31,3,-0.043009102,-0.027510973,-0.019709973,-0.014777213,-0.011178629,-0.008300236,-0.0058187004,-0.0036978489,-0.0017528568,-1.6562582e-05,0.0016946505,0.003397806,0.0051843096,0.006968195,0.0090790605,0.011441014,0.014160725,0.017423928,0.02131496,0.027819782,0.03982948,0.0016946505,2022-08-18,2022-08-15,0.0024020226487374,-0.0007073721430679849,0.0007073721430679849,5.003753487885938e-07,1,1,0.04102493
r3_control,31,4,-0.04320777,-0.027995965,-0.02034757,-0.015469461,-0.011896174,-0.009065201,-0.006585038,-0.004465987,-0.002486358,-0.0007241741,0.0010190769,0.0027546464,0.0045588166,0.006417763,0.0085848365,0.011003659,0.01383051,0.017174952,0.0211482,0.027871715,0.040068317,0.0010190769,2022-08-19,2022-08-15,-0.019689503156169,0.020708580066038908,0.020708580066038908,0.000428845288351544,0,1,0.04149577
r3_control,31,5,-0.04354892,-0.02811639,-0.020187687,-0.015254813,-0.011678645,-0.0088342335,-0.0063874885,-0.0042592883,-0.0022649784,-0.00047828938,0.0012767605,0.0030287108,0.004862745,0.00670003,0.008879094,0.011298397,0.01408313,0.017381711,0.021402948,0.028104957,0.04054416,0.0012767605,2022-08-22,2022-08-15,-0.0266798466408457,0.0279566071193497,0.0279566071193497,0.0007815718816256744,0,0,0.041590635
r3_control,32,1,-0.05200425,-0.03229082,-0.02315831,-0.017381597,-0.013049454,-0.009535508,-0.00651499,-0.0038851446,-0.0014370136,0.0007592611,0.0029300384,0.0051185656,0.007376696,0.009628824,0.0123128705,0.015222008,0.01862865,0.022664972,0.027555486,0.035399295,0.05009955,0.0029300384,2022-08-23,2022-08-22,-0.0008273004221576,0.0037573387979375865,0.0037573387979375865,1.4117594842487068e-05,0,1,0.050713796
r3_control,32,2,-0.05341356,-0.033943336,-0.02472228,-0.01882291,-0.014339012,-0.010721883,-0.0075597037,-0.0048428597,-0.0022789103,-9.378855e-06,0.0022303206,0.004484538,0.006837788,0.009190047,0.011973339,0.015060882,0.018611686,0.02278677,0.027632628,0.03569846,0.050663013,0.0022303206,2022-08-24,2022-08-22,0.0028930087852994,-0.0006626881938198602,0.0006626881938198602,4.391556422282285e-07,1,1,0.05235491
r3_control,32,3,-0.053510122,-0.034533422,-0.025558166,-0.01972804,-0.01530338,-0.011680275,-0.008481553,-0.0057229362,-0.0031538538,-0.00083517027,0.0014676894,0.003750316,0.0061197532,0.008485159,0.011274862,0.014389959,0.017956967,0.022182811,0.027127987,0.035466265,0.050861854,0.0014676894,2022-08-25,2022-08-22,0.0175272096107264,-0.01605952020459966,0.01605952020459966,0.00025790818920194475,1,1,0.052686155
r3_control,32,4,-0.053019047,-0.034416817,-0.025569063,-0.019806689,-0.015357732,-0.011740929,-0.00853818,-0.005761686,-0.003151421,-0.00082346844,0.0014763818,0.0037479822,0.006107932,0.008504634,0.011324657,0.014492511,0.018155275,0.02243364,0.027472103,0.035949748,0.051358547,0.0014763818,2022-08-26,2022-08-22,-0.0418519489767976,0.04332833076575919,0.04332833076575919,0.0018773442469470344,0,0,0.053041168
r3_control,32,5,-0.054153856,-0.03530136,-0.026133625,-0.020276308,-0.015790839,-0.012114059,-0.008884192,-0.006046988,-0.0033610843,-0.0009781446,0.0013604993,0.0036811158,0.0061059715,0.008524253,0.011374325,0.014547247,0.018155476,0.022356175,0.027365997,0.035623215,0.051210523,0.0013604993,2022-08-29,2022-08-22,-0.0099041260345794,0.011264625334642056,0.011264625334642056,0.00012689178392985965,0,1,0.053499624
r3_control,33,1,-0.059352264,-0.038537927,-0.029220132,-0.023117771,-0.01836261,-0.014359664,-0.010803664,-0.0076793875,-0.00473778,-0.0020839195,0.0005147385,0.003162208,0.0058908816,0.008557773,0.011689914,0.0150979785,0.019032221,0.023598203,0.028923659,0.037084017,0.052608225,0.0005147385,2022-08-30,2022-08-29,-0.0111990455718932,0.01171378406642352,0.01171378406642352,0.00013721273715479754,0,1,0.05814379
r3_control,33,2,-0.058603927,-0.038228504,-0.029085252,-0.023008307,-0.018172693,-0.014171644,-0.010578821,-0.0075007137,-0.004577486,-0.001968536,0.0005959071,0.0032457074,0.005967131,0.008688092,0.01190241,0.0154913645,0.019640498,0.024492702,0.030017404,0.038669575,0.054713648,0.0005959071,2022-08-31,2022-08-29,-0.0058304349011938,0.006426341999807479,0.006426341999807479,4.129787149848959e-05,0,1,0.059102654
r3_control,33,3,-0.05977354,-0.03893761,-0.02956916,-0.023325438,-0.018477606,-0.014403904,-0.010757696,-0.0076044123,-0.0046332693,-0.001909548,0.0008113809,0.0035420079,0.0063488083,0.009122564,0.012347981,0.015921505,0.019946298,0.024587085,0.029754968,0.038094293,0.05379363,0.0008113809,2022-09-01,2022-08-29,0.000434181362367,0.000377199553908084,0.000377199553908084,1.4227950346845758e-07,1,1,0.05932413
r3_control,33,4,-0.059790477,-0.039111488,-0.029773742,-0.02353159,-0.018555645,-0.014422288,-0.01072804,-0.007492023,-0.004436234,-0.0016979752,0.0010054505,0.0037239676,0.006526074,0.009284161,0.012475089,0.01598774,0.019967875,0.024517816,0.029662807,0.03790391,0.05350664,0.0010054505,2022-09-02,2022-08-29,-0.0142287400037255,0.015234190500175566,0.015234190500175566,0.00023208056019563946,0,1,0.05943655
r3_control,33,5,-0.060935892,-0.0405838,-0.031090628,-0.024767598,-0.019665318,-0.015353329,-0.011426899,-0.007996605,-0.0048057307,-0.0020331056,0.00067074865,0.0033854654,0.0062385756,0.009042756,0.012318112,0.015933579,0.020025367,0.024776898,0.03022259,0.0387078,0.055043507,0.00067074865,2022-09-06,2022-08-29,-0.007208572585927,0.007879321232298068,0.007879321232298068,6.208370308174314e-05,0,1,0.06131322
r3_control,34,1,-0.04942373,-0.03237762,-0.024766786,-0.019827152,-0.016009785,-0.012821031,-0.010033229,-0.007586315,-0.0052838526,-0.0031936676,-0.0011152404,0.0009887664,0.0031333487,0.005225454,0.0076901787,0.010363419,0.013442328,0.017099444,0.021503462,0.028675107,0.04139081,-0.0011152404,2022-09-07,2022-09-06,0.0200000116453966,-0.021115252034877786,0.021115252034877786,0.0004458538684964105,0,1,0.046270248
r3_control,34,2,-0.050390933,-0.032927886,-0.025184834,-0.020176051,-0.016271066,-0.0130451135,-0.0101499,-0.0076370104,-0.005237923,-0.0030796642,-0.0009213108,0.0012599148,0.0034977477,0.0057162833,0.008338676,0.011216544,0.01453963,0.018515527,0.02320799,0.030934803,0.044056352,-0.0009213108,2022-09-08,2022-09-06,0.0051712412833418,-0.006092552082072501,0.006092552082072501,3.7119190872765965e-05,0,1,0.048392825
r3_control,34,3,-0.051903017,-0.033799663,-0.025784256,-0.020590866,-0.016602306,-0.013259281,-0.010272355,-0.0076576085,-0.005184909,-0.0029150348,-0.00062534446,0.0016539004,0.0039763693,0.00626021,0.008931074,0.01187224,0.015207001,0.019163199,0.023804275,0.031560358,0.044982295,-0.00062534446,2022-09-09,2022-09-06,0.0216264215868781,-0.02225176604584555,0.02225176604584555,0.0004951410921590449,0,1,0.04958853
r3_control,34,4,-0.05085323,-0.03322089,-0.025402376,-0.02032762,-0.016353851,-0.013078431,-0.010144924,-0.0075528417,-0.0050795153,-0.0028415076,-0.00059322844,0.0016443338,0.003934315,0.0062221456,0.008900734,0.011891901,0.015355478,0.019448316,0.024316799,0.032430843,0.045963913,-0.00059322844,2022-09-12,2022-09-06,0.0118158364557837,-0.012409064896049803,0.012409064896049803,0.0001539848915943755,0,1,0.049719177
r3_control,34,5,-0.051909138,-0.033778884,-0.02551765,-0.020343103,-0.01635876,-0.013068907,-0.010140788,-0.0075467983,-0.0050555216,-0.0028063392,-0.00055992836,0.0016951992,0.004028086,0.0063206977,0.009016013,0.011989136,0.015372898,0.019385142,0.024195516,0.03208706,0.045700394,-0.00055992836,2022-09-13,2022-09-06,-0.0563976479112294,0.055837719549902944,0.055837719549902944,0.0031178509245336134,1,0,0.049713165
r3_control,35,1,-0.061682947,-0.042056996,-0.032098252,-0.025309725,-0.019940415,-0.015457104,-0.011613247,-0.0083525535,-0.005356995,-0.0027074302,-9.070101e-05,0.0025828616,0.00535751,0.0081149135,0.011370783,0.014924085,0.019023372,0.023757348,0.029290296,0.037937947,0.054098584,-9.070101e-05,2022-09-14,2022-09-13,0.0079017521682926,-0.007992453179069284,0.007992453179069284,6.38793078196147e-05,0,1,0.06138855
r3_control,35,2,-0.059144337,-0.039441787,-0.02957707,-0.022950532,-0.017802259,-0.013606595,-0.009927265,-0.0068138265,-0.0038931256,-0.0013191856,0.0012254943,0.003828962,0.006517004,0.009209172,0.012378244,0.015904877,0.019933943,0.024593275,0.02995725,0.038668916,0.055227373,0.0012254943,2022-09-15,2022-09-13,-0.0167938510711174,0.018019345385102508,0.018019345385102508,0.00032469680810761503,0,1,0.05953432
r3_control,35,3,-0.059009768,-0.03866874,-0.02841972,-0.02171103,-0.016636865,-0.012478437,-0.008842914,-0.0057574348,-0.0029050263,-0.00031876116,0.00224818,0.0047939094,0.007401461,0.009978559,0.0129604805,0.01626476,0.019964712,0.024263402,0.029173777,0.037428904,0.05331078,0.00224818,2022-09-16,2022-09-13,-0.0061334806328971,0.008381660731728753,0.008381660731728753,7.025223662180378e-05,0,1,0.057593495
r3_control,35,4,-0.056202274,-0.03706787,-0.027809871,-0.02176403,-0.017014403,-0.013096712,-0.009604451,-0.0065762927,-0.003708715,-0.0011270654,0.0014250854,0.0039510895,0.0065453267,0.009126508,0.012134723,0.015470125,0.01929929,0.023733474,0.028893914,0.037371714,0.053479273,0.0014250854,2022-09-19,2022-09-13,0.0077570932015004,-0.006332007845041379,0.006332007845041379,4.0094323349665564e-05,1,1,0.056703784
r3_control,35,5,-0.05706047,-0.037542883,-0.027894055,-0.021754947,-0.016998269,-0.01306783,-0.009593023,-0.006564268,-0.0036884516,-0.0011445538,0.0013586702,0.0038306196,0.0063926387,0.008917966,0.011872024,0.015145183,0.018832564,0.02308193,0.028013175,0.035938583,0.051723085,0.0013586702,2022-09-20,2022-09-13,-0.0080030220400149,0.009361692222541011,0.009361692222541011,8.764128126958486e-05,0,1,0.05590723
r3_control,36,1,-0.04906284,-0.031733412,-0.023259703,-0.017932419,-0.013991386,-0.010757716,-0.007963922,-0.005547255,-0.0032939147,-0.0012719058,0.0007039553,0.00270989,0.004794156,0.00685064,0.009296408,0.011974409,0.0150839025,0.018761035,0.023153711,0.030260094,0.043640867,0.0007039553,2022-09-21,2022-09-20,-0.0180682902360061,0.018772245538021048,0.018772245538021048,0.00035239720253975115,0,1,0.046413414
r3_control,36,2,-0.04940066,-0.031910624,-0.023388468,-0.018008526,-0.013981594,-0.010737201,-0.007871618,-0.005421958,-0.0031058653,-0.0010509323,0.0009507202,0.0029932058,0.0050893757,0.007193563,0.009684461,0.012423476,0.015564777,0.019242387,0.023526192,0.030607149,0.043751575,0.0009507202,2022-09-22,2022-09-20,-0.0123842097522109,0.01333492997161813,0.01333492997161813,0.00017782035734795952,0,1,0.04691466
r3_control,36,3,-0.04929796,-0.03198182,-0.023515396,-0.01816855,-0.014204582,-0.010953084,-0.008078109,-0.0056038,-0.0032982943,-0.0012144386,0.0008366277,0.0028795996,0.004995345,0.0071178908,0.009626969,0.012409564,0.015579793,0.019301988,0.023645807,0.030909676,0.0443188,0.0008366277,2022-09-23,2022-09-20,-0.0164155072540443,0.017252134928333347,0.017252134928333347,0.0002976361595854194,0,1,0.047161203
r3_control,36,4,-0.048135385,-0.031219732,-0.02307446,-0.017938755,-0.014032978,-0.010838258,-0.0079839565,-0.0054914723,-0.0031325154,-0.0010272388,0.0010382641,0.003100087,0.0052306005,0.007376222,0.009899647,0.012717497,0.01595996,0.019729227,0.024167094,0.03156253,0.0449886,0.0010382641,2022-09-26,2022-09-20,-0.0041464718652499,0.005184735999217359,0.005184735999217359,2.688148738158043e-05,0,1,0.047241554
r3_control,36,5,-0.048762888,-0.031572577,-0.023195323,-0.01802944,-0.014121299,-0.010908816,-0.00804443,-0.0055250153,-0.0031208312,-0.0009886505,0.0011016955,0.0031727469,0.0053439117,0.0074924193,0.010041545,0.012878147,0.016087625,0.019827988,0.024273507,0.03155947,0.045180712,0.0011016955,2022-09-27,2022-09-20,0.0004008534455465,0.0007008420212401231,0.0007008420212401231,4.911795387359411e-07,1,1,0.04746883
r3_control,37,1,-0.045686536,-0.030242061,-0.022998702,-0.018323397,-0.014735602,-0.011720598,-0.009072361,-0.006732394,-0.0045155794,-0.0025021648,-0.0004930848,0.0015486929,0.003635415,0.0056697284,0.008063889,0.010663888,0.013650791,0.01717247,0.02136734,0.028160477,0.040378902,-0.0004930848,2022-09-28,2022-09-27,0.0196969115668367,-0.020189996345845923,0.020189996345845923,0.00040763595244527174,0,1,0.04436604
r3_control,37,2,-0.045096066,-0.029866247,-0.022796033,-0.018236695,-0.014710317,-0.011775435,-0.009130751,-0.0068194307,-0.0045991642,-0.0025922416,-0.0005824256,0.0014629913,0.0035547446,0.0056328624,0.008095949,0.0107918335,0.013914277,0.01762475,0.021963324,0.029065955,0.041302055,-0.0005824256,2022-09-29,2022-09-27,-0.0292512173546546,0.02866879173238509,0.02866879173238509,0.0008218996193948716,1,0,0.044759355
r3_control,37,3,-0.046081595,-0.030465981,-0.02305511,-0.018277412,-0.014618027,-0.011548799,-0.0087934295,-0.006381256,-0.004103967,-0.0020246273,6.936663e-05,0.0021561983,0.004285219,0.006366953,0.0087954905,0.011452817,0.014459118,0.018001135,0.022120323,0.028984329,0.041181076,6.936663e-05,2022-09-30,2022-09-27,-0.0171020430867093,0.017171409716468616,0.017171409716468616,0.0002948573116508328,0,1,0.045175433
r3_control,37,4,-0.044783525,-0.029683298,-0.022605894,-0.01803856,-0.014458955,-0.011470788,-0.008762354,-0.006364325,-0.004064934,-0.001976312,0.0001112335,0.0021961827,0.0043131984,0.0064262864,0.008878991,0.0116007915,0.014735924,0.018395254,0.022709152,0.02989492,0.04231732,0.0001112335,2022-10-03,2022-09-27,0.0231892990037289,-0.023078065502499464,0.023078065502499464,0.0005325971073376558,1,0,0.045315046
r3_control,37,5,-0.045670748,-0.03013241,-0.0227549,-0.018114148,-0.01451351,-0.011508373,-0.008808434,-0.0063984073,-0.004072643,-0.001968997,0.00013056744,0.0022314882,0.004396542,0.006514994,0.009000073,0.011732895,0.014825579,0.018467376,0.02280376,0.029859377,0.042381648,0.00013056744,2022-10-04,2022-09-27,0.0309567400906944,-0.030826172652958082,0.030826172652958082,0.0009502529204299808,1,0,0.04555866
r3_control,38,1,-0.05075046,-0.03409973,-0.025865527,-0.02052367,-0.016410658,-0.012969597,-0.009983137,-0.0073539484,-0.0048655123,-0.0026229632,-0.00036764832,0.001929384,0.004275324,0.006586073,0.0092999805,0.012269203,0.015670378,0.019645583,0.024276016,0.031324223,0.042923063,-0.00036764832,2022-10-05,2022-10-04,-0.0005317811278832,0.0001641328104046028,0.0001641328104046028,2.6939579451313286e-08,1,1,0.050141543
r3_control,38,2,-0.05026681,-0.033442974,-0.025195459,-0.019842569,-0.015697572,-0.012293176,-0.009270567,-0.0066397125,-0.0041238056,-0.0018763345,0.00037591555,0.00266021,0.005002658,0.007334478,0.010077619,0.013075815,0.016521985,0.020530637,0.025077282,0.03212909,0.04344066,0.00037591555,2022-10-06,2022-10-04,-0.007904162983195,0.008280078534753137,0.008280078534753137,6.855970054167966e-05,0,1,0.05027274
r3_control,38,3,-0.050351374,-0.033521347,-0.025299357,-0.019991908,-0.015931852,-0.012532194,-0.009486386,-0.006816966,-0.004297133,-0.0019912005,0.00034058996,0.0026556428,0.0050306963,0.007391313,0.010153468,0.013181822,0.016617715,0.020607017,0.025136707,0.032186784,0.043687377,0.00034058996,2022-10-07,2022-10-04,-0.0388490812715104,0.03918967123394442,0.03918967123394442,0.001535830331424651,0,0,0.050436065
r3_control,38,4,-0.049044028,-0.032574955,-0.02453403,-0.019320447,-0.015266027,-0.011921794,-0.008903341,-0.0062574935,-0.0037305376,-0.001441353,0.0008437921,0.003113855,0.0054183076,0.007727766,0.010395817,0.013333362,0.01667622,0.02051178,0.024864411,0.031663764,0.04273237,0.0008437921,2022-10-10,2022-10-04,-0.0100465207347736,0.01089031284079852,0.01089031284079852,0.00011859891377046113,0,1,0.04939844
r3_control,38,5,-0.048354983,-0.03208893,-0.024055649,-0.01896944,-0.015021654,-0.0117488755,-0.008845891,-0.006266251,-0.003793196,-0.0015680409,0.00065274513,0.002865542,0.0051513654,0.0074039805,0.0100512495,0.012940544,0.016195115,0.019935464,0.02421794,0.030727604,0.041727573,0.00065274513,2022-10-11,2022-10-04,-0.0138332736073372,0.014486018740603053,0.014486018740603053,0.00020984473895310286,0,1,0.04827359
r3_control,39,1,-0.04994186,-0.033789195,-0.025702275,-0.020297095,-0.016107813,-0.012608242,-0.009537282,-0.006870799,-0.004373498,-0.0021165311,0.00011824364,0.002393442,0.004742904,0.0070603127,0.009813724,0.012831473,0.016349768,0.020510487,0.02547908,0.033468205,0.04813028,0.00011824364,2022-10-12,2022-10-11,-0.0003428078850866,0.0004610515240947421,0.0004610515240947421,2.1256850787008454e-07,0,1,0.051181354
r3_control,39,2,-0.04989037,-0.033839364,-0.02574946,-0.020301636,-0.01603418,-0.012506462,-0.0093553765,-0.006641583,-0.0040678633,-0.0017671809,0.0005015678,0.0028071122,0.005189499,0.007558879,0.010366733,0.013475025,0.017064886,0.021277819,0.026198592,0.034272227,0.048966106,0.0005015678,2022-10-13,2022-10-11,0.0231817686865472,-0.02268020089765943,0.02268020089765943,0.0005143915127581916,1,1,0.051948052
r3_control,39,3,-0.050073605,-0.033965804,-0.025828222,-0.020364279,-0.016145336,-0.0126253655,-0.009472683,-0.006742257,-0.0041812724,-0.0018434236,0.00048181694,0.0027935312,0.005181503,0.0075395056,0.010313741,0.013392248,0.016890544,0.021006262,0.025801953,0.03387093,0.048738286,0.00048181694,2022-10-14,2022-10-11,-0.0305185100923809,0.031000327032390494,0.031000327032390494,0.0009610202761151608,0,0,0.051630177
r3_control,39,4,-0.048985887,-0.03312908,-0.025282191,-0.020035855,-0.015873872,-0.012406072,-0.009287554,-0.006545779,-0.0039335536,-0.0015769538,0.00076173304,0.0030816663,0.0054589435,0.007818119,0.010572748,0.013629556,0.017147228,0.021219833,0.026030004,0.034076158,0.048735604,0.00076173304,2022-10-17,2022-10-11,0.0324879599623965,-0.03172622692125159,0.03172622692125159,0.0010065534746587492,1,0,0.051312193
r3_control,39,5,-0.049735498,-0.033580314,-0.025422703,-0.020102868,-0.015937053,-0.0124538755,-0.009327518,-0.0065714237,-0.003937857,-0.001589648,0.0007190895,0.003015746,0.0053966427,0.0077461535,0.010511567,0.0135856075,0.0170645,0.021129055,0.025936453,0.033790115,0.048528265,0.0007190895,2022-10-18,2022-10-11,0.007877070093203,-0.007157980566519909,0.007157980566519909,5.123668579067667e-05,1,1,0.051359154
r3_control,40,1,-0.050690856,-0.033386357,-0.024978234,-0.019551115,-0.015426623,-0.012004029,-0.009014021,-0.006366674,-0.0038667894,-0.0016189727,0.000600574,0.0028362486,0.0051686475,0.0074913474,0.010256689,0.0132855885,0.016800199,0.02093865,0.025899133,0.034029495,0.04958033,0.000600574,2022-10-19,2022-10-18,-0.0036537124957506,0.004254286509993339,0.004254286509993339,1.8098953709111303e-05,0,1,0.050877366
r3_control,40,2,-0.049494404,-0.032868337,-0.024834681,-0.019642817,-0.015630787,-0.012333485,-0.00939052,-0.006822606,-0.0043611275,-0.002169685,3.6145684e-06,0.0022158201,0.004527433,0.0068559214,0.009648441,0.012774857,0.016434709,0.020807266,0.025935557,0.03449461,0.050018404,3.6145684e-06,2022-10-20,2022-10-18,-0.005114854470836,0.005118469039249468,0.005118469039249468,2.6198725305755372e-05,0,1,0.050770238
r3_control,40,3,-0.050303232,-0.033376195,-0.025110668,-0.019743398,-0.015676824,-0.01230021,-0.009302058,-0.006701487,-0.0042609405,-0.0020333673,0.00018549901,0.002394107,0.0047040936,0.007028962,0.009796529,0.012891092,0.016433634,0.020606907,0.025471978,0.033600673,0.048478175,0.00018549901,2022-10-21,2022-10-18,0.0231771323007943,-0.02299163328937179,0.02299163328937179,0.0005286152013129491,1,1,0.050582647
r3_control,40,4,-0.049169034,-0.032548785,-0.024602586,-0.019420113,-0.015408493,-0.012087057,-0.009107069,-0.0064949035,-0.0040103975,-0.0017653545,0.00046606478,0.0026845196,0.0049783327,0.0072972085,0.010029327,0.013098358,0.01668101,0.020895991,0.025893759,0.034308508,0.049613714,0.00046606478,2022-10-24,2022-10-18,0.0109413627675272,-0.010475297984714008,0.010475297984714008,0.00010973186786855336,1,1,0.050496347
r3_control,40,5,-0.049802806,-0.032998953,-0.024753546,-0.019510437,-0.01548434,-0.01216305,-0.009203516,-0.006587464,-0.0040810984,-0.0018272877,0.00039487358,0.0026202674,0.004944592,0.0072580553,0.010000729,0.013059508,0.016586402,0.020764574,0.025771378,0.03409062,0.049532183,0.00039487358,2022-10-25,2022-10-18,0.0204747341485123,-0.02007986056552146,0.02007986056552146,0.00040320080033078384,1,1,0.050524924
r3_control,41,1,-0.050791413,-0.03259649,-0.024298828,-0.0190614,-0.015117374,-0.011882721,-0.009099452,-0.006649141,-0.004343464,-0.002267156,-0.00020057728,0.0018944738,0.0040354705,0.006128888,0.008594381,0.011274455,0.014337111,0.017939972,0.02221827,0.028873619,0.040497985,-0.00020057728,2022-10-26,2022-10-25,-0.0223440421710303,0.0221434648870537,0.0221434648870537,0.0004903330372041801,1,1,0.046517096
r3_control,41,2,-0.050568447,-0.031441905,-0.022769773,-0.017375926,-0.013324541,-0.010064099,-0.0072039855,-0.0047250516,-0.0023636625,-0.00026317657,0.0018401041,0.0039466014,0.0061111306,0.008251969,0.010754726,0.013461712,0.01652926,0.020073317,0.024124809,0.030528277,0.0415258,0.0018401041,2022-10-27,2022-10-25,-0.0183740417187532,0.020214145834880095,0.020214145834880095,0.0004086116918338003,0,1,0.04689458
r3_control,41,3,-0.05134816,-0.03272164,-0.02434658,-0.01905725,-0.015092327,-0.011837934,-0.008963684,-0.006453704,-0.0040940517,-0.0019526319,0.00019920312,0.0023342022,0.004545717,0.0067563234,0.009373173,0.0122744385,0.015579009,0.01946069,0.023955291,0.03093106,0.042575166,0.00019920312,2022-10-28,2022-10-25,0.0301420819730463,-0.029942878855528546,0.029942878855528546,0.0008965759941568585,1,0,0.048301872
r3_control,41,4,-0.049007554,-0.03155399,-0.023559919,-0.018414496,-0.01446706,-0.011254488,-0.0083679855,-0.005838438,-0.0034384707,-0.001273203,0.0008754873,0.0030000845,0.005167087,0.0073409444,0.009874037,0.012696711,0.01592677,0.019664342,0.02397644,0.030769223,0.0420576,0.0008754873,2022-10-31,2022-10-25,-0.0116960489044551,0.012571536187792961,0.012571536187792961,0.00015804352212098798,0,1,0.04753636
r3_control,41,5,-0.049269065,-0.031489715,-0.023098757,-0.017846435,-0.013872071,-0.010630764,-0.007776047,-0.005245393,-0.0028312192,-0.0006559834,0.0014973427,0.0036300193,0.0058096955,0.007945884,0.010444213,0.013185671,0.016266823,0.019805385,0.023893788,0.030188458,0.04110014,0.0014973427,2022-11-01,2022-10-25,-0.0102703591731032,0.011767701890005694,0.011767701890005694,0.0001384788077720436,0,1,0.046992548
r3_control,42,1,-0.047566257,-0.030830812,-0.022865834,-0.017742833,-0.013849219,-0.01063842,-0.007874381,-0.0054514273,-0.0031738044,-0.0011347074,0.00089810253,0.002963307,0.005097678,0.0072044795,0.009704078,0.012432245,0.01556275,0.019248132,0.023620699,0.030409984,0.042112548,0.00089810253,2022-11-02,2022-11-01,-0.0348785160885288,0.03577661861973839,0.03577661861973839,0.0012799664398622115,0,0,0.046486534
r3_control,42,2,-0.04876008,-0.03201932,-0.024007648,-0.018810522,-0.014797409,-0.011520435,-0.008617944,-0.0061058314,-0.0037113843,-0.0015886412,0.00051754684,0.0026528249,0.0048564314,0.0070560565,0.009654187,0.0125122825,0.015802292,0.019677956,0.024130993,0.031210948,0.043064967,0.00051754684,2022-11-03,2022-11-01,-0.0197278218585731,0.020245368698119513,0.020245368698119513,0.0004098749537227974,0,1,0.04813864
r3_control,42,3,-0.049540684,-0.032648634,-0.024486948,-0.019141484,-0.01508818,-0.011748893,-0.0087939175,-0.0062337387,-0.0038469092,-0.0016854047,0.00047500426,0.0026254475,0.004853968,0.007080977,0.00970306,0.012599562,0.015901465,0.019765379,0.02423612,0.031366166,0.04334114,0.00047500426,2022-11-04,2022-11-01,0.0159569279410219,-0.015481923683853278,0.015481923683853278,0.00023968996095265704,1,1,0.048723068
r3_control,42,4,-0.048951235,-0.032348376,-0.024312241,-0.019037293,-0.014987293,-0.011686985,-0.008743165,-0.0061745965,-0.0037427163,-0.001571029,0.0005872922,0.0027370884,0.0049506845,0.007201291,0.009829989,0.012767376,0.016144035,0.020058922,0.024579342,0.03180266,0.043703143,0.0005872922,2022-11-07,2022-11-01,0.0109346123015244,-0.010347320111348897,0.010347320111348897,0.00010706703348672535,1,1,0.04889158
r3_control,42,5,-0.049605217,-0.032864023,-0.024516623,-0.01916164,-0.015065646,-0.01172403,-0.008785167,-0.006193169,-0.0037223462,-0.001511792,0.00066455983,0.0028324956,0.0050875354,0.007310433,0.00992633,0.012810857,0.016071282,0.019834612,0.024240453,0.031130327,0.043153156,0.00066455983,2022-11-08,2022-11-01,0.0072605502087353,-0.006595990375495536,0.006595990375495536,4.350708903362974e-05,1,1,0.048757076
r3_control,43,1,-0.050056607,-0.03375354,-0.025885815,-0.020618066,-0.01651853,-0.013056617,-0.010005019,-0.0073376256,-0.0048247636,-0.0025455314,-0.00027355278,0.0020364514,0.004407441,0.0067298757,0.009462603,0.012426157,0.015823329,0.019788176,0.024432834,0.031467147,0.043790113,-0.00027355278,2022-11-09,2022-11-08,-0.023346595266923,0.023073042485486406,0.023073042485486406,0.0005323652895370607,1,1,0.05031865
r3_control,43,2,-0.049286686,-0.033325262,-0.025736883,-0.020661226,-0.016635891,-0.013267443,-0.010219143,-0.0075643254,-0.0050269384,-0.0027442677,-0.00047591332,0.0018325434,0.0042057466,0.0065821614,0.0093895,0.012474665,0.016031196,0.02020312,0.0249948,0.032391805,0.04477522,-0.00047591332,2022-11-10,2022-11-08,0.0711929997477418,-0.07166891306305474,0.07166891306305474,0.0051364330996396985,0,0,0.05073168
r3_control,43,3,-0.051364575,-0.034572918,-0.02642132,-0.020930989,-0.01669396,-0.013133,-0.00994509,-0.007173941,-0.004567735,-0.0021839458,0.00019078978,0.0025510439,0.004972838,0.007363493,0.01015428,0.013210419,0.016640663,0.020581655,0.02502566,0.031991713,0.044030007,0.00019078978,2022-11-11,2022-11-08,0.0182584576680964,-0.018067667885887078,0.018067667885887078,0.0003264406228347152,1,1,0.05144698
r3_control,43,4,-0.050071776,-0.033836324,-0.025924541,-0.020606395,-0.016425226,-0.012948845,-0.009818936,-0.0070548677,-0.004417483,-0.0020427704,0.00030762082,0.0026381714,0.00502579,0.007405696,0.010185531,0.013264804,0.016768448,0.020769255,0.025315462,0.03246173,0.04468191,0.00030762082,2022-11-14,2022-11-08,-0.0087896716733245,0.009097292496475,0.009097292496475,8.276073076642033e-05,0,1,0.051240005
r3_control,43,5,-0.05122539,-0.03466387,-0.026346121,-0.020904679,-0.016659405,-0.013129828,-0.009964633,-0.0071539497,-0.004452856,-0.0020373208,0.00033861166,0.002693554,0.005133125,0.007529352,0.010334623,0.013421641,0.016876327,0.020835454,0.02537416,0.03233052,0.044806004,0.00033861166,2022-11-15,2022-11-08,0.0137435381227701,-0.013404926464107542,0.013404926464107542,0.00017969205350813072,1,1,0.05172028
r3_control,44,1,-0.0572264,-0.038887814,-0.029930167,-0.02398045,-0.019280473,-0.015325433,-0.0118691735,-0.0088064475,-0.0058985017,-0.0033030035,-0.00069168734,0.0019680797,0.004709562,0.0074383416,0.010675806,0.014254013,0.018389674,0.023249792,0.028936021,0.037601024,0.051682513,-0.00069168734,2022-11-16,2022-11-15,-0.01374353812277,0.013051850783784498,0.013051850783784498,0.000170350808882176,1,1,0.058866188
r3_control,44,2,-0.056451477,-0.037896995,-0.028810954,-0.022721244,-0.01792378,-0.013972871,-0.010475351,-0.007433091,-0.0045272373,-0.0019453831,0.0006512223,0.0032790578,0.006003582,0.008715017,0.011922693,0.015468136,0.01960108,0.024425741,0.029954733,0.038573675,0.0525934,0.0006512223,2022-11-17,2022-11-15,-0.0022094332073834,0.002860655511824435,0.002860655511824435,8.18334995733152e-06,0,1,0.058765687
r3_control,44,3,-0.05661534,-0.03785696,-0.028517643,-0.022313025,-0.017530516,-0.01356026,-0.010039504,-0.0069759097,-0.0040990016,-0.0014797586,0.001172439,0.0038110705,0.0065278476,0.0092051895,0.012329162,0.015786769,0.019711593,0.024277251,0.02946677,0.037722275,0.051265754,0.001172439,2022-11-18,2022-11-15,3.4852794622352704e-05,0.0011375861677627057,0.0011375861677627057,1.294102289085039e-06,1,1,0.05798441
r3_control,44,4,-0.054493215,-0.036525805,-0.027768884,-0.021922251,-0.017299857,-0.013487061,-0.010059623,-0.007061431,-0.00420155,-0.0015955446,0.001011881,0.003601766,0.006256431,0.008937395,0.012044503,0.0154967895,0.019488743,0.02408731,0.029352993,0.037678756,0.051418103,0.001011881,2022-11-21,2022-11-15,-0.0103403721975027,0.011352253243499843,0.011352253243499843,0.0001288736537045527,0,1,0.057121877
r3_control,44,5,-0.054734886,-0.036844697,-0.027893413,-0.022066616,-0.01747366,-0.013668509,-0.010308987,-0.0073278975,-0.0044785105,-0.0019159091,0.00063548825,0.0031867996,0.00584134,0.008475787,0.011574263,0.014976982,0.018865827,0.023352263,0.028556768,0.036577962,0.050274637,0.00063548825,2022-11-22,2022-11-15,0.0143000820357924,-0.013664593785965224,0.013664593785965224,0.00018672112333543943,1,1,0.05645018
r3_control,45,1,-0.04823802,-0.032279283,-0.024720352,-0.019716673,-0.01582647,-0.012573216,-0.009773056,-0.0073082037,-0.0049807946,-0.002900675,-0.0008143122,0.0013134212,0.0035095776,0.005665397,0.00821305,0.01101834,0.014255803,0.018121088,0.022785021,0.030262798,0.043726094,-0.0008143122,2022-11-23,2022-11-22,0.0099868096569733,-0.010801121852844325,0.010801121852844325,0.00011666423327999122,0,1,0.04750537
r3_control,45,2,-0.048091274,-0.03177174,-0.024102068,-0.019016,-0.015037179,-0.01176036,-0.008855735,-0.00632638,-0.00391712,-0.0017771174,0.0003687964,0.002534959,0.0047722165,0.0069905594,0.009598888,0.01245172,0.015768558,0.019703452,0.024301317,0.031733107,0.04462141,0.0003687964,2022-11-25,2022-11-22,-0.0066002495634748,0.006969045968857254,0.006969045968857254,4.8567601716045545e-05,0,1,0.048403382
r3_control,45,3,-0.048537116,-0.031802904,-0.02370369,-0.018357033,-0.014285022,-0.0109371,-0.007986124,-0.005437359,-0.0030695992,-0.0009386066,0.001191176,0.003311723,0.005504518,0.0076670395,0.010198342,0.013002169,0.016210405,0.020004343,0.024476402,0.031728487,0.04448079,0.001191176,2022-11-28,2022-11-22,-0.0147820188776993,0.015973194886132403,0.015973194886132403,0.00025514295487036635,0,1,0.048180092
r3_control,45,4,-0.047998913,-0.031472508,-0.023555795,-0.018334199,-0.014309531,-0.011041107,-0.008123557,-0.0055876723,-0.0031856347,-0.0010284067,0.0011186807,0.0032630954,0.005471176,0.0077053355,0.010301053,0.013194962,0.016529365,0.02040407,0.024911055,0.03218805,0.044979792,0.0011186807,2022-11-29,2022-11-22,-0.0075982559608747,0.008716936655946517,0.008716936655946517,7.598498466378406e-05,0,1,0.04846685
r3_control,45,5,-0.04854126,-0.032108005,-0.024058225,-0.018841496,-0.014833252,-0.0115400795,-0.008633285,-0.006060348,-0.003603964,-0.0013932122,0.0007998065,0.0029901224,0.0052722283,0.0075271954,0.01019192,0.013134705,0.016500536,0.020435732,0.025097337,0.032472014,0.045819905,0.0007998065,2022-11-30,2022-11-22,0.0445771185399161,-0.04377731204239067,0.04377731204239067,0.0019164530496568433,1,0,0.049155563
r3_control,46,1,-0.047686,-0.030477963,-0.022570629,-0.01753766,-0.013683952,-0.010494689,-0.0077139023,-0.005251371,-0.0029131798,-0.0007849793,0.0013704844,0.0035800722,0.005836191,0.008055456,0.010668195,0.013518813,0.016799424,0.020677196,0.025350684,0.032897867,0.047916815,0.0013704844,2022-12-01,2022-11-30,0.0012265523393986,0.00014393201923247438,0.00014393201923247438,2.0716426160337376e-08,1,1,0.047921315
r3_control,46,2,-0.04961249,-0.031994116,-0.02388796,-0.018747516,-0.0147706475,-0.011511309,-0.008602797,-0.006071401,-0.0036261734,-0.001422744,0.0007949839,0.0030524498,0.0053489865,0.0076412666,0.010329465,0.013271502,0.016634323,0.020609083,0.025216274,0.03287538,0.0475368,0.0007949839,2022-12-02,2022-11-30,-0.0039914346199452,0.004786418496348621,0.004786418496348621,2.290980202218819e-05,0,1,0.049104236
r3_control,46,3,-0.049937148,-0.03262843,-0.024620676,-0.019462503,-0.015508831,-0.012217014,-0.009265904,-0.0066866977,-0.0042396877,-0.001990022,0.00029414776,0.00258266,0.004921581,0.007255666,0.009999047,0.013032427,0.01647627,0.020558733,0.02532329,0.033200327,0.048183046,0.00029414776,2022-12-05,2022-11-30,-0.016925727532847,0.017219875290660335,0.017219875290660335,0.00029652410502589434,0,1,0.04994397
r3_control,46,4,-0.048953824,-0.032227807,-0.024500933,-0.019436054,-0.015465615,-0.012176255,-0.009197676,-0.00657729,-0.0040605287,-0.0017694606,0.00053106935,0.002830712,0.0051609417,0.0074921087,0.010205091,0.0132237645,0.016694969,0.02076839,0.025574826,0.033539988,0.04868213,0.00053106935,2022-12-06,2022-11-30,-0.0209381938320678,0.021469263184359325,0.021469263184359325,0.0004609292616792867,0,1,0.05007576
r3_control,46,5,-0.04943612,-0.032563563,-0.024454165,-0.019270733,-0.015262451,-0.011954931,-0.009012118,-0.006406277,-0.0038853348,-0.0016053364,0.00069598376,0.0029961632,0.0053638294,0.0076840627,0.010394413,0.013368585,0.016727367,0.020656401,0.02527598,0.03279771,0.04775524,0.00069598376,2022-12-07,2022-11-30,-0.0040908468304449,0.0047868305932977475,0.0047868305932977475,2.2913747128931265e-05,0,1,0.049730144
r3_control,47,1,-0.04435459,-0.02833488,-0.020938009,-0.016172482,-0.012516708,-0.009470253,-0.006828282,-0.0044778283,-0.0022464758,-0.00023596034,0.0018006221,0.0038758647,0.006012575,0.008125575,0.0106410915,0.013402198,0.016613169,0.020435465,0.025071101,0.032688625,0.047074046,0.0018006221,2022-12-08,2022-12-07,0.0117650738885997,-0.009964451796039766,0.009964451796039766,9.929029959560013e-05,1,1,0.04600911
r3_control,47,2,-0.04714766,-0.030407581,-0.022680804,-0.017700002,-0.013852788,-0.010688924,-0.007875103,-0.0054096445,-0.0030391975,-0.00092077965,0.0012221445,0.0033846297,0.0056388457,0.007874781,0.010518837,0.013425645,0.016799247,0.020807406,0.025494102,0.03338875,0.047797203,0.0012221445,2022-12-09,2022-12-07,-0.0063970690060444,0.0076192134691439395,0.0076192134691439395,5.805241388838443e-05,0,1,0.048174907
r3_control,47,3,-0.0476936,-0.03125395,-0.023627054,-0.018658178,-0.014843577,-0.011647736,-0.008774913,-0.0062505915,-0.0038602408,-0.0016656652,0.00056844304,0.0027957843,0.0051159956,0.0074161887,0.010131803,0.013163355,0.016659636,0.020837288,0.025794117,0.034191176,0.04949021,0.00056844304,2022-12-12,2022-12-07,0.0124734717374951,-0.01190502870132256,0.01190502870132256,0.00014172970837931395,1,1,0.04942117
r3_control,47,4,-0.047233175,-0.031092366,-0.02362297,-0.018678017,-0.014806484,-0.011604856,-0.008714303,-0.006167704,-0.0037323916,-0.0015152079,0.0007254846,0.00296026,0.005258422,0.0075965095,0.010327206,0.013385512,0.016969586,0.021208545,0.026272122,0.03488043,0.05021183,0.0007254846,2022-12-13,2022-12-07,0.0106926936680402,-0.009967209040275527,0.009967209040275527,9.93452560525502e-05,1,1,0.049895093
r3_control,47,5,-0.048824817,-0.032146156,-0.02421155,-0.019142712,-0.015220221,-0.011961393,-0.009066643,-0.0064873234,-0.004005429,-0.0017494722,0.00049777067,0.0027619228,0.005109253,0.0074483925,0.010209329,0.013276922,0.01683347,0.0210574,0.02617845,0.03470867,0.050380312,0.00049777067,2022-12-14,2022-12-07,-0.0074416374260686,0.00793940809640434,0.00793940809640434,6.303420092125078e-05,0,1,0.050389998
r3_control,48,1,-0.043041505,-0.028344404,-0.02115803,-0.016510466,-0.012963448,-0.010025317,-0.007481946,-0.005246835,-0.0031429254,-0.0012512397,0.00061939715,0.0025177137,0.004485656,0.0064148814,0.008697969,0.011182168,0.0140524125,0.017460827,0.02157788,0.028389085,0.041538112,0.00061939715,2022-12-15,2022-12-14,-0.0341528970447647,0.034772294194185975,0.034772294194185975,0.0012091124435270196,0,0,0.042735912
r3_control,48,2,-0.044507086,-0.029570434,-0.022276072,-0.017540194,-0.013879138,-0.0108872205,-0.008230527,-0.0059336578,-0.003746552,-0.0018025175,0.00013328395,0.002088997,0.004112825,0.0061391615,0.008535361,0.011174097,0.01425218,0.017936738,0.022303956,0.029646363,0.043132894,0.00013328395,2022-12-16,2022-12-14,-0.0095800136513024,0.009713297596917803,0.009713297596917803,9.434815020628916e-05,0,1,0.044580027
r3_control,48,3,-0.046324864,-0.030651217,-0.022767082,-0.017610118,-0.013707861,-0.010507112,-0.0076963683,-0.0052745533,-0.0030235243,-0.0009891134,0.0010329477,0.0030440718,0.005127704,0.007187445,0.009601612,0.012285954,0.015366209,0.019027144,0.023376778,0.030741204,0.044434354,0.0010329477,2022-12-19,2022-12-14,-0.0141534173290955,0.015186365008145767,0.015186365008145767,0.0002306256821606342,0,1,0.04614386
r3_control,48,4,-0.04515806,-0.030240271,-0.022791179,-0.017857384,-0.014033386,-0.010907564,-0.0081075905,-0.005660864,-0.0033382962,-0.0012505142,0.0008288877,0.0028962241,0.005025969,0.007167981,0.00966929,0.012461083,0.01571394,0.019554771,0.024121678,0.031864204,0.045991667,0.0008288877,2022-12-20,2022-12-14,-0.0007788611213454,0.001607748806547462,0.001607748806547462,2.5848562249547887e-06,0,1,0.046912856
r3_control,48,5,-0.04618396,-0.030575234,-0.022673232,-0.017613726,-0.013751216,-0.010589094,-0.0077936146,-0.0053273393,-0.002967564,-0.00084792974,0.0012433502,0.0033285075,0.0054890644,0.0076198126,0.010136973,0.012942807,0.016161574,0.019977586,0.02458066,0.032224406,0.04644592,0.0012433502,2022-12-21,2022-12-14,0.0144018406264291,-0.013158490413966854,0.013158490413966854,0.00017314586997445758,1,1,0.04725389
r3_control,49,1,-0.03982161,-0.026102787,-0.019438546,-0.015076018,-0.011701985,-0.0089015635,-0.006458631,-0.0042922683,-0.0022459812,-0.00039967708,0.001433959,0.0033007052,0.005226564,0.007129124,0.009387968,0.011850192,0.014690628,0.018053334,0.022113042,0.028781453,0.04181194,0.001433959,2022-12-22,2022-12-21,-0.0247695090055399,0.02620346800348986,0.02620346800348986,0.0006866217354099168,0,0,0.04155159
r3_control,49,2,-0.041383527,-0.027523795,-0.020717623,-0.016260916,-0.012777549,-0.009911762,-0.0073477733,-0.005114085,-0.0029519028,-0.001019314,0.0009040345,0.0028564134,0.0048569953,0.006846684,0.009196183,0.011772567,0.014725124,0.018214554,0.022298021,0.029169751,0.042380396,0.0009040345,2022-12-23,2022-12-21,0.0022467920847749,-0.0013427576108416203,0.0013427576108416203,1.8029980014730963e-06,1,1,0.043015644
r3_control,49,3,-0.04139505,-0.027789252,-0.021039383,-0.016556486,-0.013092289,-0.010207221,-0.0076275542,-0.0053718607,-0.0032467567,-0.0013100269,0.0006273845,0.0025684247,0.004566246,0.006554642,0.0089005465,0.0114900945,0.014445686,0.017956391,0.02211406,0.029129976,0.042602472,0.0006273845,2022-12-27,2022-12-21,-0.0142390509831932,0.014866435504260343,0.014866435504260343,0.00022101090460233247,0,1,0.043153442
r3_control,49,4,-0.04078749,-0.027510336,-0.020920742,-0.016520323,-0.013076141,-0.010224926,-0.0076398994,-0.005375734,-0.0032127507,-0.0012608861,0.00069001666,0.0026426904,0.004641096,0.0066503715,0.008979416,0.011571577,0.014551485,0.01803945,0.022190345,0.029194506,0.042548694,0.00069001666,2022-12-28,2022-12-21,-0.0132907915406687,0.013980808203370665,0.013980808203370665,0.00019546299801943647,0,1,0.043111086
r3_control,49,5,-0.040977288,-0.027583018,-0.020791877,-0.016351542,-0.012910012,-0.010062626,-0.0075232256,-0.0052703572,-0.0031073333,-0.0011579454,0.0007870692,0.002729583,0.004748039,0.0067298487,0.0090603195,0.011632421,0.014558702,0.017996294,0.022136306,0.028976884,0.04228194,0.0007870692,2022-12-29,2022-12-21,0.0240827251932938,-0.023295655987167766,0.023295655987167766,0.0005426875878724654,1,0,0.04292818
