model,window,horizon,q0.01,q0.05,q0.1,q0.15,q0.2,q0.25,q0.3,q0.35,q0.4,q0.45,q0.5,q0.55,q0.6,q0.65,q0.7,q0.75,q0.8,q0.85,q0.9,q0.95,q0.99,prediction,date,forecast_origin,actual,error,abs_error,squared_error,correct_direction,interval_coverage,interval_width
r4_plus_uncertainty,0,1,-0.024004875,-0.013165293,-0.008408644,-0.005569622,-0.0034894333,-0.0018598809,-0.0004941748,0.000684711,0.001777705,0.0027357414,0.0036894418,0.004639518,0.0055813375,0.006495423,0.007591902,0.008775405,0.010159591,0.011850402,0.013976007,0.017716503,0.025782913,0.0036894418,2022-01-03,2021-12-31,0.0095804990329134,-0.005891057202993585,0.005891057202993585,3.4704554968942605e-05,1,1,0.022384651
r4_plus_uncertainty,0,2,-0.024400301,-0.0135328155,-0.008772718,-0.005900718,-0.003803406,-0.0021565054,-0.0007435895,0.00044205348,0.0015590104,0.0025301226,0.0035212263,0.004492005,0.0054814704,0.006442976,0.007571701,0.008813426,0.010232232,0.011972403,0.01408112,0.017845739,0.025861328,0.0035212263,2022-01-04,2021-12-31,-0.0130553983953836,0.016576624741876368,0.016576624741876368,0.00027478448783298774,0,0,0.022853836
r4_plus_uncertainty,0,3,-0.024686782,-0.013798314,-0.009123305,-0.0063252393,-0.004267678,-0.002617205,-0.0011943869,3.0600815e-05,0.0011584654,0.0021723313,0.0032108803,0.004231036,0.0052561993,0.0062457793,0.0073987264,0.008674329,0.010124781,0.01190755,0.014095549,0.017942812,0.026185103,0.0032108803,2022-01-05,2021-12-31,-0.0312028366890261,0.03441371701699589,0.03441371701699589,0.0011843039189258723,0,0,0.023218853
r4_plus_uncertainty,0,4,-0.025140185,-0.0140457,-0.009173283,-0.00622092,-0.0040639844,-0.0023813406,-0.0009047546,0.0003211844,0.0014507275,0.0024538958,0.003465754,0.004474431,0.005470322,0.00647286,0.007607919,0.008881638,0.010360414,0.012160191,0.014375661,0.018315945,0.026649306,0.003465754,2022-01-06,2021-12-31,-0.0007028603978874,0.004168614377868345,0.004168614377868345,1.737734583137069e-05,0,1,0.023548944
r4_plus_uncertainty,0,5,-0.025847156,-0.014546426,-0.009452078,-0.006394625,-0.004192758,-0.0024607107,-0.0010095529,0.00022979605,0.0013638771,0.0023895397,0.0034325747,0.0044855834,0.005541432,0.0065766335,0.007785592,0.009133006,0.010689866,0.012599006,0.014989392,0.019149384,0.02787529,0.0034325747,2022-01-07,2021-12-31,-0.0108917917743604,0.014324366456298095,0.014324366456298095,0.00020518747437431802,0,0,0.02444147
r4_plus_uncertainty,1,1,-0.035081767,-0.020170368,-0.013650666,-0.009674756,-0.0067392224,-0.0043991557,-0.0024260192,-0.0007068756,0.00088629406,0.0022745878,0.003636312,0.004990515,0.0063579967,0.007688415,0.009271839,0.010970792,0.012949504,0.015337754,0.018284013,0.023275387,0.033452645,0.003636312,2022-01-10,2022-01-07,0.0006578193180862,0.0029784926544275947,0.0029784926544275947,8.871418492479139e-06,1,1,0.03193468
r4_plus_uncertainty,1,2,-0.03946658,-0.024347924,-0.017799566,-0.013787449,-0.010799231,-0.008397739,-0.0062997267,-0.004497401,-0.0027894112,-0.0012987747,0.00018848357,0.0016599878,0.003156475,0.0046068574,0.0063107046,0.008159039,0.010287747,0.012843503,0.015913572,0.021206176,0.031495124,0.00018848357,2022-01-11,2022-01-07,0.0149103226575203,-0.0147218390919402,0.0147218390919402,0.00021673254624897867,1,1,0.03371314
r4_plus_uncertainty,1,3,-0.03734262,-0.022247365,-0.015713705,-0.011643937,-0.008566252,-0.006042055,-0.0038504745,-0.0019357731,-0.00017870264,0.0013837962,0.0029307052,0.004458313,0.0060169054,0.0075271996,0.0092818765,0.0112440195,0.013480625,0.016222754,0.019558195,0.02530529,0.036524825,0.0029307052,2022-01-12,2022-01-07,0.0039576826613383,-0.0010269774585948887,0.0010269774585948887,1.0546827004620164e-06,1,1,0.035271898
r4_plus_uncertainty,1,4,-0.042153165,-0.026780793,-0.020073649,-0.015851555,-0.0126719065,-0.010111289,-0.007819839,-0.0058421674,-0.0039698835,-0.002279449,-0.0005760564,0.0011090055,0.0027981834,0.0044568228,0.006325687,0.008361511,0.0106979115,0.013468504,0.016833559,0.022701668,0.033915758,-0.0005760564,2022-01-13,2022-01-07,-0.025334333807699,0.02475827738410196,0.02475827738410196,0.0006129722990281346,1,0,0.036907207
r4_plus_uncertainty,1,5,-0.042748872,-0.026991768,-0.01986314,-0.015451953,-0.012212585,-0.009601013,-0.0073351944,-0.005355554,-0.0035028472,-0.0018164413,-0.00014106184,0.0015435936,0.0032495663,0.004910903,0.006842627,0.008976191,0.011396047,0.014322976,0.01794192,0.02418542,0.036191642,-0.00014106184,2022-01-14,2022-01-07,0.006203104092486,-0.006344165934927559,0.006344165934927559,4.024844140989527e-05,0,1,0.037805058
r4_plus_uncertainty,2,1,-0.038349915,-0.023783222,-0.017900256,-0.014451822,-0.011950897,-0.009989509,-0.008353738,-0.0069158734,-0.0055812076,-0.004381791,-0.0031883265,-0.0019874105,-0.00077697006,0.00040038413,0.0017940769,0.0032968249,0.0049988255,0.0070450436,0.009532558,0.013649082,0.021805983,-0.0031883265,2022-01-18,2022-01-14,-0.0252092174878937,0.022020890998713374,0.022020890998713374,0.00048491964037721566,1,0,0.027432814
r4_plus_uncertainty,2,2,-0.035370816,-0.020921193,-0.014908692,-0.011330549,-0.008701552,-0.0066149984,-0.004802744,-0.003247133,-0.0017718431,-0.00045765622,0.000875727,0.0021980586,0.0035286068,0.0048200516,0.0063185315,0.007928091,0.00975954,0.011957303,0.014570845,0.018967807,0.027625794,0.000875727,2022-01-19,2022-01-14,-0.0110441809309993,0.011919907913484802,0.011919907913484802,0.0001420842046659576,0,1,0.029479537
r4_plus_uncertainty,2,3,-0.03623579,-0.020944914,-0.014640186,-0.0108608715,-0.008085167,-0.0058622016,-0.0039540217,-0.0022989812,-0.00077321264,0.0006040883,0.002011552,0.003411233,0.004817908,0.006185139,0.0077436953,0.009472473,0.011397773,0.013737196,0.016537188,0.021217752,0.030377598,0.002011552,2022-01-20,2022-01-14,-0.0130734207566903,0.015084972744070089,0.015084972744070089,0.00022755640268933746,0,1,0.031177374
r4_plus_uncertainty,2,4,-0.039770838,-0.023982067,-0.017320728,-0.013304491,-0.010375544,-0.008077217,-0.0060444777,-0.0043013054,-0.0026689384,-0.0011834141,0.00034009642,0.0018457928,0.0033311658,0.004791596,0.006414923,0.008192267,0.010192843,0.012561517,0.015414067,0.020191338,0.029401358,0.00034009642,2022-01-21,2022-01-14,-0.0281204604847812,0.02846055690445834,0.02846055690445834,0.0008100032993119113,0,0,0.032734796
r4_plus_uncertainty,2,5,-0.039768577,-0.024497468,-0.017923873,-0.013937565,-0.011026353,-0.008697236,-0.006683351,-0.004917993,-0.0032599568,-0.0017412046,-0.00019896217,0.001340151,0.0028750862,0.0043352526,0.0060345023,0.007879654,0.009971276,0.012489814,0.015574887,0.020651776,0.03029563,-0.00019896217,2022-01-24,2022-01-14,0.004567374731204,-0.004766336898109403,0.004766336898109403,2.2717967426279168e-05,0,1,0.03349876
r4_plus_uncertainty,3,1,-0.067776695,-0.042283833,-0.031772844,-0.025318097,-0.020510992,-0.016665114,-0.013423139,-0.010598318,-0.0080084475,-0.005700776,-0.0034263814,-0.0011650255,0.0010730233,0.0031945682,0.0056452528,0.008268031,0.011256476,0.01484942,0.019247472,0.026760178,0.042733964,-0.0034263814,2022-01-25,2022-01-24,-0.0234542649391225,0.020027883552306,0.020027883552306,0.0004011161195847292,1,1,0.051020317
r4_plus_uncertainty,3,2,-0.06605021,-0.039974734,-0.029291147,-0.02279551,-0.01796842,-0.014101065,-0.0107716,-0.007920785,-0.005289251,-0.0029641488,-0.00064358383,0.0016448678,0.0039340123,0.0061258934,0.008664077,0.011388174,0.014503493,0.018227147,0.022682287,0.030366693,0.046499193,-0.00064358383,2022-01-26,2022-01-24,-0.0015661684681545,0.0009225846386398176,0.0009225846386398176,8.511624154541629e-07,1,1,0.051973432
r4_plus_uncertainty,3,3,-0.06689179,-0.04037326,-0.029417222,-0.022725781,-0.017794278,-0.013837553,-0.0104552,-0.0075563337,-0.004908868,-0.0025555687,-0.00020279037,0.0020958167,0.004389816,0.006590471,0.009127642,0.011908652,0.015062509,0.018861677,0.023462335,0.031441774,0.048362125,-0.00020279037,2022-01-27,2022-01-24,-0.0101213095758751,0.00991851920752674,0.00991851920752674,9.837702327007686e-05,1,1,0.052879557
r4_plus_uncertainty,3,4,-0.06416828,-0.03878158,-0.028206455,-0.021690844,-0.016842578,-0.013020913,-0.009682613,-0.006823091,-0.004166212,-0.0017922436,0.0005763692,0.0029026102,0.0052212453,0.007458098,0.010020315,0.012828571,0.016007526,0.0197589,0.024265202,0.03210189,0.048529074,0.0005763692,2022-01-28,2022-01-24,0.0308870537331272,-0.030310684559768073,0.030310684559768073,0.0009187375984817627,1,0,0.052471656
r4_plus_uncertainty,3,5,-0.06379498,-0.038961057,-0.02816632,-0.021603668,-0.01682956,-0.013006674,-0.009713491,-0.006855628,-0.004193585,-0.0017941947,0.0006030628,0.002966002,0.005318019,0.007559729,0.01015952,0.012987291,0.0161482,0.019904107,0.024472082,0.032205872,0.04853436,0.0006030628,2022-01-31,2022-01-24,0.0314777100662097,-0.030874647267009288,0.030874647267009288,0.0009532438438622441,1,0,0.052638404
r4_plus_uncertainty,4,1,-0.065868996,-0.040772334,-0.02904653,-0.022204544,-0.017353285,-0.013537706,-0.010335623,-0.007564395,-0.005003951,-0.0027135552,-0.0004415344,0.0018209682,0.0041107545,0.006319255,0.008901523,0.011714419,0.014981154,0.018886035,0.023685293,0.03205947,0.049212534,-0.0004415344,2022-02-01,2022-01-31,0.0067803478947039,-0.00722188228118599,0.00722188228118599,5.215558368330816e-05,0,1,0.052731823
r4_plus_uncertainty,4,2,-0.06445667,-0.038114876,-0.025995634,-0.018959278,-0.014029961,-0.010214534,-0.0069838096,-0.004227667,-0.0016551935,0.00062473776,0.00291067,0.005205755,0.0075665535,0.009828293,0.012473912,0.015389976,0.018720435,0.022645136,0.02732696,0.03568572,0.052493673,0.00291067,2022-02-02,2022-01-31,0.008092541077422,-0.005181871184395647,0.005181871184395647,2.685178897166995e-05,1,1,0.053322595
r4_plus_uncertainty,4,3,-0.06483297,-0.040116582,-0.02839121,-0.021578478,-0.016761323,-0.012956484,-0.009727143,-0.0069851927,-0.004499771,-0.0023006161,-0.00010587735,0.0020576816,0.00427893,0.0064724186,0.009035401,0.0119066145,0.01519817,0.019153604,0.023917638,0.032257512,0.048669327,-0.00010587735,2022-02-03,2022-01-31,-0.0413885663331113,0.0412826889844238,0.0412826889844238,0.001704260409784666,1,0,0.05230885
r4_plus_uncertainty,4,4,-0.061156448,-0.038760006,-0.028372543,-0.02225591,-0.017751148,-0.014157089,-0.011001733,-0.008303545,-0.0058110952,-0.0036112994,-0.0014576754,0.0006685437,0.002789444,0.004858936,0.007249711,0.009927895,0.013038641,0.016748738,0.02139491,0.029778086,0.046357177,-0.0014576754,2022-02-04,2022-01-31,0.0125361740226399,-0.013993849382783084,0.013993849382783084,0.0001958278205480185,0,1,0.049767453
r4_plus_uncertainty,4,5,-0.061265565,-0.038038306,-0.027251422,-0.021048041,-0.01656751,-0.0130040925,-0.009947644,-0.007321724,-0.00490877,-0.0027386146,-0.0005779287,0.0015652798,0.0037254433,0.0058107805,0.008257013,0.010955981,0.014045026,0.017780477,0.022487922,0.030838415,0.047424056,-0.0005779287,2022-02-07,2022-01-31,-0.0080770417023321,0.007499113029321781,0.007499113029321781,5.62366962265437e-05,1,1,0.049739346
r4_plus_uncertainty,5,1,-0.040253825,-0.02276156,-0.015087682,-0.010577118,-0.0073415004,-0.0048022624,-0.002668407,-0.00079307513,0.0009567548,0.002503362,0.004043796,0.0055658566,0.0070618046,0.008493559,0.010169919,0.011955055,0.014011339,0.016488265,0.019538602,0.024662027,0.035597343,0.004043796,2022-02-08,2022-02-07,0.0111726842109193,-0.007128888111196914,0.007128888111196914,5.082104570196471e-05,1,1,0.034626283
r4_plus_uncertainty,5,2,-0.046300247,-0.02821044,-0.020382768,-0.0157732,-0.012475642,-0.009878041,-0.007633107,-0.0056990073,-0.0038712043,-0.002255872,-0.0006191609,0.0009840884,0.0025812674,0.004114919,0.005898758,0.007824728,0.010066671,0.0127549255,0.015989916,0.021466842,0.032443564,-0.0006191609,2022-02-09,2022-02-07,0.0209693453836038,-0.021588506268129425,0.021588506268129425,0.0004660636028890635,0,0,0.036372684
r4_plus_uncertainty,5,3,-0.043245215,-0.025532389,-0.017767988,-0.013143831,-0.009781289,-0.0070916526,-0.0047706626,-0.0027469266,-0.00087800034,0.00080308376,0.002511877,0.0041856654,0.005861971,0.007471306,0.009336606,0.011392844,0.013731986,0.016556611,0.019975478,0.02565501,0.03727356,0.002511877,2022-02-10,2022-02-07,-0.0228925506097751,0.025404427710689816,0.025404427710689816,0.0006453849473076646,0,0,0.037743464
r4_plus_uncertainty,5,4,-0.045482542,-0.026965747,-0.018705778,-0.013787054,-0.010285611,-0.0075666197,-0.005193357,-0.0031858827,-0.0013109322,0.0003800661,0.002103121,0.0038094134,0.0054995837,0.007153431,0.008996294,0.011004307,0.013298543,0.016019145,0.01929162,0.024872355,0.036383614,0.002103121,2022-02-11,2022-02-07,-0.0322357493363145,0.03433887035621434,0.03433887035621434,0.0011791580173408961,0,0,0.0379974
r4_plus_uncertainty,5,5,-0.044643912,-0.027034752,-0.019189693,-0.014504584,-0.011146271,-0.00845968,-0.0061506075,-0.0041313358,-0.0022372773,-0.0004973999,0.0012512637,0.0029869757,0.0046954216,0.0063310103,0.008208899,0.010261318,0.012583785,0.0153801665,0.018814284,0.024613999,0.03662353,0.0012512637,2022-02-14,2022-02-07,0.0012380247767051,1.323888367365405e-05,1.323888367365405e-05,1.752680409245438e-10,1,1,0.038003977
r4_plus_uncertainty,6,1,-0.053016752,-0.033326123,-0.023965472,-0.018375149,-0.01435973,-0.011176937,-0.008505693,-0.006172387,-0.0039891913,-0.002049349,-0.00011496822,0.0018265664,0.0037871092,0.0056821397,0.007903061,0.01030844,0.01306325,0.016374031,0.020433083,0.027334768,0.041208666,-0.00011496822,2022-02-15,2022-02-14,0.0245599899521424,-0.024674958173311366,0.024674958173311366,0.0006088535608546654,0,0,0.044398554
r4_plus_uncertainty,6,2,-0.053439535,-0.033014998,-0.02344522,-0.017694812,-0.013567431,-0.010319057,-0.007527422,-0.0051391725,-0.0028937533,-0.00091443054,0.001077408,0.0030483047,0.00505811,0.007007329,0.009270861,0.011722647,0.014540655,0.017904498,0.021915356,0.028789923,0.042299993,0.001077408,2022-02-16,2022-02-14,-0.0002526674133269,0.0013300753843514131,0.0013300753843514131,1.7691005280575594e-06,0,1,0.045360576
r4_plus_uncertainty,6,3,-0.053306386,-0.03291026,-0.023217427,-0.017358344,-0.0131402705,-0.009792363,-0.0069379867,-0.004500502,-0.0022660058,-0.00026874972,0.0017288764,0.003701697,0.005708105,0.0076613706,0.009920189,0.012430274,0.01528541,0.018737504,0.02288,0.029946275,0.043903545,0.0017288764,2022-02-17,2022-02-14,-0.030194941623389,0.031923818000844886,0.031923818000844886,0.001019130155751068,0,0,0.046097428
r4_plus_uncertainty,6,4,-0.051620767,-0.032252792,-0.0230614,-0.017467288,-0.013388868,-0.010180827,-0.0073601743,-0.004957812,-0.0027202952,-0.0007181373,0.0012813436,0.0032581014,0.0052513033,0.007229919,0.009482685,0.0119833555,0.01484844,0.01823941,0.022312881,0.029332286,0.04317437,0.0012813436,2022-02-18,2022-02-14,-0.0114711315554289,0.012752475188737906,0.012752475188737906,0.0001626256234393759,0,1,0.04537428
r4_plus_uncertainty,6,5,-0.05118933,-0.032023743,-0.022852931,-0.017332422,-0.0133588575,-0.010187631,-0.0074571306,-0.005101036,-0.002902577,-0.0009251709,0.001042412,0.0029897396,0.0049622604,0.006881055,0.009129863,0.011601913,0.014424089,0.017811792,0.021969276,0.02899213,0.04292969,0.001042412,2022-02-22,2022-02-14,-0.010094145990655,0.011136558002539152,0.011136558002539152,0.00012402292414391883,0,1,0.04482221
r4_plus_uncertainty,7,1,-0.0522585,-0.032201413,-0.023362126,-0.01796072,-0.0139380945,-0.010693681,-0.007922491,-0.0054823365,-0.0031980798,-0.001167181,0.0008579735,0.0028863838,0.0049143867,0.006875629,0.009176936,0.011648143,0.014492627,0.017895311,0.02204208,0.0290725,0.0430552,0.0008579735,2022-02-23,2022-02-22,-0.0259492929276828,0.026807266398966714,0.026807266398966714,0.0007186295317851698,0,0,0.045404207
r4_plus_uncertainty,7,2,-0.054341607,-0.033644762,-0.024471497,-0.018849077,-0.014654319,-0.011291033,-0.00836143,-0.0058367793,-0.0034513935,-0.0013477519,0.000774241,0.0028703022,0.0050041894,0.007066902,0.009463154,0.0120411,0.014992619,0.018499613,0.022645101,0.029854873,0.04409588,0.000774241,2022-02-24,2022-02-22,0.033051999638152,-0.032277758643791704,0.032277758643791704,0.00104185370306687,1,0,0.0471166
r4_plus_uncertainty,7,3,-0.056007285,-0.035153642,-0.025800176,-0.020008478,-0.01570875,-0.012231663,-0.009212372,-0.006608955,-0.004195914,-0.0020543942,0.00010439614,0.0022209203,0.0043708715,0.00645691,0.00888007,0.011541702,0.014580097,0.018255377,0.022698589,0.030429201,0.045602374,0.00010439614,2022-02-25,2022-02-22,0.0153883235681932,-0.015283927429852965,0.015283927429852965,0.00023359843768101186,1,1,0.048498765
r4_plus_uncertainty,7,4,-0.05574279,-0.03490484,-0.025551863,-0.019719787,-0.015372753,-0.011932213,-0.0088970745,-0.0063004103,-0.0038755387,-0.0017113638,0.00046099912,0.002607043,0.004756508,0.0068875416,0.0093108425,0.011979731,0.015031393,0.018643554,0.022997234,0.030666348,0.04556726,0.00046099912,2022-02-28,2022-02-22,0.0029744106212326,-0.0025134115056295553,0.0025134115056295553,6.317237396631028e-06,1,1,0.048549097
r4_plus_uncertainty,7,5,-0.056246378,-0.035467822,-0.025982125,-0.020150924,-0.015849395,-0.012391966,-0.009394103,-0.0067814444,-0.0043301857,-0.0021215877,7.338036e-05,0.0022516982,0.0044416413,0.0065702936,0.009047073,0.011763775,0.014874857,0.018614616,0.023245411,0.03120164,0.04660941,7.338036e-05,2022-03-01,2022-02-22,-0.0154299024779375,0.015503282838782976,0.015503282838782976,0.00024035177877930271,0,1,0.049227536
r4_plus_uncertainty,8,1,-0.054137107,-0.03435442,-0.025750393,-0.020346928,-0.016216364,-0.0128511805,-0.009956852,-0.007396294,-0.0049898326,-0.0028170194,-0.00063412404,0.0015715334,0.003789452,0.005902313,0.008358945,0.011002811,0.014021111,0.017620442,0.022044498,0.029591138,0.045295518,-0.00063412404,2022-03-02,2022-03-01,0.0166400342095711,-0.01727415824644945,0.01727415824644945,0.0002983965431233775,0,1,0.047794893
r4_plus_uncertainty,8,2,-0.055470414,-0.03543289,-0.026811054,-0.021357361,-0.017141096,-0.013703951,-0.010675722,-0.008051472,-0.005571913,-0.0033634827,-0.0011343753,0.0010843722,0.0033322554,0.0055094324,0.0080556655,0.01082497,0.014043653,0.017929949,0.022626894,0.030717887,0.046702005,-0.0011343753,2022-03-03,2022-03-01,-0.0143876768443993,0.013253301501300064,0.013253301501300064,0.00017565000068436255,1,1,0.049437948
r4_plus_uncertainty,8,3,-0.056176845,-0.035366558,-0.026162364,-0.020299181,-0.015823586,-0.012143441,-0.008944319,-0.0061730943,-0.0036100424,-0.0012932484,0.0010372227,0.0033465396,0.0056647486,0.007899926,0.010486946,0.013329753,0.016554711,0.020459844,0.025163038,0.03330787,0.04997471,0.0010372227,2022-03-04,2022-03-01,-0.0145980796411863,0.015635302323684694,0.015635302323684694,0.00024446267875301997,0,1,0.051325403
r4_plus_uncertainty,8,4,-0.056269467,-0.036108654,-0.027266234,-0.021591604,-0.017173773,-0.013580497,-0.010362547,-0.007561746,-0.004908508,-0.002506961,-8.158141e-05,0.002308628,0.0047012866,0.007036749,0.009694377,0.012630077,0.016007407,0.020021306,0.024854736,0.0332702,0.05028799,-8.158141e-05,2022-03-07,2022-03-01,-0.0375784439984414,0.037496862585626844,0.037496862585626844,0.0014060147037653823,1,0,0.05212097
r4_plus_uncertainty,8,5,-0.057508577,-0.036740474,-0.02736168,-0.021468624,-0.017003452,-0.01336919,-0.010197232,-0.0074235834,-0.0047935466,-0.002406966,-1.0980526e-05,0.0023695235,0.0047704913,0.007070986,0.009732506,0.012659245,0.015989335,0.019997098,0.024915725,0.033344243,0.05047409,-1.0980526e-05,2022-03-08,2022-03-01,-0.0046586883277138,0.00464770780172844,0.00464770780172844,2.1601187810247404e-05,1,1,0.052277405
r4_plus_uncertainty,9,1,-0.05626792,-0.034391746,-0.025462857,-0.020164905,-0.016273733,-0.013159165,-0.010481957,-0.0081063,-0.00586316,-0.0038124358,-0.001713407,0.00041006663,0.0025163551,0.004522568,0.006832372,0.0093070045,0.012092019,0.015429022,0.0195305,0.026529392,0.04150885,-0.001713407,2022-03-09,2022-03-08,0.0353652267066018,-0.037078633699678,0.037078633699678,0.0013748250770348972,0,0,0.044993356
r4_plus_uncertainty,9,2,-0.055765003,-0.033307545,-0.024070157,-0.018532176,-0.014440663,-0.011170269,-0.008305479,-0.00581064,-0.0034338937,-0.001286519,0.00091389054,0.003106234,0.0053082975,0.007430183,0.0098646125,0.012466661,0.015414631,0.018908227,0.023060713,0.030239597,0.04531897,0.00091389054,2022-03-10,2022-03-08,-0.011166915816589,0.012080806360914114,0.012080806360914114,0.0001459458823299029,0,1,0.047130868
r4_plus_uncertainty,9,3,-0.058385674,-0.03487598,-0.024943843,-0.018901676,-0.014437204,-0.010840416,-0.0077220174,-0.0050214143,-0.0024938607,-0.00020368368,0.0021338616,0.004447756,0.006747948,0.008950543,0.011465094,0.014229421,0.017309818,0.021028286,0.025511099,0.033313915,0.049690064,0.0021338616,2022-03-11,2022-03-08,-0.0209563905905951,0.023090252240376564,0.023090252240376564,0.000533159748524215,0,1,0.050454944
r4_plus_uncertainty,9,4,-0.061136324,-0.037571043,-0.027669808,-0.02159225,-0.01705557,-0.013443822,-0.010228766,-0.0074346503,-0.0047746035,-0.0023353023,0.00016792922,0.0026320603,0.005067146,0.0074473293,0.010115855,0.013045557,0.016359014,0.020294016,0.024993487,0.033073746,0.04983965,0.00016792922,2022-03-14,2022-03-08,-0.0193916690459875,0.019559598264138174,0.019559598264138174,0.0003825778842544771,0,1,0.052663296
r4_plus_uncertainty,9,5,-0.06442568,-0.04012472,-0.029751806,-0.023449654,-0.01880984,-0.015082022,-0.011836224,-0.008985456,-0.006275164,-0.0037949842,-0.0012778118,0.0012230793,0.0037108385,0.0060873376,0.008820199,0.011786129,0.015137028,0.019157503,0.024031982,0.03227534,0.049367517,-0.0012778118,2022-03-15,2022-03-08,0.0308850300436893,-0.03216284186896472,0.03216284186896472,0.0010344483970880299,0,0,0.05378379
r4_plus_uncertainty,10,1,-0.07004918,-0.044441223,-0.03392473,-0.02742327,-0.022537624,-0.018624192,-0.015313845,-0.012426851,-0.009757025,-0.007369606,-0.0050088726,-0.0026681456,-0.00034311868,0.001894778,0.004482851,0.0072805407,0.010465965,0.01431766,0.019078797,0.027330903,0.044623956,-0.0050088726,2022-03-16,2022-03-15,0.0364155276585081,-0.04142440025691775,0.04142440025691775,0.0017159809366453275,0,0,0.053003527
r4_plus_uncertainty,10,2,-0.06468978,-0.039056025,-0.028509418,-0.022137603,-0.017383298,-0.0135858655,-0.010301185,-0.0074775983,-0.0048106946,-0.0024480028,-6.51913e-05,0.002299444,0.00466984,0.006977044,0.009625407,0.012472611,0.015717883,0.019582206,0.024186768,0.03227511,0.04911493,-6.51913e-05,2022-03-17,2022-03-15,0.0120335691986929,-0.012098760498347443,0.012098760498347443,0.00014638000559637248,0,1,0.052696183
r4_plus_uncertainty,10,3,-0.06719048,-0.04146474,-0.030864919,-0.024357483,-0.019525891,-0.015634162,-0.012275719,-0.009384258,-0.0067014853,-0.004301592,-0.001886948,0.00048646014,0.0028564143,0.0051686093,0.0078308135,0.010742814,0.014054957,0.018074345,0.022935275,0.03138878,0.04894431,-0.001886948,2022-03-18,2022-03-15,0.0202613302371757,-0.022148278248991248,0.022148278248991248,0.0004905462293947388,0,1,0.053800195
r4_plus_uncertainty,10,4,-0.06508775,-0.04046991,-0.030290483,-0.023929302,-0.01909689,-0.015224416,-0.011794222,-0.008823701,-0.006029791,-0.0035150016,-0.0009999992,0.0014699525,0.0039149206,0.006306025,0.009008296,0.011987616,0.015369837,0.01939469,0.024244625,0.03272246,0.050217383,-0.0009999992,2022-03-21,2022-03-15,-0.0027839361311749,0.0017839368985847013,0.0017839368985847013,3.182430858132003e-06,1,1,0.054535106
r4_plus_uncertainty,10,5,-0.06649108,-0.040989712,-0.030073097,-0.023466205,-0.018585032,-0.014676152,-0.011298561,-0.008363503,-0.0056002717,-0.003112477,-0.0006127468,0.0018591959,0.004316328,0.0066825636,0.009413081,0.012383107,0.01573451,0.019759336,0.024661692,0.03309276,0.050668105,-0.0006127468,2022-03-22,2022-03-15,0.019461915476223,-0.020074662283969587,0.020074662283969587,0.00040299206581543103,0,1,0.05473479
r4_plus_uncertainty,11,1,-0.051102377,-0.031101488,-0.022453483,-0.017282294,-0.013476605,-0.010445287,-0.007869242,-0.005608246,-0.0035034525,-0.0016134036,0.00027334527,0.0021810648,0.0040704515,0.0058667166,0.007944901,0.010170955,0.012685758,0.015681917,0.019356627,0.025585234,0.039300393,0.00027334527,2022-03-23,2022-03-22,-0.0144757396102443,0.014749084881369735,0.014749084881369735,0.0002175355048378493,0,1,0.04181011
r4_plus_uncertainty,11,2,-0.05227461,-0.031889595,-0.02298904,-0.017651923,-0.013709435,-0.0105721345,-0.007867804,-0.005564767,-0.0034026746,-0.0015081734,0.00040670775,0.0023046578,0.0042058104,0.006048206,0.008174001,0.010461703,0.013089312,0.0162361,0.020010646,0.02652623,0.04032603,0.00040670775,2022-03-24,2022-03-22,0.0219833536104707,-0.021576645857043372,0.021576645857043372,0.0004655516464402669,1,0,0.042999685
r4_plus_uncertainty,11,3,-0.05396237,-0.033001147,-0.02367243,-0.01797364,-0.013795538,-0.01045214,-0.0075830333,-0.0051295417,-0.002865478,-0.00085006596,0.0011803391,0.0031717392,0.0051562884,0.007071114,0.009262228,0.011652112,0.014334117,0.017556263,0.021428222,0.028027691,0.04246776,0.0011803391,2022-03-25,2022-03-22,-0.0008345014294954,0.0020148405684502777,0.0020148405684502777,4.059582516273038e-06,0,1,0.04510065
r4_plus_uncertainty,11,4,-0.053429417,-0.032878358,-0.02354504,-0.017787712,-0.013567593,-0.010246015,-0.0073401136,-0.0048740166,-0.002579907,-0.00053479185,0.0015218399,0.0035464917,0.0055484464,0.0075121196,0.009722307,0.0121534,0.014907487,0.018165417,0.022063287,0.02872399,0.043125454,0.0015218399,2022-03-28,2022-03-22,0.0153537540475098,-0.013831914170850586,0.013831914170850586,0.00019132184962977725,1,1,0.045608327
r4_plus_uncertainty,11,5,-0.053546485,-0.03316877,-0.023772173,-0.018018829,-0.013808676,-0.010451364,-0.007552703,-0.005057974,-0.0027279942,-0.00063112064,0.0014723559,0.003543076,0.0055929315,0.0075522503,0.009798464,0.012242747,0.014995329,0.018273147,0.022242218,0.02893957,0.043445166,0.0014723559,2022-03-29,2022-03-22,0.017063695712674,-0.01559133979837183,0.01559133979837183,0.00024308987670829333,1,1,0.04601439
r4_plus_uncertainty,12,1,-0.046426274,-0.027054405,-0.018955003,-0.014190004,-0.010751383,-0.008042137,-0.005764141,-0.0037630908,-0.0018821141,-0.00019280717,0.001515862,0.0032583163,0.0050016046,0.006682639,0.008643014,0.01076055,0.013181841,0.016099371,0.019730164,0.026094848,0.040562496,0.001515862,2022-03-30,2022-03-29,-0.0111071865142472,0.012623048464130602,0.012623048464130602,0.00015934135252778994,0,1,0.038685165
r4_plus_uncertainty,12,2,-0.048508722,-0.028583912,-0.020271782,-0.015333955,-0.011770744,-0.008972063,-0.006576767,-0.0045283698,-0.002595448,-0.0008946847,0.0008322979,0.0025530457,0.0042948183,0.0059915003,0.007967258,0.0101301,0.0126436455,0.01570424,0.019450821,0.02615095,0.04076918,0.0008322979,2022-03-31,2022-03-29,-0.0124721268464269,0.0133044247438589,0.0133044247438589,0.00017700771776500495,0,1,0.039722603
r4_plus_uncertainty,12,3,-0.049318813,-0.028983941,-0.020362716,-0.015168085,-0.011430893,-0.008474252,-0.0059528314,-0.00379541,-0.0018021934,-1.45172235e-05,0.001803813,0.003604413,0.00541966,0.007194854,0.009252446,0.011530503,0.014122724,0.017288085,0.021157002,0.027986143,0.04328211,0.001803813,2022-04-01,2022-03-29,-0.0019052885181458,0.00370910155467701,0.00370910155467701,1.3757434342907412e-05,0,1,0.041519716
r4_plus_uncertainty,12,4,-0.04985353,-0.029806877,-0.021146173,-0.01588233,-0.012066596,-0.009099928,-0.0065086074,-0.004307281,-0.002235881,-0.0003776009,0.0015134069,0.003380482,0.005258784,0.007126769,0.009252434,0.011628943,0.014373525,0.017691579,0.021747626,0.028944623,0.04483988,0.0015134069,2022-04-04,2022-03-29,0.0203797662079486,-0.018866359340787207,0.018866359340787207,0.0003559395147757087,1,1,0.042893797
r4_plus_uncertainty,12,5,-0.050721973,-0.030471267,-0.02158986,-0.016200693,-0.012325427,-0.009271401,-0.0066608023,-0.0044142725,-0.00229831,-0.00038332725,0.0015561513,0.0034876084,0.0054167323,0.007291461,0.009459905,0.011856579,0.014605966,0.01795082,0.022119634,0.029500566,0.045986466,0.0015561513,2022-04-05,2022-03-29,-0.0224545784828456,0.024010729796552832,0.024010729796552832,0.00057651514536307,0,0,0.043709494
r4_plus_uncertainty,13,1,-0.044318672,-0.024837997,-0.016418595,-0.011286451,-0.0075406614,-0.0045376965,-0.0019580063,0.0003134053,0.0024488445,0.004387048,0.006328317,0.008281268,0.010294905,0.0123260375,0.014773849,0.017469965,0.0207069,0.024641493,0.0295621,0.037926044,0.054954126,0.006328317,2022-04-06,2022-04-05,-0.0219503373088931,0.02827865417996992,0.02827865417996992,0.0007996822822303303,0,0,0.045980696
r4_plus_uncertainty,13,2,-0.050329503,-0.03168684,-0.023474831,-0.018272333,-0.014322188,-0.011116866,-0.008287802,-0.0058456543,-0.0035333764,-0.0014841505,0.00054148777,0.002569116,0.004647428,0.0067104646,0.0091419155,0.011843931,0.015034592,0.018893566,0.023558239,0.031801373,0.048100267,0.00054148777,2022-04-07,2022-04-05,0.0023749660851711,-0.0018334783182756566,0.0018334783182756566,3.36164274358693e-06,1,1,0.04703307
r4_plus_uncertainty,13,3,-0.04887548,-0.029923195,-0.021397224,-0.01598391,-0.011931241,-0.008649413,-0.005791163,-0.0033230386,-0.0010310551,0.0010532684,0.003129452,0.0052030245,0.0073442175,0.009471633,0.011957986,0.014758259,0.017993411,0.021874396,0.026537593,0.034913644,0.051644195,0.003129452,2022-04-08,2022-04-05,-0.0140778363275973,0.017207288328900734,0.017207288328900734,0.0002960907716339234,0,1,0.047934815
r4_plus_uncertainty,13,4,-0.04946746,-0.03060723,-0.022209454,-0.01688681,-0.012858443,-0.009629706,-0.006790533,-0.0043477328,-0.002040653,4.3487176e-05,0.0021348477,0.0042355373,0.006410853,0.008596494,0.011137549,0.013973951,0.017305322,0.021264674,0.026059635,0.03470598,0.052073322,0.0021348477,2022-04-11,2022-04-05,-0.023941708974103,0.02607655666166034,0.02607655666166034,0.0006799868073287822,0,0,0.04826909
r4_plus_uncertainty,13,5,-0.052685868,-0.03310244,-0.02436528,-0.01890522,-0.014800083,-0.011487395,-0.008594831,-0.006090049,-0.0037228758,-0.0016134481,0.00047190947,0.002551914,0.004697133,0.006823284,0.00931978,0.012100412,0.015317971,0.019191312,0.024040366,0.032686036,0.050543226,0.00047190947,2022-04-12,2022-04-05,-0.0042332292743817,0.004705138746634874,0.004705138746634874,2.2138330625084792e-05,0,1,0.048405647
r4_plus_uncertainty,14,1,-0.054670576,-0.035345532,-0.026914379,-0.021508874,-0.01731034,-0.013858369,-0.010880219,-0.008312719,-0.0059302365,-0.0037979167,-0.0016868927,0.00042687648,0.002580743,0.0046961475,0.007195816,0.009937398,0.013137534,0.017022485,0.021853378,0.030321773,0.047977637,-0.0016868927,2022-04-13,2022-04-12,0.0201231065568479,-0.02180999926188609,0.02180999926188609,0.0004756760678034718,0,1,0.048767757
r4_plus_uncertainty,14,2,-0.05551693,-0.035251733,-0.026419163,-0.020781234,-0.016414233,-0.012849137,-0.009717567,-0.007025235,-0.0045016347,-0.002262379,-4.192011e-05,0.0021815575,0.0044692555,0.0067415284,0.009438476,0.012429548,0.015929254,0.020160083,0.025298223,0.034359764,0.052548975,-4.192011e-05,2022-04-14,2022-04-12,-0.0231326160090297,0.023090695899377716,0.023090695899377716,0.0005331802371175389,1,1,0.051717386
r4_plus_uncertainty,14,3,-0.05659902,-0.036332317,-0.027593754,-0.02197952,-0.017681804,-0.0141045675,-0.010927983,-0.008173002,-0.0055941567,-0.0032556932,-0.00091459067,0.0014033765,0.0037875914,0.0061649433,0.009001637,0.012204722,0.015916515,0.020475866,0.026016273,0.03575795,0.054801185,-0.00091459067,2022-04-18,2022-04-12,0.0007681209825738,-0.0016827116486443803,0.0016827116486443803,2.8315184924834886e-06,0,1,0.053610027
r4_plus_uncertainty,14,4,-0.057179477,-0.036177322,-0.027028726,-0.021156812,-0.016580233,-0.0128760245,-0.00959699,-0.0067459443,-0.0040532816,-0.001613854,0.0008438907,0.0032552062,0.005721944,0.008172061,0.0110305585,0.014244411,0.018000485,0.022522632,0.028036121,0.037756756,0.057149656,0.0008438907,2022-04-19,2022-04-12,0.022104560455581,-0.02126066974577849,0.02126066974577849,0.0004520160780390608,1,1,0.05506485
r4_plus_uncertainty,14,5,-0.05851901,-0.037597958,-0.028250622,-0.022373255,-0.017843064,-0.014127992,-0.010831969,-0.007952662,-0.005214374,-0.002769019,-0.00032702205,0.0021078666,0.004620787,0.00710091,0.010042055,0.013351448,0.017238837,0.022010058,0.02787126,0.03794903,0.057875767,-0.00032702205,2022-04-20,2022-04-12,-0.0146917761904439,0.014364754142730501,0.014364754142730501,0.00020634616158109312,1,1,0.056121882
r4_plus_uncertainty,15,1,-0.04784405,-0.031146178,-0.02388298,-0.01918756,-0.015545241,-0.0125577785,-0.009967761,-0.007702113,-0.005580606,-0.0036506567,-0.0017160629,0.00023134978,0.0021969704,0.0041206954,0.006372692,0.008822752,0.011664772,0.015113698,0.019388426,0.02682148,0.041139428,-0.0017160629,2022-04-21,2022-04-20,-0.0209082018885904,0.019192138996362035,0.019192138996362035,0.0003683381992556804,1,1,0.043271407
r4_plus_uncertainty,15,2,-0.048037525,-0.030717226,-0.023094812,-0.018215647,-0.014415946,-0.011321021,-0.008582691,-0.0062191337,-0.003975439,-0.0019679838,5.1964307e-05,0.002064561,0.0041095912,0.0061149606,0.008446595,0.011000618,0.013949087,0.017478531,0.021709409,0.029126775,0.04303072,5.1964307e-05,2022-04-22,2022-04-20,-0.0265348192566392,0.02658678356384309,0.02658678356384309,0.0007068570602706371,0,0,0.044804223
r4_plus_uncertainty,15,3,-0.04831468,-0.030707369,-0.022901429,-0.01790767,-0.014094891,-0.010965388,-0.008217634,-0.0058378074,-0.0036069166,-0.0015836621,0.00046012277,0.0024841349,0.004534317,0.0065441336,0.008881525,0.011465891,0.014404002,0.017954707,0.022196623,0.029583413,0.043471593,0.00046012277,2022-04-25,2022-04-20,0.0127639968222687,-0.012303874052104539,0.012303874052104539,0.00015138531669005135,1,1,0.04509805
r4_plus_uncertainty,15,4,-0.046950568,-0.030478666,-0.023271356,-0.018596293,-0.014903096,-0.01189393,-0.009205308,-0.0068534054,-0.004617585,-0.00260411,-0.00057498587,0.0014371157,0.0034795802,0.0055065434,0.007860086,0.010493327,0.013572305,0.017291438,0.021816647,0.02975885,0.044154193,-0.00057498587,2022-04-26,2022-04-20,-0.0384756980222903,0.03790071215399278,0.03790071215399278,0.001436463981779816,1,0,0.045088
r4_plus_uncertainty,15,5,-0.04837097,-0.030934656,-0.023174124,-0.01829394,-0.014515715,-0.011438854,-0.008719693,-0.0063358378,-0.004059734,-0.0020032944,6.615545e-05,0.0021357546,0.004236535,0.0062983986,0.008703035,0.011359271,0.014415977,0.018108469,0.022642363,0.030440444,0.044930477,6.615545e-05,2022-04-27,2022-04-20,-0.0011989073270559,0.0012650627784058142,0.0012650627784058142,1.6003838333078381e-06,0,1,0.04581649
r4_plus_uncertainty,16,1,-0.055815425,-0.036507964,-0.028082406,-0.022661965,-0.018434733,-0.014959817,-0.011950398,-0.009304764,-0.0068385536,-0.0046012877,-0.0023531704,-0.000104094564,0.0021080687,0.0042322148,0.0066799475,0.009329004,0.012340912,0.015946476,0.020312473,0.027503503,0.041934583,-0.0023531704,2022-04-28,2022-04-27,0.0348995485379667,-0.037252718958941194,0.037252718958941194,0.0013877650698338568,0,0,0.04839488
r4_plus_uncertainty,16,2,-0.052527413,-0.03306801,-0.024516359,-0.019066641,-0.014884074,-0.01150339,-0.008552944,-0.00602007,-0.0036182876,-0.0014613701,0.0007276822,0.0029186306,0.0051243408,0.0072681857,0.009750583,0.012446188,0.015513799,0.019141095,0.023370286,0.030520637,0.04487316,0.0007276822,2022-04-29,2022-04-27,-0.0460422141188318,0.046769896318626596,0.046769896318626596,0.0021874232016550815,0,0,0.047886647
r4_plus_uncertainty,16,3,-0.05344828,-0.034785535,-0.026667643,-0.021425802,-0.017385688,-0.01404949,-0.01110069,-0.008526862,-0.006126213,-0.0039478233,-0.001727199,0.00048523323,0.002695243,0.004879917,0.007421418,0.010226902,0.01342992,0.017289894,0.021826511,0.02937336,0.043760754,-0.001727199,2022-05-02,2022-04-27,0.0165576520771035,-0.018284851026187186,0.018284851026187186,0.0003343357770498586,0,1,0.048494153
r4_plus_uncertainty,16,4,-0.052316897,-0.034335304,-0.026550505,-0.021516727,-0.017515564,-0.014253202,-0.011340606,-0.0087959375,-0.0063931933,-0.004228793,-0.0020407294,0.00012552488,0.0022973013,0.004432403,0.006889864,0.009642585,0.01281527,0.016620908,0.021178277,0.028881121,0.043506593,-0.0020407294,2022-05-03,2022-04-27,0.0010673408461978,-0.003108070238517718,0.003108070238517718,9.660100607559583e-06,0,1,0.047728784
r4_plus_uncertainty,16,5,-0.052795608,-0.034575798,-0.026330711,-0.021114018,-0.017030062,-0.013684027,-0.010742751,-0.00816216,-0.0057121217,-0.0035100866,-0.0012655102,0.000950673,0.0031800917,0.0053253546,0.007802197,0.01048366,0.013511525,0.017108804,0.021391856,0.028543403,0.04297569,-0.0012655102,2022-05-04,2022-04-27,0.0332532136118259,-0.03451872383004387,0.03451872383004387,0.0011915422948548383,0,0,0.047722567
r4_plus_uncertainty,17,1,-0.060421757,-0.041884404,-0.033190876,-0.027280191,-0.022534745,-0.018532725,-0.015081674,-0.012074083,-0.009270556,-0.006759555,-0.0042669484,-0.001767846,0.0007245544,0.0031117597,0.0058684913,0.008913524,0.012486074,0.01682501,0.022177747,0.030908072,0.046237573,-0.0042669484,2022-05-05,2022-05-04,-0.0516768017465041,0.04740985330732325,0.04740985330732325,0.0022476941906219095,1,0,0.055368625
r4_plus_uncertainty,17,2,-0.05626003,-0.03641504,-0.027144311,-0.02107765,-0.01633564,-0.012461482,-0.009058937,-0.006121902,-0.0033163712,-0.0008089184,0.0017261585,0.004328586,0.0070058606,0.009649299,0.012758184,0.016220106,0.020274403,0.025022388,0.030464288,0.039132036,0.0535479,0.0017261585,2022-05-06,2022-05-04,-0.0120534619323773,0.013779620477729819,0.013779620477729819,0.00018987794051027095,0,1,0.057608597
r4_plus_uncertainty,17,3,-0.056562223,-0.037015855,-0.02787665,-0.021830738,-0.017146666,-0.013271432,-0.009844024,-0.0068658083,-0.004060097,-0.0014934316,0.0011133738,0.0037261655,0.0063984864,0.009014638,0.0120646935,0.015457889,0.019346733,0.023922672,0.02910908,0.037423253,0.051321436,0.0011133738,2022-05-09,2022-05-04,-0.0399126968947698,0.04102607068098081,0.04102607068098081,0.0016831384755208333,0,0,0.05698573
r4_plus_uncertainty,17,4,-0.054187823,-0.03612353,-0.027741903,-0.02208539,-0.017563457,-0.013828771,-0.010466201,-0.0075179427,-0.004706674,-0.0021553393,0.00039525476,0.0029540486,0.005573264,0.008190313,0.01124775,0.014704222,0.018739076,0.02351248,0.02904328,0.037804406,0.052141692,0.00039525476,2022-05-10,2022-05-04,0.0120755508832789,-0.011680296127420569,0.011680296127420569,0.00013642931762423594,1,1,0.05678518
r4_plus_uncertainty,17,5,-0.05560161,-0.036957372,-0.028028345,-0.022241216,-0.017683072,-0.013938146,-0.010622529,-0.0076955506,-0.0048936033,-0.002372188,0.0001609805,0.0027232305,0.0053742956,0.0079690665,0.011014305,0.014370296,0.018222176,0.022751069,0.02799592,0.036135588,0.050280906,0.0001609805,2022-05-11,2022-05-04,-0.0301067266960786,0.03026770720008475,0.03026770720008475,0.0009161340991500622,0,0,0.056024265
r4_plus_uncertainty,18,1,-0.05907522,-0.040261973,-0.031025814,-0.024856107,-0.019935355,-0.015833898,-0.01229622,-0.009194889,-0.0062882705,-0.0036609825,-0.0009858719,0.0017074922,0.004396255,0.0069395527,0.009873436,0.013081816,0.0167987,0.021219444,0.026457623,0.034540832,0.04849186,-0.0009858719,2022-05-12,2022-05-11,-0.0023671875989613,0.0013813157149207655,0.0013813157149207655,1.9080331042870654e-06,1,1,0.057483435
r4_plus_uncertainty,18,2,-0.059771467,-0.04139256,-0.032412075,-0.026239019,-0.021182464,-0.01694297,-0.013157012,-0.00988169,-0.0067741326,-0.004029788,-0.0012656846,0.0015330582,0.004332484,0.007033339,0.010168859,0.0136452,0.017753126,0.022609815,0.028141705,0.036773663,0.05105315,-0.0012656846,2022-05-13,2022-05-11,0.0363895011822649,-0.03765518579063497,0.03765518579063497,0.0014179130169272376,0,0,0.06055378
r4_plus_uncertainty,18,3,-0.06198062,-0.042297624,-0.03252568,-0.02587437,-0.020598896,-0.01617814,-0.01224742,-0.008851437,-0.005696106,-0.002829122,8.88097e-05,0.0029994901,0.0059449957,0.008763522,0.012010942,0.015578933,0.019593392,0.024230074,0.029341318,0.037425537,0.051106803,8.88097e-05,2022-05-16,2022-05-11,-0.0116595077278745,0.011748317426228953,0.011748317426228953,0.00013802296234743488,0,1,0.061867
r4_plus_uncertainty,18,4,-0.061179038,-0.042940523,-0.033732977,-0.027314419,-0.022017157,-0.017593328,-0.013625498,-0.010185683,-0.0069538513,-0.004065036,-0.0011839012,0.0016692416,0.004554287,0.007387152,0.010656824,0.014329033,0.018607121,0.023652807,0.029427182,0.038557224,0.053325985,-0.0011839012,2022-05-17,2022-05-11,0.0255720956815505,-0.026755996896522638,0.026755996896522638,0.0007158833699267291,0,1,0.06316016
r4_plus_uncertainty,18,5,-0.062150083,-0.04271934,-0.03301319,-0.026588358,-0.02134172,-0.017007004,-0.013162715,-0.00976486,-0.006528085,-0.003644344,-0.000760027,0.0021346335,0.0050615584,0.0078797825,0.011139019,0.014705623,0.018801372,0.023622103,0.029128257,0.037491716,0.052122593,-0.000760027,2022-05-18,2022-05-11,-0.0503365263320763,0.04957649935747277,0.04957649935747277,0.002457829288541498,1,0,0.06214145
r4_plus_uncertainty,19,1,-0.06057686,-0.040232867,-0.029681336,-0.02243381,-0.01675734,-0.012125624,-0.0082763545,-0.005018024,-0.002021282,0.0006680783,0.0034143333,0.0062118922,0.0090897875,0.011930979,0.0152626075,0.01889788,0.0231478,0.028132632,0.03401131,0.04294174,0.058353473,0.0034143333,2022-05-19,2022-05-18,-0.0053726037537238,0.008786937086053787,0.008786937086053787,7.721026335426742e-05,0,1,0.063692644
r4_plus_uncertainty,19,2,-0.060775515,-0.042556696,-0.03335287,-0.026929144,-0.021703258,-0.017335888,-0.013456282,-0.010142527,-0.0070237615,-0.004296649,-0.0015709989,0.0011707975,0.003930292,0.006620363,0.00974439,0.01324154,0.017372277,0.022304699,0.027991101,0.037108038,0.052750725,-0.0015709989,2022-05-20,2022-05-18,-0.0031129311916684,0.0015419322678153604,0.0015419322678153604,2.37755511853022e-06,1,1,0.06134397
r4_plus_uncertainty,19,3,-0.057945434,-0.037962627,-0.027585916,-0.02059542,-0.015235516,-0.010897586,-0.007159237,-0.0039724545,-0.0010297556,0.001675711,0.0044727586,0.0073200907,0.010288503,0.013190446,0.016512748,0.020182941,0.02429064,0.029030845,0.03427106,0.043041654,0.058353033,0.0044727586,2022-05-23,2022-05-18,0.0164907569876557,-0.012017998366678297,0.012017998366678297,0.0001444322847414822,1,1,0.061856978
r4_plus_uncertainty,19,4,-0.060167976,-0.041556884,-0.032086637,-0.025611155,-0.020420637,-0.016121928,-0.0123035805,-0.009036341,-0.005974094,-0.0032298823,-0.0005056127,0.002182723,0.0049053277,0.0076234597,0.010743598,0.014228982,0.018277362,0.023030512,0.028504938,0.03745598,0.052862305,-0.0005056127,2022-05-24,2022-05-18,-0.02149140746287,0.020985794765417693,0.020985794765417693,0.0004404035819362327,1,1,0.060591575
r4_plus_uncertainty,19,5,-0.060677156,-0.040770765,-0.03076319,-0.024211716,-0.019036204,-0.014791199,-0.011092934,-0.007871119,-0.0048226626,-0.002108585,0.0005962651,0.0033053185,0.006069881,0.008773849,0.011909541,0.015364529,0.01932181,0.023959607,0.029329367,0.03781721,0.05318201,0.0005962651,2022-05-25,2022-05-18,0.0138982777872038,-0.013302012711475502,0.013302012711475502,0.00017694354217625584,1,1,0.060092557
r4_plus_uncertainty,20,1,-0.05287876,-0.03459903,-0.026129596,-0.020628883,-0.016390193,-0.012882909,-0.009873588,-0.0072410083,-0.0047762734,-0.0025711565,-0.0003724654,0.0018693877,0.004141427,0.006351778,0.008922774,0.011745599,0.01499577,0.018839652,0.023397096,0.030405065,0.042293895,-0.0003724654,2022-05-26,2022-05-25,0.0273304386377131,-0.027702904046585913,0.027702904046585913,0.0007674508926143462,0,0,0.04952669
r4_plus_uncertainty,20,2,-0.053652782,-0.034435816,-0.025580322,-0.019867579,-0.015470131,-0.011906178,-0.0087853605,-0.0061070696,-0.0035728985,-0.0013293752,0.0009071025,0.0031749613,0.0054803975,0.0077477554,0.010375446,0.013230923,0.016502982,0.02029459,0.02461907,0.03141806,0.04275143,0.0009071025,2022-05-27,2022-05-25,0.0321182551391365,-0.031211152655811793,0.031211152655811793,0.0009741360501043876,1,0,0.050199393
r4_plus_uncertainty,20,3,-0.0543704,-0.035056226,-0.026078694,-0.02023084,-0.015785811,-0.0121548,-0.008976131,-0.006236427,-0.003681905,-0.001375342,0.0009292671,0.0032307282,0.0055822837,0.007896854,0.0105752675,0.013521388,0.01685385,0.020720553,0.025129031,0.032084957,0.043589056,0.0009292671,2022-05-31,2022-05-25,-0.0026567552309775,0.003586022318463141,0.003586022318463141,1.2859556068515763e-05,0,1,0.051207725
r4_plus_uncertainty,20,4,-0.052833334,-0.03437531,-0.025804909,-0.02018602,-0.01582727,-0.0122885415,-0.009146478,-0.006411432,-0.0038223364,-0.0014938761,0.00081855245,0.0031263712,0.0054924483,0.0078552775,0.010590135,0.013636428,0.01712359,0.021156138,0.02577549,0.033038624,0.04488117,0.00081855245,2022-06-01,2022-05-25,-0.0074232359595381,0.008241788408883689,0.008241788408883689,6.792707617680953e-05,0,1,0.0515804
r4_plus_uncertainty,20,5,-0.05480931,-0.03553959,-0.026480012,-0.02072421,-0.016292071,-0.012687334,-0.009519667,-0.006740177,-0.0040983856,-0.001738827,0.00060372095,0.002945135,0.005358399,0.007722491,0.010491393,0.013535616,0.016984776,0.020979397,0.025600897,0.032704,0.04484839,0.00060372095,2022-06-02,2022-05-25,0.0270173668889322,-0.026413645935709835,0.026413645935709835,0.0006976806916170407,1,0,0.052080907
r4_plus_uncertainty,21,1,-0.055949695,-0.03799186,-0.029393705,-0.023632,-0.019078612,-0.015276742,-0.011993988,-0.009123441,-0.006433592,-0.004016506,-0.0015983486,0.00086480274,0.0033510828,0.0057402276,0.00850609,0.01154194,0.015070214,0.019273471,0.024284942,0.032042403,0.045080617,-0.0015983486,2022-06-03,2022-06-02,-0.0263637056617606,0.024765357053520114,0.024765357053520114,0.0006133229099883385,1,1,0.053678647
r4_plus_uncertainty,21,2,-0.05616394,-0.03728524,-0.028176412,-0.02212705,-0.01736232,-0.013454837,-0.0100137135,-0.0070490423,-0.0042332257,-0.0017396642,0.00075151364,0.0032799193,0.0058541787,0.008346081,0.011219503,0.014354109,0.017971246,0.022154009,0.02686714,0.03423935,0.046572164,0.00075151364,2022-06-06,2022-06-02,0.0033255532174389,-0.002574039578905248,0.002574039578905248,6.625679753770707e-06,1,1,0.055043552
r4_plus_uncertainty,21,3,-0.05642207,-0.037445076,-0.028318577,-0.022228517,-0.017505778,-0.013593927,-0.010131985,-0.0071306312,-0.004313189,-0.0017601883,0.0007937377,0.0033459764,0.0059563727,0.008470926,0.011360133,0.014538144,0.018130125,0.022323256,0.027073784,0.034531515,0.046898704,0.0007937377,2022-06-07,2022-06-02,0.0085886232841835,-0.007794885575592575,0.007794885575592575,6.076024113658119e-05,1,1,0.055392362
r4_plus_uncertainty,21,4,-0.05529185,-0.037049603,-0.028244698,-0.022289844,-0.017576706,-0.013715005,-0.010262602,-0.007247956,-0.0043794704,-0.0017904693,0.0007852832,0.003365245,0.0059988443,0.008588531,0.011557118,0.014850936,0.018616812,0.022978285,0.027931452,0.035684306,0.04842424,0.0007852832,2022-06-08,2022-06-02,-0.007222647581788,0.008007930802254227,0.008007930802254227,6.412695573369202e-05,0,1,0.05617615
r4_plus_uncertainty,21,5,-0.056492086,-0.037988182,-0.02882254,-0.022812383,-0.018075326,-0.014192534,-0.010753414,-0.0077268328,-0.00483838,-0.0022532423,0.00031990005,0.0029086764,0.0055771135,0.008159255,0.01115289,0.0144139575,0.018116362,0.022411002,0.027369935,0.03495931,0.047951765,0.00031990005,2022-06-09,2022-06-02,-0.0271498500722219,0.02746975012158423,0.02746975012158423,0.0007545871717422768,0,1,0.056192473
r4_plus_uncertainty,22,1,-0.053198785,-0.034884237,-0.025896102,-0.020041255,-0.015518628,-0.011797938,-0.008582311,-0.005765756,-0.00312225,-0.0007344212,0.0016897281,0.0041624643,0.0066740094,0.009080943,0.011889149,0.014939265,0.018501544,0.02268242,0.027636224,0.035100028,0.047888957,0.0016897281,2022-06-10,2022-06-09,-0.0359075344036129,0.037597262520229505,0.037597262520229505,0.0014135541490150542,0,0,0.053532325
r4_plus_uncertainty,22,2,-0.0536561,-0.034723893,-0.02526093,-0.019107651,-0.014389924,-0.010583399,-0.0072626527,-0.0044049593,-0.0016894697,0.0007438405,0.0032088277,0.005738851,0.00835698,0.010877708,0.013808592,0.017049061,0.020781357,0.025087172,0.029943436,0.037507266,0.05054529,0.0032088277,2022-06-13,2022-06-09,-0.0476117566990704,0.050820584392085734,0.050820584392085734,0.002582731797953108,0,0,0.05520437
r4_plus_uncertainty,22,3,-0.056601264,-0.03834644,-0.029221432,-0.02311358,-0.018361783,-0.014390129,-0.010850972,-0.0077678356,-0.0048846346,-0.0022500015,0.00041496332,0.0030861914,0.005823989,0.008466483,0.011537901,0.014949545,0.018833445,0.02336787,0.0285102,0.036593117,0.050096594,0.00041496332,2022-06-14,2022-06-09,0.0018139240399031,-0.0013989607230322468,0.0013989607230322468,1.957091104586907e-06,1,1,0.057731632
r4_plus_uncertainty,22,4,-0.057617664,-0.03983905,-0.030938676,-0.024883006,-0.020014038,-0.015972316,-0.012359318,-0.009211901,-0.0062425993,-0.0035847346,-0.00093992194,0.0016861137,0.0043676994,0.0070156297,0.010090559,0.01356192,0.017612454,0.022369834,0.027904814,0.0367292,0.05095329,-0.00093992194,2022-06-15,2022-06-09,0.0246648180722919,-0.02560474001390009,0.02560474001390009,0.0006556027111794164,0,1,0.05884349
r4_plus_uncertainty,22,5,-0.058005273,-0.039637454,-0.030218016,-0.024013583,-0.0190498,-0.014956752,-0.011348302,-0.008164936,-0.0051476182,-0.0024523754,0.00021946346,0.0029073542,0.005662789,0.008331428,0.011431565,0.014834717,0.018714653,0.023223843,0.028476916,0.03661704,0.050872214,0.00021946346,2022-06-16,2022-06-09,-0.0411828948301896,0.04140235828824151,0.04140235828824151,0.0017141552718279202,0,0,0.058694933
r4_plus_uncertainty,23,1,-0.0632858,-0.041835047,-0.030554216,-0.022964016,-0.017162798,-0.012423055,-0.0084251985,-0.0049670124,-0.0017206641,0.0012408183,0.0043017347,0.0074799214,0.010797037,0.014039331,0.017814621,0.021940717,0.026821945,0.03252676,0.039247956,0.04934552,0.06705006,0.0043017347,2022-06-17,2022-06-16,0.0120864175699185,-0.007784682835591899,0.007784682835591899,6.060128685075913e-05,1,1,0.06980217
r4_plus_uncertainty,23,2,-0.06649138,-0.0475719,-0.03762033,-0.030603463,-0.024874238,-0.020015832,-0.015650814,-0.011892807,-0.008321465,-0.0051779025,-0.0020668204,0.0010730769,0.0042402386,0.007294374,0.0108357705,0.014838453,0.019645473,0.025396936,0.03201778,0.042514823,0.060429648,-0.0020668204,2022-06-21,2022-06-16,0.024916328809207,-0.026983149203454772,0.026983149203454772,0.0007280903409359019,0,1,0.0696381
r4_plus_uncertainty,23,3,-0.06565669,-0.04466226,-0.03325213,-0.02546366,-0.019480437,-0.014597398,-0.010355096,-0.006738433,-0.0033747589,-0.00028444035,0.0028805747,0.0061339405,0.0095732575,0.012894703,0.016680036,0.020880505,0.025641697,0.03108278,0.037046563,0.04688987,0.06424857,0.0028805747,2022-06-22,2022-06-16,-0.0014595187182,0.00434009338788894,0.00434009338788894,1.88364106155973e-05,0,1,0.070298694
r4_plus_uncertainty,23,4,-0.0662105,-0.046573944,-0.036258742,-0.029097393,-0.023349423,-0.018555274,-0.0142872,-0.010599797,-0.0071213157,-0.0040050223,-0.00091110094,0.0022011346,0.005408131,0.008605997,0.012283049,0.016404394,0.021245483,0.026920076,0.033429116,0.044026315,0.062400002,-0.00091110094,2022-06-23,2022-06-16,0.0147828279878874,-0.015693928930063238,0.015693928930063238,0.0002462994052618758,0,1,0.06968786
r4_plus_uncertainty,23,5,-0.06655226,-0.045970663,-0.035385508,-0.02841733,-0.02284394,-0.018229347,-0.014128885,-0.010508653,-0.0070426306,-0.0039375676,-0.000842335,0.0023250044,0.0056103035,0.008818734,0.012519812,0.016579548,0.021271078,0.026794486,0.033243027,0.04336582,0.062087268,-0.000842335,2022-06-24,2022-06-16,0.0336898228092279,-0.034532157802877175,0.034532157802877175,0.001192469922522811,0,0,0.068628535
r4_plus_uncertainty,24,1,-0.06023332,-0.04164525,-0.032645345,-0.026566194,-0.021668648,-0.017464727,-0.013717295,-0.010337967,-0.0071237287,-0.0042597507,-0.0014374561,0.0014144969,0.004346879,0.0072071822,0.010537804,0.01421081,0.018420175,0.023317317,0.028958213,0.037443366,0.051607337,-0.0014374561,2022-06-27,2022-06-24,-0.007358760285343,0.005921304171125361,0.005921304171125361,3.50618430869866e-05,1,1,0.061603557
r4_plus_uncertainty,24,2,-0.06144676,-0.04179215,-0.032007676,-0.025356745,-0.020038797,-0.015635934,-0.011749174,-0.008427687,-0.005307325,-0.002579219,0.00013507315,0.0028969818,0.0057224478,0.008508376,0.011763232,0.01534451,0.019504352,0.024350334,0.02978435,0.038112532,0.051694654,0.00013507315,2022-06-28,2022-06-24,-0.0309404994483681,0.031075572595616576,0.031075572595616576,0.000965691212145436,0,1,0.061792023
r4_plus_uncertainty,24,3,-0.060887326,-0.04117505,-0.03164269,-0.025219956,-0.020185076,-0.015931746,-0.01210652,-0.008771281,-0.0056256168,-0.0027847516,5.5720564e-05,0.0028761453,0.0057809036,0.008620749,0.011920341,0.01554899,0.019683465,0.024476029,0.02983817,0.03816549,0.051836025,5.5720564e-05,2022-06-29,2022-06-24,0.0009166467819793,-0.0008609262180013432,0.0008609262180013432,7.411939528420964e-07,1,1,0.06148086
r4_plus_uncertainty,24,4,-0.059468273,-0.040829357,-0.03155524,-0.025131594,-0.019950494,-0.015622747,-0.011727773,-0.00832874,-0.0051481845,-0.0023154821,0.00046791392,0.0032541915,0.0061252755,0.008998266,0.012309226,0.015977649,0.020206468,0.025070937,0.030508267,0.038868293,0.052434113,0.00046791392,2022-06-30,2022-06-24,-0.0124806150373751,0.01294852896116019,0.01294852896116019,0.0001676644022580042,0,1,0.062063508
r4_plus_uncertainty,24,5,-0.060356595,-0.041132808,-0.03145132,-0.025060825,-0.01991033,-0.015614855,-0.011791462,-0.008408228,-0.005204444,-0.0023673421,0.0004148438,0.0032015173,0.0060724155,0.008871665,0.012125404,0.015670069,0.019727556,0.024433482,0.029834427,0.037986983,0.051972486,0.0004148438,2022-07-01,2022-06-24,0.0065788873264722,-0.006164043539033033,0.006164043539033033,3.799543275109488e-05,1,1,0.061285745
r4_plus_uncertainty,25,1,-0.05649924,-0.038843676,-0.030659804,-0.025168864,-0.020807821,-0.017155671,-0.013990047,-0.01119869,-0.008595161,-0.0062400894,-0.0038931838,-0.0015298547,0.00082929333,0.0030580224,0.0056313183,0.008435102,0.011682295,0.015578174,0.02030256,0.02778175,0.040754147,-0.0038931838,2022-07-05,2022-07-01,0.0169747470429686,-0.020867930820077388,0.020867930820077388,0.0004354705367115357,0,1,0.050962366
r4_plus_uncertainty,25,2,-0.05637179,-0.03726934,-0.028455492,-0.022666572,-0.018115558,-0.0143650435,-0.011037957,-0.008150143,-0.0054075057,-0.0029560872,-0.00049217924,0.0019965025,0.0045008594,0.0069141285,0.009702949,0.0127316555,0.016234579,0.020333415,0.025010113,0.032345448,0.044634555,-0.00049217924,2022-07-06,2022-07-01,0.0063916909516316,-0.006883870194059992,0.006883870194059992,4.738766884866756e-05,0,1,0.053465605
r4_plus_uncertainty,25,3,-0.057226893,-0.03801534,-0.028983304,-0.023003409,-0.018378101,-0.014538383,-0.011119403,-0.008138023,-0.0053406684,-0.002789599,-0.00021834619,0.0023409107,0.00491326,0.0073737837,0.010200889,0.013284159,0.016764263,0.020864971,0.025559697,0.032993823,0.045658007,-0.00021834619,2022-07-07,2022-07-01,0.0211732520430597,-0.021391598234164203,0.021391598234164203,0.00045760047501189707,0,1,0.054543003
r4_plus_uncertainty,25,4,-0.0558685,-0.03748965,-0.028852206,-0.023066152,-0.018478146,-0.014706798,-0.0113143455,-0.0083387485,-0.0055073714,-0.0029376913,-0.00036561972,0.0022003325,0.004796273,0.00734069,0.010260756,0.01350171,0.017214859,0.0215584,0.026530663,0.034316864,0.047029603,-0.00036561972,2022-07-08,2022-07-01,0.0012532460459683,-0.001618865768256402,0.001618865768256402,2.620726375632391e-06,0,1,0.05538287
r4_plus_uncertainty,25,5,-0.05746182,-0.038630176,-0.029515605,-0.023571685,-0.01887893,-0.0150163425,-0.011599127,-0.008575844,-0.0056986623,-0.0031179225,-0.0005372777,0.0020399499,0.0046678195,0.0071953554,0.010125679,0.013307528,0.016893666,0.02106399,0.025867729,0.033218373,0.04579488,-0.0005372777,2022-07-11,2022-07-01,-0.021595887768939,0.021058610045742106,0.021058610045742106,0.0004434650570586304,1,1,0.055383332
r4_plus_uncertainty,26,1,-0.050314818,-0.03194744,-0.023602445,-0.018247683,-0.014154685,-0.010780581,-0.007879073,-0.005355558,-0.002991309,-0.0008890658,0.0012046755,0.0033272055,0.005509556,0.007666287,0.010210545,0.012989695,0.016193442,0.019976137,0.02450441,0.031708468,0.04516423,0.0012046755,2022-07-12,2022-07-11,-0.009734741489986,0.010939417019138154,0.010939417019138154,0.00011967084471860951,0,1,0.048106857
r4_plus_uncertainty,26,2,-0.051588096,-0.033148173,-0.024781054,-0.019352088,-0.015130794,-0.011684565,-0.00864044,-0.006021337,-0.003536269,-0.0013467802,0.0008297403,0.003024665,0.005289804,0.007548983,0.0102077015,0.013137995,0.016521882,0.020514198,0.025160147,0.032764174,0.046680383,0.0008297403,2022-07-13,2022-07-11,-0.0020632445238822,0.0028929848349013225,0.0028929848349013225,8.369361254969031e-06,0,1,0.0499412
r4_plus_uncertainty,26,3,-0.052913588,-0.034097575,-0.025533346,-0.019945664,-0.01567973,-0.012149392,-0.00902197,-0.006322377,-0.003793459,-0.0014976561,0.00079752225,0.003070318,0.0054132026,0.0077400324,0.010466658,0.013488922,0.01694025,0.021020714,0.02579459,0.03371292,0.04837295,0.00079752225,2022-07-14,2022-07-11,0.0035646372210189,-0.0027671149667307035,0.0027671149667307035,7.656925239105063e-06,1,1,0.051327936
r4_plus_uncertainty,26,4,-0.052570604,-0.033857662,-0.025341406,-0.019772181,-0.01546264,-0.011938118,-0.008797685,-0.0060658767,-0.0034804656,-0.0011493304,0.0011778515,0.003475268,0.005833585,0.008202315,0.01095174,0.014006405,0.017535124,0.02164882,0.026444586,0.034334257,0.048830524,0.0011778515,2022-07-15,2022-07-11,0.0179767790587838,-0.01679892759884104,0.01679892759884104,0.00028220396847110325,1,1,0.05178599
r4_plus_uncertainty,26,5,-0.0531726,-0.034244,-0.025447141,-0.019842125,-0.01552485,-0.0119755035,-0.008838651,-0.0060758195,-0.003442441,-0.0010999361,0.0012020182,0.0034806428,0.005829181,0.008153311,0.010886194,0.0139168715,0.017374983,0.021424184,0.026208451,0.0338939,0.048357237,0.0012020182,2022-07-18,2022-07-11,-0.0084986988853166,0.009700717118332734,0.009700717118332734,9.410391260991374e-05,0,1,0.05165559
r4_plus_uncertainty,27,1,-0.050024495,-0.032093436,-0.023762422,-0.018332189,-0.014198998,-0.010793401,-0.007833186,-0.0052565834,-0.002841564,-0.0006683492,0.0014877903,0.0036627478,0.0058904816,0.008081427,0.010663675,0.013445135,0.01667113,0.020468807,0.025006061,0.032146655,0.04513918,0.0014877903,2022-07-19,2022-07-18,0.0302898455545097,-0.028802055296839716,0.028802055296839716,0.0008295583893222127,1,0,0.048768483
r4_plus_uncertainty,27,2,-0.050930634,-0.03361576,-0.025549395,-0.020191556,-0.015987996,-0.01252863,-0.009440158,-0.0067678085,-0.0042258273,-0.0019647544,0.00027552494,0.0025378165,0.004861092,0.007177909,0.009907127,0.012907529,0.016391495,0.020503044,0.025283521,0.033067748,0.046816684,0.00027552494,2022-07-20,2022-07-18,0.0157319749691985,-0.015456450024898667,0.015456450024898667,0.00023890184737219,1,1,0.050832916
r4_plus_uncertainty,27,3,-0.052842185,-0.034698717,-0.026046468,-0.02026838,-0.015820958,-0.012155045,-0.008919785,-0.006133906,-0.0035399387,-0.0011972608,0.001136078,0.0034476516,0.005819528,0.008147811,0.01085261,0.013825635,0.017189477,0.021112489,0.02562728,0.033143073,0.04667384,0.001136078,2022-07-21,2022-07-18,0.0142532761619883,-0.013117198128392023,0.013117198128392023,0.0001720608867394912,1,1,0.051673748
r4_plus_uncertainty,27,4,-0.051607624,-0.034382164,-0.026355322,-0.020976422,-0.016716568,-0.013195581,-0.010045039,-0.0072875177,-0.0046812533,-0.0023416185,-2.8915616e-05,0.0022602333,0.0046143644,0.0069847964,0.009762556,0.012857085,0.016450807,0.020630172,0.025526812,0.033648483,0.04780621,-2.8915616e-05,2022-07-22,2022-07-18,-0.0176909985561198,0.01766208294013463,0.01766208294013463,0.0003119491737841947,1,1,0.051882133
r4_plus_uncertainty,27,5,-0.053114273,-0.035079934,-0.026436476,-0.020855373,-0.016524795,-0.012963334,-0.009797128,-0.0070082843,-0.004346346,-0.001972317,0.00036474608,0.0026880985,0.0050986446,0.0074848435,0.010274722,0.013360531,0.016856037,0.020922964,0.02573786,0.033573724,0.04786457,0.00036474608,2022-07-25,2022-07-18,-0.0057120842337355,0.0060768303172409515,0.0060768303172409515,3.6927866704538766e-05,0,1,0.052174337
r4_plus_uncertainty,28,1,-0.055428997,-0.03577243,-0.02685246,-0.021097373,-0.016646385,-0.012963551,-0.009787622,-0.0070175654,-0.004424263,-0.0021113069,0.00020556102,0.002565551,0.004962778,0.0073266006,0.010106111,0.013150887,0.016657438,0.02080077,0.025696572,0.03319567,0.045887176,0.00020556102,2022-07-26,2022-07-25,-0.0198442468611613,0.020049807885065312,0.020049807885065312,0.00040199479622802717,0,1,0.052549034
r4_plus_uncertainty,28,2,-0.055862576,-0.035331637,-0.026008798,-0.020009635,-0.015398146,-0.011666779,-0.008403895,-0.0056070443,-0.002960314,-0.00062048674,0.0017170019,0.0040631015,0.0064680027,0.008837807,0.011598429,0.014595674,0.01800418,0.02193885,0.026432239,0.033544604,0.04570727,0.0017170019,2022-07-27,2022-07-25,0.0413910503484826,-0.03967404845026838,0.03967404845026838,0.001574030120434243,1,0,0.05244104
r4_plus_uncertainty,28,3,-0.055174395,-0.03528268,-0.026363516,-0.020605212,-0.01620239,-0.012570265,-0.009348717,-0.0065557025,-0.003934949,-0.0015699125,0.0008100889,0.0031749243,0.005586909,0.00796672,0.010744261,0.013807419,0.017277336,0.021351473,0.02604324,0.033509184,0.046133533,0.0008100889,2022-07-28,2022-07-25,0.0097306417412924,-0.008920552860466613,0.008920552860466613,7.957626333637907e-05,1,1,0.052406758
r4_plus_uncertainty,28,4,-0.054606088,-0.035133637,-0.026298176,-0.020546181,-0.016057968,-0.012411315,-0.009158547,-0.006335979,-0.0036738385,-0.0012857717,0.0010942139,0.0034483937,0.0058539906,0.008268796,0.011068921,0.01418534,0.017738914,0.02182985,0.026517902,0.033935126,0.046390604,0.0010942139,2022-07-29,2022-07-25,0.0180723999030782,-0.016978185983364105,0.016978185983364105,0.0002882587992857014,1,1,0.052816078
r4_plus_uncertainty,28,5,-0.05573808,-0.036005057,-0.026812471,-0.020963678,-0.016454313,-0.0127684055,-0.009525831,-0.0066818986,-0.0039886404,-0.0015905075,0.0007888986,0.0031523039,0.005589061,0.007997246,0.0108206095,0.013924697,0.0174173,0.021432452,0.026071206,0.033213265,0.045718536,0.0007888986,2022-08-01,2022-07-25,-0.0006023022525569,0.0013912008672577836,0.0013912008672577836,1.9354398530588093e-06,0,1,0.052883677
r4_plus_uncertainty,29,1,-0.051560916,-0.03289841,-0.024174675,-0.018538207,-0.014236797,-0.01071151,-0.0076767183,-0.005032392,-0.0025506972,-0.0003385495,0.0018617248,0.00408085,0.00636003,0.008621607,0.011307515,0.014245794,0.017658722,0.02169891,0.026562745,0.034289338,0.048027895,0.0018617248,2022-08-02,2022-08-01,-0.0029859243377438,0.004847649107440393,0.004847649107440393,2.349970186886764e-05,0,1,0.05073742
r4_plus_uncertainty,29,2,-0.05305664,-0.03380333,-0.024786126,-0.018977031,-0.014515707,-0.0109156715,-0.0077609937,-0.0050444845,-0.0024633524,-0.00018308853,0.0020752067,0.004346097,0.0066995053,0.009036092,0.011790846,0.014817861,0.018306302,0.022391852,0.027105413,0.034792427,0.048378687,0.0020752067,2022-08-03,2022-08-01,0.0268681335677434,-0.02479292684654186,0.02479292684654186,0.0006146892216179761,1,1,0.05189154
r4_plus_uncertainty,29,3,-0.05295695,-0.034449622,-0.02584825,-0.020204538,-0.015892617,-0.012334403,-0.009180861,-0.0064390553,-0.0038718267,-0.0015441307,0.0007781575,0.0030847893,0.0054782215,0.007866524,0.010691589,0.013834633,0.017448386,0.021722918,0.026712518,0.034896545,0.049139366,0.0007781575,2022-08-04,2022-08-01,0.0046655870810814,-0.0038874295842565394,0.0038874295842565394,1.511210877255297e-05,1,1,0.05256077
r4_plus_uncertainty,29,4,-0.052292984,-0.034236636,-0.02576321,-0.020151462,-0.015780898,-0.012217745,-0.009034299,-0.006271866,-0.003662002,-0.001322937,0.0009892641,0.0032751332,0.005621595,0.008004973,0.010789493,0.013908534,0.017531566,0.021749588,0.026687521,0.03483873,0.048850287,0.0009892641,2022-08-05,2022-08-01,-0.0082023956497751,0.009191659759878349,0.009191659759878349,8.448660914136691e-05,0,1,0.05245073
r4_plus_uncertainty,29,5,-0.053080335,-0.034722637,-0.025924316,-0.020264395,-0.01589433,-0.012312937,-0.009160514,-0.0063844062,-0.0037393013,-0.0013834289,0.00093051326,0.0032198804,0.005593142,0.007951183,0.010724862,0.013802919,0.017332336,0.02145458,0.026376257,0.03432997,0.048525736,0.00093051326,2022-08-08,2022-08-01,-0.0032375800237071,0.004168093279005238,0.004168093279005238,1.7373001582488634e-05,0,1,0.052300572
r4_plus_uncertainty,30,1,-0.049898904,-0.030793134,-0.022536214,-0.0173445,-0.013420751,-0.010210684,-0.0074457424,-0.005040951,-0.0027924662,-0.0007803296,0.0012072589,0.0032332982,0.0053305426,0.0074072313,0.009874935,0.012573875,0.015702007,0.019416472,0.023905361,0.031177917,0.04530713,0.0012072589,2022-08-09,2022-08-08,-0.0113831852370667,0.012590444138625517,0.012590444138625517,0.00015851928360784964,0,1,0.046441577
r4_plus_uncertainty,30,2,-0.05177861,-0.031923506,-0.02329139,-0.01785363,-0.01372808,-0.010405894,-0.0074908417,-0.004994425,-0.0026341206,-0.0005432756,0.0015173503,0.0036001364,0.0057499823,0.007894537,0.010427658,0.0132117085,0.016412707,0.02018545,0.024599683,0.031938896,0.046140123,0.0015173503,2022-08-10,2022-08-08,0.0275286808345294,-0.02601133051475644,0.02601133051475644,0.0006765893151478996,1,0,0.047891073
r4_plus_uncertainty,30,3,-0.053213954,-0.033143442,-0.024311006,-0.018657072,-0.014414635,-0.010973704,-0.00797362,-0.0054038987,-0.0030203648,-0.00087032677,0.001261277,0.003383141,0.0055786693,0.0077686426,0.010356037,0.013246515,0.016543387,0.020444421,0.02503542,0.032715067,0.047411785,0.001261277,2022-08-11,2022-08-08,-0.0056923608402969,0.006953637848167276,0.006953637848167276,4.835307932346443e-05,0,1,0.049346425
r4_plus_uncertainty,30,4,-0.05218561,-0.03267232,-0.024163578,-0.018718632,-0.0145507585,-0.011188981,-0.00821156,-0.0056307074,-0.0031967333,-0.0010190818,0.0011458648,0.0033012906,0.005528465,0.0077747763,0.010409417,0.013360146,0.016776629,0.020781279,0.025513295,0.0333768,0.048273996,0.0011458648,2022-08-12,2022-08-08,0.0192834600524987,-0.018137595215627075,0.018137595215627075,0.0003289723602059381,1,1,0.049676873
r4_plus_uncertainty,30,5,-0.052396394,-0.032755323,-0.02395718,-0.018483981,-0.014372555,-0.011045123,-0.008113091,-0.005555346,-0.0031258648,-0.00095972675,0.0011787864,0.0033063602,0.0055344217,0.0077413963,0.01034929,0.013252611,0.016551,0.020415135,0.025021473,0.032612756,0.04745601,0.0011787864,2022-08-15,2022-08-08,0.0080487483962172,-0.006869962004824849,0.006869962004824849,4.719637794773706e-05,1,1,0.048978653
r4_plus_uncertainty,31,1,-0.040858947,-0.025670191,-0.018351873,-0.013813804,-0.010474249,-0.0077701835,-0.0054834587,-0.003476454,-0.0015958977,7.380708e-05,0.0017287506,0.003406275,0.005158389,0.006904556,0.008984079,0.011252849,0.01387268,0.01698545,0.02075566,0.026994849,0.038906742,0.0017287506,2022-08-16,2022-08-15,-0.0023446120784542,0.004073362727362517,0.004073362727362517,1.6592283908666202e-05,0,1,0.03910753
r4_plus_uncertainty,31,2,-0.043183945,-0.027831316,-0.020381207,-0.015714718,-0.012258895,-0.009495524,-0.007093156,-0.005024388,-0.0030698078,-0.0013546452,0.00035556624,0.0020683238,0.00386849,0.0056741345,0.007822821,0.010193013,0.012979022,0.016329015,0.02031657,0.027025456,0.039297093,0.00035556624,2022-08-17,2022-08-15,-0.0114717452682467,0.01182731150886098,0.01182731150886098,0.0001398852975276354,0,1,0.040697776
r4_plus_uncertainty,31,3,-0.04334849,-0.027587762,-0.019780958,-0.014851834,-0.011235091,-0.008329711,-0.0058203954,-0.0036696792,-0.0016915213,7.968303e-05,0.0018298068,0.003570062,0.0053929226,0.0072071766,0.009349227,0.011746219,0.014503464,0.017803906,0.021747287,0.028354753,0.040689766,0.0018298068,2022-08-18,2022-08-15,0.0024020226487374,-0.0005722158170720628,0.0005722158170720628,3.274309413074485e-07,1,1,0.041528247
r4_plus_uncertainty,31,4,-0.04373186,-0.028348075,-0.020742206,-0.015890915,-0.012302765,-0.009442581,-0.006927173,-0.0047669383,-0.0027398998,-0.0009263513,0.0008733992,0.0026617036,0.004516073,0.0064184996,0.008634896,0.011104602,0.013992185,0.017406872,0.021468284,0.028355239,0.040995,0.0008733992,2022-08-19,2022-08-15,-0.019689503156169,0.02056290235608691,0.02056290235608691,0.00042283295330596465,0,1,0.04221049
r4_plus_uncertainty,31,5,-0.044238422,-0.028441122,-0.020467347,-0.015527542,-0.011927142,-0.009050912,-0.006568557,-0.0044035735,-0.0023660832,-0.0005323326,0.0012745489,0.0030832612,0.0049712704,0.0068595805,0.00909738,0.011580937,0.014442167,0.017831407,0.021957586,0.028843695,0.041755993,0.0012745489,2022-08-22,2022-08-15,-0.0266798466408457,0.027954395577480955,0.027954395577480955,0.0007814482321022868,0,0,0.042424932
r4_plus_uncertainty,32,1,-0.05167151,-0.031666234,-0.022534192,-0.016818702,-0.012561413,-0.009117737,-0.0061614215,-0.0035851619,-0.001186466,0.00096907653,0.003101416,0.005251404,0.007471213,0.009687049,0.012331327,0.015196297,0.018555576,0.022536067,0.027363732,0.035096105,0.049635157,0.003101416,2022-08-23,2022-08-22,-0.0008273004221576,0.003928716354336097,0.003928716354336097,1.5434812192827917e-05,0,1,0.049897924
r4_plus_uncertainty,32,2,-0.053272445,-0.033448856,-0.024196107,-0.018342324,-0.013925656,-0.010371544,-0.007266989,-0.0045994576,-0.0020809346,0.0001534019,0.002360272,0.004582175,0.006902228,0.009221295,0.011966155,0.015013791,0.018516598,0.022638092,0.027425006,0.035384398,0.050173774,0.002360272,2022-08-24,2022-08-22,0.0028930087852994,-0.0005327367968628203,0.0005327367968628203,2.838084947316579e-07,1,1,0.051621113
r4_plus_uncertainty,32,3,-0.05345982,-0.034203503,-0.025183594,-0.019370325,-0.014982348,-0.011399932,-0.0082442975,-0.005524596,-0.0029929983,-0.0007068546,0.0015634283,0.0038135578,0.0061482294,0.008477772,0.011223207,0.014290735,0.017798012,0.021952696,0.02682125,0.035041925,0.050273318,0.0015634283,2022-08-25,2022-08-22,0.0175272096107264,-0.015963781291667086,0.015963781291667086,0.00025484231312818004,1,1,0.052004844
r4_plus_uncertainty,32,4,-0.052803412,-0.034063336,-0.025261873,-0.019559871,-0.015171277,-0.011605285,-0.008447259,-0.005706844,-0.0031275563,-0.00082482805,0.0014540227,0.0037064815,0.0060471995,0.0084215505,0.0112171145,0.014360254,0.017995069,0.022248337,0.02726488,0.035702817,0.051102947,0.0014540227,2022-08-26,2022-08-22,-0.0418519489767976,0.043305971689803144,0.043305971689803144,0.0018754071839980314,0,0,0.052526753
r4_plus_uncertainty,32,5,-0.05414911,-0.03505038,-0.0258756,-0.020055644,-0.015621725,-0.011992036,-0.008804718,-0.0060061347,-0.0033547368,-0.0009973812,0.0013199975,0.0036241328,0.0060300007,0.008427992,0.011254738,0.01440451,0.017984338,0.02215846,0.027137067,0.035342,0.05091638,0.0013199975,2022-08-29,2022-08-22,-0.0099041260345794,0.01122412351285589,0.01122412351285589,0.00012598094863184445,0,1,0.05301267
r4_plus_uncertainty,33,1,-0.058887128,-0.038061757,-0.02877089,-0.022711672,-0.018004688,-0.014059086,-0.010567519,-0.00750552,-0.0046243127,-0.0020229118,0.00053566345,0.0031378749,0.0058110342,0.008424162,0.011492247,0.014824633,0.018667718,0.023141809,0.028386248,0.036501054,0.052067522,0.00053566345,2022-08-30,2022-08-29,-0.0111990455718932,0.011734709022029981,0.011734709022029981,0.00013770339583171184,0,1,0.057157136
r4_plus_uncertainty,33,2,-0.057837542,-0.037553422,-0.02851762,-0.022551375,-0.017821614,-0.013916143,-0.01040986,-0.007398318,-0.004529239,-0.0019617714,0.0005724416,0.0031837455,0.0058611925,0.008540747,0.011705776,0.015232815,0.01930462,0.02407908,0.029538259,0.038187426,0.054316044,0.0005724416,2022-08-31,2022-08-29,-0.0058304349011938,0.00640287651263279,0.00640287651263279,4.0996827636024634e-05,0,1,0.058055878
r4_plus_uncertainty,33,3,-0.05937202,-0.038459286,-0.029056707,-0.02281587,-0.01799077,-0.013956098,-0.010360563,-0.0072590024,-0.0043446305,-0.0016733268,0.0010048591,0.0036888085,0.006440774,0.009161532,0.012319232,0.01581523,0.019742046,0.024277622,0.029349254,0.037617873,0.053243376,0.0010048591,2022-09-01,2022-08-29,0.000434181362367,0.0005706777442481858,0.0005706777442481858,3.256730877801977e-07,1,1,0.05840596
r4_plus_uncertainty,33,4,-0.05911361,-0.03853274,-0.02929175,-0.023141954,-0.018257938,-0.014207339,-0.01058814,-0.00741763,-0.004418883,-0.0017261878,0.00094308966,0.0036228304,0.0063779233,0.009093996,0.0122388825,0.015705694,0.019637955,0.02415076,0.02928094,0.03756439,0.053268995,0.00094308966,2022-09-02,2022-08-29,-0.0142287400037255,0.015171829664448262,0.015171829664448262,0.00023018441536703225,0,1,0.05857269
r4_plus_uncertainty,33,5,-0.06029853,-0.039894223,-0.030465918,-0.024259254,-0.01929328,-0.015113357,-0.011312843,-0.0079877,-0.004877914,-0.0021595997,0.0005091721,0.0031889423,0.0059999735,0.008766593,0.01200247,0.01557917,0.019628985,0.02434968,0.029779207,0.03832973,0.054789465,0.0005091721,2022-09-06,2022-08-29,-0.007208572585927,0.007717744681844166,0.007717744681844166,5.9563582974133904e-05,0,1,0.060245126
r4_plus_uncertainty,34,1,-0.048750646,-0.031857878,-0.024473047,-0.019700509,-0.016014742,-0.012941971,-0.010258864,-0.007898635,-0.0056773163,-0.003655915,-0.0016455653,0.00039140313,0.0024657163,0.0044836425,0.006855699,0.009424877,0.012376198,0.015888723,0.020133497,0.027078519,0.039572902,-0.0016455653,2022-09-07,2022-09-06,0.0200000116453966,-0.021645576911186227,0.021645576911186227,0.00046853099981807825,0,1,0.044606544
r4_plus_uncertainty,34,2,-0.050220493,-0.032681145,-0.025044933,-0.020143481,-0.016331721,-0.013185279,-0.010365021,-0.007914021,-0.0055735903,-0.0034672725,-0.0013592478,0.00076797226,0.0029441735,0.0050986283,0.00764274,0.010426631,0.013638961,0.017492367,0.02205607,0.029594231,0.04250691,-0.0013592478,2022-09-08,2022-09-06,0.0051712412833418,-0.0065304891186948166,0.0065304891186948166,4.26472881293914e-05,0,1,0.047101002
r4_plus_uncertainty,34,3,-0.05190335,-0.0337085,-0.025798185,-0.020683749,-0.016766645,-0.013491614,-0.01057138,-0.008011573,-0.00559067,-0.0033706569,-0.0011353521,0.0010932027,0.0033643632,0.005601923,0.008225428,0.011116006,0.014399938,0.018315244,0.02293382,0.030625671,0.043985214,-0.0011353521,2022-09-09,2022-09-06,0.0216264215868781,-0.022761773654527466,0.022761773654527466,0.0005180983398999406,0,1,0.048732005
r4_plus_uncertainty,34,4,-0.051059783,-0.03326747,-0.025490683,-0.020443954,-0.016501263,-0.013262153,-0.010362409,-0.007802081,-0.005356985,-0.0031406765,-0.00091020175,0.0013073948,0.003574786,0.0058337557,0.00847404,0.011418698,0.014826772,0.018862844,0.023671916,0.031669285,0.045157425,-0.00091020175,2022-09-12,2022-09-06,0.0118158364557837,-0.012726038206013745,0.012726038206013745,0.00016195204842092153,0,1,0.049162596
r4_plus_uncertainty,34,5,-0.052254144,-0.03394398,-0.025689317,-0.020524656,-0.016564013,-0.013301995,-0.01040228,-0.007836486,-0.0053697885,-0.0031398542,-0.00090807065,0.0013332102,0.003646326,0.005913684,0.008576217,0.011510894,0.014851021,0.01882727,0.023602491,0.031438872,0.045070074,-0.00090807065,2022-09-13,2022-09-06,-0.0563976479112294,0.05548957725988072,0.05548957725988072,0.0030790931844802715,1,0,0.04929181
r4_plus_uncertainty,35,1,-0.06251539,-0.042182617,-0.032228805,-0.02556126,-0.020318806,-0.015945245,-0.012171361,-0.008952082,-0.005983955,-0.0033578847,-0.0007696662,0.0018657567,0.004591653,0.0072958367,0.010480293,0.013951924,0.017950024,0.022583742,0.028030587,0.03667004,0.05305579,-0.0007696662,2022-09-14,2022-09-13,0.0079017521682926,-0.008671418389751065,0.008671418389751065,7.519349689011295e-05,0,1,0.060259394
r4_plus_uncertainty,35,2,-0.059434023,-0.038860366,-0.028895935,-0.022314277,-0.017246045,-0.013134767,-0.009534627,-0.006485283,-0.0036208113,-0.0010922987,0.0014107598,0.0039682738,0.006608347,0.009259939,0.012381827,0.015856052,0.01982576,0.024429746,0.029762767,0.038501855,0.05516849,0.0014107598,2022-09-15,2022-09-13,-0.0167938510711174,0.018204610823733685,0.018204610823733685,0.0003314078552436016,0,1,0.058658704
r4_plus_uncertainty,35,3,-0.05904806,-0.037980333,-0.027648747,-0.020952776,-0.015919885,-0.011815478,-0.008236008,-0.0052007237,-0.0023962043,0.00014838381,0.0026770981,0.0051860125,0.007754177,0.010298539,0.013244705,0.01651783,0.020182073,0.024450911,0.029358793,0.037679143,0.053785793,0.0026770981,2022-09-16,2022-09-13,-0.0061334806328971,0.008810578782330832,0.008810578782330832,7.762629847965824e-05,0,1,0.05700754
r4_plus_uncertainty,35,4,-0.056365818,-0.036598455,-0.027265236,-0.021230793,-0.016528629,-0.0126731265,-0.009244667,-0.0062741595,-0.0034606264,-0.0009257473,0.0015874768,0.0040756525,0.006637593,0.009189898,0.012172959,0.015490481,0.01930469,0.023736868,0.028910445,0.037445076,0.053780437,0.0015874768,2022-09-19,2022-09-13,0.0077570932015004,-0.006169616387334689,0.006169616387334689,3.8064166366868734e-05,1,1,0.05617568
r4_plus_uncertainty,35,5,-0.057351246,-0.03729357,-0.02757873,-0.02144493,-0.016727889,-0.012842408,-0.009411189,-0.006422912,-0.0035834506,-0.0010680594,0.0014116049,0.0038593647,0.0063968794,0.008901009,0.011836067,0.015094902,0.01876758,0.023010924,0.02794491,0.03592712,0.051980507,0.0014116049,2022-09-20,2022-09-13,-0.0080030220400149,0.00941462696786765,0.00941462696786765,8.863520094410082e-05,0,1,0.05552364
r4_plus_uncertainty,36,1,-0.049012657,-0.031494234,-0.023120634,-0.017889708,-0.0140186325,-0.01083913,-0.008086476,-0.005696081,-0.0034605556,-0.0014487265,0.0005262256,0.00253252,0.0046066097,0.006642921,0.009054319,0.011685488,0.014730141,0.018328514,0.02262472,0.02958642,0.04274927,0.0005262256,2022-09-21,2022-09-20,-0.0180682902360061,0.01859451583779471,0.01859451583779471,0.00034575601924199836,0,1,0.045745354
r4_plus_uncertainty,36,2,-0.04950445,-0.03161981,-0.02311341,-0.017795857,-0.013828416,-0.010633921,-0.0078117372,-0.005395638,-0.0031068374,-0.0010700106,0.00092253345,0.00295336,0.0050301817,0.007107109,0.009557953,0.01224249,0.015312611,0.01890523,0.023086611,0.030006837,0.04290961,0.00092253345,2022-09-22,2022-09-20,-0.0123842097522109,0.013306743202859088,0.013306743202859088,0.00017706941466683653,0,1,0.046200022
r4_plus_uncertainty,36,3,-0.049320053,-0.031670768,-0.02324475,-0.017966595,-0.014059266,-0.010855306,-0.008020604,-0.00557709,-0.0032964884,-0.001232194,0.0008067959,0.0028384223,0.004935131,0.007031774,0.009504189,0.012240657,0.01535047,0.019001141,0.023261853,0.030368004,0.043509312,0.0008067959,2022-09-23,2022-09-20,-0.0164155072540443,0.01722230315286923,0.01722230315286923,0.0002966077258893294,0,1,0.046506602
r4_plus_uncertainty,36,4,-0.0481179,-0.030917887,-0.02282383,-0.01775464,-0.0139056,-0.010756676,-0.007939332,-0.0054774107,-0.003142987,-0.001054905,0.000999778,0.0030500833,0.0051611033,0.007280158,0.0097651305,0.012535155,0.015713196,0.019407298,0.023755249,0.030993968,0.044184994,0.000999778,2022-09-26,2022-09-20,-0.0041464718652499,0.005146249908728627,0.005146249908728627,2.6483888123089404e-05,0,1,0.046579078
r4_plus_uncertainty,36,5,-0.048680212,-0.031255793,-0.022962213,-0.017880332,-0.014038307,-0.010878626,-0.008057662,-0.005572504,-0.0031952509,-0.0010785095,0.0010061262,0.0030761417,0.0052380697,0.0073723793,0.009896525,0.012697395,0.015856542,0.019537657,0.02390669,0.0310646,0.044474233,0.0010061262,2022-09-27,2022-09-20,0.0004008534455465,0.0006052727254314502,0.0006052727254314502,3.663550721512157e-07,1,1,0.0468689
r4_plus_uncertainty,37,1,-0.046293084,-0.030680887,-0.02347253,-0.018805347,-0.015207438,-0.012185194,-0.009532883,-0.007190335,-0.0049695047,-0.0029463074,-0.0009195544,0.0011414548,0.0032471486,0.0052997977,0.0077131824,0.010336145,0.013353934,0.016924243,0.021196915,0.028189285,0.04088869,-0.0009195544,2022-09-28,2022-09-27,0.0196969115668367,-0.020616465949399337,0.020616465949399337,0.0004250386682427423,0,1,0.044669446
r4_plus_uncertainty,37,2,-0.04552508,-0.030187374,-0.023202654,-0.018683238,-0.015170776,-0.012239815,-0.0095954845,-0.00728318,-0.005060845,-0.0030449366,-0.0010195972,0.0010422734,0.0031542229,0.0052553276,0.0077464934,0.010479343,0.013656786,0.017451266,0.0219203,0.029309897,0.042088635,-0.0010195972,2022-09-29,2022-09-27,-0.0292512173546546,0.028231620184711446,0.028231620184711446,0.0007970243782538068,1,0,0.04512295
r4_plus_uncertainty,37,3,-0.047195666,-0.031050907,-0.023463497,-0.018542316,-0.014766742,-0.011610639,-0.008792003,-0.0063325437,-0.00401304,-0.0018888297,0.00025896335,0.0023994106,0.0045839944,0.006713243,0.009187895,0.011901855,0.014968023,0.0185842,0.022793418,0.029887788,0.04261129,0.00025896335,2022-09-30,2022-09-27,-0.0171020430867093,0.017361006438080067,0.017361006438080067,0.0003014045445430575,0,1,0.046256915
r4_plus_uncertainty,37,4,-0.045924064,-0.030396612,-0.023225632,-0.018564457,-0.014900388,-0.011845073,-0.009082089,-0.0066363937,-0.0042864983,-0.0021442305,1.0020563e-05,0.0021616027,0.0043508406,0.0065299165,0.009059719,0.01186853,0.015113889,0.01891991,0.023417445,0.030963099,0.044099085,1.0020563e-05,2022-10-03,2022-09-27,0.0231892990037289,-0.023179278440306313,0.023179278440306313,0.000537278949013249,1,1,0.04664308
r4_plus_uncertainty,37,5,-0.047106832,-0.031084113,-0.023562184,-0.018818358,-0.015139891,-0.012075696,-0.00932391,-0.006871591,-0.0045020427,-0.0023500996,-0.00019120183,0.0019810093,0.0042239954,0.0064231264,0.009003751,0.01184649,0.015073427,0.018892322,0.02344173,0.030902592,0.044212237,-0.00019120183,2022-10-04,2022-09-27,0.0309567400906944,-0.031147941924935328,0.031147941924935328,0.0009701942861591439,0,0,0.047003914
r4_plus_uncertainty,38,1,-0.05100064,-0.03422921,-0.025982376,-0.02063695,-0.01652633,-0.013091476,-0.010115576,-0.007494411,-0.0050149183,-0.0027806675,-0.0005323418,0.0017556356,0.0040910384,0.0063881516,0.009083515,0.012031642,0.015405418,0.019352753,0.023963692,0.031009024,0.04268636,-0.0005323418,2022-10-05,2022-10-04,-0.0005317811278832,-5.606438758928509e-07,5.606438758928509e-07,3.1432155557615835e-13,1,1,0.04994607
r4_plus_uncertainty,38,2,-0.0503195,-0.033366762,-0.02513433,-0.019800844,-0.015676435,-0.012289867,-0.009284766,-0.0066664717,-0.004160728,-0.0019219808,0.00032709917,0.0026061994,0.004945469,0.007273029,0.010011163,0.0130026825,0.016443543,0.020452177,0.025005585,0.032081995,0.043479986,0.00032709917,2022-10-06,2022-10-04,-0.007904162983195,0.00823126215605911,0.00823126215605911,6.775367668177087e-05,0,1,0.050139915
r4_plus_uncertainty,38,3,-0.050551526,-0.033589587,-0.025368962,-0.020069623,-0.016019577,-0.012630027,-0.009594298,-0.006931912,-0.0044168066,-0.0021125034,0.00021808266,0.002531632,0.0049054273,0.0072621875,0.010020665,0.013045668,0.016479433,0.020475535,0.025025148,0.032111544,0.043760672,0.00021808266,2022-10-07,2022-10-04,-0.0388490812715104,0.039067163927430114,0.039067163927430114,0.0015262432973326967,0,0,0.05039411
r4_plus_uncertainty,38,4,-0.04919028,-0.0325917,-0.024555027,-0.019350963,-0.0153042395,-0.011967219,-0.008954631,-0.0063146953,-0.0037927893,-0.0015030545,0.0007865426,0.0030600333,0.0053701787,0.007684383,0.0103574945,0.013303293,0.016660675,0.02052226,0.024907522,0.031752884,0.042967703,0.0007865426,2022-10-10,2022-10-04,-0.0100465207347736,0.01083306333619135,0.01083306333619135,0.00011735526124593326,0,1,0.04946255
r4_plus_uncertainty,38,5,-0.04849133,-0.032107037,-0.024076983,-0.019000178,-0.015064976,-0.011803978,-0.00891345,-0.0063453494,-0.003880637,-0.0016589256,0.0005619392,0.0027757497,0.0050617154,0.0073153577,0.009961662,0.012851613,0.016112782,0.019870859,0.02417514,0.030719008,0.041840836,0.0005619392,2022-10-11,2022-10-04,-0.0138332736073372,0.014395212810517572,0.014395212810517572,0.00020722215186008922,0,1,0.04825212
r4_plus_uncertainty,39,1,-0.04990387,-0.03357622,-0.025495157,-0.020130372,-0.015980285,-0.0125214625,-0.009489213,-0.0068539786,-0.0043865466,-0.0021575368,5.1575145e-05,0.002296947,0.004610549,0.0068925596,0.009601437,0.0125623895,0.01600377,0.020067336,0.024919866,0.03274143,0.047293786,5.1575145e-05,2022-10-12,2022-10-11,-0.0003428078850866,0.0003943830304215367,0.0003943830304215367,1.5553797468447474e-07,0,1,0.050415024
r4_plus_uncertainty,39,2,-0.049949467,-0.033578027,-0.025451776,-0.020023262,-0.015790801,-0.012300284,-0.009187668,-0.0065064663,-0.0039656567,-0.0016952277,0.0005473843,0.0028189332,0.0051633203,0.007493392,0.010249938,0.013289514,0.016786398,0.020881599,0.025663683,0.033533707,0.048005566,0.0005473843,2022-10-13,2022-10-11,0.0231817686865472,-0.0226343843671859,0.0226343843671859,0.0005123153556815095,1,1,0.05111546
r4_plus_uncertainty,39,3,-0.04997538,-0.03365521,-0.025527323,-0.02011285,-0.015942255,-0.012470166,-0.009362662,-0.0066714482,-0.0041487487,-0.0018473578,0.00044670684,0.0027245414,0.0050737364,0.0073945355,0.010126931,0.013156415,0.016591728,0.02063538,0.025354862,0.033287108,0.0480112,0.00044670684,2022-10-14,2022-10-11,-0.0305185100923809,0.030965216928027083,0.030965216928027083,0.000958844659399775,0,0,0.050882183
r4_plus_uncertainty,39,4,-0.04896364,-0.03290091,-0.025065152,-0.019862171,-0.015743786,-0.012316666,-0.009233901,-0.006524925,-0.0039452077,-0.0016168513,0.00069796975,0.002989765,0.0053320983,0.0076591005,0.01037402,0.013386129,0.016848573,0.020857861,0.025596365,0.033517726,0.048068967,0.00069796975,2022-10-17,2022-10-11,0.0324879599623965,-0.031789990212360945,0.031789990212360945,0.0010106034777020048,1,0,0.05066152
r4_plus_uncertainty,39,5,-0.049680833,-0.033325985,-0.02518753,-0.019916957,-0.015799161,-0.012359851,-0.009273734,-0.00655205,-0.0039503966,-0.0016281839,0.0006601746,0.002933256,0.0052838665,0.007604021,0.010333313,0.013365,0.016792683,0.02079877,0.025537577,0.033275053,0.047892436,0.0006601746,2022-10-18,2022-10-11,0.007877070093203,-0.007216895508721136,0.007216895508721136,5.20835807837993e-05,1,1,0.050725106
r4_plus_uncertainty,40,1,-0.05012611,-0.032785706,-0.024483077,-0.019146772,-0.015099747,-0.011750457,-0.008854706,-0.0063193915,-0.0039336924,-0.0017864499,0.00035330345,0.0025162448,0.004754838,0.006973175,0.009604891,0.012489055,0.015840646,0.019819183,0.024624856,0.03256979,0.047905114,0.00035330345,2022-10-19,2022-10-18,-0.0036537124957506,0.0040070159426507,0.0040070159426507,1.6056176764656877e-05,0,1,0.04910793
r4_plus_uncertainty,40,2,-0.049409337,-0.032565527,-0.02460382,-0.019502893,-0.015569841,-0.012336984,-0.009453891,-0.006941391,-0.004536381,-0.0023930524,-0.0002596883,0.0019092164,0.0041649174,0.0064355466,0.009149797,0.012172843,0.015714396,0.019956883,0.024957988,0.033347566,0.048646484,-0.0002596883,2022-10-20,2022-10-18,-0.005114854470836,0.004855166172152386,0.004855166172152386,2.3572638559212855e-05,1,1,0.049561806
r4_plus_uncertainty,40,3,-0.05036962,-0.03316794,-0.024973087,-0.019684637,-0.015684526,-0.012362487,-0.0094120605,-0.0068533346,-0.004450752,-0.0022591355,-7.1856026e-05,0.0021095807,0.004389678,0.0066852383,0.009421897,0.0124805365,0.015989168,0.02013666,0.024998037,0.03311956,0.04802297,-7.1856026e-05,2022-10-21,2022-10-18,0.0231771323007943,-0.02324898832669173,0.02324898832669173,0.0005405154582146484,0,1,0.049971126
r4_plus_uncertainty,40,4,-0.049409635,-0.032540336,-0.024607375,-0.019445144,-0.015457622,-0.012162163,-0.009204296,-0.0066113146,-0.0041415715,-0.0019060904,0.00032199925,0.0025367578,0.0048241057,0.007138559,0.009865966,0.012935714,0.016523644,0.020752506,0.025772741,0.03424399,0.049692728,0.00032199925,2022-10-24,2022-10-18,0.0109413627675272,-0.010619363517081684,0.010619363517081684,0.00011277088150792548,1,1,0.05038012
r4_plus_uncertainty,40,5,-0.050353702,-0.033212826,-0.02490994,-0.019643294,-0.015611083,-0.012291214,-0.009335702,-0.006722755,-0.0042165844,-0.001959322,0.0002706466,0.002504187,0.0048335805,0.007152044,0.009900705,0.012966582,0.016504008,0.02070049,0.025735524,0.03411777,0.04970721,0.0002706466,2022-10-25,2022-10-18,0.0204747341485123,-0.020204087559169796,0.020204087559169796,0.00040820515409859974,1,1,0.050645463
r4_plus_uncertainty,41,1,-0.051698383,-0.033075657,-0.024694135,-0.019429171,-0.015468935,-0.012224136,-0.009440369,-0.00698645,-0.0046738638,-0.0025913916,-0.00050497253,0.0016091596,0.003763141,0.0058662663,0.008339232,0.011028907,0.014099036,0.01772262,0.022037417,0.02876699,0.040563125,-0.00050497253,2022-10-26,2022-10-25,-0.0223440421710303,0.02183906964143272,0.02183906964143272,0.0004769449628033482,1,1,0.046731554
r4_plus_uncertainty,41,2,-0.05111175,-0.03164838,-0.02297188,-0.017593298,-0.013552342,-0.0102959545,-0.007440439,-0.0049585225,-0.0025899408,-0.0004824868,0.0016431545,0.0037700764,0.0059527825,0.008107723,0.010627259,0.013352707,0.016449697,0.020044185,0.024161173,0.030686392,0.04186912,0.0016431545,2022-10-27,2022-10-25,-0.0183740417187532,0.020017196256058436,0.020017196256058436,0.00040068814595355985,0,1,0.04713305
r4_plus_uncertainty,41,3,-0.052345864,-0.033238407,-0.024781592,-0.019460436,-0.015476918,-0.0122111635,-0.009330561,-0.006811326,-0.004442777,-0.0022938463,-0.00012215425,0.0020319219,0.0042621936,0.0064896247,0.009128194,0.012057235,0.015399103,0.019339528,0.023913262,0.031000905,0.042803455,-0.00012215425,2022-10-28,2022-10-25,0.0301420819730463,-0.030264236220993338,0.030264236220993338,0.0009159239940400852,0,0,0.048694856
r4_plus_uncertainty,41,4,-0.04989636,-0.031974904,-0.023910465,-0.018743413,-0.014785141,-0.011565844,-0.008673563,-0.006138357,-0.003729561,-0.0015478653,0.00062469643,0.0027713447,0.004951958,0.00714068,0.00968803,0.012526943,0.015782056,0.019564258,0.023935026,0.030817967,0.04224576,0.00062469643,2022-10-31,2022-10-25,-0.0116960489044551,0.012320745337533598,0.012320745337533598,0.00015180076567235587,0,1,0.04784549
r4_plus_uncertainty,41,5,-0.04993602,-0.031691067,-0.023203386,-0.01792407,-0.013939112,-0.010691192,-0.007835707,-0.005300592,-0.0028767467,-0.0006848351,0.0014944084,0.0036562886,0.0058532595,0.008005505,0.010515623,0.013268346,0.016364345,0.019932533,0.024053073,0.030400086,0.04142312,0.0014944084,2022-11-01,2022-10-25,-0.0102703591731032,0.011764767525403725,0.011764767525403725,0.00013840975492679407,0,1,0.04725646
r4_plus_uncertainty,42,1,-0.046553433,-0.030087484,-0.022312606,-0.017325984,-0.013536264,-0.010408967,-0.007720017,-0.0053597833,-0.0031387464,-0.0011492628,0.0008368731,0.0028570706,0.0049500875,0.007018619,0.009476878,0.012165036,0.015254958,0.018902503,0.02324996,0.030072127,0.04197757,0.0008368731,2022-11-02,2022-11-01,-0.0348785160885288,0.03571538916631626,0.03571538916631626,0.0012755890233014208,0,0,0.045562565
r4_plus_uncertainty,42,2,-0.048114292,-0.031435274,-0.023525972,-0.018424785,-0.014496666,-0.01129211,-0.008455873,-0.005999436,-0.0036560094,-0.0015775305,0.00048872735,0.0025850837,0.0047543477,0.0069207875,0.009484388,0.012311191,0.015574328,0.019436833,0.023897866,0.031046158,0.04312884,0.00048872735,2022-11-03,2022-11-01,-0.0197278218585731,0.020216549212086342,0.020216549212086342,0.00040870886204470887,0,1,0.04742384
r4_plus_uncertainty,42,3,-0.048850793,-0.032094,-0.024049306,-0.018798552,-0.014823141,-0.011549781,-0.008655046,-0.006146794,-0.0038073692,-0.0016879777,0.00043255868,0.0025441078,0.0047385506,0.006933242,0.009521627,0.012390131,0.015667278,0.019519508,0.02400618,0.031221736,0.043485872,0.00043255868,2022-11-04,2022-11-01,0.0159569279410219,-0.015524369263164157,0.015524369263164157,0.00024100604101907604,1,1,0.048055485
r4_plus_uncertainty,42,4,-0.048249334,-0.03179652,-0.023904113,-0.018734466,-0.01476676,-0.011532214,-0.008645915,-0.0061266716,-0.0037397626,-0.0016059149,0.00052032404,0.0026392937,0.004825191,0.007049966,0.009653551,0.012569856,0.015934132,0.01985447,0.024407573,0.03173958,0.043976042,0.00052032404,2022-11-07,2022-11-01,0.0109346123015244,-0.010414288258060485,0.010414288258060485,0.0001084573999219765,1,1,0.048311688
r4_plus_uncertainty,42,5,-0.04892831,-0.032325663,-0.024118766,-0.01887119,-0.014862204,-0.0115905935,-0.008712627,-0.006173912,-0.0037513133,-0.001577663,0.000565536,0.0027086707,0.0049409266,0.007145041,0.009744169,0.012617727,0.015879607,0.019666743,0.024124084,0.031151757,0.043552022,0.000565536,2022-11-08,2022-11-01,0.0072605502087353,-0.006695014237771762,0.006695014237771762,4.482321564396661e-05,1,1,0.048242852
r4_plus_uncertainty,43,1,-0.049737882,-0.033458624,-0.025687499,-0.020523293,-0.016527701,-0.01316727,-0.010207477,-0.0076188985,-0.005177979,-0.0029573245,-0.00073940895,0.0015144285,0.0038218824,0.0060741804,0.008713676,0.011566122,0.014824612,0.018631402,0.023105362,0.029949876,0.042197194,-0.00073940895,2022-11-09,2022-11-08,-0.023346595266923,0.02260718631892993,0.02260718631892993,0.0005110848732588126,1,1,0.04879286
r4_plus_uncertainty,43,2,-0.04924762,-0.03324017,-0.025753548,-0.020789353,-0.016870897,-0.013594277,-0.010626461,-0.008038116,-0.005559934,-0.003322336,-0.0010901432,0.0011822019,0.0035133064,0.005846314,0.008598269,0.011616201,0.0150980875,0.019203972,0.023944348,0.031326402,0.04378251,-0.0010901432,2022-11-10,2022-11-08,0.0711929997477418,-0.07228314297289758,0.07228314297289758,0.005224852758040352,0,0,0.0496979
r4_plus_uncertainty,43,3,-0.051478084,-0.034482438,-0.026268903,-0.020775149,-0.01655701,-0.013022974,-0.009869666,-0.0071324557,-0.004560771,-0.0022072135,0.00014069998,0.0024750684,0.004862433,0.0072118803,0.009946002,0.012935589,0.016279634,0.020136785,0.024506584,0.031426664,0.043580156,0.00014069998,2022-11-11,2022-11-08,0.0182584576680964,-0.018117757688130825,0.018117757688130825,0.0003282531436458236,1,1,0.050775487
r4_plus_uncertainty,43,4,-0.05025176,-0.03393049,-0.026033862,-0.020749249,-0.016596692,-0.013147026,-0.010041086,-0.0072974563,-0.0046775336,-0.0023154346,3.208677e-05,0.0023586424,0.0047403146,0.0071125175,0.009882857,0.012955332,0.016455593,0.020477984,0.0250735,0.03235006,0.044917375,3.208677e-05,2022-11-14,2022-11-08,-0.0087896716733245,0.008821758442676235,0.008821758442676235,7.782342202092944e-05,0,1,0.051107362
r4_plus_uncertainty,43,5,-0.051777147,-0.034980174,-0.026605722,-0.021157984,-0.016921014,-0.013407644,-0.010258141,-0.007463784,-0.004774714,-0.0023612096,2.3484521e-05,0.0023914562,0.0048403675,0.0072439564,0.0100516,0.013140011,0.016591316,0.02056286,0.025127508,0.03219465,0.045013636,2.3484521e-05,2022-11-15,2022-11-08,0.0137435381227701,-0.01372005360169029,0.01372005360169029,0.00018823987083325472,1,1,0.05173323
r4_plus_uncertainty,44,1,-0.057847064,-0.03902219,-0.029869244,-0.023854876,-0.019146599,-0.01521093,-0.011798554,-0.00879228,-0.0059428103,-0.0034004117,-0.00083294715,0.0017813349,0.0044685104,0.0071428083,0.010311532,0.013812178,0.01785987,0.022634208,0.028251238,0.03689433,0.051184263,-0.00083294715,2022-11-16,2022-11-15,-0.01374353812277,0.012910590977088172,0.012910590977088172,0.00016668335937767052,1,1,0.05812048
r4_plus_uncertainty,44,2,-0.056374695,-0.037578207,-0.028449895,-0.022388425,-0.017643724,-0.013747948,-0.010305498,-0.007310228,-0.004447598,-0.0019023637,0.000666473,0.0032637627,0.0059595387,0.008647103,0.011823542,0.015333563,0.019425936,0.024212485,0.029709304,0.038345583,0.052549012,0.000666473,2022-11-17,2022-11-15,-0.0022094332073834,0.002875906210022068,0.002875906210022068,8.270836528843495e-06,0,1,0.0581592
r4_plus_uncertainty,44,3,-0.056553412,-0.037503798,-0.028068285,-0.02186342,-0.017113483,-0.013184247,-0.009708728,-0.006689365,-0.0038571525,-0.0012767434,0.0013419245,0.003945737,0.0066291722,0.00927879,0.012369737,0.015791722,0.01967115,0.024188863,0.029335909,0.0375663,0.0512321,0.0013419245,2022-11-18,2022-11-15,3.4852794622352704e-05,0.0013070717423508853,0.0013070717423508853,1.7084365396521793e-06,1,1,0.057404194
r4_plus_uncertainty,44,4,-0.054315835,-0.036131334,-0.027333021,-0.021507626,-0.016932666,-0.013167466,-0.009784895,-0.0068296576,-0.0040091476,-0.0014341648,0.0011496998,0.0037148276,0.006345932,0.009008609,0.012090294,0.015513566,0.019469451,0.024029229,0.029249543,0.037545387,0.05145022,0.0011496998,2022-11-21,2022-11-15,-0.0103403721975027,0.011490071987905947,0.011490071987905947,0.00013202175428726092,0,1,0.056582563
r4_plus_uncertainty,44,5,-0.054660574,-0.036603447,-0.027627802,-0.021838594,-0.017303672,-0.0135550015,-0.010251309,-0.007322108,-0.004520463,-0.0019955954,0.0005264756,0.0030487115,0.0056771543,0.008293066,0.011370889,0.014751608,0.018618628,0.023085885,0.02827406,0.036324542,0.05018506,0.0005264756,2022-11-22,2022-11-15,0.0143000820357924,-0.013773606432100167,0.013773606432100167,0.0001897122341463911,1,1,0.055901863
r4_plus_uncertainty,45,1,-0.048115302,-0.03214148,-0.024625387,-0.019665543,-0.015817333,-0.012606512,-0.009851219,-0.0074236067,-0.0051319003,-0.003085856,-0.001032138,0.0010574888,0.0032116713,0.005323803,0.007819943,0.010567618,0.013738633,0.017534502,0.02213524,0.02955529,0.04310546,-0.001032138,2022-11-23,2022-11-22,0.0099868096569733,-0.01101894766746026,0.01101894766746026,0.00012141720769822791,0,1,0.046760626
r4_plus_uncertainty,45,2,-0.047673326,-0.031323075,-0.023730475,-0.018733775,-0.014837811,-0.011631398,-0.008791194,-0.006312546,-0.003947941,-0.0018449649,0.00027137116,0.0024079646,0.0046163374,0.0068048,0.009379283,0.012195423,0.015473671,0.01937487,0.023940593,0.03133922,0.04424167,0.00027137116,2022-11-25,2022-11-22,-0.0066002495634748,0.006871620721780355,0.006871620721780355,4.721917134400117e-05,0,1,0.04767107
r4_plus_uncertainty,45,3,-0.04801578,-0.03129257,-0.02328861,-0.018035663,-0.014042112,-0.010761649,-0.00787255,-0.005373556,-0.0030502728,-0.00095727894,0.0011385686,0.00322703,0.005388295,0.007518485,0.010013699,0.012781848,0.015950305,0.019708842,0.024154302,0.031371415,0.04419976,0.0011385686,2022-11-28,2022-11-22,-0.0147820188776993,0.015920587500690742,0.015920587500690742,0.0002534651063671503,0,1,0.047442913
r4_plus_uncertainty,45,4,-0.047782205,-0.031118497,-0.023200316,-0.018011112,-0.01403197,-0.010810339,-0.007938507,-0.0054465462,-0.0030866629,-0.0009663173,0.0011490181,0.00326224,0.005437181,0.0076369043,0.010191628,0.013042297,0.016326193,0.02015313,0.024608849,0.03181661,0.044638243,0.0011490181,2022-11-29,2022-11-22,-0.0075982559608747,0.00874727402315333,0.00874727402315333,7.651480283613303e-05,0,1,0.047809165
r4_plus_uncertainty,45,5,-0.04823805,-0.031797033,-0.023809088,-0.018653972,-0.014704019,-0.011461508,-0.008602509,-0.0060722753,-0.0036562847,-0.0014767211,0.0006881901,0.0028536653,0.005105402,0.007329704,0.009957994,0.012861469,0.016185023,0.020084677,0.024715653,0.03206967,0.045536403,0.0006881901,2022-11-30,2022-11-22,0.0445771185399161,-0.0438889284336136,0.0438889284336136,0.0019262380390508561,1,0,0.04852474
r4_plus_uncertainty,46,1,-0.04712763,-0.029968,-0.022151193,-0.017229266,-0.01347824,-0.010379512,-0.007674008,-0.0052701654,-0.0029784034,-0.00088250294,0.0012526294,0.0034454004,0.0056770765,0.007867714,0.010436989,0.013229624,0.01643038,0.020207122,0.024756324,0.032123636,0.046874933,0.0012526294,2022-12-01,2022-11-30,0.0012265523393986,2.607710553582769e-05,2.607710553582769e-05,6.800154331266952e-10,1,1,0.046907514
r4_plus_uncertainty,46,2,-0.049167134,-0.031485956,-0.023440177,-0.018395763,-0.014515389,-0.011340786,-0.008505984,-0.0060308347,-0.0036272607,-0.0014500718,0.00075458357,0.0030042736,0.005288532,0.0075677545,0.010233281,0.013148385,0.016471345,0.02040208,0.02495482,0.03254948,0.047100883,0.00075458357,2022-12-02,2022-11-30,-0.0039914346199452,0.004746018188723089,0.004746018188723089,2.2524688647690386e-05,0,1,0.048394997
r4_plus_uncertainty,46,3,-0.049637,-0.032383252,-0.024436086,-0.019356743,-0.015479248,-0.012255534,-0.009362572,-0.0068313754,-0.0044211475,-0.0021995904,6.599567e-05,0.0023410236,0.004662745,0.0069808476,0.009703021,0.012715991,0.016131463,0.020188436,0.024928896,0.032763347,0.04761797,6.599567e-05,2022-12-05,2022-11-30,-0.016925727532847,0.016991723204167707,0.016991723204167707,0.0002887186574470513,0,1,0.049364984
r4_plus_uncertainty,46,4,-0.04859604,-0.031936754,-0.024302982,-0.019327052,-0.015432166,-0.012199442,-0.009263346,-0.00667431,-0.0041772723,-0.0018939701,0.00041135255,0.002717875,0.005048891,0.0073767113,0.010078099,0.01308317,0.016531238,0.020586139,0.025375124,0.033319324,0.04844663,0.00041135255,2022-12-06,2022-11-30,-0.0209381938320678,0.02134954638221304,0.02134954638221304,0.00045580313072626587,0,1,0.049678106
r4_plus_uncertainty,46,5,-0.049070295,-0.032346454,-0.024349388,-0.019258572,-0.01531941,-0.012064444,-0.009161551,-0.0065849256,-0.00408032,-0.0018041383,0.000508315,0.0028261445,0.005206842,0.0075359917,0.010247761,0.0132199265,0.01656725,0.020486236,0.025092056,0.032621045,0.04760456,0.000508315,2022-12-07,2022-11-30,-0.0040908468304449,0.004599161818555114,0.004599161818555114,2.1152289433255188e-05,0,1,0.049441442
r4_plus_uncertainty,47,1,-0.042992856,-0.026989501,-0.019663544,-0.015012576,-0.011482491,-0.0085526155,-0.006017058,-0.0037551648,-0.0016033355,0.00033633842,0.0023076143,0.004314112,0.00637378,0.008410476,0.010834362,0.013487898,0.016569318,0.020235969,0.024687195,0.031976607,0.045832176,0.0023076143,2022-12-08,2022-12-07,0.0117650738885997,-0.00945745957702381,0.00945745957702381,8.944354165103939e-05,1,1,0.04435074
r4_plus_uncertainty,47,2,-0.046713516,-0.029884048,-0.022193566,-0.01730088,-0.013551571,-0.010474248,-0.0077363336,-0.0053288257,-0.003005433,-0.00092471496,0.0011871407,0.0033143396,0.0055280398,0.0077227512,0.01031301,0.013156092,0.016454076,0.020378526,0.024959205,0.03264808,0.04667018,0.0011871407,2022-12-09,2022-12-07,-0.0063970690060444,0.007584209710177017,0.007584209710177017,5.752023692794335e-05,0,1,0.047152773
r4_plus_uncertainty,47,3,-0.04777209,-0.031245936,-0.023659501,-0.018763157,-0.015027423,-0.011900591,-0.00908693,-0.0066077113,-0.004252039,-0.0020895996,0.000113815564,0.0023109526,0.0046024327,0.006882219,0.009580729,0.012600412,0.016090017,0.020278228,0.025266722,0.033658925,0.048770584,0.000113815564,2022-12-12,2022-12-07,0.0124734717374951,-0.012359656173531373,0.012359656173531373,0.0001527611007279122,1,1,0.048926223
r4_plus_uncertainty,47,4,-0.04765204,-0.031291403,-0.023802938,-0.018873412,-0.015023332,-0.011839865,-0.008962747,-0.006423901,-0.0039898683,-0.0017660115,0.00048663997,0.00272974,0.005028858,0.0073649287,0.010089543,0.013139471,0.016714165,0.02094994,0.026011756,0.03459758,0.04983971,0.00048663997,2022-12-13,2022-12-07,0.0106926936680402,-0.010206053699454976,0.010206053699454976,0.0001041635321161586,1,1,0.049814694
r4_plus_uncertainty,47,5,-0.049564097,-0.032545418,-0.024525011,-0.01943637,-0.015506823,-0.012243997,-0.0093462765,-0.0067588175,-0.0042620893,-0.0019842281,0.00028921306,0.0025842912,0.004953876,0.007311179,0.010086298,0.013165473,0.016738297,0.020988952,0.026146328,0.03471368,0.050443772,0.00028921306,2022-12-14,2022-12-07,-0.0074416374260686,0.007730850483908843,0.007730850483908843,5.976604920455359e-05,0,1,0.05067134
r4_plus_uncertainty,48,1,-0.043011863,-0.028227542,-0.020984821,-0.016320067,-0.0127741685,-0.009842266,-0.0073080007,-0.005081908,-0.0029867801,-0.0011057429,0.0007550599,0.0026403035,0.004599134,0.0065241363,0.008806895,0.011292623,0.014170367,0.017593388,0.021738056,0.028629342,0.042001285,0.0007550599,2022-12-15,2022-12-14,-0.0341528970447647,0.034907956926831844,0.034907956926831844,0.0012185654568055474,0,0,0.042722877
r4_plus_uncertainty,48,2,-0.04438053,-0.029435793,-0.022117432,-0.017386196,-0.013744496,-0.010773384,-0.008138769,-0.005860959,-0.0036925822,-0.0017671174,0.00015073673,0.002086676,0.004096152,0.0061103315,0.008496325,0.011128988,0.014204376,0.01789246,0.022272406,0.029674293,0.04334257,0.00015073673,2022-12-16,2022-12-14,-0.0095800136513024,0.009730750378239283,0.009730750378239283,9.468750292360396e-05,0,1,0.044389836
r4_plus_uncertainty,48,3,-0.04608433,-0.030422004,-0.022540228,-0.017409785,-0.0135416845,-0.010372796,-0.0075916396,-0.005195743,-0.0029695618,-0.00095831626,0.0010405047,0.0030288477,0.005095887,0.00714132,0.009542986,0.012218999,0.015296378,0.018960197,0.02332232,0.030732475,0.044568606,0.0010405047,2022-12-19,2022-12-14,-0.0141534173290955,0.015193921992346841,0.015193921992346841,0.000230855265509521,0,1,0.045862548
r4_plus_uncertainty,48,4,-0.04493325,-0.030007444,-0.022570778,-0.01767115,-0.013885191,-0.010790786,-0.008019773,-0.0055991993,-0.0033038151,-0.0012405053,0.0008140373,0.0028558508,0.004962615,0.0070856474,0.009568018,0.0123419305,0.015582151,0.019415503,0.023985542,0.0317672,0.04602556,0.0008140373,2022-12-20,2022-12-14,-0.0007788611213454,0.001592898402433931,0.001592898402433931,2.5373253204765693e-06,0,1,0.04655632
r4_plus_uncertainty,48,5,-0.04589512,-0.030301884,-0.02242555,-0.017408209,-0.013588325,-0.010461059,-0.0076981625,-0.0052612238,-0.0029293937,-0.0008334154,0.0012331993,0.0032964663,0.005436502,0.007551276,0.01005088,0.0128393695,0.016044445,0.019851653,0.024458151,0.03214174,0.04651199,0.0012331993,2022-12-21,2022-12-14,0.0144018406264291,-0.013168641364368875,0.013168641364368875,0.00017341311538336695,1,1,0.046883702
r4_plus_uncertainty,49,1,-0.040016603,-0.025935754,-0.01923553,-0.014899021,-0.011559623,-0.0087943245,-0.0063825147,-0.004241053,-0.00221623,-0.00038521353,0.0014369424,0.0032932095,0.005204028,0.0070898035,0.009326534,0.011762369,0.01457293,0.017905207,0.021940421,0.028611116,0.041731123,0.0014369424,2022-12-22,2022-12-21,-0.0247695090055399,0.026206451378942317,0.026206451378942317,0.0006867780938768676,0,0,0.041175954
r4_plus_uncertainty,49,2,-0.041901954,-0.0274991,-0.0205833,-0.016117742,-0.012653853,-0.009812686,-0.007274217,-0.0050628595,-0.0029204453,-0.0010002191,0.0009139851,0.0028575233,0.0048460416,0.0068221614,0.009153328,0.011708063,0.014633157,0.018098595,0.022159802,0.029029999,0.04229256,0.0009139851,2022-12-23,2022-12-21,0.0022467920847749,-0.001332807011208463,0.001332807011208463,1.7763745291264363e-06,1,1,0.0427431
r4_plus_uncertainty,49,3,-0.041877773,-0.027820338,-0.020997832,-0.016516497,-0.013070432,-0.010206274,-0.0076478273,-0.0054102484,-0.003298953,-0.0013719052,0.00055863603,0.0024950756,0.004483139,0.0064617093,0.008793843,0.011367943,0.014304597,0.017798977,0.021947296,0.028969329,0.042510677,0.00055863603,2022-12-27,2022-12-21,-0.0142390509831932,0.014797687018032055,0.014797687018032055,0.00021897154108363443,0,1,0.042945128
r4_plus_uncertainty,49,4,-0.041167643,-0.027515266,-0.0208913,-0.016512368,-0.013096271,-0.010271532,-0.0077117225,-0.005468695,-0.0033230337,-0.0013845378,0.0005549146,0.0024983918,0.004483902,0.006477044,0.008788095,0.011360868,0.014315717,0.017783448,0.021920465,0.028931288,0.042351473,0.0005549146,2022-12-28,2022-12-21,-0.0132907915406687,0.013845706126914714,0.013845706126914714,0.00019170357815288366,0,1,0.042811766
r4_plus_uncertainty,49,5,-0.041419897,-0.027647454,-0.020820223,-0.016394902,-0.012977249,-0.010153999,-0.0076348446,-0.005399628,-0.003249954,-0.001307319,0.0006384193,0.0025851144,0.0046057687,0.006586982,0.008914024,0.011479592,0.014397992,0.017836863,0.02198931,0.028883288,0.04233702,0.0006384193,2022-12-29,2022-12-21,0.0240827251932938,-0.023444305896701326,0.023444305896701326,0.0005496354789781046,1,0,0.04280953
