model,window,horizon,q0.01,q0.05,q0.1,q0.15,q0.2,q0.25,q0.3,q0.35,q0.4,q0.45,q0.5,q0.55,q0.6,q0.65,q0.7,q0.75,q0.8,q0.85,q0.9,q0.95,q0.99,prediction,date,forecast_origin,actual,error,abs_error,squared_error,correct_direction,interval_coverage,interval_width
r5_plus_fed,0,1,-0.024510957,-0.013567456,-0.008847095,-0.0060358043,-0.0039841714,-0.0023759552,-0.0010265695,0.0001359497,0.0012156618,0.0021564127,0.0030905327,0.004024371,0.004959847,0.0058783367,0.0069854353,0.008198959,0.009629854,0.011393624,0.013642636,0.017694231,0.02627448,0.0030905327,2022-01-03,2021-12-31,0.0095804990329134,-0.006489966303511216,0.006489966303511216,4.2119662620711035e-05,1,1,0.02248973
r5_plus_fed,0,2,-0.024673661,-0.013765159,-0.009104361,-0.006310864,-0.0042802216,-0.0026879585,-0.0013237781,-0.00017719076,0.00090310024,0.0018415784,0.00279862,0.003743752,0.004719298,0.005675488,0.006806794,0.008060199,0.00951195,0.0113071175,0.013519445,0.01755268,0.026026715,0.00279862,2022-01-04,2021-12-31,-0.0130553983953836,0.015854018308320884,0.015854018308320884,0.00025134989652057376,0,0,0.022623807
r5_plus_fed,0,3,-0.024973819,-0.013935611,-0.009297377,-0.0065478194,-0.0045453063,-0.0029464187,-0.0015724777,-0.00039442664,0.0006843764,0.0016520119,0.0026395065,0.00361457,0.004606581,0.0055693192,0.006701578,0.007963345,0.0094176615,0.011232876,0.013497843,0.017574767,0.026239851,0.0026395065,2022-01-05,2021-12-31,-0.0312028366890261,0.033842343166888694,0.033842343166888694,0.0011453041910254578,0,0,0.02279522
r5_plus_fed,0,4,-0.02536172,-0.014096534,-0.0092782425,-0.0063964566,-0.004305578,-0.0026822616,-0.0012647609,-9.364949e-05,0.0009795323,0.0019261906,0.0028790198,0.003836711,0.0047943275,0.0057700444,0.0068848277,0.008154608,0.009650892,0.011497547,0.01381714,0.018020649,0.026757352,0.0028790198,2022-01-06,2021-12-31,-0.0007028603978874,0.0035818802245380196,0.0035818802245380196,1.2829865942936535e-05,0,1,0.023095382
r5_plus_fed,0,5,-0.025876312,-0.014529176,-0.009591989,-0.00665893,-0.0045447843,-0.0028791102,-0.00147918,-0.00028828788,0.00079582806,0.0017707675,0.0027536897,0.0037479573,0.0047561326,0.0057522794,0.006929777,0.008261448,0.009828842,0.011786018,0.014301198,0.018768808,0.027973006,0.0027536897,2022-01-07,2021-12-31,-0.0108917917743604,0.013645481426669222,0.013645481426669222,0.0001861991633655747,0,0,0.023893187
r5_plus_fed,1,1,-0.036158193,-0.021294432,-0.014703428,-0.010643809,-0.007640224,-0.005233853,-0.0031906287,-0.0014121158,0.00023635477,0.001669536,0.0030612606,0.0044432604,0.005846805,0.0072142463,0.008843027,0.010589508,0.012619604,0.015057789,0.018049095,0.023113135,0.03319751,0.0030612606,2022-01-10,2022-01-07,0.0006578193180862,0.002403441244303889,0.002403441244303889,5.776529814821025e-06,1,1,0.03275252
r5_plus_fed,1,2,-0.03821743,-0.023410413,-0.016850466,-0.0127885435,-0.00976084,-0.007319737,-0.0051849126,-0.0033475026,-0.0016122512,-9.881577e-05,0.0013998128,0.0028876183,0.0044158557,0.005903871,0.007654431,0.009546845,0.011721661,0.014312345,0.017406613,0.022733802,0.033025134,0.0013998128,2022-01-11,2022-01-07,0.0149103226575203,-0.013510509903276688,0.013510509903276688,0.00018253387784653745,1,1,0.034257077
r5_plus_fed,1,3,-0.03832999,-0.023127448,-0.016442169,-0.012261409,-0.009120526,-0.006556457,-0.004331242,-0.0023972548,-0.00063001004,0.00093115156,0.0024630516,0.0039793584,0.0055414434,0.0070699183,0.00885587,0.010850192,0.013125116,0.015892647,0.019235112,0.024943989,0.035867255,0.0024630516,2022-01-12,2022-01-07,0.0039576826613383,-0.0014946310777203741,0.0014946310777203741,2.233922058487567e-06,1,1,0.03567728
r5_plus_fed,1,4,-0.041951116,-0.026529182,-0.019659193,-0.01532232,-0.012085138,-0.009494243,-0.007187102,-0.005203811,-0.0033396883,-0.0016647091,7.764087e-06,0.0016668434,0.0033472613,0.0050116633,0.0068995766,0.008960478,0.011328551,0.014116513,0.017497513,0.023390029,0.034467995,7.764087e-06,2022-01-13,2022-01-07,-0.025334333807699,0.025342097894757602,0.025342097894757602,0.0006422219257074777,0,0,0.03715671
r5_plus_fed,1,5,-0.042855874,-0.027034067,-0.019781632,-0.015288126,-0.0120069515,-0.009364514,-0.007073316,-0.0050751306,-0.0032136803,-0.0015305786,0.00012516894,0.001783614,0.0034758013,0.0051343413,0.007072248,0.009214618,0.011650852,0.014580037,0.018211877,0.02446844,0.036292598,0.00012516894,2022-01-14,2022-01-07,0.006203104092486,-0.006077935153364932,0.006077935153364932,3.6941295728509204e-05,1,1,0.03799351
r5_plus_fed,2,1,-0.036717143,-0.022671808,-0.016776087,-0.013292234,-0.010748811,-0.008742191,-0.007061073,-0.0055829603,-0.0042051952,-0.0029708166,-0.0017371639,-0.00048798427,0.0007707535,0.0019871008,0.003422663,0.0049764924,0.0067436746,0.008878058,0.0114891995,0.015891043,0.02448287,-0.0017371639,2022-01-18,2022-01-14,-0.0252092174878937,0.023472053620092272,0.023472053620092272,0.0005509373011444868,1,0,0.028265286
r5_plus_fed,2,2,-0.036181252,-0.02193692,-0.015867474,-0.012243733,-0.009573806,-0.007450675,-0.005607246,-0.0040241517,-0.0025232122,-0.0011897427,0.00016364787,0.0015089213,0.0028633215,0.0041753026,0.0057012197,0.007337002,0.009208044,0.01146042,0.014146185,0.018720953,0.027504133,0.00016364787,2022-01-19,2022-01-14,-0.0110441809309993,0.011207828801066806,0.011207828801066806,0.0001256154264340226,0,1,0.030013658
r5_plus_fed,2,3,-0.036507722,-0.021652017,-0.015391463,-0.011626145,-0.00884553,-0.006603749,-0.0046681766,-0.0029862965,-0.0014316074,-3.029767e-05,0.0014013497,0.0028186939,0.0042382283,0.0056080953,0.007166034,0.00888313,0.010800237,0.013124935,0.015907688,0.020620298,0.029674249,0.0014013497,2022-01-20,2022-01-14,-0.0130734207566903,0.014474770426012671,0.014474770426012671,0.00020951897888577103,0,1,0.03129915
r5_plus_fed,2,4,-0.038915448,-0.023625016,-0.01698464,-0.012963779,-0.0100339465,-0.007738221,-0.005715335,-0.0039883517,-0.0023759992,-0.00091410964,0.0005777726,0.0020588604,0.003523963,0.004966014,0.006574151,0.008334962,0.010331158,0.012697902,0.015556257,0.020417796,0.029608104,0.0005777726,2022-01-21,2022-01-14,-0.0281204604847812,0.02869823310305261,0.02869823310305261,0.0008235885832371448,0,0,0.032540895
r5_plus_fed,2,5,-0.03868984,-0.023989322,-0.017450044,-0.013480822,-0.010582175,-0.008267244,-0.006269374,-0.0045243986,-0.00289476,-0.0014070976,9.716302e-05,0.0015963523,0.0030968783,0.0045275297,0.0061969357,0.008012976,0.010083014,0.012585033,0.015678326,0.020859255,0.03052756,9.716302e-05,2022-01-24,2022-01-14,0.004567374731204,-0.004470211709639516,0.004470211709639516,1.9982792728998248e-05,1,1,0.03312837
r5_plus_fed,3,1,-0.06792722,-0.042872436,-0.03191812,-0.025214376,-0.02031748,-0.016422655,-0.013159408,-0.010331952,-0.007746264,-0.0054420647,-0.0031749248,-0.0009134038,0.0013490763,0.003511636,0.0060261646,0.0087302765,0.011823142,0.015549014,0.020099504,0.02786925,0.044181023,-0.0031749248,2022-01-25,2022-01-24,-0.0234542649391225,0.02027934018179089,0.02027934018179089,0.0004112516382087986,1,1,0.05201762
r5_plus_fed,3,2,-0.067403026,-0.04171266,-0.03054813,-0.023757365,-0.018800478,-0.01485116,-0.011474126,-0.008592351,-0.0059428154,-0.0036123078,-0.0012938617,0.0009902604,0.0033011287,0.005526235,0.008115237,0.010904537,0.014107185,0.017950216,0.022545898,0.030458592,0.04680869,-0.0012938617,2022-01-26,2022-01-24,-0.0015661684681545,0.00027230681170476475,0.00027230681170476475,7.415099970081421e-08,1,1,0.05309403
r5_plus_fed,3,3,-0.06752666,-0.04183706,-0.03073788,-0.023935588,-0.018983431,-0.015003486,-0.011596018,-0.008679452,-0.00601877,-0.003656106,-0.0013048117,0.0009910718,0.0033050631,0.005538422,0.0081294095,0.010977239,0.014235319,0.018184463,0.022981577,0.031299494,0.04868796,-0.0013048117,2022-01-27,2022-01-24,-0.0101213095758751,0.008816497894254323,0.008816497894254323,7.77306351193909e-05,1,1,0.053719457
r5_plus_fed,3,4,-0.064792216,-0.04031867,-0.029636275,-0.023025285,-0.018130697,-0.014263784,-0.010882201,-0.007979918,-0.0052867415,-0.002881071,-0.00049790996,0.0018407663,0.004176498,0.0064502866,0.009055042,0.011917891,0.015176526,0.019032264,0.023672814,0.031758133,0.048324753,-0.00049790996,2022-01-28,2022-01-24,0.0308870537331272,-0.0313849636943955,0.0313849636943955,0.0009850159460985236,0,0,0.05330909
r5_plus_fed,3,5,-0.063938655,-0.03971679,-0.028624589,-0.021884704,-0.017040024,-0.013186536,-0.009886927,-0.007027102,-0.0043704878,-0.0019810107,0.00039557862,0.0027491858,0.0051135286,0.007384127,0.010024982,0.0128975585,0.016116086,0.019933509,0.024575775,0.03244252,0.048836175,0.00039557862,2022-01-31,2022-01-24,0.0314777100662097,-0.03108213144292605,0.03108213144292605,0.0009660988950353322,1,0,0.053200364
r5_plus_fed,4,1,-0.06608719,-0.04148901,-0.029492702,-0.022374602,-0.017268298,-0.013213339,-0.009845313,-0.0069631548,-0.004327176,-0.001989483,0.00031032658,0.002615369,0.0049862796,0.007303972,0.010032089,0.013019542,0.016504342,0.020631742,0.025656773,0.034423433,0.05203531,0.00031032658,2022-02-01,2022-01-31,0.0067803478947039,-0.006470021317539668,0.006470021317539668,4.1861175849417735e-05,1,1,0.055149473
r5_plus_fed,4,2,-0.06620777,-0.03931989,-0.026694028,-0.019407507,-0.014358031,-0.010469948,-0.0071979347,-0.004420795,-0.001846306,0.00042158447,0.002677393,0.004954285,0.0073254094,0.009614876,0.012324659,0.015343748,0.018820679,0.022920655,0.027813544,0.036531508,0.053665176,0.002677393,2022-02-02,2022-01-31,0.008092541077422,-0.0054151481643934015,0.0054151481643934015,2.9323829642333227e-05,1,1,0.054507572
r5_plus_fed,4,3,-0.06506466,-0.040202502,-0.028218003,-0.021334028,-0.016509263,-0.012710355,-0.009489138,-0.00675688,-0.004280533,-0.0020957491,7.517816e-05,0.0022244458,0.004467666,0.006708977,0.00936077,0.012362661,0.01583313,0.020011969,0.025046231,0.03386914,0.050779544,7.517816e-05,2022-02-03,2022-01-31,-0.0413885663331113,0.04146374449577175,0.04146374449577175,0.001719242107610642,0,0,0.053264234
r5_plus_fed,4,4,-0.060099445,-0.03766265,-0.027110482,-0.020991847,-0.016529689,-0.012974936,-0.009858459,-0.00719956,-0.004742679,-0.0025691802,-0.00044988102,0.0016499555,0.0037697225,0.0058706957,0.008326292,0.011096078,0.014328477,0.01818432,0.023011792,0.03172936,0.04849837,-0.00044988102,2022-02-04,2022-01-31,0.0125361740226399,-0.012986055038451015,0.012986055038451015,0.000168637625461679,0,1,0.050122276
r5_plus_fed,4,5,-0.06049158,-0.037190516,-0.02634064,-0.020191774,-0.015769046,-0.01225292,-0.00924245,-0.0066518206,-0.004268316,-0.0021287156,-9.1978e-06,0.0020970355,0.004241522,0.0063329265,0.0088130785,0.011570548,0.014748287,0.018597411,0.023462957,0.032109223,0.048801385,-9.1978e-06,2022-02-07,2022-01-31,-0.0080770417023321,0.008067843902377537,0.008067843902377537,6.509010523313041e-05,1,1,0.049803596
r5_plus_fed,5,1,-0.045351934,-0.026659288,-0.018267263,-0.013367237,-0.009895562,-0.007165339,-0.004859114,-0.0028373152,-0.00094139454,0.0007463127,0.002428849,0.0040995944,0.0057653845,0.007367254,0.009241266,0.01124263,0.013545041,0.016314063,0.0196999,0.025465002,0.037485532,0.002428849,2022-02-08,2022-02-07,0.0111726842109193,-0.008743835216023484,0.008743835216023484,7.645465428497244e-05,1,1,0.03796716
r5_plus_fed,5,2,-0.048513163,-0.029507162,-0.021006389,-0.015990736,-0.012447869,-0.009671878,-0.0072833803,-0.005235187,-0.0033121947,-0.0016148109,9.6335774e-05,0.0017827316,0.0034899535,0.00513881,0.0070670187,0.009160734,0.011604989,0.014538353,0.018063797,0.02410373,0.036051568,9.6335774e-05,2022-02-09,2022-02-07,0.0209693453836038,-0.020873009609316217,0.020873009609316217,0.0004356825301506071,1,0,0.039070185
r5_plus_fed,5,3,-0.046578705,-0.027702691,-0.019187815,-0.014168967,-0.010586174,-0.0077441847,-0.0053062993,-0.0032042037,-0.001273578,0.00044874748,0.0021870167,0.0038946397,0.005629025,0.0073036924,0.009257941,0.01142372,0.013902442,0.01690025,0.020513864,0.02662048,0.038884882,0.0021870167,2022-02-10,2022-02-07,-0.0228925506097751,0.0250795672626721,0.0250795672626721,0.0006289846940828941,0,0,0.039701678
r5_plus_fed,5,4,-0.047631655,-0.02826213,-0.019519068,-0.014386343,-0.010752984,-0.007936474,-0.005486356,-0.003416188,-0.0014933452,0.00023417675,0.0019842659,0.0037258167,0.0054686544,0.0071835914,0.009110678,0.011219909,0.013652831,0.016534034,0.020003248,0.026002789,0.038091823,0.0019842659,2022-02-11,2022-02-07,-0.0322357493363145,0.03422001520207256,0.03422001520207256,0.0011710094404300772,0,0,0.039522316
r5_plus_fed,5,5,-0.045647383,-0.027423993,-0.019272609,-0.014469237,-0.011035775,-0.00829658,-0.0059408587,-0.0038930424,-0.0019846996,-0.00024696783,0.001483005,0.0031985955,0.0049069906,0.006557605,0.008477395,0.0105881505,0.013004166,0.015919954,0.019537266,0.025726957,0.038088888,0.001483005,2022-02-14,2022-02-07,0.0012380247767051,0.00024498022916118905,0.00024498022916118905,6.00153126798687e-08,1,1,0.038809873
r5_plus_fed,6,1,-0.052370828,-0.033077702,-0.023650108,-0.017994571,-0.013929699,-0.010691019,-0.007959476,-0.005571727,-0.0033312973,-0.0013458058,0.0006304555,0.0026100317,0.0046131755,0.006560979,0.00885074,0.011331179,0.014176693,0.017575,0.021700112,0.028594425,0.041778624,0.0006304555,2022-02-15,2022-02-14,0.0245599899521424,-0.023929534453093124,0.023929534453093124,0.0005726226191417709,1,0,0.04535022
r5_plus_fed,6,2,-0.053176638,-0.033222985,-0.02361392,-0.017802415,-0.013634256,-0.010350135,-0.0075266417,-0.005106416,-0.0028320658,-0.00082772685,0.00118571,0.0031863863,0.005241344,0.0072357366,0.009564372,0.012090716,0.015002577,0.018457757,0.022539066,0.02940483,0.042191602,0.00118571,2022-02-16,2022-02-14,-0.0002526674133269,0.0014383773731542634,0.0014383773731542634,2.068929467602159e-06,0,1,0.046152987
r5_plus_fed,6,3,-0.05263751,-0.033076372,-0.023461059,-0.017634427,-0.0134464465,-0.010117368,-0.0072710356,-0.0048399023,-0.0026126103,-0.00063084095,0.0013467507,0.0032987134,0.0052982997,0.0072592087,0.009543429,0.012077367,0.014968216,0.018441707,0.022584127,0.029542077,0.04260264,0.0013467507,2022-02-17,2022-02-14,-0.030194941623389,0.03154169227394389,0.03154169227394389,0.0009948783515041717,0,0,0.046045184
r5_plus_fed,6,4,-0.05068714,-0.031820707,-0.022659495,-0.017107489,-0.013073481,-0.009902004,-0.0071164295,-0.0047554895,-0.0025645462,-0.00061445095,0.0013196168,0.003238604,0.005184675,0.007133053,0.009355778,0.011826849,0.014655856,0.017981887,0.021952754,0.028718289,0.04151355,0.0013196168,2022-02-18,2022-02-14,-0.0114711315554289,0.012790748355603017,0.012790748355603017,0.00016360324349636127,0,1,0.04461225
r5_plus_fed,6,5,-0.049334567,-0.031005621,-0.022104904,-0.016744688,-0.012873563,-0.0097754905,-0.007105195,-0.0047988235,-0.0026523953,-0.0007318714,0.0011680543,0.0030444567,0.0049589747,0.0068338215,0.009039511,0.01146344,0.0142336795,0.017533982,0.021575933,0.028320821,0.04128273,0.0011680543,2022-02-22,2022-02-14,-0.010094145990655,0.011262200286358768,0.011262200286358768,0.00012683715529005952,0,1,0.04368084
r5_plus_fed,7,1,-0.054688644,-0.034115586,-0.024776272,-0.019025898,-0.014771835,-0.011337544,-0.008408579,-0.0058428003,-0.0034491923,-0.0013355253,0.00075804687,0.0028568865,0.0049779015,0.0070439246,0.009483703,0.012125824,0.015183918,0.018845428,0.023304898,0.030824846,0.04552171,0.00075804687,2022-02-23,2022-02-22,-0.0259492929276828,0.02670733979407738,0.02670733979407738,0.0007132819988763092,0,0,0.04808117
r5_plus_fed,7,2,-0.05666125,-0.03550493,-0.025866779,-0.019909266,-0.01549664,-0.0119624175,-0.008893801,-0.006256993,-0.003779715,-0.0016054976,0.00056902575,0.002722288,0.0049321842,0.0070865364,0.0096099395,0.01234064,0.015500305,0.019266814,0.023742115,0.031473532,0.046454795,0.00056902575,2022-02-24,2022-02-22,0.033051999638152,-0.03248297388508606,0.03248297388508606,0.0010551435924191829,1,0,0.049608894
r5_plus_fed,7,3,-0.057835765,-0.036605027,-0.026812173,-0.02071654,-0.01621737,-0.012581305,-0.009425213,-0.0067122653,-0.004209045,-0.002000648,0.00020484393,0.0023732665,0.0045936955,0.00675686,0.009285785,0.012072256,0.0152784465,0.019163925,0.02387205,0.03206908,0.04797193,0.00020484393,2022-02-25,2022-02-22,0.0153883235681932,-0.015183479633567813,0.015183479633567813,0.00023053805378296855,1,1,0.05068422
r5_plus_fed,7,4,-0.057518937,-0.036342602,-0.026656823,-0.020593997,-0.016085362,-0.012511298,-0.0093610585,-0.0066623446,-0.004146049,-0.0019064631,0.0003227838,0.0025243582,0.0047438173,0.006963943,0.009501951,0.012305429,0.015533005,0.019342327,0.023938129,0.032022823,0.047451027,0.0003227838,2022-02-28,2022-02-22,0.0029744106212326,-0.002651626818829463,0.002651626818829463,7.0311247863356565e-06,1,1,0.050594952
r5_plus_fed,7,5,-0.05817343,-0.036893,-0.02697623,-0.02088587,-0.016413672,-0.01281963,-0.009706324,-0.0069937645,-0.0044579036,-0.0021856385,5.2550982e-05,0.0022733328,0.004531524,0.006743841,0.009332548,0.012178676,0.01544686,0.019355483,0.024201415,0.032500006,0.048405822,5.2550982e-05,2022-03-01,2022-02-22,-0.0154299024779375,0.015482453460155735,0.015482453460155735,0.00023970636514588828,0,1,0.051177643
r5_plus_fed,8,1,-0.055770352,-0.03570104,-0.026938168,-0.021344222,-0.01702893,-0.013479906,-0.010421645,-0.0077252258,-0.0052072876,-0.0029411977,-0.0006809904,0.0015872839,0.00387693,0.0060689203,0.008634024,0.011405648,0.014600792,0.018434945,0.023160871,0.031244729,0.047741808,-0.0006809904,2022-03-02,2022-03-01,0.0166400342095711,-0.017321024610295215,0.017321024610295215,0.0003000178935504525,0,1,0.050099038
r5_plus_fed,8,2,-0.055957243,-0.036148213,-0.027585026,-0.022081893,-0.017781582,-0.014246999,-0.011122066,-0.008415958,-0.005875143,-0.0036140354,-0.001343229,0.00090882287,0.003208572,0.0054413592,0.008071325,0.010948539,0.014314475,0.018406343,0.023374453,0.031957928,0.048653338,-0.001343229,2022-03-03,2022-03-01,-0.0143876768443993,0.013044447873744992,0.013044447873744992,0.00017015762033085024,1,1,0.05095948
r5_plus_fed,8,3,-0.05782637,-0.037034974,-0.027803078,-0.021870576,-0.017323457,-0.01357314,-0.010300393,-0.0074724983,-0.00486546,-0.002532301,-0.00020136678,0.00210461,0.004440941,0.006702381,0.009338869,0.012249732,0.015583482,0.01962788,0.024513386,0.032959864,0.049813733,-0.00020136678,2022-03-04,2022-03-01,-0.0145980796411863,0.0143967128576009,0.0143967128576009,0.00020726534110421108,1,1,0.052316464
r5_plus_fed,8,4,-0.05664765,-0.036463626,-0.027585378,-0.021860743,-0.017386772,-0.01374675,-0.010494329,-0.0076648174,-0.005000693,-0.0026085307,-0.00021112885,0.002157499,0.0045395996,0.0068683936,0.009542351,0.012507546,0.015934924,0.020009896,0.024935532,0.03354594,0.050611407,-0.00021112885,2022-03-07,2022-03-01,-0.0375784439984414,0.037367315149836544,0.037367315149836544,0.0013963162415072037,1,0,0.05252091
r5_plus_fed,8,5,-0.057785716,-0.03699987,-0.027634514,-0.021730352,-0.01722899,-0.013552548,-0.01033525,-0.007522215,-0.004864683,-0.0024665329,-7.803738e-05,0.0022937707,0.0046908865,0.006996758,0.009678407,0.01263652,0.01601638,0.020084826,0.025103804,0.033690497,0.050796866,-7.803738e-05,2022-03-08,2022-03-01,-0.0046586883277138,0.00458065094654162,0.00458065094654162,2.0982363094052637e-05,1,1,0.052738316
r5_plus_fed,9,1,-0.06179645,-0.038066622,-0.028388722,-0.022605227,-0.018341988,-0.014940726,-0.012026627,-0.009453056,-0.0070414767,-0.0048419344,-0.0026151708,-0.0003725874,0.0018361723,0.0039298804,0.0063342666,0.008913364,0.01181364,0.015297486,0.019581284,0.026898228,0.042146306,-0.0026151708,2022-03-09,2022-03-08,0.0353652267066018,-0.03798039749275905,0.03798039749275905,0.0014425105937079777,0,0,0.047970004
r5_plus_fed,9,2,-0.0628652,-0.038266703,-0.028196689,-0.022123102,-0.017623566,-0.014024661,-0.010894978,-0.008189764,-0.0056371023,-0.0033514176,-0.001026252,0.0012738497,0.0035656162,0.0057664635,0.008293228,0.010989541,0.014054552,0.017701283,0.022059271,0.029584888,0.044861138,-0.001026252,2022-03-10,2022-03-08,-0.011166915816589,0.01014066376477361,0.01014066376477361,0.00010283306159019248,1,1,0.05025596
r5_plus_fed,9,3,-0.06671882,-0.04110434,-0.030238632,-0.02359358,-0.018692119,-0.01476365,-0.011378955,-0.0084680095,-0.005764736,-0.003344639,-0.00088634546,0.0015436397,0.0039455704,0.0062501878,0.00889991,0.0117874,0.015026176,0.018924408,0.023598682,0.031613037,0.047790263,-0.00088634546,2022-03-11,2022-03-08,-0.0209563905905951,0.020070045133775118,0.020070045133775118,0.00040280671167177025,1,1,0.053837314
r5_plus_fed,9,4,-0.06658389,-0.041700143,-0.03137139,-0.024975615,-0.020118507,-0.016238445,-0.012787518,-0.009788088,-0.0069496175,-0.004368844,-0.0017437346,0.00082632987,0.0033459594,0.005786414,0.0085188,0.0115100425,0.014890684,0.018905776,0.023713283,0.031982295,0.04857907,-0.0017437346,2022-03-14,2022-03-08,-0.0193916690459875,0.017647934464591515,0.017647934464591515,0.000311449590866517,1,1,0.05508467
r5_plus_fed,9,5,-0.0690002,-0.043419927,-0.032459013,-0.025756355,-0.020785995,-0.016800271,-0.013340298,-0.010315763,-0.0074527133,-0.004846145,-0.0022124564,0.0003873127,0.0029591438,0.005396923,0.008181813,0.011193857,0.014572167,0.018623533,0.023531612,0.031841867,0.048681013,-0.0022124564,2022-03-15,2022-03-08,0.0308850300436893,-0.03309748647120385,0.03309748647120385,0.001095443610711522,0,0,0.055990625
r5_plus_fed,10,1,-0.073879585,-0.0468984,-0.035480443,-0.028488623,-0.023296664,-0.01913245,-0.015616626,-0.012570258,-0.009762989,-0.0072581796,-0.004795026,-0.0023476877,0.000105098356,0.0024807816,0.005239455,0.0082395235,0.011685613,0.015849948,0.020995721,0.029903471,0.047921885,-0.004795026,2022-03-16,2022-03-15,0.0364155276585081,-0.04121055369262484,0.04121055369262484,0.001698309735652715,0,0,0.056476165
r5_plus_fed,10,2,-0.07116537,-0.043280557,-0.03153151,-0.02449163,-0.01931293,-0.015197672,-0.011655705,-0.00862978,-0.0058006924,-0.003309205,-0.0008254929,0.0016386678,0.0041292883,0.006563768,0.009392424,0.012465456,0.016011354,0.020247232,0.025308948,0.034105703,0.0514582,-0.0008254929,2022-03-17,2022-03-15,0.0120335691986929,-0.012859062096695167,0.012859062096695167,0.0001653554780066623,0,1,0.056840457
r5_plus_fed,10,3,-0.07136674,-0.044136897,-0.032681413,-0.025731057,-0.020612366,-0.01648593,-0.012921003,-0.009859437,-0.0070262477,-0.004503791,-0.001989377,0.00048530597,0.0029904984,0.005455098,0.0083282385,0.011500559,0.015143204,0.019551268,0.02486851,0.034033924,0.052121185,-0.001989377,2022-03-18,2022-03-15,0.0202613302371757,-0.02225070720122325,0.02225070720122325,0.0004950939709545682,0,1,0.057549924
r5_plus_fed,10,4,-0.06848957,-0.04262049,-0.031718213,-0.02499887,-0.019921955,-0.015859839,-0.012274356,-0.009174062,-0.0062709125,-0.0036696235,-0.0010934599,0.0014339867,0.003955704,0.006437069,0.00927795,0.012429631,0.016037831,0.020325968,0.025505787,0.03453536,0.052326374,-0.0010934599,2022-03-21,2022-03-15,-0.0027839361311749,0.0016904762335002797,0.0016904762335002797,2.857709896029292e-06,1,1,0.057223998
r5_plus_fed,10,5,-0.0692355,-0.042744286,-0.031273738,-0.024418816,-0.019362615,-0.015313473,-0.01181219,-0.0087719355,-0.005917715,-0.0033623672,-0.0008134431,0.0017076045,0.0042353915,0.006687114,0.009539558,0.0126532,0.016189791,0.02042789,0.025607277,0.034488082,0.052217707,-0.0008134431,2022-03-22,2022-03-15,0.019461915476223,-0.020275358573508925,0.020275358573508925,0.00041109016528436185,0,1,0.056881014
r5_plus_fed,11,1,-0.053702466,-0.033424914,-0.02434437,-0.018851195,-0.0148364045,-0.011640341,-0.008935854,-0.0065802475,-0.0044006337,-0.0024603456,-0.0005372056,0.0014027539,0.003335819,0.005191923,0.00734655,0.0096698,0.0123013565,0.015440232,0.019266654,0.02570613,0.039365992,-0.0005372056,2022-03-23,2022-03-22,-0.0144757396102443,0.013938534006339277,0.013938534006339277,0.00019428273024587646,1,1,0.043611024
r5_plus_fed,11,2,-0.054172426,-0.033509348,-0.024189746,-0.018542392,-0.014409967,-0.011122301,-0.008305167,-0.0059205657,-0.0037000524,-0.0017680113,0.0001712126,0.002086476,0.004017249,0.0058948854,0.008066086,0.010400604,0.013085544,0.016288681,0.020115202,0.026647607,0.040046684,0.0001712126,2022-03-24,2022-03-22,0.0219833536104707,-0.021812141014583217,0.021812141014583217,0.00047576949564006335,1,0,0.04430495
r5_plus_fed,11,3,-0.055404324,-0.034264985,-0.02459943,-0.018629793,-0.014291437,-0.010830175,-0.007872227,-0.0053602657,-0.0030595344,-0.0010288114,0.001001195,0.0029892307,0.004985471,0.006918066,0.00913678,0.011556831,0.014276402,0.017534612,0.02142718,0.027999219,0.04192515,0.001001195,2022-03-25,2022-03-22,-0.0008345014294954,0.0018356964802714048,0.0018356964802714048,3.3697815676808244e-06,0,1,0.04602661
r5_plus_fed,11,4,-0.054779135,-0.034263093,-0.024661297,-0.018654464,-0.014291849,-0.010867435,-0.007876128,-0.0053503416,-0.0030153086,-0.00094290485,0.0011263127,0.0031602154,0.005178456,0.0071701584,0.009413723,0.011880685,0.014677439,0.017968342,0.021885486,0.028527267,0.042408977,0.0011263127,2022-03-28,2022-03-22,0.0153537540475098,-0.014227441396769654,0.014227441396769654,0.00020242008869851484,1,1,0.046546783
r5_plus_fed,11,5,-0.05497567,-0.034567013,-0.024854397,-0.018833011,-0.014477519,-0.011026626,-0.00806152,-0.0055280225,-0.0031832545,-0.0010879497,0.0009996893,0.0030526207,0.0051020933,0.007075741,0.009354061,0.011834853,0.014639042,0.017966667,0.021996342,0.028737944,0.04287922,0.0009996893,2022-03-29,2022-03-22,0.017063695712674,-0.016064006377670505,0.016064006377670505,0.00025805230090183864,1,1,0.04685074
r5_plus_fed,12,1,-0.047129672,-0.027670793,-0.019310245,-0.014354224,-0.010813524,-0.008024796,-0.00568757,-0.0036449982,-0.0017358217,-2.9363087e-05,0.0016824647,0.0034298208,0.0052010007,0.006928591,0.008960985,0.011177045,0.013728492,0.016808053,0.020633444,0.027329344,0.04204582,0.0016824647,2022-03-30,2022-03-29,-0.0111071865142472,0.01278965124610438,0.01278965124610438,0.00016357517899697935,0,1,0.039943688
r5_plus_fed,12,2,-0.04866182,-0.02882344,-0.020295437,-0.015197541,-0.011563239,-0.008716767,-0.0062921382,-0.004228281,-0.0022916878,-0.0005942773,0.0011167094,0.0028269554,0.004584455,0.006314803,0.008350588,0.010586347,0.013205145,0.016399186,0.020301828,0.027266864,0.04200611,0.0011167094,2022-03-31,2022-03-29,-0.0124721268464269,0.013588836280854222,0.013588836280854222,0.00018465647146786,0,1,0.040597267
r5_plus_fed,12,3,-0.049256243,-0.029083505,-0.020305205,-0.014982295,-0.0111974105,-0.008228976,-0.005705344,-0.0035607796,-0.0015895617,0.00016716565,0.0019362674,0.0036947154,0.0054937857,0.0072706575,0.009348919,0.01165841,0.014313727,0.017559115,0.021522444,0.028548658,0.043806195,0.0019362674,2022-04-01,2022-03-29,-0.0019052885181458,0.003841555881053329,0.003841555881053329,1.4757551587255417e-05,0,1,0.04182765
r5_plus_fed,12,4,-0.049969167,-0.029859738,-0.020922665,-0.015477738,-0.01161029,-0.008638546,-0.0060667973,-0.003901505,-0.0018818934,-8.508796e-05,0.0017277239,0.0035302443,0.005363756,0.0072140405,0.009337098,0.01171545,0.014480132,0.017814215,0.021882435,0.029131299,0.04465475,0.0017277239,2022-04-04,2022-03-29,0.0203797662079486,-0.018652042342178796,0.018652042342178796,0.0003478986835344307,1,1,0.042805098
r5_plus_fed,12,5,-0.050291564,-0.030265035,-0.021285227,-0.015805023,-0.011923884,-0.008895595,-0.0063215564,-0.004119375,-0.0020625484,-0.00021833787,0.0016342248,0.0034774789,0.005351542,0.0071932403,0.009351055,0.011740766,0.014509326,0.017879436,0.022121267,0.029633956,0.045887884,0.0016342248,2022-04-05,2022-03-29,-0.0224545784828456,0.02408880326647478,0.02408880326647478,0.000580270442810926,0,0,0.043406494
r5_plus_fed,13,1,-0.045944277,-0.026774015,-0.018239636,-0.012953039,-0.009057928,-0.0059256647,-0.0032391897,-0.00088846125,0.0013133666,0.0032991136,0.0052764784,0.0072654583,0.009328164,0.011413429,0.013922038,0.016688775,0.02000166,0.02401098,0.028989507,0.03742462,0.053955466,0.0052764784,2022-04-06,2022-04-05,-0.0219503373088931,0.027226815670231476,0.027226815670231476,0.0007412994915407623,0,0,0.04722914
r5_plus_fed,13,2,-0.050606117,-0.032272093,-0.023960691,-0.018630378,-0.014558826,-0.011250326,-0.008334398,-0.0058228723,-0.0034509483,-0.0013597629,0.0007000516,0.002767614,0.0049052276,0.0070401966,0.009565394,0.012379156,0.015711172,0.019728506,0.024556622,0.033020757,0.049133692,0.0007000516,2022-04-07,2022-04-05,0.0023749660851711,-0.0016749144799353146,0.0016749144799353146,2.8053385150969854e-06,1,1,0.048517313
r5_plus_fed,13,3,-0.049882818,-0.031074444,-0.022344392,-0.016744453,-0.012542855,-0.009145442,-0.0061916863,-0.003657206,-0.0013154407,0.00079539814,0.002882451,0.0049637696,0.0071273656,0.00928558,0.011818279,0.014671536,0.017978951,0.021936199,0.026666468,0.035095893,0.051267296,0.002882451,2022-04-08,2022-04-05,-0.0140778363275973,0.016960287379443446,0.016960287379443446,0.00028765134799330864,0,1,0.049010858
r5_plus_fed,13,4,-0.050317213,-0.031752225,-0.023266718,-0.017825635,-0.013674684,-0.010338543,-0.0074054687,-0.0048831054,-0.0025140007,-0.0003866416,0.0017273494,0.0038404423,0.006033891,0.00825328,0.010843834,0.013741614,0.017150875,0.02118785,0.026056807,0.03475675,0.05148411,0.0017273494,2022-04-11,2022-04-05,-0.023941708974103,0.025669058331782485,0.025669058331782485,0.0006589005556404519,0,0,0.049323525
r5_plus_fed,13,5,-0.05229449,-0.03298796,-0.024183434,-0.018651903,-0.014479086,-0.011104951,-0.008159626,-0.00560208,-0.003186739,-0.0010393893,0.0010755118,0.003183723,0.0053767865,0.007565889,0.010148449,0.013033304,0.0163824,0.020388382,0.025363738,0.034109928,0.05134822,0.0010755118,2022-04-12,2022-04-05,-0.0042332292743817,0.0053087410726442965,0.0053087410726442965,2.8182731776380515e-05,0,1,0.049547173
r5_plus_fed,14,1,-0.05396979,-0.034873188,-0.026389964,-0.020867072,-0.01655329,-0.012982288,-0.009903723,-0.0072539398,-0.0047976784,-0.0026045227,-0.00043988228,0.0017413498,0.003984201,0.006212466,0.008866286,0.011804959,0.015260026,0.019455638,0.024627658,0.033508524,0.050684523,-0.00043988228,2022-04-13,2022-04-12,0.0201231065568479,-0.020562988835290282,0.020562988835290282,0.0004228365098402728,0,1,0.05101762
r5_plus_fed,14,2,-0.05457824,-0.035027906,-0.026384484,-0.020762404,-0.016354403,-0.012736535,-0.009550115,-0.00681827,-0.0042620767,-0.0020008923,0.00023525977,0.0024847593,0.004824489,0.0071671456,0.009965183,0.013087088,0.01677552,0.02124501,0.026648898,0.036013123,0.05360914,0.00023525977,2022-04-14,2022-04-12,-0.0231326160090297,0.02336787577478881,0.02336787577478881,0.0005460576182259617,0,1,0.05303338
r5_plus_fed,14,3,-0.055852268,-0.03586791,-0.027019622,-0.0212564,-0.016813252,-0.013125252,-0.009867439,-0.007062607,-0.004451486,-0.0020934802,0.0002572782,0.0025863969,0.0049989657,0.0074078077,0.010273838,0.013502028,0.01724605,0.02178876,0.027240634,0.036800675,0.054751553,0.0002572782,2022-04-18,2022-04-12,0.0007681209825738,-0.0005108427720903085,0.0005108427720903085,2.609603377969109e-07,1,1,0.054260254
r5_plus_fed,14,4,-0.05624519,-0.035938933,-0.026916442,-0.021054123,-0.016459893,-0.012737583,-0.00945347,-0.006602745,-0.0039268523,-0.0015244193,0.000872958,0.0032343555,0.005668922,0.008114688,0.010994891,0.014249122,0.018087106,0.022683846,0.028261494,0.03802247,0.056319766,0.000872958,2022-04-19,2022-04-12,0.022104560455581,-0.02123160246973281,0.02123160246973281,0.0004507809434327644,1,1,0.055177934
r5_plus_fed,14,5,-0.057463337,-0.036920164,-0.027577424,-0.021643516,-0.017056998,-0.013304727,-0.009996418,-0.0071166824,-0.004395083,-0.001977346,0.00040319876,0.0027723862,0.0052326014,0.0076803863,0.010598604,0.013885859,0.017747164,0.022439023,0.028195763,0.03804185,0.056665387,0.00040319876,2022-04-20,2022-04-12,-0.0146917761904439,0.01509497495324072,0.01509497495324072,0.00022785826883896465,0,1,0.055773187
r5_plus_fed,15,1,-0.050602112,-0.033360172,-0.025579944,-0.020494442,-0.016535776,-0.0132567305,-0.010408322,-0.00792395,-0.0056013362,-0.0034893558,-0.0013793216,0.0007573503,0.0029281748,0.0050484845,0.007535929,0.010253945,0.013425432,0.017252844,0.021921273,0.029742604,0.04359302,-0.0013793216,2022-04-21,2022-04-20,-0.0209082018885904,0.01952888032646412,0.01952888032646412,0.0003813771668053574,1,1,0.047501218
r5_plus_fed,15,2,-0.050907236,-0.033209857,-0.025104508,-0.019819293,-0.015678061,-0.012287949,-0.009289841,-0.006709043,-0.0042708926,-0.0020986986,6.71288e-05,0.0022332165,0.00445321,0.006632164,0.00917888,0.011984648,0.015243811,0.019130658,0.02373837,0.031541836,0.045155797,6.71288e-05,2022-04-22,2022-04-20,-0.0265348192566392,0.02660194805649491,0.02660194805649491,0.0007076636404004533,0,0,0.048842877
r5_plus_fed,15,3,-0.051321957,-0.033324298,-0.025053235,-0.019677458,-0.015542875,-0.012131057,-0.0091207875,-0.006514726,-0.00407339,-0.001867908,0.00034140743,0.0025284423,0.0047599752,0.006934966,0.009464696,0.0122605,0.01544987,0.019272631,0.02377097,0.031453505,0.044976793,0.00034140743,2022-04-25,2022-04-20,0.0127639968222687,-0.012422589391444808,0.012422589391444808,0.0001543207271884371,1,1,0.048824206
r5_plus_fed,15,4,-0.049843457,-0.032897063,-0.02517318,-0.020092975,-0.016041443,-0.012724823,-0.009765523,-0.00717395,-0.004718966,-0.0025177305,-0.0003239311,0.0018521033,0.004075365,0.0062864674,0.008864819,0.011753899,0.01513103,0.019159717,0.023971125,0.032203667,0.046075974,-0.0003239311,2022-04-26,2022-04-20,-0.0384756980222903,0.038151766917786725,0.038151766917786725,0.0014555573189491257,1,0,0.049144305
r5_plus_fed,15,5,-0.05184555,-0.03372361,-0.025382748,-0.020068025,-0.015904963,-0.012498832,-0.009488129,-0.0068469523,-0.00433968,-0.0020959927,0.00013204216,0.0023549106,0.004631311,0.006864,0.009478774,0.01236558,0.015692811,0.019659704,0.024460733,0.032453127,0.046362124,0.00013204216,2022-04-27,2022-04-20,-0.0011989073270559,0.0013309494849852908,0.0013309494849852908,1.7714265315826107e-06,0,1,0.049843483
r5_plus_fed,16,1,-0.057574276,-0.03831732,-0.029614586,-0.023879072,-0.01936861,-0.015643222,-0.012422405,-0.0096078515,-0.0070011467,-0.004651703,-0.002310253,3.8576894e-05,0.0023718295,0.0046198796,0.007227841,0.010067604,0.013327471,0.017228516,0.021927651,0.029551247,0.044038843,-0.002310253,2022-04-28,2022-04-27,0.0348995485379667,-0.03720980151922712,0.03720980151922712,0.001384569329100277,0,0,0.051542237
r5_plus_fed,16,2,-0.05654247,-0.036563985,-0.027439753,-0.021505823,-0.01690956,-0.013181949,-0.0099390345,-0.0071683954,-0.0045667076,-0.0022573348,4.9128837e-05,0.0023538652,0.004676965,0.0069385488,0.009562313,0.012414024,0.015674002,0.01950369,0.023939006,0.031350415,0.04546027,4.9128837e-05,2022-04-29,2022-04-27,-0.0460422141188318,0.04609134295624961,0.04609134295624961,0.00212441189551062,0,0,0.051378757
r5_plus_fed,16,3,-0.05530881,-0.036631484,-0.028274497,-0.022760294,-0.018460747,-0.014886026,-0.011712294,-0.008945336,-0.0063698664,-0.0040480746,-0.0017132701,0.0006061052,0.0029383388,0.005235411,0.007919472,0.010893796,0.014312759,0.018422326,0.023236126,0.031203566,0.045706112,-0.0017132701,2022-05-02,2022-04-27,0.0165576520771035,-0.018270922165761237,0.018270922165761237,0.0003338265967873053,0,1,0.051510625
r5_plus_fed,16,4,-0.05400173,-0.035990536,-0.02786107,-0.022483965,-0.0181597,-0.014620514,-0.011460448,-0.008702119,-0.0061072987,-0.0037789622,-0.0014589345,0.00083434425,0.0031460894,0.0054220418,0.008055649,0.011008148,0.014417734,0.018475173,0.023286272,0.03132384,0.045789577,-0.0014589345,2022-05-03,2022-04-27,0.0010673408461978,-0.002526275354461865,0.002526275354461865,6.382067166561421e-06,0,1,0.05114734
r5_plus_fed,16,5,-0.054747332,-0.03646891,-0.02782037,-0.02223451,-0.017821865,-0.014196865,-0.011011839,-0.008219711,-0.0055843676,-0.0032358344,-0.00087377056,0.0014582755,0.0038250021,0.006110098,0.008761294,0.011644676,0.014915587,0.018778086,0.023330133,0.030797498,0.045030005,-0.00087377056,2022-05-04,2022-04-27,0.0332532136118259,-0.03412698417662044,0.03412698417662044,0.001164651048991302,0,0,0.0511505
r5_plus_fed,17,1,-0.061860085,-0.042258188,-0.03299504,-0.026740376,-0.021771682,-0.017585507,-0.013981458,-0.010853229,-0.007939583,-0.005335665,-0.002748419,-0.00012754148,0.0025129458,0.0050537884,0.0080070235,0.0113002695,0.015202632,0.019934678,0.025688618,0.034786563,0.049961418,-0.002748419,2022-05-05,2022-05-04,-0.0516768017465041,0.048928382681475674,0.048928382681475674,0.0023939866318249286,1,0,0.05868366
r5_plus_fed,17,2,-0.05934461,-0.03873097,-0.029025951,-0.02261037,-0.017581346,-0.013469018,-0.009860819,-0.0067639844,-0.0038277018,-0.0012166994,0.0013961107,0.004086489,0.0068626306,0.009598002,0.012818769,0.016424784,0.020681232,0.025673587,0.031389706,0.04033624,0.054871596,0.0013961107,2022-05-06,2022-05-04,-0.0120534619323773,0.013449572679386816,0.013449572679386816,0.00018089100525810824,0,1,0.060415655
r5_plus_fed,17,3,-0.05903998,-0.03874077,-0.02917809,-0.022850545,-0.017948108,-0.013882181,-0.010284888,-0.0071646743,-0.0042294804,-0.0015586244,0.0011237154,0.003823105,0.0066045765,0.009319486,0.012486916,0.016028585,0.020103382,0.02489274,0.030300679,0.038875777,0.0528902,0.0011237154,2022-05-09,2022-05-04,-0.0399126968947698,0.041036412319679985,0.041036412319679985,0.0016839871360707832,0,0,0.059478767
r5_plus_fed,17,4,-0.056579627,-0.0375497,-0.028644634,-0.02266153,-0.017890383,-0.01395377,-0.010428131,-0.007342423,-0.004407684,-0.0017562073,0.000876906,0.0035360826,0.006280809,0.009011395,0.012206262,0.015823647,0.020048695,0.025021644,0.030740686,0.03970123,0.05411089,0.000876906,2022-05-10,2022-05-04,0.0120755508832789,-0.011198644904621595,0.011198644904621595,0.00012540964769980722,1,1,0.059385322
r5_plus_fed,17,5,-0.058230657,-0.038577907,-0.02912195,-0.023000786,-0.018171614,-0.014202468,-0.01069314,-0.007600454,-0.004652367,-0.0020138165,0.00061438576,0.0032828916,0.006061844,0.008780733,0.01197917,0.015518535,0.019588094,0.024351567,0.029829204,0.03819238,0.052424736,0.00061438576,2022-05-11,2022-05-04,-0.0301067266960786,0.03072111245693353,0.03072111245693353,0.0009437867505915565,0,0,0.058951154
r5_plus_fed,18,1,-0.061395347,-0.042405244,-0.03275389,-0.02614048,-0.020810578,-0.016338553,-0.012444761,-0.009029044,-0.005831926,-0.0029578456,-6.714772e-05,0.002864086,0.0058254413,0.008653421,0.011941356,0.015553093,0.019782485,0.024781708,0.030629667,0.03936344,0.053531032,-6.714772e-05,2022-05-12,2022-05-11,-0.0023671875989613,0.002300039881615794,0.002300039881615794,5.290183457023196e-06,1,1,0.06338356
r5_plus_fed,18,2,-0.060641572,-0.04258481,-0.033459347,-0.027048897,-0.0217506,-0.017302621,-0.013321614,-0.009875194,-0.0065979715,-0.00370129,-0.0008127891,0.0021328817,0.005108585,0.007982556,0.011342757,0.015121055,0.019629754,0.024971921,0.031043869,0.040296454,0.054917034,-0.0008127891,2022-05-13,2022-05-11,0.0363895011822649,-0.037202290258272805,0.037202290258272805,0.0013840104004607797,0,0,0.064503215
r5_plus_fed,18,3,-0.06292205,-0.043738622,-0.033852328,-0.026952691,-0.021426303,-0.016794184,-0.012671721,-0.009114556,-0.0057996414,-0.0028010434,0.00021180717,0.003230352,0.006312535,0.009256042,0.012653547,0.016415788,0.020688577,0.025624085,0.03102854,0.039456807,0.053013787,0.00021180717,2022-05-16,2022-05-11,-0.0116595077278745,0.011871314899455813,0.011871314899455813,0.00014092811744204157,0,1,0.06488087
r5_plus_fed,18,4,-0.06170803,-0.043554407,-0.034185614,-0.027611159,-0.022169614,-0.017627813,-0.013571094,-0.010037213,-0.006696181,-0.0037029064,-0.00073673367,0.002226753,0.0052397074,0.008195844,0.011620156,0.015483132,0.019998316,0.025298843,0.031331144,0.040773932,0.05553437,-0.00073673367,2022-05-17,2022-05-11,0.0255720956815505,-0.026308829347240326,0.026308829347240326,0.0006921545016222138,0,1,0.065516755
r5_plus_fed,18,5,-0.06283794,-0.043798763,-0.03395873,-0.027286604,-0.021780796,-0.01722163,-0.0131844785,-0.009622215,-0.0062412126,-0.0032416848,-0.00027118385,0.0027308576,0.0057889465,0.008728608,0.012137051,0.015881538,0.020197328,0.025265886,0.03106526,0.03974233,0.054408126,-0.00027118385,2022-05-18,2022-05-11,-0.0503365263320763,0.05006534248602357,0.05006534248602357,0.0025065385182428367,1,0,0.06502399
r5_plus_fed,19,1,-0.063012615,-0.042466484,-0.03155519,-0.023986712,-0.01804021,-0.013186802,-0.009150309,-0.00573332,-0.0025952756,0.00020577048,0.003042302,0.005933251,0.008908192,0.011825886,0.015239454,0.018955883,0.023306422,0.028383195,0.034319397,0.043204118,0.058239497,0.003042302,2022-05-19,2022-05-18,-0.0053726037537238,0.008414905848123728,0.008414905848123728,7.081064043278692e-05,0,1,0.06587459
r5_plus_fed,19,2,-0.061154533,-0.04295453,-0.033605997,-0.027077027,-0.021770373,-0.017335985,-0.01339912,-0.010016836,-0.0068183276,-0.004017626,-0.0012274007,0.0015989129,0.0044561047,0.007237267,0.010479252,0.0141253285,0.018449325,0.023597244,0.029482506,0.038753964,0.054394916,-0.0012274007,2022-05-20,2022-05-18,-0.0031129311916684,0.001885530460373053,0.001885530460373053,3.555225116994617e-06,1,1,0.06308851
r5_plus_fed,19,3,-0.061313882,-0.041244984,-0.030522022,-0.023223374,-0.01759551,-0.013026658,-0.009084645,-0.0057375035,-0.0026571304,0.00014177253,0.0029892572,0.005868195,0.008857726,0.0117594525,0.01508545,0.018755775,0.02288147,0.027627554,0.032829206,0.041321218,0.05577353,0.0029892572,2022-05-23,2022-05-18,0.0164907569876557,-0.013501499767476857,0.013501499767476857,0.0001822904959711776,1,1,0.06335123
r5_plus_fed,19,4,-0.061000872,-0.042319033,-0.032651167,-0.026004434,-0.0206647,-0.016238622,-0.0123066725,-0.008933238,-0.0057685254,-0.0029288658,-0.000120319426,0.002673287,0.0055184597,0.008353958,0.01161563,0.015266813,0.019513708,0.02448326,0.030153211,0.03927907,0.054534115,-0.000120319426,2022-05-24,2022-05-18,-0.02149140746287,0.021371088036810277,0.021371088036810277,0.0004567234038770953,1,1,0.06280438
r5_plus_fed,19,5,-0.062085822,-0.042221416,-0.03200591,-0.025258195,-0.01987993,-0.015463899,-0.011612407,-0.008247406,-0.005067581,-0.0022461528,0.000547673,0.0033511936,0.0062170117,0.009004208,0.012232369,0.01577665,0.019839294,0.024578918,0.030045033,0.038553618,0.053643726,0.000547673,2022-05-25,2022-05-18,0.0138982777872038,-0.01335060481605203,0.01335060481605203,0.00017823864895439166,1,1,0.062050942
r5_plus_fed,20,1,-0.052770887,-0.034536514,-0.026004175,-0.020411998,-0.01608756,-0.012499332,-0.009411836,-0.0067177042,-0.004201903,-0.001954157,0.0002753156,0.0025531724,0.004877979,0.0071491594,0.009805468,0.012726674,0.016103376,0.020086717,0.02478111,0.031886246,0.043648716,0.0002753156,2022-05-26,2022-05-25,0.0273304386377131,-0.027055123037265743,0.027055123037265743,0.0007319796825615876,1,0,0.050785284
r5_plus_fed,20,2,-0.054205533,-0.035060365,-0.026119886,-0.020295661,-0.015784854,-0.012122104,-0.0089104045,-0.0061602877,-0.003567981,-0.0012793494,0.0009835629,0.0032817577,0.005629852,0.007944867,0.010641281,0.013584397,0.016970437,0.02089545,0.025361422,0.03231994,0.04369547,0.0009835629,2022-05-27,2022-05-25,0.0321182551391365,-0.03113469223658908,0.03113469223658908,0.0009693690606671203,1,0,0.051481307
r5_plus_fed,20,3,-0.054356482,-0.03533381,-0.026470939,-0.02064767,-0.016180057,-0.012505434,-0.009268301,-0.006472154,-0.0038607712,-0.0015085896,0.0008259694,0.0031604823,0.005561907,0.007931364,0.010692894,0.013746729,0.01722377,0.021265255,0.025874909,0.03308119,0.04475776,0.0008259694,2022-05-31,2022-05-25,-0.0026567552309775,0.0034827246168920045,0.0034827246168920045,1.2129370757105559e-05,0,1,0.05234585
r5_plus_fed,20,4,-0.053568304,-0.035023842,-0.026310883,-0.020555587,-0.016075844,-0.0124400295,-0.009215029,-0.0064092614,-0.0037605213,-0.0013921482,0.00094621256,0.0032834604,0.005691029,0.008097792,0.010894152,0.014014924,0.017591389,0.021712596,0.026413146,0.033766024,0.04552547,0.00094621256,2022-06-01,2022-05-25,-0.0074232359595381,0.008369448519476531,0.008369448519476531,7.00476685201679e-05,0,1,0.05272403
r5_plus_fed,20,5,-0.05525349,-0.03601666,-0.026850881,-0.020974495,-0.016431967,-0.012735514,-0.009485429,-0.0066351686,-0.003933233,-0.0015320843,0.0008353724,0.003201591,0.005655658,0.008064078,0.010894067,0.014013997,0.017554637,0.021635499,0.02634093,0.033511497,0.045595393,0.0008353724,2022-06-02,2022-05-25,0.0270173668889322,-0.02618199446285075,0.02618199446285075,0.0006854968340527474,1,0,0.05319181
r5_plus_fed,21,1,-0.05754939,-0.038567886,-0.029445147,-0.02335139,-0.01855102,-0.014549957,-0.011097054,-0.008087623,-0.0052676005,-0.0027352253,-0.00019642868,0.0024071971,0.0050549083,0.0076161297,0.010597493,0.013881202,0.017706314,0.022242613,0.027583577,0.035654426,0.048743032,-0.00019642868,2022-06-03,2022-06-02,-0.0263637056617606,0.026167276983296454,0.026167276983296454,0.0006847263847205564,1,1,0.057028726
r5_plus_fed,21,2,-0.057828147,-0.038577992,-0.029213026,-0.022934144,-0.017964166,-0.01388735,-0.010300141,-0.0072220205,-0.0043090675,-0.0017367098,0.00082256447,0.0034267798,0.0060872748,0.0086642075,0.011643318,0.0149122765,0.018703904,0.023094231,0.028033389,0.035671156,0.048147686,0.00082256447,2022-06-06,2022-06-02,0.0033255532174389,-0.0025029887468571896,0.0025029887468571896,6.264952666893724e-06,1,1,0.057246417
r5_plus_fed,21,3,-0.05785775,-0.038407322,-0.029011082,-0.022717299,-0.01782805,-0.013784549,-0.010212237,-0.0071268613,-0.0042342404,-0.0016211036,0.0009850543,0.0035990968,0.0062884577,0.008881339,0.011865905,0.015159455,0.018894682,0.023241177,0.02814065,0.035784442,0.04812533,0.0009850543,2022-06-07,2022-06-02,0.0085886232841835,-0.007603568984948156,0.007603568984948156,5.781426130886553e-05,1,1,0.05715173
r5_plus_fed,21,4,-0.05728815,-0.03825195,-0.029017763,-0.02278974,-0.017874232,-0.0138602145,-0.010292527,-0.0071911295,-0.004251151,-0.001609127,0.0010090271,0.0036414035,0.006335464,0.008981628,0.012010115,0.015366733,0.019201618,0.023616888,0.028598214,0.036367606,0.048977777,0.0010090271,2022-06-08,2022-06-02,-0.007222647581788,0.008231674706170556,0.008231674706170556,6.77604684682081e-05,0,1,0.057615977
r5_plus_fed,21,5,-0.058159996,-0.03899041,-0.029425265,-0.023158437,-0.018228132,-0.01419823,-0.010647396,-0.0075327954,-0.0045734807,-0.001935394,0.00067651,0.0033068722,0.0060246554,0.008652143,0.011694484,0.015008603,0.018767986,0.023103343,0.028086867,0.03567072,0.048539918,0.00067651,2022-06-09,2022-06-02,-0.0271498500722219,0.02782636005466252,0.02782636005466252,0.0007743063138917178,0,1,0.057512134
r5_plus_fed,22,1,-0.055348165,-0.03652958,-0.02717018,-0.021046465,-0.016311826,-0.012421745,-0.009070603,-0.006139646,-0.0033932717,-0.0009215423,0.0015798585,0.0041373344,0.0067403303,0.009222219,0.012108617,0.015243712,0.018908575,0.023197763,0.028235137,0.03569956,0.048092216,0.0015798585,2022-06-10,2022-06-09,-0.0359075344036129,0.03748739288270293,0.03748739288270293,0.0014053046251421264,0,0,0.05540532
r5_plus_fed,22,2,-0.0572156,-0.03763982,-0.027722163,-0.021231543,-0.016229084,-0.012189044,-0.008673918,-0.005660123,-0.0028126403,-0.00028404436,0.002254094,0.004856745,0.0075358246,0.010104533,0.013076487,0.01634772,0.02012527,0.024454903,0.029287646,0.036701053,0.049078926,0.002254094,2022-06-13,2022-06-09,-0.0476117566990704,0.04986585069625086,0.04986585069625086,0.0024866030656607824,0,0,0.05700981
r5_plus_fed,22,3,-0.058455512,-0.039682157,-0.030214421,-0.023864558,-0.018917756,-0.014794486,-0.011118861,-0.007921057,-0.004930622,-0.002208951,0.0005304543,0.0032810608,0.0061101094,0.008826609,0.011979199,0.015479421,0.019471245,0.02410244,0.029308943,0.037359416,0.05034069,0.0005304543,2022-06-14,2022-06-09,0.0018139240399031,-0.0012834697679644483,0.0012834697679644483,1.6472946452787148e-06,1,1,0.059523366
r5_plus_fed,22,4,-0.058820315,-0.04046835,-0.031196142,-0.024881883,-0.019826012,-0.01563691,-0.011897638,-0.0086438,-0.005570569,-0.00281138,-7.041689e-05,0.0026688683,0.005479566,0.0082561765,0.01147392,0.015096561,0.0193094,0.024212245,0.02982529,0.03863024,0.052320905,-7.041689e-05,2022-06-15,2022-06-09,0.0246648180722919,-0.02473523496470495,0.02473523496470495,0.0006118318487591623,0,1,0.061021432
r5_plus_fed,22,5,-0.059524097,-0.040796116,-0.031100998,-0.02470675,-0.019591589,-0.015376534,-0.011654272,-0.008364948,-0.0052469517,-0.002463915,0.00028907595,0.0030720541,0.005941863,0.008721181,0.011953517,0.015503122,0.019564057,0.024272956,0.029728951,0.038049094,0.052041046,0.00028907595,2022-06-16,2022-06-09,-0.0411828948301896,0.041471970779884564,0.041471970779884564,0.001719924360367599,0,0,0.06082995
r5_plus_fed,23,1,-0.06866418,-0.04713891,-0.03555204,-0.027357308,-0.020876449,-0.015517065,-0.011028785,-0.007192069,-0.0036480557,-0.0004817316,0.0027129853,0.0059996364,0.0094436575,0.012813193,0.016744338,0.021033578,0.026051776,0.031834442,0.03853184,0.04854465,0.066120826,0.0027129853,2022-06-17,2022-06-16,0.0120864175699185,-0.009373432302055822,0.009373432302055822,8.786123312122352e-05,1,1,0.07408388
r5_plus_fed,23,2,-0.0663345,-0.047132958,-0.037211467,-0.030168634,-0.024361908,-0.0194244,-0.014996397,-0.011160361,-0.007499907,-0.004258964,-0.001056938,0.002173649,0.0054616905,0.00865184,0.01237051,0.016581897,0.021620631,0.027610194,0.034438405,0.04511209,0.06320115,-0.001056938,2022-06-21,2022-06-16,0.024916328809207,-0.025973266775702754,0.025973266775702754,0.0006746105870018245,0,1,0.07164987
r5_plus_fed,23,3,-0.06738576,-0.04606714,-0.034727026,-0.026958894,-0.020934282,-0.015973145,-0.011632897,-0.00792215,-0.004457377,-0.001286186,0.0019243527,0.0051899464,0.008633184,0.0119513385,0.015745068,0.019942774,0.024701187,0.030153684,0.03613011,0.045809098,0.06287977,0.0019243527,2022-06-22,2022-06-16,-0.0014595187182,0.0033838714385798297,0.0033838714385798297,1.1450585912836325e-05,0,1,0.07085714
r5_plus_fed,23,4,-0.06686347,-0.046774708,-0.03634139,-0.029025802,-0.023109527,-0.018160528,-0.013752634,-0.0099413255,-0.0063656834,-0.0031673464,-4.8145885e-06,0.0031916075,0.006514909,0.009825229,0.013625963,0.017859459,0.02279342,0.028521245,0.03499739,0.0454286,0.06346422,-4.8145885e-06,2022-06-23,2022-06-16,0.0147828279878874,-0.014787642576352197,0.014787642576352197,0.00021867437296594423,0,1,0.07133878
r5_plus_fed,23,5,-0.06775803,-0.046558477,-0.03572341,-0.02852908,-0.022735855,-0.017929181,-0.013666619,-0.009906426,-0.006326531,-0.0031381585,1.3071374e-05,0.0032374528,0.006589392,0.009854859,0.013614472,0.01772049,0.022456195,0.028007818,0.034461614,0.044541366,0.063116156,1.3071374e-05,2022-06-24,2022-06-16,0.0336898228092279,-0.0336767514349587,0.0336767514349587,0.0011341235872119927,1,1,0.07018502
r5_plus_fed,24,1,-0.06079705,-0.04191416,-0.032584913,-0.02631242,-0.02130153,-0.017016347,-0.013193214,-0.009746366,-0.0064618457,-0.0035240478,-0.00063807896,0.0022744858,0.0052820374,0.008244259,0.011707371,0.015500989,0.019826664,0.024820695,0.030521162,0.038966738,0.0528019,-0.00063807896,2022-06-27,2022-06-24,-0.007358760285343,0.006720681328943887,0.006720681328943887,4.516755752521497e-05,1,1,0.063106075
r5_plus_fed,24,2,-0.062474694,-0.04268495,-0.03253221,-0.025615148,-0.020113604,-0.015585835,-0.011599762,-0.008201931,-0.0050032167,-0.0021930465,0.0005876469,0.0034167548,0.0063153766,0.009200912,0.012560581,0.01623039,0.020462988,0.025373653,0.03085621,0.039200936,0.052612234,0.0005876469,2022-06-28,2022-06-24,-0.0309404994483681,0.03152814635602921,0.03152814635602921,0.0009940240126471982,0,1,0.06338842
r5_plus_fed,24,3,-0.061107352,-0.041345563,-0.031586327,-0.025047204,-0.019957123,-0.015686085,-0.011852748,-0.008509593,-0.00533267,-0.002440336,0.00045555865,0.0033255683,0.006283535,0.009201865,0.012581203,0.016271332,0.020453282,0.025288066,0.03068422,0.039068177,0.05263484,0.00045555865,2022-06-29,2022-06-24,0.0009166467819793,-0.000461088132715024,0.000461088132715024,2.1260226613062757e-07,1,1,0.062270544
r5_plus_fed,24,4,-0.059893694,-0.041038647,-0.031489484,-0.024943147,-0.019707771,-0.015361388,-0.01146924,-0.008065505,-0.0048502856,-0.0019732302,0.0008545879,0.0036705812,0.00657039,0.00947836,0.012828595,0.016519506,0.02074719,0.025588738,0.030987239,0.039333306,0.05280121,0.0008545879,2022-06-30,2022-06-24,-0.0124806150373751,0.013335202918269642,0.013335202918269642,0.00017782763687142718,0,1,0.062476724
r5_plus_fed,24,5,-0.06093364,-0.041515242,-0.031569093,-0.025021512,-0.019774374,-0.015421736,-0.011558736,-0.008144484,-0.0048959856,-0.0020152146,0.0008108291,0.0036372233,0.0065643312,0.009430018,0.012762002,0.016386863,0.020518083,0.025278473,0.030708108,0.038870748,0.052725267,0.0008108291,2022-07-01,2022-06-24,0.0065788873264722,-0.005768058218822576,0.005768058218822576,3.3270495615726666e-05,1,1,0.0622772
r5_plus_fed,25,1,-0.056128047,-0.038565036,-0.030241683,-0.02464619,-0.020208204,-0.016490694,-0.013260577,-0.010416258,-0.007760199,-0.0053564114,-0.002963731,-0.0005394453,0.0018910931,0.0041946475,0.006860747,0.009772318,0.01315106,0.017190509,0.022040099,0.029570919,0.04212728,-0.002963731,2022-07-05,2022-07-01,0.0169747470429686,-0.019938478108361093,0.019938478108361093,0.0003975429092775946,0,1,0.052281782
r5_plus_fed,25,2,-0.0573695,-0.03818553,-0.02911571,-0.023135152,-0.01842914,-0.014560515,-0.011133948,-0.008171298,-0.0053624166,-0.0028584173,-0.00035657937,0.002176019,0.0047308216,0.0071943905,0.010042723,0.0131388055,0.016716605,0.020885516,0.025617698,0.032949835,0.044829108,-0.00035657937,2022-07-06,2022-07-01,0.0063916909516316,-0.00674827032568791,0.00674827032568791,4.553915238856001e-05,0,1,0.05473341
r5_plus_fed,25,3,-0.057385918,-0.038492374,-0.029503653,-0.023519112,-0.01885962,-0.014969556,-0.01148577,-0.008441558,-0.0055769654,-0.0029687292,-0.00035234395,0.0022552519,0.0048863916,0.007407028,0.010310789,0.013484167,0.017082684,0.021320393,0.026165351,0.033751324,0.04619942,-0.00035234395,2022-07-07,2022-07-01,0.0211732520430597,-0.021525595994877304,0.021525595994877304,0.00046335128293467783,0,1,0.055669002
r5_plus_fed,25,4,-0.05634987,-0.038151573,-0.029378977,-0.023455622,-0.018748906,-0.01488389,-0.011412364,-0.00836946,-0.005476781,-0.002863536,-0.00025994272,0.002343286,0.00498539,0.0075769788,0.010554825,0.013863732,0.017656855,0.022079142,0.027119337,0.034952562,0.04725455,-0.00025994272,2022-07-08,2022-07-01,0.0012532460459683,-0.0015131887703377664,0.0015131887703377664,2.2897402546763215e-06,0,1,0.05649831
r5_plus_fed,25,5,-0.057708453,-0.039196204,-0.029959962,-0.023879018,-0.019057792,-0.015094233,-0.011589108,-0.008490856,-0.00554791,-0.0029204933,-0.00030737306,0.0023030525,0.004974533,0.0075450465,0.010526643,0.013762002,0.017402723,0.021609148,0.026430115,0.033747844,0.04592281,-0.00030737306,2022-07-11,2022-07-01,-0.021595887768939,0.021288514706697178,0.021288514706697178,0.00045320085841726203,1,1,0.056390077
r5_plus_fed,26,1,-0.052316796,-0.033455186,-0.024720479,-0.019084323,-0.014775473,-0.01123215,-0.008194479,-0.00556286,-0.0031051307,-0.0009297009,0.0012277424,0.0034121173,0.0056664366,0.007906112,0.010554183,0.013455056,0.016810177,0.020772636,0.025512807,0.03305531,0.046751607,0.0012277424,2022-07-12,2022-07-11,-0.009734741489986,0.010962483900250909,0.010962483900250909,0.00012017605326326038,0,1,0.050233286
r5_plus_fed,26,2,-0.053127676,-0.03441967,-0.025749687,-0.020075671,-0.015656903,-0.012057366,-0.008887201,-0.0061684884,-0.0035964367,-0.0013409469,0.00089032925,0.0031421562,0.005476985,0.007818113,0.0105795385,0.013629671,0.017164364,0.021329394,0.026157776,0.034070667,0.04819265,0.00089032925,2022-07-13,2022-07-11,-0.0020632445238822,0.00295357377122276,0.00295357377122276,8.723598022055036e-06,0,1,0.051907465
r5_plus_fed,26,3,-0.05444057,-0.035303913,-0.026390297,-0.020540332,-0.016072739,-0.012395404,-0.009148923,-0.0063606426,-0.0037581488,-0.001411683,0.00092346757,0.0032341299,0.0056274096,0.0080115,0.010807569,0.013905733,0.017445792,0.021616364,0.026467472,0.03454637,0.0490896,0.00092346757,2022-07-14,2022-07-11,0.0035646372210189,-0.002641169653828372,0.002641169653828372,6.975777140303883e-06,1,1,0.05285777
r5_plus_fed,26,4,-0.054100957,-0.03508451,-0.026266648,-0.020470746,-0.015980558,-0.01231794,-0.009065759,-0.006244519,-0.0035849228,-0.0011983548,0.0011696526,0.003504199,0.0059109195,0.0083499765,0.011192243,0.014358802,0.018029366,0.022302914,0.027276117,0.03548715,0.050069034,0.0011696526,2022-07-15,2022-07-11,0.0179767790587838,-0.01680712649712667,0.01680712649712667,0.00028247950109041735,1,1,0.053542763
r5_plus_fed,26,5,-0.054881316,-0.035612725,-0.026459292,-0.020602845,-0.016085966,-0.012387833,-0.009132069,-0.0062721567,-0.0035566697,-0.0011556214,0.0011931356,0.0035129907,0.0059179156,0.008310852,0.011131098,0.014259186,0.01784017,0.022020295,0.026976213,0.034970347,0.049571797,0.0011931356,2022-07-18,2022-07-11,-0.0084986988853166,0.009691834512862017,0.009691834512862017,9.393165622470333e-05,0,1,0.053435504
r5_plus_fed,27,1,-0.05060006,-0.03254669,-0.024121946,-0.018625604,-0.014439856,-0.010989232,-0.007992419,-0.0053841188,-0.002943417,-0.00075457816,0.0014088727,0.0035981287,0.005842674,0.008040514,0.010624877,0.013408989,0.016634628,0.020416757,0.02490636,0.031863697,0.044435672,0.0014088727,2022-07-19,2022-07-18,0.0302898455545097,-0.02888097289426023,0.02888097289426023,0.0008341105953189941,1,0,0.049028307
r5_plus_fed,27,2,-0.051381707,-0.033864357,-0.025639957,-0.020176053,-0.015894227,-0.012377744,-0.009245501,-0.0065417904,-0.003975415,-0.0017035127,0.00053569756,0.002800614,0.0051232455,0.007430145,0.010139317,0.013109103,0.016546844,0.020572703,0.025217615,0.032675155,0.04589227,0.00053569756,2022-07-20,2022-07-18,0.0157319749691985,-0.015196277409372422,0.015196277409372422,0.0002309268471026026,1,1,0.050857574
r5_plus_fed,27,3,-0.053076282,-0.034934536,-0.026232226,-0.020422146,-0.01594702,-0.01225859,-0.009000114,-0.0061975615,-0.0035901587,-0.0012512074,0.0010581857,0.003343628,0.0056893295,0.007985568,0.010649224,0.013569527,0.016869692,0.020703109,0.025098626,0.0323146,0.045227766,0.0010581857,2022-07-21,2022-07-18,0.0142532761619883,-0.013195090456073207,0.013195090456073207,0.00017411041214395422,1,1,0.05133085
r5_plus_fed,27,4,-0.051629134,-0.03431102,-0.026194623,-0.0207591,-0.016454058,-0.012897604,-0.009711643,-0.006923358,-0.004288422,-0.0019292478,0.0003919371,0.0026921253,0.0050547505,0.007423847,0.0101848,0.013247805,0.016784806,0.0208662,0.02560936,0.033359513,0.04682614,0.0003919371,2022-07-22,2022-07-18,-0.0176909985561198,0.018082935649929046,0.018082935649929046,0.0003269925617194748,0,1,0.051803984
r5_plus_fed,27,5,-0.053285033,-0.03525435,-0.026524195,-0.020869253,-0.016469976,-0.012850147,-0.009632207,-0.0067958813,-0.0040954435,-0.001697953,0.0006467211,0.0029719125,0.005380352,0.0077508725,0.010513106,0.013555679,0.016988428,0.020949462,0.025607685,0.033072293,0.046622552,0.0006467211,2022-07-25,2022-07-18,-0.0057120842337355,0.006358805339758096,0.006358805339758096,4.043440534893608e-05,0,1,0.05213188
r5_plus_fed,28,1,-0.055080853,-0.035755984,-0.026798066,-0.020963864,-0.016441893,-0.012693962,-0.009458438,-0.0066376305,-0.003995178,-0.0016338215,0.00072356657,0.0031339102,0.005592576,0.008008005,0.010845535,0.013955262,0.017547227,0.021777844,0.026744984,0.034222554,0.046689685,0.00072356657,2022-07-26,2022-07-25,-0.0198442468611613,0.020567813430083553,0.020567813430083553,0.0004230349492947254,0,1,0.05354305
r5_plus_fed,28,2,-0.056132533,-0.03630197,-0.02702938,-0.020960568,-0.016249929,-0.012426255,-0.009073952,-0.006205383,-0.0034960737,-0.0011047862,0.0012657975,0.0036584837,0.0061060856,0.008513156,0.011316511,0.014368377,0.017858025,0.021892421,0.026473692,0.033625495,0.045639176,0.0012657975,2022-07-27,2022-07-25,0.0413910503484826,-0.040125252817250365,0.040125252817250365,0.0016100359136482583,1,0,0.053503074
r5_plus_fed,28,3,-0.05539176,-0.035878923,-0.026903037,-0.0210411,-0.016532762,-0.012809722,-0.009507284,-0.0066486634,-0.0039659315,-0.0015457879,0.00087860296,0.0032984703,0.0057741995,0.008205801,0.011034031,0.014149578,0.0176841,0.021811675,0.026521292,0.033948407,0.04631363,0.00087860296,2022-07-28,2022-07-25,0.0097306417412924,-0.008852038776488824,0.008852038776488824,7.835859050046176e-05,1,1,0.05342433
r5_plus_fed,28,4,-0.054963954,-0.035841044,-0.02693586,-0.021087836,-0.016501995,-0.012767934,-0.009443965,-0.00655826,-0.0038337247,-0.0013937852,0.0010255384,0.0034360765,0.005905562,0.008376676,0.011239011,0.014419737,0.018051134,0.022218993,0.026952358,0.034357935,0.04653473,0.0010255384,2022-07-29,2022-07-25,0.0180723999030782,-0.017046861477185607,0.017046861477185607,0.00029059548622235463,1,1,0.053888217
r5_plus_fed,28,5,-0.05606801,-0.036580347,-0.027302772,-0.021361466,-0.01674969,-0.012980648,-0.009662386,-0.006750797,-0.0039899936,-0.0015356118,0.0008922264,0.0033129416,0.0058190986,0.008285797,0.011171324,0.014337351,0.017898113,0.021974718,0.026650047,0.033761337,0.046041798,0.0008922264,2022-08-01,2022-07-25,-0.0006023022525569,0.0014945286621896126,0.0014945286621896126,2.233615922106273e-06,0,1,0.05395282
r5_plus_fed,29,1,-0.051151544,-0.03278051,-0.024094565,-0.018438026,-0.014110316,-0.010564842,-0.0075131846,-0.004855981,-0.002365619,-0.00014893617,0.002046105,0.0042604543,0.0065430277,0.008814239,0.011514748,0.0144715225,0.017914271,0.021981172,0.026856465,0.03454726,0.04811067,0.002046105,2022-08-02,2022-08-01,-0.0029859243377438,0.005032029323964398,0.005032029323964398,2.53213191172376e-05,0,1,0.05095103
r5_plus_fed,29,2,-0.05220959,-0.033604804,-0.024771327,-0.01900605,-0.014547429,-0.010942861,-0.0077795046,-0.0050601424,-0.0024772508,-0.00020017789,0.002045152,0.0043111485,0.0066633956,0.009005586,0.011768979,0.014807431,0.01830991,0.02239108,0.027075043,0.03468607,0.04804927,0.002045152,2022-08-03,2022-08-01,0.0268681335677434,-0.024822981557347277,0.024822981557347277,0.0006161804133964031,1,1,0.05184637
r5_plus_fed,29,3,-0.052085266,-0.03392864,-0.025320483,-0.019633634,-0.0152756795,-0.011702177,-0.008549027,-0.0058217305,-0.003275754,-0.0009791034,0.0013022503,0.003571123,0.005931574,0.008289759,0.011071193,0.0141662145,0.0177166,0.02189229,0.026729388,0.03468006,0.04841339,0.0013022503,2022-08-04,2022-08-01,0.0046655870810814,-0.0033633367693714595,0.0033633367693714595,1.1312034224206046e-05,1,1,0.05204987
r5_plus_fed,29,4,-0.051299162,-0.033590015,-0.025200067,-0.019627135,-0.015275983,-0.011734925,-0.008576157,-0.005838658,-0.0032565873,-0.00094940566,0.0013264925,0.003582701,0.0059097284,0.008278534,0.011045832,0.014140461,0.017728187,0.021883478,0.026720418,0.03467989,0.048283063,0.0013264925,2022-08-05,2022-08-01,-0.0082023956497751,0.009528888171686959,0.009528888171686959,9.079970978851564e-05,0,1,0.051920485
r5_plus_fed,29,5,-0.05201959,-0.033974037,-0.025274754,-0.019663442,-0.015331075,-0.011783972,-0.008661414,-0.0059147826,-0.0033045744,-0.0009883083,0.0012812472,0.0035283258,0.005872412,0.008205617,0.010956595,0.014011271,0.01750945,0.021576025,0.026412396,0.034191962,0.047951464,0.0012812472,2022-08-08,2022-08-01,-0.0032375800237071,0.004518827265129634,0.004518827265129634,2.0419799852078968e-05,0,1,0.05168715
r5_plus_fed,30,1,-0.049445115,-0.030795706,-0.022427278,-0.017151834,-0.0131963,-0.009971474,-0.0072016544,-0.004797769,-0.0025558036,-0.0005571989,0.001405971,0.0034050879,0.00548457,0.0075536524,0.010020747,0.012724297,0.015865,0.019592112,0.02408854,0.031338073,0.04520292,0.001405971,2022-08-09,2022-08-08,-0.0113831852370667,0.012789156245419635,0.012789156245419635,0.00016356251746975605,0,1,0.046515815
r5_plus_fed,30,2,-0.051222872,-0.031985197,-0.023296617,-0.01780119,-0.013661529,-0.010336777,-0.007427646,-0.0049399515,-0.0025932128,-0.0005208986,0.0015092505,0.003562767,0.0056862747,0.007813477,0.010328489,0.013094313,0.016283084,0.020040713,0.024431296,0.03170676,0.045582213,0.0015092505,2022-08-10,2022-08-08,0.0275286808345294,-0.026019430343603194,0.026019430343603194,0.0006770107554056186,1,0,0.047727913
r5_plus_fed,30,3,-0.05228476,-0.03292773,-0.024054058,-0.0183534,-0.014103633,-0.010672715,-0.0076901587,-0.0051403795,-0.0027843588,-0.00067123724,0.0014090072,0.0034772472,0.0056231013,0.007771537,0.010310878,0.013143745,0.016379055,0.020200785,0.024701076,0.032225177,0.046461865,0.0014090072,2022-08-11,2022-08-08,-0.0056923608402969,0.007101368076658404,0.007101368076658404,5.042942856018308e-05,0,1,0.04875513
r5_plus_fed,30,4,-0.051485896,-0.032514088,-0.023883747,-0.01835645,-0.014171492,-0.010818121,-0.007862346,-0.0053084125,-0.002907468,-0.000770004,0.0013425914,0.003446908,0.005627735,0.007836551,0.01042637,0.013320781,0.016665297,0.020564025,0.025163412,0.032794476,0.047142223,0.0013425914,2022-08-12,2022-08-08,0.0192834600524987,-0.017940868688562036,0.017940868688562036,0.00032187476930022567,1,1,0.049047157
r5_plus_fed,30,5,-0.051504254,-0.032588623,-0.023742352,-0.018212743,-0.014086704,-0.010764389,-0.007848245,-0.0053065666,-0.0029008277,-0.00076514843,0.0013343291,0.003419044,0.0056121913,0.0077898228,0.010365614,0.013226384,0.01647438,0.020257695,0.02477831,0.03221259,0.046628606,0.0013343291,2022-08-15,2022-08-08,0.0080487483962172,-0.006714419260501238,0.006714419260501238,4.508342600578999e-05,1,1,0.048520662
r5_plus_fed,31,1,-0.0402366,-0.025446983,-0.018129101,-0.013585154,-0.010271732,-0.0075992374,-0.005343224,-0.00336986,-0.0015289678,9.560419e-05,0.0016940561,0.0033135656,0.0050077746,0.006704802,0.008733759,0.010953327,0.01351666,0.016563373,0.020233426,0.026253082,0.037361536,0.0016940561,2022-08-16,2022-08-15,-0.0023446120784542,0.004038668167490367,0.004038668167490367,1.6310840567099996e-05,0,1,0.038362525
r5_plus_fed,31,2,-0.042337418,-0.027247164,-0.01972556,-0.0150275575,-0.011592786,-0.008857556,-0.0064905537,-0.0044607376,-0.0025451533,-0.0008712838,0.00078791694,0.0024525546,0.004204246,0.0059695104,0.008072302,0.010390142,0.013105167,0.016365102,0.020203562,0.026610993,0.03801406,0.00078791694,2022-08-17,2022-08-15,-0.0114717452682467,0.012259662210746277,0.012259662210746277,0.0001502993175216003,0,1,0.03992912
r5_plus_fed,31,3,-0.042760246,-0.02747448,-0.019707056,-0.0147897145,-0.011218183,-0.008367866,-0.0059092483,-0.0038094218,-0.0018857393,-0.0001749433,0.001507616,0.0031836303,0.004945445,0.0067131044,0.0088074645,0.011148931,0.013849368,0.017091969,0.02094646,0.027345074,0.038908564,0.001507616,2022-08-18,2022-08-15,0.0024020226487374,-0.000894406628929644,0.000894406628929644,7.999632178732899e-07,1,1,0.040653516
r5_plus_fed,31,4,-0.04292189,-0.027817987,-0.020144945,-0.015244517,-0.01168068,-0.008869878,-0.0064113056,-0.0043170233,-0.0023645647,-0.0006336613,0.0010732489,0.0027742046,0.004544141,0.006377078,0.008513937,0.010899595,0.01368643,0.016979763,0.02087314,0.027426003,0.039053973,0.0010732489,2022-08-19,2022-08-15,-0.019689503156169,0.020762752073405923,0.020762752073405923,0.00043109187366172194,0,1,0.041018084
r5_plus_fed,31,5,-0.04304572,-0.027930874,-0.020064782,-0.015143134,-0.011580352,-0.00875259,-0.0063244686,-0.004211767,-0.002235753,-0.00047207024,0.0012550205,0.00297408,0.004776819,0.006585544,0.008731746,0.011110721,0.013851313,0.017092168,0.021037517,0.027582698,0.039504524,0.0012550205,2022-08-22,2022-08-15,-0.0266798466408457,0.02793486714007513,0.02793486714007513,0.0007803568021336493,0,0,0.041102298
r5_plus_fed,32,1,-0.052112196,-0.03280712,-0.023751624,-0.017978312,-0.013640799,-0.010110238,-0.0070789373,-0.004438379,-0.0019815196,0.0002207361,0.002398073,0.0046027526,0.006886702,0.009158537,0.01186631,0.014815125,0.018261503,0.022338545,0.027258508,0.03508739,0.04945998,0.002398073,2022-08-23,2022-08-22,-0.0008273004221576,0.00322537339691396,0.00322537339691396,1.0403033549520299e-05,0,1,0.05101013
r5_plus_fed,32,2,-0.05279895,-0.03386508,-0.024854433,-0.019044548,-0.014614428,-0.011024455,-0.007877989,-0.0051660016,-0.0026069263,-0.00033987855,0.0018938029,0.0041534244,0.006511098,0.00886751,0.011652988,0.01473334,0.018278945,0.02243452,0.027244065,0.035182714,0.049630653,0.0018938029,2022-08-24,2022-08-22,0.0028930087852994,-0.0009992058900887167,0.0009992058900887167,9.984124107879845e-07,1,1,0.052098498
r5_plus_fed,32,3,-0.052956384,-0.034204837,-0.025253503,-0.01942925,-0.015024254,-0.011426725,-0.00825559,-0.0055235103,-0.0029852712,-0.0006973967,0.0015691357,0.0038206808,0.006164314,0.008496684,0.0112462565,0.014309504,0.017816922,0.02195481,0.026786216,0.03486746,0.049531043,0.0015691357,2022-08-25,2022-08-22,0.0175272096107264,-0.0159580739140992,0.0159580739140992,0.0002546601230478533,1,1,0.05203972
r5_plus_fed,32,4,-0.052560657,-0.03403816,-0.025195789,-0.019447343,-0.015040978,-0.011468208,-0.008306472,-0.005563927,-0.002985624,-0.00068619696,0.0015807754,0.0038288748,0.0061683096,0.008541172,0.011329288,0.014454909,0.018060856,0.022253191,0.02716402,0.0353322,0.049945947,0.0015807754,2022-08-26,2022-08-22,-0.0418519489767976,0.043432724342962345,0.043432724342962345,0.0018864015438517538,0,0,0.05235981
r5_plus_fed,32,5,-0.053430714,-0.034762025,-0.025621563,-0.01979999,-0.015372311,-0.0117531875,-0.008577016,-0.0057833707,-0.0031390057,-0.00079006667,0.0015130563,0.0038031715,0.0062028347,0.008592426,0.011409839,0.014537981,0.018086692,0.022197824,0.027073363,0.035010133,0.049843054,0.0015130563,2022-08-29,2022-08-22,-0.0099041260345794,0.011417182375206772,0.011417182375206772,0.00013035205338873213,0,1,0.052694924
r5_plus_fed,33,1,-0.058750313,-0.03819101,-0.028846698,-0.022719879,-0.01797421,-0.013993615,-0.010478018,-0.007405846,-0.0045225457,-0.0019194859,0.00062794634,0.0032253584,0.005897062,0.008500437,0.011555162,0.014877143,0.01871556,0.02317533,0.028382128,0.036298923,0.05108381,0.00062794634,2022-08-30,2022-08-29,-0.0111990455718932,0.01182699191330348,0.01182699191330348,0.0001398777377173459,0,1,0.057228826
r5_plus_fed,33,2,-0.057853695,-0.037729606,-0.028641542,-0.02261894,-0.01785366,-0.013921788,-0.010391162,-0.007360313,-0.0044761687,-0.0018967139,0.0006329061,0.003248196,0.005928493,0.008607472,0.011769637,0.015290698,0.019357223,0.024103958,0.02949952,0.037888482,0.053147506,0.0006329061,2022-08-31,2022-08-29,-0.0058304349011938,0.006463341000975194,0.006463341000975194,4.177477689488702e-05,0,1,0.05814106
r5_plus_fed,33,3,-0.059067085,-0.03858034,-0.029244669,-0.023025058,-0.01820765,-0.0141694555,-0.010561644,-0.0074427845,-0.004508987,-0.0018223154,0.000851657,0.0035350574,0.0062905545,0.009013676,0.012179063,0.015678987,0.01961605,0.024145398,0.029184088,0.037256118,0.052114103,0.000851657,2022-09-01,2022-08-29,0.000434181362367,0.0004174756463852268,0.0004174756463852268,1.7428591532476293e-07,1,1,0.058428757
r5_plus_fed,33,4,-0.05888049,-0.03844907,-0.029177675,-0.02302479,-0.01814738,-0.01410914,-0.010503187,-0.0073401914,-0.0043398333,-0.0016422914,0.0010184308,0.0036888565,0.0064348383,0.009134262,0.012263218,0.01570996,0.019615382,0.024073154,0.029122408,0.037168972,0.05208249,0.0010184308,2022-09-02,2022-08-29,-0.0142287400037255,0.015247170808559269,0.015247170808559269,0.0002324762176653819,0,1,0.058300085
r5_plus_fed,33,5,-0.06031434,-0.04017129,-0.030661348,-0.024353784,-0.019296562,-0.015036644,-0.011171776,-0.0077925413,-0.004641184,-0.0018977004,0.00077534263,0.0034510412,0.006261485,0.009019161,0.012244278,0.015803142,0.019817386,0.024457468,0.029754942,0.03792847,0.0533881,0.00077534263,2022-09-06,2022-08-29,-0.007208572585927,0.007983915218477747,0.007983915218477747,6.374290221584058e-05,0,1,0.06041629
r5_plus_fed,34,1,-0.048248887,-0.031667467,-0.024176782,-0.019329539,-0.015602795,-0.012491038,-0.009772569,-0.0073866663,-0.0051423344,-0.003107528,-0.0010909557,0.0009522159,0.0030414495,0.0050782776,0.0074796607,0.010085808,0.013088273,0.016652554,0.020930046,0.027851678,0.03982422,-0.0010909557,2022-09-07,2022-09-06,0.0200000116453966,-0.0210909673330834,0.0210909673330834,0.0004448289030451911,0,1,0.04510683
r5_plus_fed,34,2,-0.049502548,-0.03236567,-0.024678083,-0.01972491,-0.015884258,-0.0127173355,-0.009877721,-0.00741362,-0.005064027,-0.0029537652,-0.0008475561,0.0012855388,0.0034750446,0.005649573,0.008218851,0.011034766,0.014288207,0.018173408,0.02274127,0.030208047,0.042543147,-0.0008475561,2022-09-08,2022-09-06,0.0051712412833418,-0.00601879738775969,0.00601879738775969,3.622592199490287e-05,0,1,0.047419354
r5_plus_fed,34,3,-0.05107564,-0.03328814,-0.025297415,-0.02014011,-0.016194591,-0.012892965,-0.009946965,-0.0073709884,-0.004940347,-0.0027157883,-0.00047528837,0.0017551645,0.0040333723,0.0062752957,0.008896373,0.011782255,0.015059468,0.01894057,0.023483051,0.031034306,0.043778315,-0.00047528837,2022-09-09,2022-09-06,0.0216264215868781,-0.02210170995563964,0.02210170995563964,0.0004884855829632204,0,1,0.048780464
r5_plus_fed,34,4,-0.049837466,-0.032589864,-0.024869373,-0.019870605,-0.015963951,-0.012744597,-0.009858174,-0.007306013,-0.0048707966,-0.0026693216,-0.00046190078,0.0017387643,0.0039941454,0.0062506893,0.008893593,0.011842352,0.015256614,0.019280098,0.024046533,0.031960033,0.04479171,-0.00046190078,2022-09-12,2022-09-06,0.0118158364557837,-0.012277737237158125,0.012277737237158125,0.00015074283166469923,0,1,0.048915908
r5_plus_fed,34,5,-0.050865483,-0.033079807,-0.024904752,-0.01980549,-0.015886594,-0.012651819,-0.009770875,-0.007213627,-0.0047588567,-0.0025430485,-0.00033407836,0.001884344,0.0041853995,0.0064487355,0.009113731,0.012049264,0.015386737,0.019329688,0.024040513,0.031726614,0.044639505,-0.00033407836,2022-09-13,2022-09-06,-0.0563976479112294,0.056063569552510274,0.056063569552510274,0.003143123830969157,1,0,0.048945263
r5_plus_fed,35,1,-0.062265605,-0.04251475,-0.03218047,-0.025135642,-0.019601755,-0.014999058,-0.011083537,-0.0077904095,-0.00478449,-0.002125381,0.0004944677,0.0031781867,0.005971375,0.008743157,0.012016344,0.015581476,0.019697297,0.024418455,0.029891578,0.038323965,0.053900167,0.0004944677,2022-09-14,2022-09-13,0.0079017521682926,-0.007407284491675395,0.007407284491675395,5.486786354061482e-05,1,1,0.062072046
r5_plus_fed,35,2,-0.060012043,-0.04040052,-0.030259809,-0.023408586,-0.018101724,-0.013772588,-0.009986311,-0.006808194,-0.0038525462,-0.0012526137,0.0013110854,0.003950178,0.006677069,0.0094070835,0.012624132,0.016212614,0.020312883,0.025023036,0.030401882,0.0390264,0.055137377,0.0013110854,2022-09-15,2022-09-13,-0.0167938510711174,0.01810493649084675,0.01810493649084675,0.00032778872533759427,0,1,0.06066169
r5_plus_fed,35,3,-0.06005241,-0.03953994,-0.028970318,-0.022091648,-0.016917283,-0.0126826735,-0.008987846,-0.0058598258,-0.0029717633,-0.00034950915,0.0022526286,0.0048381975,0.0074932957,0.010117028,0.013151952,0.016517272,0.0202828,0.024622273,0.029535964,0.037714727,0.05319087,0.0022526286,2022-09-16,2022-09-13,-0.0061334806328971,0.008386109194006404,0.008386109194006404,7.032682741379874e-05,0,1,0.05850628
r5_plus_fed,35,4,-0.056960966,-0.037722837,-0.02826693,-0.022124926,-0.017301535,-0.0133154625,-0.009763063,-0.00668397,-0.003767658,-0.0011400748,0.0014541459,0.0040258747,0.0066668354,0.009284482,0.012334113,0.015708428,0.019578105,0.024037918,0.029204939,0.03762395,0.053340238,0.0014541459,2022-09-19,2022-09-13,0.0077570932015004,-0.0063029473210843645,0.0063029473210843645,3.9727144932364566e-05,1,1,0.057471868
r5_plus_fed,35,5,-0.05777932,-0.03798615,-0.028114237,-0.021888653,-0.01707214,-0.013092698,-0.0095739225,-0.00650783,-0.0035958071,-0.0010188094,0.0015127102,0.004016532,0.0066149808,0.009172374,0.012164292,0.015476798,0.01919886,0.023470215,0.028384931,0.03619651,0.05151445,0.0015127102,2022-09-20,2022-09-13,-0.0080030220400149,0.00951573227789048,0.00951573227789048,9.054916078448675e-05,0,1,0.05649917
r5_plus_fed,36,1,-0.049248774,-0.03197801,-0.023281835,-0.017863806,-0.013903975,-0.010670047,-0.007885754,-0.005480946,-0.0032430405,-0.0012364176,0.0007210436,0.0027091007,0.0047775838,0.0068179797,0.009247178,0.011910786,0.015007104,0.01866645,0.02303166,0.030080393,0.043271944,0.0007210436,2022-09-21,2022-09-20,-0.0180682902360061,0.01878933385207372,0.01878933385207372,0.00035303906660468344,0,1,0.046313494
r5_plus_fed,36,2,-0.04975194,-0.03225135,-0.02349447,-0.017999396,-0.013939167,-0.01068488,-0.00782231,-0.005378658,-0.0030729712,-0.0010289274,0.0009591189,0.0029913106,0.0050798566,0.007175822,0.009661522,0.012398272,0.015544936,0.019226607,0.023510206,0.030566957,0.043523923,0.0009591189,2022-09-22,2022-09-20,-0.0123842097522109,0.013343328638596013,0.013343328638596013,0.00017804441915757652,0,1,0.047004677
r5_plus_fed,36,3,-0.04941518,-0.03218116,-0.023504492,-0.018074892,-0.014091163,-0.0108398395,-0.007973587,-0.0055112317,-0.0032219063,-0.0011573951,0.0008716011,0.00289209,0.00498795,0.0070925243,0.009582754,0.012348165,0.015505313,0.019209817,0.023535803,0.030757152,0.043953966,0.0008716011,2022-09-23,2022-09-20,-0.0164155072540443,0.017287108361108933,0.017287108361108933,0.0002988441154887224,0,1,0.047040295
r5_plus_fed,36,4,-0.04794199,-0.03118283,-0.022918213,-0.01775368,-0.013860495,-0.010687675,-0.007856494,-0.0053883237,-0.0030554251,-0.0009757981,0.0010624332,0.0031018665,0.005211597,0.0073392824,0.009843213,0.012640932,0.015864566,0.0196065,0.024013665,0.031334974,0.04447338,0.0010624332,2022-09-26,2022-09-20,-0.0041464718652499,0.005208905100597171,0.005208905100597171,2.7132692347027223e-05,0,1,0.046931878
r5_plus_fed,36,5,-0.04836183,-0.031380598,-0.022926785,-0.01775489,-0.013873266,-0.010693833,-0.007865308,-0.005379605,-0.0030121563,-0.000913391,0.0011425717,0.0031812456,0.0053227735,0.0074427123,0.009962583,0.012764459,0.015934087,0.01962182,0.024000213,0.031147234,0.044392798,0.0011425717,2022-09-27,2022-09-20,0.0004008534455465,0.0007417182347012837,0.0007417182347012837,5.501459396883886e-07,1,1,0.046926998
r5_plus_fed,37,1,-0.04396188,-0.029028306,-0.022041585,-0.017542847,-0.014097727,-0.011205093,-0.00866862,-0.006419646,-0.0042883097,-0.002361002,-0.00044277072,0.0015026272,0.0034923798,0.005432159,0.007715441,0.010195231,0.013041259,0.016402563,0.020408856,0.026949462,0.038869344,-0.00044277072,2022-09-28,2022-09-27,0.0196969115668367,-0.020139682284036592,0.020139682284036592,0.00040560680250193733,0,1,0.042450443
r5_plus_fed,37,2,-0.04363085,-0.028735459,-0.021832513,-0.017402902,-0.01399603,-0.011169957,-0.008633081,-0.0064153657,-0.00428774,-0.0023723256,-0.0004554533,0.0014923523,0.003484712,0.005461622,0.007800409,0.010351907,0.013305075,0.01681715,0.020926993,0.02770603,0.03954369,-0.0004554533,2022-09-29,2022-09-27,-0.0292512173546546,0.028795764061256578,0.028795764061256578,0.0008291960278715559,1,0,0.042759508
r5_plus_fed,37,3,-0.043982394,-0.028928818,-0.021827223,-0.017286403,-0.013820377,-0.010917186,-0.008311601,-0.0060272263,-0.0038747024,-0.00191832,4.908252e-05,0.002011855,0.004020558,0.005988061,0.008288916,0.01080766,0.013672602,0.017067581,0.021051187,0.02770386,0.039629947,4.908252e-05,2022-09-30,2022-09-27,-0.0171020430867093,0.01715112560538094,0.01715112560538094,0.0002941611095315537,0,1,0.04287841
r5_plus_fed,37,4,-0.042782474,-0.028195826,-0.021394765,-0.017038548,-0.013643983,-0.010815726,-0.00824828,-0.0059781168,-0.00380381,-0.0018326243,0.0001344762,0.0021011196,0.004096335,0.006095549,0.00840844,0.010973268,0.013924888,0.017373543,0.021453789,0.02828802,0.040224995,0.0001344762,2022-10-03,2022-09-27,0.0231892990037289,-0.02305482280514692,0.02305482280514692,0.0005315248545767226,1,0,0.042848554
r5_plus_fed,37,5,-0.043318693,-0.028409839,-0.021374924,-0.01697542,-0.013579826,-0.010749763,-0.008212153,-0.005943244,-0.0037564335,-0.0017751707,0.00020359519,0.002186195,0.0042333915,0.0062381267,0.0085911425,0.011174756,0.014102928,0.017554501,0.021685204,0.028430732,0.040459603,0.00020359519,2022-10-04,2022-09-27,0.0309567400906944,-0.030753144899570505,0.030753144899570505,0.0009457559212139793,1,0,0.043060128
r5_plus_fed,38,1,-0.050534002,-0.03376553,-0.025461923,-0.020118617,-0.016031144,-0.012621466,-0.009667011,-0.007066994,-0.0046080234,-0.0023941319,-0.0001738729,0.0020862129,0.00439908,0.0066804155,0.0093631195,0.012297414,0.015662013,0.019593148,0.024169363,0.031168273,0.042682666,-0.0001738729,2022-10-05,2022-10-04,-0.0005317811278832,0.0003579082236132439,0.0003579082236132439,1.280982965299878e-07,1,1,0.049631286
r5_plus_fed,38,2,-0.050280374,-0.033283826,-0.024933865,-0.0195492,-0.015410611,-0.012028365,-0.009032112,-0.0064310962,-0.0039481227,-0.0017329891,0.00048037554,0.0027267332,0.0050337333,0.0073311157,0.010034171,0.012989161,0.016387628,0.020335726,0.024814142,0.03179437,0.042958897,0.00048037554,2022-10-06,2022-10-04,-0.007904162983195,0.008384538526897394,0.008384538526897394,7.030048630902673e-05,0,1,0.049748007
r5_plus_fed,38,3,-0.0501026,-0.033157337,-0.024836484,-0.019512817,-0.015468062,-0.012104254,-0.009103958,-0.0064842007,-0.0040164064,-0.0017648325,0.0005050654,0.002759208,0.0050783576,0.0073884884,0.010091488,0.0130611425,0.016431987,0.020345228,0.024794111,0.03175701,0.043030083,0.0005050654,2022-10-07,2022-10-04,-0.0388490812715104,0.039354146700534796,0.039354146700534796,0.001548748862527214,0,0,0.049630597
r5_plus_fed,38,4,-0.04865349,-0.03215101,-0.024105659,-0.018935055,-0.014933786,-0.011644591,-0.00868206,-0.006088003,-0.0036130007,-0.001377332,0.00085268915,0.0030745098,0.0053360676,0.0076088854,0.010240034,0.013143354,0.016455552,0.020261813,0.024590522,0.031386748,0.042339925,0.00085268915,2022-10-10,2022-10-04,-0.0100465207347736,0.010899209881769144,0.010899209881769144,0.00011879277604685415,0,1,0.048696183
r5_plus_fed,38,5,-0.04791379,-0.031567417,-0.023549695,-0.018520728,-0.01464198,-0.011436418,-0.008595879,-0.0060757617,-0.0036622682,-0.0014923154,0.0006734929,0.0028364242,0.0050784466,0.007291157,0.009898249,0.012747992,0.015962865,0.019660827,0.023907183,0.030398825,0.041261934,0.0006734929,2022-10-11,2022-10-04,-0.0138332736073372,0.014506766512089693,0.014506766512089693,0.00021044627463628695,0,1,0.047456875
r5_plus_fed,39,1,-0.048907727,-0.033093564,-0.0250867,-0.019738004,-0.015609272,-0.01216626,-0.009149969,-0.006527622,-0.004072978,-0.0018610678,0.00032223703,0.0025412776,0.0048318896,0.007088724,0.009768472,0.01270355,0.01612502,0.020168103,0.024988173,0.032718264,0.046853416,0.00032223703,2022-10-12,2022-10-11,-0.0003428078850866,0.0006650449138269465,0.0006650449138269465,4.4228473740709064e-07,0,1,0.050074875
r5_plus_fed,39,2,-0.04859458,-0.033059303,-0.025146067,-0.019813519,-0.01564465,-0.012199593,-0.009122398,-0.006470806,-0.0039518806,-0.0017034579,0.0005116544,0.002765781,0.005094586,0.0074123987,0.0101595735,0.013199191,0.016714174,0.020839574,0.02564744,0.033524465,0.047732595,0.0005116544,2022-10-13,2022-10-11,0.0231817686865472,-0.02267011426672272,0.02267011426672272,0.0005139340808662649,1,1,0.050793506
r5_plus_fed,39,3,-0.048889376,-0.033209532,-0.025183614,-0.019805182,-0.015659705,-0.012208575,-0.00912123,-0.006447946,-0.003947453,-0.0016721927,0.0005855403,0.0028309901,0.0051496457,0.007439064,0.010127422,0.013105693,0.016491406,0.020469269,0.025103515,0.032897446,0.047163766,0.0005855403,2022-10-14,2022-10-11,-0.0305185100923809,0.03110405040658589,0.03110405040658589,0.000967461951695436,0,0,0.050287127
r5_plus_fed,39,4,-0.04770292,-0.032299053,-0.02462285,-0.01950205,-0.015444563,-0.012061186,-0.009014983,-0.00633853,-0.0037912563,-0.0014968702,0.0007740982,0.0030291209,0.0053399894,0.0076405555,0.010323739,0.013299403,0.016723488,0.02067979,0.025347902,0.033135768,0.04717402,0.0007740982,2022-10-17,2022-10-11,0.0324879599623965,-0.03171386175142842,0.03171386175142842,0.0010057690271887147,1,0,0.049970753
r5_plus_fed,39,5,-0.048396356,-0.032693002,-0.024722937,-0.019539108,-0.015483913,-0.012092999,-0.009051399,-0.00636794,-0.0038055424,-0.0015211926,0.00072335376,0.0029554341,0.005273845,0.0075622327,0.010256788,0.0132470215,0.016629461,0.020571524,0.025232356,0.032816537,0.046930503,0.00072335376,2022-10-18,2022-10-11,0.007877070093203,-0.007153716331489049,0.007153716331489049,5.1175657351413134e-05,1,1,0.049955294
r5_plus_fed,40,1,-0.04983178,-0.032958277,-0.024695491,-0.019338412,-0.015267653,-0.011888152,-0.008947029,-0.006356202,-0.0039183367,-0.0017284839,0.00042958223,0.0026066697,0.0048785084,0.007138218,0.009829681,0.012778836,0.016206253,0.020248326,0.025093615,0.03301073,0.047942713,0.00042958223,2022-10-19,2022-10-18,-0.0036537124957506,0.004083294724867532,0.004083294724867532,1.6673295810131013e-05,0,1,0.04978911
r5_plus_fed,40,2,-0.048913784,-0.032537308,-0.024559842,-0.019391544,-0.015404593,-0.012132579,-0.009215948,-0.00667828,-0.004252928,-0.002096608,3.235662e-05,0.0022000275,0.004463249,0.0067428784,0.009472516,0.012517738,0.016076999,0.020316863,0.025283778,0.03353273,0.048298478,3.235662e-05,2022-10-20,2022-10-18,-0.005114854470836,0.00514721109090373,0.00514721109090373,2.649378201432237e-05,0,1,0.04984362
r5_plus_fed,40,3,-0.049469747,-0.032871317,-0.024718616,-0.019416992,-0.015398218,-0.012064933,-0.00910738,-0.006544761,-0.004145229,-0.001964755,0.0001974829,0.0023500416,0.0046048937,0.00687536,0.0095777735,0.012597226,0.016057488,0.020130863,0.024887212,0.032803383,0.047077585,0.0001974829,2022-10-21,2022-10-18,0.0231771323007943,-0.02297964939427952,0.02297964939427952,0.0005280642862840111,1,1,0.049605828
r5_plus_fed,40,4,-0.04833271,-0.03208729,-0.024274653,-0.01916563,-0.015205767,-0.011930761,-0.008991454,-0.006414873,-0.0039664954,-0.0017622146,0.0004201754,0.0025922377,0.0048424667,0.0071208235,0.009809132,0.012829489,0.01635258,0.020484716,0.025370875,0.033551015,0.048155095,0.0004201754,2022-10-24,2022-10-18,0.0109413627675272,-0.010521187362075171,0.010521187362075171,0.0001106953835078903,1,1,0.04964553
r5_plus_fed,40,5,-0.04881907,-0.032347444,-0.02425201,-0.019112594,-0.015174258,-0.011929761,-0.009040284,-0.0064830645,-0.0040279217,-0.0018186618,0.00035702033,0.0025345841,0.0048138304,0.007082865,0.0097767385,0.012778728,0.016234616,0.020313077,0.025192417,0.033252094,0.048002195,0.00035702033,2022-10-25,2022-10-18,0.0204747341485123,-0.02011771382232074,0.02011771382232074,0.000404722409436795,1,1,0.04944443
r5_plus_fed,41,1,-0.04828253,-0.031376515,-0.023230825,-0.018113257,-0.014300918,-0.011186401,-0.008512716,-0.00616981,-0.0039699115,-0.0019937926,-4.3433807e-05,0.0019329961,0.003968617,0.0059700506,0.0083394535,0.010922175,0.013884145,0.017375434,0.021518206,0.028025614,0.03927818,-4.3433807e-05,2022-10-26,2022-10-25,-0.0223440421710303,0.022300608363880304,0.022300608363880304,0.0004973171333991682,1,1,0.04474903
r5_plus_fed,41,2,-0.048410244,-0.030634891,-0.022089135,-0.016789086,-0.012858211,-0.009714811,-0.0069678146,-0.004600968,-0.002358086,-0.00037041612,0.0016005225,0.0035766514,0.0056154984,0.0076432144,0.010017384,0.0125911785,0.015515856,0.018905286,0.022789478,0.028964384,0.03950767,0.0016005225,2022-10-27,2022-10-25,-0.0183740417187532,0.01997456426671348,0.01997456426671348,0.00039898321764506706,0,1,0.044878613
r5_plus_fed,41,3,-0.0486543,-0.031311292,-0.023059268,-0.017878499,-0.014043264,-0.01092094,-0.008176861,-0.00579566,-0.0035674307,-0.0015541399,0.0004517584,0.0024434172,0.0045217196,0.0066086436,0.009077651,0.011816493,0.014942549,0.018613903,0.022873644,0.029539686,0.040621825,0.0004517584,2022-10-28,2022-10-25,0.0301420819730463,-0.029690323585547743,0.029690323585547743,0.0008815153146145326,1,0,0.04593291
r5_plus_fed,41,4,-0.04668104,-0.030342776,-0.022447586,-0.01740263,-0.013590206,-0.010516461,-0.007768798,-0.00537626,-0.0031162982,-0.0010933925,0.0008989661,0.0028762897,0.004904563,0.006952955,0.009341558,0.012001644,0.015048506,0.018567273,0.022630129,0.02909419,0.039808236,0.0008989661,2022-10-31,2022-10-25,-0.0116960489044551,0.012595015004522,0.012595015004522,0.0001586344029641343,0,1,0.045077715
r5_plus_fed,41,5,-0.04663184,-0.030170275,-0.022012891,-0.016927335,-0.013135493,-0.010067428,-0.007378039,-0.0050085373,-0.0027610292,-0.00074344553,0.0012481506,0.0032261778,0.005276161,0.007297973,0.00967961,0.012290519,0.01523529,0.018612366,0.022543352,0.028638134,0.039130524,0.0012481506,2022-11-01,2022-10-25,-0.0102703591731032,0.01151850977136098,0.01151850977136098,0.0001326760673529384,0,1,0.044556245
r5_plus_fed,42,1,-0.048161652,-0.031278364,-0.02312587,-0.017914062,-0.01397701,-0.010743534,-0.007969394,-0.0055486807,-0.0032827558,-0.0012594569,0.0007463604,0.0027831786,0.004899852,0.0069973916,0.00949729,0.012236678,0.015392858,0.019117426,0.02354926,0.030498106,0.042481948,0.0007463604,2022-11-02,2022-11-01,-0.0348785160885288,0.03562487648642646,0.03562487648642646,0.001269131824673141,0,0,0.04667513
r5_plus_fed,42,2,-0.049288828,-0.03227255,-0.024037035,-0.018735116,-0.014679053,-0.011386219,-0.008483105,-0.0059820567,-0.0036099544,-0.0015121503,0.00055863085,0.0026620491,0.0048418525,0.0070250724,0.009611954,0.012465282,0.015755845,0.019635098,0.024115242,0.031275723,0.04328061,0.00055863085,2022-11-03,2022-11-01,-0.0197278218585731,0.020286452712930135,0.020286452712930135,0.00041154016367395043,0,1,0.048152275
r5_plus_fed,42,3,-0.04996857,-0.03284118,-0.024471264,-0.019032627,-0.014939836,-0.011588564,-0.00863758,-0.0060926434,-0.003729209,-0.0015942729,0.00052853615,0.0026385777,0.0048359223,0.007039118,0.009640058,0.012524235,0.015817728,0.019679924,0.024162363,0.031384546,0.043537177,0.00052853615,2022-11-04,2022-11-01,0.0159569279410219,-0.015428391786133328,0.015428391786133328,0.00023803527310642636,1,1,0.048633628
r5_plus_fed,42,4,-0.04913774,-0.03234876,-0.024159288,-0.018832406,-0.014772865,-0.011482262,-0.0085569965,-0.0060097156,-0.0036048165,-0.0014636829,0.0006600979,0.0027782428,0.00496968,0.0072011603,0.009816834,0.012746772,0.016122896,0.020043978,0.024589118,0.031903706,0.04398485,0.0006600979,2022-11-07,2022-11-01,0.0109346123015244,-0.010274514376531959,0.010274514376531959,0.00010556564567356191,1,1,0.048748404
r5_plus_fed,42,5,-0.04964647,-0.03272605,-0.02424784,-0.0188612,-0.014779774,-0.011464996,-0.008554339,-0.00599524,-0.003562476,-0.0013928073,0.000737369,0.0028605163,0.005079755,0.007274088,0.009868636,0.012736775,0.015984481,0.019739699,0.024153134,0.031109031,0.043262128,0.000737369,2022-11-08,2022-11-01,0.0072605502087353,-0.0065231812064266035,0.0065231812064266035,4.255189305187724e-05,1,1,0.048400976
r5_plus_fed,43,1,-0.049583226,-0.033117194,-0.025276124,-0.020067733,-0.016042767,-0.012656168,-0.009675114,-0.0070689665,-0.0046160077,-0.0023941365,-0.00018591477,0.0020612362,0.004368635,0.006628505,0.009285893,0.0121665085,0.015468878,0.019319246,0.02383284,0.030699426,0.04279421,-0.00018591477,2022-11-09,2022-11-08,-0.023346595266923,0.0231606804927305,0.0231606804927305,0.0005364171208863472,1,1,0.049108967
r5_plus_fed,43,2,-0.049202856,-0.03291757,-0.025267974,-0.020192632,-0.016200688,-0.012877075,-0.009878997,-0.007273106,-0.0047850846,-0.002550336,-0.00033537034,0.0019212413,0.0042377193,0.006559879,0.009296718,0.012297234,0.015750503,0.01979491,0.024438018,0.03164549,0.04373317,-0.00033537034,2022-11-10,2022-11-08,0.0711929997477418,-0.07152837008370257,0.07152837008370257,0.005116307726831117,0,0,0.04970599
r5_plus_fed,43,3,-0.05112529,-0.034013897,-0.025763158,-0.020259619,-0.01604091,-0.01251629,-0.009377725,-0.0066596395,-0.0041158427,-0.0018008866,0.0004950135,0.0027762498,0.0051142504,0.00742519,0.010116856,0.013065432,0.016373074,0.020177266,0.02448388,0.031276587,0.04298218,0.0004950135,2022-11-11,2022-11-08,0.0182584576680964,-0.01776344417824281,0.01776344417824281,0.00031553994907354836,1,1,0.050247036
r5_plus_fed,43,4,-0.049654536,-0.033236317,-0.025361817,-0.020109544,-0.01599656,-0.012586629,-0.009516952,-0.0068095466,-0.004229696,-0.0019095879,0.00038478462,0.002664329,0.0050042886,0.0073427903,0.0100743575,0.013101299,0.016550155,0.020492092,0.024983084,0.03206305,0.044077694,0.00038478462,2022-11-14,2022-11-08,-0.0087896716733245,0.00917445629707219,0.00917445629707219,8.417064834688757e-05,0,1,0.0503449
r5_plus_fed,43,5,-0.050838847,-0.03405255,-0.025748989,-0.020370174,-0.016202657,-0.012750464,-0.009658116,-0.0069135036,-0.0042796372,-0.0019233655,0.00039566847,0.002694741,0.005084177,0.007434021,0.010188153,0.013219057,0.01661059,0.020493666,0.024954405,0.031821612,0.044026706,0.00039566847,2022-11-15,2022-11-08,0.0137435381227701,-0.013347869655961825,0.013347869655961825,0.00017816562435254646,1,1,0.05070339
r5_plus_fed,44,1,-0.055374745,-0.0378152,-0.029162178,-0.023347342,-0.018730653,-0.014837705,-0.0114393355,-0.008439178,-0.00559477,-0.0030542437,-0.000498912,0.0021075562,0.004796988,0.007482426,0.010673226,0.014204799,0.018293662,0.023107411,0.028745733,0.03734806,0.051271833,-0.000498912,2022-11-16,2022-11-15,-0.01374353812277,0.01324462611661907,0.01324462611661907,0.00017542012096902792,1,1,0.05790791
r5_plus_fed,44,2,-0.05506927,-0.037223138,-0.028402394,-0.022438694,-0.017712321,-0.0138139,-0.010356894,-0.0073546823,-0.004487533,-0.0019413466,0.00061064656,0.003193432,0.005874096,0.008550125,0.011717681,0.01521561,0.019294187,0.024058562,0.029516613,0.038023964,0.051804315,0.00061064656,2022-11-17,2022-11-15,-0.0022094332073834,0.0028200797663089096,0.0028200797663089096,7.952849888344914e-06,0,1,0.057919007
r5_plus_fed,44,3,-0.054946825,-0.037031196,-0.028073289,-0.022066684,-0.01740507,-0.013523539,-0.010067673,-0.0070584165,-0.0042263884,-0.0016516827,0.0009473295,0.0035342209,0.00620291,0.008847749,0.011942073,0.01537064,0.019275852,0.023824103,0.029004425,0.03722361,0.050649773,0.0009473295,2022-11-18,2022-11-15,3.4852794622352704e-05,0.0009124767121213467,0.0009124767121213467,8.326137501637829e-07,1,1,0.057077713
r5_plus_fed,44,4,-0.053157438,-0.035893757,-0.027382815,-0.02164886,-0.017096762,-0.013342976,-0.009965247,-0.0070099966,-0.0041913264,-0.0016312057,0.00092349516,0.0034628832,0.006069143,0.0087135015,0.011785738,0.015205279,0.019164385,0.023721635,0.0289311,0.03716413,0.05065873,0.00092349516,2022-11-21,2022-11-15,-0.0103403721975027,0.011263867355124501,0.011263867355124501,0.00012687470779383943,0,1,0.056313917
r5_plus_fed,44,5,-0.053280275,-0.036080096,-0.02738662,-0.021677556,-0.017161861,-0.013419825,-0.010111356,-0.007175486,-0.0043680244,-0.0018476064,0.0006556426,0.0031572927,0.0057691336,0.008368716,0.011433307,0.014801469,0.018654142,0.023090256,0.028234864,0.036152393,0.04961907,0.0006556426,2022-11-22,2022-11-15,0.0143000820357924,-0.013644439441581597,0.013644439441581597,0.00018617072767498753,1,1,0.055621482
r5_plus_fed,45,1,-0.047062412,-0.03134461,-0.023767982,-0.018772602,-0.014910699,-0.0116870105,-0.008909166,-0.006463738,-0.0041597835,-0.0020990355,-4.2616957e-05,0.0020524403,0.004221449,0.006355357,0.008884453,0.011665312,0.014873315,0.018685328,0.02325973,0.030531913,0.043465875,-4.2616957e-05,2022-11-23,2022-11-22,0.0099868096569733,-0.010029426614189823,0.010029426614189823,0.00010058939820941914,0,1,0.04702771
r5_plus_fed,45,2,-0.0471899,-0.031104015,-0.023397658,-0.018317495,-0.014378074,-0.011148171,-0.008293563,-0.0058162278,-0.0034644913,-0.0013777225,0.0007030254,0.0028045103,0.004981035,0.007145846,0.009696078,0.012485477,0.015721735,0.019545622,0.02399954,0.031177629,0.04353156,0.0007030254,2022-11-25,2022-11-22,-0.0066002495634748,0.007303274939898993,0.007303274939898993,5.333782484775664e-05,0,1,0.047397196
r5_plus_fed,45,3,-0.047438126,-0.031146202,-0.023159273,-0.01790322,-0.013914811,-0.010646851,-0.0077683055,-0.0052854014,-0.0029821862,-0.0009145668,0.001141302,0.0031909028,0.005322336,0.007437485,0.009921826,0.01267623,0.015831571,0.019552201,0.023924464,0.03097715,0.04319156,0.001141302,2022-11-28,2022-11-22,-0.0147820188776993,0.01592332093244724,0.01592332093244724,0.0002535521495177124,0,1,0.047083735
r5_plus_fed,45,4,-0.046854045,-0.030762529,-0.022946969,-0.017802987,-0.013858831,-0.010669442,-0.007828433,-0.0053618755,-0.0030310235,-0.0009465451,0.0011194188,0.0031868746,0.0053240517,0.007493297,0.010020104,0.012837621,0.016080322,0.01983635,0.024197819,0.031234223,0.043413993,0.0011194188,2022-11-29,2022-11-22,-0.0075982559608747,0.0087176747290869,0.0087176747290869,7.599785268216036e-05,0,1,0.047144786
r5_plus_fed,45,5,-0.047146756,-0.031196415,-0.02326505,-0.018137857,-0.014227554,-0.011026958,-0.008204632,-0.0057111317,-0.003336433,-0.0012053126,0.0009031097,0.003008952,0.0052132914,0.007398064,0.009983616,0.012838182,0.016097099,0.01989254,0.024384677,0.031476267,0.0441424,0.0009031097,2022-11-30,2022-11-22,0.0445771185399161,-0.04367400881109175,0.04367400881109175,0.0019074190456313197,1,0,0.047649726
r5_plus_fed,46,1,-0.046707664,-0.029755482,-0.021987416,-0.017055944,-0.013287222,-0.010167431,-0.007444997,-0.0050287438,-0.0027328308,-0.00064334925,0.0014727894,0.0036420312,0.0058559794,0.008031987,0.010591116,0.013379018,0.016582785,0.020364517,0.02490896,0.03219404,0.046626925,0.0014727894,2022-12-01,2022-11-30,0.0012265523393986,0.00024623710556205373,0.00024623710556205373,6.0632712155578e-08,1,1,0.046896376
r5_plus_fed,46,2,-0.048870422,-0.031487692,-0.023526235,-0.01849359,-0.014605167,-0.011416317,-0.008566557,-0.0060805962,-0.003674102,-0.001505261,0.0006788576,0.0029037506,0.0051650465,0.0074223224,0.010066857,0.012957109,0.016263625,0.020170799,0.024684422,0.032138973,0.04626635,0.0006788576,2022-12-02,2022-11-30,-0.0039914346199452,0.004670292233765782,0.004670292233765782,2.181162954877298e-05,0,1,0.048210658
r5_plus_fed,46,3,-0.04920307,-0.03214919,-0.024265066,-0.019194573,-0.015310669,-0.012077476,-0.009176403,-0.006639001,-0.0042330557,-0.0020267824,0.00021207416,0.0024557787,0.004749677,0.00703958,0.009728514,0.012698007,0.016071653,0.020068701,0.024732728,0.032387245,0.046834342,0.00021207416,2022-12-05,2022-11-30,-0.016925727532847,0.01713780168841701,0.01713780168841701,0.00029370424671150885,0,1,0.048997793
r5_plus_fed,46,4,-0.048279565,-0.03178554,-0.024178637,-0.019196466,-0.015293678,-0.012056881,-0.009121211,-0.006537679,-0.0040546916,-0.0017942612,0.00047349668,0.0027411557,0.005034623,0.0073294886,0.009992271,0.012946887,0.016337015,0.02030342,0.024967216,0.03264532,0.047184482,0.00047349668,2022-12-06,2022-11-30,-0.0209381938320678,0.021411690510818763,0.021411690510818763,0.00045846049053108623,0,1,0.049145855
r5_plus_fed,46,5,-0.04867277,-0.032094214,-0.024120012,-0.019025037,-0.015082211,-0.0118269855,-0.008927155,-0.0063555143,-0.0038667098,-0.0016153053,0.00065712794,0.00292735,0.0052618845,0.0075476323,0.010212521,0.013125905,0.016408494,0.020233542,0.024712222,0.031957533,0.046347875,0.00065712794,2022-12-07,2022-11-30,-0.0040908468304449,0.004747974767746893,0.004747974767746893,2.2543264395161164e-05,0,1,0.048832234
r5_plus_fed,47,1,-0.04277101,-0.027913185,-0.020916471,-0.01635107,-0.012821128,-0.009857528,-0.0072825467,-0.0049893535,-0.002810982,-0.0008530105,0.0011202521,0.003132532,0.0052052424,0.007245273,0.009664953,0.012315994,0.015384231,0.019028692,0.023426551,0.030657168,0.044155374,0.0011202521,2022-12-08,2022-12-07,0.0117650738885997,-0.010644821819513864,0.010644821819513864,0.00011331223156919844,1,1,0.044343024
r5_plus_fed,47,2,-0.04576562,-0.030015262,-0.02261719,-0.017805073,-0.0140666645,-0.0109787565,-0.008224901,-0.00581005,-0.0034902324,-0.0014214081,0.000666968,0.0027749874,0.0049713817,0.007152325,0.009731979,0.012555751,0.01584532,0.01975772,0.024327468,0.031985078,0.045695107,0.000666968,2022-12-09,2022-12-07,-0.0063970690060444,0.007064037006631476,0.007064037006631476,4.990061883105899e-05,0,1,0.046944655
r5_plus_fed,47,3,-0.04648579,-0.030878248,-0.023485309,-0.018624939,-0.014873835,-0.011723687,-0.0088884095,-0.006395732,-0.0040401556,-0.0018885718,0.0002929245,0.002466977,0.004735287,0.0069813896,0.009630314,0.012576723,0.015982559,0.02004927,0.024873346,0.033017617,0.047619663,0.0002929245,2022-12-12,2022-12-07,0.0124734717374951,-0.012180547242779692,0.012180547242779692,0.00014836573113358796,1,1,0.048358656
r5_plus_fed,47,4,-0.045989662,-0.030704923,-0.02348698,-0.01866032,-0.014861879,-0.011715311,-0.008868411,-0.0063564847,-0.0039529544,-0.0017687099,0.00043116667,0.002625174,0.0048799454,0.007179075,0.009861968,0.012860252,0.016378183,0.020530617,0.025473103,0.033858135,0.048492998,0.00043116667,2022-12-13,2022-12-07,0.0106926936680402,-0.010261526997289373,0.010261526997289373,0.00010529893631609865,1,1,0.048960082
r5_plus_fed,47,5,-0.047453955,-0.031664755,-0.023986192,-0.019037105,-0.015187883,-0.011982244,-0.009130048,-0.006581162,-0.0041294103,-0.0019025936,0.00030911376,0.002537733,0.0048517375,0.007157619,0.009880874,0.012896213,0.01639388,0.020540062,0.025559107,0.033889916,0.048895102,0.00030911376,2022-12-14,2022-12-07,-0.0074416374260686,0.0077507511884100395,0.0077507511884100395,6.007414398463964e-05,0,1,0.0495453
r5_plus_fed,48,1,-0.043197766,-0.028731214,-0.02133351,-0.016570581,-0.012968486,-0.009999369,-0.007436763,-0.005192362,-0.0030816298,-0.0011950714,0.0006640372,0.0025462408,0.00450853,0.0064500836,0.00876172,0.011294946,0.014239057,0.017744938,0.021984234,0.029011128,0.042229816,0.0006640372,2022-12-15,2022-12-14,-0.0341528970447647,0.03481693423141712,0.03481693423141712,0.0012122189092748255,0,0,0.043317743
r5_plus_fed,48,2,-0.044410374,-0.02959701,-0.022058433,-0.017201314,-0.013496576,-0.0104897125,-0.007833789,-0.0055418336,-0.003359743,-0.0014276106,0.00048907683,0.0024308648,0.004452104,0.006479956,0.008885068,0.011538112,0.014634338,0.018334856,0.022700474,0.030028112,0.043255445,0.00048907683,2022-12-16,2022-12-14,-0.0095800136513024,0.010069090483611765,0.010069090483611765,0.000101386583167161,0,1,0.04475891
r5_plus_fed,48,3,-0.04533314,-0.030215032,-0.02232924,-0.017221015,-0.013387775,-0.010258101,-0.0075126886,-0.0051506143,-0.0029622004,-0.000992733,0.0009574626,0.0028996274,0.004929344,0.006951019,0.0093326075,0.011989655,0.0150542995,0.01870736,0.023052596,0.030413095,0.043782596,0.0009574626,2022-12-19,2022-12-14,-0.0141534173290955,0.015110879916489321,0.015110879916489321,0.00022833869185056032,0,1,0.045381837
r5_plus_fed,48,4,-0.043931294,-0.02952599,-0.0221227,-0.01727472,-0.013547753,-0.010510814,-0.00779383,-0.0054262076,-0.0031851933,-0.0011786427,0.0008079518,0.0027892475,0.004839908,0.006925156,0.009368396,0.0121050235,0.015306015,0.01908642,0.023589276,0.031240096,0.044846054,0.0008079518,2022-12-20,2022-12-14,-0.0007788611213454,0.0015868129079007498,0.0015868129079007498,2.517975204680433e-06,0,1,0.045711976
r5_plus_fed,48,5,-0.04478592,-0.029787913,-0.021989003,-0.017044676,-0.013295775,-0.010235983,-0.007539514,-0.0051644505,-0.0028989871,-0.00086909183,0.0011264314,0.0031187283,0.0052015064,0.0072702803,0.009725865,0.012462058,0.01561414,0.01935038,0.023875728,0.03138948,0.04505641,0.0011264314,2022-12-21,2022-12-14,0.0144018406264291,-0.01327540923206069,0.01327540923206069,0.0001762364902786822,1,1,0.04586473
r5_plus_fed,49,1,-0.03870426,-0.025298668,-0.018763756,-0.014511813,-0.011236887,-0.008524604,-0.006161059,-0.0040627187,-0.00207944,-0.00029097853,0.0014881828,0.003300948,0.0051715565,0.007023438,0.009222399,0.011623509,0.0143962195,0.01768382,0.02166073,0.028231625,0.041200124,0.0014881828,2022-12-22,2022-12-21,-0.0247695090055399,0.026257691815675086,0.026257691815675086,0.0006894663794869704,0,0,0.04042449
r5_plus_fed,49,2,-0.040484015,-0.026821267,-0.020100221,-0.01573428,-0.01234529,-0.009565337,-0.007083475,-0.004921859,-0.0028278974,-0.00095583824,0.000909682,0.0028058095,0.0047496296,0.006685805,0.008971608,0.011478883,0.014355832,0.01776445,0.021755034,0.028508937,0.041602947,0.000909682,2022-12-23,2022-12-21,0.0022467920847749,-0.001337110070749152,0.001337110070749152,1.7878633412988025e-06,1,1,0.041855253
r5_plus_fed,49,3,-0.040436197,-0.027075456,-0.020405987,-0.016006382,-0.012623207,-0.009816908,-0.0073134103,-0.0051278574,-0.0030727484,-0.0012051276,0.0006626701,0.0025365548,0.0044677085,0.0063933125,0.008664515,0.01117347,0.014041972,0.01745966,0.02151932,0.028398901,0.041724943,0.0006626701,2022-12-27,2022-12-21,-0.0142390509831932,0.014901721104721408,0.014901721104721408,0.00022206129188289943,0,1,0.041925307
r5_plus_fed,49,4,-0.039769165,-0.026758932,-0.02026732,-0.015959475,-0.012609442,-0.009847173,-0.0073462715,-0.0051613157,-0.003075073,-0.0011931588,0.00068609917,0.0025709881,0.004500452,0.0064466908,0.008701242,0.011212002,0.014100372,0.017488256,0.021532198,0.028390834,0.041579872,0.00068609917,2022-12-28,2022-12-21,-0.0132907915406687,0.013976890711375867,0.013976890711375867,0.00019535347395774498,0,1,0.04179952
r5_plus_fed,49,5,-0.039887324,-0.026813155,-0.02014605,-0.01580843,-0.012463372,-0.009704568,-0.0072490117,-0.005071505,-0.0029830944,-0.0010993371,0.0007821864,0.0026634862,0.004620627,0.006544917,0.008808345,0.011304761,0.0141494395,0.01749962,0.021551175,0.028284714,0.041481987,0.0007821864,2022-12-29,2022-12-21,0.0240827251932938,-0.023300538795011153,0.023300538795011153,0.0005429151081378198,1,0,0.041697226
