model,window,horizon,q0.01,q0.05,q0.1,q0.15,q0.2,q0.25,q0.3,q0.35,q0.4,q0.45,q0.5,q0.55,q0.6,q0.65,q0.7,q0.75,q0.8,q0.85,q0.9,q0.95,q0.99,prediction,date,forecast_origin,actual,error,abs_error,squared_error,correct_direction,interval_coverage,interval_width
r7_all_external,0,1,-0.025889486,-0.014005618,-0.009233875,-0.0064054397,-0.0043267957,-0.002680311,-0.001282378,-5.1696436e-05,0.0011123364,0.002142486,0.0031764703,0.00420001,0.0052021462,0.00616875,0.0073118457,0.008520718,0.009904804,0.011567768,0.013590274,0.017008185,0.024051866,0.0031764703,2022-01-03,2021-12-31,0.0095804990329134,-0.006404028745769216,0.006404028745769216,4.101158417663844e-05,1,1,0.02282415
r7_all_external,0,2,-0.024094928,-0.012400987,-0.0077161207,-0.0048955334,-0.0028312984,-0.0012074715,0.0001915932,0.001378536,0.00249956,0.0034879018,0.0045105256,0.0054986756,0.0065115998,0.007483918,0.008618404,0.009855445,0.011252677,0.012945186,0.014936581,0.018298479,0.025142586,0.0045105256,2022-01-04,2021-12-31,-0.0130553983953836,0.01756592400940681,0.01756592400940681,0.0003085616863042546,0,0,0.022652702
r7_all_external,0,3,-0.024770258,-0.0128081115,-0.008050997,-0.0052267527,-0.0031484216,-0.0014888527,-5.663908e-05,0.0011777005,0.002316739,0.003335753,0.0043909657,0.005415559,0.0064630527,0.0074720294,0.008636742,0.009926695,0.011376117,0.013111566,0.015184325,0.018598162,0.025555516,0.0043909657,2022-01-05,2021-12-31,-0.0312028366890261,0.03559380237054918,0.03559380237054918,0.0012669187671937125,0,0,0.023235321
r7_all_external,0,4,-0.023771634,-0.012117944,-0.0074222633,-0.004562576,-0.0024477765,-0.0007729806,0.0007123731,0.0019608177,0.0031150552,0.0041375137,0.0051751956,0.006191485,0.007190332,0.008194661,0.009320162,0.010563681,0.011982439,0.0136656165,0.015676256,0.019092817,0.026172873,0.0051751956,2022-01-06,2021-12-31,-0.0007028603978874,0.0058780560322524815,0.0058780560322524815,3.4551542718299787e-05,0,1,0.02309852
r7_all_external,0,5,-0.025245305,-0.012883706,-0.0077927713,-0.0047719413,-0.002595869,-0.00087504776,0.00056678883,0.0018169231,0.002969443,0.0040285764,0.005097536,0.0061847507,0.0072570974,0.008312931,0.009530694,0.010861125,0.012375926,0.014174015,0.01633514,0.019939417,0.027426152,0.005097536,2022-01-07,2021-12-31,-0.0108917917743604,0.01598932767885731,0.01598932767885731,0.0002556585996218724,0,0,0.024127912
r7_all_external,1,1,-0.03820842,-0.020786233,-0.014205378,-0.010371035,-0.0075885197,-0.005396713,-0.0035683257,-0.0019618978,-0.0004552137,0.00086077396,0.0021830378,0.0034950045,0.004796277,0.0060435417,0.0075072385,0.009076112,0.01087329,0.0130683705,0.015786964,0.020441247,0.030107329,0.0021830378,2022-01-10,2022-01-07,0.0006578193180862,0.0015252184919413994,0.0015252184919413994,2.3262914481599964e-06,1,1,0.029992342
r7_all_external,1,2,-0.041774806,-0.023570508,-0.016795522,-0.0128342435,-0.009965743,-0.0077110333,-0.0057840855,-0.0041335644,-0.0025743318,-0.0012205078,0.00016631791,0.0015229956,0.0028923443,0.0041952697,0.005717153,0.0073668957,0.009275323,0.0115853585,0.014377088,0.019235948,0.029045403,0.00016631791,2022-01-11,2022-01-07,0.0149103226575203,-0.014744004743839032,0.014744004743839032,0.00021738567588634787,1,0,0.03117261
r7_all_external,1,3,-0.039250683,-0.020481557,-0.013531782,-0.009452222,-0.006482043,-0.0041119494,-0.0021087688,-0.0003704807,0.0012122337,0.0026259571,0.0040732324,0.005500989,0.0069527677,0.0083496915,0.009962622,0.01178069,0.013853189,0.016410284,0.019531446,0.024853703,0.035693888,0.0040732324,2022-01-12,2022-01-07,0.0039576826613383,0.00011554975099995705,0.00011554975099995705,1.3351744956152075e-08,1,1,0.033063225
r7_all_external,1,4,-0.048064556,-0.028278455,-0.021007359,-0.016713655,-0.013614774,-0.01120057,-0.009095103,-0.007303966,-0.0056219976,-0.004108065,-0.0025442648,-0.0009998574,0.00052728486,0.0020336485,0.0037300466,0.005586994,0.0077431994,0.010336199,0.013512653,0.01893462,0.029453019,-0.0025442648,2022-01-13,2022-01-07,-0.025334333807699,0.022790069032929454,0.022790069032929454,0.00051938724652569,1,0,0.03452001
r7_all_external,1,5,-0.043947656,-0.024858925,-0.017565522,-0.013262582,-0.010199683,-0.007760618,-0.005688567,-0.0038823788,-0.0022076198,-0.0006647209,0.00088636274,0.0024403422,0.003965226,0.0054371874,0.007137696,0.00901464,0.011156839,0.013774469,0.017003711,0.02253688,0.03350071,0.00088636274,2022-01-14,2022-01-07,0.006203104092486,-0.005316741347990727,0.005316741347990727,2.8267738561434255e-05,1,1,0.034569234
r7_all_external,2,1,-0.040172275,-0.024990441,-0.018784096,-0.015190627,-0.012603475,-0.010579681,-0.008898411,-0.0074207294,-0.0060457634,-0.0048055663,-0.003567303,-0.0023238233,-0.0010741618,0.00013746344,0.0015679959,0.003119233,0.004880461,0.0070057274,0.009602012,0.01394937,0.022557877,-0.003567303,2022-01-18,2022-01-14,-0.0252092174878937,0.02164191442268312,0.02164191442268312,0.00046837245987873963,1,0,0.028386109
r7_all_external,2,2,-0.03567087,-0.020760674,-0.014470462,-0.010759275,-0.00805505,-0.005923295,-0.004088996,-0.002518166,-0.0010404848,0.00027674146,0.0016194751,0.0029478688,0.004287514,0.0055816327,0.007079887,0.00868584,0.010516871,0.012716979,0.015336297,0.01980588,0.028821414,0.0016194751,2022-01-19,2022-01-14,-0.0110441809309993,0.012663656009768327,0.012663656009768327,0.00016036818353374146,0,1,0.02980676
r7_all_external,2,3,-0.038905367,-0.02304237,-0.016489813,-0.012641633,-0.009858474,-0.0076332395,-0.005716824,-0.0040462944,-0.0024982304,-0.0010767556,0.00038897624,0.0018396035,0.003284537,0.0046769846,0.0062482334,0.007959863,0.0098654125,0.0121592935,0.0149135105,0.01955716,0.028836813,0.00038897624,2022-01-20,2022-01-14,-0.0130734207566903,0.013462397001411861,0.013462397001411861,0.00018123613302362308,0,1,0.031403325
r7_all_external,2,4,-0.039387442,-0.023374127,-0.016530858,-0.01244214,-0.00949299,-0.0071905223,-0.00516773,-0.0034413855,-0.0018394385,-0.00038441597,0.0011027682,0.002569043,0.0040121377,0.0054423553,0.0070345155,0.008781904,0.010768011,0.01312723,0.015985234,0.020823954,0.030391771,0.0011027682,2022-01-21,2022-01-14,-0.0281204604847812,0.02922322871875846,0.02922322871875846,0.0008539970967488692,0,0,0.032516092
r7_all_external,2,5,-0.040198036,-0.024562702,-0.017760057,-0.013692547,-0.010756068,-0.008405853,-0.0063952026,-0.0046387273,-0.0030019549,-0.0015004876,1.7891056e-05,0.0015272658,0.003032082,0.0044658445,0.0061409166,0.007955637,0.010036306,0.012560464,0.015693739,0.02091217,0.031038173,1.7891056e-05,2022-01-24,2022-01-14,0.004567374731204,-0.004549483675299671,0.004549483675299671,2.0697801711818204e-05,1,1,0.033453796
r7_all_external,3,1,-0.07779749,-0.05194051,-0.041702174,-0.03539448,-0.030598223,-0.026775876,-0.023538725,-0.020744044,-0.018220693,-0.015965907,-0.013773155,-0.011633003,-0.009517554,-0.0075097824,-0.0051872865,-0.0027594934,-4.2810338e-05,0.0031398903,0.0069359248,0.01331879,0.027268546,-0.013773155,2022-01-25,2022-01-24,-0.0234542649391225,0.009681109540455642,0.009681109540455642,9.372388193430126e-05,1,1,0.048638098
r7_all_external,3,2,-0.05464674,-0.03082791,-0.02109382,-0.015299702,-0.01107784,-0.0077543654,-0.0049019787,-0.0024483907,-0.00015036273,0.0019103556,0.0039928234,0.0060474914,0.0081157265,0.010095898,0.012391625,0.014899567,0.017771324,0.021242853,0.025458919,0.03296269,0.049698405,0.0039928234,2022-01-26,2022-01-24,-0.0015661684681545,0.0055589918863843185,0.0055589918863843185,3.090239079288668e-05,0,1,0.04655274
r7_all_external,3,3,-0.061907675,-0.036528915,-0.026167257,-0.019978322,-0.015485689,-0.011941461,-0.008922117,-0.0063252887,-0.0039348747,-0.0017750034,0.00040168077,0.0025256146,0.0046229656,0.0066291243,0.008935141,0.011496271,0.014389053,0.017901156,0.022187859,0.02974246,0.04610231,0.00040168077,2022-01-27,2022-01-24,-0.0101213095758751,0.010522990341082956,0.010522990341082956,0.0001107333257185252,0,1,0.048355117
r7_all_external,3,4,-0.060242075,-0.03436935,-0.02372887,-0.017416338,-0.012875664,-0.009391458,-0.0063835215,-0.0038277325,-0.0014509257,0.00068619585,0.0028599845,0.0050105685,0.007154739,0.009223896,0.011601972,0.0142349815,0.0172298,0.020810049,0.025145618,0.032712,0.048925444,0.0028599845,2022-01-28,2022-01-24,0.0308870537331272,-0.028027069208579145,0.028027069208579145,0.0007855166084224852,1,0,0.04887449
r7_all_external,3,5,-0.060012616,-0.035694886,-0.02540098,-0.019240871,-0.014802499,-0.011243822,-0.008178174,-0.005497338,-0.0029813955,-0.00067899516,0.00163943,0.003920604,0.006162167,0.00826492,0.0107023455,0.013344963,0.016330738,0.019904202,0.024288855,0.031830113,0.0481495,0.00163943,2022-01-31,2022-01-24,0.0314777100662097,-0.029838280120711,0.029838280120711,0.0008903229605620171,1,0,0.049689837
r7_all_external,4,1,-0.07369919,-0.043003164,-0.030156855,-0.022922095,-0.01793324,-0.014089737,-0.010909508,-0.008165602,-0.0056417026,-0.0033903343,-0.0011472222,0.0010754049,0.0033038717,0.005434235,0.007913756,0.010601351,0.013697114,0.017419728,0.02206025,0.030344097,0.04847437,-0.0011472222,2022-02-01,2022-01-31,0.0067803478947039,-0.007927570134228026,0.007927570134228026,6.284636823310417e-05,0,1,0.052217104
r7_all_external,4,2,-0.0710989,-0.03942366,-0.02637436,-0.019055827,-0.014053913,-0.010234177,-0.007048408,-0.00434326,-0.0018307269,0.00039508136,0.0026452756,0.004900957,0.007216807,0.009432523,0.012012714,0.014843719,0.018083887,0.021947397,0.026626991,0.035198,0.05349228,0.0026452756,2022-02-02,2022-01-31,0.008092541077422,-0.005447265521870947,0.005447265521870947,2.9672701665763964e-05,1,1,0.05300135
r7_all_external,4,3,-0.07611921,-0.045517575,-0.032403238,-0.024932494,-0.019787142,-0.015795859,-0.0124651985,-0.009656657,-0.007130939,-0.0048997137,-0.0026599523,-0.00047809578,0.0017317457,0.0038761327,0.0063477075,0.009080321,0.012212346,0.016012583,0.020700855,0.029170778,0.04726142,-0.0026599523,2022-02-03,2022-01-31,-0.0413885663331113,0.03872861406510688,0.03872861406510688,0.0014999055474039945,1,0,0.053104095
r7_all_external,4,4,-0.074558616,-0.045805395,-0.033728514,-0.02673423,-0.021731103,-0.017841298,-0.014494554,-0.011659598,-0.009058299,-0.0067843623,-0.004537597,-0.0023371456,-0.00017373677,0.0019240461,0.00431698,0.0069670994,0.010042176,0.013731055,0.018387886,0.026892101,0.04475323,-0.004537597,2022-02-04,2022-01-31,0.0125361740226399,-0.017073770855600745,0.017073770855600745,0.0002915136512295614,0,1,0.0521164
r7_all_external,4,5,-0.06869924,-0.04022117,-0.028314114,-0.021560404,-0.016812515,-0.013103665,-0.009973834,-0.0073003354,-0.0048513645,-0.0026273087,-0.000388249,0.0018475981,0.004087045,0.0062458543,0.0087569775,0.011507198,0.014674159,0.018521644,0.023384513,0.032103267,0.050457384,-0.000388249,2022-02-07,2022-01-31,-0.0080770417023321,0.007688792704125992,0.007688792704125992,5.911753324702108e-05,1,1,0.051698625
r7_all_external,5,1,-0.035443086,-0.01857134,-0.012006849,-0.00813376,-0.0053252066,-0.0030950336,-0.0012167757,0.00044610118,0.0020053335,0.0034021402,0.004807775,0.0061999755,0.007577591,0.008893477,0.010437442,0.012087502,0.014006799,0.016331548,0.019195683,0.023973472,0.03418536,0.004807775,2022-02-08,2022-02-07,0.0111726842109193,-0.0063649093020786435,0.0063649093020786435,4.051207042368725e-05,1,1,0.031202532
r7_all_external,5,2,-0.05050991,-0.03130475,-0.024126882,-0.019907342,-0.01685843,-0.014456392,-0.012363845,-0.010566618,-0.008871446,-0.007368448,-0.005838716,-0.0043636393,-0.0029068012,-0.0015084762,0.00014284713,0.0019327626,0.00407223,0.006653682,0.009809415,0.015109609,0.025590925,-0.005838716,2022-02-09,2022-02-07,0.0209693453836038,-0.02680806132059239,0.02680806132059239,0.0007186721517686419,0,0,0.033936296
r7_all_external,5,3,-0.039142106,-0.021578027,-0.014827722,-0.010841804,-0.007914751,-0.0055566,-0.0035178242,-0.0017199132,-5.6702353e-05,0.0014466358,0.0029814763,0.004482281,0.005996827,0.0074373255,0.009108744,0.010967705,0.013102889,0.015683105,0.018797886,0.023917507,0.03446936,0.0029814763,2022-02-10,2022-02-07,-0.0228925506097751,0.025874026862673673,0.025874026862673673,0.0006694652660903589,0,0,0.033625606
r7_all_external,5,4,-0.04284624,-0.02391172,-0.016511245,-0.012191289,-0.009095954,-0.0066857547,-0.004591461,-0.0028089872,-0.0011369779,0.00037810992,0.0019284007,0.0034610282,0.0049669123,0.006457987,0.008123832,0.009929754,0.0120234545,0.014507575,0.017479213,0.022508385,0.032763515,0.0019284007,2022-02-11,2022-02-07,-0.0322357493363145,0.034164150050264894,0.034164150050264894,0.0011671891486570148,0,0,0.033990458
r7_all_external,5,5,-0.040652707,-0.021856543,-0.014383896,-0.010050084,-0.0069863293,-0.0045488644,-0.0025075902,-0.00071836886,0.00095599,0.0025186613,0.0040924675,0.005685636,0.007247914,0.008763629,0.010495989,0.012398789,0.014569582,0.017174711,0.020298399,0.025468929,0.0361056,0.0040924675,2022-02-14,2022-02-07,0.0012380247767051,0.0028544427064279773,0.0028544427064279773,8.147843164279876e-06,1,1,0.034682296
r7_all_external,6,1,-0.060674332,-0.036507577,-0.026677286,-0.020883324,-0.016680231,-0.013359942,-0.010581599,-0.00817086,-0.0059187696,-0.0039339373,-0.0019467575,3.3040007e-05,0.0020121948,0.003931009,0.00616904,0.008591421,0.0113478415,0.014673296,0.018798051,0.026006518,0.041763175,-0.0019467575,2022-02-15,2022-02-14,0.0245599899521424,-0.026506747499699754,0.026506747499699754,0.0007026076630128391,0,0,0.045475338
r7_all_external,6,2,-0.055373903,-0.031049497,-0.021108838,-0.015242803,-0.011025967,-0.007729115,-0.004911573,-0.0025197882,-0.00026984146,0.0017029662,0.0036995984,0.005657769,0.007654325,0.009589348,0.011828233,0.014294163,0.017111985,0.020504216,0.024621015,0.03194527,0.047907487,0.0036995984,2022-02-16,2022-02-14,-0.0002526674133269,0.0039522657815841845,0.0039522657815841845,1.5620404808281245e-05,0,1,0.045729853
r7_all_external,6,3,-0.05726649,-0.032933526,-0.022897378,-0.016900927,-0.012563116,-0.009125483,-0.0061997618,-0.003699865,-0.0014037881,0.0006525065,0.002732237,0.004779648,0.00684943,0.008869281,0.011196965,0.013805552,0.016758764,0.020371038,0.024763016,0.03243271,0.04904615,0.002732237,2022-02-17,2022-02-14,-0.030194941623389,0.03292717872585284,0.03292717872585284,0.0010841990988442558,0,0,0.047660396
r7_all_external,6,4,-0.059523936,-0.03535146,-0.02537435,-0.019363886,-0.014979945,-0.011572805,-0.00858057,-0.006038103,-0.00366502,-0.0015400508,0.00060289714,0.0026950522,0.004776109,0.006838411,0.009171444,0.01175584,0.01472044,0.018248018,0.022548487,0.030089607,0.046538185,0.00060289714,2022-02-18,2022-02-14,-0.0114711315554289,0.012074028695626356,0.012074028695626356,0.00014578216894280867,0,1,0.047922835
r7_all_external,6,5,-0.058878146,-0.034821324,-0.024792267,-0.018805059,-0.014543218,-0.0111626,-0.008267369,-0.0057764156,-0.003446136,-0.0013422624,0.0007615205,0.00284683,0.00492064,0.0069299727,0.009262169,0.011822675,0.01475417,0.01829854,0.02266875,0.030228117,0.046659242,0.0007615205,2022-02-22,2022-02-14,-0.010094145990655,0.010855666515629912,0.010855666515629912,0.00011784549549856848,0,1,0.047461018
r7_all_external,7,1,-0.0472903,-0.0278585,-0.019205123,-0.014077038,-0.010380293,-0.007465475,-0.005023827,-0.0028895205,-0.000909952,0.0008368143,0.002586605,0.004326831,0.0060749114,0.007775102,0.0097884135,0.011959918,0.014488917,0.01754887,0.021344835,0.027930528,0.04201455,0.002586605,2022-02-23,2022-02-22,-0.0259492929276828,0.0285358979550008,0.0285358979550008,0.000814297472098219,0,0,0.040549956
r7_all_external,7,2,-0.050768897,-0.030929018,-0.022084743,-0.016804349,-0.012979857,-0.00996215,-0.0073695765,-0.0051493193,-0.0030628159,-0.0012205787,0.00064345147,0.0024816194,0.0043595103,0.006181093,0.008318646,0.010643553,0.013351516,0.016620517,0.020570068,0.027577622,0.041981902,0.00064345147,2022-02-24,2022-02-22,0.033051999638152,-0.03240854817285824,0.03240854817285824,0.001050313994672473,1,0,0.042654812
r7_all_external,7,3,-0.051582206,-0.031452857,-0.022380756,-0.016925171,-0.0129869785,-0.009856538,-0.007179662,-0.0048776027,-0.0027443566,-0.000836332,0.0010914415,0.0029826784,0.0049067005,0.006766926,0.008932001,0.011338138,0.014093687,0.017454041,0.021575112,0.028866272,0.04406893,0.0010914415,2022-02-25,2022-02-22,0.0153883235681932,-0.014296882079368415,0.014296882079368415,0.00020440083719136572,1,1,0.04395587
r7_all_external,7,4,-0.053123537,-0.031823292,-0.022116615,-0.016270697,-0.012104951,-0.008901113,-0.0061471965,-0.003835871,-0.001705137,0.00019514991,0.002125782,0.0040452406,0.005992087,0.007913345,0.010112871,0.012552523,0.015376264,0.018756993,0.022892402,0.030258903,0.04541973,0.002125782,2022-02-28,2022-02-22,0.0029744106212326,-0.000848628660447211,0.000848628660447211,7.201706033324277e-07,1,1,0.045009017
r7_all_external,7,5,-0.054302573,-0.033670243,-0.024222849,-0.01853335,-0.0144733535,-0.0112631945,-0.008512713,-0.006133119,-0.0039148736,-0.0018974784,0.00011195213,0.002121172,0.0041292626,0.006080182,0.008357501,0.010866725,0.01376509,0.017276058,0.021656806,0.029309057,0.045132935,0.00011195213,2022-03-01,2022-02-22,-0.0154299024779375,0.015541854610948572,0.015541854610948572,0.0002415492447478634,0,1,0.045879655
r7_all_external,8,1,-0.053700216,-0.034101795,-0.025439488,-0.02005407,-0.015986126,-0.012695671,-0.009896608,-0.0074256174,-0.0051087528,-0.0030341437,-0.00094908033,0.0011456168,0.003248033,0.005247032,0.007557857,0.010035193,0.012845995,0.016192432,0.02028641,0.027176505,0.04141549,-0.00094908033,2022-03-02,2022-03-01,0.0166400342095711,-0.017589114544547417,0.017589114544547417,0.0003093769504612095,0,1,0.045725897
r7_all_external,8,2,-0.055693794,-0.03595416,-0.027334291,-0.021902997,-0.017745798,-0.014388869,-0.011453746,-0.008920212,-0.0065383464,-0.004438926,-0.0023154519,-0.00022110878,0.0018969838,0.0039437455,0.0063241185,0.008901171,0.011908454,0.015535877,0.01991141,0.027364217,0.04177313,-0.0023154519,2022-03-03,2022-03-01,-0.0143876768443993,0.012072224987696735,0.012072224987696735,0.00014573861615356943,1,1,0.047245704
r7_all_external,8,3,-0.053902324,-0.0337046,-0.024689239,-0.019000491,-0.014684668,-0.011162421,-0.008120165,-0.0054834657,-0.0030489801,-0.00085502677,0.0013579668,0.0035510575,0.005763563,0.007898779,0.010364427,0.013072691,0.016149674,0.01986681,0.024330694,0.03192254,0.047346886,0.0013579668,2022-03-04,2022-03-01,-0.0145980796411863,0.01595604644233793,0.01595604644233793,0.000254595418070045,0,1,0.049019933
r7_all_external,8,4,-0.05643322,-0.036521025,-0.027749917,-0.022175558,-0.017864333,-0.014378846,-0.011282558,-0.008601558,-0.0060727024,-0.0038033347,-0.001517309,0.00071671244,0.0029421877,0.0051121293,0.0075667645,0.010260763,0.013376196,0.017074686,0.021514649,0.029156798,0.04434803,-0.001517309,2022-03-07,2022-03-01,-0.0375784439984414,0.03606113500610769,0.03606113500610769,0.0013004054579287257,1,0,0.049264565
r7_all_external,8,5,-0.055893246,-0.035782423,-0.0266021,-0.020880122,-0.016580185,-0.013104782,-0.010098124,-0.0074829506,-0.0050185295,-0.0027820799,-0.0005386475,0.0016884259,0.003922038,0.006066479,0.008537365,0.01123273,0.014308567,0.017986458,0.022474661,0.030079233,0.045472752,-0.0005386475,2022-03-08,2022-03-01,-0.0046586883277138,0.004120040803632629,0.004120040803632629,1.6974736223597803e-05,1,1,0.049076762
r7_all_external,9,1,-0.058822855,-0.03625323,-0.027465947,-0.02227393,-0.018437631,-0.015371028,-0.012751349,-0.010428453,-0.0082445135,-0.0062539964,-0.004229166,-0.002199858,-0.0001798502,0.001748267,0.003962147,0.0063342117,0.009006304,0.012210785,0.016177556,0.023060108,0.038154744,-0.004229166,2022-03-09,2022-03-08,0.0353652267066018,-0.03959439278591436,0.03959439278591436,0.0015677159400852671,0,0,0.043643504
r7_all_external,9,2,-0.058617145,-0.03525864,-0.026099877,-0.020645484,-0.016595302,-0.013365293,-0.010536977,-0.008072156,-0.0057276157,-0.0036176492,-0.0014568937,0.0006939965,0.002840247,0.0049066367,0.007270447,0.009790784,0.01267602,0.016107818,0.020201718,0.027356798,0.042492997,-0.0014568937,2022-03-10,2022-03-08,-0.011166915816589,0.009710022068916562,0.009710022068916562,9.428452857884667e-05,1,1,0.046301596
r7_all_external,9,3,-0.05544868,-0.031384863,-0.021726307,-0.015939591,-0.011674695,-0.008277786,-0.0053542396,-0.0028176664,-0.00044690253,0.0017175818,0.003949843,0.0061802156,0.008417301,0.010563806,0.013014784,0.015722744,0.018761143,0.022426866,0.02685759,0.034743134,0.051699508,0.003949843,2022-03-11,2022-03-08,-0.0209563905905951,0.024906233472006413,0.024906233472006413,0.0006203204657620926,0,1,0.048583895
r7_all_external,9,4,-0.060703017,-0.036438998,-0.026796695,-0.021040881,-0.016728036,-0.013290845,-0.010245268,-0.007592085,-0.0050608637,-0.002729316,-0.00032541942,0.0020334567,0.0043620053,0.0066428953,0.0091914795,0.011967483,0.015115255,0.018836444,0.023278192,0.030992692,0.047274664,-0.00032541942,2022-03-14,2022-03-08,-0.0193916690459875,0.01906624962980203,0.01906624962980203,0.00036352187494592605,1,1,0.050074887
r7_all_external,9,5,-0.06319808,-0.03859511,-0.02867614,-0.022803202,-0.018436447,-0.014908617,-0.011827518,-0.0091125965,-0.0065248306,-0.004150554,-0.0017280949,0.00066798937,0.0030391996,0.0052974764,0.007864547,0.010627731,0.013742328,0.017467681,0.0220022,0.029784976,0.04616994,-0.0017280949,2022-03-15,2022-03-08,0.0308850300436893,-0.03261312492508976,0.03261312492508976,0.001063615917379511,0,0,0.05067834
r7_all_external,10,1,-0.07327143,-0.047538348,-0.036884528,-0.030242875,-0.025231635,-0.021212017,-0.017818682,-0.014875356,-0.012167733,-0.009746026,-0.0073698694,-0.0050211186,-0.0026688017,-0.00039517484,0.00222971,0.005054063,0.008264089,0.012121071,0.016884997,0.025194677,0.042831283,-0.0073698694,2022-03-16,2022-03-15,0.0364155276585081,-0.043785397047148025,0.043785397047148025,0.001917160994576399,0,0,0.053769525
r7_all_external,10,2,-0.065519705,-0.03974409,-0.029059337,-0.022623649,-0.017834052,-0.0140165305,-0.010722347,-0.007895302,-0.0052277576,-0.0028664088,-0.00049347826,0.0018639624,0.004237552,0.0065624267,0.009245032,0.01213672,0.015469913,0.019451946,0.02419727,0.03254591,0.049773976,-0.00049347826,2022-03-17,2022-03-15,0.0120335691986929,-0.012527047461489898,0.012527047461489898,0.0001569269181024205,0,1,0.05325661
r7_all_external,10,3,-0.06797455,-0.042312693,-0.031707063,-0.025218429,-0.020411048,-0.016544426,-0.013187046,-0.010287908,-0.0075878054,-0.005164196,-0.0027353875,-0.00035781844,0.0020218245,0.0043421537,0.0070203785,0.009950621,0.013311753,0.017390525,0.022355374,0.03104263,0.049202688,-0.0027353875,2022-03-18,2022-03-15,0.0202613302371757,-0.022996717771078822,0.022996717771078822,0.0005288490282426525,0,1,0.054062437
r7_all_external,10,4,-0.06406096,-0.038983177,-0.028491335,-0.022004055,-0.017164446,-0.013335704,-0.009979002,-0.0070855767,-0.004365864,-0.001909982,0.00055335584,0.0029855003,0.0054213367,0.007832388,0.010582214,0.013628231,0.017107414,0.021237489,0.026195081,0.034858737,0.052900083,0.00055335584,2022-03-21,2022-03-15,-0.0027839361311749,0.0033372919744693117,0.0033372919744693117,1.1137517722857276e-05,0,1,0.054686416
r7_all_external,10,5,-0.06466431,-0.039837208,-0.029081516,-0.022557298,-0.017729541,-0.013851001,-0.010494942,-0.007570049,-0.004811694,-0.002321974,0.00017531711,0.0026479836,0.0051240204,0.007525008,0.010308551,0.013331192,0.016749207,0.020815175,0.025741095,0.034234684,0.052206863,0.00017531711,2022-03-22,2022-03-15,0.019461915476223,-0.019286598367126203,0.019286598367126203,0.0003719728765748351,1,1,0.05482261
r7_all_external,11,1,-0.052800678,-0.03301164,-0.024339668,-0.01915627,-0.015330866,-0.01229448,-0.009742699,-0.00750962,-0.0054344926,-0.0035739709,-0.001702594,0.0001789484,0.0020467136,0.0038260203,0.0058820336,0.008097127,0.0106077045,0.013617069,0.017318957,0.023625562,0.036871757,-0.001702594,2022-03-23,2022-03-22,-0.0144757396102443,0.012773145621505345,0.012773145621505345,0.00016315324906818117,1,1,0.041658625
r7_all_external,11,2,-0.05234215,-0.032611422,-0.023992788,-0.01880878,-0.014976734,-0.0119280275,-0.009305673,-0.0070654554,-0.0049695224,-0.003130918,-0.0012595357,0.0005746296,0.002411304,0.0041792965,0.006228653,0.008444181,0.011014756,0.014117674,0.017899102,0.024427129,0.037752435,-0.0012595357,2022-03-24,2022-03-22,0.0219833536104707,-0.023242889277957188,0.023242889277957188,0.0005402319019873772,0,0,0.041891888
r7_all_external,11,3,-0.05082252,-0.030690935,-0.021792218,-0.016391216,-0.012456208,-0.009327883,-0.006664127,-0.0043808823,-0.0022822488,-0.00040415092,0.0015033978,0.0033855815,0.0052823313,0.0071126707,0.009219817,0.011549265,0.01418658,0.0173858,0.021264192,0.027848303,0.04176311,0.0015033978,2022-03-25,2022-03-22,-0.0008345014294954,0.0023378992565320786,0.0023378992565320786,5.465772933693246e-06,0,1,0.04305641
r7_all_external,11,4,-0.051028557,-0.030667335,-0.021459993,-0.015872912,-0.011833604,-0.008693075,-0.0059699174,-0.0036712773,-0.0015398919,0.00036399602,0.0022963556,0.0042060306,0.006106383,0.007976228,0.010092655,0.012435194,0.01511007,0.01829412,0.022123797,0.028612666,0.04222431,0.0022963556,2022-03-28,2022-03-22,0.0153537540475098,-0.013057398494538438,0.013057398494538438,0.00017049565544517464,1,1,0.043583788
r7_all_external,11,5,-0.051058225,-0.03127673,-0.022281425,-0.016823094,-0.0128666,-0.009715844,-0.007002365,-0.0046708104,-0.002497471,-0.00052323623,0.0014655825,0.0034399256,0.005394445,0.0072679883,0.0094340695,0.011797125,0.014482413,0.01769676,0.021598807,0.028127195,0.04182129,0.0014655825,2022-03-29,2022-03-22,0.017063695712674,-0.015598113191041686,0.015598113191041686,0.00024330113512054864,1,1,0.04388023
r7_all_external,12,1,-0.050476525,-0.03094328,-0.022752177,-0.017760308,-0.014011395,-0.011001827,-0.008438211,-0.0061840573,-0.004058467,-0.0021529188,-0.0002184076,0.0017285348,0.003675932,0.0055514104,0.007712406,0.0100332135,0.012672083,0.015823876,0.01970801,0.026329834,0.040871862,-0.0002184076,2022-03-30,2022-03-29,-0.0111071865142472,0.010888778914060435,0.010888778914060435,0.00011856550623928714,1,1,0.04246019
r7_all_external,12,2,-0.046154782,-0.027123539,-0.019162823,-0.014294905,-0.010644043,-0.007726947,-0.0051893285,-0.002992054,-0.0008816855,0.0009966922,0.0029213075,0.004852295,0.0068036234,0.008694512,0.0108437,0.013173692,0.015813198,0.018937068,0.02266168,0.029183097,0.043504313,0.0029213075,2022-03-31,2022-03-29,-0.0124721268464269,0.01539343430590051,0.01539343430590051,0.00023695781973007474,0,1,0.041824505
r7_all_external,12,3,-0.04482046,-0.025729036,-0.01760322,-0.012615139,-0.008903673,-0.0059329052,-0.0033710375,-0.0011593107,0.0008961512,0.0027674437,0.0046868455,0.006594876,0.008529379,0.0104241,0.012581134,0.014983543,0.017682262,0.02099636,0.025000544,0.032058313,0.047706094,0.0046868455,2022-04-01,2022-03-29,-0.0019052885181458,0.006592133984640361,0.006592133984640361,4.3456230471450395e-05,0,1,0.042603765
r7_all_external,12,4,-0.05203571,-0.032480903,-0.024272332,-0.019137451,-0.015210151,-0.012061625,-0.0092639625,-0.00685703,-0.0045719384,-0.002515275,-0.00043110666,0.0015991243,0.0036088242,0.0055700997,0.0077614416,0.010172192,0.012941947,0.016268147,0.020286743,0.027285498,0.04244303,-0.00043110666,2022-04-04,2022-03-29,0.0203797662079486,-0.020810872866601025,0.020810872866601025,0.00043309242946983073,0,0,0.044559076
r7_all_external,12,5,-0.05097386,-0.031348053,-0.022896353,-0.017683802,-0.013776604,-0.010635554,-0.007911083,-0.0055465754,-0.0032996722,-0.0012581862,0.0008291378,0.0028985986,0.0049593784,0.006962744,0.009254605,0.011768285,0.014651197,0.018130267,0.022375453,0.029679859,0.04560167,0.0008291378,2022-04-05,2022-03-29,-0.0224545784828456,0.023283716286366607,0.023283716286366607,0.0005421314441040136,0,1,0.045271806
r7_all_external,13,1,-0.039691336,-0.019978909,-0.011845443,-0.0070447098,-0.00360082,-0.0008192493,0.0015977991,0.003771242,0.005833645,0.0077414303,0.00967136,0.011611689,0.013621245,0.015657732,0.018131426,0.020845236,0.02413959,0.028130371,0.033114687,0.041282438,0.058038335,0.00967136,2022-04-06,2022-04-05,-0.0219503373088931,0.03162169756318082,0.03162169756318082,0.0009999317567772757,0,0,0.04496013
r7_all_external,13,2,-0.05029667,-0.031127596,-0.023008764,-0.018002864,-0.014283478,-0.011267798,-0.008597583,-0.006276063,-0.0040699863,-0.002096859,-0.0001418104,0.0018141251,0.0038126418,0.0057932143,0.008126369,0.0107143,0.013770018,0.017465023,0.021920975,0.029649802,0.044913556,-0.0001418104,2022-04-07,2022-04-05,0.0023749660851711,-0.002516776478132006,0.002516776478132006,6.334163840878543e-06,0,1,0.04492974
r7_all_external,13,3,-0.045049224,-0.026374085,-0.018312624,-0.013310377,-0.009595174,-0.006576372,-0.0039296593,-0.0016089983,0.00057810725,0.0026121426,0.004668321,0.006740693,0.008890122,0.011025531,0.01351163,0.016321253,0.0195612,0.023438515,0.028062966,0.036231115,0.052715287,0.004668321,2022-04-08,2022-04-05,-0.0140778363275973,0.01874615732242147,0.01874615732242147,0.00035141841435697613,0,1,0.046375588
r7_all_external,13,4,-0.0480342,-0.028831964,-0.020609371,-0.015529335,-0.011758331,-0.008738853,-0.0060844314,-0.003780967,-0.0015828083,0.00043033488,0.0024783812,0.004547881,0.006695742,0.008855583,0.011359941,0.014136627,0.017395237,0.021260338,0.025890227,0.03409694,0.050794408,0.0024783812,2022-04-11,2022-04-05,-0.023941708974103,0.026420090127299095,0.026420090127299095,0.0006980211623346071,0,0,0.0464996
r7_all_external,13,5,-0.053039666,-0.03304692,-0.024346627,-0.01901178,-0.015075488,-0.011905212,-0.009139562,-0.0067359484,-0.0044517885,-0.0024011978,-0.0003536559,0.001692483,0.003793633,0.0058643525,0.008275363,0.010935612,0.0139972605,0.01766392,0.022223834,0.030239709,0.04739139,-0.0003536559,2022-04-12,2022-04-05,-0.0042332292743817,0.0038795733800947698,0.0038795733800947698,1.5051089611539957e-05,1,1,0.04657046
r7_all_external,14,1,-0.04752809,-0.029820409,-0.022248091,-0.017543,-0.013970122,-0.011054605,-0.008539708,-0.0063447948,-0.0042862725,-0.0024307477,-0.00057561265,0.0012977651,0.0032206466,0.0051203095,0.007369847,0.009830665,0.012691207,0.016154338,0.020460114,0.027974682,0.04363982,-0.00057561265,2022-04-13,2022-04-12,0.0201231065568479,-0.020698719205238133,0.020698719205238133,0.00042843697673729394,0,1,0.042708203
r7_all_external,14,2,-0.047544148,-0.028775845,-0.020744374,-0.01580377,-0.012100028,-0.009117844,-0.0065016397,-0.00424282,-0.0020972113,-0.00016529101,0.0017731927,0.003736835,0.005784895,0.007824056,0.010243507,0.012918936,0.016007729,0.019712275,0.02415601,0.03200502,0.04787525,0.0017731927,2022-04-14,2022-04-12,-0.0231326160090297,0.024905808672706736,0.024905808672706736,0.0006202993056414741,0,0,0.044900384
r7_all_external,14,3,-0.050121732,-0.031459194,-0.023309762,-0.018201698,-0.0143761095,-0.011261279,-0.008522183,-0.0061491528,-0.0039218543,-0.0018945308,0.00014788343,0.0021974558,0.004321172,0.0064475737,0.008975405,0.011825144,0.015093885,0.01908097,0.023888025,0.032256242,0.04871355,0.00014788343,2022-04-18,2022-04-12,0.0007681209825738,-0.0006202375515191482,0.0006202375515191482,3.8469462031446804e-07,1,1,0.04719779
r7_all_external,14,4,-0.05015267,-0.03158478,-0.023555027,-0.018466983,-0.014540024,-0.011368422,-0.008539151,-0.006070475,-0.003715191,-0.0015805499,0.0005872577,0.0027327146,0.004945782,0.007162774,0.009756129,0.012682222,0.016101094,0.020212308,0.02523396,0.034037016,0.051466458,0.0005872577,2022-04-19,2022-04-12,0.022104560455581,-0.021517302782548417,0.021517302782548417,0.00046299431903586586,1,1,0.048788987
r7_all_external,14,5,-0.052599616,-0.033632062,-0.025177915,-0.019909088,-0.015913384,-0.012662021,-0.009791188,-0.0072831274,-0.004882888,-0.0027208882,-0.0005569974,0.0016102279,0.0038488992,0.006055912,0.008651037,0.011549627,0.014906896,0.018993916,0.024061808,0.032909505,0.05060307,-0.0005569974,2022-04-20,2022-04-12,-0.0146917761904439,0.014134778817675081,0.014134778817675081,0.00019979197222459616,1,1,0.049239725
r7_all_external,15,1,-0.043723505,-0.028849449,-0.02203711,-0.017589223,-0.014135683,-0.011271532,-0.008798839,-0.006626121,-0.0045887185,-0.0027407832,-0.000894014,0.0009758398,0.002888278,0.0047684917,0.0069727665,0.0093723945,0.012151752,0.015492285,0.019571647,0.026520932,0.03929321,-0.000894014,2022-04-21,2022-04-20,-0.0209082018885904,0.020014187863483374,0.020014187863483374,0.00040056771583480517,1,1,0.04160876
r7_all_external,15,2,-0.043904305,-0.028636135,-0.021632906,-0.017086893,-0.0135341305,-0.010612279,-0.008012413,-0.005762848,-0.0036208166,-0.0017014211,0.00022567756,0.0021615955,0.004148302,0.006116163,0.008412364,0.010926097,0.013834196,0.0173006,0.021402627,0.028428774,0.04078665,0.00022567756,2022-04-22,2022-04-20,-0.0265348192566392,0.026760496819051075,0.026760496819051075,0.0007161241900024428,0,0,0.043035533
r7_all_external,15,3,-0.043734375,-0.027892087,-0.020489944,-0.015686117,-0.012008243,-0.008973399,-0.006307151,-0.0039978903,-0.0018332091,0.00013599492,0.0021159896,0.0040775193,0.0060897665,0.008065098,0.01035427,0.0128926905,0.015768465,0.019215014,0.023296127,0.030334258,0.042896982,0.0021159896,2022-04-25,2022-04-20,0.0127639968222687,-0.010648007252694106,0.010648007252694106,0.00011338005845342629,1,1,0.04378607
r7_all_external,15,4,-0.043050423,-0.028243735,-0.021428073,-0.016950047,-0.01340168,-0.010476453,-0.007846197,-0.0055303434,-0.0033128748,-0.0012980122,0.0007267536,0.002738376,0.004798175,0.0068605356,0.009260251,0.01193265,0.01504498,0.018744888,0.023139333,0.030691965,0.043672234,0.0007267536,2022-04-26,2022-04-20,-0.0384756980222903,0.039202451635270544,0.039202451635270544,0.0015368322142157262,0,0,0.044567406
r7_all_external,15,5,-0.04477494,-0.0288964,-0.021516625,-0.016820064,-0.013175552,-0.010177242,-0.007516266,-0.0051645134,-0.0029064293,-0.0008577729,0.0011986106,0.0032647487,0.00538407,0.0074804807,0.009934975,0.012651124,0.015770677,0.01948017,0.023953054,0.031448614,0.04455271,0.0011986106,2022-04-27,2022-04-20,-0.0011989073270559,0.002397517967186837,0.002397517967186837,5.7480924029837045e-06,0,1,0.04546968
r7_all_external,16,1,-0.0611339,-0.040299855,-0.031551763,-0.025994418,-0.02168635,-0.018134842,-0.015112345,-0.012475195,-0.0100365775,-0.007862835,-0.0056869164,-0.0035613247,-0.0014849941,0.0004891654,0.0027373254,0.0051545072,0.007889841,0.011162902,0.0152047835,0.021950198,0.035640087,-0.0056869164,2022-04-28,2022-04-27,0.0348995485379667,-0.040586464948889706,0.040586464948889706,0.0016472611370474527,0,0,0.046756547
r7_all_external,16,2,-0.045976028,-0.025566643,-0.017053673,-0.011903938,-0.00810792,-0.0050849896,-0.0024704682,-0.00020715315,0.0019577309,0.0039293454,0.0059893494,0.008070523,0.010230386,0.012345474,0.014827692,0.017594194,0.020770354,0.024525624,0.028927352,0.036265705,0.05050098,0.0059893494,2022-04-29,2022-04-27,-0.0460422141188318,0.05203156356602256,0.05203156356602256,0.002707283607125046,0,0,0.045981027
r7_all_external,16,3,-0.053551286,-0.032848947,-0.023909634,-0.018360052,-0.01420485,-0.010823791,-0.007903988,-0.0053762393,-0.0030498537,-0.000915454,0.0012901288,0.0035010127,0.0057241395,0.007912543,0.010431189,0.013217338,0.016340006,0.020043602,0.024339534,0.031542987,0.045120806,0.0012901288,2022-05-02,2022-04-27,0.0165576520771035,-0.015267523277948145,0.015267523277948145,0.00023309726704268848,1,1,0.04824917
r7_all_external,16,4,-0.06075574,-0.03995787,-0.031137522,-0.025515351,-0.021096112,-0.017545806,-0.014427641,-0.011722051,-0.009201839,-0.0069773914,-0.004733325,-0.0025433241,-0.0003582976,0.0017755138,0.0042148703,0.006943535,0.010096539,0.013891052,0.018524086,0.026284419,0.04056803,-0.004733325,2022-05-03,2022-04-27,0.0010673408461978,-0.005800665828423695,0.005800665828423695,3.3647724053042354e-05,0,1,0.049661607
r7_all_external,16,5,-0.057211384,-0.03632225,-0.027202327,-0.021606343,-0.017307866,-0.013835406,-0.0108153075,-0.008169628,-0.0056660324,-0.0033963781,-0.0010796805,0.0012416517,0.0035845472,0.005861652,0.008496128,0.011359715,0.014612861,0.018460939,0.022995941,0.030363934,0.044888176,-0.0010796805,2022-05-04,2022-04-27,0.0332532136118259,-0.034332894126347796,0.034332894126347796,0.001178747619091007,0,0,0.05019827
r7_all_external,17,1,-0.05997764,-0.039329596,-0.030047897,-0.024065223,-0.019418014,-0.015581606,-0.012272427,-0.009427216,-0.0067765396,-0.004409726,-0.0020629365,0.00030768587,0.0026961765,0.0050328006,0.007754746,0.010752924,0.014251614,0.018449964,0.023552952,0.031945907,0.048220403,-0.0020629365,2022-05-05,2022-05-04,-0.0516768017465041,0.04961386520022312,0.04961386520022312,0.002461535620105911,1,0,0.053600848
r7_all_external,17,2,-0.05354293,-0.032353625,-0.022840949,-0.016920853,-0.012451084,-0.008884888,-0.005774513,-0.0031207618,-0.00056842563,0.001733243,0.0040648757,0.006484834,0.008988945,0.011521252,0.014506293,0.017830733,0.021644855,0.026064372,0.031143615,0.039532866,0.055513326,0.0040648757,2022-05-06,2022-05-04,-0.0120534619323773,0.016118337587253534,0.016118337587253534,0.00025980080657667006,0,1,0.053984564
r7_all_external,17,3,-0.05491472,-0.0345594,-0.025366146,-0.0194893,-0.014999278,-0.0113265235,-0.008099815,-0.0053267614,-0.002717408,-0.0003379658,0.0020753285,0.0044922526,0.0069673113,0.009454949,0.012365429,0.015604526,0.019277798,0.02357525,0.028471064,0.036597945,0.05180787,0.0020753285,2022-05-09,2022-05-04,-0.0399126968947698,0.04198802538639797,0.04198802538639797,0.0017629942758488001,0,0,0.05383721
r7_all_external,17,4,-0.052840088,-0.034153216,-0.02584576,-0.02040288,-0.016077904,-0.012518872,-0.0093225185,-0.00653542,-0.0038736067,-0.0014756306,0.0009111664,0.0032989336,0.005740599,0.008210612,0.011115996,0.014394132,0.018208232,0.022696264,0.027959442,0.036618978,0.052618083,0.0009111664,2022-05-10,2022-05-04,0.0120755508832789,-0.011164384457484538,0.011164384457484538,0.0001246434803145223,1,1,0.053805202
r7_all_external,17,5,-0.053500872,-0.03453392,-0.025756482,-0.02021661,-0.01590782,-0.012386443,-0.009259054,-0.006520008,-0.003893489,-0.0015452325,0.00082036445,0.003193902,0.005672875,0.008132221,0.0110361725,0.0142483115,0.017905641,0.022176705,0.027168103,0.0353259,0.051243804,0.00082036445,2022-05-11,2022-05-04,-0.0301067266960786,0.030927091149908426,0.030927091149908426,0.0009564849669947441,0,0,0.052924585
r7_all_external,18,1,-0.057162132,-0.038849298,-0.029574325,-0.023415858,-0.018552713,-0.014482279,-0.010958524,-0.007877281,-0.0049891556,-0.002391323,0.00026298885,0.0029529142,0.0056827674,0.00829283,0.01131951,0.014643122,0.018503087,0.023046521,0.028369382,0.0365445,0.05064046,0.00026298885,2022-05-12,2022-05-11,-0.0023671875989613,0.00263017644664169,0.00263017644664169,6.917828140468707e-06,0,1,0.05794371
r7_all_external,18,2,-0.058749594,-0.041659012,-0.03236618,-0.025695687,-0.020226447,-0.015638528,-0.0116041005,-0.008220126,-0.005109912,-0.002394678,0.00033810525,0.0031460142,0.0060048676,0.00878558,0.012013965,0.015598106,0.019811146,0.024681222,0.030105563,0.03852723,0.05247384,0.00033810525,2022-05-13,2022-05-11,0.0363895011822649,-0.03605139593025229,0.03605139593025229,0.0012997031485198116,1,0,0.06247174
r7_all_external,18,3,-0.058723968,-0.040243197,-0.030532982,-0.023855787,-0.018552126,-0.014087649,-0.010121992,-0.0067115813,-0.0035675769,-0.00072168116,0.0021722838,0.0050956164,0.008117868,0.011030696,0.014378174,0.018070387,0.02221284,0.026907861,0.03201525,0.04015431,0.053791706,0.0021722838,2022-05-16,2022-05-11,-0.0116595077278745,0.013831791556133014,0.013831791556133014,0.00019131845765231256,0,1,0.062548235
r7_all_external,18,4,-0.05843244,-0.041700047,-0.032881,-0.026586253,-0.021325612,-0.016865324,-0.012843343,-0.009369744,-0.0061347946,-0.003266354,-0.0004173735,0.002450949,0.005394388,0.008313842,0.011675002,0.015428773,0.019799616,0.024859708,0.030564578,0.039524827,0.053841967,-0.0004173735,2022-05-17,2022-05-11,0.0255720956815505,-0.025989469173932966,0.025989469173932966,0.0006754525079428119,0,1,0.063445576
r7_all_external,18,5,-0.0589895,-0.040784854,-0.03147775,-0.02531369,-0.020273376,-0.016075185,-0.012326921,-0.009007481,-0.005848191,-0.0030307565,-0.00020523707,0.0026706774,0.0056291595,0.008509881,0.0118384175,0.015468643,0.019637924,0.024488157,0.029976457,0.038253695,0.05258967,-0.00020523707,2022-05-18,2022-05-11,-0.0503365263320763,0.05013128926290911,0.05013128926290911,0.002513146163161466,1,0,0.061454207
r7_all_external,19,1,-0.055744316,-0.03439774,-0.023933593,-0.017242968,-0.01224364,-0.008178485,-0.0047741765,-0.001892321,0.0007769752,0.0032143532,0.0057368698,0.008317452,0.010988846,0.013671105,0.016836137,0.020268511,0.02432742,0.02908827,0.034822013,0.04377366,0.061130892,0.0057368698,2022-05-19,2022-05-18,-0.0053726037537238,0.011109473513581453,0.011109473513581453,0.00012342040174896784,0,1,0.058755606
r7_all_external,19,2,-0.05970403,-0.04171469,-0.03244213,-0.026013356,-0.020822775,-0.016431324,-0.012509118,-0.009221804,-0.006163013,-0.003472861,-0.00080344686,0.0018494881,0.0044994513,0.007124693,0.010186302,0.013618757,0.017644905,0.022452228,0.028012887,0.037158202,0.054349184,-0.00080344686,2022-05-20,2022-05-18,-0.0031129311916684,0.002309484328821787,0.002309484328821787,5.333717865073421e-06,1,1,0.060455017
r7_all_external,19,3,-0.05256872,-0.032694127,-0.02273,-0.016370602,-0.011661066,-0.007853255,-0.004546026,-0.0017048782,0.00095093064,0.0034315435,0.0060074017,0.008640502,0.011410793,0.014207823,0.017442282,0.021048553,0.025051028,0.029651515,0.034801513,0.043744624,0.061116256,0.0060074017,2022-05-23,2022-05-18,0.0164907569876557,-0.010483355249339878,0.010483355249339878,0.00010990073728386199,1,1,0.057531513
r7_all_external,19,4,-0.057730872,-0.039225027,-0.03011017,-0.024014033,-0.019150399,-0.015073061,-0.011429396,-0.00829608,-0.0053567123,-0.0027343878,-0.00013652374,0.0024408575,0.0050801514,0.007741347,0.010827364,0.014269787,0.018253788,0.022890985,0.028283868,0.037316956,0.05446445,-0.00013652374,2022-05-24,2022-05-18,-0.02149140746287,0.0213548837225039,0.0213548837225039,0.00045603105880166197,1,1,0.058394037
r7_all_external,19,5,-0.05871697,-0.03990559,-0.030434694,-0.024076212,-0.01894347,-0.014636883,-0.010766494,-0.0074345423,-0.004370823,-0.0017272749,0.000860482,0.0034427298,0.0061287154,0.008795602,0.0119026685,0.015330491,0.019255497,0.023826469,0.029151335,0.037828915,0.05501185,0.000860482,2022-05-25,2022-05-18,0.0138982777872038,-0.01303779579856516,0.01303779579856516,0.00016998411928508333,1,1,0.05958603
r7_all_external,20,1,-0.051378395,-0.032607988,-0.02428916,-0.018981438,-0.014935357,-0.011587562,-0.008683903,-0.006146666,-0.0037734392,-0.0016328453,0.0004939201,0.002678797,0.004916667,0.007103704,0.009657414,0.0124368,0.015626365,0.019359652,0.023760034,0.030539976,0.04310125,0.0004939201,2022-05-26,2022-05-25,0.0273304386377131,-0.026836518520562107,0.026836518520562107,0.000720198726304473,1,0,0.048049193
r7_all_external,20,2,-0.052560944,-0.03289656,-0.024121312,-0.018559717,-0.014312878,-0.010879152,-0.007852892,-0.005261566,-0.002803153,-0.0006110437,0.0015564819,0.0037806095,0.00604538,0.008301836,0.010928225,0.013786995,0.017033607,0.020763945,0.025003674,0.03178642,0.04419152,0.0015564819,2022-05-27,2022-05-25,0.0321182551391365,-0.03056177320591528,0.03056177320591528,0.000934021981489801,1,0,0.049124986
r7_all_external,20,3,-0.053712822,-0.033964813,-0.024992658,-0.019188143,-0.014796676,-0.0112115005,-0.008072177,-0.005375905,-0.0028641308,-0.00059534196,0.0016519807,0.0039013163,0.0062066894,0.008497946,0.011157618,0.014096351,0.017401269,0.021220552,0.025582096,0.032609913,0.045222368,0.0016519807,2022-05-31,2022-05-25,-0.0026567552309775,0.004308735912322366,0.004308735912322366,1.8565205162136455e-05,0,1,0.050574753
r7_all_external,20,4,-0.05231837,-0.03347709,-0.025020903,-0.019517796,-0.015241166,-0.011752208,-0.008649255,-0.0059383796,-0.0033650473,-0.001056253,0.0012292734,0.003519035,0.005885315,0.008248437,0.011009244,0.014089279,0.017608205,0.021662572,0.026336309,0.033778228,0.046908658,0.0012292734,2022-06-01,2022-05-25,-0.0074232359595381,0.008652509347700356,0.008652509347700356,7.486591801204203e-05,0,1,0.05135721
r7_all_external,20,5,-0.054397315,-0.03486244,-0.025867455,-0.02015983,-0.015776416,-0.01220571,-0.009037955,-0.006263377,-0.003621976,-0.001274298,0.0010488932,0.0033675684,0.0057859053,0.008162971,0.010960046,0.014049529,0.017529929,0.021534016,0.026153484,0.033438943,0.046969503,0.0010488932,2022-06-02,2022-05-25,0.0270173668889322,-0.025968473686835976,0.025968473686835976,0.0006743616256238925,1,0,0.052020937
r7_all_external,21,1,-0.055238403,-0.037228804,-0.028454488,-0.022574535,-0.01793563,-0.014055961,-0.010709473,-0.0077939737,-0.0050550955,-0.0026007132,-0.00013738516,0.0023913342,0.004976267,0.007503436,0.010452798,0.013715547,0.017517623,0.022036793,0.027370555,0.0355806,0.04923899,-0.00013738516,2022-06-03,2022-06-02,-0.0263637056617606,0.02622632050622064,0.02622632050622064,0.0006878198872950092,1,1,0.055825043
r7_all_external,21,2,-0.055835456,-0.037438,-0.028383857,-0.022293577,-0.017472778,-0.013511812,-0.0100183645,-0.007017863,-0.004174242,-0.0016639342,0.0008327083,0.0033726455,0.0059811934,0.008540488,0.011519348,0.014793169,0.0186149,0.02307041,0.0281236,0.036053065,0.04930976,0.0008327083,2022-06-06,2022-06-02,0.0033255532174389,-0.0024928448977897997,0.0024928448977897997,6.214275684436636e-06,1,1,0.056507457
r7_all_external,21,3,-0.055848677,-0.037263542,-0.028146373,-0.022026423,-0.017280761,-0.013355525,-0.009882315,-0.006884169,-0.004065005,-0.0015194386,0.0010208492,0.0035635584,0.0061961906,0.008762025,0.011732015,0.0150220925,0.01877613,0.023163134,0.028140217,0.03602927,0.04907982,0.0010208492,2022-06-07,2022-06-02,0.0085886232841835,-0.007567774067454097,0.007567774067454097,5.727120433603073e-05,1,1,0.05628659
r7_all_external,21,4,-0.054787517,-0.036708135,-0.02789867,-0.021953458,-0.017254086,-0.013403428,-0.009972632,-0.0069743097,-0.0041222554,-0.0015551939,0.0009860542,0.003537174,0.0061558937,0.008761821,0.011768914,0.015112846,0.018972341,0.02342671,0.028490283,0.036520716,0.04982569,0.0009860542,2022-06-08,2022-06-02,-0.007222647581788,0.008208701772222516,0.008208701772222516,6.738278478528907e-05,0,1,0.05638895
r7_all_external,21,5,-0.0557267,-0.037388034,-0.028270185,-0.022293918,-0.017597882,-0.013744546,-0.010336323,-0.0073340484,-0.0044641686,-0.0018986559,0.00064397324,0.0032071583,0.005871594,0.0084788585,0.0115277795,0.014871345,0.01872164,0.02320608,0.0284193,0.036443725,0.050288174,0.00064397324,2022-06-09,2022-06-02,-0.0271498500722219,0.02779382331098809,0.02779382331098809,0.0007724966142424251,0,1,0.056689486
r7_all_external,22,1,-0.04750812,-0.028098423,-0.019476026,-0.0142429685,-0.010378173,-0.0072365887,-0.004511839,-0.0021137202,0.00016106473,0.0022313353,0.004355603,0.0065243677,0.008769573,0.011017404,0.013687713,0.01658947,0.019986339,0.023969114,0.028746037,0.036118306,0.050049856,0.004355603,2022-06-10,2022-06-09,-0.0359075344036129,0.040263137301316546,0.040263137301316546,0.0016211202253446678,0,0,0.048222065
r7_all_external,22,2,-0.047761522,-0.028099542,-0.019125102,-0.013588,-0.009487318,-0.006208073,-0.0033346694,-0.00085163827,0.0015318273,0.0036857626,0.0058865175,0.008119458,0.010467498,0.012809316,0.015560264,0.018634295,0.02215527,0.026258903,0.030982178,0.038653336,0.053191364,0.0058865175,2022-06-13,2022-06-09,-0.0476117566990704,0.05349827416418499,0.05349827416418499,0.0028620653385463034,0,0,0.050107278
r7_all_external,22,3,-0.05215826,-0.03201367,-0.022582583,-0.016619815,-0.012180043,-0.008571659,-0.005414502,-0.0026815112,-0.00012061332,0.0022442287,0.004677625,0.0071372846,0.009696895,0.0122411195,0.015181864,0.018479044,0.022182975,0.026504772,0.031446964,0.039711908,0.05499076,0.004677625,2022-06-14,2022-06-09,0.0018139240399031,0.0028637008674414796,0.0028637008674414796,8.200782658185083e-06,1,1,0.054029547
r7_all_external,22,4,-0.057982862,-0.03853278,-0.029525138,-0.023646342,-0.019036798,-0.015252199,-0.011878337,-0.00895384,-0.006194497,-0.0037463163,-0.0012972038,0.0010928547,0.0035372707,0.0060041086,0.008874169,0.012102222,0.015884837,0.020347483,0.025676027,0.034510434,0.050447866,-0.0012972038,2022-06-15,2022-06-09,0.0246648180722919,-0.025962021896215964,0.025962021896215964,0.0006740265809395972,0,1,0.055201165
r7_all_external,22,5,-0.05814802,-0.038164712,-0.028674887,-0.022699455,-0.018090798,-0.01432375,-0.010995557,-0.008077125,-0.00529456,-0.0028123655,-0.00033832446,0.0021396368,0.0047038523,0.0072558415,0.010230963,0.01351017,0.017241444,0.02159317,0.026715733,0.03506329,0.051210135,-0.00033832446,2022-06-16,2022-06-09,-0.0411828948301896,0.04084457036812599,0.04084457036812599,0.0016682789285567957,1,0,0.05539062
r7_all_external,23,1,-0.067261115,-0.044001,-0.03156652,-0.023204336,-0.016852114,-0.011709689,-0.0074766614,-0.003924098,-0.0006427693,0.0023273707,0.0054074368,0.008637806,0.012037987,0.0154085765,0.019340457,0.023635764,0.028695261,0.034488324,0.04120179,0.051226843,0.06976419,0.0054074368,2022-06-17,2022-06-16,0.0120864175699185,-0.00667898081908928,0.00667898081908928,4.460878478176251e-05,1,1,0.07276831
r7_all_external,23,2,-0.06714773,-0.048031554,-0.03772022,-0.030341636,-0.02422069,-0.018983502,-0.0142961955,-0.010304236,-0.006512719,-0.0031367731,0.00019508463,0.0035156463,0.006862723,0.010159348,0.014028343,0.018447762,0.023696262,0.029845439,0.036725055,0.0474961,0.066334195,0.00019508463,2022-06-21,2022-06-16,0.024916328809207,-0.02472124417473718,0.02472124417473718,0.0006111399135469769,1,1,0.07444528
r7_all_external,23,3,-0.067322776,-0.044689126,-0.032478847,-0.024327645,-0.018146185,-0.01312273,-0.008773369,-0.005097186,-0.0016864713,0.0014580556,0.0046963263,0.008054069,0.011632666,0.015172546,0.019231418,0.023754869,0.02880708,0.034467217,0.04053881,0.050709,0.069246195,0.0046963263,2022-06-22,2022-06-16,-0.0014595187182,0.006155845048504146,0.006155845048504146,3.7894428261193015e-05,0,1,0.07301766
r7_all_external,23,4,-0.06841939,-0.0483479,-0.03773283,-0.030104227,-0.023835773,-0.018529398,-0.013810413,-0.009802019,-0.0061228266,-0.0028784745,0.00033402044,0.0036157612,0.007057386,0.010505257,0.014477252,0.018899545,0.024009705,0.029831432,0.036272626,0.04668568,0.0652457,0.00033402044,2022-06-23,2022-06-16,0.0147828279878874,-0.014448807545790884,0.014448807545790884,0.00020876803949530358,1,1,0.074005455
r7_all_external,23,5,-0.06911811,-0.048460286,-0.037431523,-0.029762302,-0.023417426,-0.018053593,-0.013260085,-0.009137635,-0.005376167,-0.0021456021,0.0010055094,0.0042171907,0.0076127434,0.010989479,0.014921237,0.01926021,0.024245813,0.030023681,0.036657494,0.04712285,0.06686875,0.0010055094,2022-06-24,2022-06-16,0.0336898228092279,-0.03268431340662499,0.03268431340662499,0.001068264342862486,1,1,0.07408902
r7_all_external,24,1,-0.06158538,-0.04204494,-0.032545708,-0.026141275,-0.020994576,-0.016620783,-0.012764745,-0.009331978,-0.0061043524,-0.003252217,-0.00047126733,0.0023425964,0.0052701393,0.0081716655,0.011579991,0.015325765,0.019583235,0.024456266,0.029965173,0.038186766,0.052018777,-0.00047126733,2022-06-27,2022-06-24,-0.007358760285343,0.006887492960005024,0.006887492960005024,4.743755927411876e-05,1,1,0.06251088
r7_all_external,24,2,-0.06250562,-0.041791458,-0.031541925,-0.024681823,-0.01928068,-0.014867778,-0.011005952,-0.007732109,-0.004662715,-0.0019829143,0.00067181943,0.0033782541,0.0061639543,0.008942398,0.012216619,0.015835606,0.020023368,0.02487946,0.030308247,0.038675874,0.05241217,0.00067181943,2022-06-28,2022-06-24,-0.0309404994483681,0.031612318882869334,0.031612318882869334,0.000999338705152217,0,1,0.06185017
r7_all_external,24,3,-0.061195444,-0.04055003,-0.030592076,-0.024031693,-0.018978912,-0.014790543,-0.011076478,-0.007874548,-0.0048603155,-0.0021368696,0.0005899669,0.0033033523,0.0061062477,0.008884925,0.012133162,0.015733792,0.019831425,0.024580171,0.029897781,0.038234904,0.05186648,0.0005899669,2022-06-29,2022-06-24,0.0009166467819793,-0.0003266798915771618,0.0003266798915771618,1.0671975156086618e-07,1,1,0.060489856
r7_all_external,24,4,-0.059809186,-0.04001037,-0.030409051,-0.023970047,-0.01886447,-0.0146543635,-0.010906012,-0.0076498026,-0.0045864345,-0.0018504292,0.00084892486,0.003548644,0.006329966,0.009123774,0.012367877,0.015972704,0.020143723,0.02495908,0.030393243,0.038851283,0.052616816,0.00084892486,2022-06-30,2022-06-24,-0.0124806150373751,0.01332953989493937,0.01332953989493937,0.0001776766338107803,0,1,0.060802296
r7_all_external,24,5,-0.060465842,-0.040168025,-0.030184628,-0.023769286,-0.018714802,-0.014562819,-0.010892371,-0.007665159,-0.004595347,-0.001869112,0.00081834744,0.00351042,0.006299239,0.009042055,0.012256678,0.015790826,0.019837527,0.024540909,0.029942537,0.038217053,0.052395497,0.00081834744,2022-07-01,2022-06-24,0.0065788873264722,-0.005760539884508349,0.005760539884508349,3.3183819761011464e-05,1,1,0.060127165
r7_all_external,25,1,-0.054973442,-0.037266307,-0.028892037,-0.023374734,-0.019072685,-0.015507097,-0.012429487,-0.00972543,-0.007208186,-0.0049446216,-0.0027016078,-0.00043810921,0.0018290328,0.003976416,0.0064532086,0.009137768,0.012227153,0.01588307,0.020259513,0.027122192,0.039237574,-0.0027016078,2022-07-05,2022-07-01,0.0169747470429686,-0.019676354808598487,0.019676354808598487,0.0003871589385538568,0,1,0.049151547
r7_all_external,25,2,-0.052290905,-0.033927422,-0.02520165,-0.019528002,-0.015154115,-0.011585313,-0.008442249,-0.005724,-0.0031356511,-0.000817301,0.0015132527,0.0038881681,0.0062962426,0.008632411,0.011316149,0.014205786,0.017499147,0.021259535,0.02548102,0.03211663,0.043697998,0.0015132527,2022-07-06,2022-07-01,0.0063916909516316,-0.004878438218356306,0.004878438218356306,2.3799159450319447e-05,1,1,0.05068267
r7_all_external,25,3,-0.054979958,-0.0359041,-0.026644753,-0.02056998,-0.015956972,-0.0121985935,-0.008897605,-0.0060485955,-0.0033893804,-0.0009766656,0.0014413365,0.003857055,0.0063039446,0.008661289,0.011353757,0.014287933,0.01757421,0.021395708,0.025743505,0.032655187,0.044379648,0.0014413365,2022-07-07,2022-07-01,0.0211732520430597,-0.019731915573334927,0.019731915573334927,0.0003893484921932174,1,1,0.05238826
r7_all_external,25,4,-0.053891916,-0.035778638,-0.027182449,-0.021466326,-0.016993742,-0.013338521,-0.010060329,-0.0071912277,-0.004460971,-0.0019890282,0.0004842197,0.0029555866,0.0054721525,0.007947899,0.010782627,0.013913427,0.017468883,0.021564955,0.026217597,0.033504233,0.04539792,0.0004842197,2022-07-08,2022-07-01,0.0012532460459683,-0.0007690263519238591,0.0007690263519238591,5.914015299533192e-07,1,1,0.053400047
r7_all_external,25,5,-0.056475338,-0.03766057,-0.02848481,-0.022551259,-0.017950438,-0.014182122,-0.010856444,-0.007920741,-0.0051291855,-0.002621703,-0.00012007126,0.0023812323,0.0049447045,0.0074184006,0.010279698,0.0133832535,0.016858503,0.02085719,0.025440209,0.03245024,0.044346225,-0.00012007126,2022-07-11,2022-07-01,-0.021595887768939,0.021475816511241582,0.021475816511241582,0.00046121069482451654,1,1,0.05392502
r7_all_external,26,1,-0.049734678,-0.032711484,-0.0248233,-0.019637227,-0.015587156,-0.012198793,-0.009212217,-0.0066140867,-0.0041685267,-0.0019602259,0.00024265653,0.0024905102,0.0047892756,0.0070496113,0.009695604,0.012559374,0.015846074,0.01969332,0.024244972,0.031482898,0.045265887,0.00024265653,2022-07-12,2022-07-11,-0.009734741489986,0.00997739802335952,0.00997739802335952,9.954847131653844e-05,0,1,0.049068272
r7_all_external,26,2,-0.050601386,-0.033062447,-0.02493816,-0.019604811,-0.0154076,-0.011962298,-0.008880401,-0.0062370775,-0.0037102038,-0.0014559586,0.0007772811,0.0030526065,0.0053743115,0.007707889,0.010436548,0.013433404,0.016840443,0.020827461,0.025415527,0.03293962,0.046943218,0.0007772811,2022-07-13,2022-07-11,-0.0020632445238822,0.0028405256461643473,0.0028405256461643473,8.068585946517382e-06,0,1,0.050353687
r7_all_external,26,3,-0.05096352,-0.033439774,-0.02537094,-0.02005032,-0.015921723,-0.012453803,-0.00933257,-0.0066291667,-0.00406187,-0.0017104159,0.00064533576,0.0029898186,0.0053847036,0.007772031,0.010560774,0.013632046,0.017080786,0.021104181,0.025735093,0.033343654,0.047514517,0.00064533576,2022-07-14,2022-07-11,0.0035646372210189,-0.0029193014573260442,0.0029193014573260442,8.522320998745965e-06,1,1,0.051106036
r7_all_external,26,4,-0.05076578,-0.033441316,-0.025395084,-0.020064684,-0.015841398,-0.012341184,-0.00919228,-0.0064313994,-0.003783157,-0.0013973248,0.00097089435,0.0033097456,0.005685355,0.008049651,0.010799468,0.013841404,0.01729631,0.021285431,0.025906531,0.033488385,0.047432605,0.00097089435,2022-07-15,2022-07-11,0.0179767790587838,-0.01700588470438823,0.01700588470438823,0.0002892001145789456,1,1,0.051301613
r7_all_external,26,5,-0.051641062,-0.03419947,-0.02580311,-0.020340746,-0.016051592,-0.012504118,-0.0093151685,-0.006508447,-0.0038096933,-0.0014143598,0.00095262413,0.003292891,0.005715492,0.008103811,0.010904383,0.01398662,0.01744482,0.021446034,0.026101923,0.03360753,0.047781147,0.00095262413,2022-07-18,2022-07-11,-0.0084986988853166,0.00945132301910465,0.00945132301910465,8.932750681145743e-05,0,1,0.051905032
r7_all_external,27,1,-0.051478237,-0.03145679,-0.022360204,-0.01666333,-0.012450363,-0.009041807,-0.0060952376,-0.0035117862,-0.0010803737,0.0011203988,0.0033264447,0.005545233,0.0077935294,0.009986295,0.012560948,0.0153034,0.018467266,0.022167724,0.02656768,0.033279806,0.045725554,0.0033264447,2022-07-19,2022-07-18,0.0302898455545097,-0.026963400900715532,0.026963400900715532,0.0007270249881327071,1,0,0.048927885
r7_all_external,27,2,-0.054787606,-0.034976125,-0.025896976,-0.020059487,-0.01560341,-0.011998107,-0.00881238,-0.0060515655,-0.0034208726,-0.0010740447,0.0012645934,0.0036264642,0.006035158,0.008406676,0.011176856,0.014192624,0.017645627,0.021641798,0.02620946,0.033544697,0.046652697,0.0012645934,2022-07-20,2022-07-18,0.0157319749691985,-0.014467381521639917,0.014467381521639917,0.0002093051280926881,1,1,0.052106436
r7_all_external,27,3,-0.05770634,-0.037404366,-0.02801728,-0.021901272,-0.017266966,-0.01346728,-0.0101314485,-0.0072397892,-0.0045387154,-0.0020818033,0.00038871635,0.0028347166,0.0053233304,0.0077576814,0.010572558,0.013650165,0.017122004,0.021161778,0.025765652,0.033265337,0.04682862,0.00038871635,2022-07-21,2022-07-18,0.0142532761619883,-0.013864559814472717,0.013864559814472717,0.00019222601884909173,1,1,0.053782932
r7_all_external,27,4,-0.057297044,-0.0381864,-0.029471977,-0.02367671,-0.019118678,-0.015404729,-0.0121082915,-0.009238977,-0.006541863,-0.0041461987,-0.0017734191,0.0005636758,0.0029501158,0.0053306445,0.008113369,0.01122218,0.014846564,0.019094795,0.024132816,0.03243333,0.046855204,-0.0017734191,2022-07-22,2022-07-18,-0.0176909985561198,0.01591757946464181,0.01591757946464181,0.0002533693360131866,1,1,0.053604793
r7_all_external,27,5,-0.058031216,-0.038134582,-0.028726095,-0.022729151,-0.018116463,-0.014373611,-0.011062704,-0.008150787,-0.0053764856,-0.0028977238,-0.00043672335,0.002018217,0.00454609,0.007028883,0.009905631,0.013066257,0.016629858,0.020764088,0.025605276,0.03337077,0.047859706,-0.00043672335,2022-07-25,2022-07-18,-0.0057120842337355,0.005275360885050891,0.005275360885050891,2.782943246752492e-05,1,1,0.05433137
r7_all_external,28,1,-0.05453852,-0.035248682,-0.026443588,-0.020786548,-0.01642762,-0.012812377,-0.009677428,-0.00692402,-0.0043438636,-0.0020182524,0.0003183794,0.002693139,0.0050873794,0.0074102045,0.010121302,0.0130577115,0.016421167,0.020342147,0.02494701,0.03190667,0.04393764,0.0003183794,2022-07-26,2022-07-25,-0.0198442468611613,0.0201626262644861,0.0201626262644861,0.0004065314978813447,0,1,0.051390596
r7_all_external,28,2,-0.054652546,-0.034358855,-0.025133569,-0.019228661,-0.01473721,-0.011102707,-0.007915593,-0.005172642,-0.002571811,-0.00024655386,0.0020913142,0.004447169,0.006858249,0.009214964,0.011952166,0.01490383,0.018246092,0.022060629,0.0263752,0.033101022,0.04474463,0.0020913142,2022-07-27,2022-07-25,0.0413910503484826,-0.039299736170522445,0.039299736170522445,0.0015444692630726701,1,0,0.05150877
r7_all_external,28,3,-0.055122167,-0.035515446,-0.0266799,-0.020988258,-0.016643662,-0.01304282,-0.00982674,-0.007018441,-0.004373648,-0.001953701,0.0004959806,0.00293179,0.0054059513,0.007827644,0.010638832,0.013725261,0.017184483,0.021198498,0.025772462,0.03295196,0.044956017,0.0004959806,2022-07-28,2022-07-25,0.0097306417412924,-0.009234661131152733,0.009234661131152733,8.527896620722307e-05,1,1,0.052452363
r7_all_external,28,4,-0.054118898,-0.03499244,-0.026349898,-0.020716736,-0.016313087,-0.0127107585,-0.009482038,-0.0066532167,-0.0039625834,-0.0015251752,0.00092120806,0.0033425963,0.005811647,0.008259301,0.01109318,0.0142424265,0.017816415,0.021923186,0.026608445,0.03394921,0.04599385,0.00092120806,2022-07-29,2022-07-25,0.0180723999030782,-0.01715119184086901,0.01715119184086901,0.0002941633815622917,1,1,0.052958343
r7_all_external,28,5,-0.055973362,-0.03654537,-0.027411526,-0.021607796,-0.017107572,-0.013398347,-0.01011662,-0.0072261137,-0.0044768346,-0.0020109913,0.0004411946,0.0028811605,0.005387566,0.007839723,0.010697414,0.013826147,0.01732042,0.021328663,0.025918951,0.03296048,0.045026142,0.0004411946,2022-08-01,2022-07-25,-0.0006023022525569,0.0010434968518184074,0.0010434968518184074,1.0888856797549271e-06,0,1,0.053330477
r7_all_external,29,1,-0.049129233,-0.03132078,-0.023082942,-0.01774135,-0.013658386,-0.010314568,-0.0074296957,-0.0049168835,-0.002565858,-0.00046271365,0.0016187511,0.0037223827,0.005896585,0.008062159,0.010641991,0.01346788,0.016759075,0.020668494,0.025387274,0.032956287,0.047554627,0.0016187511,2022-08-02,2022-08-01,-0.0029859243377438,0.0046046754296263865,0.0046046754296263865,2.1203035812204947e-05,0,1,0.048470214
r7_all_external,29,2,-0.04997022,-0.03189668,-0.023571398,-0.01817768,-0.014016824,-0.010649326,-0.0076817716,-0.005136929,-0.0027235928,-0.00058647845,0.0015208817,0.003650946,0.005848966,0.008041442,0.010633787,0.013489366,0.01678694,0.020665744,0.025186762,0.03265662,0.04695459,0.0015208817,2022-08-03,2022-08-01,0.0268681335677434,-0.025347251905598143,0.025347251905598143,0.0006424831791658487,1,0,0.04875816
r7_all_external,29,3,-0.05018448,-0.03220048,-0.023844559,-0.01839853,-0.014255446,-0.010876654,-0.007908579,-0.00534942,-0.0029615012,-0.0008057345,0.0013279826,0.0034471834,0.005646949,0.007842621,0.010435097,0.013323979,0.016633917,0.020539502,0.025109842,0.03271053,0.047142223,0.0013279826,2022-08-04,2022-08-01,0.0046655870810814,-0.0033376044430501557,0.0033376044430501557,1.113960341826814e-05,1,1,0.0489544
r7_all_external,29,4,-0.048909605,-0.031450532,-0.023420436,-0.018184861,-0.014129651,-0.010841216,-0.007910118,-0.005368494,-0.0029570311,-0.0008004484,0.0013346118,0.0034573865,0.005642621,0.00784942,0.010435005,0.013323416,0.016678298,0.020590156,0.025191976,0.032820627,0.047069803,0.0013346118,2022-08-05,2022-08-01,-0.0082023956497751,0.009537007441892457,0.009537007441892457,9.09545109467121e-05,0,1,0.048612412
r7_all_external,29,5,-0.049195174,-0.03139116,-0.023077657,-0.017797012,-0.01376929,-0.010477897,-0.0075713717,-0.0050202184,-0.002588704,-0.0004251653,0.0016978409,0.0038037535,0.0059810714,0.008136063,0.010677943,0.013504554,0.016736202,0.02051567,0.025008881,0.032353874,0.046602435,0.0016978409,2022-08-08,2022-08-01,-0.0032375800237071,0.004935420891271182,0.004935420891271182,2.435837937399603e-05,0,1,0.04808654
r7_all_external,30,1,-0.049836647,-0.030520974,-0.021827053,-0.016473128,-0.012532847,-0.009347437,-0.006614785,-0.0042550093,-0.0020563463,-8.31378e-05,0.0018494978,0.0038166228,0.005878986,0.007946578,0.010428393,0.01315357,0.016344296,0.020141525,0.02475122,0.032375645,0.046987653,0.0018494978,2022-08-09,2022-08-08,-0.0113831852370667,0.013232683021927132,0.013232683021927132,0.00017510389995879859,0,1,0.046578273
r7_all_external,30,2,-0.051982235,-0.03183273,-0.022706598,-0.017087422,-0.01294064,-0.009644359,-0.0067700613,-0.0043182205,-0.0020022984,5.6496297e-05,0.0020657138,0.0041119037,0.006245449,0.008396852,0.01095379,0.013786296,0.017048854,0.020901483,0.025413563,0.03308936,0.04778386,0.0020657138,2022-08-10,2022-08-08,0.0275286808345294,-0.025462967084330917,0.025462967084330917,0.0006483626927377197,1,0,0.048120163
r7_all_external,30,3,-0.05297227,-0.032974362,-0.023765767,-0.017981894,-0.013735909,-0.010331542,-0.007380873,-0.0048646866,-0.0025355762,-0.00043263708,0.0016363722,0.0037006089,0.005858031,0.008030809,0.010610031,0.013514611,0.016842026,0.020783488,0.02543614,0.033417173,0.04846756,0.0016363722,2022-08-11,2022-08-08,-0.0056923608402969,0.007328733020952499,0.007328733020952499,5.371032769239954e-05,0,1,0.049201906
r7_all_external,30,4,-0.051539045,-0.032294836,-0.023523195,-0.018010637,-0.013879233,-0.010576452,-0.0076723527,-0.0051645464,-0.0028001755,-0.0006961179,0.0013821416,0.0034595802,0.005631636,0.0078402925,0.010454877,0.013400738,0.016828954,0.02085305,0.02566245,0.03388126,0.049160775,0.0013821416,2022-08-12,2022-08-08,0.0192834600524987,-0.017901318445616484,0.017901318445616484,0.000320457202091369,1,1,0.049185645
r7_all_external,30,5,-0.05174377,-0.032482103,-0.023516674,-0.018008146,-0.01394612,-0.010685004,-0.007819951,-0.0053313435,-0.0029710035,-0.0008708597,0.0011931339,0.0032541698,0.005444109,0.0076339715,0.010239828,0.013155491,0.016477829,0.020387566,0.025120962,0.0331628,0.04854111,0.0011931339,2022-08-15,2022-08-08,0.0080487483962172,-0.00685561451490161,0.00685561451490161,4.699945037692964e-05,1,1,0.048637636
r7_all_external,31,1,-0.0445234,-0.02799769,-0.020378375,-0.015596244,-0.01199701,-0.009056828,-0.006547191,-0.0043445393,-0.0022762795,-0.0004302358,0.0013993047,0.0032561217,0.0051912186,0.0071230507,0.009415899,0.011921674,0.014815623,0.018241817,0.022368912,0.02921249,0.04233082,0.0013993047,2022-08-16,2022-08-15,-0.0023446120784542,0.0037439167962333595,0.0037439167962333595,1.4016912977118262e-05,0,1,0.04274729
r7_all_external,31,2,-0.046466008,-0.029593293,-0.021815557,-0.016896093,-0.013165666,-0.010154913,-0.0075082006,-0.005224347,-0.0030580205,-0.0011453006,0.00075881934,0.0026745666,0.004682187,0.006703522,0.0091021145,0.0117473295,0.014846847,0.018539118,0.022897132,0.030244367,0.043806996,0.00075881934,2022-08-17,2022-08-15,-0.0114717452682467,0.012230564608509261,0.012230564608509261,0.0001495867106429193,0,1,0.04471269
r7_all_external,31,3,-0.04775675,-0.030008018,-0.021635264,-0.01631719,-0.012349399,-0.009146095,-0.006363818,-0.0039816867,-0.0017782444,0.00020287784,0.002170215,0.0041227587,0.0061686453,0.008207942,0.010605129,0.013295833,0.016389607,0.020067409,0.024429716,0.03175911,0.04545385,0.002170215,2022-08-18,2022-08-15,0.0024020226487374,-0.0002318077535783938,0.0002318077535783938,5.3734834619061346e-08,1,1,0.04606498
r7_all_external,31,4,-0.046811033,-0.02992303,-0.021993034,-0.016899984,-0.013055502,-0.009973638,-0.0072456896,-0.0048886267,-0.0026651104,-0.00066796085,0.0013176781,0.0032942537,0.005350565,0.0074536903,0.009914255,0.012663914,0.015887065,0.019683255,0.024166623,0.031765237,0.045775186,0.0013176781,2022-08-19,2022-08-15,-0.019689503156169,0.02100718129198873,0.02100718129198873,0.00044130166583448136,0,1,0.046159655
r7_all_external,31,5,-0.047480643,-0.030044815,-0.021773757,-0.016644444,-0.012844585,-0.009787116,-0.0071177287,-0.0047792424,-0.0025619916,-0.00056590384,0.0013982521,0.0033666901,0.0054305117,0.007500443,0.009968458,0.012715997,0.015907738,0.019694744,0.02426757,0.031887375,0.046135172,0.0013982521,2022-08-22,2022-08-15,-0.0266798466408457,0.0280780987312849,0.0280780987312849,0.0007883796283637827,0,0,0.046041325
r7_all_external,32,1,-0.04891291,-0.02992133,-0.02149702,-0.016229099,-0.012271781,-0.009030686,-0.006202002,-0.0037126157,-0.001369389,0.00075447425,0.0028743176,0.00502099,0.007222751,0.009405795,0.011984869,0.0147547405,0.01797026,0.021744706,0.026249003,0.033319313,0.0464606,0.0028743176,2022-08-23,2022-08-22,-0.0008273004221576,0.003701618001128986,0.003701618001128986,1.370197582628215e-05,0,1,0.047746025
r7_all_external,32,2,-0.050061543,-0.03076112,-0.022098677,-0.016683336,-0.012601927,-0.009296596,-0.006381722,-0.003861847,-0.0014596361,0.0007008256,0.002848745,0.0050245887,0.007276832,0.009524038,0.012164963,0.015081868,0.01840477,0.02228614,0.026753198,0.034002665,0.047180567,0.002848745,2022-08-24,2022-08-22,0.0028930087852994,-4.426369441244953e-05,4.426369441244953e-05,1.959274643038716e-09,1,1,0.048851877
r7_all_external,32,3,-0.050279677,-0.03160754,-0.02303714,-0.017545035,-0.013379597,-0.009956575,-0.0069342125,-0.004317822,-0.0018809901,0.00032135617,0.0025153037,0.0046855956,0.006913485,0.00911736,0.011676165,0.014515944,0.017702658,0.021439135,0.025754984,0.03295327,0.04618321,0.0025153037,2022-08-25,2022-08-22,0.0175272096107264,-0.015011905941229028,0.015011905941229028,0.0002253573199883074,1,1,0.048792124
r7_all_external,32,4,-0.049683053,-0.031948674,-0.023870325,-0.018641362,-0.0145743275,-0.011226523,-0.00822423,-0.005593705,-0.0030922943,-0.00084193156,0.0013997493,0.0036271994,0.0059218444,0.008227914,0.010924904,0.01393273,0.017377589,0.021365553,0.026030429,0.03369768,0.047485564,0.0013997493,2022-08-26,2022-08-22,-0.0418519489767976,0.04325169828469082,0.04325169828469082,0.0018707094045099266,0,0,0.049900755
r7_all_external,32,5,-0.051385496,-0.03307016,-0.024518777,-0.019109087,-0.014981681,-0.011586017,-0.008564327,-0.005894745,-0.0033423526,-0.0010479024,0.0012334527,0.0035172123,0.0058905846,0.008239621,0.010992058,0.014035387,0.01744373,0.021369288,0.025947906,0.033328336,0.04724099,0.0012334527,2022-08-29,2022-08-22,-0.0099041260345794,0.011137578732795242,0.011137578732795242,0.00012404566002921285,0,1,0.050466683
r7_all_external,33,1,-0.052956097,-0.0340485,-0.025521075,-0.019993355,-0.01574556,-0.012204915,-0.009106206,-0.0064149112,-0.0038922883,-0.0016003763,0.00067162584,0.0029922158,0.00537543,0.007718072,0.010478569,0.013478183,0.01694105,0.021008175,0.025818624,0.033361234,0.047565293,0.00067162584,2022-08-30,2022-08-29,-0.0111990455718932,0.011870671407714233,0.011870671407714233,0.0001409128396699242,0,1,0.0513397
r7_all_external,33,2,-0.052484043,-0.034164235,-0.025916724,-0.020507019,-0.016252024,-0.012740756,-0.00958094,-0.0068663224,-0.004272723,-0.001938219,0.00036820618,0.0027396323,0.0051623196,0.007610528,0.010501717,0.013699772,0.017379846,0.021714361,0.02670199,0.034737583,0.049358238,0.00036820618,2022-08-31,2022-08-29,-0.0058304349011938,0.006198641080894592,0.006198641080894592,3.8423151249754076e-05,0,1,0.052618712
r7_all_external,33,3,-0.05416493,-0.035017528,-0.026162615,-0.020325728,-0.01585277,-0.012142616,-0.008859973,-0.0060412087,-0.003411338,-0.0010114363,0.0013840524,0.0037758183,0.0062166164,0.008646664,0.011463232,0.014561126,0.018022476,0.022018086,0.026541712,0.034043945,0.047903832,0.0013840524,2022-09-01,2022-08-29,0.000434181362367,0.0009498710856076819,0.0009498710856076819,9.022550792735162e-07,1,1,0.052704327
r7_all_external,33,4,-0.05367278,-0.03484384,-0.026330512,-0.020741018,-0.016357029,-0.0127394395,-0.009511233,-0.0066805766,-0.0039756303,-0.0015353214,0.0008854056,0.0033006982,0.005768845,0.008218775,0.011072089,0.014219974,0.017793251,0.021897178,0.026622485,0.03436722,0.04866433,0.0008854056,2022-09-02,2022-08-29,-0.0142287400037255,0.01511414558144471,0.01511414558144471,0.00022843739665710469,0,1,0.052952997
r7_all_external,33,5,-0.055426262,-0.036319472,-0.027371353,-0.021626411,-0.017160876,-0.0134586785,-0.010137333,-0.0072214142,-0.0044463,-0.001981766,0.0004610844,0.0028917573,0.0054387096,0.007949855,0.010908391,0.01417407,0.017851358,0.022112796,0.027053267,0.03495851,0.049851067,0.0004610844,2022-09-06,2022-08-29,-0.007208572585927,0.007669656975753283,0.007669656975753283,5.8823638125721e-05,0,1,0.05442462
r7_all_external,34,1,-0.044709902,-0.029597785,-0.022685934,-0.018222623,-0.014770319,-0.011870539,-0.009330364,-0.0070738574,-0.004933925,-0.0029763398,-0.0010132291,0.0009799944,0.0030053495,0.0049733515,0.0072752745,0.009771157,0.012621956,0.016009344,0.020058613,0.02655628,0.037735183,-0.0010132291,2022-09-07,2022-09-06,0.0200000116453966,-0.021013240780820498,0.021013240780820498,0.0004415562881127376,0,1,0.042744547
r7_all_external,34,2,-0.04679717,-0.031261228,-0.024258722,-0.019750617,-0.016251491,-0.013345546,-0.010727469,-0.008440823,-0.006251962,-0.0042683887,-0.0022686617,-0.0002572031,0.0018080918,0.0038563823,0.006282405,0.008937306,0.012032082,0.015778573,0.020217534,0.02745231,0.03914738,-0.0022686617,2022-09-08,2022-09-06,0.0051712412833418,-0.007439903028234397,0.007439903028234397,5.5352157069531346e-05,0,1,0.044476256
r7_all_external,34,3,-0.048242774,-0.03216291,-0.024833966,-0.020061897,-0.016391164,-0.013312316,-0.010550618,-0.00811239,-0.0057937396,-0.0036686917,-0.0015203666,0.0006193872,0.0028130629,0.004974959,0.0075098607,0.010301578,0.013502362,0.017331745,0.021843608,0.029223468,0.041379616,-0.0015203666,2022-09-09,2022-09-06,0.0216264215868781,-0.023146788227639596,0.023146788227639596,0.000535773805255195,0,1,0.046677575
r7_all_external,34,4,-0.047565803,-0.03173771,-0.02445572,-0.019699851,-0.015978837,-0.01291722,-0.010163139,-0.007720699,-0.005370365,-0.0032279356,-0.001064257,0.0010875773,0.0032786753,0.0054682824,0.008007611,0.010824413,0.014083588,0.017917102,0.02242096,0.029835822,0.0418118,-0.001064257,2022-09-12,2022-09-06,0.0118158364557837,-0.012880093453562712,0.012880093453562712,0.00016589680737250903,0,1,0.04687668
r7_all_external,34,5,-0.047917873,-0.031896275,-0.024306452,-0.019491227,-0.015772715,-0.0126906745,-0.009954096,-0.0075207604,-0.0051685288,-0.0030307102,-0.00088309345,0.0012751606,0.0034927845,0.0056708776,0.008220727,0.011017603,0.014202454,0.017973376,0.022477157,0.029762926,0.041877557,-0.00088309345,2022-09-13,2022-09-06,-0.0563976479112294,0.05551455445821699,0.05551455445821699,0.00308186575669434,1,0,0.04678361
r7_all_external,35,1,-0.06253936,-0.042045936,-0.032184005,-0.02568964,-0.020604735,-0.01635804,-0.012681178,-0.009533164,-0.006623935,-0.0040457076,-0.0015235762,0.0010380938,0.0036916342,0.0063135303,0.009386634,0.012716058,0.016518377,0.020885432,0.025991557,0.03419164,0.049920954,-0.0015235762,2022-09-14,2022-09-13,0.0079017521682926,-0.009425328379476863,0.009425328379476863,8.883681506097195e-05,0,1,0.058175564
r7_all_external,35,2,-0.05842051,-0.037452824,-0.027524326,-0.02113806,-0.016282178,-0.012359206,-0.008923722,-0.0060200505,-0.0032845482,-0.0008604658,0.0015391314,0.004010125,0.0065534394,0.009118122,0.01213881,0.015504904,0.019334193,0.023766901,0.028874712,0.03727969,0.053096488,0.0015391314,2022-09-15,2022-09-13,-0.0167938510711174,0.018332982464773533,0.018332982464773533,0.00033609824605369387,0,1,0.05639904
r7_all_external,35,3,-0.056016535,-0.03499972,-0.02498373,-0.018686958,-0.01401616,-0.010225419,-0.0069166087,-0.004102542,-0.0014838434,0.0009165426,0.0033089377,0.005691803,0.008132796,0.010567743,0.013386362,0.016530633,0.020027576,0.024082104,0.028723683,0.036638837,0.051838435,0.0033089377,2022-09-16,2022-09-13,-0.0061334806328971,0.009442418284933647,0.009442418284933647,8.915926306764928e-05,0,1,0.053707413
r7_all_external,35,4,-0.05453666,-0.034463212,-0.025181009,-0.019372117,-0.014928737,-0.011318419,-0.008116795,-0.0053479634,-0.002703936,-0.00031642732,0.002059777,0.0044258293,0.006862851,0.009284353,0.01211932,0.015269486,0.018869711,0.023046821,0.0279206,0.035997625,0.05130311,0.002059777,2022-09-19,2022-09-13,0.0077570932015004,-0.005697316167053803,0.005697316167053803,3.245941150737264e-05,1,1,0.053101607
r7_all_external,35,5,-0.05577401,-0.03586723,-0.026424525,-0.020544045,-0.016038662,-0.012325575,-0.009021512,-0.006146186,-0.0034144544,-0.0009913577,0.0014042617,0.0037791738,0.0062507195,0.0086809425,0.011529465,0.014678514,0.018206311,0.022276843,0.02698848,0.034657598,0.04984815,0.0014042617,2022-09-20,2022-09-13,-0.0080030220400149,0.00940728372219745,0.00940728372219745,8.849698702992111e-05,0,1,0.053413004
r7_all_external,36,1,-0.04903787,-0.03095897,-0.022368934,-0.017151352,-0.013380935,-0.010317694,-0.0076791234,-0.0053907773,-0.0032519435,-0.0013148787,0.00058778626,0.0025265168,0.0045386795,0.0065192357,0.008867729,0.011433102,0.0144061325,0.017929245,0.022145558,0.029052112,0.042210646,0.00058778626,2022-09-21,2022-09-20,-0.0180682902360061,0.018656076492807438,0.018656076492807438,0.00034804919010548226,0,1,0.044514492
r7_all_external,36,2,-0.04993462,-0.03130295,-0.022528052,-0.01718191,-0.013296382,-0.01020566,-0.0074924775,-0.005175525,-0.002979353,-0.0010169585,0.00090408867,0.0028736887,0.0048938305,0.0069245673,0.00933049,0.011973723,0.015010465,0.01858493,0.02275072,0.029701095,0.04264025,0.00090408867,2022-09-22,2022-09-20,-0.0123842097522109,0.01328829841747649,0.01328829841747649,0.00017657887483190818,0,1,0.045278773
r7_all_external,36,3,-0.04963343,-0.031344637,-0.022652961,-0.01735042,-0.01350992,-0.010395642,-0.0076603927,-0.0053101815,-0.003117856,-0.0011294925,0.00083556765,0.0028005172,0.0048324014,0.0068799197,0.009298411,0.011982543,0.01504151,0.018639904,0.02285035,0.029885884,0.042903904,0.00083556765,2022-09-23,2022-09-20,-0.0164155072540443,0.01725107490862045,0.01725107490862045,0.0002975995855028341,0,1,0.04550331
r7_all_external,36,4,-0.04790882,-0.030268721,-0.02201996,-0.01699524,-0.013258466,-0.010236291,-0.0075467187,-0.0052082194,-0.002987573,-0.0010045565,0.00094632636,0.0029076082,0.0049317377,0.0069746007,0.00937638,0.01205867,0.015145323,0.018747125,0.02300508,0.030114427,0.043065414,0.00094632636,2022-09-26,2022-09-20,-0.0041464718652499,0.005092798221165417,0.005092798221165417,2.593659372150563e-05,0,1,0.04502504
r7_all_external,36,5,-0.047947742,-0.030238181,-0.021908708,-0.016913723,-0.013216545,-0.010214904,-0.0075487727,-0.0052120714,-0.0029791615,-0.0009850563,0.0009918088,0.0029662,0.0050447145,0.007102378,0.00954387,0.012246951,0.015295552,0.018850613,0.023078647,0.030040834,0.04310881,0.0009918088,2022-09-27,2022-09-20,0.0004008534455465,0.0005909553870765646,0.0005909553870765646,3.4922826951481226e-07,1,1,0.044987354
r7_all_external,37,1,-0.04550054,-0.029459573,-0.022238247,-0.017601328,-0.014046497,-0.011077101,-0.0084999725,-0.006214939,-0.0040477864,-0.0020933598,-0.00013219034,0.0018548114,0.0038890874,0.005879106,0.008221832,0.010767061,0.013685641,0.01713738,0.021242272,0.027845608,0.039675415,-0.00013219034,2022-09-28,2022-09-27,0.0196969115668367,-0.01982910190691886,0.01982910190691886,0.0003931932824349732,0,1,0.04348052
r7_all_external,37,2,-0.045064364,-0.029409477,-0.022487586,-0.018025197,-0.014566505,-0.011698153,-0.009129341,-0.006887812,-0.0047405534,-0.0028069722,-0.00086012855,0.0011085331,0.0031369955,0.0051503,0.0075386367,0.01015799,0.013220174,0.016886402,0.021194296,0.028223243,0.04010115,-0.00086012855,2022-09-29,2022-09-27,-0.0292512173546546,0.028391088802933027,0.028391088802933027,0.0008060539234160291,1,0,0.043681882
r7_all_external,37,3,-0.04572627,-0.029158212,-0.021561516,-0.016665207,-0.012923267,-0.009838566,-0.007116977,-0.004752673,-0.0025348947,-0.0005167478,0.0015270263,0.003570012,0.0056745154,0.007725266,0.010106576,0.0127362,0.015733646,0.019287674,0.023431685,0.030344116,0.042643815,0.0015270263,2022-09-30,2022-09-27,-0.0171020430867093,0.018629069382371227,0.018629069382371227,0.00034704222605320105,0,1,0.0449932
r7_all_external,37,4,-0.044505663,-0.028996743,-0.021961981,-0.017399224,-0.0138419755,-0.010903244,-0.008253355,-0.005928182,-0.0037042557,-0.0016854826,0.0003422122,0.0023697887,0.004440225,0.006519549,0.008930358,0.01160466,0.014698624,0.018318137,0.022555472,0.02959641,0.041806284,0.0003422122,2022-10-03,2022-09-27,0.0231892990037289,-0.022847086793785217,0.022847086793785217,0.0005219893749627549,1,0,0.044517454
r7_all_external,37,5,-0.045891337,-0.029715052,-0.02226304,-0.017572474,-0.013992248,-0.011036478,-0.008410994,-0.0060806544,-0.0038463802,-0.0018198304,0.00020694023,0.0022447945,0.0043512443,0.0064227274,0.008862722,0.011553635,0.01462502,0.018262092,0.022587504,0.02958104,0.04202621,0.00020694023,2022-10-04,2022-09-27,0.0309567400906944,-0.030749799865368875,0.030749799865368875,0.0009455501917602397,1,0,0.044850543
r7_all_external,38,1,-0.0530434,-0.034960974,-0.026327653,-0.020734318,-0.016460396,-0.012889485,-0.009816134,-0.0070984014,-0.0045234994,-0.0022043423,0.00014898372,0.0025389907,0.0049807113,0.0073859994,0.010207149,0.01329663,0.016829925,0.020965988,0.025792764,0.033147145,0.045385204,0.00014898372,2022-10-05,2022-10-04,-0.0005317811278832,0.0006807648438001837,0.0006807648438001837,4.634407725542886e-07,0,1,0.052120417
r7_all_external,38,2,-0.051630843,-0.03396546,-0.02577068,-0.020459147,-0.01633683,-0.012937794,-0.009905165,-0.0072401045,-0.004676293,-0.0023748656,-3.987846e-05,0.002328713,0.004779453,0.007232546,0.010123224,0.013286819,0.016973987,0.021299051,0.026214287,0.033859234,0.04585033,-3.987846e-05,2022-10-06,2022-10-04,-0.007904162983195,0.007864284521801473,0.007864284521801473,6.184697103984622e-05,1,1,0.051984966
r7_all_external,38,3,-0.05305201,-0.034824148,-0.026155716,-0.020546576,-0.016286373,-0.01275776,-0.009605199,-0.00684984,-0.00424482,-0.001859905,0.00056365185,0.0029738802,0.0054620975,0.007923928,0.010792982,0.013931026,0.017483123,0.02161096,0.026278881,0.03357832,0.045459628,0.00056365185,2022-10-07,2022-10-04,-0.0388490812715104,0.03941273311869783,0.03941273311869783,0.0015533635318857005,0,0,0.052434597
r7_all_external,38,4,-0.051840786,-0.03365481,-0.02507484,-0.01951009,-0.015251909,-0.011771677,-0.0086515015,-0.0059252996,-0.0033189,-0.00092782197,0.0014761033,0.0038689044,0.006313325,0.008779049,0.011611338,0.014716203,0.018253712,0.02230748,0.026866216,0.034054488,0.045852162,0.0014761033,2022-10-10,2022-10-04,-0.0100465207347736,0.011522624058285379,0.011522624058285379,0.00013277086518857702,0,1,0.051941056
r7_all_external,38,5,-0.053067863,-0.035220366,-0.026611356,-0.021175515,-0.01698981,-0.013547654,-0.010498547,-0.0077896244,-0.0051912097,-0.002846074,-0.000508416,0.0018205248,0.004236672,0.0066389577,0.009457247,0.012534973,0.01604424,0.02013547,0.02489334,0.032235105,0.044579018,-0.000508416,2022-10-11,2022-10-04,-0.0138332736073372,0.0133248576289353,0.0133248576289353,0.00017755183083139527,1,1,0.051504694
r7_all_external,39,1,-0.048666675,-0.032575376,-0.024645217,-0.019412987,-0.015385206,-0.012040229,-0.009101539,-0.00653479,-0.0041260975,-0.0019400195,0.00022668722,0.0024293202,0.0046865377,0.006900073,0.009513034,0.012349302,0.015627036,0.019470062,0.024026064,0.03131163,0.044892535,0.00022668722,2022-10-12,2022-10-11,-0.0003428078850866,0.0005694951030327643,0.0005694951030327643,3.243246723782989e-07,0,1,0.048671283
r7_all_external,39,2,-0.048643984,-0.03249196,-0.02451942,-0.019235352,-0.015134496,-0.01176695,-0.008764284,-0.0061751925,-0.0037062378,-0.0014852714,0.00071463874,0.0029503189,0.005245286,0.007525155,0.010212198,0.013160331,0.016531523,0.020460319,0.025011463,0.03244552,0.046006568,0.00071463874,2022-10-13,2022-10-11,0.0231817686865472,-0.022467129950448195,0.022467129950448195,0.0005047719282103263,1,1,0.049530882
r7_all_external,39,3,-0.048345815,-0.03235712,-0.024430525,-0.019205589,-0.015190246,-0.011852171,-0.008862815,-0.006269045,-0.003832322,-0.0016024137,0.000626262,0.002848717,0.005124667,0.00737293,0.0100099435,0.012920435,0.016202124,0.020045387,0.024503255,0.031914756,0.045526836,0.000626262,2022-10-14,2022-10-11,-0.0305185100923809,0.031144772078707327,0.031144772078707327,0.0009699968278346274,0,0,0.04893378
r7_all_external,39,4,-0.047175597,-0.031665184,-0.024113113,-0.019134877,-0.0151891,-0.011901898,-0.008937777,-0.0063305353,-0.0038378304,-0.0015830306,0.0006582767,0.0028883982,0.0051597264,0.007414222,0.010042564,0.012956131,0.016288796,0.020126157,0.02463946,0.032080524,0.045501817,0.0006582767,2022-10-17,2022-10-11,0.0324879599623965,-0.03182968323869872,0.03182968323869872,0.001013128735075898,1,0,0.048752572
r7_all_external,39,5,-0.047904693,-0.032067128,-0.024224756,-0.019165488,-0.015208358,-0.011906106,-0.008936592,-0.0063133,-0.0037966953,-0.001538922,0.000700179,0.0029279725,0.0052301525,0.007491343,0.010144672,0.01307262,0.016355423,0.020162325,0.024611395,0.031771567,0.045172885,0.000700179,2022-10-18,2022-10-11,0.007877070093203,-0.007176891071397476,0.007176891071397476,5.150776545070481e-05,1,1,0.04883615
r7_all_external,40,1,-0.051564366,-0.0340805,-0.025739655,-0.020316955,-0.016194116,-0.012760733,-0.009782024,-0.00717672,-0.0047301273,-0.0025145966,-0.00031396915,0.0019225846,0.004233258,0.00651651,0.009214088,0.012162631,0.015581788,0.019638065,0.024498314,0.032386266,0.047422238,-0.00031396915,2022-10-19,2022-10-18,-0.0036537124957506,0.003339743341374063,0.003339743341374063,1.1153885586252393e-05,1,1,0.05023797
r7_all_external,40,2,-0.050791766,-0.033683382,-0.025691083,-0.020531993,-0.0165532,-0.013269906,-0.010342051,-0.007802768,-0.005389268,-0.00322636,-0.0010813328,0.0010957932,0.003361289,0.0056532277,0.008390681,0.0114356335,0.015018209,0.019335015,0.024464216,0.032944813,0.04812835,-0.0010813328,2022-10-20,2022-10-18,-0.005114854470836,0.004033521673651413,0.004033521673651413,1.6269297091815697e-05,1,1,0.050155297
r7_all_external,40,3,-0.05180977,-0.03426355,-0.02599813,-0.020630855,-0.016552579,-0.013162936,-0.010146051,-0.0075292005,-0.005068815,-0.0028412687,-0.00062640145,0.0015873194,0.0039114393,0.0062520886,0.00904591,0.012173981,0.015784767,0.020093024,0.025151668,0.03346772,0.04839739,-0.00062640145,2022-10-21,2022-10-18,0.0231771323007943,-0.023803533752676274,0.023803533752676274,0.0005666082191147986,0,1,0.0511498
r7_all_external,40,4,-0.051116254,-0.03385596,-0.025778191,-0.020473486,-0.016343256,-0.012937205,-0.009881782,-0.007195071,-0.004630908,-0.0023205127,-2.3616383e-05,0.0022597543,0.004624738,0.007014798,0.009838996,0.01301904,0.016729834,0.021086251,0.02620053,0.034673687,0.04979625,-2.3616383e-05,2022-10-24,2022-10-18,0.0109413627675272,-0.01096497915078685,0.01096497915078685,0.0001202307677771903,0,1,0.051978722
r7_all_external,40,5,-0.05226332,-0.03454583,-0.025999874,-0.020562716,-0.016389573,-0.012958202,-0.0099027315,-0.0071962937,-0.004594895,-0.0022503198,6.239362e-05,0.0023785194,0.004799487,0.007211921,0.01007605,0.013264149,0.01692552,0.02124515,0.02637227,0.03473467,0.050105907,6.239362e-05,2022-10-25,2022-10-18,0.0204747341485123,-0.020412340527319987,0.020412340527319987,0.00041666364580327,1,1,0.052372143
r7_all_external,41,1,-0.04885764,-0.030577527,-0.02234171,-0.017222485,-0.013363376,-0.010204368,-0.0074794684,-0.0050550364,-0.0027521048,-0.00065987033,0.0014597364,0.0036272153,0.0058199293,0.00795551,0.010447666,0.013141146,0.016205046,0.01978284,0.024032392,0.030629177,0.042509984,0.0014597364,2022-10-26,2022-10-25,-0.0223440421710303,0.023803778548031108,0.023803778548031108,0.0005666198731637059,0,0,0.0463741
r7_all_external,41,2,-0.04896841,-0.029647004,-0.020932233,-0.015540432,-0.011499146,-0.008261791,-0.0054243803,-0.0029598575,-0.0005837386,0.0015481927,0.0037178153,0.0059025562,0.008135218,0.010326948,0.012871764,0.015630733,0.01875185,0.02235701,0.026463851,0.033019196,0.0446404,0.0037178153,2022-10-27,2022-10-25,-0.0183740417187532,0.022091856989400607,0.022091856989400607,0.00048805014524012843,0,1,0.047396086
r7_all_external,41,3,-0.051415082,-0.03244864,-0.023808662,-0.018392337,-0.014317354,-0.011002387,-0.008083406,-0.005537715,-0.003146376,-0.000969054,0.0012524808,0.0034698327,0.0057234615,0.007961421,0.010566009,0.013441795,0.016693741,0.020513857,0.02490854,0.031875227,0.043947484,0.0012524808,2022-10-28,2022-10-25,0.0301420819730463,-0.028889601190477846,0.028889601190477846,0.000834609056944859,1,0,0.0487172
r7_all_external,41,4,-0.048798338,-0.031344354,-0.0234401,-0.018391285,-0.014476521,-0.011277046,-0.008387897,-0.0058575748,-0.0034473334,-0.0012607912,0.00092631986,0.003095745,0.0052869814,0.0074811145,0.010012222,0.01282795,0.01604203,0.01977572,0.0240916,0.031024087,0.042935546,0.00092631986,2022-10-31,2022-10-25,-0.0116960489044551,0.01262236876344571,0.01262236876344571,0.00015932419320040998,0,1,0.0475317
r7_all_external,41,5,-0.048500456,-0.030542212,-0.022187013,-0.017018117,-0.01307783,-0.009862014,-0.0070315436,-0.004518628,-0.0021087509,7.937294e-05,0.002280725,0.0044670543,0.0066867042,0.00885159,0.011365431,0.014122554,0.017226255,0.020817176,0.024973001,0.03145202,0.043019313,0.002280725,2022-11-01,2022-10-25,-0.0102703591731032,0.012551084106474148,0.012551084106474148,0.00015752971224778796,0,1,0.047160015
r7_all_external,42,1,-0.046002347,-0.030468421,-0.023064375,-0.018164843,-0.014360804,-0.0111673605,-0.008354651,-0.0058752843,-0.0035338805,-0.0014010065,0.00073399796,0.0029153842,0.0051433016,0.007323849,0.009886474,0.012654738,0.01582112,0.019521132,0.02385819,0.030450754,0.04189674,0.00073399796,2022-11-02,2022-11-01,-0.0348785160885288,0.035612514052363355,0.035612514052363355,0.0012682511571297775,0,0,0.046922565
r7_all_external,42,2,-0.046732597,-0.031247428,-0.023891715,-0.018998826,-0.015121415,-0.0118939355,-0.00897641,-0.0064400267,-0.003997657,-0.00179781,0.00039099617,0.0026282826,0.004903135,0.0071688714,0.0098300865,0.012744236,0.01607404,0.019965982,0.024388488,0.03129832,0.042841364,0.00039099617,2022-11-03,2022-11-01,-0.0197278218585731,0.020118818025543682,0.020118818025543682,0.0004047668387449414,0,1,0.0482802
r7_all_external,42,3,-0.047100622,-0.031487048,-0.024010533,-0.019026702,-0.015165263,-0.011918925,-0.008993882,-0.006438033,-0.0040198998,-0.001802288,0.00043136757,0.002669089,0.0049539846,0.00722362,0.009874901,0.012784301,0.016056444,0.019841334,0.024146447,0.030884704,0.042143002,0.00043136757,2022-11-04,2022-11-01,0.0159569279410219,-0.015525560366529429,0.015525560366529429,0.00024104302469474942,1,1,0.04815698
r7_all_external,42,4,-0.04668971,-0.031244846,-0.023856679,-0.018931132,-0.015043919,-0.011814981,-0.008894844,-0.006321911,-0.0038495655,-0.001619065,0.0006095806,0.002840279,0.00511041,0.007369914,0.00999048,0.012878108,0.01614395,0.019876026,0.02411987,0.030770287,0.041801933,0.0006095806,2022-11-07,2022-11-01,0.0109346123015244,-0.0103250316994932,0.0103250316994932,0.00010660627959553943,1,1,0.04797655
r7_all_external,42,5,-0.047171284,-0.031781234,-0.024163524,-0.019172681,-0.015247062,-0.011986289,-0.009058053,-0.006453999,-0.003942022,-0.0016794922,0.000572384,0.0028181032,0.0051425537,0.0074118576,0.010061938,0.012956444,0.016182072,0.019860689,0.024069281,0.030516064,0.04177234,0.000572384,2022-11-08,2022-11-01,0.0072605502087353,-0.006688166222880615,0.006688166222880615,4.4731567424881146e-05,1,1,0.048232805
r7_all_external,43,1,-0.04909,-0.032590102,-0.02468671,-0.019522848,-0.015564994,-0.012262972,-0.009383748,-0.006842015,-0.0044377153,-0.0022547138,-5.8403093e-05,0.0021687448,0.0044409707,0.006657388,0.0092521245,0.01205447,0.0152394185,0.018952386,0.0232899,0.029856509,0.041032474,-5.8403093e-05,2022-11-09,2022-11-08,-0.023346595266923,0.023288192173788014,0.023288192173788014,0.0005423398947232813,1,1,0.047976613
r7_all_external,43,2,-0.048375487,-0.032477316,-0.025017876,-0.020132346,-0.016334318,-0.013179683,-0.010352179,-0.0078841755,-0.005518826,-0.003391663,-0.0012505127,0.0009117477,0.0031250748,0.0053234454,0.007915963,0.010746788,0.014029386,0.017913109,0.022398224,0.0293795,0.040476475,-0.0012505127,2022-11-10,2022-11-08,0.0711929997477418,-0.07244351241287945,0.07244351241287945,0.005248062490715019,0,0,0.0474161
r7_all_external,43,3,-0.049290195,-0.03245067,-0.024275199,-0.018914726,-0.014850267,-0.0114951795,-0.0085351225,-0.005973457,-0.0035759243,-0.0013925327,0.0007973674,0.002977624,0.005205898,0.0073907925,0.009921085,0.01268327,0.015784897,0.019372584,0.02344469,0.02987397,0.040589683,0.0007973674,2022-11-11,2022-11-08,0.0182584576680964,-0.017461090246186233,0.017461090246186233,0.00030488967258546,1,1,0.04771989
r7_all_external,43,4,-0.0478736,-0.03196516,-0.024381064,-0.01937806,-0.015487544,-0.0122769065,-0.009390046,-0.006853715,-0.0044301213,-0.002236229,-4.142415e-05,0.0021433048,0.004379382,0.006615296,0.009211442,0.0120799,0.015358094,0.019124418,0.023407636,0.03014702,0.04116734,-4.142415e-05,2022-11-14,2022-11-08,-0.0087896716733245,0.00874824752204733,0.00874824752204733,7.653183470700724e-05,1,1,0.047788702
r7_all_external,43,5,-0.049387358,-0.03292847,-0.024798935,-0.019603793,-0.015632538,-0.012371671,-0.009479938,-0.0069163875,-0.0044520735,-0.0022166246,1.6527301e-05,0.0022527133,0.004558171,0.006823557,0.009456613,0.012337083,0.015559382,0.019259498,0.023494424,0.029973913,0.041192938,1.6527301e-05,2022-11-15,2022-11-08,0.0137435381227701,-0.01372701082142927,0.01372701082142927,0.00018843082609163627,1,1,0.04829336
r7_all_external,44,1,-0.059465375,-0.04133562,-0.032467674,-0.02653736,-0.021805108,-0.017876731,-0.014513966,-0.011580486,-0.008814464,-0.006370393,-0.003913335,-0.0014385085,0.0010666281,0.0035236927,0.0063984245,0.0095673995,0.013234239,0.017616808,0.022919323,0.03146859,0.046071414,-0.003913335,2022-11-16,2022-11-15,-0.01374353812277,0.009830203086283613,0.009830203086283613,9.663289271757988e-05,1,1,0.055386998
r7_all_external,44,2,-0.0534013,-0.03442015,-0.025282003,-0.019303551,-0.014665745,-0.010912724,-0.0076259733,-0.0047631958,-0.0019872184,0.000501161,0.0030481485,0.0056572505,0.008379357,0.01109634,0.014301263,0.017849537,0.021960253,0.026707165,0.03212898,0.04078379,0.05515066,0.0030481485,2022-11-17,2022-11-15,-0.0022094332073834,0.005257581679245478,0.005257581679245478,2.7642165113937704e-05,0,1,0.05741098
r7_all_external,44,3,-0.054193992,-0.035636712,-0.026460905,-0.020388827,-0.015720662,-0.011902224,-0.008542667,-0.0056324494,-0.0029071146,-0.00041593186,0.0021370435,0.00468888,0.0073158955,0.00992261,0.01297274,0.016381841,0.020254822,0.024790406,0.02997327,0.038330574,0.052161854,0.0021370435,2022-11-18,2022-11-15,3.4852794622352704e-05,0.0021021907187352864,0.0021021907187352864,4.4192058179367805e-06,1,1,0.056434177
r7_all_external,44,4,-0.05144979,-0.03463693,-0.02651319,-0.021000734,-0.016609153,-0.012999037,-0.009737178,-0.0068886355,-0.004161562,-0.0016680837,0.0008450982,0.0033473272,0.0059128194,0.008532217,0.01158286,0.015007584,0.018997056,0.023637088,0.028995367,0.03762482,0.051879846,0.0008450982,2022-11-21,2022-11-15,-0.0103403721975027,0.011185470425230859,0.011185470425230859,0.0001251147486337142,0,1,0.055508554
r7_all_external,44,5,-0.052328542,-0.035431776,-0.026932586,-0.021362774,-0.016971067,-0.013352819,-0.010169561,-0.0073443055,-0.00463766,-0.0021864378,0.0002816859,0.0027582424,0.00533743,0.007899948,0.010924156,0.0142520815,0.018082753,0.022531152,0.027727153,0.03592248,0.05014499,0.0002816859,2022-11-22,2022-11-15,0.0143000820357924,-0.014018396130727013,0.014018396130727013,0.0001965154300779821,1,1,0.05465974
r7_all_external,45,1,-0.050379466,-0.033396132,-0.02567837,-0.020641524,-0.016719326,-0.013443137,-0.010621432,-0.008141443,-0.005797696,-0.0037043614,-0.0016017489,0.0005347686,0.0027291852,0.004886128,0.0074322396,0.010243044,0.01348161,0.017343028,0.022007033,0.029571222,0.043615997,-0.0016017489,2022-11-23,2022-11-22,0.0099868096569733,-0.011588558523933706,0.011588558523933706,0.00013429468866263655,0,1,0.047685403
r7_all_external,45,2,-0.048966758,-0.031232437,-0.023280593,-0.018147917,-0.014166301,-0.010907533,-0.008027778,-0.00551892,-0.0031158584,-0.00097500446,0.0011790085,0.0033641194,0.005621336,0.007858677,0.010503262,0.013403788,0.016769694,0.020747127,0.025395373,0.032943275,0.046525706,0.0011790085,2022-11-25,2022-11-22,-0.0066002495634748,0.007779258075301196,0.007779258075301196,6.0516856202138866e-05,0,1,0.048675966
r7_all_external,45,3,-0.04939009,-0.031885985,-0.023917325,-0.018746465,-0.014805773,-0.011550783,-0.008662306,-0.0061483937,-0.003787164,-0.0016459052,0.00051536795,0.0026670475,0.0048970976,0.0071123545,0.009731193,0.012649925,0.016003897,0.019987833,0.024696708,0.032314517,0.046062097,0.00051536795,2022-11-28,2022-11-22,-0.0147820188776993,0.015297386829874738,0.015297386829874738,0.00023401004382282508,0,1,0.048614033
r7_all_external,45,4,-0.048679978,-0.031204823,-0.023289641,-0.018144721,-0.014193497,-0.010993215,-0.008127589,-0.0056304955,-0.0032566064,-0.00111309,0.0010312262,0.0031760186,0.0053738398,0.0075997123,0.010189371,0.013079041,0.016416071,0.020303428,0.02485544,0.032245122,0.045721225,0.0010312262,2022-11-29,2022-11-22,-0.0075982559608747,0.008629482206561113,0.008629482206561113,7.446796315335485e-05,0,1,0.04814508
r7_all_external,45,5,-0.04886437,-0.03164395,-0.023646602,-0.018552732,-0.014661557,-0.011465347,-0.008639179,-0.006131292,-0.0037280754,-0.0015544943,0.00060784415,0.0027719145,0.005014017,0.007230062,0.009850664,0.012745032,0.016063688,0.0199542,0.024560362,0.03188019,0.045677967,0.00060784415,2022-11-30,2022-11-22,0.0445771185399161,-0.043969274388825266,0.043969274388825266,0.0019332970902798054,1,0,0.048206963
r7_all_external,46,1,-0.05083203,-0.033095818,-0.025129793,-0.019990955,-0.015997726,-0.012680009,-0.00978947,-0.007239317,-0.0048264037,-0.0026524824,-0.00046990125,0.0017565225,0.0040285923,0.0062585594,0.008873771,0.011738079,0.015018558,0.018911283,0.023574824,0.031226475,0.046692327,-0.00046990125,2022-12-01,2022-11-30,0.0012265523393986,-0.001696453589142598,0.001696453589142598,2.877954780114803e-06,0,1,0.048704617
r7_all_external,46,2,-0.051094975,-0.032848354,-0.024675744,-0.019470342,-0.015423746,-0.012116241,-0.009181173,-0.0066403467,-0.0041949563,-0.0020123534,0.0001762032,0.0024063892,0.0046716114,0.006935005,0.00959171,0.012488734,0.015829464,0.019792918,0.024409488,0.032140885,0.047308777,0.0001762032,2022-12-02,2022-11-30,-0.0039914346199452,0.004167637824264081,0.004167637824264081,1.736920503423664e-05,0,1,0.04908523
r7_all_external,46,3,-0.050381187,-0.032581665,-0.024611913,-0.019502584,-0.015585358,-0.012340103,-0.009444302,-0.006926392,-0.004553785,-0.0024004136,-0.00023157605,0.0019424385,0.004173865,0.006421185,0.009070765,0.01200435,0.015365392,0.019372454,0.024089413,0.031908218,0.047136042,-0.00023157605,2022-12-05,2022-11-30,-0.016925727532847,0.016694151482564545,0.016694151482564545,0.000278694693722812,1,1,0.048701324
r7_all_external,46,4,-0.048799466,-0.03159008,-0.023872174,-0.018869255,-0.014982999,-0.011797493,-0.008921011,-0.0064074136,-0.0040005767,-0.0018279284,0.00033629092,0.0025077062,0.004707586,0.006923076,0.0094908755,0.012338848,0.01561445,0.019458625,0.023996893,0.031583615,0.046472404,0.00033629092,2022-12-06,2022-11-30,-0.0209381938320678,0.02127448475128974,0.02127448475128974,0.0004526037014328596,0,1,0.047869068
r7_all_external,46,5,-0.048460208,-0.03150496,-0.023578893,-0.018552788,-0.0146975955,-0.01153862,-0.008738645,-0.0062663085,-0.0038889297,-0.0017487654,0.00040388695,0.0025536495,0.0047784075,0.0069640432,0.009528521,0.012333583,0.015516188,0.019247819,0.023658797,0.030914685,0.045760732,0.00040388695,2022-12-07,2022-11-30,-0.0040908468304449,0.004494733782416699,0.004494733782416699,2.0202631774797927e-05,0,1,0.04723769
r7_all_external,47,1,-0.036381803,-0.022374323,-0.016112348,-0.01225187,-0.009356685,-0.006973778,-0.0049353843,-0.003100887,-0.0013510803,0.00023712276,0.0018765982,0.0035499758,0.0052587464,0.006917501,0.008872671,0.011005397,0.013463165,0.016416809,0.020063402,0.026191387,0.03902757,0.0018765982,2022-12-08,2022-12-07,0.0117650738885997,-0.009888475664555854,0.009888475664555854,9.778195096851333e-05,1,1,0.03617575
r7_all_external,47,2,-0.043910146,-0.028935676,-0.022303795,-0.018166509,-0.015012022,-0.012418985,-0.010126426,-0.0081092045,-0.0061759884,-0.0044405246,-0.0026573641,-0.00089092477,0.0009130442,0.00268545,0.0047809402,0.0070679854,0.009769804,0.013073812,0.017098887,0.024009561,0.037523646,-0.0026573641,2022-12-09,2022-12-07,-0.0063970690060444,0.0037397048834748392,0.0037397048834748392,1.398539261548556e-05,1,1,0.039402682
r7_all_external,47,3,-0.044519972,-0.029343804,-0.022436379,-0.018070063,-0.01477516,-0.012027263,-0.009572354,-0.0074013164,-0.005338074,-0.0034448993,-0.0015004268,0.0004338387,0.0024095061,0.0043445467,0.0066136,0.009127558,0.012026401,0.01553342,0.019790329,0.026976768,0.04126839,-0.0015004268,2022-12-12,2022-12-07,0.0124734717374951,-0.013973898529103433,0.013973898529103433,0.0001952698401016791,0,1,0.04222671
r7_all_external,47,4,-0.044077057,-0.029014958,-0.022247411,-0.017859733,-0.014450341,-0.011635943,-0.0090893265,-0.006826655,-0.004640863,-0.0026114387,-0.0005193051,0.0015570752,0.0036487156,0.0057273027,0.008120186,0.010757589,0.01383824,0.017516749,0.021909095,0.029373359,0.043930046,-0.0005193051,2022-12-13,2022-12-07,0.0106926936680402,-0.011211998786399825,0.011211998786399825,0.00012570891678623114,0,1,0.044156507
r7_all_external,47,5,-0.04472811,-0.029126927,-0.021910334,-0.017381063,-0.013892017,-0.011003475,-0.008443865,-0.0061405557,-0.0038984441,-0.0018136324,0.0003081042,0.0024591302,0.00462597,0.006743778,0.009208122,0.011912223,0.01503584,0.018762365,0.023226893,0.030592185,0.045221135,0.0003081042,2022-12-14,2022-12-07,-0.0074416374260686,0.007749741634739156,0.007749741634739156,6.005849540520953e-05,0,1,0.045137227
r7_all_external,48,1,-0.044623,-0.029109089,-0.021912474,-0.017325534,-0.013825718,-0.01093101,-0.008436929,-0.006242989,-0.004167878,-0.002292571,-0.0004198774,0.0014792355,0.0034309148,0.005333427,0.0075691896,0.010007432,0.012818966,0.016176661,0.020241464,0.026979147,0.039711982,-0.0004198774,2022-12-15,2022-12-14,-0.0341528970447647,0.03373301963343272,0.03373301963343272,0.0011379166135895573,1,0,0.04215394
r7_all_external,48,2,-0.045199823,-0.029618213,-0.022499016,-0.017969068,-0.014479568,-0.011626322,-0.009098671,-0.006917814,-0.004832975,-0.0029794923,-0.0011172137,0.00076670083,0.0026999468,0.004635941,0.0069303294,0.009459365,0.012428494,0.016021997,0.020331765,0.02751896,0.040190283,-0.0011172137,2022-12-16,2022-12-14,-0.0095800136513024,0.008462799905700924,0.008462799905700924,7.161898224393157e-05,1,1,0.04283078
r7_all_external,48,3,-0.046823587,-0.030293077,-0.022469278,-0.0174623,-0.013699543,-0.010618543,-0.007916916,-0.005588405,-0.0034126532,-0.0014395919,0.00054523454,0.0025231005,0.0045678397,0.006595704,0.008981643,0.01163901,0.014688203,0.018320246,0.0226214,0.029742057,0.042592015,0.00054523454,2022-12-19,2022-12-14,-0.0141534173290955,0.014698651864916283,0.014698651864916283,0.00021605036664600692,0,1,0.04509068
r7_all_external,48,4,-0.045866217,-0.029893536,-0.022474745,-0.017675383,-0.01397553,-0.010951356,-0.008239268,-0.0058683124,-0.0036074552,-0.001558271,0.00050145143,0.0025496061,0.004642623,0.00674262,0.009197312,0.011931618,0.015132208,0.018926138,0.023429705,0.03095037,0.044332847,0.00050145143,2022-12-20,2022-12-14,-0.0007788611213454,0.0012803125531190029,0.0012803125531190029,1.6392002336740995e-06,0,1,0.04590445
r7_all_external,48,5,-0.047362957,-0.03075688,-0.022863245,-0.017844677,-0.013991978,-0.010822312,-0.008004134,-0.005526111,-0.003172083,-0.0010538548,0.0010470784,0.0031543875,0.005329213,0.0074694008,0.010001763,0.012824428,0.016082907,0.019968193,0.02461975,0.03221439,0.04593012,0.0010470784,2022-12-21,2022-12-14,0.0144018406264291,-0.013354762222784837,0.013354762222784837,0.000178349674027121,1,1,0.047482997
r7_all_external,49,1,-0.038525227,-0.02461192,-0.018032556,-0.013854461,-0.010678145,-0.008066581,-0.0057991557,-0.0037824681,-0.0018737598,-0.00014376687,0.0015907721,0.0033607455,0.0051793437,0.006983551,0.009127502,0.011477281,0.014199274,0.017452165,0.021425212,0.028100234,0.041436117,0.0015907721,2022-12-22,2022-12-21,-0.0247695090055399,0.026360281071805245,0.026360281071805245,0.0006948644181845739,0,0,0.03945777
r7_all_external,49,2,-0.04030884,-0.026181296,-0.019487381,-0.015252714,-0.012013264,-0.009364356,-0.0070044254,-0.004945567,-0.002946238,-0.0011465689,0.000656132,0.0024967093,0.0043812674,0.0062600425,0.008487847,0.010937427,0.013755724,0.01712971,0.021108365,0.027931744,0.04124866,0.000656132,2022-12-23,2022-12-21,0.0022467920847749,-0.0015906600805511359,0.0015906600805511359,2.530199491858946e-06,1,1,0.040595748
r7_all_external,49,3,-0.040777165,-0.026822973,-0.020123089,-0.015819496,-0.012552955,-0.009853962,-0.007458486,-0.005363333,-0.0033905266,-0.0015896009,0.00021995549,0.0020456542,0.0039273473,0.005816542,0.00805548,0.010536308,0.013380901,0.01679441,0.020876596,0.027835779,0.041376732,0.00021995549,2022-12-27,2022-12-21,-0.0142390509831932,0.014459006470602807,0.014459006470602807,0.00020906286811693382,0,1,0.040999684
r7_all_external,49,4,-0.03991432,-0.026358638,-0.019874271,-0.015681082,-0.012460534,-0.009820536,-0.0074395053,-0.005360913,-0.0033712273,-0.0015709677,0.0002349446,0.002056987,0.0039175437,0.005792317,0.007969721,0.010399185,0.013198401,0.01651167,0.020510903,0.027391475,0.04070359,0.0002349446,2022-12-28,2022-12-21,-0.0132907915406687,0.013525736141047795,0.013525736141047795,0.0001829455381572465,0,1,0.04038517
r7_all_external,49,5,-0.039952036,-0.026380602,-0.019742742,-0.015512629,-0.012293568,-0.009655006,-0.007313428,-0.005238742,-0.0032464755,-0.0014357549,0.00038487275,0.002214739,0.004114044,0.005977368,0.008173702,0.010598917,0.01336997,0.016676601,0.020722708,0.027559377,0.04101998,0.00038487275,2022-12-29,2022-12-21,0.0240827251932938,-0.023697852443147486,0.023697852443147486,0.0005615882104171913,1,0,0.04046545
