model,window,horizon,q0.01,q0.05,q0.1,q0.15,q0.2,q0.25,q0.3,q0.35,q0.4,q0.45,q0.5,q0.55,q0.6,q0.65,q0.7,q0.75,q0.8,q0.85,q0.9,q0.95,q0.99,prediction,date,forecast_origin,actual,error,abs_error,squared_error,correct_direction,interval_coverage,interval_width
r2_qqq_calendar,0,1,-0.023292769,-0.014108453,-0.0100109475,-0.0075049913,-0.0056118253,-0.004080385,-0.0027687442,-0.0015952154,-0.00048475643,0.0005083507,0.0015177135,0.0025370321,0.0035643869,0.0045448737,0.00570232,0.0069375485,0.008330777,0.009991038,0.011993438,0.015244202,0.021662049,0.0015177135,2025-07-01,2025-06-30,-0.0084650905031401,0.00998280403871716,0.00998280403871716,9.965637647542762e-05,0,1,0.022004385
r2_qqq_calendar,0,2,-0.023332126,-0.014191659,-0.010116589,-0.007582412,-0.0056540486,-0.0040867007,-0.002703477,-0.0015012617,-0.00034069316,0.000688237,0.0017424393,0.0027883335,0.0038396786,0.0048529427,0.0060358937,0.007312825,0.008760741,0.010498456,0.012548173,0.015908908,0.022426357,0.0017424393,2025-07-02,2025-06-30,0.0069411525544711,-0.005198713209945763,0.005198713209945763,2.7026619039264577e-05,1,1,0.022664763
r2_qqq_calendar,0,3,-0.02376688,-0.014345596,-0.010107657,-0.007465928,-0.005479642,-0.003858348,-0.0024487872,-0.0012232051,-8.8889734e-05,0.0009397752,0.001990046,0.003029438,0.0040822057,0.005106681,0.006305843,0.0076344283,0.009129458,0.010929642,0.013071514,0.016499622,0.023140894,0.001990046,2025-07-03,2025-06-30,0.0097921724155832,-0.007802126529096431,0.007802126529096431,6.087317837603032e-05,1,1,0.02317917
r2_qqq_calendar,0,4,-0.02464429,-0.014906084,-0.010471139,-0.007711889,-0.005656888,-0.0040128897,-0.0025567077,-0.0013187765,-0.00015577895,0.00088982075,0.00195699,0.003018948,0.004076821,0.0051216544,0.006305037,0.0076199668,0.009110807,0.010871641,0.01295777,0.01632749,0.022911787,0.00195699,2025-07-07,2025-06-30,-0.0075615162189676,0.009518506207652254,0.009518506207652254,9.06019604251145e-05,0,1,0.02342891
r2_qqq_calendar,0,5,-0.024723897,-0.0151014775,-0.010634456,-0.007876374,-0.0058283648,-0.004165847,-0.0027245602,-0.0014614372,-0.00026938785,0.0008227006,0.0019335881,0.0030426132,0.004144746,0.005197237,0.0064187306,0.0077613243,0.009275596,0.011075073,0.013233053,0.016694201,0.023549294,0.0019335881,2025-07-08,2025-06-30,0.0005615509259662,0.001372037138309482,0.001372037138309482,1.8824859089004724e-06,1,1,0.023867508
r2_qqq_calendar,1,1,-0.023122843,-0.013864636,-0.009753958,-0.0072317366,-0.0053274436,-0.0037951875,-0.0024882285,-0.0013320796,-0.00024831144,0.00071966095,0.0016852596,0.0026613402,0.0036431956,0.004576606,0.0056899763,0.006886499,0.008255673,0.009903339,0.011930801,0.015267359,0.02188915,0.0016852596,2025-07-09,2025-07-08,0.0070538812420192,-0.005368621611115599,0.005368621611115599,2.8822098003337446e-05,1,1,0.021684758
r2_qqq_calendar,1,2,-0.023453847,-0.014294251,-0.010256191,-0.0077402694,-0.0058195735,-0.0042612087,-0.0028861105,-0.0016977679,-0.00055221166,0.00047316297,0.0015105951,0.0025512394,0.0035918169,0.004598489,0.0057865763,0.0070713274,0.008531633,0.010292902,0.012391425,0.01586474,0.02269296,0.0015105951,2025-07-10,2025-07-08,-0.0014391960464579,0.0029497911343512075,0.0029497911343512075,8.701267736296983e-06,0,1,0.022647616
r2_qqq_calendar,1,3,-0.024773767,-0.01515676,-0.010899862,-0.008246335,-0.0062468844,-0.0046075527,-0.0031802556,-0.0019310341,-0.000774172,0.00028829573,0.0013715122,0.0024522939,0.0035341308,0.00458571,0.0058182157,0.0071697743,0.008695938,0.010538509,0.012757524,0.016402487,0.023568643,0.0013715122,2025-07-11,2025-07-08,-0.0022529816590723,0.0036244938485797845,0.0036244938485797845,1.3136955658392698e-05,0,1,0.023657385
r2_qqq_calendar,1,4,-0.02621369,-0.016213726,-0.0117457695,-0.00896093,-0.0068669626,-0.0051800003,-0.0036776257,-0.0023864144,-0.0011623163,-4.6899775e-05,0.0010925286,0.0022389842,0.0033791335,0.004495943,0.005770786,0.00717691,0.008782204,0.010684857,0.012971213,0.016738322,0.024005232,0.0010925286,2025-07-14,2025-07-08,0.0036202891275029,-0.002527760552402895,0.002527760552402895,6.389573410284189e-06,1,1,0.024716983
r2_qqq_calendar,1,5,-0.026600897,-0.01652154,-0.011949463,-0.009107777,-0.006977584,-0.005240153,-0.0037224418,-0.0023875218,-0.0011173465,5.374523e-05,0.0012462996,0.0024380186,0.0036282958,0.0047633126,0.006079221,0.007530408,0.009170734,0.011135819,0.013506819,0.0173658,0.024990203,0.0012462996,2025-07-15,2025-07-08,0.0009164128069556,0.0003298867876851318,0.0003298867876851318,1.0882529268921522e-07,1,1,0.025456281
r2_qqq_calendar,2,1,-0.022493392,-0.013813998,-0.009753399,-0.007269187,-0.0054070232,-0.003912812,-0.0026414203,-0.0015242298,-0.0004754985,0.00045802273,0.0013910597,0.0023357556,0.003293317,0.004217724,0.005317983,0.006509155,0.007874772,0.009519574,0.0115241455,0.014869545,0.021498214,0.0013910597,2025-07-16,2025-07-15,0.0010235374856878,0.0003675222333382887,0.0003675222333382887,1.3507259199796353e-07,1,1,0.021277543
r2_qqq_calendar,2,2,-0.022647386,-0.0140101835,-0.009963526,-0.0074635893,-0.0055804346,-0.004065102,-0.002740423,-0.0016102146,-0.0005296988,0.00042474858,0.0013882457,0.0023539327,0.0033254847,0.00427201,0.0053930627,0.0066135423,0.008006936,0.009696644,0.011716233,0.015115075,0.021774253,0.0013882457,2025-07-17,2025-07-15,0.0080599810881093,-0.006671735360242412,0.006671735360242412,4.451205271710895e-05,1,1,0.021679759
r2_qqq_calendar,2,3,-0.023426991,-0.01438791,-0.010180725,-0.0075861253,-0.0056496672,-0.004077254,-0.0027211579,-0.0015552561,-0.00048515678,0.0004810418,0.0014629975,0.0024387874,0.0034249441,0.004387728,0.0055222446,0.0067744628,0.008191982,0.009915187,0.011993585,0.015467386,0.022316385,0.0014629975,2025-07-18,2025-07-15,-0.0009615542882039,0.0024245518076150465,0.0024245518076150465,5.878451467809389e-06,0,1,0.02217431
r2_qqq_calendar,2,4,-0.024361748,-0.015258737,-0.010983621,-0.008333632,-0.0063512446,-0.0047604237,-0.003347983,-0.0021432948,-0.0010059385,2.149929e-05,0.0010618325,0.0021058766,0.0031489034,0.0041812845,0.0053652897,0.006686379,0.008207487,0.010030254,0.012232974,0.015935881,0.023085807,0.0010618325,2025-07-21,2025-07-15,0.0051713772492241,-0.004109544716937456,0.004109544716937456,1.6888357780508557e-05,1,1,0.023216594
r2_qqq_calendar,2,5,-0.023981519,-0.014824677,-0.010444749,-0.0077536115,-0.005751271,-0.0041265236,-0.0027130395,-0.0014813009,-0.00031955075,0.0007371133,0.00181172,0.0028821663,0.003950907,0.0049717855,0.00616852,0.0075033205,0.009020477,0.010861377,0.013115501,0.016893005,0.024352927,0.00181172,2025-07-22,2025-07-15,-0.0051891884854157,0.007000908450605395,0.007000908450605395,4.901271913375803e-05,0,1,0.02356025
r2_qqq_calendar,3,1,-0.022568502,-0.01411328,-0.00993191,-0.007323568,-0.0053789215,-0.0038144044,-0.0024773683,-0.0013132218,-0.00022813235,0.00074049056,0.0016899444,0.0026408888,0.0036227042,0.0045927498,0.0057572233,0.007028988,0.008507929,0.0102911815,0.012464132,0.01606757,0.023105616,0.0016899444,2025-07-23,2025-07-22,0.0045507671466579,-0.002860822730373339,0.002860822730373339,8.184306694620766e-06,1,1,0.022396043
r2_qqq_calendar,3,2,-0.022622215,-0.0141814975,-0.010041813,-0.0074518886,-0.0055226097,-0.003970872,-0.0026120702,-0.0014498307,-0.00034352206,0.0006348283,0.0016082692,0.002588728,0.0035949014,0.0045868857,0.0057718433,0.007079374,0.008586303,0.0104085365,0.012575681,0.016203484,0.023153203,0.0016082692,2025-07-24,2025-07-22,0.0021261623621767,-0.000517893189456089,0.000517893189456089,2.682133556850005e-07,1,1,0.022617495
r2_qqq_calendar,3,3,-0.022414347,-0.01392397,-0.009741475,-0.007134669,-0.005201885,-0.0036383485,-0.0022915006,-0.0011365927,-8.189294e-05,0.00086196937,0.0017942346,0.0027212347,0.0036800024,0.0046314434,0.0057731513,0.0070571685,0.008531227,0.010325396,0.012493978,0.016133312,0.023218462,0.0017942346,2025-07-25,2025-07-22,0.0024042056537853,-0.0006099710371033668,0.0006099710371033668,3.7206466610495685e-07,1,1,0.022235453
r2_qqq_calendar,3,4,-0.022786094,-0.014069752,-0.0097619,-0.0070973826,-0.005134807,-0.003583198,-0.0022276966,-0.0010908609,-4.11261e-05,0.0008852922,0.0018045206,0.0027365754,0.0036956081,0.0046576555,0.005784697,0.0070569315,0.008536008,0.010307376,0.012441418,0.016051618,0.02299232,0.0018045206,2025-07-28,2025-07-22,0.0031203267012101,-0.001315806092352826,0.001315806092352826,1.7313456726728136e-06,1,1,0.022203319
r2_qqq_calendar,3,5,-0.022462295,-0.0139513435,-0.009756585,-0.007168044,-0.005247248,-0.0036925692,-0.0023374613,-0.001167101,-7.442589e-05,0.0009079063,0.0018821514,0.0028488338,0.003838811,0.004807253,0.005967926,0.00728412,0.008798802,0.010638075,0.012905206,0.016691297,0.024019845,0.0018821514,2025-07-29,2025-07-22,-0.0015501349141367,0.003432286265447013,0.003432286265447013,1.1780589007976203e-05,0,1,0.02266179
r2_qqq_calendar,4,1,-0.018993348,-0.010661599,-0.007070264,-0.004916465,-0.0033304142,-0.002073209,-0.0010098171,-8.508272e-05,0.0007743545,0.0015321558,0.0022812253,0.0030322743,0.0037992795,0.004566485,0.0054913517,0.006504622,0.007687255,0.009126623,0.010895881,0.013889418,0.020031769,0.0022812253,2025-07-30,2025-07-29,0.0013388599672936,0.00094236531913056,0.00094236531913056,8.880523947000421e-07,1,1,0.017966144
r2_qqq_calendar,4,2,-0.018615998,-0.010500096,-0.007021752,-0.004915937,-0.0033678748,-0.0021399816,-0.0010738622,-0.00017049955,0.00069297873,0.0014488217,0.0022089824,0.002970679,0.003757437,0.0045406157,0.005474412,0.0065114666,0.007700172,0.009149629,0.010878663,0.013844051,0.019873146,0.0022089824,2025-07-31,2025-07-29,-0.0053132574081525,0.007522239769633093,0.007522239769633093,5.658409115184973e-05,0,1,0.017900415
r2_qqq_calendar,4,3,-0.018755239,-0.010567247,-0.007056779,-0.004936206,-0.003378014,-0.0021318905,-0.0010665528,-0.00015895662,0.00067129696,0.001409668,0.0021487684,0.0028817523,0.0036419674,0.0043987865,0.005305044,0.0063330624,0.007507895,0.008957281,0.010713015,0.013697757,0.019813754,0.0021487684,2025-08-01,2025-07-29,-0.0198953878026639,0.022044156201574662,0.022044156201574662,0.00048594482263942265,0,0,0.017769795
r2_qqq_calendar,4,4,-0.019216083,-0.010861975,-0.0072576627,-0.005079112,-0.0034840573,-0.0022343516,-0.0011433528,-0.00023561053,0.00060121645,0.0013397908,0.0020796387,0.00282666,0.003586233,0.0043553207,0.0052474635,0.006263666,0.007441564,0.00887465,0.010615222,0.01360361,0.01967619,0.0020796387,2025-08-04,2025-07-29,0.0182834959133889,-0.01620385726088541,0.01620385726088541,0.0002625649901311488,1,0,0.017872885
r2_qqq_calendar,4,5,-0.01963884,-0.011274354,-0.007621618,-0.0054319324,-0.0038359086,-0.0025632111,-0.001470332,-0.00053810864,0.00032247347,0.0010927408,0.0018650291,0.0026374408,0.0034204447,0.004192302,0.0051179747,0.0061726943,0.0073980726,0.008909909,0.010800172,0.014006459,0.020479616,0.0018650291,2025-08-05,2025-07-29,-0.0068126268178385,0.00867765592002983,0.00867765592002983,7.530171226642874e-05,0,1,0.01842179
r2_qqq_calendar,5,1,-0.0260201,-0.015811358,-0.011148966,-0.008238838,-0.006055557,-0.0042766454,-0.0027466705,-0.0013777171,-8.14962e-05,0.0010869247,0.0022548132,0.0034258065,0.00460947,0.0057557113,0.0071121007,0.008567707,0.010246378,0.012262955,0.014712875,0.018729325,0.026557991,0.0022548132,2025-08-06,2025-08-05,0.0125047547811291,-0.010249941570090392,0.010249941570090392,0.00010506130219026709,1,1,0.02586184
r2_qqq_calendar,5,2,-0.027011529,-0.016815819,-0.012224477,-0.009358745,-0.0071893707,-0.005420588,-0.0038502456,-0.0024723806,-0.001133618,6.644515e-05,0.0012827486,0.0025046505,0.0037329912,0.004927651,0.00633052,0.007858826,0.009614622,0.011710268,0.014193962,0.018348634,0.02626813,0.0012827486,2025-08-07,2025-08-05,0.0033784572456342,-0.002095708595806064,0.002095708595806064,4.391994518535425e-06,1,1,0.02641844
r2_qqq_calendar,5,3,-0.026440995,-0.016307361,-0.011697799,-0.008824479,-0.0066631194,-0.0048810476,-0.0033122215,-0.0019285067,-0.00064124935,0.00053104595,0.0017215929,0.0029120317,0.004118005,0.005300561,0.006694887,0.008239906,0.010008844,0.012143132,0.014714776,0.018951109,0.027070303,0.0017215929,2025-08-08,2025-08-05,0.0092850904925233,-0.007563497639677511,0.007563497639677511,5.7206496545407284e-05,1,1,0.026412575
r2_qqq_calendar,5,4,-0.027543103,-0.017154364,-0.012459172,-0.009553757,-0.0073703984,-0.0055884654,-0.0039882166,-0.0026023886,-0.0012878866,-8.514937e-05,0.0011359397,0.0023658948,0.0035967596,0.004816709,0.0062094275,0.0077427235,0.009510974,0.011594881,0.014100248,0.018280428,0.026232539,0.0011359397,2025-08-11,2025-08-05,-0.002963405405463,0.004099345137656947,0.004099345137656947,1.6804630557631656e-05,0,1,0.02655942
r2_qqq_calendar,5,5,-0.026789188,-0.016531466,-0.011877286,-0.009014795,-0.006847524,-0.005052164,-0.0034720853,-0.0020636104,-0.00071656005,0.0005279983,0.0017913174,0.0030527727,0.0043179602,0.005539177,0.0069558052,0.008525036,0.010306032,0.012428721,0.015003614,0.019226456,0.027344642,0.0017913174,2025-08-12,2025-08-05,0.0124904714913203,-0.010699154126188028,0.010699154126188028,0.0001144718990159263,1,1,0.026880901
r2_qqq_calendar,6,1,-0.025020478,-0.01579133,-0.01169737,-0.009159018,-0.0072254627,-0.0056555523,-0.004296881,-0.0030881208,-0.001935935,-0.000888129,0.00016630092,0.0012408162,0.0023244726,0.0033747368,0.0046158214,0.0059583117,0.0074847275,0.009315578,0.011527479,0.0151762,0.022248799,0.00016630092,2025-08-13,2025-08-12,0.0004999814064566,-0.000333680489412318,0.000333680489412318,1.1134266901444407e-07,1,1,0.02322485
r2_qqq_calendar,6,2,-0.023348685,-0.014199369,-0.010094844,-0.0075281397,-0.005556739,-0.003949252,-0.0025161114,-0.0012714526,-6.1962055e-05,0.0010258313,0.002132587,0.0032407055,0.0043462072,0.0054237987,0.00667142,0.0080111865,0.00951003,0.011299813,0.013412847,0.016945945,0.023927134,0.002132587,2025-08-14,2025-08-12,-0.0007758709709575,0.0029084578729649604,0.0029084578729649604,8.459127198811862e-06,0,1,0.023507692
r2_qqq_calendar,6,3,-0.025698388,-0.016000634,-0.011667277,-0.008948078,-0.0068933903,-0.0052144164,-0.003744943,-0.002454178,-0.0012489791,-0.0001385049,0.0010038401,0.0021371725,0.0032704812,0.004377727,0.0056570624,0.0070447265,0.0086036455,0.010466522,0.012703784,0.016406924,0.023742426,0.0010038401,2025-08-15,2025-08-12,-0.004406876132486,0.005410716255789235,0.005410716255789235,2.9275850400661877e-05,0,1,0.024371061
r2_qqq_calendar,6,4,-0.025253374,-0.015411536,-0.010929542,-0.008111648,-0.00600101,-0.0043146894,-0.002813249,-0.0015301196,-0.00032156962,0.0007694205,0.0018746012,0.002990568,0.00409979,0.0051962663,0.0064359857,0.007812955,0.009367669,0.011213037,0.013430795,0.0171057,0.024422826,0.0018746012,2025-08-18,2025-08-12,-0.0003985369465204,0.002273138182133627,0.002273138182133627,5.16715719507377e-06,0,1,0.024360336
r2_qqq_calendar,6,5,-0.025664385,-0.016109705,-0.011721839,-0.008981011,-0.0069287494,-0.005265313,-0.0038115643,-0.0025446676,-0.0013430718,-0.00024199637,0.0008806472,0.0020016348,0.0031305575,0.004218807,0.005497703,0.006904761,0.008492376,0.01039781,0.012726328,0.016557558,0.024163244,0.0008806472,2025-08-19,2025-08-12,-0.0136606108387869,0.014541258056641757,0.014541258056641757,0.0002114481858698488,0,0,0.024448168
r2_qqq_calendar,7,1,-0.023946302,-0.014791977,-0.010653711,-0.008086129,-0.006150767,-0.004585982,-0.0032352926,-0.0020381599,-0.00090489245,0.000114923634,0.0011359785,0.002167989,0.0032016411,0.004181734,0.005331627,0.006555845,0.007952118,0.0096284235,0.011680168,0.015141178,0.02222151,0.0011359785,2025-08-20,2025-08-19,-0.0059549679959681,0.007090946494464215,0.007090946494464215,5.028152218735434e-05,0,1,0.022333879
r2_qqq_calendar,7,2,-0.026023008,-0.01648834,-0.012250169,-0.0096318815,-0.0076567866,-0.0060596685,-0.004654879,-0.0034407158,-0.0022808458,-0.0012391297,-0.00017333636,0.00089126517,0.0019569336,0.0029919161,0.0042103706,0.0055270907,0.0070458674,0.0088795,0.011093865,0.014827614,0.022163052,-0.00017333636,2025-08-21,2025-08-19,-0.0046403992151281,0.004467062854524529,0.004467062854524529,1.9954650546272836e-05,1,1,0.023344034
r2_qqq_calendar,7,3,-0.025458837,-0.015838971,-0.0115013765,-0.008795881,-0.00675968,-0.005078204,-0.0036057723,-0.0023065754,-0.0010991031,1.075567e-05,0.0011485799,0.0022747596,0.0033976682,0.0044809263,0.005742168,0.007120383,0.008683787,0.010581389,0.012880435,0.016694613,0.024397202,0.0011485799,2025-08-22,2025-08-19,0.015309536306763,-0.014160956431755729,0.014160956431755729,0.00020053268706208394,1,0,0.024381813
r2_qqq_calendar,7,4,-0.025795845,-0.015932452,-0.011423306,-0.008613412,-0.006522178,-0.004842289,-0.003350556,-0.0020654253,-0.0008464288,0.00026928878,0.0014251712,0.0025869613,0.0037427726,0.004870083,0.006144837,0.0075400695,0.009141996,0.011052193,0.013356292,0.017191647,0.024767477,0.0014251712,2025-08-25,2025-08-19,-0.0028887180409782,0.004313889195529408,0.004313889195529408,1.8609639991305364e-05,0,1,0.024779597
r2_qqq_calendar,7,5,-0.024003522,-0.0144669125,-0.010019249,-0.0072805043,-0.0052480823,-0.003588968,-0.0021462613,-0.0008721793,0.0003380357,0.0014621464,0.002607145,0.0037609376,0.0049093254,0.006013197,0.007287563,0.008697147,0.010292932,0.012204269,0.014507707,0.018316014,0.025933215,0.002607145,2025-08-26,2025-08-19,0.0040069787420189,-0.0013998336281483984,0.0013998336281483984,1.9595341864951083e-06,1,1,0.024526957
r2_qqq_calendar,8,1,-0.022235874,-0.01343431,-0.009544662,-0.0071656844,-0.005377083,-0.0039247707,-0.002664219,-0.001541931,-0.00047942612,0.0004882385,0.0014563012,0.002446906,0.003434242,0.004376269,0.0054884967,0.00667751,0.008031209,0.009644971,0.011601729,0.014784296,0.020823147,0.0014563012,2025-08-27,2025-08-26,0.0015357699830635,-7.946878937916042e-05,7.946878937916042e-05,6.31528848538936e-09,1,1,0.02114639
r2_qqq_calendar,8,2,-0.021462265,-0.012762621,-0.008872636,-0.0064576333,-0.0046205395,-0.0031270636,-0.0017970493,-0.0006434304,0.00047289341,0.0014813326,0.0025075513,0.0035380074,0.00456402,0.0055603953,0.0067181108,0.00796395,0.009360081,0.011026434,0.012980384,0.016204204,0.0223802,0.0025075513,2025-08-28,2025-08-26,0.0062403377163577,-0.0037327863759714286,0.0037327863759714286,1.3933694128637912e-05,1,1,0.021853019
r2_qqq_calendar,8,3,-0.023733411,-0.014540197,-0.010471727,-0.007947502,-0.0060573346,-0.0044983635,-0.0031225677,-0.0019059416,-0.0007691331,0.0002856555,0.0013707636,0.0024503642,0.0035209674,0.0045555616,0.005745701,0.007032318,0.008468201,0.010175378,0.012224982,0.0156082595,0.022059865,0.0013707636,2025-08-29,2025-08-26,-0.0116429787410779,0.013013742380066038,0.013013742380066038,0.00016935749073472686,0,0,0.022696707
r2_qqq_calendar,8,4,-0.023366272,-0.014093561,-0.009885809,-0.0072464244,-0.0052607716,-0.0036589848,-0.0022222023,-0.0009843785,0.00018224749,0.0012362557,0.002303028,0.0033736345,0.004437743,0.0054841824,0.0066707353,0.007992605,0.0094910115,0.011264468,0.013384069,0.016865551,0.023419984,0.002303028,2025-09-02,2025-08-26,-0.00841537864837,0.010718406661927195,0.010718406661927195,0.00011488424137044527,0,1,0.023269879
r2_qqq_calendar,8,5,-0.024645716,-0.015207534,-0.010869772,-0.008166881,-0.006128682,-0.0044606635,-0.0029938575,-0.0016950062,-0.00045699498,0.0006792578,0.0018334766,0.0029784697,0.0041213688,0.0052069155,0.006465956,0.007849301,0.009401253,0.011248518,0.013480054,0.01712145,0.024027213,0.0018334766,2025-09-03,2025-08-26,0.0078366488811039,-0.006003172289248612,0.006003172289248612,3.6038077534402424e-05,1,1,0.024349827
r2_qqq_calendar,9,1,-0.024121601,-0.014647708,-0.010436282,-0.0077973045,-0.0057563647,-0.0040822504,-0.002621584,-0.0013049574,-4.9380586e-05,0.0010896716,0.0022445642,0.003410311,0.0045796665,0.005712557,0.0070467666,0.00847732,0.010106119,0.012059181,0.014417854,0.018282978,0.025957849,0.0022445642,2025-09-04,2025-09-03,0.0090107767756357,-0.006766212536699991,0.006766212536699991,4.578163209179612e-05,1,1,0.024854135
r2_qqq_calendar,9,2,-0.023468707,-0.014180769,-0.010027334,-0.007393809,-0.005350798,-0.0036725719,-0.002170525,-0.00085035025,0.00043214601,0.0015893092,0.0027739685,0.0039532487,0.0051432624,0.0062901615,0.0076193684,0.009058334,0.010678857,0.012614717,0.014889718,0.018692946,0.026295727,0.0027739685,2025-09-05,2025-09-03,0.0014419101593265,0.0013320583435526428,0.0013320583435526428,1.7743794306282107e-06,1,1,0.024917051
r2_qqq_calendar,9,3,-0.023843734,-0.014460314,-0.010272222,-0.007619799,-0.0055831666,-0.0039012209,-0.0024173292,-0.0011125951,0.000108993205,0.0012209298,0.0023646848,0.0035070246,0.0046635624,0.005798214,0.0071214763,0.008590766,0.010252174,0.012272041,0.014682897,0.01864358,0.026491106,0.0023646848,2025-09-08,2025-09-03,0.0048660661333388,-0.002501381305713048,0.002501381305713048,6.256908436570714e-06,1,1,0.02495512
r2_qqq_calendar,9,4,-0.024935182,-0.015136884,-0.010740775,-0.007990093,-0.0059072645,-0.0042280774,-0.0027181995,-0.0014206202,-0.0001896373,0.000930493,0.0020811276,0.003243105,0.0044030715,0.0055493508,0.00684799,0.008285284,0.00992676,0.011872086,0.014196537,0.018045338,0.02567352,0.0020811276,2025-09-09,2025-09-03,0.0028291034084009,-0.0007479758039312429,0.0007479758039312429,5.594678032665891e-07,1,1,0.024937313
r2_qqq_calendar,9,5,-0.024232041,-0.014909715,-0.010700915,-0.008062573,-0.006057037,-0.0043998174,-0.0029347134,-0.0016408561,-0.00041048706,0.0007161586,0.0018689525,0.003021426,0.0041768514,0.0052868035,0.006581497,0.0080087,0.00963398,0.011590607,0.013966417,0.017861241,0.02571163,0.0018689525,2025-09-10,2025-09-03,0.000327346334867,0.0015416061965005403,0.0015416061965005403,2.3765496650888623e-06,1,1,0.024667332
r2_qqq_calendar,10,1,-0.019610519,-0.011708187,-0.008132447,-0.0059220595,-0.0042542284,-0.0029074212,-0.0017603491,-0.0007464557,0.00020272995,0.0010355827,0.0018648619,0.002699459,0.0035433439,0.004358245,0.005335787,0.0063910205,0.0076099546,0.009069489,0.010846362,0.013781086,0.019594243,0.0018648619,2025-09-11,2025-09-10,0.0058036357172562,-0.003938773787467015,0.003938773787467015,1.5513938948837252e-05,1,1,0.018978808
r2_qqq_calendar,10,2,-0.019867463,-0.012007901,-0.008469888,-0.0062709544,-0.004599332,-0.0032451097,-0.0020554552,-0.0010253016,-3.945519e-05,0.0008295913,0.0017097173,0.0025873678,0.003480476,0.0043465705,0.005372558,0.0064817066,0.007747723,0.0092724385,0.011072827,0.014072214,0.019991944,0.0017097173,2025-09-12,2025-09-10,0.0044074641061353,-0.0026977467802690776,0.0026977467802690776,7.277837690452175e-06,1,1,0.019542715
r2_qqq_calendar,10,3,-0.020864578,-0.012607308,-0.008890777,-0.006570536,-0.0048253583,-0.0034015733,-0.002162813,-0.0010852898,-9.298831e-05,0.00080442167,0.0017152923,0.0026157256,0.0035358889,0.004430956,0.0054812143,0.006640389,0.007951405,0.00952726,0.011409568,0.014514065,0.02066676,0.0017152923,2025-09-15,2025-09-10,0.0085204649444276,-0.006805172605214408,0.006805172605214408,4.631037418676065e-05,1,1,0.020300344
r2_qqq_calendar,10,4,-0.02193771,-0.0133223,-0.009355204,-0.0068632993,-0.0050106915,-0.003529286,-0.002218698,-0.0011066238,-7.179921e-05,0.0008577336,0.0017946906,0.0027298497,0.0036634612,0.0045955456,0.005660456,0.0068370784,0.00818604,0.009784802,0.011696133,0.014894892,0.021192359,0.0017946906,2025-09-16,2025-09-10,-0.0008454361703891,0.0026401267858866297,0.0026401267858866297,6.970269445556065e-06,0,1,0.021051336
r2_qqq_calendar,10,5,-0.022595642,-0.014015302,-0.010042613,-0.0075758626,-0.0057361424,-0.004234662,-0.002927693,-0.0017793544,-0.00070413045,0.00027734129,0.001261604,0.0022422438,0.00322763,0.0041800602,0.0053069387,0.0065508937,0.007982762,0.00970603,0.011828709,0.015335449,0.022253618,0.001261604,2025-09-17,2025-09-10,-0.0019978516169886,0.003259455635497988,0.003259455635497988,1.0624051039779593e-05,0,1,0.021871323
r2_qqq_calendar,11,1,-0.022011006,-0.013104254,-0.009104026,-0.0066975174,-0.0049360427,-0.0035401366,-0.0023630986,-0.0013492533,-0.00041010202,0.00041020507,0.001208391,0.0020103017,0.0028362926,0.0036553682,0.0046402966,0.0057151695,0.0069567435,0.008455731,0.010290266,0.013370881,0.019687707,0.001208391,2025-09-18,2025-09-17,0.0089765282078724,-0.0077681371673088175,0.0077681371673088175,6.034395505012466e-05,1,1,0.019394292
r2_qqq_calendar,11,2,-0.022411624,-0.013500332,-0.009492801,-0.0070665386,-0.005292785,-0.0038875004,-0.0026726548,-0.0016477983,-0.000684526,0.00015400536,0.0009819797,0.0018138082,0.0026649362,0.0035111893,0.0045233783,0.005630538,0.0069004823,0.008445278,0.010287298,0.013393337,0.019747093,0.0009819797,2025-09-19,2025-09-17,0.0067465512981945,-0.0057645716440239275,0.0057645716440239275,3.323028623908473e-05,1,1,0.0197801
r2_qqq_calendar,11,3,-0.023199901,-0.014012804,-0.009877731,-0.007370157,-0.005536564,-0.0040716757,-0.0028178005,-0.0017478545,-0.0007753182,9.7847194e-05,0.0009652793,0.0018189491,0.0026910054,0.0035512238,0.004570763,0.0056936806,0.0069738794,0.008522258,0.010394822,0.01356872,0.020151969,0.0009652793,2025-09-22,2025-09-17,0.0059025168281461,-0.0049372375339682105,0.0049372375339682105,2.4376314466824496e-05,1,1,0.020272553
r2_qqq_calendar,11,4,-0.023394357,-0.013974225,-0.009690918,-0.0071012136,-0.005230203,-0.003773126,-0.002513913,-0.0014711798,-0.0005129985,0.00032735633,0.0011551226,0.001989232,0.0028375685,0.0036965196,0.004686848,0.005796553,0.007079499,0.008614117,0.010464396,0.01363247,0.02012248,0.0011551226,2025-09-23,2025-09-17,-0.0066644197550901,0.007819542404014689,0.007819542404014689,6.114524340818381e-05,0,1,0.020155314
r2_qqq_calendar,11,5,-0.022877987,-0.013789768,-0.009595126,-0.0070797345,-0.005262401,-0.0038180042,-0.0025840406,-0.0015299586,-0.0005621793,0.00029635173,0.0011415256,0.0019719522,0.0028258245,0.0036661695,0.0046684262,0.005790357,0.007073449,0.00863443,0.010574853,0.013872579,0.020756206,0.0011415256,2025-09-24,2025-09-17,-0.0035167918722211,0.004658317444386947,0.004658317444386947,2.1699921412679737e-05,0,1,0.020169979
r2_qqq_calendar,12,1,-0.019600423,-0.012166003,-0.0087008355,-0.0065646493,-0.0049517625,-0.0036569,-0.0025560586,-0.0015934085,-0.000692563,0.000109267305,0.0009100536,0.0017259412,0.0025570346,0.0033566346,0.0043112217,0.0053522843,0.0065511237,0.008003673,0.009794291,0.012818383,0.018989822,0.0009100536,2025-09-25,2025-09-24,-0.0043206122755003,0.00523066588723332,0.00523066588723332,2.735986562386633e-05,0,1,0.018495128
r2_qqq_calendar,12,2,-0.019963745,-0.012379439,-0.008864334,-0.0066785812,-0.0050208643,-0.0036847135,-0.0025144075,-0.0015173225,-0.00056544424,0.00027440558,0.0011229544,0.0019771727,0.0028342553,0.00367449,0.004672424,0.0057579447,0.007005523,0.008529488,0.010361371,0.013457498,0.019682312,0.0011229544,2025-09-26,2025-09-24,0.004102521579534,-0.002979567161582595,0.002979567161582595,8.877820470381363e-06,1,1,0.019225705
r2_qqq_calendar,12,3,-0.02035022,-0.012534482,-0.008897815,-0.006622328,-0.004902898,-0.0035008425,-0.002285332,-0.0012369348,-0.00027285144,0.00060102856,0.0014902927,0.0023731762,0.0032634884,0.004132988,0.005156489,0.006292359,0.007583716,0.009158475,0.011066684,0.014268199,0.020766923,0.0014902927,2025-09-29,2025-09-24,0.0046203877183688,-0.0031300949969408232,0.0031300949969408232,9.797494689873972e-06,1,1,0.019964498
r2_qqq_calendar,12,4,-0.020995714,-0.0129443295,-0.009130508,-0.006741257,-0.004959363,-0.0035394998,-0.0022898451,-0.0012315108,-0.00023564172,0.0006596426,0.0015726893,0.002495275,0.00341855,0.004327649,0.005367307,0.0065256353,0.007855437,0.00945571,0.011386208,0.014645271,0.021152299,0.0015726893,2025-09-30,2025-09-24,0.0027354917335289,-0.0011628024592029332,0.0011628024592029332,1.352109559128389e-06,1,1,0.020516716
r2_qqq_calendar,12,5,-0.020416413,-0.012683272,-0.008979713,-0.0066746515,-0.0049489737,-0.0035465565,-0.0023206188,-0.0012559352,-0.0002544151,0.0006537738,0.0015740551,0.0024913473,0.0034154882,0.004301846,0.005351241,0.0065256497,0.0078680515,0.009506129,0.011526521,0.014929757,0.02180555,0.0015740551,2025-10-01,2025-09-24,0.0047854513232006,-0.00321139626431896,0.00321139626431896,1.0313065966481771e-05,1,1,0.020506233
r2_qqq_calendar,13,1,-0.014975933,-0.008473331,-0.005575306,-0.003774328,-0.0024022546,-0.0013058069,-0.00037057034,0.00044552144,0.0012021812,0.0018652865,0.0025199137,0.0031728528,0.0038286014,0.004467982,0.0052321246,0.006059178,0.007018503,0.0081887245,0.009628316,0.012051673,0.016956065,0.0025199137,2025-10-02,2025-10-01,0.0041025931387437,-0.001582679422501983,0.001582679422501983,2.5048741544112108e-06,1,1,0.015203622
r2_qqq_calendar,13,2,-0.015988817,-0.009313789,-0.006358794,-0.0045248307,-0.0031354174,-0.0020198068,-0.001040539,-0.00021067832,0.0005894267,0.0012875644,0.0019986858,0.0027044518,0.003415685,0.004110844,0.004930526,0.005830085,0.0068564406,0.008113026,0.009600805,0.012130519,0.017096667,0.0019986858,2025-10-03,2025-10-01,-0.0042185662989068,0.006217252064918277,0.006217252064918277,3.8654223238730574e-05,0,1,0.015959598
r2_qqq_calendar,13,3,-0.016088372,-0.009228749,-0.006209337,-0.004338083,-0.002924689,-0.0017811742,-0.00079269416,5.750562e-05,0.00084170245,0.001546743,0.002262394,0.002970802,0.0036875175,0.0043824036,0.005192737,0.006093882,0.0071067335,0.008344316,0.009827706,0.012336109,0.017315686,0.002262394,2025-10-06,2025-10-01,0.0074820937828216,-0.005219699838856165,0.005219699838856165,2.724526640775507e-05,1,1,0.016037043
r2_qqq_calendar,13,4,-0.016702533,-0.009640976,-0.0064746495,-0.0045034634,-0.0030314934,-0.0018690806,-0.00084924966,6.9470843e-06,0.0008063877,0.001517857,0.0022420012,0.0029692904,0.0036964803,0.004424356,0.0052552912,0.0061882436,0.0072684633,0.008569012,0.010128772,0.012787101,0.017881216,0.0022420012,2025-10-07,2025-10-01,-0.0052795830091265,0.007521584248336867,0.007521584248336867,5.6574229604829274e-05,0,1,0.016603421
r2_qqq_calendar,13,5,-0.016771149,-0.009702939,-0.006435884,-0.0044113314,-0.0029092117,-0.00170941,-0.0006833351,0.00019524107,0.0010088343,0.0017408004,0.0024839165,0.003234622,0.003989755,0.0047280276,0.005592731,0.0065730335,0.0077009564,0.009078739,0.010766405,0.013592203,0.019045817,0.0024839165,2025-10-08,2025-10-01,0.0113986287776662,-0.008914712308747876,0.008914712308747876,7.947209554774089e-05,1,0,0.017202288
r2_qqq_calendar,14,1,-0.016556427,-0.010087731,-0.007090914,-0.005232546,-0.0038292636,-0.0026925397,-0.0017131305,-0.00083655294,2.685585e-06,0.0007626772,0.0015298993,0.002295139,0.0030610017,0.0038136696,0.004701216,0.0056492276,0.006726037,0.008006017,0.009533344,0.012033432,0.016844358,0.0015298993,2025-10-09,2025-10-08,-0.0012109871685766,0.002740886477965893,0.002740886477965893,7.5124586850962784e-06,0,1,0.016624257
r2_qqq_calendar,14,2,-0.0139097795,-0.0077882046,-0.0049436972,-0.0031566815,-0.0018103974,-0.0007261031,0.00022428227,0.0010385982,0.001822135,0.0025195742,0.0032439027,0.0039431173,0.0046606814,0.0053605516,0.0061737103,0.0070555615,0.008045328,0.009229171,0.010611602,0.012902673,0.01742481,0.0032439027,2025-10-10,2025-10-08,-0.0353310488534654,0.03857495155162462,0.03857495155162462,0.0014880268872101865,0,0,0.0155553
r2_qqq_calendar,14,3,-0.01526758,-0.009067648,-0.006240061,-0.0044979416,-0.0031981966,-0.002151166,-0.0012419805,-0.00045221671,0.00027977861,0.00095072325,0.0016482761,0.0023286217,0.0030240263,0.003696791,0.004472065,0.0053116158,0.0062512048,0.007370926,0.008716886,0.010960213,0.015461691,0.0016482761,2025-10-13,2025-10-08,0.0209992440232485,-0.01935096791027481,0.01935096791027481,0.0003744599590644855,1,0,0.014956947
r2_qqq_calendar,14,4,-0.014100867,-0.008119725,-0.005340579,-0.003583374,-0.0022584968,-0.0011993601,-0.0002480928,0.0005544692,0.0013020831,0.0019673908,0.0026380492,0.0033030799,0.0039617573,0.00462567,0.005379994,0.0062278756,0.0071973912,0.008352797,0.009731793,0.01202681,0.016613372,0.0026380492,2025-10-14,2025-10-08,-0.0066832276878474,0.009321276878711367,0.009321276878711367,8.688620264959914e-05,0,0,0.015072372
r2_qqq_calendar,14,5,-0.015418516,-0.009221759,-0.006192051,-0.0043083057,-0.0029212818,-0.0018122786,-0.0008686647,-6.380724e-05,0.0006740753,0.0013415965,0.0020170745,0.0027003235,0.003385473,0.0040570865,0.004847782,0.005722448,0.006721204,0.007918027,0.009371644,0.011740835,0.016468307,0.0020170745,2025-10-15,2025-10-08,0.0070319862665144,-0.005014911769097784,0.005014911769097784,2.5149340051835468e-05,1,1,0.015563695
r2_qqq_calendar,15,1,-0.026110768,-0.015111726,-0.010348022,-0.0075091994,-0.005440055,-0.003793445,-0.0024146056,-0.0012220582,-0.00012777955,0.0008446608,0.0017933418,0.0027499828,0.0037576747,0.004756946,0.005974025,0.007316914,0.00888804,0.010804994,0.013187433,0.017291078,0.025730873,0.0017933418,2025-10-16,2025-10-15,-0.0037098030692389,0.005503144896817743,0.005503144896817743,3.0284603755371168e-05,0,1,0.023535455
r2_qqq_calendar,15,2,-0.025630929,-0.014793847,-0.010048917,-0.007196603,-0.005104988,-0.0034454898,-0.0020109203,-0.00079826685,0.00032594363,0.0013108748,0.002278021,0.0032477076,0.004267848,0.005291556,0.006520645,0.007889414,0.009468986,0.011406187,0.013753733,0.017825972,0.026191665,0.002278021,2025-10-17,2025-10-15,0.006545306134351,-0.004267285063244804,0.004267285063244804,1.8209721810992214e-05,1,1,0.02380265
r2_qqq_calendar,15,3,-0.027199857,-0.015821345,-0.010896787,-0.007937949,-0.005781189,-0.0040628426,-0.0025951052,-0.0013475788,-0.00021953485,0.000794943,0.0017972087,0.0027925002,0.0038405545,0.004894155,0.006148766,0.0075766244,0.009225711,0.011254558,0.0137436,0.01808466,0.026969573,0.0017972087,2025-10-20,2025-10-15,0.0125220215331664,-0.010724812854257753,0.010724812854257753,0.00011502161075885234,1,1,0.024640387
r2_qqq_calendar,15,4,-0.029023824,-0.017023733,-0.011724632,-0.008546397,-0.006272708,-0.004502778,-0.0029673334,-0.0016809737,-0.0004902629,0.00055814546,0.0016038127,0.0026602927,0.0037614047,0.004876752,0.0062004086,0.007705278,0.009462329,0.011585267,0.01419306,0.018733032,0.027717134,0.0016038127,2025-10-21,2025-10-15,-0.0002615786773895,0.0018653913551752543,0.0018653913551752543,3.479684907962572e-06,0,1,0.025917692
r2_qqq_calendar,15,5,-0.030819215,-0.01836504,-0.012756398,-0.009420432,-0.0070389905,-0.005159908,-0.0035575982,-0.0021872497,-0.0009152298,0.00024169392,0.0013812206,0.002529896,0.0037237168,0.0049027344,0.0063293627,0.007940813,0.009809094,0.01208823,0.014958793,0.01988143,0.02969746,0.0013812206,2025-10-22,2025-10-15,-0.0096806945149977,0.011061915160268943,0.011061915160268943,0.00012236596701298787,0,1,0.027715191
r2_qqq_calendar,16,1,-0.02745925,-0.016323155,-0.011141087,-0.008072205,-0.005854174,-0.0041110334,-0.0026555276,-0.0014002108,-0.00024443667,0.0007761923,0.0017794189,0.0027877598,0.003819428,0.0048155664,0.006001692,0.007290652,0.008783494,0.010601232,0.012867855,0.016764011,0.024945725,0.0017794189,2025-10-23,2025-10-22,0.0083712721530506,-0.006591853248716294,0.006591853248716294,4.345252925261156e-05,1,1,0.02400894
r2_qqq_calendar,16,2,-0.029696677,-0.018111154,-0.0127770975,-0.009573013,-0.0072360556,-0.0053819176,-0.003785241,-0.0024190051,-0.0011278769,-2.165907e-06,0.0011198731,0.0022331197,0.0033546844,0.0044521317,0.0057614143,0.007216422,0.008920602,0.011013359,0.013568045,0.01797691,0.026882315,0.0011198731,2025-10-24,2025-10-22,0.0106216704083831,-0.00950179727116981,0.00950179727116981,9.028415138241004e-05,1,1,0.026345141
r2_qqq_calendar,16,3,-0.02871516,-0.017154451,-0.011802139,-0.00858638,-0.0062545375,-0.004394418,-0.002811051,-0.0014628741,-0.0002414278,0.0008518558,0.0019436034,0.0030255658,0.004129408,0.005213705,0.006498132,0.00794886,0.009623396,0.011677681,0.014205275,0.01855752,0.027552878,0.0019436034,2025-10-27,2025-10-22,0.0176524969725718,-0.015708893581744026,0.015708893581744026,0.00024676933756255867,1,0,0.026007414
r2_qqq_calendar,16,4,-0.029503368,-0.017741583,-0.012191562,-0.008862141,-0.0064707478,-0.004596354,-0.0029759514,-0.0016181535,-0.00036728568,0.0007417031,0.0018511422,0.002955013,0.0040782,0.005192977,0.00648776,0.007938975,0.00962739,0.011663471,0.014161201,0.018492913,0.027279396,0.0018511422,2025-10-28,2025-10-22,0.0076605908208715,-0.005809448669590263,0.005809448669590263,3.374969384460407e-05,1,1,0.026352763
r2_qqq_calendar,16,5,-0.03148584,-0.01927409,-0.013484661,-0.009985803,-0.007452264,-0.005428805,-0.0036942968,-0.0022025974,-0.00082462525,0.00042381242,0.0016631521,0.0028918718,0.0041370033,0.0053428914,0.006769656,0.008370501,0.010216016,0.012458002,0.015234948,0.019916957,0.029347876,0.0016631521,2025-10-29,2025-10-22,0.0044928826690138,-0.002829730540555777,0.002829730540555777,8.007374932154091e-06,1,1,0.028719608
r2_qqq_calendar,17,1,-0.026684927,-0.015585861,-0.010760504,-0.00791358,-0.005849141,-0.0042249095,-0.0028667017,-0.0016960806,-0.0006147587,0.00034130336,0.0012749507,0.0022136094,0.0031831334,0.004136245,0.005285113,0.006542009,0.0080017075,0.009775505,0.011972607,0.015762284,0.023667652,0.0012749507,2025-10-30,2025-10-29,-0.0154067291234822,0.016681679809393078,0.016681679809393078,0.00027827844126311266,0,0,0.022733111
r2_qqq_calendar,17,2,-0.02593209,-0.015085469,-0.0103381965,-0.0075075543,-0.0054488145,-0.0038305153,-0.0024453346,-0.0012824096,-0.00019941083,0.0007382767,0.0016631782,0.002585926,0.0035299235,0.004468121,0.0055908714,0.0068343026,0.008272519,0.010035093,0.012178475,0.015899582,0.023578504,0.0016631782,2025-10-31,2025-10-29,0.0048124341897339,-0.0031492559842437873,0.0031492559842437873,9.917813254295305e-06,1,1,0.022516672
r2_qqq_calendar,17,3,-0.026223782,-0.01508963,-0.010254343,-0.0073724696,-0.005287717,-0.003643733,-0.002262928,-0.0010993622,-5.0249044e-05,0.0008819842,0.0018005621,0.0027034106,0.0036386866,0.0045694076,0.0056826444,0.00693928,0.0083817225,0.010153063,0.012326277,0.016071651,0.023883624,0.0018005621,2025-11-03,2025-10-29,0.004773297764712,-0.002972735626042807,0.002972735626042807,8.837157102344118e-06,1,1,0.02258062
r2_qqq_calendar,17,4,-0.027038755,-0.015500856,-0.010418016,-0.0073942496,-0.0052302107,-0.0035667638,-0.0021348852,-0.0009577003,0.00011620787,0.0010481942,0.0019680304,0.0028913764,0.0038406877,0.0047908537,0.0059061353,0.0071738204,0.008644756,0.010430925,0.012612334,0.016379967,0.024175255,0.0019680304,2025-11-04,2025-10-29,-0.0205069305460749,0.022474960898220334,0.022474960898220334,0.0005051238673765329,0,0,0.023030352
r2_qqq_calendar,17,5,-0.02722194,-0.015787682,-0.010702385,-0.0076887393,-0.0055334703,-0.0038408386,-0.002397715,-0.0011727257,-4.3555396e-05,0.0009671843,0.001966684,0.0029547743,0.0039624977,0.004942322,0.0061144084,0.0074382536,0.008966379,0.010835905,0.013168239,0.01716314,0.025470283,0.001966684,2025-11-05,2025-10-29,0.006486962911098,-0.004520279018564817,0.004520279018564817,2.04329224056773e-05,1,1,0.023870625
r2_qqq_calendar,18,1,-0.031972166,-0.019388821,-0.013417167,-0.009872589,-0.007323341,-0.0053106137,-0.0036157388,-0.0021482846,-0.0007840743,0.0004364011,0.001644721,0.0028612386,0.0041093524,0.0053295055,0.0067845187,0.0083730025,0.010207011,0.012430767,0.015165848,0.019835554,0.02950987,0.001644721,2025-11-06,2025-11-05,-0.0188030362399423,0.02044775726181804,0.02044775726181804,0.0004181107770382324,0,0,0.028583014
r2_qqq_calendar,18,2,-0.0314489,-0.018940749,-0.013049821,-0.009523118,-0.006977758,-0.0049777087,-0.0032551982,-0.0017956631,-0.00042122032,0.00079337676,0.0019987756,0.003213155,0.004451043,0.0056646885,0.0070978063,0.008673702,0.01048301,0.012667593,0.015294797,0.019855492,0.029211752,0.0019987756,2025-11-07,2025-11-05,-0.0031602806656952,0.005159056304335127,0.005159056304335127,2.6615861951300017e-05,0,1,0.028344618
r2_qqq_calendar,18,3,-0.030708145,-0.018425021,-0.012587011,-0.009090371,-0.006582804,-0.004605146,-0.0029265936,-0.0015046858,-0.0002179835,0.0009325156,0.002071856,0.0032065744,0.0043745968,0.0055412054,0.0069213784,0.008488099,0.010283306,0.012478586,0.015160165,0.019803206,0.029379053,0.002071856,2025-11-10,2025-11-05,0.0218830161265934,-0.019811160071184684,0.019811160071184684,0.00039248206336610234,1,0,0.027747177
r2_qqq_calendar,18,4,-0.031486984,-0.01880169,-0.012730644,-0.009126884,-0.0065567354,-0.004565893,-0.002850057,-0.0014161005,-9.825092e-05,0.0010582439,0.0022084,0.0033668429,0.0045564375,0.0057416256,0.007126337,0.008691052,0.010503084,0.01267301,0.015328063,0.019936848,0.02936361,0.0022084,2025-11-11,2025-11-05,-0.0026671499925751,0.004875550044615915,0.004875550044615915,2.3770988237554253e-05,0,1,0.028058708
r2_qqq_calendar,18,5,-0.03160161,-0.01903813,-0.013044045,-0.009501927,-0.006971463,-0.0049645617,-0.0032415637,-0.0017639241,-0.0003884636,0.0008535838,0.0020923112,0.003325292,0.0045880647,0.005816112,0.00727754,0.008920171,0.010799116,0.013072569,0.015886916,0.020698879,0.030579159,0.0020923112,2025-11-12,2025-11-05,-0.0007886429130851,0.0028809540718613834,0.0028809540718613834,8.299896364174684e-06,0,1,0.028930962
r2_qqq_calendar,19,1,-0.024770983,-0.013655821,-0.008888442,-0.0060474817,-0.00398905,-0.0023539863,-0.0009989296,0.00016742328,0.0012305505,0.0021631215,0.0030663093,0.0039771055,0.0049528982,0.0059293243,0.007141329,0.008493426,0.010100504,0.01208088,0.014605548,0.01906791,0.02921324,0.0030663093,2025-11-13,2025-11-12,-0.0206272332406192,0.02369354250268628,0.02369354250268628,0.0005613839563266012,0,0,0.02349399
r2_qqq_calendar,19,2,-0.030391453,-0.017950201,-0.012596374,-0.009412432,-0.007105227,-0.0052819946,-0.0037196544,-0.0023892256,-0.0011412229,-5.0579314e-05,0.0010239043,0.0020965887,0.0032062272,0.004315266,0.0056662722,0.007186806,0.008993689,0.011238378,0.014013562,0.018963804,0.029759256,0.0010239043,2025-11-14,2025-11-12,0.000755673905718,0.00026823039830210684,0.00026823039830210684,7.194754657330688e-08,1,1,0.026609937
r2_qqq_calendar,19,3,-0.030352337,-0.0176029,-0.012081582,-0.008777885,-0.0063985186,-0.0045035793,-0.0029000198,-0.0015295916,-0.00028941117,0.00083416054,0.001949856,0.0030676639,0.004238803,0.0054109916,0.0068201283,0.008434094,0.010324214,0.012662506,0.015566103,0.020679602,0.031907544,0.001949856,2025-11-17,2025-11-12,-0.0085771562852826,0.0105270123430457,0.0105270123430457,0.00011081798887063652,0,1,0.027647685
r2_qqq_calendar,19,4,-0.03184426,-0.018617207,-0.01284989,-0.009389089,-0.0069147865,-0.004976028,-0.003298075,-0.001883843,-0.0005686482,0.00060986134,0.0017975678,0.0029904034,0.004224808,0.005467943,0.006926728,0.008572601,0.010526722,0.012911497,0.015874514,0.02113756,0.03248651,0.0017975678,2025-11-18,2025-11-12,-0.0122506503838736,0.014048218204050082,0.014048218204050082,0.0001973524347086041,0,1,0.028724404
r2_qqq_calendar,19,5,-0.03264734,-0.019282851,-0.013338098,-0.0097987205,-0.0072796545,-0.005289361,-0.003599503,-0.0021507312,-0.0008004508,0.00043317006,0.0016512166,0.002875428,0.004146427,0.005395752,0.006890315,0.008582275,0.0105636455,0.013005836,0.016110417,0.021587858,0.033398956,0.0016512166,2025-11-19,2025-11-12,0.0059524259622395,-0.004301209314651783,0.004301209314651783,1.8500401568447263e-05,1,1,0.029448515
r2_qqq_calendar,20,1,-0.04032917,-0.024416525,-0.01725857,-0.012952395,-0.009812528,-0.007304973,-0.005207308,-0.0033990638,-0.0017407284,-0.00027763983,0.0011440744,0.0025776327,0.004071762,0.00553909,0.0073031443,0.009235983,0.011487681,0.014205866,0.017581956,0.023503102,0.035982367,0.0011440744,2025-11-20,2025-11-19,-0.0239565701060706,0.025100644475292526,0.025100644475292526,0.0006300423530750332,0,0,0.034840524
r2_qqq_calendar,20,2,-0.04307007,-0.025816843,-0.018084666,-0.0134424735,-0.010076556,-0.007426095,-0.005157104,-0.0032324712,-0.0014543937,0.00010324322,0.0016243968,0.003153102,0.0047504557,0.0063284426,0.008211256,0.010292015,0.012710516,0.015608633,0.01911971,0.025310067,0.03834581,0.0016243968,2025-11-21,2025-11-19,0.0074847628794217,-0.005860366110091795,0.005860366110091795,3.434389094431243e-05,1,1,0.037204377
r2_qqq_calendar,20,3,-0.04424754,-0.027175788,-0.019379476,-0.014584149,-0.011105085,-0.008342516,-0.005996348,-0.004003014,-0.0021986607,-0.00058817724,0.0009970377,0.0025632433,0.004210548,0.005864995,0.007845364,0.010095438,0.012703834,0.015879,0.019765833,0.026668053,0.04104653,0.0009970377,2025-11-24,2025-11-19,0.0252517353581003,-0.024254697614882057,0.024254697614882057,0.0005882903563893654,1,0,0.03914531
r2_qqq_calendar,20,4,-0.042994473,-0.026642429,-0.0191077,-0.014441567,-0.011014657,-0.008312998,-0.0059652356,-0.0039645894,-0.0021100338,-0.00047447684,0.0011417669,0.0027405098,0.004398827,0.006067068,0.008043831,0.010279284,0.012904517,0.016055621,0.019958753,0.026957275,0.041349687,0.0011417669,2025-11-25,2025-11-19,0.0061448514261719,-0.005003084525043906,0.005003084525043906,2.5030854764733802e-05,1,1,0.039066453
r2_qqq_calendar,20,5,-0.04422202,-0.02734869,-0.01933367,-0.014481958,-0.011002247,-0.008252318,-0.0058948738,-0.003874424,-0.001994764,-0.00031570112,0.0013216077,0.0029551405,0.004656218,0.0063380213,0.008357037,0.01063286,0.013272518,0.016460998,0.020426612,0.027412744,0.042050846,0.0013216077,2025-11-26,2025-11-19,0.0087968306561573,-0.007475222921149299,0.007475222921149299,5.587895772087586e-05,1,1,0.039760284
r2_qqq_calendar,21,1,-0.02857873,-0.017321667,-0.011944538,-0.008654382,-0.006254892,-0.004336069,-0.0027190181,-0.0013271109,-5.0586124e-05,0.0010848485,0.002185727,0.0033045437,0.0044882405,0.0056655514,0.0070992997,0.008673158,0.01051575,0.012738493,0.01549053,0.020156464,0.029707557,0.002185727,2025-11-28,2025-11-26,0.0080744606016433,-0.005888733597681498,0.005888733597681498,3.467718338446288e-05,1,1,0.027435068
r2_qqq_calendar,21,2,-0.030153984,-0.018650448,-0.013113886,-0.009704767,-0.0071938857,-0.0051972177,-0.003459938,-0.0019814745,-0.0005968201,0.0006249711,0.0018238584,0.003033892,0.0042999107,0.005567124,0.0070908116,0.008791872,0.010766565,0.013158731,0.016043559,0.021023463,0.031066202,0.0018238584,2025-12-01,2025-11-26,-0.0033645861889512,0.005188444546917146,0.005188444546917146,2.6919956816434264e-05,0,1,0.029157445
r2_qqq_calendar,21,3,-0.031771842,-0.019876074,-0.01405818,-0.010420194,-0.0077708224,-0.0056499927,-0.003835573,-0.0022839191,-0.0008736101,0.00039195566,0.0016322432,0.0028721618,0.0041842014,0.005505765,0.0070953704,0.008903208,0.010995469,0.013548994,0.016663903,0.022012962,0.032632023,0.0016322432,2025-12-02,2025-11-26,0.007795608451378,-0.006163365289356959,0.006163365289356959,3.798707169005019e-05,1,1,0.030722084
r2_qqq_calendar,21,4,-0.03264241,-0.020521436,-0.014576928,-0.010850526,-0.008135126,-0.005991146,-0.0041175587,-0.0025227512,-0.0010339718,0.00028688117,0.0016056225,0.002924688,0.004302926,0.005694861,0.007344354,0.009210309,0.01139841,0.014020693,0.017235855,0.02277954,0.033614807,0.0016056225,2025-12-03,2025-11-26,0.002440744479132,-0.0008351220087531243,0.0008351220087531243,6.974287695038535e-07,1,1,0.031812783
r2_qqq_calendar,21,5,-0.03363236,-0.021101898,-0.014847127,-0.010996188,-0.008222345,-0.0060214237,-0.00412898,-0.0024996898,-0.0009733927,0.00040455733,0.0017617876,0.003124912,0.004551723,0.0059631257,0.0076528676,0.009559791,0.011766487,0.014416025,0.017705698,0.023299912,0.034369133,0.0017617876,2025-12-04,2025-11-26,-0.0009305239790373,0.0026923115500502737,0.0026923115500502737,7.248541482534107e-06,0,1,0.032552823
r2_qqq_calendar,22,1,-0.025013583,-0.01428165,-0.009559062,-0.0067610703,-0.004752808,-0.0031749532,-0.0018607688,-0.000738937,0.00028086116,0.0011810606,0.002047593,0.0029164571,0.003836121,0.0047698077,0.0059190155,0.0071942057,0.00870012,0.010560125,0.012898443,0.017004624,0.025444662,0.002047593,2025-12-05,2025-12-04,0.0040690601080226,-0.0020214671011584097,0.0020214671011584097,4.086329241065784e-06,1,1,0.022457507
r2_qqq_calendar,22,2,-0.02480987,-0.014395105,-0.0097763,-0.0070158592,-0.005020617,-0.0034548938,-0.0021074757,-0.0009743035,7.9886115e-05,0.0010017002,0.0019040757,0.0028085476,0.003759169,0.004725616,0.0058940095,0.0072131464,0.008757029,0.010673735,0.013021112,0.017189348,0.025713649,0.0019040757,2025-12-08,2025-12-04,-0.0019203451600904,0.0038244208925450576,0.0038244208925450576,1.4626195163335136e-05,0,1,0.022797413
r2_qqq_calendar,22,3,-0.025037969,-0.014469606,-0.009808962,-0.007008483,-0.0049924995,-0.003404974,-0.0020645342,-0.0009355634,8.102151e-05,0.0009898234,0.0018735698,0.0027489173,0.0036778068,0.004622992,0.0057626087,0.0070701535,0.008593595,0.010494845,0.012851938,0.017034497,0.025653634,0.0018735698,2025-12-09,2025-12-04,0.001232585741391,0.0006409840544708402,0.0006409840544708402,4.1086055808587704e-07,1,1,0.0226609
r2_qqq_calendar,22,4,-0.025472973,-0.014696626,-0.009923925,-0.007055621,-0.0050018476,-0.003413185,-0.0020485898,-0.0009211711,0.00010694773,0.0009984998,0.0018706968,0.0027468207,0.0036713234,0.00462231,0.0057579936,0.007063713,0.008609326,0.010512198,0.012892604,0.01713159,0.025716122,0.0018706968,2025-12-10,2025-12-04,0.0040873675112017,-0.0022166707290672263,0.0022166707290672263,4.9136291211034286e-06,1,1,0.022816528
r2_qqq_calendar,22,5,-0.026347483,-0.015407862,-0.010432113,-0.007467898,-0.0053685186,-0.0037299404,-0.0023434144,-0.0011749985,-0.000106980966,0.0008380743,0.0017641666,0.0026920673,0.003666993,0.0046436903,0.0058259247,0.0071802223,0.008767888,0.010734854,0.01327041,0.01776109,0.02688307,0.0017641666,2025-12-11,2025-12-04,-0.0032396885435437,0.00500385517807353,0.00500385517807353,2.5038566643133274e-05,0,1,0.023702523
r2_qqq_calendar,23,1,-0.02327918,-0.013051439,-0.008719426,-0.0061458894,-0.0042953687,-0.0028433434,-0.0016416144,-0.0006224817,0.00029893144,0.0010925131,0.0018415157,0.0025992854,0.0034091482,0.0042245435,0.0052300375,0.006346194,0.007658052,0.009256426,0.011243939,0.014701698,0.022083478,0.0018415157,2025-12-12,2025-12-11,-0.0193034256709435,0.021144941322847548,0.021144941322847548,0.0004471085435466658,0,0,0.019963365
r2_qqq_calendar,23,2,-0.024013678,-0.013692122,-0.009275703,-0.0066280942,-0.0047163134,-0.0032148762,-0.0019329232,-0.0008635258,0.00012274378,0.0009690413,0.0017843342,0.0026022515,0.0034643721,0.0043408177,0.0054064505,0.006594335,0.007980285,0.009677084,0.011747621,0.015379198,0.023092149,0.0017843342,2025-12-15,2025-12-11,-0.00503202605191,0.0068163602439624835,0.0068163602439624835,4.6462766975472285e-05,0,1,0.021023324
r2_qqq_calendar,23,3,-0.02538279,-0.014523674,-0.009894937,-0.0070999344,-0.0050805956,-0.003483246,-0.0021352884,-0.0009966803,2.3609435e-05,0.00092721527,0.0017954572,0.0026567702,0.0035677345,0.00448548,0.005594585,0.0068575907,0.008320505,0.010126673,0.01234458,0.016197493,0.02435237,0.0017954572,2025-12-16,2025-12-11,0.0019798417903194,-0.0001843845799276403,0.0001843845799276403,3.3997673315092375e-08,1,1,0.022239517
r2_qqq_calendar,23,4,-0.026732113,-0.015356561,-0.010470377,-0.00750579,-0.0053882813,-0.0037497715,-0.0023367298,-0.0011647367,-9.349594e-05,0.0008445955,0.0017629206,0.0026766942,0.0036422112,0.0046286997,0.005792019,0.0071107605,0.008659067,0.0105316285,0.012829771,0.016835619,0.025095839,0.0017629206,2025-12-17,2025-12-11,-0.018710909603913,0.020473830245253316,0.020473830245253316,0.00041917772491144946,0,0,0.023300149
r2_qqq_calendar,23,5,-0.027224552,-0.015771113,-0.0107704885,-0.00776533,-0.005638771,-0.003966616,-0.0025440094,-0.0013316425,-0.00022158818,0.00076475425,0.0017232152,0.0026730546,0.0036713956,0.0046662493,0.0058669434,0.0072216955,0.008788412,0.010691272,0.013087645,0.01723574,0.025941133,0.0017232152,2025-12-18,2025-12-11,0.0143861168093265,-0.012662901592555733,0.012662901592555733,0.0001603490767427505,1,0,0.023858134
r2_qqq_calendar,24,1,-0.03979642,-0.02554304,-0.01853495,-0.014277194,-0.011186746,-0.008720321,-0.006620139,-0.0048115817,-0.00313268,-0.0016217955,-0.00013146782,0.0013779601,0.0029120725,0.0043929294,0.006133834,0.008031507,0.01022509,0.012860483,0.01609181,0.021678524,0.03359269,-0.00013146782,2025-12-19,2025-12-18,0.0129512311021402,-0.013082698925079357,0.013082698925079357,0.00017115701116427256,0,1,0.03462676
r2_qqq_calendar,24,2,-0.038658913,-0.024012242,-0.016872838,-0.012532061,-0.009395457,-0.006919039,-0.004782558,-0.0029656575,-0.0012608465,0.0002621478,0.0017680889,0.0032921094,0.0048352643,0.0063376767,0.008100988,0.010025574,0.012229527,0.014849708,0.01800048,0.02354134,0.035383936,0.0017680889,2025-12-22,2025-12-18,0.0047819781064196,-0.0030138892068667777,0.0030138892068667777,9.083528151268053e-06,1,1,0.034873318
r2_qqq_calendar,24,3,-0.039177902,-0.024691157,-0.017530166,-0.01314992,-0.010008725,-0.0075147846,-0.0053741215,-0.0035497416,-0.0018866177,-0.00038975896,0.0010978511,0.0025822248,0.0040950472,0.005593359,0.007349737,0.009316277,0.011569411,0.014284421,0.01758417,0.023378868,0.03562313,0.0010978511,2025-12-23,2025-12-18,0.0046723877365108,-0.003574536652896868,0.003574536652896868,1.2777312282903146e-05,1,1,0.035114333
r2_qqq_calendar,24,4,-0.037741296,-0.023345662,-0.016275423,-0.011996724,-0.008916061,-0.0065005445,-0.004404081,-0.0026265355,-0.0009820372,0.00047288486,0.0019118886,0.003358055,0.0048365933,0.006302252,0.008017547,0.009945525,0.012172924,0.014804066,0.018046772,0.023774108,0.035898943,0.0019118886,2025-12-24,2025-12-18,0.002921390510044,-0.0010095019125108931,0.0010095019125108931,1.019094111363151e-06,1,1,0.034322195
r2_qqq_calendar,24,5,-0.03853912,-0.024391612,-0.017446585,-0.013236249,-0.010193709,-0.0077566807,-0.0056496467,-0.0038289442,-0.0021204078,-0.00057947624,0.00095787854,0.0024935992,0.004071445,0.0056118253,0.007440754,0.009473802,0.011781193,0.014544585,0.017970774,0.02390101,0.036582362,0.00095787854,2025-12-26,2025-12-18,-6.422789274467806e-05,0.001022106432083386,0.001022106432083386,1.0447015585062295e-06,0,1,0.03541736
r2_qqq_calendar,25,1,-0.023164354,-0.013334469,-0.008904435,-0.0062991763,-0.0044324007,-0.0029768185,-0.0017662524,-0.00073776324,0.00019977702,0.0010223275,0.0018188558,0.0026219166,0.0034595365,0.004286512,0.005290469,0.006395128,0.0076978444,0.009301582,0.011328018,0.014920913,0.022683078,0.0018188558,2025-12-29,2025-12-26,-0.0048523387503473,0.006671194509103699,0.006671194509103699,4.4504836178295346e-05,0,1,0.020232454
r2_qqq_calendar,25,2,-0.024491893,-0.01435613,-0.009793234,-0.0070807086,-0.005129726,-0.003605174,-0.002296675,-0.0011990214,-0.00017422566,0.000718466,0.0016025391,0.0024915612,0.0034130244,0.0043301587,0.005431803,0.0066634305,0.008098015,0.009872803,0.012050408,0.015894298,0.023987604,0.0016025391,2025-12-30,2025-12-26,-0.002322080967224,0.003924620061388967,0.003924620061388967,1.540264262625674e-05,0,1,0.021843642
r2_qqq_calendar,25,3,-0.025450006,-0.015053482,-0.010318898,-0.007488314,-0.0054475567,-0.003830194,-0.0024611414,-0.0013025823,-0.00025467598,0.00068401,0.0016149665,0.0025386624,0.0035048611,0.004467003,0.005620608,0.006931832,0.008453591,0.010343577,0.01267556,0.01677549,0.025421448,0.0016149665,2025-12-31,2025-12-26,-0.0082999674436359,0.009914933989821215,0.009914933989821215,9.830591602251205e-05,0,1,0.022994459
r2_qqq_calendar,25,4,-0.025632335,-0.015044532,-0.010275997,-0.0074409656,-0.0054046586,-0.003815507,-0.0024385117,-0.0012912109,-0.00023035123,0.00071356515,0.0016629696,0.0026185056,0.0036036405,0.0045921607,0.005743322,0.0070421733,0.0085739335,0.010442771,0.012761895,0.016864395,0.02539137,0.0016629696,2026-01-02,2025-12-26,-0.0019389085586393,0.0036018781478726987,0.0036018781478726987,1.2973526192122863e-05,0,1,0.023037892
r2_qqq_calendar,25,5,-0.025284884,-0.014866293,-0.010187105,-0.0074220803,-0.0054369187,-0.0038600625,-0.0025096056,-0.001358336,-0.00029326417,0.0006660294,0.0016142001,0.0025615909,0.0035374276,0.0044973255,0.005648117,0.0069543016,0.008478045,0.010363939,0.012763234,0.016970132,0.025742875,0.0016142001,2026-01-05,2025-12-26,0.0079114894198541,-0.006297289352147694,0.006297289352147694,3.9655853184672724e-05,1,1,0.02295034
r2_qqq_calendar,26,1,-0.022837577,-0.013881567,-0.009631462,-0.0070476057,-0.0051414007,-0.003621785,-0.002332205,-0.001210272,-0.00016754004,0.0007614446,0.0016764208,0.0026006554,0.003553146,0.0044907574,0.005618521,0.0068544038,0.0082849525,0.010023774,0.012173197,0.015900629,0.023520272,0.0016764208,2026-01-06,2026-01-05,0.0087482178168147,-0.007071797019220808,0.007071797019220808,5.001031308106031e-05,1,1,0.02180466
r2_qqq_calendar,26,2,-0.02261385,-0.013738315,-0.00951654,-0.0069301794,-0.005019195,-0.0034976206,-0.002171889,-0.0010471065,1.6991165e-05,0.000956984,0.0018939888,0.0028355094,0.0038028876,0.0047582574,0.0058915857,0.0071385666,0.008559728,0.010286631,0.012373943,0.016051183,0.023546055,0.0018939888,2026-01-07,2026-01-05,0.0009620444420226,0.000931944368457041,0.000931944368457041,8.68520305898793e-07,1,1,0.021890484
r2_qqq_calendar,26,3,-0.023212314,-0.014191329,-0.009893531,-0.007261198,-0.00532528,-0.0037714806,-0.0024357191,-0.0012921639,-0.0002435164,0.0007035622,0.0016475571,0.0025864723,0.0035555772,0.004516455,0.005658215,0.0069416016,0.008409711,0.010221264,0.01244094,0.016328758,0.024228752,0.0016475571,2026-01-08,2026-01-05,-0.0057052436488162,0.007352800780762287,0.007352800780762287,5.4063679321578496e-05,0,1,0.022334471
r2_qqq_calendar,26,4,-0.024099499,-0.014681614,-0.010186154,-0.007446252,-0.0054498217,-0.0038822093,-0.002510562,-0.0013581497,-0.00028963818,0.0006637495,0.0016233972,0.0025929734,0.0035879402,0.0045848642,0.0057432475,0.0070537524,0.008576579,0.010423595,0.012694106,0.016651215,0.024465015,0.0016233972,2026-01-09,2026-01-05,0.0099109548847561,-0.0082875576573794,0.0082875576573794,6.868361192438793e-05,1,1,0.02288026
r2_qqq_calendar,26,5,-0.023874465,-0.0147244865,-0.010312919,-0.0076142345,-0.005639714,-0.00405314,-0.002679421,-0.0014943607,-0.00038829504,0.0006125454,0.0016173739,0.0026211007,0.0036502406,0.004654669,0.005853713,0.00720288,0.00876308,0.010678624,0.013082069,0.017221782,0.025428224,0.0016173739,2026-01-12,2026-01-05,0.0008294056426431,0.0007879682559822738,0.0007879682559822738,6.208939724357462e-07,1,1,0.023394987
r2_qqq_calendar,27,1,-0.019037737,-0.011588123,-0.007947838,-0.0057070814,-0.0040529696,-0.0027346085,-0.001618887,-0.0006643386,0.00021084776,0.000981067,0.0017208257,0.0024709608,0.003253657,0.004037064,0.004989091,0.0060437173,0.007280224,0.0087891035,0.010653987,0.01381807,0.020177837,0.0017208257,2026-01-13,2026-01-12,-0.0014839300044612,0.0032047556803361486,0.0032047556803361486,1.027045897064681e-05,0,1,0.018601824
r2_qqq_calendar,27,2,-0.019317709,-0.011953947,-0.008336497,-0.006096935,-0.004439188,-0.0031146845,-0.0019581188,-0.0009856656,-6.75426e-05,0.0007361105,0.001522081,0.0023190938,0.0031362358,0.003961941,0.004957602,0.006064407,0.0073470217,0.008919517,0.0108174905,0.014061112,0.020540625,0.001522081,2026-01-14,2026-01-12,-0.010740300349678,0.012262381322468718,0.012262381322468718,0.00015036599569762967,0,0,0.019153986
r2_qqq_calendar,27,3,-0.020348962,-0.012679701,-0.008904543,-0.006550774,-0.0048072413,-0.0034034709,-0.002199275,-0.0011702239,-0.0002331693,0.0006132333,0.0014459643,0.0022755377,0.0031317775,0.003992862,0.005027491,0.0061922804,0.007536446,0.009195524,0.011206546,0.014643166,0.021443859,0.0014459643,2026-01-15,2026-01-12,0.0035929980835507,-0.0021470337555373393,0.0021470337555373393,4.609753947416771e-06,1,1,0.020111088
r2_qqq_calendar,27,4,-0.02100977,-0.013015982,-0.00907855,-0.006636835,-0.004844583,-0.0034286175,-0.0021909955,-0.0011572131,-0.00019575714,0.0006605904,0.0015119761,0.0023767673,0.0032671033,0.0041660015,0.0052146837,0.0064005014,0.0077845673,0.00946183,0.0114946235,0.014966558,0.021696424,0.0015119761,2026-01-16,2026-01-12,-0.0008366969035008,0.00234867302635694,0.00234867302635694,5.516264984736667e-06,0,1,0.020573173
r2_qqq_calendar,27,5,-0.02054414,-0.0128084505,-0.008967876,-0.006580052,-0.004821475,-0.0034057708,-0.0021805014,-0.0011363552,-0.00015863217,0.00071651646,0.0015846672,0.0024449471,0.0033339392,0.0042085983,0.0052630194,0.0064594345,0.007837793,0.009529641,0.01163536,0.0151973795,0.022188,0.0015846672,2026-01-20,2026-01-12,-0.0214760784039844,0.02306074565077314,0.02306074565077314,0.0005317979899696523,0,0,0.020603236
r2_qqq_calendar,28,1,-0.027902126,-0.016502624,-0.01112729,-0.007932466,-0.005627591,-0.0037961244,-0.0022430778,-0.00088434364,0.0003830064,0.0015348685,0.0026897977,0.0038499953,0.005033867,0.0061922916,0.0075727603,0.009080112,0.010853273,0.012994679,0.015656563,0.020208715,0.029575149,0.0026897977,2026-01-21,2026-01-20,0.0134278216147505,-0.010738023950689311,0.010738023950689311,0.00011530515836557728,1,1,0.026783854
r2_qqq_calendar,28,2,-0.02913927,-0.017664727,-0.012324697,-0.009131563,-0.00680313,-0.004948613,-0.003322259,-0.0019189928,-0.0005718237,0.00064384023,0.0018706679,0.0031164065,0.0043887524,0.005628531,0.0071014683,0.008737966,0.010625163,0.012897614,0.015618317,0.020357214,0.029681962,0.0018706679,2026-01-22,2026-01-20,0.0072430873870345,-0.00537241947589984,0.00537241947589984,2.8862891025027912e-05,1,1,0.027943015
r2_qqq_calendar,28,3,-0.029001784,-0.017825188,-0.012484028,-0.009266751,-0.0069198385,-0.0050202054,-0.0033714455,-0.0019454552,-0.0006237762,0.00059518276,0.0018401059,0.0030903104,0.00436681,0.005621581,0.007098811,0.008767296,0.010679896,0.013000694,0.015813593,0.020689432,0.030427871,0.0018401059,2026-01-23,2026-01-20,0.0031524465518224,-0.0013123406894656776,0.0013123406894656776,1.7222380852272502e-06,1,1,0.028297622
r2_qqq_calendar,28,4,-0.02810177,-0.01722625,-0.012127029,-0.009080067,-0.0068283416,-0.00501673,-0.0034049149,-0.0020214138,-0.0007139067,0.00048329832,0.0017083562,0.0029529636,0.004222791,0.0054699085,0.0069188364,0.008537766,0.010423031,0.012693059,0.015485996,0.020315377,0.029801251,0.0017083562,2026-01-26,2026-01-20,0.0043904574626665,-0.0026821012647430783,0.0026821012647430783,7.19366719433642e-06,1,1,0.027613025
r2_qqq_calendar,28,5,-0.02760664,-0.01688734,-0.011866966,-0.008874159,-0.0066651716,-0.004865456,-0.003289543,-0.0019188324,-0.0006177805,0.0005780292,0.0017935545,0.003019697,0.0042684227,0.0054775653,0.0069044996,0.008504752,0.010330022,0.01253718,0.015260987,0.019920345,0.029233823,0.0017935545,2026-01-27,2026-01-20,0.0090244412298433,-0.0072308867114714796,0.0072308867114714796,5.228572263413483e-05,1,1,0.027127953
r2_qqq_calendar,29,1,-0.021966128,-0.012562605,-0.008525495,-0.0061237984,-0.004355714,-0.0029538623,-0.0017702576,-0.0007459603,0.00020117365,0.0010368554,0.0018577822,0.00269021,0.0035390723,0.0043669003,0.005357681,0.0064328904,0.007668617,0.00915751,0.010969127,0.014006528,0.020110182,0.0018577822,2026-01-28,2026-01-27,0.0033060597474741,-0.0014482774990664977,0.0014482774990664977,2.0975077143023095e-06,1,1,0.019494623
r2_qqq_calendar,29,2,-0.022043446,-0.012684287,-0.008654066,-0.0062293257,-0.0044383034,-0.0030163564,-0.0017819937,-0.00074186607,0.00023896107,0.0010912949,0.0019416244,0.002793869,0.0036634412,0.004521776,0.005534333,0.006642956,0.007903501,0.009424271,0.011234271,0.014310101,0.020433212,0.0019416244,2026-01-29,2026-01-27,-0.0060032571173296,0.007944881564101638,0.007944881564101638,6.312114306760208e-05,0,1,0.019888338
r2_qqq_calendar,29,3,-0.02318041,-0.01329289,-0.009079698,-0.0065521454,-0.0046933345,-0.0032063378,-0.0019328211,-0.00084651925,0.00014762144,0.0010388172,0.001930029,0.0028103092,0.0037126285,0.004603792,0.005648408,0.006816408,0.008132083,0.009723612,0.011636195,0.0148526495,0.021200124,0.001930029,2026-01-30,2026-01-27,-0.0120835548194642,0.014013583834520988,0.014013583834520988,0.00019638053188714797,0,0,0.020715892
r2_qqq_calendar,29,4,-0.024587126,-0.014162048,-0.009625438,-0.006901408,-0.0049291993,-0.0033934321,-0.0020546569,-0.00093647186,9.8110875e-05,0.0010137663,0.0019335476,0.0028552408,0.0037922123,0.0047249743,0.0058004423,0.0070082033,0.008397481,0.010055386,0.012038115,0.015379884,0.021831654,0.0019335476,2026-02-02,2026-01-27,0.0068429323823859,-0.004909384830642214,0.004909384830642214,2.410205941533988e-05,1,1,0.021663554
r2_qqq_calendar,29,5,-0.024597041,-0.014331154,-0.009849191,-0.007153455,-0.005192513,-0.0036244425,-0.0022707782,-0.0011020513,-1.3666693e-05,0.00097179716,0.001958217,0.0029365006,0.003925602,0.004882637,0.0060145697,0.0072785546,0.008723473,0.01046912,0.012605782,0.016164666,0.023125954,0.001958217,2026-02-03,2026-01-27,-0.0154832450508379,0.01744146205701461,0.01744146205701461,0.0003042045986862803,0,0,0.022454973
r2_qqq_calendar,30,1,-0.030353952,-0.0186659,-0.012846487,-0.0093325,-0.0067947907,-0.004781192,-0.0030777813,-0.0016013896,-0.00023739616,0.0009865756,0.002191007,0.00339696,0.0046451986,0.0058739223,0.00734937,0.008962896,0.0108665805,0.013171341,0.016028086,0.020888764,0.030693887,0.002191007,2026-02-04,2026-02-03,-0.0176234025449109,0.01981440944937884,0.01981440944937884,0.0003926108218276335,0,0,0.028874572
r2_qqq_calendar,30,2,-0.031142373,-0.019486198,-0.013720093,-0.010199688,-0.0076408545,-0.005608835,-0.0038434484,-0.0023327286,-0.0009095902,0.00034825067,0.0015939777,0.0028494003,0.0041531124,0.005431363,0.0069586667,0.008661103,0.010640927,0.013019275,0.015896192,0.020877445,0.030664943,0.0015939777,2026-02-05,2026-02-03,-0.0144999009629112,0.01609387864147837,0.01609387864147837,0.00025901292972663366,0,0,0.029616285
r2_qqq_calendar,30,3,-0.03108517,-0.019572591,-0.013724304,-0.010150174,-0.0075608063,-0.005488745,-0.003711133,-0.0021926377,-0.000813772,0.00042913697,0.001662011,0.0028852148,0.0041627293,0.0054301275,0.0069362046,0.008644772,0.010624518,0.013036188,0.015978115,0.021087753,0.031304907,0.001662011,2026-02-06,2026-02-03,0.0209175553454878,-0.019255544320014324,0.019255544320014324,0.00037077598706003587,1,0,0.029702418
r2_qqq_calendar,30,4,-0.029961104,-0.018729974,-0.01314953,-0.009767092,-0.007294397,-0.00532723,-0.0036031262,-0.002138355,-0.00078152696,0.0004320065,0.0016462142,0.0028679988,0.0041344296,0.0053969123,0.006873483,0.00852977,0.010473828,0.012806245,0.015676636,0.020676592,0.030486451,0.0016462142,2026-02-09,2026-02-03,0.0076309390187482,-0.0059847248539547085,0.0059847248539547085,3.5816931577543205e-05,1,1,0.028826166
r2_qqq_calendar,30,5,-0.02961359,-0.018419113,-0.012861106,-0.009516731,-0.00707939,-0.0051142345,-0.0034149338,-0.0019521855,-0.00058779557,0.0006424582,0.0018556393,0.0030642047,0.0043113832,0.005541909,0.007011402,0.008670899,0.010580301,0.012889719,0.01575436,0.020667061,0.030454157,0.0018556393,2026-02-10,2026-02-03,-0.0046501304869109,0.006505769762074312,0.006505769762074312,4.232504019712045e-05,0,1,0.028615467
r2_qqq_calendar,31,1,-0.025108662,-0.014883755,-0.010315857,-0.0075798403,-0.005573878,-0.003964476,-0.0025903657,-0.0013860908,-0.0002600496,0.0007556605,0.0017705675,0.0027961624,0.0038445164,0.0048646936,0.006088689,0.007419774,0.008963846,0.010827372,0.013139138,0.017111499,0.025469156,0.0017705675,2026-02-11,2026-02-10,0.0026785246318274,-0.0009079571336575607,0.0009079571336575607,8.243861565596536e-07,1,1,0.023454994
r2_qqq_calendar,31,2,-0.024792286,-0.014615283,-0.010117045,-0.007403878,-0.005401427,-0.0037987274,-0.0023945752,-0.0011885553,-3.732991e-05,0.0009908412,0.0020282604,0.0030790744,0.0041517774,0.005197517,0.006433422,0.00779188,0.009336044,0.011203951,0.013452878,0.01739363,0.025679408,0.0020282604,2026-02-12,2026-02-10,-0.0205485919210974,0.02257685230112708,0.02257685230112708,0.0005097142598269071,0,0,0.023569923
r2_qqq_calendar,31,3,-0.025354512,-0.015075157,-0.0105270455,-0.007806868,-0.005812095,-0.004194941,-0.0027878522,-0.0015655385,-0.00043183018,0.00060386915,0.0016557074,0.0027013333,0.0037705651,0.0048202416,0.0060604685,0.007450947,0.009038247,0.010990068,0.013382911,0.017554343,0.026260428,0.0016557074,2026-02-13,2026-02-10,0.0021287806931436,-0.0004730733245164095,0.0004730733245164095,2.2379837036900807e-07,1,1,0.023909956
r2_qqq_calendar,31,4,-0.02619583,-0.015423401,-0.010636262,-0.007788992,-0.00571503,-0.004069769,-0.002617924,-0.0013852924,-0.00023243378,0.00080908684,0.0018688466,0.0029461351,0.0040434296,0.005130934,0.006388018,0.0078013344,0.009437588,0.011411706,0.013821174,0.017993648,0.026481396,0.0018688466,2026-02-17,2026-02-10,-0.0010306544570979,0.002899501050522578,0.002899501050522578,8.407106341981534e-06,0,1,0.024457436
r2_qqq_calendar,31,5,-0.026165359,-0.015530494,-0.010833649,-0.008025956,-0.0059500705,-0.0042665126,-0.0027989359,-0.0015167255,-0.00030347798,0.0008120313,0.0019410342,0.0030721081,0.0042210314,0.005333762,0.0066503584,0.008125303,0.009823861,0.011885512,0.014439347,0.018792382,0.027614776,0.0019410342,2026-02-18,2026-02-10,0.00743942737277,-0.005498393151679624,0.005498393151679624,3.0232327250437386e-05,1,1,0.025272995
r2_qqq_calendar,32,1,-0.02544777,-0.015128453,-0.010455247,-0.0076415776,-0.0055808676,-0.003933651,-0.0025272141,-0.0012933125,-0.00014199538,0.0008984081,0.0019390623,0.002989646,0.00406428,0.005124658,0.0063901297,0.007770628,0.009365277,0.0113037545,0.013677998,0.017693372,0.025607882,0.0019390623,2026-02-19,2026-02-18,-0.0038370280008004,0.00577609026275435,0.00577609026275435,3.336321872348561e-05,0,1,0.024133246
r2_qqq_calendar,32,2,-0.02469316,-0.01461562,-0.010042715,-0.007270125,-0.005232606,-0.0036076074,-0.0021867065,-0.0009680662,0.00019242335,0.0012246605,0.0022588382,0.0033000042,0.0043672286,0.005409711,0.0066341236,0.007985985,0.009518948,0.011368081,0.013577674,0.017393857,0.024911677,0.0022588382,2026-02-20,2026-02-18,0.0088099573780797,-0.0065511192237041466,0.0065511192237041466,4.2917163083186017e-05,1,1,0.02362039
r2_qqq_calendar,32,3,-0.02485021,-0.014800193,-0.010231699,-0.0074785384,-0.0054710316,-0.0038623218,-0.0024814603,-0.0012942629,-0.00020372373,0.0007830926,0.0017706917,0.0027477134,0.0037540635,0.0047532194,0.0059347125,0.007262749,0.0087779295,0.010642988,0.012919935,0.016838145,0.024661707,0.0017706917,2026-02-23,2026-02-18,-0.0122294359375665,0.01400012765088473,0.01400012765088473,0.00019600357424106717,0,0,0.023151634
r2_qqq_calendar,32,4,-0.025323348,-0.014976037,-0.010280029,-0.007465131,-0.0054344973,-0.0038414393,-0.0024460265,-0.0012758581,-0.0001922776,0.00076845643,0.0017270132,0.0026950666,0.003685784,0.0046789823,0.0058354973,0.0071492144,0.008668829,0.01051059,0.012770577,0.016675394,0.024328554,0.0017270132,2026-02-24,2026-02-18,0.0106842149453879,-0.00895720179515785,0.00895720179515785,8.023146399917903e-05,1,1,0.023050606
r2_qqq_calendar,32,5,-0.025124501,-0.015003963,-0.010378474,-0.007605043,-0.0055910232,-0.003980858,-0.0025903482,-0.0013921799,-0.00027795864,0.0007305075,0.0017395115,0.0027445473,0.0037713952,0.0047717053,0.0059687165,0.007321983,0.008885103,0.010805011,0.013216224,0.017316805,0.025324037,0.0017395115,2026-02-25,2026-02-18,0.014389206171659,-0.01264969467247761,0.01264969467247761,0.00016001477530690843,1,0,0.023594698
r2_qqq_calendar,33,1,-0.026014933,-0.016096743,-0.011315552,-0.008403405,-0.0062387795,-0.0045039346,-0.0030198316,-0.0017129342,-0.00048405875,0.0006256571,0.0017369875,0.002856141,0.003999816,0.005127556,0.0064679105,0.007925315,0.009603904,0.0116229085,0.014086929,0.018219085,0.026383938,0.0017369875,2026-02-26,2026-02-25,-0.0121379912336784,0.01387497873226726,0.01387497873226726,0.0001925150348208688,0,0,0.02540248
r2_qqq_calendar,33,2,-0.025347725,-0.015662309,-0.010987554,-0.008109647,-0.0059679803,-0.0042514126,-0.0027494486,-0.0014584087,-0.00022116926,0.0008738397,0.0019765976,0.0030827192,0.004213603,0.005318383,0.006619468,0.0080514485,0.009682103,0.011639449,0.013974398,0.017960148,0.025793668,0.0019765976,2026-02-27,2026-02-25,-0.0032058888467913,0.005182486435300621,0.005182486435300621,2.685816565207494e-05,0,1,0.024961952
r2_qqq_calendar,33,3,-0.025242638,-0.015595079,-0.010928027,-0.008070671,-0.0059621097,-0.0042655715,-0.0028072004,-0.0015538157,-0.00040246884,0.00063545845,0.0016779772,0.0027169837,0.0037899269,0.0048601846,0.00612769,0.0075552827,0.00918329,0.011177374,0.013585016,0.017646478,0.025599536,0.0016779772,2026-03-02,2026-02-25,0.0013165290300355,0.0003614481239958959,0.0003614481239958959,1.3064474634015254e-07,1,1,0.024513043
r2_qqq_calendar,33,4,-0.025557721,-0.015829137,-0.0111408355,-0.008280432,-0.0061803414,-0.0045155976,-0.003046588,-0.0018064097,-0.000645907,0.0003898661,0.0014359741,0.002492982,0.0035696286,0.0046492973,0.0058993576,0.0073101,0.008938224,0.010894064,0.013267035,0.017288348,0.025059687,0.0014359741,2026-03-03,2026-02-25,-0.0107633106296413,0.012199284776812083,0.012199284776812083,0.00014882254906575904,0,1,0.024407871
r2_qqq_calendar,33,5,-0.02523433,-0.01569281,-0.011077601,-0.008255043,-0.0061758384,-0.004502156,-0.00305265,-0.0018058113,-0.0006385542,0.00042146043,0.0014875708,0.0025548157,0.0036443798,0.004706593,0.0059705335,0.0073905396,0.009021586,0.011002576,0.013446494,0.017526485,0.025485592,0.0014875708,2026-03-04,2026-02-25,0.0151281458914152,-0.013640575076626858,0.013640575076626858,0.0001860652884210938,1,0,0.024524096
r2_qqq_calendar,34,1,-0.026033154,-0.016163733,-0.011555644,-0.008737493,-0.006632266,-0.0049290485,-0.0034628264,-0.002170638,-0.0009501537,0.00016322371,0.0012758777,0.0024095108,0.0035700703,0.0047042537,0.006053945,0.007527335,0.009221984,0.011267658,0.013770092,0.018054822,0.026685325,0.0012758777,2026-03-05,2026-03-04,-0.0030173828003607,0.004293260501479289,0.004293260501479289,1.8432085733562193e-05,0,1,0.025325736
r2_qqq_calendar,34,2,-0.025498325,-0.015558222,-0.010943543,-0.008111209,-0.0059944075,-0.004293541,-0.002795612,-0.0015089097,-0.0002782442,0.00082445977,0.00193285,0.0030570163,0.00419809,0.005321706,0.0066427533,0.0080898125,0.009734768,0.011719078,0.014097411,0.018230062,0.026507745,0.00193285,2026-03-06,2026-03-04,-0.0151574814026373,0.017090331393772598,0.017090331393772598,0.00029207942714896924,0,0,0.025040954
r2_qqq_calendar,34,3,-0.025467241,-0.015551761,-0.010956805,-0.008141464,-0.006059858,-0.004377014,-0.00291574,-0.0016552245,-0.0004913934,0.00056669576,0.0016368877,0.0027101738,0.0038126637,0.0049113454,0.006207898,0.007662376,0.009326428,0.0113604795,0.013830824,0.018100964,0.02660632,0.0016368877,2026-03-09,2026-03-04,0.0132671971453655,-0.011630309477664852,0.011630309477664852,0.0001352640985462609,1,1,0.024787629
r2_qqq_calendar,34,4,-0.025751777,-0.015638413,-0.010897297,-0.008000577,-0.005869762,-0.0041840677,-0.0026965903,-0.0014366957,-0.00025926577,0.00078903383,0.0018405784,0.0029120177,0.004004768,0.0051029352,0.0063785543,0.00782009,0.009484906,0.011481049,0.013919851,0.01812933,0.026425974,0.0018405784,2026-03-10,2026-03-04,1.6508684927659008e-05,0.0018240697072203589,0.0018240697072203589,3.327230296798966e-06,1,1,0.024817148
r2_qqq_calendar,34,5,-0.026006805,-0.016002402,-0.011299226,-0.008436561,-0.006329668,-0.0046312166,-0.003149676,-0.0018637804,-0.0006513962,0.0004541363,0.0015760898,0.0027058788,0.0038688153,0.005001671,0.0063516013,0.007861382,0.009589687,0.011683172,0.014283616,0.018703137,0.027372828,0.0015760898,2026-03-11,2026-03-04,-0.0001316744104464,0.0017077641763229316,0.0017077641763229316,2.916458481931941e-06,0,1,0.025582843
r2_qqq_calendar,35,1,-0.02749772,-0.016459934,-0.01124543,-0.008133452,-0.0058999523,-0.0041319747,-0.002627301,-0.0013212351,-0.000107370026,0.0009748001,0.0020402241,0.003108542,0.0042071743,0.005278894,0.0065594404,0.0079528615,0.009570687,0.011517985,0.013911951,0.017956672,0.025992714,0.0020402241,2026-03-12,2026-03-11,-0.017312295522057,0.01935251967188019,0.01935251967188019,0.0003745200176505097,0,0,0.02515738
r2_qqq_calendar,35,2,-0.02838819,-0.017109817,-0.011818532,-0.008644647,-0.0063595995,-0.0045543876,-0.0029886076,-0.001650489,-0.00037885527,0.00074489973,0.0018594862,0.0029858067,0.004136262,0.005256715,0.0065828497,0.008048024,0.009729369,0.011748506,0.014148003,0.018257447,0.026243014,0.0018594862,2026-03-13,2026-03-11,-0.0059448319508432,0.007804318170316384,0.007804318170316384,6.090738210353047e-05,0,1,0.025966536
r2_qqq_calendar,35,3,-0.028290402,-0.017195825,-0.011897403,-0.008712863,-0.0064219823,-0.004591473,-0.0030221683,-0.0016784292,-0.00045464013,0.0006471882,0.0017380592,0.0028218087,0.003942284,0.005051315,0.00636463,0.007845019,0.009544673,0.011605598,0.01408739,0.018309062,0.026477735,0.0017380592,2026-03-16,2026-03-11,0.0111550227168346,-0.009416963498793,0.009416963498793,8.86792015375997e-05,1,1,0.025984794
r2_qqq_calendar,35,4,-0.027870981,-0.016858548,-0.011697234,-0.008612802,-0.0063857366,-0.0046165986,-0.0030643907,-0.001748498,-0.00052694045,0.0005614537,0.0016376795,0.0027160817,0.003817502,0.004922706,0.006206328,0.007651784,0.009337873,0.011345226,0.013795138,0.018026518,0.026106678,0.0016376795,2026-03-17,2026-03-11,0.0048683691413103,-0.003230689616590585,0.003230689616590585,1.0437355398746221e-05,1,1,0.025492372
r2_qqq_calendar,35,5,-0.02803992,-0.016971208,-0.011799304,-0.008723627,-0.0064914343,-0.0047013643,-0.0031570261,-0.001822584,-0.000578103,0.0005497276,0.0016683923,0.0027805357,0.0039219377,0.0050339554,0.006351793,0.007821483,0.009505279,0.011534052,0.0140550025,0.01833477,0.02656943,0.0016683923,2026-03-18,2026-03-11,-0.0140377489975822,0.01570614132892162,0.01570614132892162,0.00024668287544405977,0,0,0.025854306
r2_qqq_calendar,36,1,-0.027946115,-0.016835086,-0.011554308,-0.008352258,-0.006017533,-0.00416284,-0.0025930016,-0.0012233672,4.6142144e-05,0.0011804013,0.002301386,0.0034186342,0.0045620897,0.0056725442,0.006999343,0.008423536,0.010075782,0.012065327,0.014524433,0.01863377,0.02717578,0.002301386,2026-03-19,2026-03-18,-0.0031652646492486,0.005466650741106749,0.005466650741106749,2.9884270325242968e-05,0,1,0.026078742
r2_qqq_calendar,36,2,-0.029102037,-0.018035986,-0.012836889,-0.009665524,-0.0073289373,-0.005464562,-0.0038319835,-0.0024281244,-0.0010893806,0.00010302619,0.0012989147,0.0024967834,0.0037164153,0.004905343,0.0063074003,0.0078415545,0.009604866,0.011722614,0.014270877,0.01860831,0.02735217,0.0012989147,2026-03-20,2026-03-18,-0.0186546281476399,0.019953542811133533,0.019953542811133533,0.0003981438707157387,0,0,0.027107768
r2_qqq_calendar,36,3,-0.02862611,-0.0178077,-0.012587535,-0.0093762735,-0.007008368,-0.0050982903,-0.0034479308,-0.0020199688,-0.00070604595,0.00048464022,0.0016755369,0.0028555337,0.0040553943,0.005227464,0.0065985476,0.008124086,0.009866567,0.011981216,0.014555459,0.018956011,0.02804917,0.0016755369,2026-03-23,2026-03-18,0.0114135876008421,-0.00973805074478684,0.00973805074478684,9.482963230804353e-05,1,1,0.027142994
r2_qqq_calendar,36,4,-0.028623903,-0.017858282,-0.012669839,-0.009482031,-0.007126064,-0.005243787,-0.003579176,-0.0021572653,-0.0008269003,0.0003693333,0.0015764341,0.0027847975,0.0040135765,0.0052244794,0.0066142892,0.00815322,0.009932452,0.012050079,0.014619232,0.01900502,0.027913991,0.0015764341,2026-03-24,2026-03-18,-0.0068602769430481,0.008436711065446596,0.008436711065446596,7.117809360182903e-05,0,1,0.02728907
r2_qqq_calendar,36,5,-0.028070617,-0.01745966,-0.012346828,-0.009229391,-0.006927545,-0.005055824,-0.0034208377,-0.0019949444,-0.0006533394,0.0005607549,0.0017755821,0.0029863303,0.004209668,0.005391633,0.00677392,0.00830724,0.010050875,0.012133841,0.014691534,0.019006414,0.027833553,0.0017755821,2026-03-25,2026-03-18,0.0065540954417512,-0.0047785133535936655,0.0047785133535936655,2.283418987047298e-05,1,1,0.027038362
r2_qqq_calendar,37,1,-0.024383573,-0.014568163,-0.010275905,-0.007680896,-0.005760126,-0.004215793,-0.002893757,-0.0017253036,-0.00062753516,0.00036676571,0.0013625413,0.0023777876,0.0034040953,0.004396651,0.0055763535,0.006848019,0.00829955,0.010044025,0.012174934,0.01574487,0.022812368,0.0013625413,2026-03-26,2026-03-25,-0.0241573889130316,0.025519930254254423,0.025519930254254423,0.0006512668401820102,0,0,0.022450838
r2_qqq_calendar,37,2,-0.024215488,-0.014511122,-0.0102446545,-0.0076319952,-0.00568308,-0.00411282,-0.002729143,-0.0015338346,-0.00038684905,0.0006438837,0.001682941,0.0027285633,0.0037806928,0.0048055984,0.0060056495,0.007304953,0.008773226,0.010536115,0.012636507,0.016219743,0.02332666,0.001682941,2026-03-27,2026-03-25,-0.019730019448686,0.021412960435624774,0.021412960435624774,0.00045851487461763193,0,0,0.022881161
r2_qqq_calendar,37,3,-0.025309093,-0.015225546,-0.010818737,-0.008115603,-0.0061198263,-0.0044997646,-0.0030950294,-0.0018731238,-0.0007417101,0.00029548132,0.0013496135,0.0024009454,0.0034640436,0.0045038178,0.0057225334,0.007066255,0.008590439,0.010434491,0.0126705505,0.016443465,0.02388209,0.0013496135,2026-03-30,2026-03-25,-0.0076727321425188,0.009022345678668064,0.009022345678668064,8.140272154538028e-05,0,1,0.023489287
r2_qqq_calendar,37,4,-0.026086114,-0.015579645,-0.010917245,-0.008068117,-0.005987706,-0.004345112,-0.0028993092,-0.0016721691,-0.0005272558,0.00050173956,0.001541106,0.002589718,0.0036470136,0.0046913624,0.0058861054,0.007222726,0.008751014,0.010580745,0.01280163,0.016564539,0.023905063,0.001541106,2026-03-31,2026-03-25,0.0332934747441379,-0.03175236871379294,0.03175236871379294,0.0010082129189366567,1,0,0.023718875
r2_qqq_calendar,37,5,-0.025930703,-0.01573869,-0.011154469,-0.008357483,-0.0063097873,-0.004660778,-0.0032293322,-0.001979723,-0.00080413406,0.00026898357,0.0013556108,0.0024416666,0.0035415143,0.004596369,0.005835171,0.0072084577,0.008768677,0.010651876,0.012987837,0.01691814,0.024638362,0.0013556108,2026-04-01,2026-03-25,0.0122775210759136,-0.0109219102880451,0.0109219102880451,0.00011928812434010539,1,1,0.024142306
r2_qqq_calendar,38,1,-0.03246729,-0.018787922,-0.012725556,-0.009160883,-0.006586686,-0.0045425226,-0.0028065073,-0.0012737073,0.00015879047,0.0014529701,0.002756803,0.0040657665,0.0053907745,0.006684592,0.008220636,0.009885312,0.011834951,0.014214588,0.017201798,0.022400402,0.033451118,0.002756803,2026-04-02,2026-04-01,0.001145970701089,0.0016108323625867612,0.0016108323625867612,2.594780900356847e-06,1,1,0.029927354
r2_qqq_calendar,38,2,-0.032834526,-0.019346548,-0.013394784,-0.009891152,-0.0073354254,-0.005301965,-0.0035216177,-0.0019691791,-0.00048153388,0.0008542441,0.0022024382,0.0035634537,0.004947333,0.006290145,0.007866299,0.009603137,0.011584675,0.013985409,0.0168858,0.022053039,0.032844406,0.0022024382,2026-04-06,2026-04-01,0.0059993334915025,-0.0037968953009230857,0.0037968953009230857,1.441641392617181e-05,1,1,0.030280584
r2_qqq_calendar,38,3,-0.03546812,-0.021757254,-0.015612109,-0.01197059,-0.009338172,-0.0072235754,-0.0053995755,-0.003812685,-0.0023495045,-0.0010163684,0.0003306066,0.0016521972,0.0029898677,0.0043074638,0.005850834,0.0075583565,0.009520023,0.011937205,0.014940653,0.020315228,0.03182927,0.0003306066,2026-04-07,2026-04-01,0.0001529255739752,0.0001776810179125721,0.0001776810179125721,3.1570544126447764e-08,1,1,0.030552762
r2_qqq_calendar,38,4,-0.033541873,-0.02030123,-0.014444881,-0.010973581,-0.00844091,-0.006414467,-0.0046185846,-0.0030772812,-0.0016251185,-0.00031622825,0.0010019211,0.002324365,0.003651556,0.0049624364,0.006482841,0.008183706,0.010167249,0.012572373,0.015569037,0.020927466,0.032127526,0.0010019211,2026-04-08,2026-04-01,0.0292986165485728,-0.028296695415434562,0.028296695415434562,0.0008007029714338753,1,0,0.030013919
r2_qqq_calendar,38,5,-0.032700304,-0.019540407,-0.013723848,-0.010308328,-0.0078129005,-0.0057940837,-0.004036862,-0.0024933957,-0.0010308388,0.0003093713,0.0016672967,0.003020907,0.0043777516,0.0056850947,0.007222113,0.008940035,0.010918993,0.013364199,0.016451785,0.021887485,0.033256974,0.0016672967,2026-04-09,2026-04-01,0.0067419281026438,-0.0050746313558980944,0.0050746313558980944,2.575188339826413e-05,1,1,0.030175634
r2_qqq_calendar,39,1,-0.02634828,-0.015359502,-0.010167055,-0.007082461,-0.0048666284,-0.0031291922,-0.0016741785,-0.00042324205,0.0007216098,0.0017380263,0.0027161348,0.0036828332,0.004694521,0.005706108,0.006934745,0.008272879,0.0098524215,0.011779148,0.014189232,0.018414054,0.027913295,0.0027161348,2026-04-10,2026-04-09,0.0014411254517957,0.0012750093161836835,0.0012750093161836835,1.6256487563551842e-06,1,1,0.024356287
r2_qqq_calendar,39,2,-0.026771562,-0.016106024,-0.0110311415,-0.00799977,-0.005808175,-0.00408526,-0.0025977173,-0.0013355629,-0.0001474428,0.0008925692,0.0019152386,0.0029336268,0.003988795,0.005039791,0.0062980056,0.0077031357,0.009330236,0.011318266,0.01374345,0.018085988,0.027591903,0.0019152386,2026-04-13,2026-04-09,0.0102893746103027,-0.0083741360454687,0.0083741360454687,7.012615450801817e-05,1,1,0.024774592
r2_qqq_calendar,39,3,-0.027463779,-0.016622847,-0.01144032,-0.008340213,-0.0060941353,-0.0043151667,-0.0028026332,-0.0015108271,-0.00033574714,0.00071565935,0.001749947,0.002773781,0.003842471,0.0049106455,0.006184219,0.0076268134,0.009291535,0.011338721,0.01386314,0.01834429,0.02821704,0.001749947,2026-04-14,2026-04-09,0.017994109443091,-0.016244162474461043,0.016244162474461043,0.0002638728144966883,1,0,0.02530346
r2_qqq_calendar,39,4,-0.028177362,-0.017127777,-0.011853594,-0.00870088,-0.006429948,-0.0046458174,-0.0030917122,-0.0017868704,-0.000577894,0.00048921106,0.0015520813,0.0026201515,0.0037255762,0.0048413416,0.006152845,0.007633427,0.009367154,0.011463625,0.01405308,0.018646345,0.028494509,0.0015520813,2026-04-15,2026-04-09,0.0139023813809591,-0.012350300063318258,0.012350300063318258,0.00015252991165399897,1,1,0.025906675
r2_qqq_calendar,39,5,-0.028742166,-0.017566467,-0.012222997,-0.009034758,-0.0067313337,-0.0049024,-0.0033296575,-0.0019857064,-0.0007384647,0.0003886394,0.0015086778,0.0026258375,0.0037792062,0.004915977,0.006275677,0.0078111524,0.009590139,0.011754996,0.01449081,0.01928885,0.029550709,0.0015086778,2026-04-16,2026-04-09,0.0048048162885672,-0.00329613844460906,0.00329613844460906,1.0864528646029834e-05,1,1,0.026713807
r2_qqq_calendar,40,1,-0.025164418,-0.015199377,-0.010598949,-0.0078042825,-0.0057428717,-0.004104419,-0.0027136144,-0.0014962929,-0.0003669883,0.00062290626,0.001588469,0.002555438,0.0035313284,0.004467611,0.0055761132,0.006747704,0.008073741,0.009638626,0.011514871,0.014536871,0.020450696,0.001588469,2026-04-17,2026-04-16,0.0129992647527287,-0.011410795730775058,0.011410795730775058,0.00013020625920947429,1,0,0.02211382
r2_qqq_calendar,40,2,-0.025189307,-0.015242805,-0.010620448,-0.0077830846,-0.00567904,-0.0040060324,-0.002556795,-0.0013196354,-0.00016213034,0.0008426644,0.0018374289,0.002813415,0.0038037903,0.004760785,0.005872164,0.0070621665,0.008391022,0.009955558,0.011789601,0.014762397,0.02055588,0.0018374289,2026-04-20,2026-04-16,-0.0031798994389941,0.005017328331025412,0.005017328331025412,2.5173583581310244e-05,0,1,0.02241005
r2_qqq_calendar,40,3,-0.02637713,-0.015969967,-0.01116573,-0.008196809,-0.006009004,-0.0042608986,-0.0027630571,-0.0014802315,-0.00031519373,0.00072057184,0.0017406894,0.002732325,0.00374179,0.0047212183,0.0058528273,0.0070877783,0.008448207,0.010049796,0.011940202,0.014983458,0.020867037,0.0017406894,2026-04-21,2026-04-16,-0.003810612297942,0.005551301687349635,0.005551301687349635,3.0816950423970907e-05,0,1,0.02310593
r2_qqq_calendar,40,4,-0.027935239,-0.016974142,-0.011777416,-0.008575271,-0.006256004,-0.0044498104,-0.0028777078,-0.0015654189,-0.0003639112,0.000684697,0.0017236446,0.00274541,0.0037756755,0.0047856476,0.005934142,0.0071910755,0.008612918,0.01026059,0.012200536,0.015352845,0.02145419,0.0017236446,2026-04-22,2026-04-16,0.0165921773583235,-0.014868532801845833,0.014868532801845833,0.0002210732676795655,1,0,0.023977952
r2_qqq_calendar,40,5,-0.027796313,-0.017178359,-0.012072828,-0.00893567,-0.006648566,-0.004830009,-0.0032584453,-0.0018972945,-0.0006411379,0.00048211947,0.0015852416,0.0026624145,0.0037355635,0.0047599087,0.005954792,0.0072645233,0.00874487,0.01048598,0.012595874,0.015996078,0.02267578,0.0015852416,2026-04-23,2026-04-16,-0.0056486029959206,0.0072338446359072345,0.0072338446359072345,5.232850821644387e-05,0,1,0.024668701
r2_qqq_calendar,41,1,-0.031110197,-0.01881307,-0.012869432,-0.009330932,-0.0068089007,-0.004828209,-0.0031650364,-0.0017270746,-0.00039852707,0.00077357143,0.0019169208,0.0030517725,0.004211932,0.0053481944,0.006709103,0.008172522,0.00987174,0.01193173,0.014461869,0.018749747,0.027450584,0.0019169208,2026-04-24,2026-04-23,0.0189468573480601,-0.0170299365818257,0.0170299365818257,0.00029001873998100525,1,0,0.0273313
r2_qqq_calendar,41,2,-0.03150225,-0.019275887,-0.013339791,-0.009781732,-0.007236386,-0.005242008,-0.0035279682,-0.002067967,-0.0007016131,0.00050100306,0.001690596,0.00287097,0.004081903,0.005266456,0.0066574547,0.008171689,0.009902459,0.011975326,0.014463652,0.018725965,0.027462885,0.001690596,2026-04-27,2026-04-23,0.0005270551084132,0.0011635408844276264,0.0011635408844276264,1.3538273897346232e-06,1,1,0.027803443
r2_qqq_calendar,41,3,-0.032123182,-0.019794414,-0.013754563,-0.010095764,-0.007484674,-0.0054207463,-0.0036743223,-0.0021847424,-0.0008362886,0.00036822757,0.0015559047,0.0027198396,0.0039177365,0.005103187,0.0064909407,0.008036866,0.009794501,0.011923956,0.014517989,0.018972442,0.028106222,0.0015559047,2026-04-28,2026-04-23,-0.0101076702269595,0.011663574973015104,0.011663574973015104,0.00013603898115114427,0,1,0.028272552
r2_qqq_calendar,41,4,-0.032560244,-0.02035022,-0.014335325,-0.010691508,-0.008080913,-0.006041709,-0.004267343,-0.0027700341,-0.0013845102,-0.00015560666,0.0010603886,0.0022676392,0.0034957172,0.004711456,0.006118159,0.007672247,0.009468001,0.011610771,0.014222026,0.018798225,0.028073797,0.0010603886,2026-04-29,2026-04-23,0.00609495624219,-0.005034567609139976,0.005034567609139976,2.534687101100141e-05,1,1,0.02855735
r2_qqq_calendar,41,5,-0.03260989,-0.020324094,-0.014176759,-0.010496005,-0.007886762,-0.0058271466,-0.0040696426,-0.002567391,-0.0011790623,6.634643e-05,0.0012888793,0.002498812,0.0037214227,0.0049185227,0.006337275,0.007919489,0.00972791,0.011907874,0.0146414535,0.01934727,0.028981712,0.0012888793,2026-04-30,2026-04-23,0.0092830500147749,-0.007994170701268713,0.007994170701268713,6.390676520102312e-05,1,1,0.028818212
r2_qqq_calendar,42,1,-0.028896777,-0.017328506,-0.011901112,-0.008667817,-0.006334316,-0.0044961986,-0.0029446436,-0.0016122488,-0.00038623868,0.0007000287,0.0017488978,0.0028042556,0.0038915335,0.0049553444,0.0062262528,0.007606623,0.009196661,0.011106944,0.013444969,0.017419733,0.025951818,0.0017488978,2026-05-01,2026-04-30,0.0095538390947103,-0.007804941260960648,0.007804941260960648,6.091710808704599e-05,1,1,0.025346082
r2_qqq_calendar,42,2,-0.028610472,-0.017188,-0.011731406,-0.008448565,-0.0060766446,-0.0042091925,-0.0026045698,-0.0012587062,-8.987146e-06,0.0010801335,0.0021389243,0.0031950064,0.004274763,0.005343486,0.00661041,0.007999122,0.009573984,0.011457328,0.013730639,0.017663153,0.026104407,0.0021389243,2026-05-04,2026-04-30,-0.0018856450433876,0.004024569362684675,0.004024569362684675,1.6197158555060134e-05,0,1,0.025462044
r2_qqq_calendar,42,3,-0.030772798,-0.018828958,-0.013106367,-0.009629529,-0.007121983,-0.005132401,-0.0034408653,-0.0020066663,-0.0007067947,0.00046189202,0.0016077817,0.0027416963,0.0039105564,0.0050718775,0.0064482135,0.007987775,0.009737776,0.011856569,0.014431499,0.01882769,0.028089147,0.0016077817,2026-05-05,2026-04-30,0.0128906114414483,-0.011282829699680178,0.011282829699680178,0.0001273022460319851,1,1,0.027537866
r2_qqq_calendar,42,4,-0.032176193,-0.019847194,-0.013948838,-0.0103586055,-0.0077630877,-0.005711944,-0.0039169383,-0.0023934145,-0.00097407366,0.00028743607,0.0015353402,0.0027710139,0.004035718,0.005287459,0.006738055,0.008357892,0.010225197,0.01244996,0.015140798,0.019749587,0.02928813,0.0015353402,2026-05-06,2026-04-30,0.0205615200524752,-0.019026179840189682,0.019026179840189682,0.00036199551931124027,1,0,0.029089637
r2_qqq_calendar,42,5,-0.03341678,-0.020684907,-0.014484989,-0.010737175,-0.008049783,-0.0059112464,-0.0040738913,-0.0025019797,-0.0010445636,0.0002678443,0.00156439,0.0028475753,0.004165873,0.005447854,0.006971917,0.008667847,0.010595218,0.012901483,0.015716147,0.020446558,0.030361036,0.00156439,2026-05-07,2026-04-30,-0.0011936533232645,0.0027580433492974247,0.0027580433492974247,7.606803116603756e-06,0,1,0.030201137
r2_qqq_calendar,43,1,-0.028326152,-0.015971184,-0.010708798,-0.007668321,-0.0055318745,-0.0038690993,-0.0024751208,-0.0012724255,-0.00016278273,0.00082091347,0.001783541,0.002751659,0.0037314747,0.004676953,0.0058038896,0.00700849,0.008394153,0.010062723,0.012121343,0.015602382,0.023169741,0.001783541,2026-05-08,2026-05-07,0.0231703225493159,-0.021386781494851022,0.021386781494851022,0.0004573944227085021,1,0,0.02283014
r2_qqq_calendar,43,2,-0.029374458,-0.016753478,-0.011392589,-0.0082718255,-0.006069741,-0.0043503772,-0.0028840404,-0.0016347349,-0.0004674464,0.0005591336,0.0015807674,0.0025978307,0.0036282032,0.004631683,0.0058144648,0.0071001016,0.008577137,0.010358543,0.012504178,0.016149908,0.023943258,0.0015807674,2026-05-11,2026-05-07,0.0028922052917906,-0.0013114378418677404,0.0013114378418677404,1.7198692130827164e-06,1,1,0.023896767
r2_qqq_calendar,43,3,-0.029632796,-0.016882783,-0.01145588,-0.008273631,-0.0060350075,-0.0042690635,-0.0027786368,-0.0015024471,-0.00034651335,0.0006998208,0.0017413073,0.0027610825,0.0037980967,0.0048117074,0.0060027447,0.007318467,0.008813197,0.010629803,0.0128413215,0.016544705,0.024596227,0.0017413073,2026-05-12,2026-05-07,-0.0085179658852257,0.010259273207161593,0.010259273207161593,0.00010525268673918371,0,1,0.0242972
r2_qqq_calendar,43,4,-0.029678123,-0.01666097,-0.011086498,-0.007818612,-0.005541493,-0.0037817156,-0.0022680783,-0.0010112342,0.00013648788,0.0011477736,0.0021510068,0.0031469874,0.0041501857,0.0051466553,0.006286296,0.0075475555,0.008996217,0.010729426,0.012836919,0.016425341,0.024180753,0.0021510068,2026-05-13,2026-05-07,0.0105068698110206,-0.00835586297830175,0.00835586297830175,6.98204461121538e-05,1,1,0.023923418
r2_qqq_calendar,43,5,-0.028890235,-0.016473064,-0.01113628,-0.008008003,-0.0058096303,-0.004073878,-0.002593636,-0.0013317077,-0.00017130864,0.0008715411,0.0018991441,0.002908051,0.0039243503,0.0049086814,0.006071374,0.007358485,0.008829693,0.010609085,0.0128263915,0.016568858,0.024728984,0.0018991441,2026-05-14,2026-05-07,0.0070825214082421,-0.005183377261650675,0.005183377261650675,2.6867399836597254e-05,1,1,0.023962673
r2_qqq_calendar,44,1,-0.02730258,-0.015842484,-0.01079729,-0.0078104394,-0.0056304396,-0.0039127073,-0.002458224,-0.0011925808,-1.7772662e-05,0.0010295204,0.002066526,0.003109058,0.004159182,0.0051754313,0.0063833375,0.007678017,0.009166418,0.010971909,0.013194206,0.01701833,0.02527817,0.002066526,2026-05-15,2026-05-14,-0.0152026334230975,0.017269159519411693,0.017269159519411693,0.0002982238705068875,0,0,0.023991495
r2_qqq_calendar,44,2,-0.026894229,-0.015393336,-0.010252593,-0.0071708565,-0.004926164,-0.0031581162,-0.00163226,-0.0003418828,0.0008667131,0.0019314259,0.0029978664,0.004048178,0.0051197032,0.006163425,0.007381349,0.00871455,0.0102200275,0.0120387,0.014241677,0.018087275,0.026454309,0.0029978664,2026-05-18,2026-05-14,-0.0043115963146612,0.007309462680719788,0.007309462680719788,5.342824468083531e-05,0,1,0.02449427
r2_qqq_calendar,44,3,-0.02905583,-0.017164757,-0.011876277,-0.008684557,-0.0063680797,-0.004526141,-0.0029538278,-0.0016100694,-0.0003805803,0.0007329538,0.0018583018,0.0029635942,0.004086044,0.005184964,0.0064631873,0.007874545,0.0094578555,0.011385931,0.013741723,0.017803859,0.026552202,0.0018583018,2026-05-19,2026-05-14,-0.0061814861115354,0.008039787921524315,0.008039787921524315,6.463818982308826e-05,0,1,0.025618
r2_qqq_calendar,44,4,-0.029359013,-0.017298574,-0.011909577,-0.008668061,-0.0063266926,-0.0044980017,-0.0028997539,-0.0015574998,-0.00030786276,0.000806739,0.0019334762,0.0030591888,0.004192589,0.00531384,0.0065955115,0.008022298,0.009661598,0.011631519,0.014036313,0.018190453,0.026949767,0.0019334762,2026-05-20,2026-05-14,0.0164281040538753,-0.014494627864723893,0.014494627864723893,0.00021009423693683032,1,0,0.02594589
r2_qqq_calendar,44,5,-0.028650122,-0.01681091,-0.011435435,-0.008224314,-0.0059254733,-0.00410298,-0.0025384692,-0.0011971168,5.2797608e-05,0.0011845373,0.0023268708,0.0034649363,0.0046090325,0.005718336,0.007009105,0.00844441,0.010067605,0.012033995,0.014470496,0.01865373,0.027646426,0.0023268708,2026-05-21,2026-05-14,0.0019051493012325,0.00042172150155742657,0.00042172150155742657,1.7784902487585054e-07,1,1,0.025905931
r2_qqq_calendar,45,1,-0.030863347,-0.018271618,-0.0124186715,-0.008897304,-0.00636583,-0.0043774266,-0.0027035298,-0.0012573348,7.53139e-05,0.001256117,0.0024030083,0.0035423103,0.0047162636,0.0058725704,0.007259683,0.008757026,0.010487204,0.012566739,0.015108292,0.019396724,0.028227277,0.0024030083,2026-05-22,2026-05-21,0.0042317001047059,-0.0018286918187960088,0.0018286918187960088,3.3441137681314547e-06,1,1,0.027526964
r2_qqq_calendar,45,2,-0.03050202,-0.018326363,-0.012646027,-0.009211139,-0.0067330534,-0.0047820676,-0.0031016981,-0.0016732353,-0.00032893912,0.0008510343,0.0020133941,0.0031704307,0.0043606306,0.0055328333,0.006914968,0.008427677,0.0101615805,0.012233302,0.014711265,0.018976856,0.02771083,0.0020133941,2026-05-26,2026-05-21,0.0175994087028353,-0.015586014559402922,0.015586014559402922,0.00024292384984591985,1,0,0.027357291
r2_qqq_calendar,45,3,-0.030471893,-0.01827528,-0.01258178,-0.009110958,-0.006617712,-0.004647973,-0.0029720012,-0.0015464392,-0.0002505603,0.0009053569,0.0020393669,0.003161626,0.004321173,0.0054693823,0.006819028,0.008326781,0.010043625,0.0121216765,0.014645267,0.018981757,0.027949063,0.0020393669,2026-05-27,2026-05-21,-0.0011372140589216,0.003176580926314855,0.003176580926314855,1.0090666381427344e-05,0,1,0.027227048
r2_qqq_calendar,45,4,-0.03146985,-0.018927183,-0.013002353,-0.009403663,-0.006833135,-0.0048316163,-0.0030996995,-0.0016504461,-0.000319326,0.00084789685,0.0019992099,0.0031449615,0.0043264385,0.0055161435,0.0069001657,0.008449658,0.0102468245,0.012379298,0.014964899,0.019437782,0.028469041,0.0019992099,2026-05-28,2026-05-21,0.0083955845406445,-0.006396374672854159,0.006396374672854159,4.091360895553015e-05,1,1,0.027967252
r2_qqq_calendar,45,5,-0.03181512,-0.019266037,-0.013312574,-0.009702772,-0.0071230503,-0.0050717327,-0.0033110427,-0.0017986384,-0.0003970989,0.00085986615,0.002097613,0.0033227555,0.0045765648,0.005805119,0.007253174,0.008867292,0.010709503,0.0129095735,0.01562904,0.020253891,0.029699918,0.002097613,2026-05-29,2026-05-21,0.0036773062882472,-0.0015796933428842744,0.0015796933428842744,2.4954310575528937e-06,1,1,0.028941613
r2_qqq_calendar,46,1,-0.027162392,-0.015403604,-0.010204803,-0.0071338033,-0.00493899,-0.003228543,-0.0018056158,-0.00058289245,0.00053330103,0.0015119395,0.0024602897,0.0034099056,0.004390185,0.005359024,0.0065370426,0.007815152,0.009305084,0.011116038,0.013369552,0.017259775,0.025718136,0.0024602897,2026-06-01,2026-05-29,0.0059823059710672,-0.0035220162245442966,0.0035220162245442966,1.240459828595326e-05,1,1,0.023574356
r2_qqq_calendar,46,2,-0.027562438,-0.015993644,-0.010822536,-0.0077241436,-0.005500119,-0.0037603027,-0.0022763645,-0.001019198,0.00015403633,0.0011802053,0.0021977783,0.0032051236,0.004247911,0.005276004,0.006496207,0.007835906,0.00937697,0.011247681,0.0135248145,0.017514948,0.026183369,0.0021977783,2026-06-02,2026-05-29,0.0045939404787893,-0.0023961621607119744,0.0023961621607119744,5.741593100427878e-06,1,1,0.02434735
r2_qqq_calendar,46,3,-0.029193936,-0.017126186,-0.011714588,-0.008432184,-0.006085505,-0.0042388495,-0.0026846936,-0.0013639268,-0.00016977859,0.0009050389,0.0019710248,0.0030214123,0.0041068196,0.00517888,0.0064502433,0.007875166,0.009504866,0.011507141,0.0139710875,0.018236607,0.027412703,0.0019710248,2026-06-03,2026-05-29,-0.0026167416357909,0.0045877664228443655,0.0045877664228443655,2.1047600750578187e-05,0,1,0.025685675
r2_qqq_calendar,46,4,-0.030531779,-0.017898707,-0.012146008,-0.008667747,-0.006213405,-0.004324657,-0.0027041049,-0.0013587528,-0.0001269728,0.0009607186,0.0020476498,0.0031288802,0.0042393208,0.0053516794,0.0066443,0.008087519,0.009763397,0.011777262,0.014251144,0.01855719,0.027728818,0.0020476498,2026-06-04,2026-05-29,-0.0048491106715828,0.006896760489124042,0.006896760489124042,4.7565305244342494e-05,0,1,0.026397152
r2_qqq_calendar,46,5,-0.030843422,-0.018268092,-0.012523183,-0.009044597,-0.0065922737,-0.004672733,-0.0030420364,-0.0016560417,-0.00037559855,0.0007823884,0.0019267454,0.00306556,0.0042252694,0.005362656,0.0067114187,0.0082142465,0.009940288,0.0120259505,0.014639064,0.019116512,0.028725928,0.0019267454,2026-06-05,2026-05-29,-0.0491912813665213,0.05111802677101064,0.05111802677101064,0.0026130526609617604,0,0,0.027162246
r2_qqq_calendar,47,1,-0.047610488,-0.029433474,-0.021071643,-0.016037725,-0.012396183,-0.009526323,-0.007103847,-0.0050449064,-0.0031563877,-0.0014718147,0.00017441198,0.0018096201,0.003460964,0.0050477837,0.0069009853,0.008879859,0.011172613,0.01392589,0.017339185,0.023343012,0.036505237,0.00017441198,2026-06-08,2026-06-05,0.0154950376051726,-0.015320625625203008,0.015320625625203008,0.00023472156954762707,1,1,0.038410828
r2_qqq_calendar,47,2,-0.047520243,-0.030029397,-0.021957662,-0.01698388,-0.013336408,-0.01044451,-0.007943953,-0.0058412733,-0.0038949717,-0.0021766657,-0.00049171335,0.0011827206,0.0028739034,0.00453095,0.0064709075,0.008609211,0.011094676,0.014103148,0.017800344,0.024415007,0.038382847,-0.00049171335,2026-06-09,2026-06-05,-0.0115739791782389,0.011082265829928458,0.011082265829928458,0.0001228166159251999,1,1,0.039758004
r2_qqq_calendar,47,3,-0.04692651,-0.028927058,-0.020520998,-0.015399604,-0.011693426,-0.008750757,-0.006248235,-0.0041399808,-0.002227363,-0.0005211018,0.0011539359,0.0027957938,0.004457448,0.006085412,0.007977728,0.010101288,0.012524076,0.015450871,0.019039923,0.025549825,0.039377224,0.0011539359,2026-06-10,2026-06-05,-0.0201787379107119,0.021332673821845786,0.021332673821845786,0.0004550829723892645,0,1,0.03956092
r2_qqq_calendar,47,4,-0.045729306,-0.028089503,-0.019977434,-0.015081427,-0.011482349,-0.008649049,-0.0062024184,-0.0041229185,-0.0021878723,-0.0004794987,0.0012135468,0.0028869694,0.004591853,0.0062569464,0.008202168,0.010377598,0.012897281,0.015911356,0.019621784,0.026307499,0.040120713,0.0012135468,2026-06-11,2026-06-05,0.0332179532980814,-0.03200440645574475,0.03200440645574475,0.001024282032584516,1,0,0.039599217
r2_qqq_calendar,47,5,-0.045247905,-0.027651351,-0.019535417,-0.014685475,-0.011156578,-0.008321679,-0.0058568367,-0.003743568,-0.0017625634,1.1347467e-05,0.0017585634,0.0034843269,0.0052251588,0.006916565,0.008901559,0.011133897,0.013666538,0.016702272,0.02045285,0.027135817,0.041289035,0.0017585634,2026-06-12,2026-06-05,0.0058674384217572,-0.0041088749730822235,0.0041088749730822235,1.6882853544421444e-05,1,1,0.039988264
r2_qqq_calendar,48,1,-0.046995383,-0.029491862,-0.021233205,-0.01634213,-0.012834857,-0.0100356145,-0.0076509546,-0.005577721,-0.00364915,-0.0019141063,-0.00019702624,0.0015298624,0.0033152204,0.0050636325,0.007130159,0.009393477,0.012028746,0.015205189,0.019119829,0.025985293,0.040446248,-0.00019702624,2026-06-15,2026-06-12,0.0309304503252722,-0.031127476563583282,0.031127476563583282,0.0009689197972164265,0,0,0.040353034
r2_qqq_calendar,48,2,-0.0458238,-0.027991021,-0.019734701,-0.014823168,-0.011292243,-0.008517122,-0.0061183805,-0.00407019,-0.0021516825,-0.0004555842,0.0012160582,0.002904994,0.004644136,0.0063551967,0.008393393,0.010667138,0.013318381,0.016504189,0.020366939,0.02719,0.041262317,0.0012160582,2026-06-16,2026-06-12,-0.0191883460283912,0.020404404182050306,0.020404404182050306,0.00041633971002447205,0,1,0.04010164
r2_qqq_calendar,48,3,-0.044585835,-0.02739527,-0.019374114,-0.014638748,-0.011268716,-0.00856977,-0.006241557,-0.004253499,-0.0024327268,-0.00079469784,0.0008269525,0.0024284977,0.004084517,0.005751773,0.007737841,0.009985396,0.012578738,0.015717575,0.019547665,0.026287803,0.040411673,0.0008269525,2026-06-17,2026-06-12,-0.0101214570291398,0.010948409542447133,0.010948409542447133,0.00011986767150914745,0,1,0.03892178
r2_qqq_calendar,48,4,-0.041851353,-0.025478667,-0.017917622,-0.01344805,-0.010205524,-0.0076284055,-0.005364017,-0.0034261812,-0.0016189681,-1.8842751e-05,0.0015548749,0.0031267232,0.0047380906,0.0063453005,0.008252859,0.010413921,0.012943076,0.015993228,0.019774575,0.026521116,0.04058369,0.0015548749,2026-06-18,2026-06-12,0.0247564521932661,-0.023201577257147377,0.023201577257147377,0.0005383131872193785,1,0,0.037692197
r2_qqq_calendar,48,5,-0.041707404,-0.025410693,-0.017849497,-0.013432013,-0.010238852,-0.0076766666,-0.0054476783,-0.003520078,-0.0017007014,-6.44215e-05,0.0015604792,0.0031774573,0.0048398376,0.006480886,0.008444324,0.010660065,0.013206539,0.016307026,0.020187255,0.027057754,0.04158501,0.0015604792,2026-06-22,2026-06-12,-0.0025132624409153,0.00407374161062677,0.00407374161062677,1.659537071015199e-05,0,1,0.038036752
r2_qqq_calendar,49,1,-0.040165134,-0.02478299,-0.016971549,-0.0122933695,-0.008982271,-0.0063589904,-0.00414856,-0.0022385695,-0.00047319912,0.0010971824,0.0026455892,0.004200517,0.0058199116,0.0074268645,0.009361107,0.011486709,0.014001581,0.017043566,0.020810097,0.027290175,0.040068574,0.0026455892,2026-06-23,2026-06-22,-0.0334834078836868,0.03612899706211485,0.03612899706211485,0.0013053044287143036,0,0,0.03778165
r2_qqq_calendar,49,2,-0.0412923,-0.025945747,-0.01809801,-0.013338783,-0.009939552,-0.007265137,-0.00496151,-0.0029955637,-0.0011559059,0.00046248146,0.0020593435,0.0036620945,0.005342999,0.007005533,0.008991952,0.011211925,0.013802009,0.016910274,0.020665301,0.02727615,0.04001685,0.0020593435,2026-06-24,2026-06-22,-0.0042548587368711,0.006314202240659214,0.006314202240659214,3.9869149935945835e-05,0,1,0.03876331
r2_qqq_calendar,49,3,-0.04185936,-0.026653534,-0.018687252,-0.013837536,-0.010387129,-0.0076540126,-0.0053139664,-0.0033189226,-0.0014978067,0.00013453863,0.0017452792,0.0033342165,0.0050069722,0.006676248,0.008663426,0.0109120235,0.013516673,0.016678415,0.020527963,0.027346862,0.040538356,0.0017452792,2026-06-25,2026-06-22,0.0080729376991719,-0.006327658519285916,0.006327658519285916,4.0039262336691637e-05,1,1,0.039215215
r2_qqq_calendar,49,4,-0.040130112,-0.025483662,-0.017990937,-0.013427031,-0.010114467,-0.00748683,-0.005189166,-0.0032284148,-0.0014034098,0.00021925225,0.0018278626,0.0034297127,0.0050904704,0.0067646382,0.008733535,0.010952109,0.013561854,0.016676594,0.02050671,0.027307,0.04022266,0.0018278626,2026-06-26,2026-06-22,-0.0138592213166709,0.015687083896046405,0.015687083896046405,0.00024608460116159846,0,1,0.03849765
r2_qqq_calendar,49,5,-0.03955415,-0.02489286,-0.017413475,-0.012941855,-0.009726177,-0.007151362,-0.0049264184,-0.0030072574,-0.0012102448,0.00040088018,0.001982004,0.0035643638,0.005211382,0.00684867,0.0087977685,0.010993755,0.0135301035,0.016570022,0.020365681,0.02698737,0.039672174,0.001982004,2026-06-29,2026-06-22,0.0245503691895225,-0.022568365273467537,0.022568365273467537,0.0005093311111166554,1,0,0.037779156
