model,window,horizon,q0.01,q0.05,q0.1,q0.15,q0.2,q0.25,q0.3,q0.35,q0.4,q0.45,q0.5,q0.55,q0.6,q0.65,q0.7,q0.75,q0.8,q0.85,q0.9,q0.95,q0.99,prediction,date,forecast_origin,actual,error,abs_error,squared_error,correct_direction,interval_coverage,interval_width
r5_plus_fed,0,1,-0.022810183,-0.013502834,-0.009320989,-0.006813345,-0.0049650744,-0.003495105,-0.0022572754,-0.0011615427,-0.00013158005,0.0007791761,0.0017032226,0.002634503,0.0035687713,0.0044626785,0.0055214684,0.006658485,0.007949851,0.009500118,0.011383782,0.014470908,0.020556457,0.0017032226,2025-07-01,2025-06-30,-0.0084650905031401,0.01016831313461692,0.01016831313461692,0.00010339459200362297,0,1,0.020704772
r5_plus_fed,0,2,-0.022507714,-0.013333047,-0.0092371,-0.0067419247,-0.0048922035,-0.0034122942,-0.002129346,-0.0010268841,2.4758803e-05,0.00094709574,0.0018905605,0.0028227356,0.00376429,0.004677091,0.005746519,0.006901954,0.008230081,0.009830881,0.011728242,0.014861827,0.020909198,0.0018905605,2025-07-02,2025-06-30,0.0069411525544711,-0.0050505920588039405,0.0050505920588039405,2.5508480144453426e-05,1,1,0.020965341
r5_plus_fed,0,3,-0.02287351,-0.013442508,-0.009233485,-0.0066564437,-0.0047516474,-0.0032230038,-0.0019079673,-0.00077502127,0.00026204524,0.0011965972,0.0021497398,0.0030859222,0.0040379977,0.0049629384,0.006039486,0.007232745,0.008578726,0.01019563,0.012123614,0.015241539,0.021307211,0.0021497398,2025-07-03,2025-06-30,0.0097921724155832,-0.007642432647227115,0.007642432647227115,5.840677676740285e-05,1,1,0.021357099
r5_plus_fed,0,4,-0.02324878,-0.013762874,-0.009446436,-0.0067808595,-0.0048239394,-0.0032789037,-0.0019212412,-0.00077822,0.0002803197,0.0012252431,0.0021791714,0.0031222717,0.004059339,0.0049958,0.006055191,0.0072351755,0.008588428,0.010196249,0.012117711,0.015279012,0.021475196,0.0021791714,2025-07-07,2025-06-30,-0.0075615162189676,0.009740687643326683,0.009740687643326683,9.488099576485714e-05,0,1,0.021564147
r5_plus_fed,0,5,-0.024147898,-0.01454416,-0.010016308,-0.0072594695,-0.0052596126,-0.0036634277,-0.002309196,-0.001136164,-4.9302937e-05,0.00093821983,0.0019313596,0.0029192092,0.0039025678,0.004850973,0.0059648445,0.0071965405,0.008614432,0.010320629,0.012406447,0.015800394,0.022465056,0.0019313596,2025-07-08,2025-06-30,0.0005615509259662,0.0013698087162190707,0.0013698087162190707,1.8763759190297386e-06,1,1,0.022422755
r5_plus_fed,1,1,-0.020541677,-0.012004985,-0.0081673665,-0.0058169444,-0.004055296,-0.0026465752,-0.0014505576,-0.0003927668,0.0005955836,0.0014790486,0.0023551248,0.0032361876,0.004119886,0.00496254,0.0059669437,0.0070453025,0.00829496,0.0098026525,0.011676609,0.014819562,0.021188866,0.0023551248,2025-07-09,2025-07-08,0.0070538812420192,-0.004698756440621877,0.004698756440621877,2.2078312088285568e-05,1,1,0.019843975
r5_plus_fed,1,2,-0.021839187,-0.013133851,-0.009234573,-0.0068254047,-0.0050125555,-0.0035543013,-0.0022763899,-0.0011754596,-0.00012183597,0.00082135765,0.0017797531,0.0027338495,0.0036914302,0.004623952,0.005718776,0.0069015943,0.008263789,0.009903201,0.011855336,0.0151566975,0.021702085,0.0017797531,2025-07-10,2025-07-08,-0.0014391960464579,0.003218949179181172,0.003218949179181172,1.036163381815114e-05,0,1,0.021089908
r5_plus_fed,1,3,-0.022663334,-0.013578087,-0.009549783,-0.0070785293,-0.0052299188,-0.0037225946,-0.0024073212,-0.0012486706,-0.00017297606,0.0008213136,0.0018384194,0.0028408417,0.0038432665,0.004811405,0.0059284177,0.0071472065,0.008520368,0.010163864,0.012145645,0.015468611,0.022136882,0.0018384194,2025-07-11,2025-07-08,-0.0022529816590723,0.004091401012661715,0.004091401012661715,1.673956224640931e-05,0,1,0.021695428
r5_plus_fed,1,4,-0.023794489,-0.01442683,-0.0101395985,-0.0074862307,-0.005509516,-0.003934315,-0.0025431286,-0.0013548202,-0.00023839658,0.00077380374,0.0018047509,0.00283331,0.0038562869,0.0048730783,0.0060289414,0.007306599,0.008779908,0.010535431,0.012649544,0.016219528,0.023184739,0.0018047509,2025-07-14,2025-07-08,0.0036202891275029,-0.001815538249139052,0.001815538249139052,3.2961791340868948e-06,1,1,0.022789143
r5_plus_fed,1,5,-0.02417217,-0.014681585,-0.010227506,-0.0074912906,-0.0054670344,-0.0038359193,-0.0024336297,-0.0012027061,-4.323531e-05,0.0010238049,0.0021060137,0.0031891176,0.0042696954,0.005315748,0.006526901,0.007870286,0.00940834,0.0112606045,0.013517556,0.01727492,0.024623398,0.0021060137,2025-07-15,2025-07-08,0.0009164128069556,0.0011896009008610007,0.0011896009008610007,1.4151503033293044e-06,1,1,0.023745062
r5_plus_fed,2,1,-0.022536388,-0.0137479445,-0.00979349,-0.0073965844,-0.005605465,-0.0041898713,-0.0030032743,-0.0019652636,-0.0009943801,-0.00013648474,0.00072423887,0.001605819,0.0025010877,0.0033682506,0.004399702,0.0055305474,0.006829637,0.008402353,0.010329232,0.013584995,0.020179175,0.00072423887,2025-07-16,2025-07-15,0.0010235374856878,-0.000299298618281998,0.000299298618281998,8.957966290551315e-08,1,1,0.020122722
r5_plus_fed,2,2,-0.023425978,-0.014389029,-0.01033726,-0.007854817,-0.0059884265,-0.0044987407,-0.0032096973,-0.002116213,-0.0010730434,-0.00015904964,0.0007672951,0.0016982947,0.0026250323,0.003533595,0.004601977,0.0057589384,0.007094524,0.008712565,0.010652849,0.013970226,0.020638542,0.0007672951,2025-07-17,2025-07-15,0.0080599810881093,-0.007292686013925806,0.007292686013925806,5.318326929770907e-05,1,1,0.02099011
r5_plus_fed,2,3,-0.023850273,-0.01436321,-0.010144677,-0.00755061,-0.0056044934,-0.0040296083,-0.0026744646,-0.0015051798,-0.00043258083,0.00053381186,0.0015204289,0.0024993948,0.003482589,0.0044458136,0.0055710543,0.0068124747,0.008220425,0.009931435,0.011989241,0.015425335,0.022366282,0.0015204289,2025-07-18,2025-07-15,-0.0009615542882039,0.002481983211162572,0.002481983211162572,6.160240660492872e-06,0,1,0.022133917
r5_plus_fed,2,4,-0.026083652,-0.016280929,-0.011841923,-0.009110072,-0.007077599,-0.005466462,-0.00404487,-0.0028336835,-0.0016883097,-0.00065026886,0.0004039967,0.0014606293,0.0025043914,0.003544348,0.0047242334,0.006023417,0.0075207334,0.009315696,0.011470277,0.015111429,0.022241957,0.0004039967,2025-07-21,2025-07-15,0.0051713772492241,-0.004767380546707649,0.004767380546707649,2.272791727712652e-05,1,1,0.0233122
r5_plus_fed,2,5,-0.02465562,-0.01493353,-0.010408578,-0.0076467935,-0.0056019546,-0.00395834,-0.0025428778,-0.0013061827,-0.00014358351,0.0009169338,0.0019969512,0.00307021,0.004136371,0.0051600374,0.0063526556,0.007674885,0.00919121,0.0110328,0.013270513,0.017027227,0.02448825,0.0019969512,2025-07-22,2025-07-15,-0.0051891884854157,0.007186139663131955,0.007186139663131955,5.164060325803825e-05,0,1,0.023679093
r5_plus_fed,3,1,-0.021735288,-0.013386424,-0.00924574,-0.006704931,-0.004833997,-0.0033413991,-0.0020731725,-0.0009760555,4.1483494e-05,0.0009467365,0.001835306,0.0027289775,0.0036517577,0.0045651156,0.005664073,0.0068744267,0.008293675,0.010017009,0.012136616,0.01572819,0.022942018,0.001835306,2025-07-23,2025-07-22,0.0045507671466579,-0.002715461204435424,0.002715461204435424,7.373729552793884e-06,1,1,0.021382356
r5_plus_fed,3,2,-0.021825345,-0.013521953,-0.009448059,-0.0069325026,-0.0050791656,-0.0035997326,-0.0023118732,-0.0012167856,-0.00017484638,0.0007437119,0.0016588329,0.0025886102,0.0035437266,0.0044891043,0.005623282,0.006883938,0.008351117,0.01014051,0.012286052,0.015956117,0.023158265,0.0016588329,2025-07-24,2025-07-22,0.0021261623621767,-0.00046732947498909997,0.00046732947498909997,2.183968381935878e-07,1,1,0.021734111
r5_plus_fed,3,3,-0.021453936,-0.013203901,-0.009121923,-0.006608041,-0.0047577247,-0.0032687276,-0.0019899155,-0.0008958675,9.851641e-05,0.0009874932,0.0018679522,0.002746828,0.0036535473,0.0045557274,0.0056402907,0.0068695988,0.00829528,0.0100521445,0.012199676,0.015890855,0.023296433,0.0018679522,2025-07-25,2025-07-22,0.0024042056537853,-0.0005362534792782187,0.0005362534792782187,2.875677940379949e-07,1,1,0.021321598
r5_plus_fed,3,4,-0.021689106,-0.013226623,-0.009046175,-0.006489405,-0.004616257,-0.0031429413,-0.0018599998,-0.0007884968,0.00019705127,0.0010675193,0.0019323253,0.00281402,0.0037202681,0.0046322406,0.005700149,0.00691087,0.00833304,0.010055698,0.01215894,0.015798727,0.02297456,0.0019323253,2025-07-28,2025-07-22,0.0031203267012101,-0.0011880013939302748,0.0011880013939302748,1.411347311980276e-06,1,1,0.021205114
r5_plus_fed,3,5,-0.021528324,-0.01323628,-0.009152993,-0.006662895,-0.0048239753,-0.003340743,-0.002055258,-0.0009471375,8.541334e-05,0.0010141109,0.0019354011,0.002849049,0.003785695,0.0047034323,0.005806667,0.007063398,0.008526405,0.010324061,0.01256938,0.016401598,0.023951687,0.0019354011,2025-07-29,2025-07-22,-0.0015501349141367,0.003485536030634515,0.003485536030634515,1.214896142085141e-05,0,1,0.021722373
r5_plus_fed,4,1,-0.016995493,-0.009469416,-0.0060764104,-0.0040329904,-0.0025219782,-0.0013311559,-0.000332891,0.0005392424,0.0013494943,0.0020601111,0.0027746398,0.0034882855,0.0042056474,0.004920089,0.005775529,0.006710018,0.00780573,0.009147292,0.010802595,0.013653575,0.019655365,0.0027746398,2025-07-30,2025-07-29,0.0013388599672936,0.0014357797863311969,0.0014357797863311969,2.0614635948372573e-06,1,1,0.016879005
r5_plus_fed,4,2,-0.017049804,-0.009597916,-0.0062804273,-0.004264064,-0.0027812168,-0.0016076528,-0.00059636566,0.0002601139,0.0010818949,0.001800779,0.0025412303,0.0032786457,0.0040357118,0.004784246,0.005668776,0.0066499286,0.007786506,0.009180889,0.010847952,0.013767831,0.01975875,0.0025412303,2025-07-31,2025-07-29,-0.0053132574081525,0.007854487701143303,0.007854487701143303,6.169297704741142e-05,0,1,0.01712838
r5_plus_fed,4,3,-0.017002042,-0.009517509,-0.0061725113,-0.0041380795,-0.0026331872,-0.0014280735,-0.00039264222,0.00049027137,0.0013021356,0.0020245602,0.002768018,0.0035031112,0.0042601265,0.0049999813,0.0058741714,0.0068683173,0.008012202,0.009432837,0.0111606335,0.014125658,0.020273406,0.002768018,2025-08-01,2025-07-29,-0.0198953878026639,0.022663405852783182,0.022663405852783182,0.000513629964847967,0,0,0.017333144
r5_plus_fed,4,4,-0.017301649,-0.009709006,-0.006273372,-0.0041765715,-0.0026326173,-0.001423741,-0.00036686263,0.00051024405,0.0013158537,0.0020338714,0.0027649817,0.0034970162,0.00422977,0.0049721505,0.005816973,0.006773618,0.007893246,0.009266374,0.010942857,0.013865569,0.019874912,0.0027649817,2025-08-04,2025-07-29,0.0182834959133889,-0.015518514207693509,0.015518514207693509,0.0002408242832143853,1,0,0.017216228
r5_plus_fed,4,5,-0.017857332,-0.0102230655,-0.0067201992,-0.004604404,-0.0030526072,-0.0018191761,-0.0007694501,0.00012765307,0.00095406896,0.0017015935,0.0024586134,0.0032216536,0.0039811824,0.0047322684,0.0056230957,0.006634215,0.007826533,0.009300018,0.011141539,0.0142896315,0.020658158,0.0024586134,2025-08-05,2025-07-29,-0.0068126268178385,0.009271240183727096,0.009271240183727096,8.595589454435604e-05,0,0,0.017861739
r5_plus_fed,5,1,-0.020547269,-0.010126232,-0.005688144,-0.002941347,-0.0008812997,0.00081233017,0.0022558363,0.0035742475,0.004818743,0.0059507163,0.007116247,0.008277612,0.009452012,0.010609256,0.01199902,0.013508972,0.015309155,0.017489592,0.020188214,0.024594638,0.033516157,0.007116247,2025-08-06,2025-08-05,0.0125047547811291,-0.005388507812621334,0.005388507812621334,2.9036016446681153e-05,1,1,0.025876358
r5_plus_fed,5,2,-0.02894084,-0.017463438,-0.012635764,-0.009712903,-0.0075305197,-0.005771774,-0.0042343745,-0.002889432,-0.0015924668,-0.00043456175,0.00074849394,0.0019213551,0.003103719,0.004256134,0.0056093493,0.0070927273,0.008830247,0.01091513,0.013418629,0.017703716,0.025947185,0.00074849394,2025-08-07,2025-08-05,0.0033784572456342,-0.002629963304133417,0.002629963304133417,6.916706981088361e-06,1,1,0.026054394
r5_plus_fed,5,3,-0.028298918,-0.01681441,-0.011962871,-0.009044651,-0.0068844426,-0.005121124,-0.0035818724,-0.002218311,-0.00094405503,0.00022850791,0.0014317259,0.002622292,0.0038242382,0.0049982164,0.006371799,0.007892576,0.009637972,0.011740263,0.014293393,0.018596906,0.027066886,0.0014317259,2025-08-08,2025-08-05,0.0092850904925233,-0.007853364573276626,0.007853364573276626,6.167533512079636e-05,1,1,0.026256263
r5_plus_fed,5,4,-0.029365318,-0.017361578,-0.012257474,-0.009173468,-0.006896262,-0.005073933,-0.003466957,-0.00208875,-0.00078719587,0.00041020414,0.0016377578,0.0028682775,0.0040970445,0.00532094,0.006715294,0.008250615,0.010040812,0.01218002,0.01476357,0.019185217,0.027843561,0.0016377578,2025-08-11,2025-08-05,-0.002963405405463,0.004601163161278983,0.004601163161278983,2.1170702436710807e-05,0,1,0.027021043
r5_plus_fed,5,5,-0.02731792,-0.015984831,-0.011101873,-0.008149259,-0.005943205,-0.004129451,-0.0025612595,-0.0011635856,0.00016525731,0.0013977445,0.0026429796,0.003889651,0.0051364284,0.006341665,0.0077452334,0.009307288,0.011123223,0.01332535,0.016045569,0.020631049,0.02957943,0.0026429796,2025-08-12,2025-08-05,0.0124904714913203,-0.009847491878746319,0.009847491878746319,9.69730963019747e-05,1,1,0.027147442
r5_plus_fed,6,1,-0.025376199,-0.015543488,-0.011045024,-0.008346441,-0.006361163,-0.0047827833,-0.0034476826,-0.0022818428,-0.0011849062,-0.00020067568,0.00077850715,0.0017727927,0.0027932096,0.0038028695,0.00501132,0.006336528,0.007867348,0.009718576,0.011984908,0.015822524,0.023257077,0.00077850715,2025-08-13,2025-08-12,0.0004999814064566,0.0002785257437873678,0.0002785257437873678,7.757658995230645e-08,1,1,0.02302993
r5_plus_fed,6,2,-0.024410646,-0.01455711,-0.0100258505,-0.0072804564,-0.0052551455,-0.0036444617,-0.0022416539,-0.0010435001,9.621127e-05,0.0011074435,0.002130164,0.0031507262,0.0041985433,0.0052341414,0.006447341,0.007766972,0.009274271,0.011088781,0.013259322,0.016970886,0.024234543,0.002130164,2025-08-14,2025-08-12,-0.0007758709709575,0.0029060350372870983,0.0029060350372870983,8.445039637940226e-06,0,1,0.023285173
r5_plus_fed,6,3,-0.026345864,-0.01603063,-0.011314719,-0.00844926,-0.006352447,-0.004679464,-0.0032408368,-0.0019989014,-0.00085590547,0.00018576818,0.0012428017,0.0022852984,0.0033552186,0.0044103283,0.005642642,0.0070011304,0.00855489,0.010436425,0.012728298,0.016654398,0.0243742,0.0012428017,2025-08-15,2025-08-12,-0.004406876132486,0.005649677795951798,0.005649677795951798,3.1918859198070765e-05,0,1,0.024043016
r5_plus_fed,6,4,-0.025811512,-0.0154148685,-0.01059927,-0.0076595037,-0.005524065,-0.0038571684,-0.002401987,-0.001176905,-4.389923e-05,0.0009658851,0.0019747312,0.0029914528,0.0040200306,0.005058127,0.006248687,0.00758714,0.009138148,0.011006828,0.013285401,0.017179443,0.024765026,0.0019747312,2025-08-18,2025-08-12,-0.0003985369465204,0.0023732681645901917,0.0023732681645901917,5.632401781057298e-06,0,1,0.023884673
r5_plus_fed,6,5,-0.026277464,-0.016111521,-0.011318091,-0.00840836,-0.0062980806,-0.0046221656,-0.0031911945,-0.001962216,-0.0008206327,0.00021596986,0.0012523113,0.002283391,0.003335019,0.0043671434,0.005599288,0.0069708894,0.008554604,0.01048213,0.012885845,0.016953513,0.024870286,0.0012523113,2025-08-19,2025-08-12,-0.0136606108387869,0.014912922120646774,0.014912922120646774,0.00022239524617647587,0,0,0.024203938
r5_plus_fed,7,1,-0.021118792,-0.012535224,-0.008585996,-0.006219603,-0.004490525,-0.003136701,-0.0020042718,-0.0010246754,-0.00010979583,0.000689127,0.0014829179,0.0022782162,0.0030734977,0.0038412455,0.004755028,0.005748747,0.0069118775,0.008341225,0.010135467,0.013289995,0.019851414,0.0014829179,2025-08-20,2025-08-19,-0.0059549679959681,0.0074378859231736625,0.0074378859231736625,5.5322147006144925e-05,0,1,0.018721463
r5_plus_fed,7,2,-0.022903973,-0.014046378,-0.010044229,-0.007644724,-0.0058942055,-0.0045198607,-0.0033421367,-0.002342279,-0.0013958901,-0.0005656177,0.00028465403,0.0011263983,0.0019744583,0.0028071064,0.0037958282,0.0048791366,0.0061547467,0.007716151,0.009627193,0.013003633,0.01982343,0.00028465403,2025-08-21,2025-08-19,-0.0046403992151281,0.004925053245238787,0.004925053245238787,2.4256149468437108e-05,0,1,0.019671421
r5_plus_fed,7,3,-0.022570595,-0.013486453,-0.009434609,-0.0070100157,-0.005238572,-0.003810082,-0.0025812285,-0.0015090815,-0.0005195893,0.00038210917,0.001309459,0.0022190663,0.003131709,0.004013765,0.0050466927,0.0061844816,0.0074862563,0.009080946,0.011039059,0.014406491,0.021340203,0.001309459,2025-08-22,2025-08-19,0.015309536306763,-0.014000077325494893,0.014000077325494893,0.00019600216511983623,1,0,0.020473666
r5_plus_fed,7,4,-0.023612494,-0.014103024,-0.009724051,-0.007086603,-0.005185047,-0.0037100497,-0.002428779,-0.0013561159,-0.00035730423,0.00054786075,0.0014832376,0.002418435,0.003349455,0.004275814,0.0053229667,0.006476749,0.007823893,0.00946522,0.011480543,0.014987964,0.02194402,0.0014832376,2025-08-25,2025-08-19,-0.0028887180409782,0.0043719556446574995,0.0043719556446574995,1.9113996158852572e-05,0,1,0.021204595
r5_plus_fed,7,5,-0.022067463,-0.013032978,-0.0087901065,-0.0062399,-0.0043901643,-0.0029210215,-0.0016820106,-0.0006058626,0.00039441025,0.001314214,0.0022402634,0.003171503,0.004093675,0.004995802,0.0060488624,0.007232547,0.008615161,0.0103186,0.012445398,0.01611524,0.023330443,0.0022402634,2025-08-26,2025-08-19,0.0040069787420189,-0.0017667153507327652,0.0017667153507327652,3.1212831305147975e-06,1,1,0.021235503
r5_plus_fed,8,1,-0.026285622,-0.01675915,-0.012635079,-0.010152152,-0.008344564,-0.0069272863,-0.0057357,-0.0046993834,-0.0037349812,-0.0028693553,-0.0020217795,-0.001176449,-0.0003305201,0.0004874848,0.0014611927,0.0025196262,0.003750031,0.0052300976,0.0070417975,0.010061151,0.015935712,-0.0020217795,2025-08-27,2025-08-26,0.0015357699830635,-0.0035575495221270726,0.0035575495221270726,1.2656158602386563e-05,0,1,0.019676877
r5_plus_fed,8,2,-0.019190382,-0.010333535,-0.006412413,-0.003993873,-0.002203015,-0.00077546574,0.00046472723,0.0015131999,0.0025068987,0.003388224,0.004281516,0.005152665,0.0060420823,0.0069102417,0.007931812,0.009062584,0.010360289,0.011935931,0.013851985,0.017097924,0.02363554,0.004281516,2025-08-28,2025-08-26,0.0062403377163577,-0.0019588215294647137,0.0019588215294647137,3.83698178429448e-06,1,1,0.020264398
r5_plus_fed,8,3,-0.02572243,-0.015861467,-0.011512117,-0.008854091,-0.0069261086,-0.0053941556,-0.004080663,-0.0029448143,-0.0019059065,-0.00094972155,3.188476e-05,0.0010042924,0.0019801233,0.0029245766,0.0040134043,0.005194973,0.0065266904,0.008122053,0.010061449,0.013340454,0.019854084,3.188476e-05,2025-08-29,2025-08-26,-0.0116429787410779,0.011674863500742436,0.011674863500742436,0.00013630243776096792,0,0,0.021573566
r5_plus_fed,8,4,-0.022042546,-0.012650002,-0.00838603,-0.005702726,-0.0037241476,-0.0021586593,-0.00076489535,0.00041010723,0.0014887115,0.0024482845,0.0034090274,0.004358012,0.005309071,0.006261666,0.0073390584,0.008565441,0.009970807,0.011665882,0.013732886,0.017224573,0.024074435,0.0034090274,2025-09-02,2025-08-26,-0.00841537864837,0.01182440600316176,0.01182440600316176,0.00013981657732760786,0,0,0.022118915
r5_plus_fed,8,5,-0.025769643,-0.015945747,-0.011427719,-0.008643868,-0.0066127134,-0.004986694,-0.0035967133,-0.002397958,-0.0012810952,-0.00026578712,0.00075256854,0.0017548369,0.0027646334,0.003736052,0.00488132,0.006147841,0.007601035,0.00936112,0.011539346,0.015151343,0.022185434,0.00075256854,2025-09-03,2025-08-26,0.0078366488811039,-0.007084080345131513,0.007084080345131513,5.0184194336278616e-05,1,1,0.022967065
r5_plus_fed,9,1,-0.023877569,-0.013881468,-0.009438023,-0.0067379,-0.0047143213,-0.0030862195,-0.0017069968,-0.0004777785,0.0006833348,0.0017141434,0.0027556156,0.0037982245,0.0048540593,0.005895714,0.0071386597,0.008488106,0.010045285,0.011940937,0.014277127,0.018236797,0.026369894,0.0027556156,2025-09-04,2025-09-03,0.0090107767756357,-0.006255161148242573,0.006255161148242573,3.9127040990483346e-05,1,1,0.02371515
r5_plus_fed,9,2,-0.023925612,-0.014149986,-0.009815929,-0.007152439,-0.0051458348,-0.0035284106,-0.0021057455,-0.0008621691,0.0003350869,0.0014019547,0.0024996786,0.0035853279,0.004701247,0.005795219,0.007077721,0.008479602,0.010105478,0.012077536,0.01442466,0.018480295,0.026729189,0.0024996786,2025-09-05,2025-09-03,0.0014419101593265,0.0010577684785059032,0.0010577684785059032,1.1188741541206936e-06,1,1,0.02424059
r5_plus_fed,9,3,-0.024171796,-0.013959553,-0.009451234,-0.0066853696,-0.004612736,-0.0029327217,-0.0014744262,-0.00020584115,0.00096639205,0.0020210482,0.0030980124,0.0041640396,0.0052672303,0.006352078,0.0076232455,0.009065119,0.010730846,0.012783545,0.015281718,0.019523595,0.02813607,0.0030980124,2025-09-08,2025-09-03,0.0048660661333388,-0.0017680537195092346,0.0017680537195092346,3.1260139550704394e-06,1,1,0.024732951
r5_plus_fed,9,4,-0.025614232,-0.015177415,-0.010495555,-0.007628047,-0.0055103577,-0.00383467,-0.0023546764,-0.0010978625,8.014095e-05,0.0011439533,0.002230767,0.003315953,0.0044116336,0.005518455,0.0067860335,0.008199366,0.009845847,0.011829797,0.01423451,0.01838358,0.02670097,0.002230767,2025-09-09,2025-09-03,0.0028291034084009,-0.0005983364805774755,0.0005983364805774755,3.580065439898397e-07,1,1,0.024730064
r5_plus_fed,9,5,-0.025608936,-0.0153154945,-0.010607684,-0.007753391,-0.0056615365,-0.003968993,-0.0025173551,-0.0012463388,-5.947752e-05,0.0010254758,0.0021154708,0.003212091,0.0043135528,0.005395368,0.006671493,0.008092585,0.009753472,0.011782507,0.014304414,0.018591473,0.027168183,0.0021154708,2025-09-10,2025-09-03,0.000327346334867,0.0017881244880335336,0.0017881244880335336,3.1973891847051865e-06,1,1,0.024912098
r5_plus_fed,10,1,-0.01969274,-0.011431113,-0.007723653,-0.005500381,-0.0038534827,-0.0025448638,-0.0014559063,-0.00049883086,0.00039200933,0.00116221,0.0019330163,0.0027106479,0.0034986308,0.004262508,0.005181642,0.006181908,0.007340824,0.00873717,0.010448488,0.01333065,0.019220272,0.0019330163,2025-09-11,2025-09-10,0.0058036357172562,-0.0038706193686260104,0.0038706193686260104,1.4981694296782816e-05,1,1,0.018172141
r5_plus_fed,10,2,-0.020126658,-0.01179443,-0.008066705,-0.0058099134,-0.004134352,-0.002801342,-0.0016547616,-0.0006747364,0.00024826062,0.0010506518,0.0018649986,0.0026717477,0.0034992993,0.0043080864,0.005268495,0.0063089477,0.007511182,0.008966456,0.010705084,0.0136661995,0.01967996,0.0018649986,2025-09-12,2025-09-10,0.0044074641061353,-0.0025424655047582897,0.0025424655047582897,6.464130842885825e-06,1,1,0.01877179
r5_plus_fed,10,3,-0.021199549,-0.012419186,-0.008501066,-0.0061184834,-0.0043527256,-0.0029349213,-0.0017181775,-0.0006710665,0.00028389145,0.0011370335,0.0020061983,0.0028582336,0.0037350717,0.0045869695,0.005590145,0.0067052837,0.00797285,0.009507101,0.011352957,0.014445616,0.020726219,0.0020061983,2025-09-15,2025-09-10,0.0085204649444276,-0.006514266664867988,0.006514266664867988,4.24356701810103e-05,1,1,0.019854024
r5_plus_fed,10,4,-0.022689965,-0.013392098,-0.009126919,-0.006513457,-0.004608368,-0.003115605,-0.0018122832,-0.000720872,0.00028536184,0.0011816433,0.0020867456,0.0029836986,0.0038822128,0.0047879573,0.0058246255,0.0069777686,0.008307503,0.0098951245,0.011797665,0.015018989,0.02145435,0.0020867456,2025-09-16,2025-09-10,-0.0008454361703891,0.0029321817454594813,0.0029321817454594813,8.59768978840581e-06,0,1,0.020924583
r5_plus_fed,10,5,-0.02343198,-0.014039545,-0.009714348,-0.007107495,-0.0052022273,-0.0036681406,-0.0023549572,-0.0012004173,-0.00012437726,0.00086162065,0.0018478886,0.0028313152,0.0038072772,0.004752956,0.005869323,0.0071034264,0.008531609,0.010254137,0.012368039,0.015885998,0.022918044,0.0018478886,2025-09-17,2025-09-10,-0.0019978516169886,0.0038457401928554185,0.0038457401928554185,1.4789717630943631e-05,0,1,0.022082388
r5_plus_fed,11,1,-0.022042817,-0.012500927,-0.008405918,-0.006014436,-0.0042924387,-0.0029446129,-0.0018268635,-0.00086321094,3.0276657e-05,0.0008031898,0.0015684322,0.002336258,0.003116953,0.0038867604,0.004814619,0.005828769,0.007006697,0.008440854,0.010214471,0.013241083,0.019671207,0.0015684322,2025-09-18,2025-09-17,0.0089765282078724,-0.007408096009035001,0.007408096009035001,5.4879886479080315e-05,1,1,0.01862039
r5_plus_fed,11,2,-0.022647727,-0.013003826,-0.008876882,-0.006438432,-0.0046868543,-0.0033152865,-0.002143185,-0.001153446,-0.0002228801,0.00058635615,0.0014023654,0.002214502,0.003048387,0.0038665824,0.0048441445,0.0059152837,0.007150684,0.008657621,0.010464821,0.01355219,0.020090913,0.0014023654,2025-09-19,2025-09-17,0.0067465512981945,-0.005344185905189189,0.005344185905189189,2.8560322989222788e-05,1,1,0.019341704
r5_plus_fed,11,3,-0.023508165,-0.013551409,-0.009300983,-0.0067957216,-0.0049869916,-0.0035530387,-0.002333786,-0.0012905302,-0.00034018065,0.0005121675,0.0013716312,0.0022146055,0.0030745228,0.0039145807,0.004908119,0.0060128705,0.0072747893,0.008813406,0.010682162,0.01387313,0.020690065,0.0013716312,2025-09-22,2025-09-17,0.0059025168281461,-0.004530885662179709,0.004530885662179709,2.0528924883745657e-05,1,1,0.019983144
r5_plus_fed,11,4,-0.024026703,-0.013781473,-0.0093643665,-0.0067650047,-0.0049116854,-0.0034777748,-0.0022428252,-0.0012226037,-0.00028954988,0.0005415353,0.0013693222,0.0021974426,0.0030311374,0.0038766365,0.004849376,0.0059398585,0.0072147874,0.008750679,0.010616433,0.013841108,0.02057471,0.0013693222,2025-09-23,2025-09-17,-0.0066644197550901,0.008033741939563376,0.008033741939563376,6.45410095514995e-05,0,1,0.0199808
r5_plus_fed,11,5,-0.023371493,-0.0134723345,-0.009156635,-0.0066400054,-0.0048450534,-0.003425942,-0.0022310754,-0.0012063158,-0.0002711438,0.0005693707,0.0014016306,0.0022235657,0.0030535047,0.0038723678,0.004851318,0.005952161,0.007234676,0.008813303,0.010792786,0.014173766,0.021281576,0.0014016306,2025-09-24,2025-09-17,-0.0035167918722211,0.00491842245171504,0.00491842245171504,2.4190879413534585e-05,0,1,0.019949421
r5_plus_fed,12,1,-0.018918375,-0.011526615,-0.008063493,-0.0059756762,-0.0044304826,-0.0032123402,-0.0021906858,-0.0013048247,-0.00047932053,0.00024808082,0.00097648316,0.0017207199,0.00247563,0.0032023853,0.0040694247,0.0050214054,0.006122819,0.007462605,0.009126266,0.011976737,0.017922351,0.00097648316,2025-09-25,2025-09-24,-0.0043206122755003,0.005297095438458475,0.005297095438458475,2.8059220084137584e-05,0,1,0.01718976
r5_plus_fed,12,2,-0.01969363,-0.0120723285,-0.008530633,-0.00637262,-0.0047709644,-0.00350137,-0.002404952,-0.001480464,-0.00060170284,0.00016774115,0.0009475806,0.0017319839,0.002516841,0.0032894327,0.0042078616,0.0052093924,0.0063713314,0.007800179,0.00952349,0.012489832,0.01853552,0.0009475806,2025-09-26,2025-09-24,0.004102521579534,-0.0031549409649411202,0.0031549409649411202,9.953652492263607e-06,1,1,0.018054124
r5_plus_fed,12,3,-0.019677924,-0.0118702445,-0.008231192,-0.005991645,-0.0043201647,-0.0029703714,-0.0018102232,-0.0008151897,9.567285e-05,0.00091657386,0.0017585092,0.0025943276,0.0034336587,0.004249418,0.0052051754,0.0062700063,0.0074872877,0.008980594,0.010791367,0.013866989,0.020208322,0.0017585092,2025-09-29,2025-09-24,0.0046203877183688,-0.002861878519233795,0.002861878519233795,8.190348658851818e-06,1,1,0.019022558
r5_plus_fed,12,4,-0.020652948,-0.01252873,-0.008676837,-0.0063112164,-0.004568907,-0.0031986516,-0.0020011738,-0.0009954083,-5.397119e-05,0.00079351163,0.0016616983,0.0025379527,0.0034102653,0.0042707752,0.0052481093,0.0063312887,0.0075823925,0.009095853,0.010919391,0.014037305,0.020320041,0.0016616983,2025-09-30,2025-09-24,0.0027354917335289,-0.0010737933996098517,0.0010737933996098517,1.1530322650456827e-06,1,1,0.019596228
r5_plus_fed,12,5,-0.019790467,-0.012105627,-0.008414529,-0.0061552627,-0.0044817985,-0.0031340024,-0.001968279,-0.00096138904,-2.418086e-05,0.0008241656,0.0016832885,0.002537202,0.0033945562,0.004216234,0.0051884833,0.0062738145,0.0075273262,0.009067097,0.01097204,0.01422358,0.020844767,0.0016832885,2025-10-01,2025-09-24,0.0047854513232006,-0.0031021628365261724,0.0031021628365261724,9.623414264324109e-06,1,1,0.019386569
r5_plus_fed,13,1,-0.013671493,-0.007445229,-0.004779123,-0.0031500428,-0.0019142714,-0.0009305016,-9.971857e-05,0.00062503037,0.001296076,0.001880882,0.0024629561,0.003046202,0.0036323622,0.004206899,0.0048934277,0.0056438996,0.0065191295,0.0075936615,0.00892264,0.011202537,0.015954727,0.0024629561,2025-10-02,2025-10-01,0.0041025931387437,-0.0016396370156896729,0.0016396370156896729,2.6884095432197364e-06,1,1,0.013701763
r5_plus_fed,13,2,-0.015221946,-0.008597441,-0.0057342416,-0.0039843787,-0.0026733447,-0.0016327216,-0.00073338987,1.7003622e-05,0.0007332645,0.0013496726,0.0019768823,0.0026009176,0.0032239864,0.003841141,0.004569567,0.0053694695,0.006294569,0.0074341865,0.008795097,0.011150226,0.015900599,0.0019768823,2025-10-03,2025-10-01,-0.0042185662989068,0.00619544863929331,0.00619544863929331,3.838358384212133e-05,0,1,0.014529338
r5_plus_fed,13,3,-0.015374642,-0.008521825,-0.0055979174,-0.0038133033,-0.0024760077,-0.00140402,-0.00048499426,0.00029639457,0.001012729,0.0016509929,0.002301347,0.0029409674,0.0035857195,0.004213436,0.0049446747,0.0057570403,0.00667396,0.0077992845,0.0091540925,0.0114689795,0.01619709,0.002301347,2025-10-06,2025-10-01,0.0074820937828216,-0.005180746806511585,0.005180746806511585,2.6840137473179986e-05,1,1,0.01475201
r5_plus_fed,13,4,-0.016008938,-0.00898038,-0.005905127,-0.0040088613,-0.0026027593,-0.0015069607,-0.00055134296,0.000242098,0.000977063,0.0016287246,0.0022886298,0.0029486974,0.0036025927,0.004263626,0.0050148517,0.0058583664,0.006842874,0.008038262,0.0094807735,0.011969722,0.016873047,0.0022886298,2025-10-07,2025-10-01,-0.0052795830091265,0.00756821277568014,0.00756821277568014,5.7277844617968095e-05,0,1,0.015385901
r5_plus_fed,13,5,-0.016395032,-0.009284814,-0.006039452,-0.0040473025,-0.0025799708,-0.0014256325,-0.0004531917,0.0003726576,0.0011311652,0.0018085651,0.0024922614,0.0031812456,0.0038689538,0.004545785,0.005341095,0.006242715,0.0072936723,0.008583525,0.010169922,0.012846479,0.018112995,0.0024922614,2025-10-08,2025-10-01,0.0113986287776662,-0.008906367425648678,0.008906367425648678,7.932338072065586e-05,1,0,0.016209375
r5_plus_fed,14,1,-0.017065305,-0.010344901,-0.0072691543,-0.005387177,-0.0039824825,-0.0028571608,-0.0018996279,-0.0010497108,-0.00023715687,0.0004964443,0.0012384347,0.0019835192,0.0027299551,0.0034665233,0.0043365536,0.005274241,0.0063474574,0.0076277275,0.0091644665,0.011701235,0.016589358,0.0012384347,2025-10-09,2025-10-08,-0.0012109871685766,0.002449421860490026,0.002449421860490026,5.99966745064642e-06,0,1,0.01643362
r5_plus_fed,14,2,-0.014433807,-0.007961214,-0.0049882815,-0.0031448435,-0.0017706841,-0.0006739537,0.0002776659,0.0010853284,0.0018585033,0.0025430613,0.0032537654,0.0039388677,0.0046421653,0.005329004,0.0061263945,0.006992389,0.007974,0.00915259,0.010535233,0.0128398985,0.017408064,0.0032537654,2025-10-10,2025-10-08,-0.0353310488534654,0.038584814257689795,0.038584814257689795,0.0014887878913004218,0,0,0.015523514
r5_plus_fed,14,3,-0.015972234,-0.009379027,-0.0064181346,-0.004608773,-0.003272085,-0.0022044699,-0.0012859545,-0.00049339025,0.00023695477,0.0009038454,0.0015967037,0.0022723158,0.0029629942,0.0036326288,0.0044013737,0.0052364385,0.0061767707,0.0073006344,0.0086581055,0.010942471,0.015533394,0.0015967037,2025-10-13,2025-10-08,0.0209992440232485,-0.01940254036350543,0.01940254036350543,0.0003764585725574574,1,0,0.0150762405
r5_plus_fed,14,4,-0.014749509,-0.008407139,-0.005486833,-0.0036550732,-0.00229033,-0.0012101225,-0.0002498076,0.0005576055,0.0013021445,0.001963753,0.002625678,0.0032849568,0.0039348183,0.0045947926,0.0053426004,0.006186965,0.0071563604,0.008317083,0.009705767,0.012043179,0.016730335,0.002625678,2025-10-14,2025-10-08,-0.0066832276878474,0.009308905655291463,0.009308905655291463,8.665572449911737e-05,0,0,0.0151926
r5_plus_fed,14,5,-0.016210962,-0.00963662,-0.0064665684,-0.004521559,-0.0031062164,-0.0019796733,-0.0010301693,-0.00022373092,0.0005097333,0.0011739933,0.001844187,0.0025174138,0.0031922837,0.0038541802,0.00463585,0.005493618,0.006478663,0.007657698,0.009095593,0.011456071,0.016194653,0.001844187,2025-10-15,2025-10-08,0.0070319862665144,-0.00518779923222039,0.00518779923222039,2.6913260873826472e-05,1,1,0.015562162
r5_plus_fed,15,1,-0.025619416,-0.014476271,-0.0098521095,-0.007143632,-0.005189953,-0.003645875,-0.0023525625,-0.0012351063,-0.00020779762,0.0007040589,0.0015861474,0.0024764226,0.0034074755,0.0043247417,0.005442079,0.006671311,0.00811634,0.00988174,0.012088895,0.015950028,0.024051735,0.0015861474,2025-10-16,2025-10-15,-0.0037098030692389,0.005295950420429348,0.005295950420429348,2.804709085564579e-05,0,1,0.021941004
r5_plus_fed,15,2,-0.023014711,-0.01225861,-0.0077909357,-0.005143282,-0.0032174448,-0.0016963799,-0.0003849581,0.0007177731,0.0017403604,0.002635838,0.0035142577,0.004384798,0.005312997,0.006246855,0.0073774126,0.008650817,0.01013012,0.011972131,0.014230402,0.018210111,0.026594492,0.0035142577,2025-10-17,2025-10-15,0.006545306134351,-0.003031048409022793,0.003031048409022793,9.187254457839604e-06,1,1,0.022021338
r5_plus_fed,15,3,-0.027305746,-0.015589828,-0.010727286,-0.00786259,-0.005800664,-0.004166828,-0.002774921,-0.0015839897,-0.00050649047,0.00047111453,0.0014396444,0.002395855,0.0033869357,0.004373672,0.005538071,0.0068457015,0.008356725,0.0102133695,0.012513911,0.016612489,0.02527007,0.0014396444,2025-10-20,2025-10-15,0.0125220215331664,-0.01108237716014438,0.01108237716014438,0.0001228190835196898,1,0,0.023241198
r5_plus_fed,15,4,-0.028151384,-0.016018877,-0.010842046,-0.0077618635,-0.005579115,-0.0038966807,-0.0024410961,-0.0012246,-0.00010382489,0.000879089,0.0018504695,0.0028341408,0.0038517672,0.0048880996,0.006112431,0.0075110556,0.009151241,0.0111384,0.01360151,0.017947158,0.026723608,0.0018504695,2025-10-21,2025-10-15,-0.0002615786773895,0.0021120481809412217,0.0021120481809412217,4.460747518617124e-06,0,1,0.024443556
r5_plus_fed,15,5,-0.029666007,-0.017364303,-0.012012096,-0.008862579,-0.0066334633,-0.0048806355,-0.003388301,-0.0021121483,-0.00093014,0.00014462275,0.0011999418,0.0022589057,0.003361202,0.004445188,0.0057565896,0.0072349133,0.008954227,0.011059914,0.0137401,0.018409194,0.027939074,0.0011999418,2025-10-22,2025-10-15,-0.0096806945149977,0.010880636364333729,0.010880636364333729,0.00011838824769286151,0,1,0.025752196
r5_plus_fed,16,1,-0.02825954,-0.016601468,-0.011172307,-0.008018246,-0.0057896823,-0.004058249,-0.0026247897,-0.001402025,-0.0002803785,0.0007014288,0.0016597533,0.0026221033,0.003610895,0.00457127,0.005718249,0.0069721295,0.008428445,0.01020105,0.012414367,0.016275644,0.024346886,0.0016597533,2025-10-23,2025-10-22,0.0083712721530506,-0.006711518886328637,0.006711518886328637,4.504448576154599e-05,1,1,0.023586674
r5_plus_fed,16,2,-0.030863054,-0.018571872,-0.01292947,-0.009604279,-0.007237611,-0.0053831562,-0.0038032867,-0.0024599084,-0.0011953033,-0.00010291056,0.0009751023,0.0020484803,0.0031308103,0.0041973307,0.005475503,0.0069041904,0.008586608,0.010653805,0.013178237,0.017576661,0.026410637,0.0009751023,2025-10-24,2025-10-22,0.0106216704083831,-0.009646568105764775,0.009646568105764775,9.30562762191582e-05,1,1,0.026107706
r5_plus_fed,16,3,-0.029181154,-0.017128525,-0.011564568,-0.008279755,-0.0059477836,-0.004111291,-0.0025633415,-0.0012603718,-9.124505e-05,0.00094537286,0.001973188,0.0029932708,0.004043229,0.005085019,0.0063252444,0.0077376044,0.009375149,0.011382681,0.013848212,0.018121485,0.02688752,0.001973188,2025-10-27,2025-10-22,0.0176524969725718,-0.015679308956008147,0.015679308956008147,0.0002458407293379573,1,0,0.02541278
r5_plus_fed,16,4,-0.029915553,-0.017610252,-0.011821314,-0.008417301,-0.006026936,-0.004182581,-0.0026080408,-0.001305316,-0.00011822907,0.0009206225,0.0019450656,0.002964939,0.00400662,0.0050519486,0.0062740683,0.007651409,0.009262253,0.011205596,0.0135946935,0.017785298,0.02622769,0.0019450656,2025-10-28,2025-10-22,0.0076605908208715,-0.005715525253601579,0.005715525253601579,3.2667228924557395e-05,1,1,0.025416007
r5_plus_fed,16,5,-0.03158993,-0.018901186,-0.012959499,-0.009459863,-0.006976875,-0.0050148317,-0.0033535445,-0.0019296278,-0.00061743543,0.0005720624,0.0017466289,0.0029032934,0.004076847,0.005213872,0.0065664225,0.008087636,0.00984736,0.011989551,0.014660312,0.019222474,0.028377546,0.0017466289,2025-10-29,2025-10-22,0.0044928826690138,-0.0027462537698865553,0.0027462537698865553,7.541909768616117e-06,1,1,0.02761981
r5_plus_fed,17,1,-0.028442632,-0.016445393,-0.011338397,-0.008389653,-0.0063041355,-0.0046926443,-0.003360039,-0.0022159335,-0.0011577267,-0.00022655528,0.0006889028,0.0016078816,0.0025539952,0.0034874422,0.004614807,0.005851783,0.007290255,0.009035252,0.01119374,0.014916002,0.022604786,0.0006889028,2025-10-30,2025-10-29,-0.0154067291234822,0.016095631924384922,0.016095631924384922,0.00025906936704527905,0,0,0.022532137
r5_plus_fed,17,2,-0.027068993,-0.015134019,-0.010058247,-0.0070988312,-0.0050034737,-0.003382612,-0.0020104581,-0.0008614097,0.00021202303,0.0011440439,0.00207211,0.0030025537,0.0039598243,0.00490735,0.006031022,0.007268903,0.00869261,0.010431161,0.012523783,0.016154053,0.023635505,0.00207211,2025-10-31,2025-10-29,0.0048124341897339,-0.002740324116092957,0.002740324116092957,7.509376261240646e-06,1,1,0.02258203
r5_plus_fed,17,3,-0.02664633,-0.014828633,-0.009820954,-0.006889551,-0.0048118965,-0.0031947228,-0.0018467979,-0.0007176368,0.00029341766,0.0011875717,0.0020716526,0.0029410631,0.0038419794,0.004742471,0.00581469,0.007032758,0.008431977,0.010156973,0.012268707,0.015911773,0.023480272,0.0020716526,2025-11-03,2025-10-29,0.004773297764712,-0.002701645203285837,0.002701645203285837,7.298886804437371e-06,1,1,0.02208966
r5_plus_fed,17,4,-0.027216075,-0.015155849,-0.009986798,-0.006972231,-0.0048556305,-0.0032484406,-0.0018765234,-0.0007555062,0.00025980268,0.0011399094,0.002005566,0.0028810138,0.0037752609,0.004677594,0.005733317,0.006931738,0.008327325,0.01002757,0.0121045215,0.01571427,0.023152627,0.002005566,2025-11-04,2025-10-29,-0.0205069305460749,0.02251249645760635,0.02251249645760635,0.0005068124967537384,0,0,0.02209132
r5_plus_fed,17,5,-0.02718644,-0.015275263,-0.010116407,-0.0071322406,-0.0050490424,-0.0034358464,-0.0020795725,-0.0009386927,9.622041e-05,0.0010204362,0.0019358718,0.0028413138,0.0037649577,0.0046678926,0.0057533695,0.0069784652,0.008402005,0.0101480475,0.012336953,0.016098605,0.023891967,0.0019358718,2025-11-05,2025-10-29,0.006486962911098,-0.004551091127454039,0.004551091127454039,2.0712430450390875e-05,1,1,0.02245336
r5_plus_fed,18,1,-0.032595363,-0.018664317,-0.0125482995,-0.0090509225,-0.0066050584,-0.004712469,-0.00313653,-0.0017827471,-0.00052988087,0.000588198,0.001694591,0.0028061995,0.0039462955,0.005062211,0.0063971668,0.00786146,0.009560796,0.011634695,0.014219558,0.018758133,0.028493099,0.001694591,2025-11-06,2025-11-05,-0.0188030362399423,0.020497627257382262,0.020497627257382262,0.0004201527231825803,0,0,0.026767857
r5_plus_fed,18,2,-0.03166411,-0.01801787,-0.012043511,-0.008580778,-0.006156867,-0.004283117,-0.0026936103,-0.0013569792,-0.00010199158,0.0010028057,0.0021021112,0.0032125069,0.0043497668,0.0054674866,0.0067901085,0.008252963,0.009941061,0.011995326,0.014485615,0.018928654,0.028405374,0.0021021112,2025-11-07,2025-11-05,-0.0031602806656952,0.005262391899093518,0.005262391899093518,2.7692768499645087e-05,0,1,0.026529126
r5_plus_fed,18,3,-0.030573156,-0.017373262,-0.011538374,-0.008146409,-0.0057761823,-0.003937469,-0.00239569,-0.0011002246,6.111304e-05,0.001098162,0.0021267354,0.0031492822,0.004199564,0.005248974,0.006488627,0.007908624,0.00954472,0.011570482,0.014083294,0.018570641,0.028252408,0.0021267354,2025-11-10,2025-11-05,0.0218830161265934,-0.01975628072432225,0.01975628072432225,0.00039031062805822684,1,0,0.025621668
r5_plus_fed,18,4,-0.03129929,-0.017628675,-0.01154161,-0.008022313,-0.0055771475,-0.003712852,-0.0021228422,-0.00081120606,0.00038256578,0.001423123,0.0024562755,0.0034965444,0.004562706,0.0056295325,0.006877703,0.008301001,0.0099629555,0.011982581,0.014492,0.018957878,0.028466385,0.0024562755,2025-11-11,2025-11-05,-0.0026671499925751,0.005123425505970767,0.005123425505970767,2.624948891523181e-05,0,1,0.02603361
r5_plus_fed,18,5,-0.032567114,-0.018605683,-0.012420989,-0.008869885,-0.0064056385,-0.004486098,-0.002868908,-0.001496571,-0.00023395335,0.0009115176,0.0020559041,0.003196672,0.0043628947,0.005497291,0.0068505337,0.0083774505,0.010139283,0.012294472,0.014999541,0.019738667,0.029701505,0.0020559041,2025-11-12,2025-11-05,-0.0007886429130851,0.0028445470426051588,0.0028445470426051588,8.091447877593756e-06,0,1,0.02742053
r5_plus_fed,19,1,-0.026569644,-0.014868114,-0.0098318085,-0.0068731303,-0.004758534,-0.003095544,-0.0017173744,-0.00054307666,0.00052595034,0.0014633071,0.0023639053,0.0032755204,0.0042487625,0.0052196695,0.006417254,0.0077521075,0.009334942,0.011278151,0.013747515,0.018143073,0.02806329,0.0023639053,2025-11-13,2025-11-12,-0.0206272332406192,0.02299113855125,0.02299113855125,0.0005285924518827739,0,0,0.023579324
r5_plus_fed,19,2,-0.030102735,-0.017607126,-0.012251178,-0.009095201,-0.006829035,-0.005048069,-0.003523083,-0.0022323057,-0.001022663,3.2435288e-05,0.0010626705,0.0021022768,0.003178163,0.004263081,0.0055880058,0.0070837913,0.008862563,0.0110757165,0.013805414,0.018709818,0.029374437,0.0010626705,2025-11-14,2025-11-12,0.000755673905718,0.0003069965840551543,0.0003069965840551543,9.424690262153343e-08,1,1,0.026056591
r5_plus_fed,19,3,-0.029742042,-0.01707525,-0.011619434,-0.008384466,-0.0060689626,-0.004233496,-0.0026829925,-0.00136446,-0.00017827912,0.0008895487,0.0019388127,0.0029963115,0.0041115135,0.005240086,0.006604816,0.00817697,0.01002422,0.012315959,0.0151546,0.020182861,0.03111734,0.0019388127,2025-11-17,2025-11-12,-0.0085771562852826,0.010515968952786553,0.010515968952786553,0.00011058560301597072,0,1,0.026774034
r5_plus_fed,19,4,-0.031141197,-0.017976234,-0.01226902,-0.00889056,-0.0064912834,-0.0046241824,-0.0030161366,-0.0016692556,-0.00042098865,0.0006877603,0.0017968933,0.002919515,0.004090149,0.005277104,0.0066814427,0.008274489,0.010169033,0.012485193,0.015366135,0.02051325,0.03151153,0.0017968933,2025-11-18,2025-11-12,-0.0122506503838736,0.014047543693675417,0.014047543693675417,0.00019733348382571997,0,1,0.027635155
r5_plus_fed,19,5,-0.03167657,-0.01846868,-0.012685923,-0.009280931,-0.006859763,-0.0049464563,-0.0033167065,-0.001919867,-0.0006193216,0.00056321366,0.001724453,0.002890021,0.0041114334,0.0053111394,0.0067543173,0.008390524,0.010310223,0.012682868,0.015705602,0.021077087,0.03255788,0.001724453,2025-11-19,2025-11-12,0.0059524259622395,-0.004227973017767068,0.004227973017767068,1.7875755838966364e-05,1,1,0.028391525
r5_plus_fed,20,1,-0.03719347,-0.021475723,-0.014646481,-0.010710256,-0.007922479,-0.0057405503,-0.0039391425,-0.0023892242,-0.0009719471,0.00026938017,0.0014818896,0.0027074711,0.0039733634,0.00520819,0.0066894894,0.008301847,0.0101689035,0.01243621,0.015267147,0.02026972,0.031504445,0.0014818896,2025-11-20,2025-11-19,-0.0239565701060706,0.025438459736738465,0.025438459736738465,0.0006471152337776641,0,0,0.029913627
r5_plus_fed,20,2,-0.039978113,-0.02298285,-0.0155732045,-0.011283109,-0.008260174,-0.005914144,-0.0039281826,-0.0022493368,-0.0007032405,0.0006480218,0.0019812682,0.003311466,0.00469961,0.0060688416,0.0076942574,0.00948202,0.011545169,0.014043901,0.017073613,0.022436501,0.0345342,0.0019812682,2025-11-21,2025-11-19,0.0074847628794217,-0.005503494708200682,0.005503494708200682,3.0288454003192915e-05,1,1,0.032646816
r5_plus_fed,20,3,-0.042947933,-0.025731847,-0.018022189,-0.013421787,-0.01016334,-0.0076133506,-0.0054786024,-0.003675114,-0.0020533134,-0.0006189002,0.0007940348,0.0021798452,0.0036171423,0.0050481535,0.006737178,0.008632709,0.010805773,0.013473266,0.016759183,0.02262007,0.03574709,0.0007940348,2025-11-24,2025-11-19,0.0252517353581003,-0.024457700557608073,0.024457700557608073,0.0005981791165656223,1,0,0.034781374
r5_plus_fed,20,4,-0.04233165,-0.025806421,-0.018268233,-0.01372427,-0.0104856305,-0.007980576,-0.0058242623,-0.0040104515,-0.00233482,-0.0008644896,0.00058678887,0.002017857,0.0034789024,0.0049466817,0.0066654044,0.008592912,0.010832039,0.01351956,0.01685223,0.022810653,0.035862293,0.00058678887,2025-11-25,2025-11-19,0.0061448514261719,-0.005558062557640315,0.005558062557640315,3.08920593946432e-05,1,1,0.035120465
r5_plus_fed,20,5,-0.043276582,-0.026337588,-0.018362906,-0.013636333,-0.0103369355,-0.007765373,-0.005586629,-0.0037306803,-0.00201516,-0.00047818932,0.0010276901,0.0025259429,0.004058025,0.0055576875,0.00734014,0.009328056,0.01162697,0.014415153,0.01790606,0.024031507,0.037702132,0.0010276901,2025-11-26,2025-11-19,0.0087968306561573,-0.007769140525871382,0.007769140525871382,6.035954451073705e-05,1,1,0.036268964
r5_plus_fed,21,1,-0.032824133,-0.019027675,-0.012654352,-0.008950427,-0.006368838,-0.0043603973,-0.002707936,-0.0013136519,-4.7920097e-05,0.0010568191,0.002114967,0.003183587,0.004326555,0.005480038,0.0068970746,0.008484953,0.010375994,0.012698249,0.015652236,0.020924574,0.03158995,0.002114967,2025-11-28,2025-11-26,0.0080744606016433,-0.005959493624255633,0.005959493624255633,3.551556425754354e-05,1,1,0.028306589
r5_plus_fed,21,2,-0.034729086,-0.020387862,-0.013785125,-0.009919181,-0.007217115,-0.0051314994,-0.0033667732,-0.0018914915,-0.0005327464,0.0006445062,0.0017911491,0.0029523876,0.004189464,0.0054343916,0.0069497684,0.0086648185,0.010699554,0.013216011,0.016326856,0.021926895,0.033063114,0.0017911491,2025-12-01,2025-11-26,-0.0033645861889512,0.005155735333943432,0.005155735333943432,2.658160683367279e-05,0,1,0.03011198
r5_plus_fed,21,3,-0.035965044,-0.021389527,-0.014581325,-0.010557183,-0.0077541247,-0.00557029,-0.0037398234,-0.0022009437,-0.0008244804,0.0003941548,0.0015797064,0.0027583113,0.0040222737,0.0053064213,0.006858907,0.008651583,0.010767068,0.0134050045,0.016710918,0.022681167,0.034606457,0.0015797064,2025-12-02,2025-11-26,0.007795608451378,-0.006215902010698271,0.006215902010698271,3.863743780660281e-05,1,1,0.031292245
r5_plus_fed,21,4,-0.036188956,-0.021483008,-0.014662021,-0.010640154,-0.007831828,-0.0056719435,-0.0038254524,-0.0022858803,-0.0008736293,0.00036424113,0.0015888668,0.002821394,0.0041250396,0.00546448,0.0070627,0.00889253,0.011085766,0.01377164,0.017154578,0.023270579,0.035162427,0.0015888668,2025-12-03,2025-11-26,0.002440744479132,-0.000851877666023675,0.000851877666023675,7.25695557869944e-07,1,1,0.031816598
r5_plus_fed,21,5,-0.03658023,-0.021691991,-0.014734087,-0.010662814,-0.007824786,-0.0056169555,-0.0037601974,-0.0021906719,-0.00075083476,0.00053557334,0.0017834739,0.0030350953,0.0043630567,0.0056943707,0.007312543,0.00916074,0.011357739,0.014063606,0.017546654,0.023746327,0.035903692,0.0017834739,2025-12-04,2025-11-26,-0.0009305239790373,0.0027139978618614825,0.0027139978618614825,7.365784394188698e-06,0,1,0.03228074
r5_plus_fed,22,1,-0.025787303,-0.014188698,-0.009354277,-0.0065531293,-0.00458599,-0.0030567236,-0.0017916297,-0.0007223071,0.00024698087,0.0010954145,0.0019068362,0.0027223376,0.00359452,0.0044896244,0.0055975937,0.006846136,0.008336973,0.010190265,0.012552704,0.016787976,0.025459658,0.0019068362,2025-12-05,2025-12-04,0.0040690601080226,-0.002162223935456782,0.002162223935456782,4.6752123470622134e-06,1,1,0.02190698
r5_plus_fed,22,2,-0.02538865,-0.014084657,-0.009357368,-0.0065920413,-0.00464477,-0.0031373072,-0.0018575578,-0.00079040736,0.00019432424,0.0010473707,0.0018753709,0.002710121,0.0035999115,0.0045078513,0.0056151915,0.0068768403,0.008374288,0.010246019,0.01257332,0.016779708,0.025381029,0.0018753709,2025-12-08,2025-12-04,-0.0019203451600904,0.003795716017396225,0.003795716017396225,1.4407460084718258e-05,0,1,0.021930687
r5_plus_fed,22,3,-0.025191192,-0.01390165,-0.009215842,-0.0064710835,-0.004537152,-0.0030320846,-0.0017743134,-0.0007231085,0.0002141844,0.0010437794,0.0018387343,0.0026255741,0.0034708066,0.004337352,0.0053921337,0.006617918,0.008068475,0.009902692,0.012216582,0.016410071,0.025107343,0.0018387343,2025-12-09,2025-12-04,0.001232585741391,0.0006061485156439574,0.0006061485156439574,3.674160230173728e-07,1,1,0.021432424
r5_plus_fed,22,4,-0.025172291,-0.013836648,-0.009113315,-0.0063444492,-0.004398186,-0.0029116273,-0.0016473827,-0.00061452977,0.00031427533,0.0011106775,0.0018747137,0.0026447694,0.0034670983,0.004326833,0.0053642406,0.0065748543,0.008030814,0.009842807,0.012152423,0.016352357,0.02489407,0.0018747137,2025-12-10,2025-12-04,0.0040873675112017,-0.002212653818387588,0.002212653818387588,4.895836920025173e-06,1,1,0.021265738
r5_plus_fed,22,5,-0.026107877,-0.014518174,-0.0095853675,-0.0067192484,-0.0047289603,-0.0031964346,-0.0019199988,-0.00085866294,9.4376504e-05,0.00092743634,0.0017307317,0.0025347576,0.0033974536,0.0042746933,0.0053563435,0.0066110124,0.008105986,0.009987345,0.01246169,0.016916698,0.025953373,0.0017307317,2025-12-11,2025-12-04,-0.0032396885435437,0.004970420231983547,0.004970420231983547,2.4705077282511375e-05,0,1,0.022047058
r5_plus_fed,23,1,-0.023981694,-0.012553802,-0.008018734,-0.0054049115,-0.0035814238,-0.0021805177,-0.001041335,-8.2517276e-05,0.00078347203,0.0015189177,0.0022199303,0.002925913,0.0036745465,0.0044352096,0.0053751557,0.006420368,0.0076554017,0.009170724,0.011076545,0.014447264,0.021615207,0.0022199303,2025-12-12,2025-12-11,-0.0193034256709435,0.021523355962119343,0.021523355962119343,0.0004632548518720983,0,0,0.01909528
r5_plus_fed,23,2,-0.024995109,-0.013355082,-0.008720679,-0.006022865,-0.004133352,-0.0026793191,-0.0014577156,-0.00044297415,0.00049204676,0.0012931172,0.0020728817,0.0028565596,0.0036841794,0.0045285067,0.0055476693,0.0066872626,0.008019984,0.00966019,0.011666264,0.015239423,0.02279137,0.0020728817,2025-12-15,2025-12-11,-0.00503202605191,0.0071049077263040114,0.0071049077263040114,5.047971379929444e-05,0,1,0.020386944
r5_plus_fed,23,3,-0.025852356,-0.013820829,-0.009067563,-0.006270372,-0.004297706,-0.0027578294,-0.0014735512,-0.0003953235,0.00056574226,0.00141428,0.0022401896,0.003060093,0.003925478,0.0047976994,0.005846912,0.007053512,0.008461814,0.010221645,0.012401391,0.01622733,0.02430169,0.0022401896,2025-12-16,2025-12-11,0.0019798417903194,0.00026034779365269626,0.00026034779365269626,6.778097365982691e-08,1,1,0.021468954
r5_plus_fed,23,4,-0.027729297,-0.015045127,-0.009982439,-0.0070092664,-0.004943066,-0.00337383,-0.0020313782,-0.0009251721,8.463283e-05,0.0009748743,0.0018539934,0.0027288033,0.0036425388,0.004580573,0.005676337,0.006914582,0.008377957,0.010160204,0.01236546,0.016262203,0.024239235,0.0018539934,2025-12-17,2025-12-11,-0.018710909603913,0.020564902999256424,0.020564902999256424,0.00042291523536882583,0,0,0.0223479
r5_plus_fed,23,5,-0.027513662,-0.014974868,-0.009909963,-0.0069629983,-0.0049339863,-0.003361674,-0.0020445473,-0.0009251913,9.09681e-05,0.0009973643,0.0018777151,0.0027513318,0.003656251,0.0045603923,0.005651059,0.006885372,0.008338546,0.010124516,0.012401495,0.016401501,0.024668086,0.0018777151,2025-12-18,2025-12-11,0.0143861168093265,-0.012508401696685047,0.012508401696685047,0.00015646011300563336,1,0,0.022311458
r5_plus_fed,24,1,-0.039385412,-0.023838801,-0.016674815,-0.01252484,-0.009628123,-0.00737006,-0.005472057,-0.0038497197,-0.0023496812,-0.0010082255,0.00030400377,0.001626723,0.0029712636,0.004269701,0.0058019464,0.007474083,0.009413049,0.011755451,0.014663047,0.019838138,0.031658377,0.00030400377,2025-12-19,2025-12-18,0.0129512311021402,-0.012647227332142692,0.012647227332142692,0.00015995235919089718,1,1,0.03133786
r5_plus_fed,24,2,-0.03772989,-0.021988831,-0.014796864,-0.010610077,-0.0077030906,-0.0054556034,-0.003548883,-0.0019468305,-0.00045352138,0.0008698605,0.002170937,0.0034866217,0.004824625,0.006133694,0.0076772915,0.009376775,0.0113340365,0.013697487,0.016575169,0.021774946,0.03360113,0.002170937,2025-12-22,2025-12-18,0.0047819781064196,-0.002611041203434623,0.002611041203434623,6.8175361660333245e-06,1,1,0.031372033
r5_plus_fed,24,3,-0.037829958,-0.02248128,-0.015386434,-0.011227088,-0.008337681,-0.0060936087,-0.0042012814,-0.0026055183,-0.0011694004,0.00011609215,0.0013853766,0.0026534996,0.003953663,0.005252615,0.006784232,0.00851595,0.010513883,0.0129452925,0.015935916,0.021303339,0.033397865,0.0013853766,2025-12-23,2025-12-18,0.0046723877365108,-0.003287011180665659,0.003287011180665659,1.0804442501821049e-05,1,1,0.031322353
r5_plus_fed,24,4,-0.03716504,-0.021575116,-0.01436306,-0.010182624,-0.007294567,-0.0050858934,-0.0032028211,-0.0016375066,-0.00021421979,0.0010302573,0.002246678,0.0034728735,0.0047282903,0.0059792716,0.0074461335,0.00910825,0.011048021,0.0133745335,0.016291885,0.021582425,0.03356819,0.002246678,2025-12-24,2025-12-18,0.002921390510044,-0.0006747124016945574,0.0006747124016945574,4.552368250004378e-07,1,1,0.030654944
r5_plus_fed,24,5,-0.037647177,-0.022553189,-0.015616141,-0.0115745,-0.008766265,-0.0065627107,-0.004693174,-0.0031011584,-0.0016302067,-0.00030812772,0.0010051368,0.0023051412,0.0036465344,0.004954882,0.0065229433,0.008271528,0.010279254,0.012724357,0.01583648,0.021397479,0.03400851,0.0010051368,2025-12-26,2025-12-18,-6.422789274467806e-05,0.001069364649902421,0.001069364649902421,1.1435407544609278e-06,0,1,0.03145262
r5_plus_fed,25,1,-0.023073046,-0.012969241,-0.008551173,-0.005993636,-0.0041792057,-0.0027734893,-0.0016125398,-0.00063113647,0.00026494014,0.0010445956,0.0017996788,0.0025612672,0.0033561825,0.004143554,0.005100563,0.0061693685,0.0074406164,0.009019149,0.011041993,0.014688299,0.022047667,0.0017996788,2025-12-29,2025-12-26,-0.0048523387503473,0.00665201752955447,0.00665201752955447,4.424933721349996e-05,0,1,0.019593166
r5_plus_fed,25,2,-0.024235433,-0.013787382,-0.009250211,-0.006598947,-0.004717244,-0.0032599387,-0.0020232643,-0.000992498,-3.2996642e-05,0.0007950863,0.0016151011,0.0024380027,0.003293389,0.004148092,0.005178869,0.0063358718,0.007705057,0.009413633,0.011541696,0.015371174,0.022941068,0.0016151011,2025-12-30,2025-12-26,-0.002322080967224,0.003937182089521346,0.003937182089521346,1.550140280604767e-05,0,1,0.020791907
r5_plus_fed,25,3,-0.024742013,-0.014096052,-0.009461228,-0.006757796,-0.0048280745,-0.0033104909,-0.002028441,-0.0009471708,2.9660994e-05,0.00090364215,0.0017722023,0.0026310822,0.0035280227,0.0044151642,0.005476297,0.006691682,0.008122632,0.009924553,0.012185881,0.016246503,0.024365168,0.0017722023,2025-12-31,2025-12-26,-0.0082999674436359,0.010072169762170156,0.010072169762170156,0.00010144860371797482,0,1,0.021647109
r5_plus_fed,25,4,-0.025210582,-0.014261394,-0.009519668,-0.0067674574,-0.00481381,-0.0033054878,-0.0020099343,-0.0009381983,4.5466528e-05,0.0009185519,0.0017908644,0.0026698513,0.0035774815,0.004497002,0.0055698496,0.006789448,0.008250137,0.010053443,0.012322449,0.016404102,0.024288738,0.0017908644,2026-01-02,2025-12-26,-0.0019389085586393,0.003729772951754344,0.003729772951754344,1.391120627163831e-05,0,1,0.021842118
r5_plus_fed,25,5,-0.02455812,-0.013918263,-0.009328393,-0.006674278,-0.004786056,-0.0032958044,-0.0020314297,-0.0009570059,2.7992239e-05,0.0009122765,0.0017819109,0.0026477198,0.003543754,0.00443262,0.0055058384,0.0067382315,0.008201359,0.0100438595,0.012425464,0.016662076,0.02483772,0.0017819109,2026-01-05,2025-12-26,0.0079114894198541,-0.006129578529140766,0.006129578529140766,3.7571732944903477e-05,1,1,0.021753857
r5_plus_fed,26,1,-0.023803728,-0.013602981,-0.009134483,-0.0065307873,-0.0046684216,-0.0032127975,-0.001995516,-0.000948471,1.8341292e-05,0.0008714128,0.00171122,0.0025593909,0.003434408,0.0043003694,0.0053473976,0.006506473,0.007860445,0.009516657,0.011584939,0.015230815,0.022917079,0.00171122,2026-01-06,2026-01-05,0.0087482178168147,-0.007036997801974336,0.007036997801974336,4.951933806499163e-05,1,1,0.020719422
r5_plus_fed,26,2,-0.023534317,-0.013303709,-0.008817193,-0.00617706,-0.0042915014,-0.0028247037,-0.001575892,-0.0005345866,0.00043523166,0.0012799075,0.0021191053,0.0029631513,0.0038371822,0.0047080647,0.0057490813,0.006909358,0.008249641,0.0098979585,0.01190874,0.015488103,0.022967316,0.0021191053,2026-01-07,2026-01-05,0.0009620444420226,0.0011570608672253706,0.0011570608672253706,1.3387898504643268e-06,1,1,0.020725932
r5_plus_fed,26,3,-0.023646934,-0.01344339,-0.008976385,-0.0063641667,-0.0044938503,-0.0030219927,-0.001776331,-0.00072675163,0.00022306584,0.0010722158,0.0019164433,0.0027536731,0.0036197915,0.0044793524,0.005504991,0.0066738706,0.008022407,0.009712306,0.011801836,0.015522046,0.023346987,0.0019164433,2026-01-08,2026-01-05,-0.0057052436488162,0.007621686995815786,0.007621686995815786,5.8090112662187455e-05,0,1,0.02077822
r5_plus_fed,26,4,-0.024936177,-0.014179988,-0.009459435,-0.0067202575,-0.004779314,-0.0032875743,-0.0020017996,-0.00094001973,3.1626085e-05,0.0008917527,0.0017531457,0.0026251315,0.0035209614,0.004425949,0.005483149,0.006691176,0.008108899,0.009851244,0.012007959,0.015818886,0.023537083,0.0017531457,2026-01-09,2026-01-05,0.0099109548847561,-0.008157809172328305,0.008157809172328305,6.654985049212382e-05,1,1,0.021467395
r5_plus_fed,26,5,-0.024683282,-0.014217743,-0.009612918,-0.00692959,-0.0050107753,-0.0034935544,-0.0021996605,-0.0010943821,-7.710286e-05,0.0008411,0.0017560482,0.0026658857,0.0035965075,0.0045064315,0.0056041856,0.0068498487,0.008315833,0.010140407,0.012447959,0.016476247,0.024647748,0.0017560482,2026-01-12,2026-01-05,0.0008294056426431,0.000926642536588484,0.000926642536588484,8.5866639061514e-07,1,1,0.022060877
r5_plus_fed,27,1,-0.018338943,-0.010431492,-0.00694806,-0.004856067,-0.0033284095,-0.0021231873,-0.0011102263,-0.00024630397,0.0005455406,0.0012355695,0.001898802,0.0025713765,0.0032660202,0.003955937,0.004796539,0.005733435,0.0068409382,0.008202883,0.009904744,0.012848973,0.019071514,0.001898802,2026-01-13,2026-01-12,-0.0014839300044612,0.0033827320064217757,0.0033827320064217757,1.1442875827270293e-05,0,1,0.016852804
r5_plus_fed,27,2,-0.018967556,-0.010979529,-0.007434387,-0.0053011533,-0.003746761,-0.0025247172,-0.0014761629,-0.00060330296,0.00021505373,0.00092276715,0.0016147038,0.002316116,0.003025792,0.003745012,0.0046131425,0.00557763,0.0067058625,0.0081020575,0.009806082,0.012781067,0.019027762,0.0016147038,2026-01-14,2026-01-12,-0.010740300349678,0.01235500414648195,0.01235500414648195,0.0001526461274595862,0,0,0.017240468
r5_plus_fed,27,3,-0.019904612,-0.011527419,-0.007846725,-0.005636778,-0.0040244395,-0.0027414453,-0.0016521084,-0.00072734954,0.000107631786,0.00085916254,0.0016036353,0.0023442274,0.0031005004,0.0038569723,0.0047619306,0.0057803486,0.006958667,0.008422799,0.010212011,0.013320848,0.019799372,0.0016036353,2026-01-15,2026-01-12,0.0035929980835507,-0.00198936282271541,0.00198936282271541,3.9575644404022235e-06,1,1,0.018058736
r5_plus_fed,27,4,-0.020870699,-0.0120915305,-0.008216031,-0.005893842,-0.0042134253,-0.0029008416,-0.0017620706,-0.0008212308,4.9663417e-05,0.0008249879,0.0015990498,0.0023895102,0.003193365,0.0040057143,0.004953178,0.006026314,0.0072901496,0.008833303,0.010719141,0.013991973,0.020603918,0.0015990498,2026-01-16,2026-01-12,-0.0008366969035008,0.0024357466812246487,0.0024357466812246487,5.93286189509689e-06,0,1,0.018935172
r5_plus_fed,27,5,-0.020790875,-0.012159786,-0.008342884,-0.006050666,-0.0043761027,-0.00303563,-0.0018831188,-0.0009008907,1.3868033e-05,0.0008362527,0.0016535872,0.0024623224,0.0032867491,0.004091962,0.005063327,0.006168517,0.00745719,0.009058692,0.01107285,0.014539272,0.021589397,0.0016535872,2026-01-20,2026-01-12,-0.0214760784039844,0.02312966561677048,0.02312966561677048,0.0005349814315436146,0,0,0.019415732
r5_plus_fed,28,1,-0.027789189,-0.015722802,-0.010279214,-0.007101681,-0.004838536,-0.0030605267,-0.00156005,-0.00025854446,0.00094838685,0.0020389664,0.0031267386,0.004214677,0.0053266576,0.0064216186,0.007736224,0.009184051,0.010908722,0.01299878,0.015624239,0.02018039,0.029813785,0.0031267386,2026-01-21,2026-01-20,0.0134278216147505,-0.010301083021768208,0.010301083021768208,0.00010611231142136124,1,1,0.025903452
r5_plus_fed,28,2,-0.028919708,-0.016893893,-0.011537444,-0.008385162,-0.006111731,-0.0043142997,-0.0027466328,-0.0013995141,-0.00010441011,0.0010626668,0.0022351923,0.0034314645,0.0046534715,0.0058433875,0.0072580585,0.008838778,0.01066851,0.012870252,0.015525915,0.02024326,0.02981283,0.0022351923,2026-01-22,2026-01-20,0.0072430873870345,-0.005007895047167147,0.005007895047167147,2.507901280344124e-05,1,1,0.027063359
r5_plus_fed,28,3,-0.028466688,-0.016847719,-0.011553743,-0.008418382,-0.006150581,-0.0043247803,-0.0027448046,-0.0013843215,-0.00012792193,0.0010315852,0.0022156606,0.003406813,0.004619853,0.005813394,0.007217254,0.008817952,0.010663704,0.012917261,0.01567294,0.02054467,0.030533649,0.0022156606,2026-01-23,2026-01-20,0.0031524465518224,-0.0009367859089898824,0.0009367859089898824,8.775678392820002e-07,1,1,0.027226683
r5_plus_fed,28,4,-0.028080476,-0.016537378,-0.01137438,-0.008359025,-0.0061630104,-0.0044151517,-0.0028710063,-0.0015591151,-0.00032463763,0.0008044966,0.0019616324,0.003143757,0.0043514445,0.005535467,0.006911576,0.008455196,0.01026215,0.012451249,0.01517273,0.0199461,0.029588751,0.0019616324,2026-01-26,2026-01-20,0.0043904574626665,-0.0024288250637780314,0.0024288250637780314,5.899191190436358e-06,1,1,0.026547112
r5_plus_fed,28,5,-0.027444517,-0.016207686,-0.011241581,-0.008338893,-0.0062113283,-0.004484121,-0.0029755505,-0.0016707795,-0.0004369556,0.00069562945,0.0018432946,0.0029970226,0.004173369,0.005309386,0.0066544726,0.00816926,0.009909186,0.012031868,0.014675041,0.01928029,0.028753793,0.0018432946,2026-01-27,2026-01-20,0.0090244412298433,-0.007181146635406416,0.007181146635406416,5.156886699920889e-05,1,1,0.025916621
r5_plus_fed,29,1,-0.023086097,-0.01262594,-0.008396972,-0.0059495764,-0.0041891676,-0.0028149993,-0.0016731654,-0.00069574267,0.00020593085,0.0009912053,0.0017611263,0.0025375495,0.0033357968,0.0041310317,0.005092732,0.006153526,0.007389199,0.008893177,0.010745371,0.013910856,0.020336997,0.0017611263,2026-01-28,2026-01-27,0.0033060597474741,-0.0015449334154891033,0.0015449334154891033,2.3868192582948263e-06,1,1,0.019142343
r5_plus_fed,29,2,-0.02263518,-0.012250167,-0.008038937,-0.0055794558,-0.0038148891,-0.0024424773,-0.001277214,-0.00031147595,0.00058813544,0.0013580263,0.0021239165,0.0028915354,0.0036879363,0.0044872467,0.0054384046,0.006491594,0.007706071,0.009186822,0.010965537,0.014034693,0.020256918,0.0021239165,2026-01-29,2026-01-27,-0.0060032571173296,0.008127173638998033,0.008127173638998033,6.605095135842453e-05,0,1,0.019004475
r5_plus_fed,29,3,-0.022993604,-0.012385527,-0.008151009,-0.0056973794,-0.0039337124,-0.0025505456,-0.0013832682,-0.00040423532,0.00047972865,0.0012617426,0.0020374232,0.0028004998,0.0035954025,0.004389729,0.0053297356,0.0063938927,0.007610396,0.0091029005,0.010914188,0.014043629,0.020395653,0.0020374232,2026-01-30,2026-01-27,-0.0120835548194642,0.014120978016644232,0.014120978016644232,0.00019940202014654968,0,0,0.019065198
r5_plus_fed,29,4,-0.023774626,-0.012877525,-0.008470286,-0.005906754,-0.0040827207,-0.0026879618,-0.001487373,-0.00050376786,0.000393828,0.0011768695,0.0019514076,0.0027317062,0.0035323128,0.0043475144,0.005302042,0.006390468,0.007665555,0.009214042,0.011093582,0.014348735,0.020787632,0.0019514076,2026-02-02,2026-01-27,0.0068429323823859,-0.004891524741213491,0.004891524741213491,2.392701429390371e-05,1,1,0.019563869
r5_plus_fed,29,5,-0.024379993,-0.013341386,-0.008800032,-0.0061693406,-0.0043117222,-0.0028667767,-0.0016565999,-0.0006378911,0.0002856254,0.0011072559,0.0019196239,0.0027288208,0.0035611037,0.0043870527,0.005385729,0.006518835,0.007845296,0.0094788205,0.01152103,0.015004724,0.021944808,0.0019196239,2026-02-03,2026-01-27,-0.0154832450508379,0.01740286898084512,0.01740286898084512,0.0003028598487644612,0,0,0.020321062
r5_plus_fed,30,1,-0.028488738,-0.0166654,-0.011181077,-0.007968044,-0.005692396,-0.003914518,-0.0024261982,-0.0011488909,2.4740642e-05,0.0010675308,0.002089736,0.0031163376,0.004178582,0.0052278102,0.0064940313,0.007890313,0.009551819,0.011580067,0.0141254775,0.0185874,0.02783191,0.002089736,2026-02-04,2026-02-03,-0.0176234025449109,0.019713138596768372,0.019713138596768372,0.0003886078333353989,0,0,0.025306555
r5_plus_fed,30,2,-0.02962074,-0.017608775,-0.012085108,-0.008839328,-0.0065379227,-0.004741093,-0.003205743,-0.0019074406,-0.000694786,0.00037230187,0.0014295946,0.002498405,0.0036133851,0.0047147293,0.006034967,0.0075136577,0.009249794,0.011360242,0.013939399,0.018507399,0.027733596,0.0014295946,2026-02-05,2026-02-03,-0.0144999009629112,0.015929495550445864,0.015929495550445864,0.0002537488284916746,0,0,0.026024507
r5_plus_fed,30,3,-0.028874774,-0.017180633,-0.011733778,-0.008519981,-0.0062331767,-0.0044209287,-0.0028800368,-0.0015691291,-0.00038722268,0.00067621435,0.001732047,0.002782339,0.003880058,0.004973648,0.0062826434,0.007784197,0.009541199,0.011716327,0.01440746,0.019167809,0.028963134,0.001732047,2026-02-06,2026-02-03,0.0209175553454878,-0.019185508396741952,0.019185508396741952,0.00036808373244145596,1,0,0.026141237
r5_plus_fed,30,4,-0.02933389,-0.01746101,-0.011963297,-0.008745586,-0.00646077,-0.0046791947,-0.003140204,-0.0018493088,-0.0006659291,0.00039493284,0.0014579375,0.0025345,0.0036484858,0.0047654384,0.006073513,0.007545396,0.009288874,0.011407886,0.014050804,0.01875362,0.028184023,0.0014579375,2026-02-09,2026-02-03,0.0076309390187482,-0.006173001491300261,0.006173001491300261,3.810594741159524e-05,1,1,0.0260141
r5_plus_fed,30,5,-0.028910493,-0.01717505,-0.011760945,-0.008602541,-0.0063448893,-0.004545444,-0.0030071046,-0.0016835912,-0.0004588847,0.0006536793,0.0017536074,0.0028478664,0.003970784,0.005080544,0.006411235,0.007919233,0.009683122,0.011850915,0.014581541,0.019372733,0.029058099,0.0017536074,2026-02-10,2026-02-03,-0.0046501304869109,0.006403737902505061,0.006403737902505061,4.100785912397991e-05,0,1,0.026342485
r5_plus_fed,31,1,-0.026237937,-0.015230156,-0.010493524,-0.0077299294,-0.005750649,-0.0041856947,-0.0028619976,-0.0017128099,-0.0006437709,0.00031805164,0.0012718948,0.00223416,0.0032230075,0.0041884277,0.0053487998,0.006621859,0.00811006,0.009908843,0.012150426,0.016065804,0.024302935,0.0012718948,2026-02-11,2026-02-10,0.0026785246318274,-0.0014066298481144766,0.0014066298481144766,1.9786075296065557e-06,1,1,0.02264395
r5_plus_fed,31,2,-0.024938805,-0.014082673,-0.00945906,-0.006734893,-0.0047738645,-0.0032289862,-0.001895225,-0.0007627099,0.00030539875,0.0012498142,0.0021962123,0.0031603402,0.004155605,0.005129937,0.006287355,0.0075673093,0.009031182,0.0108066145,0.012956675,0.016773451,0.024763098,0.0021962123,2026-02-12,2026-02-10,-0.0205485919210974,0.02274480422026551,0.02274480422026551,0.0005173261190182078,0,0,0.022415735
r5_plus_fed,31,3,-0.025667025,-0.014839806,-0.010227828,-0.007560112,-0.0056482637,-0.00411999,-0.0028038053,-0.0016751889,-0.00063905306,0.0003018331,0.0012484842,0.0021811752,0.003138884,0.00408048,0.0051965322,0.0064499425,0.00788885,0.009664009,0.011861385,0.01577738,0.02402279,0.0012484842,2026-02-13,2026-02-10,0.0021287806931436,-0.000880296448573464,0.000880296448573464,7.749218373710534e-07,1,1,0.022089213
r5_plus_fed,31,4,-0.025158174,-0.014213619,-0.009548489,-0.0068434197,-0.004899573,-0.0033739908,-0.0020360653,-0.00091253687,0.00012543617,0.0010490703,0.001975024,0.0029176455,0.0038842787,0.004847074,0.005969781,0.0072454284,0.008738878,0.0105598625,0.012807379,0.01677232,0.024873063,0.001975024,2026-02-17,2026-02-10,-0.0010306544570979,0.003005678343286765,0.003005678343286765,9.034102303303072e-06,0,1,0.022355868
r5_plus_fed,31,5,-0.025855206,-0.014822983,-0.010141557,-0.007422078,-0.005446722,-0.0038604317,-0.0024917466,-0.0013095463,-0.00020731008,0.0007965567,0.0018017419,0.0027999156,0.0038225949,0.0048144087,0.0060023353,0.007342841,0.008900573,0.010815057,0.013219242,0.01740526,0.02587164,0.0018017419,2026-02-18,2026-02-10,0.00743942737277,-0.005637685481229413,0.005637685481229413,3.178349758526492e-05,1,1,0.0233608
r5_plus_fed,32,1,-0.02659524,-0.015379275,-0.010455608,-0.0075492025,-0.005467549,-0.0038248883,-0.0024329326,-0.0012286054,-0.00011436577,0.0008854073,0.0018729917,0.0028721113,0.0039046402,0.004935666,0.006175309,0.0075397044,0.00913034,0.01106831,0.013454577,0.017535256,0.025686834,0.0018729917,2026-02-19,2026-02-18,-0.0038370280008004,0.0057100196781740475,0.0057100196781740475,3.260432472513485e-05,0,1,0.023910185
r5_plus_fed,32,2,-0.026011417,-0.014953335,-0.010079963,-0.0071863453,-0.0051132743,-0.0034818617,-0.0020722933,-0.0008767808,0.00025193105,0.0012468504,0.00223114,0.0032305685,0.0042659403,0.0052904626,0.0065032686,0.00785245,0.009390635,0.011254298,0.013487677,0.017389331,0.025190257,0.00223114,2026-02-20,2026-02-18,0.0088099573780797,-0.006578817455565142,0.006578817455565142,4.328083911364861e-05,1,1,0.02356764
r5_plus_fed,32,3,-0.02628006,-0.015306433,-0.010448768,-0.0075747273,-0.0055217347,-0.0038956772,-0.0025131223,-0.0013353906,-0.00026136014,0.0007050429,0.00165999,0.0026053523,0.0035883437,0.004573603,0.0057454673,0.0070708054,0.008595908,0.010487508,0.012807562,0.01686879,0.025096638,0.00165999,2026-02-23,2026-02-18,-0.0122294359375665,0.01388942599305306,0.01388942599305306,0.000192916154416498,0,0,0.02325633
r5_plus_fed,32,4,-0.02644755,-0.015262972,-0.010341291,-0.007448653,-0.005397848,-0.0038086162,-0.002430257,-0.0012823385,-0.0002262019,0.0007015594,0.001614501,0.0025408647,0.003500785,0.004476788,0.0056245336,0.0069399425,0.008472319,0.010344793,0.01265423,0.016700115,0.024656815,0.001614501,2026-02-24,2026-02-18,0.0106842149453879,-0.009069713944074572,0.009069713944074572,8.225971102734072e-05,1,1,0.02299552
r5_plus_fed,32,5,-0.026110675,-0.015171575,-0.01034516,-0.0075054714,-0.005477345,-0.003873377,-0.0025011562,-0.0013317952,-0.00025480374,0.0007103437,0.0016630446,0.0026094439,0.0035959142,0.004568091,0.005745139,0.0070826192,0.008638826,0.010563794,0.012997879,0.017204069,0.025497055,0.0016630446,2026-02-25,2026-02-18,0.014389206171659,-0.012726161610958344,0.012726161610958344,0.0001619551893482299,1,0,0.023343038
r5_plus_fed,33,1,-0.02519755,-0.0150581775,-0.010415001,-0.0076610344,-0.0056468407,-0.0040510288,-0.002696163,-0.0015082109,-0.00039267528,0.00060617796,0.0016030273,0.002607748,0.0036366354,0.0046544047,0.0058695376,0.007199499,0.008738795,0.010603209,0.012906965,0.016904112,0.025120512,0.0016030273,2026-02-26,2026-02-25,-0.0121379912336784,0.01374101857370311,0.01374101857370311,0.00018881559144285384,0,0,0.023321966
r5_plus_fed,33,2,-0.024564939,-0.014549658,-0.009966025,-0.0072256792,-0.0052239257,-0.00364186,-0.0022735693,-0.0011052162,1.3811979e-05,0.0009964167,0.001986174,0.0029828614,0.004006834,0.005012853,0.0061996654,0.007510997,0.009014569,0.010839999,0.013032978,0.016890496,0.024779754,0.001986174,2026-02-27,2026-02-25,-0.0032058888467913,0.005192062759674105,0.005192062759674105,2.695751570039468e-05,0,1,0.022999004
r5_plus_fed,33,3,-0.024043996,-0.014166504,-0.009654073,-0.006974538,-0.005029204,-0.0034845443,-0.00217081,-0.0010522065,-3.5408884e-05,0.00087331247,0.0017824692,0.002689666,0.0036261827,0.004564117,0.0056767343,0.0069407024,0.008395522,0.010209296,0.01243129,0.016307363,0.02424702,0.0017824692,2026-03-02,2026-02-25,0.0013165290300355,0.00046594018856131606,0.00046594018856131606,2.1710025931655476e-07,1,1,0.022085363
r5_plus_fed,33,4,-0.024990292,-0.014856761,-0.010203861,-0.007452213,-0.005477308,-0.0039394773,-0.002600112,-0.0014873139,-0.00045729917,0.00045595123,0.0013733358,0.002304414,0.003253112,0.0042127133,0.0053270506,0.0065939305,0.008073093,0.009878023,0.01209963,0.015982643,0.023762321,0.0013733358,2026-03-03,2026-02-25,-0.0107633106296413,0.012136646465165204,0.012136646465165204,0.00014729818742040705,0,0,0.022303492
r5_plus_fed,33,5,-0.024380052,-0.014607627,-0.010124691,-0.0074615665,-0.005527616,-0.003983912,-0.002658966,-0.0015263982,-0.00047998072,0.00046568213,0.0014092375,0.002346313,0.003301872,0.0042336555,0.005353135,0.006621487,0.008108762,0.009955205,0.012287878,0.016317772,0.024401885,0.0014092375,2026-03-04,2026-02-25,0.0151281458914152,-0.013718908385547122,0.013718908385547122,0.00018820844729103514,1,0,0.022412568
r5_plus_fed,34,1,-0.02699472,-0.01606438,-0.011303928,-0.008492071,-0.006445175,-0.0048107137,-0.0034131096,-0.0021828725,-0.0010202561,3.8402213e-05,0.0010994844,0.0021755397,0.0032742282,0.004344052,0.0056131,0.0069948095,0.008586653,0.010509124,0.012867678,0.016958022,0.025153698,0.0010994844,2026-03-05,2026-03-04,-0.0030173828003607,0.004116867190939864,0.004116867190939864,1.694859546783709e-05,0,1,0.024171606
r5_plus_fed,34,2,-0.025780825,-0.014846858,-0.010077434,-0.00723278,-0.00515596,-0.0035114614,-0.002080561,-0.00085707405,0.00030918443,0.0013544625,0.0024069902,0.0034719503,0.0045590336,0.0056268508,0.006880117,0.008260018,0.009832734,0.011736212,0.014018951,0.018003142,0.025924334,0.0024069902,2026-03-06,2026-03-04,-0.0151574814026373,0.01756447155821496,0.01756447155821496,0.0003085106611193422,0,0,0.024096385
r5_plus_fed,34,3,-0.025284756,-0.014642419,-0.010005416,-0.0072522745,-0.0052546114,-0.0036587222,-0.002283687,-0.0011044627,-2.1834276e-05,0.000957659,0.0019489094,0.0029416666,0.0039615836,0.0049758353,0.0061671925,0.0075140474,0.009057116,0.010951161,0.013258681,0.017292459,0.02530686,0.0019489094,2026-03-09,2026-03-04,0.0132671971453655,-0.011318287776999498,0.011318287776999498,0.00012810363820297621,1,0,0.023264097
r5_plus_fed,34,4,-0.025610568,-0.014800895,-0.010044934,-0.0072145513,-0.00516176,-0.00354918,-0.002133294,-0.0009387502,0.00016947254,0.0011530342,0.0021338821,0.003130735,0.0041416315,0.0051535093,0.0063317968,0.0076675676,0.009217065,0.0110835,0.013386695,0.017411912,0.025338732,0.0021338821,2026-03-10,2026-03-04,1.6508684927659008e-05,0.002117373453950448,0.002117373453950448,4.48327034349405e-06,1,1,0.023431629
r5_plus_fed,34,5,-0.026496092,-0.015614491,-0.010854075,-0.008048696,-0.0060133534,-0.0043814983,-0.0029651406,-0.001737054,-0.00058774475,0.0004606359,0.0015202381,0.00258344,0.0036684165,0.0047186865,0.0059741666,0.007378018,0.0089972485,0.010974564,0.01346085,0.017748872,0.026071195,0.0015202381,2026-03-11,2026-03-04,-0.0001316744104464,0.0016519125286925977,0.0016519125286925977,2.7288150024515724e-06,0,1,0.024314925
r5_plus_fed,35,1,-0.03034468,-0.0177713,-0.012035265,-0.008701091,-0.006361689,-0.0045251586,-0.0029689306,-0.0016228933,-0.00037139456,0.0007481015,0.0018547613,0.0029678294,0.00412578,0.005270712,0.0066467472,0.00816726,0.0099532865,0.012110507,0.014770233,0.01933054,0.028456042,0.0018547613,2026-03-12,2026-03-11,-0.017312295522057,0.019167056792863194,0.019167056792863194,0.0003673760661008431,0,0,0.026805498
r5_plus_fed,35,2,-0.031463347,-0.018432887,-0.012546958,-0.009102584,-0.006684735,-0.0047969087,-0.0031745955,-0.0017952445,-0.00049188896,0.00065697567,0.001789332,0.0029440247,0.0041380366,0.005309813,0.0067104334,0.008280243,0.010100998,0.012289538,0.014902789,0.019448722,0.028306024,0.001789332,2026-03-13,2026-03-11,-0.0059448319508432,0.007734163969077036,0.007734163969077036,5.981729230056945e-05,0,1,0.027449748
r5_plus_fed,35,3,-0.030888177,-0.018203206,-0.01237345,-0.008973429,-0.006585697,-0.0046966653,-0.0030886526,-0.0017238125,-0.00048819836,0.00062291784,0.0017260974,0.0028279396,0.0039837775,0.0051377737,0.006514738,0.008090223,0.009916955,0.0121300705,0.014807216,0.019421699,0.028386166,0.0017260974,2026-03-16,2026-03-11,0.0111550227168346,-0.00942892528952604,0.00942892528952604,8.89046321154637e-05,1,1,0.027180666
r5_plus_fed,35,4,-0.029747281,-0.017382542,-0.011833369,-0.00862606,-0.006354697,-0.0045702388,-0.0030168677,-0.0017102143,-0.00050224585,0.00057063746,0.0016313214,0.0027046776,0.0038144751,0.004937498,0.00625557,0.007757308,0.009528033,0.011650724,0.014271292,0.018852206,0.027639166,0.0016313214,2026-03-17,2026-03-11,0.0048683691413103,-0.003237047755807485,0.003237047755807485,1.0478478173378276e-05,1,1,0.02610466
r5_plus_fed,35,5,-0.029358767,-0.017133255,-0.011701628,-0.0085727265,-0.0063387374,-0.004561868,-0.0030386262,-0.0017334038,-0.00052471913,0.0005664699,0.0016428838,0.0027171439,0.0038379417,0.004939262,0.0062617953,0.0077532,0.00947391,0.011566585,0.014194514,0.01874859,0.027572284,0.0016428838,2026-03-18,2026-03-11,-0.0140377489975822,0.015680632752848866,0.015680632752848866,0.00024588224352971663,0,0,0.025896141
r5_plus_fed,36,1,-0.033246305,-0.019639747,-0.013275637,-0.0095316665,-0.0068918457,-0.004815174,-0.0030776046,-0.0015699007,-0.0001732186,0.0010707005,0.0023078492,0.0035434568,0.004814115,0.006060868,0.007552346,0.009182032,0.011097602,0.013415337,0.016309654,0.021351768,0.032125656,0.0023078492,2026-03-19,2026-03-18,-0.0031652646492486,0.005473113886943937,0.005473113886943937,2.9954975619458568e-05,0,1,0.02958529
r5_plus_fed,36,2,-0.0346257,-0.02093044,-0.014598664,-0.0108407205,-0.00816852,-0.0060737245,-0.004269468,-0.002727138,-0.0012747978,1.2344797e-05,0.0012982877,0.0025940128,0.0039356067,0.0052500586,0.006809528,0.008538288,0.010554526,0.012985446,0.015934879,0.021134546,0.031831153,0.0012982877,2026-03-20,2026-03-18,-0.0186546281476399,0.019952915798210173,0.019952915798210173,0.0003981188488504651,0,0,0.030533543
r5_plus_fed,36,3,-0.03439269,-0.020905074,-0.014492821,-0.010666135,-0.007941202,-0.0057758363,-0.00393006,-0.002352492,-0.0009172853,0.00037753896,0.0016782035,0.0029708853,0.004308061,0.005622749,0.007168107,0.008915436,0.010934757,0.013388172,0.016388113,0.021657934,0.03269667,0.0016782035,2026-03-23,2026-03-18,0.0114135876008421,-0.009735384135425072,0.009735384135425072,9.477770426428618e-05,1,1,0.030880934
r5_plus_fed,36,4,-0.033467147,-0.020427134,-0.01430371,-0.010666043,-0.008049858,-0.0059864377,-0.0041808146,-0.0026486097,-0.0012248161,5.4137898e-05,0.0013402415,0.0026319744,0.0039572134,0.005278827,0.0068114507,0.008522962,0.010533635,0.012943402,0.015919589,0.021166405,0.031936537,0.0013402415,2026-03-24,2026-03-18,-0.0068602769430481,0.008200518463713686,0.008200518463713686,6.724850307370906e-05,0,1,0.030223299
r5_plus_fed,36,5,-0.032658596,-0.01971762,-0.013671445,-0.0101160975,-0.007565114,-0.0055231466,-0.0037648128,-0.0022427414,-0.00082387036,0.00046241752,0.0017359857,0.0030084348,0.004306505,0.005571477,0.007067119,0.008735759,0.010664064,0.012989473,0.015895557,0.020972637,0.031499937,0.0017359857,2026-03-25,2026-03-18,0.0065540954417512,-0.004818109697006661,0.004818109697006661,2.3214181052389618e-05,1,1,0.029567001
r5_plus_fed,37,1,-0.027142279,-0.016198369,-0.011448612,-0.008621098,-0.0065778266,-0.0049564457,-0.0035832683,-0.0023789858,-0.0012501274,-0.00023581175,0.0007747888,0.0018021893,0.0028510238,0.0038760416,0.0051012235,0.00643698,0.007978794,0.009838655,0.01212926,0.016061187,0.023871403,0.0007747888,2026-03-26,2026-03-25,-0.0241573889130316,0.024932177699688755,0.024932177699688755,0.0006216134848488573,0,0,0.023577873
r5_plus_fed,37,2,-0.026239425,-0.015327252,-0.010553544,-0.0076744915,-0.0055865385,-0.003928904,-0.0024945238,-0.0012649894,-9.9894765e-05,0.00093655044,0.001975744,0.00301634,0.0040840404,0.0051290006,0.006362994,0.007711748,0.009253378,0.01111671,0.013367021,0.017279644,0.025082864,0.001975744,2026-03-27,2026-03-25,-0.019730019448686,0.021705763480055686,0.021705763480055686,0.0004711401682521191,0,0,0.023920566
r5_plus_fed,37,3,-0.02802268,-0.016678954,-0.011756328,-0.008784416,-0.0066463533,-0.004939267,-0.0034779026,-0.0022157826,-0.0010552376,3.3573015e-06,0.0010710007,0.0021295864,0.0032126363,0.004271102,0.0055167787,0.0068971906,0.008476747,0.010403077,0.012767823,0.016874645,0.025090963,0.0010710007,2026-03-30,2026-03-25,-0.0076727321425188,0.008743732847060603,0.008743732847060603,7.645286410076652e-05,0,1,0.024524152
r5_plus_fed,37,4,-0.028213864,-0.01653877,-0.0113824885,-0.008268836,-0.006046149,-0.0043212567,-0.002817452,-0.0015527179,-0.00038528256,0.00065582205,0.001698911,0.002747707,0.003816849,0.0048858393,0.0061177933,0.007512031,0.00912283,0.011068937,0.0134647,0.017612252,0.025741776,0.001698911,2026-03-31,2026-03-25,0.0332934747441379,-0.031594563786935585,0.031594563786935585,0.0009982164608867414,1,0,0.024847189
r5_plus_fed,37,5,-0.028307578,-0.01701088,-0.01200379,-0.008982063,-0.0068214126,-0.0051080836,-0.0036393083,-0.002369741,-0.0011826422,-9.987975e-05,0.0009822227,0.0020673764,0.0031809364,0.004262422,0.005550047,0.0069898786,0.008649346,0.010677085,0.013231683,0.017600864,0.026148587,0.0009822227,2026-04-01,2026-03-25,0.0122775210759136,-0.011295298346551052,0.011295298346551052,0.00012758376473759894,1,1,0.025235472
r5_plus_fed,38,1,-0.036873907,-0.021733278,-0.014578851,-0.0104443105,-0.0075577293,-0.0052939556,-0.00340219,-0.0017525409,-0.0002268696,0.0011384317,0.0025027823,0.0038729783,0.00528843,0.00669707,0.0083927745,0.010268139,0.012501243,0.015236394,0.018692348,0.024812447,0.037673894,0.0025027823,2026-04-02,2026-04-01,0.001145970701089,0.0013568115692233092,0.0013568115692233092,1.8409376343782188e-06,1,1,0.0332712
r5_plus_fed,38,2,-0.037733145,-0.02254823,-0.015364118,-0.011204066,-0.0082912715,-0.0060201944,-0.004074504,-0.0024055738,-0.00084001565,0.0005456695,0.0019231248,0.003316343,0.0047682277,0.0061954972,0.007901588,0.009812884,0.012041368,0.014753481,0.018050663,0.024018873,0.036269702,0.0019231248,2026-04-06,2026-04-01,0.0059993334915025,-0.004076208719937301,0.004076208719937301,1.6615477528492893e-05,1,1,0.03341478
r5_plus_fed,38,3,-0.039021704,-0.024036022,-0.016767204,-0.0125221405,-0.009552832,-0.0072148778,-0.0052291052,-0.0035303442,-0.0019862535,-0.00059750833,0.00078275014,0.0021419716,0.0035576813,0.004975799,0.0066646435,0.008572653,0.0107971495,0.013540243,0.016949166,0.02315076,0.036184892,0.00078275014,2026-04-07,2026-04-01,0.0001529255739752,0.0006298245655033941,0.0006298245655033941,3.9667898331153913e-07,1,1,0.03371637
r5_plus_fed,38,4,-0.036258794,-0.02212825,-0.015407955,-0.011484254,-0.008695819,-0.006510535,-0.0046091694,-0.002996546,-0.0014996913,-0.000169529,0.0011506195,0.0024747695,0.003836135,0.0052057113,0.0068233637,0.008658479,0.010836577,0.013497923,0.016847381,0.022963129,0.035489693,0.0011506195,2026-04-08,2026-04-01,0.0292986165485728,-0.02814799707712712,0.02814799707712712,0.000792309739453957,1,0,0.032255337
r5_plus_fed,38,5,-0.03497854,-0.021054266,-0.014416683,-0.010583339,-0.00787365,-0.005726018,-0.0038907148,-0.0023060357,-0.0008314257,0.00049917586,0.0018174741,0.0031335321,0.0044840635,0.005813899,0.007403307,0.0092012305,0.011301255,0.013902987,0.017234223,0.023242947,0.03561165,0.0018174741,2026-04-09,2026-04-01,0.0067419281026438,-0.004924453960926843,0.004924453960926843,2.4250246813288072e-05,1,1,0.03165091
r5_plus_fed,39,1,-0.027312467,-0.015178716,-0.009732085,-0.006569516,-0.0043701283,-0.0026733924,-0.0012776288,-9.6874195e-05,0.00097185804,0.0019055887,0.0027924704,0.003665018,0.0045992145,0.0055526886,0.0067305975,0.008038822,0.009619008,0.011580992,0.014110104,0.01875369,0.028738879,0.0027924704,2026-04-10,2026-04-09,0.0014411254517957,0.0013513449381813976,0.0013513449381813976,1.8261331419484853e-06,1,1,0.02384219
r5_plus_fed,39,2,-0.027836304,-0.015926376,-0.010555047,-0.0074193855,-0.0052370573,-0.0035580355,-0.0021389246,-0.00095517497,0.00013750972,0.0010796267,0.0019920638,0.0028977029,0.0038649437,0.004849127,0.006043989,0.007403553,0.009022233,0.011042382,0.013585223,0.018332833,0.028301394,0.0019920638,2026-04-13,2026-04-09,0.0102893746103027,-0.008297310780627383,0.008297310780627383,6.884536619031538e-05,1,1,0.024140269
r5_plus_fed,39,3,-0.028043056,-0.016060108,-0.0106666,-0.007513207,-0.0053040353,-0.0035872892,-0.002151339,-0.000942812,0.00014126755,0.0010988832,0.0020238548,0.0029362678,0.0039162673,0.0049065663,0.0060999733,0.0074889464,0.0091289375,0.011194764,0.0138224205,0.018691927,0.029031042,0.0020238548,2026-04-14,2026-04-09,0.017994109443091,-0.01597025468450054,0.01597025468450054,0.0002550490346878114,1,0,0.02448902
r5_plus_fed,39,4,-0.029605635,-0.017146548,-0.011521002,-0.008238881,-0.0059513142,-0.004194372,-0.0026917723,-0.001445717,-0.00030330784,0.00069825276,0.0016890399,0.0026867387,0.0037415172,0.004823317,0.0061111934,0.0075854077,0.009356726,0.011542827,0.014325697,0.019455675,0.029946873,0.0016890399,2026-04-15,2026-04-09,0.0139023813809591,-0.012213341511725134,0.012213341511725134,0.00014916571088202836,1,1,0.0258467
r5_plus_fed,39,5,-0.030179635,-0.017619332,-0.011962875,-0.008661931,-0.0063498914,-0.004540537,-0.0030060024,-0.0017047448,-0.0005134299,0.0005594366,0.0016051675,0.0026516295,0.003747355,0.004844791,0.0061772275,0.0077063297,0.009528752,0.011800564,0.014779456,0.0202289,0.031283453,0.0016051675,2026-04-16,2026-04-09,0.0048048162885672,-0.0031996487692660235,0.0031996487692660235,1.0237752246665578e-05,1,1,0.026742332
r5_plus_fed,40,1,-0.025532223,-0.014762086,-0.009862237,-0.0069640153,-0.0048881024,-0.0032638488,-0.0019057326,-0.00074220164,0.0003178499,0.00122369,0.0020941654,0.0029575226,0.0038272964,0.0046733706,0.0056900843,0.006778322,0.008036443,0.00954803,0.01141495,0.014549463,0.021000242,0.0020941654,2026-04-17,2026-04-16,0.0129992647527287,-0.010905099330706358,0.010905099330706358,0.00011892119141257226,1,0,0.021277186
r5_plus_fed,40,2,-0.025974039,-0.0152344415,-0.010309294,-0.0073584556,-0.0052424413,-0.0035822513,-0.0021749572,-0.0010029722,6.931345e-05,0.0009803099,0.0018799601,0.0027525513,0.0036484904,0.0045256843,0.005557995,0.006677187,0.007965211,0.0095128985,0.011372124,0.0145352855,0.020959863,0.0018799601,2026-04-20,2026-04-16,-0.0031798994389941,0.005059859504701664,0.005059859504701664,2.5602178207319767e-05,0,1,0.021681417
r5_plus_fed,40,3,-0.027320918,-0.016112356,-0.011052818,-0.007994246,-0.005809194,-0.004071843,-0.0025966256,-0.0013505882,-0.00023369526,0.0007524452,0.0017271885,0.0026635583,0.0036156622,0.0045402832,0.0056047398,0.0067717237,0.008073113,0.009629986,0.011512616,0.014691262,0.021208111,0.0017271885,2026-04-21,2026-04-16,-0.003810612297942,0.005537800769646722,0.005537800769646722,3.066723736429983e-05,0,1,0.022565434
r5_plus_fed,40,4,-0.028889889,-0.017146973,-0.011632196,-0.008290135,-0.0059441645,-0.0041373097,-0.002581635,-0.0013068842,-0.00016076979,0.00083347165,0.0018104552,0.0027661072,0.0037284829,0.0046914034,0.0057921023,0.00700987,0.008419159,0.010088356,0.012100576,0.015502997,0.022316752,0.0018104552,2026-04-22,2026-04-16,0.0165921773583235,-0.014781722129190131,0.014781722129190131,0.00021849930910458924,1,0,0.023732772
r5_plus_fed,40,5,-0.028830685,-0.01729209,-0.01175064,-0.008407399,-0.0060609686,-0.0042211907,-0.00266431,-0.0013443278,-0.00015354052,0.000909436,0.0019476912,0.0029650114,0.0039822934,0.0049707103,0.006126635,0.0074037244,0.008873999,0.010628643,0.0127956625,0.016420329,0.023716217,0.0019476912,2026-04-23,2026-04-16,-0.0056486029959206,0.007596294194359006,0.007596294194359006,5.770368548725234e-05,0,1,0.024546303
r5_plus_fed,41,1,-0.02941601,-0.01701464,-0.011526795,-0.008287187,-0.0059740692,-0.0041617705,-0.0026451913,-0.0013338032,-0.00012517389,0.0009340905,0.0019707717,0.0030042212,0.0040615816,0.0050987634,0.0063521685,0.0076953666,0.009260662,0.011160341,0.01349401,0.017451104,0.025429087,0.0019707717,2026-04-24,2026-04-23,0.0189468573480601,-0.016976085647916285,0.016976085647916285,0.00028818748392538926,1,0,0.025020804
r5_plus_fed,41,2,-0.030159347,-0.017803617,-0.0122392345,-0.008916548,-0.0065279626,-0.00465608,-0.0030502134,-0.0016826177,-0.00041119574,0.00070481934,0.0018152308,0.0029093458,0.0040403553,0.005149423,0.0064541986,0.007871264,0.00948692,0.011426275,0.013747004,0.017735494,0.025856778,0.0018152308,2026-04-27,2026-04-23,0.0005270551084132,0.001288175710052152,0.001288175710052152,1.659396659968366e-06,1,1,0.02598624
r5_plus_fed,41,3,-0.032483928,-0.019421892,-0.013565344,-0.010031931,-0.0075114,-0.005509972,-0.003814293,-0.0023569958,-0.0010296728,0.00016485329,0.0013569011,0.0025204595,0.00371825,0.0048976,0.0062740776,0.007801705,0.009523192,0.011610392,0.014143797,0.018432412,0.02706476,0.0013569011,2026-04-28,2026-04-23,-0.0101076702269595,0.01146457136225513,0.01146457136225513,0.00013143639652024046,0,1,0.027709141
r5_plus_fed,41,4,-0.03449064,-0.021133214,-0.015004641,-0.011278651,-0.008624238,-0.0065660616,-0.004775533,-0.0032577957,-0.0018463638,-0.0005900071,0.0006607946,0.0018987891,0.0031501018,0.004390975,0.0058189505,0.0073906556,0.009205613,0.011383728,0.014022598,0.018612975,0.02763753,0.0006607946,2026-04-29,2026-04-23,0.00609495624219,-0.005434161629704085,0.005434161629704085,2.9530112617748155e-05,1,1,0.029027238
r5_plus_fed,41,5,-0.034155954,-0.020688638,-0.014391263,-0.0106180785,-0.007975443,-0.005900289,-0.0041398583,-0.0026277557,-0.0012306476,3.263727e-05,0.0012771689,0.0025147244,0.0037591099,0.0049774284,0.006415711,0.008016668,0.009852136,0.012078975,0.01485674,0.019620258,0.029097296,0.0012771689,2026-04-30,2026-04-23,0.0092830500147749,-0.008005881151321928,0.008005881151321928,6.409413300909172e-05,1,1,0.029248003
r5_plus_fed,42,1,-0.028820893,-0.017020535,-0.011463345,-0.008215984,-0.0059189657,-0.0041327244,-0.002640234,-0.001373183,-0.00021607906,0.0007997348,0.001769962,0.0027476684,0.0037603797,0.0047538066,0.005945486,0.0072490526,0.0087617,0.010585571,0.012836169,0.016746294,0.025343897,0.001769962,2026-05-01,2026-04-30,0.0095538390947103,-0.007783877072629283,0.007783877072629283,6.058874228180381e-05,1,1,0.024299514
r5_plus_fed,42,2,-0.029171577,-0.017217632,-0.011487432,-0.008111811,-0.0057277703,-0.0038751825,-0.0023045633,-0.0010025371,0.00019325165,0.0012232545,0.0022153645,0.0032067746,0.004225882,0.0052426574,0.006453995,0.0077909613,0.00931689,0.011152871,0.013384974,0.017319348,0.025945658,0.0022153645,2026-05-04,2026-04-30,-0.0018856450433876,0.00410100952564139,0.00410100952564139,1.6818279129401417e-05,0,1,0.024872405
r5_plus_fed,42,3,-0.03128496,-0.018881636,-0.012929725,-0.0093847215,-0.006875668,-0.0049055177,-0.0032435055,-0.0018457216,-0.0005882161,0.0005365867,0.0016339149,0.0027198964,0.0038421166,0.0049624564,0.006291704,0.0077839927,0.0094856,0.0115556335,0.014085906,0.018500006,0.027997976,0.0016339149,2026-05-05,2026-04-30,0.0128906114414483,-0.011256696555405824,0.011256696555405824,0.00012671321734048535,1,1,0.02701563
r5_plus_fed,42,4,-0.033046458,-0.020197393,-0.014015986,-0.01032397,-0.0076967925,-0.0056385896,-0.0038465075,-0.002333278,-0.0009297108,0.00031250797,0.00153257,0.0027381354,0.003974708,0.005203308,0.006625847,0.008217759,0.010066245,0.012281815,0.014977325,0.01967413,0.02953235,0.00153257,2026-05-06,2026-04-30,0.0205615200524752,-0.019028950059187876,0.019028950059187876,0.0003621009403550663,1,0,0.02899331
r5_plus_fed,42,5,-0.034037422,-0.020935582,-0.014518259,-0.010683715,-0.007962674,-0.005807229,-0.0039599626,-0.0023895341,-0.0009540912,0.00032823038,0.0015834887,0.0028238841,0.0041074837,0.005358893,0.0068515106,0.008515416,0.0104219895,0.012718063,0.015541864,0.020365613,0.030565076,0.0015834887,2026-05-07,2026-04-30,-0.0011936533232645,0.0027771419813350643,0.0027771419813350643,7.712517584493646e-06,0,1,0.030060124
r5_plus_fed,43,1,-0.029825468,-0.016490357,-0.010963528,-0.007785988,-0.0055667954,-0.0038455545,-0.0024040597,-0.0011677034,-2.278923e-05,0.0009802114,0.0019673067,0.0029606284,0.0039570136,0.004922786,0.0060703754,0.007310208,0.008740722,0.010473704,0.012631913,0.01633708,0.024395714,0.0019673067,2026-05-08,2026-05-07,0.0231703225493159,-0.02120301583481094,0.02120301583481094,0.0004495678804912435,1,0,0.023595441
r5_plus_fed,43,2,-0.031239862,-0.017612407,-0.0119860815,-0.008739287,-0.0064750602,-0.0047176527,-0.0032365245,-0.001985995,-0.0008237753,0.00019172428,0.0012074772,0.0022151936,0.0032336672,0.0042325445,0.0054128226,0.0066969683,0.0082014315,0.010027719,0.012250112,0.016117807,0.0243308,0.0012074772,2026-05-11,2026-05-07,0.0028922052917906,-0.0016847281115033581,0.0016847281115033581,2.8383088096896712e-06,1,1,0.024236195
r5_plus_fed,43,3,-0.03077154,-0.017160669,-0.011587449,-0.008337438,-0.006074799,-0.004292843,-0.0027918296,-0.0015094113,-0.00035264902,0.000693004,0.0017388945,0.002761603,0.0037948966,0.004803945,0.0059820786,0.007277103,0.008756639,0.010560041,0.012771989,0.01653764,0.024809338,0.0017388945,2026-05-12,2026-05-07,-0.0085179658852257,0.010256860383201408,0.010256860383201408,0.00010520318492048653,0,1,0.024359439
r5_plus_fed,43,4,-0.030137578,-0.016653683,-0.011006021,-0.007686654,-0.0053952998,-0.003628723,-0.0021103255,-0.0008604588,0.00026998768,0.0012627124,0.0022403789,0.0032127553,0.0041824826,0.0051622353,0.006276533,0.0075140717,0.008960365,0.0107117845,0.012870653,0.01662408,0.02474772,0.0022403789,2026-05-13,2026-05-07,0.0105068698110206,-0.008266490935735213,0.008266490935735213,6.833487239059244e-05,1,1,0.023876674
r5_plus_fed,43,5,-0.029611783,-0.016626304,-0.011179658,-0.007992645,-0.0057817074,-0.004042196,-0.0025691427,-0.0013261696,-0.00020250992,0.0007978496,0.001779526,0.0027386185,0.0037048194,0.004649614,0.0057721073,0.0070205983,0.008479679,0.010273487,0.012545802,0.016449468,0.024952875,0.001779526,2026-05-14,2026-05-07,0.0070825214082421,-0.005302995401811713,0.005302995401811713,2.812176023163617e-05,1,1,0.02372546
r5_plus_fed,44,1,-0.027688164,-0.0154170105,-0.01024503,-0.007239427,-0.0050822063,-0.0034000645,-0.0019859038,-0.00075647584,0.00038485025,0.0014047781,0.0024265703,0.0034558624,0.0044933045,0.0055025266,0.006706063,0.008005341,0.009508574,0.011341972,0.013632039,0.017708037,0.02679963,0.0024265703,2026-05-15,2026-05-14,-0.0152026334230975,0.017629203704483877,0.017629203704483877,0.00031078882325418807,0,0,0.02387707
r5_plus_fed,44,2,-0.027287466,-0.014946603,-0.009673241,-0.0065723946,-0.004355397,-0.0026254295,-0.0011534119,8.635927e-05,0.0012472342,0.0022712424,0.0033101463,0.004332596,0.00538347,0.0064117257,0.0076196813,0.008952244,0.010476198,0.012336685,0.014606932,0.018712714,0.027879044,0.0033101463,2026-05-18,2026-05-14,-0.0043115963146612,0.007621742590568955,0.007621742590568955,5.809096011689276e-05,0,1,0.024280172
r5_plus_fed,44,3,-0.028458357,-0.015872125,-0.010614127,-0.007524952,-0.005327341,-0.003595863,-0.002126621,-0.0008751416,0.0002755465,0.0013280936,0.0024010288,0.0034583993,0.0045308867,0.0055792835,0.0067981635,0.0081507685,0.009674753,0.011553374,0.013878085,0.018026473,0.027324662,0.0024010288,2026-05-19,2026-05-14,-0.0061814861115354,0.008582514871312945,0.008582514871312945,7.365956151630785e-05,0,1,0.024492212
r5_plus_fed,44,4,-0.029463401,-0.016472077,-0.010886467,-0.007591806,-0.0052718404,-0.003495704,-0.001965796,-0.0006988918,0.00047252025,0.0015162556,0.0025772874,0.0036421865,0.004717714,0.0057922793,0.007028127,0.008422904,0.010042684,0.012030613,0.014491204,0.018862443,0.02830444,0.0025772874,2026-05-20,2026-05-14,0.0164281040538753,-0.013850816676085682,0.013850816676085682,0.00019184512259453324,1,0,0.025377672
r5_plus_fed,44,5,-0.028751623,-0.016218042,-0.01075644,-0.0075151254,-0.005246779,-0.0034724753,-0.001966293,-0.00068980455,0.0004889437,0.0015588696,0.0026433228,0.0037302752,0.004830441,0.0059037977,0.007165198,0.008577636,0.01020277,0.012205992,0.014734786,0.019217007,0.02903657,0.0026433228,2026-05-21,2026-05-14,0.0019051493012325,0.0007381735037102271,0.0007381735037102271,5.449001215798327e-07,1,1,0.025491226
r5_plus_fed,45,1,-0.032344848,-0.018141411,-0.0120700365,-0.008477384,-0.0059313206,-0.0039423015,-0.0022849743,-0.0008620391,0.0004456942,0.0015968163,0.0027125415,0.0038238915,0.004984613,0.0061436715,0.007548566,0.009083811,0.010886278,0.01307821,0.01579791,0.020517487,0.03053898,0.0027125415,2026-05-22,2026-05-21,0.0042317001047059,-0.0015191586120500266,0.0015191586120500266,2.3078428885657633e-06,1,1,0.027867947
r5_plus_fed,45,2,-0.031864803,-0.018313572,-0.012507693,-0.009051088,-0.006587431,-0.004660031,-0.003012326,-0.0016163758,-0.00030943617,0.00083354505,0.0019558175,0.0030765124,0.004247353,0.00541869,0.006814307,0.008365043,0.010176056,0.012376369,0.015053561,0.019791868,0.029751036,0.0019558175,2026-05-26,2026-05-21,0.0175994087028353,-0.015643591249272087,0.015643591249272087,0.00024472194717430225,1,0,0.027561255
r5_plus_fed,45,3,-0.031620827,-0.018020224,-0.012233543,-0.0087720845,-0.006314935,-0.004382344,-0.0027435676,-0.0013507167,-8.887501e-05,0.0010364532,0.002137842,0.003231769,0.004379049,0.005526138,0.0068840543,0.00842149,0.010194557,0.012370561,0.01504963,0.01978494,0.029886995,0.002137842,2026-05-27,2026-05-21,-0.0011372140589216,0.0032750559485563283,0.0032750559485563283,1.0725991466174192e-05,0,1,0.027283173
r5_plus_fed,45,4,-0.033599384,-0.019448694,-0.013312214,-0.00964301,-0.0070577776,-0.0050567933,-0.0033332193,-0.0018907066,-0.00056417607,0.0006012898,0.0017536338,0.0029060224,0.004108631,0.005338369,0.0067849155,0.008422084,0.01035293,0.012678011,0.015550016,0.020658458,0.031191412,0.0017536338,2026-05-28,2026-05-21,0.0083955845406445,-0.0066419506987722855,0.0066419506987722855,4.411550908492165e-05,1,1,0.02886223
r5_plus_fed,45,5,-0.034735754,-0.02018915,-0.013842198,-0.010057481,-0.0073825186,-0.0052677006,-0.003467733,-0.0019194288,-0.00048589957,0.0008077363,0.0020757664,0.0033391656,0.004644072,0.0059365747,0.007473493,0.009209501,0.011229376,0.013689851,0.016797632,0.022263367,0.033648066,0.0020757664,2026-05-29,2026-05-21,0.0036773062882472,-0.001601539842178317,0.001601539842178317,2.5649298660845486e-06,1,1,0.030639831
r5_plus_fed,46,1,-0.025327304,-0.013211772,-0.008124158,-0.0051822,-0.0031062101,-0.0015055197,-0.00019704457,0.0009200803,0.0019369066,0.0028237172,0.0036954097,0.0045616236,0.005470804,0.0063927285,0.0075351056,0.008797426,0.010311934,0.012194374,0.014637589,0.01911845,0.028914737,0.0036954097,2026-06-01,2026-05-29,0.0059823059710672,-0.002286896226089249,0.002286896226089249,5.229894348901249e-06,1,1,0.022761747
r5_plus_fed,46,2,-0.027359042,-0.014951671,-0.009630973,-0.0065243533,-0.0043276157,-0.002633794,-0.0012080933,-9.242212e-06,0.0011080907,0.002084716,0.0030618533,0.0040271403,0.0050415387,0.006050638,0.0072609643,0.008623585,0.010230967,0.012240022,0.01477439,0.019499458,0.029693665,0.0030618533,2026-06-02,2026-05-29,0.0045939404787893,-0.0015320871295804684,0.0015320871295804684,2.347290972626119e-06,1,1,0.024405364
r5_plus_fed,46,3,-0.028768603,-0.016111001,-0.010703033,-0.007519176,-0.005271729,-0.003515124,-0.0020391657,-0.00078937504,0.00034858938,0.0013832488,0.0024203402,0.0034412756,0.004499658,0.0055538146,0.006804674,0.008232143,0.009902245,0.012008462,0.014711357,0.01969788,0.030497883,0.0024203402,2026-06-03,2026-05-29,-0.0026167416357909,0.005037081834814385,0.005037081834814385,2.537219341061705e-05,0,1,0.025414389
r5_plus_fed,46,4,-0.030376196,-0.017048394,-0.011223546,-0.0077846237,-0.0053960653,-0.0035761895,-0.0020211632,-0.00073882216,0.00043540605,0.0014798086,0.0025274623,0.0035752128,0.0046554827,0.005752162,0.007033379,0.008488568,0.010229123,0.012387703,0.015158717,0.020273935,0.031134624,0.0025274623,2026-06-04,2026-05-29,-0.0048491106715828,0.0073765729901224195,0.0073765729901224195,5.441382907860361e-05,0,1,0.026382264
r5_plus_fed,46,5,-0.031124987,-0.017793868,-0.01197393,-0.008520662,-0.0061171185,-0.0042426717,-0.0026624117,-0.0013176522,-7.470243e-05,0.0010630476,0.002187676,0.0033111325,0.004459033,0.0055943066,0.006953324,0.008489208,0.010315724,0.012607222,0.015619683,0.02111391,0.032639094,0.002187676,2026-06-05,2026-05-29,-0.0491912813665213,0.05137895739580113,0.05137895739580113,0.002639797263079548,0,0,0.027593613
r5_plus_fed,47,1,-0.047422156,-0.028549077,-0.019976312,-0.014902425,-0.011270285,-0.008434766,-0.0060454304,-0.0040192115,-0.0021613287,-0.0005014792,0.001125359,0.002738236,0.0043821516,0.00597964,0.007863307,0.009890846,0.012285702,0.015180296,0.01881717,0.025300387,0.039817948,0.001125359,2026-06-08,2026-06-05,0.0154950376051726,-0.014369678628748859,0.014369678628748859,0.0002064876638935217,1,1,0.038793482
r5_plus_fed,47,2,-0.047673177,-0.029658694,-0.021452632,-0.016465606,-0.012815754,-0.0099419085,-0.007454257,-0.005360282,-0.0034084925,-0.0016812014,1.5648257e-05,0.0017156753,0.0034453468,0.0051408615,0.0071326573,0.009357959,0.011958811,0.015107702,0.018993247,0.026060889,0.041251488,1.5648257e-05,2026-06-09,2026-06-05,-0.0115739791782389,0.011589627434760571,0.011589627434760571,0.0001343194640765549,0,1,0.04044588
r5_plus_fed,47,3,-0.04542206,-0.027494485,-0.019172044,-0.014148324,-0.010515944,-0.007632962,-0.005174508,-0.0031037913,-0.0012241139,0.00046466378,0.0021327317,0.0037750027,0.0054430566,0.007078124,0.008977747,0.011139667,0.013622174,0.016644215,0.020392086,0.027345965,0.042534865,0.0021327317,2026-06-10,2026-06-05,-0.0201787379107119,0.022311469633379714,0.022311469633379714,0.0004978016772012251,0,0,0.039564133
r5_plus_fed,47,4,-0.04517799,-0.027444554,-0.019370034,-0.014573615,-0.011047635,-0.008270156,-0.0058684447,-0.0038271905,-0.0019280275,-0.0002395509,0.001440648,0.003111793,0.0048194006,0.006486272,0.008440548,0.010636364,0.013201951,0.016294722,0.020155542,0.027202442,0.04219455,0.001440648,2026-06-11,2026-06-05,0.0332179532980814,-0.03177730530856991,0.03177730530856991,0.0010097971326740655,1,0,0.039525576
r5_plus_fed,47,5,-0.044209816,-0.026594793,-0.018650249,-0.013971349,-0.01055339,-0.0077952,-0.0053923056,-0.0033282735,-0.0013885223,0.00035509473,0.0020771294,0.0037799727,0.005501263,0.0071700965,0.009135446,0.011359944,0.013901965,0.01698276,0.020819876,0.027759302,0.042793695,0.0020771294,2026-06-12,2026-06-05,0.0058674384217572,-0.0037903089851003676,0.0037903089851003676,1.436644220253258e-05,1,1,0.039470125
r5_plus_fed,48,1,-0.047686625,-0.029592533,-0.021180846,-0.01620998,-0.01263584,-0.009784096,-0.007366104,-0.0052720867,-0.0033383672,-0.0016130377,8.137466e-05,0.001782421,0.003541952,0.005265009,0.0072984085,0.009524125,0.012111687,0.01522126,0.019038644,0.025762804,0.040189732,8.137466e-05,2026-06-15,2026-06-12,0.0309304503252722,-0.030849075666069207,0.030849075666069207,0.0009516654694508633,1,0,0.04021949
r5_plus_fed,48,2,-0.045768317,-0.027249314,-0.018892325,-0.014026607,-0.010578198,-0.007895156,-0.005594222,-0.003642039,-0.0018154911,-0.00020733807,0.0013732121,0.002977895,0.004630499,0.0062543983,0.008185179,0.010339713,0.012843013,0.015852684,0.01950426,0.02604788,0.039949708,0.0013732121,2026-06-16,2026-06-12,-0.0191883460283912,0.020561558114428002,0.020561558114428002,0.000422777672093,0,0,0.038396586
r5_plus_fed,48,3,-0.04341454,-0.026065832,-0.018142138,-0.013569985,-0.010355794,-0.007812628,-0.0056345644,-0.003787999,-0.0021062382,-0.00060715404,0.0008699213,0.0023306923,0.0038383754,0.005357971,0.0071581467,0.009196913,0.011549025,0.014417343,0.017944224,0.024290618,0.0380214,0.0008699213,2026-06-17,2026-06-12,-0.0101214570291398,0.010991378321318133,0.010991378321318133,0.00012081039740234223,0,1,0.03608636
r5_plus_fed,48,4,-0.04080766,-0.024329916,-0.01687132,-0.012563134,-0.009483341,-0.0070636496,-0.0049501914,-0.0031587314,-0.0014960989,-3.883493e-05,0.001390856,0.0028295978,0.0043041664,0.0057848343,0.0075341677,0.009522141,0.011851143,0.014675214,0.018196244,0.02458275,0.038250912,0.001390856,2026-06-18,2026-06-12,0.0247564521932661,-0.023365596201053208,0.023365596201053208,0.0005459510858306721,1,0,0.035067566
r5_plus_fed,48,5,-0.040382963,-0.024163939,-0.016840607,-0.012644894,-0.009642967,-0.0072467225,-0.0051708347,-0.003383107,-0.0017100514,-0.00021005998,0.0012756231,0.0027533823,0.004277504,0.005780678,0.007581917,0.009620007,0.011971616,0.014866263,0.018537698,0.025144853,0.039292984,0.0012756231,2026-06-22,2026-06-12,-0.0025132624409153,0.003788885541725053,0.003788885541725053,1.4355653648293148e-05,0,1,0.035378307
r5_plus_fed,49,1,-0.039827634,-0.022987613,-0.014940866,-0.0103208115,-0.0071445857,-0.0046830415,-0.0026309828,-0.00087533396,0.0007368212,0.0021604302,0.0035530848,0.004945827,0.0064050043,0.007880242,0.009675871,0.01166802,0.014061243,0.01699936,0.020733852,0.027464129,0.041556183,0.0035530848,2026-06-23,2026-06-22,-0.0334834078836868,0.03703649267998137,0.03703649267998137,0.0013717017900343135,0,0,0.035674717
r5_plus_fed,49,2,-0.04215605,-0.025240475,-0.017032336,-0.012274145,-0.008985023,-0.006445525,-0.004286689,-0.002460108,-0.00075015455,0.0007425083,0.002208462,0.003683385,0.005233218,0.006782612,0.008635249,0.010725192,0.013174552,0.016160361,0.019825207,0.026598195,0.04054038,0.002208462,2026-06-24,2026-06-22,-0.0042548587368711,0.006463320721863127,0.006463320721863127,4.1774514753665294e-05,0,1,0.036857545
r5_plus_fed,49,3,-0.042483028,-0.025943995,-0.017685331,-0.012838621,-0.009486225,-0.0068796217,-0.0046774405,-0.002821519,-0.0011409561,0.0003505104,0.0018141015,0.003259225,0.0047929785,0.0063471985,0.0082039805,0.010327995,0.01280778,0.01587014,0.019670824,0.026690552,0.0411358,0.0018141015,2026-06-25,2026-06-22,0.0080729376991719,-0.006258836225743591,0.006258836225743591,3.9173030900680275e-05,1,1,0.037356153
r5_plus_fed,49,4,-0.04072205,-0.024883274,-0.017136948,-0.012576929,-0.009366742,-0.0068672034,-0.004704897,-0.0028850634,-0.0011984282,0.00028719235,0.0017536543,0.0032185062,0.004739578,0.0062926617,0.00811887,0.010190905,0.012645055,0.015627451,0.019385314,0.026373971,0.040543687,0.0017536543,2026-06-26,2026-06-22,-0.0138592213166709,0.015612875647639756,0.015612875647639756,0.00024376188598866253,0,1,0.03652226
r5_plus_fed,49,5,-0.039990894,-0.024308564,-0.016645223,-0.012194353,-0.009073212,-0.0066158506,-0.0045133587,-0.0027175578,-0.0010511728,0.00043795962,0.0018913127,0.0033447878,0.0048636245,0.0063815834,0.008193537,0.010245137,0.012644039,0.015578383,0.019358065,0.026300715,0.040476877,0.0018913127,2026-06-29,2026-06-22,0.0245503691895225,-0.022659056534461017,0.022659056534461017,0.0005134328430319006,1,0,0.036003288
