date,ticker,form,is_earnings,session,accessionNumber
2026-07-31,AAPL,10-Q,False,pre,0000320193-26-000020
2026-07-30,AAPL,8-K,True,post,0000320193-26-000018
2026-05-01,AAPL,10-Q,False,pre,0000320193-26-000013
2026-04-30,AAPL,8-K,True,post,0000320193-26-000011
2026-04-20,AAPL,8-K,False,post,0001140361-26-015711
2026-02-24,AAPL,8-K,False,post,0001140361-26-006577
2026-01-30,AAPL,10-Q,False,pre,0000320193-26-000006
2026-01-29,AAPL,8-K,True,post,0000320193-26-000005
2026-01-02,AAPL,8-K,False,post,0001140361-26-000199
2025-12-05,AAPL,8-K,False,post,0001140361-25-044561
2025-10-31,AAPL,10-K,False,pre,0000320193-25-000079
2025-10-30,AAPL,8-K,True,post,0000320193-25-000077
2025-08-01,AAPL,10-Q,False,pre,0000320193-25-000073
2025-07-31,AAPL,8-K,True,post,0000320193-25-000071
2025-07-25,AAPL,8-K,False,post,0001140361-25-027340
2025-07-09,AAPL,8-K,False,pre,0001140361-25-025275
2025-05-12,AAPL,8-K,False,post,0001140361-25-018400
2025-05-02,AAPL,10-Q,False,pre,0000320193-25-000057
2025-05-01,AAPL,8-K,True,post,0000320193-25-000055
2025-02-25,AAPL,8-K,False,post,0001140361-25-005876
2025-01-31,AAPL,10-Q,False,pre,0000320193-25-000008
2025-01-30,AAPL,8-K,True,post,0000320193-25-000007
2025-01-03,AAPL,8-K,False,post,0001140361-25-000228
2024-11-01,AAPL,10-K,False,pre,0000320193-24-000123
2024-10-31,AAPL,8-K,True,post,0000320193-24-000120
2024-09-10,AAPL,8-K,False,pre,0001140361-24-040659
2024-08-26,AAPL,8-K,False,post,0001140361-24-038601
2024-08-23,AAPL,8-K,False,post,0001140361-24-038403
2024-08-02,AAPL,10-Q,False,post,0000320193-24-000081
2024-08-01,AAPL,8-K,True,post,0000320193-24-000080
2024-05-03,AAPL,8-K,False,post,0001140361-24-024352
2024-05-03,AAPL,10-Q,False,post,0000320193-24-000069
2024-05-02,AAPL,8-K,True,post,0000320193-24-000067
2024-02-28,AAPL,8-K,False,post,0001140361-24-010155
2024-02-02,AAPL,10-Q,False,post,0000320193-24-000006
2024-02-01,AAPL,8-K,True,post,0000320193-24-000005
2023-11-03,AAPL,10-K,False,post,0000320193-23-000106
2023-11-02,AAPL,8-K,True,post,0000320193-23-000104
2023-08-04,AAPL,10-Q,False,post,0000320193-23-000077
2023-08-03,AAPL,8-K,True,post,0000320193-23-000075
2023-05-10,AAPL,8-K,False,post,0001140361-23-023909
2023-05-05,AAPL,10-Q,False,post,0000320193-23-000064
2023-05-04,AAPL,8-K,True,post,0000320193-23-000063
2023-03-10,AAPL,8-K,False,post,0001140361-23-011192
2023-02-03,AAPL,10-Q,False,post,0000320193-23-000006
2023-02-02,AAPL,8-K,True,post,0000320193-23-000005
2022-11-07,AAPL,8-K,False,pre,0001193125-22-278435
2022-10-28,AAPL,10-K,False,post,0000320193-22-000108
2022-10-27,AAPL,8-K,True,post,0000320193-22-000107
2022-08-19,AAPL,8-K,False,post,0001193125-22-225365
2022-08-08,AAPL,8-K,False,post,0001193125-22-214914
2022-07-29,AAPL,10-Q,False,post,0000320193-22-000070
2022-07-28,AAPL,8-K,True,post,0000320193-22-000069
2022-04-29,AAPL,10-Q,False,post,0000320193-22-000059
2022-04-28,AAPL,8-K,True,post,0000320193-22-000058
2022-03-04,AAPL,8-K,False,post,0001193125-22-066169
2022-01-28,AAPL,10-Q,False,post,0000320193-22-000007
2022-01-27,AAPL,8-K,True,post,0000320193-22-000006
2021-11-12,AAPL,8-K,False,post,0001193125-21-328151
2021-10-29,AAPL,10-K,False,post,0000320193-21-000105
2021-10-28,AAPL,8-K,True,post,0000320193-21-000104
2021-08-05,AAPL,8-K,False,post,0001193125-21-237787
2021-07-28,AAPL,10-Q,False,post,0000320193-21-000065
2021-07-27,AAPL,8-K,True,post,0000320193-21-000063
2021-04-29,AAPL,10-Q,False,post,0000320193-21-000056
2021-04-28,AAPL,8-K,True,post,0000320193-21-000055
2021-02-24,AAPL,8-K,False,post,0001193125-21-054710
2021-02-08,AAPL,8-K,False,post,0001193125-21-032394
2021-01-28,AAPL,10-Q,False,post,0000320193-21-000010
2021-01-27,AAPL,8-K,True,post,0000320193-21-000009
2021-01-05,AAPL,8-K,False,post,0001193125-21-001982
2020-10-30,AAPL,10-K,False,post,0000320193-20-000096
2020-10-29,AAPL,8-K,True,post,0000320193-20-000094
2020-08-20,AAPL,8-K,False,post,0001193125-20-225672
2020-08-07,AAPL,8-K,False,post,0001193125-20-213158
2020-07-31,AAPL,10-Q,False,post,0000320193-20-000062
2020-07-30,AAPL,8-K,True,post,0000320193-20-000060
2020-05-11,AAPL,8-K,False,post,0001193125-20-139112
2020-05-01,AAPL,10-Q,False,post,0000320193-20-000052
2020-04-30,AAPL,8-K,True,post,0000320193-20-000050
2020-02-27,AAPL,8-K,False,pre,0001193125-20-050884
2020-02-18,AAPL,8-K,False,pre,0001193125-20-039203
2020-01-29,AAPL,10-Q,False,post,0000320193-20-000010
2020-01-28,AAPL,8-K,True,post,0000320193-20-000008
2019-11-15,AAPL,8-K,False,pre,0001193125-19-292676
2019-10-31,AAPL,10-K,False,post,0000320193-19-000119
2019-10-30,AAPL,8-K,True,post,0000320193-19-000117
2019-09-13,AAPL,8-K,False,post,0000320193-19-000093
2019-09-11,AAPL,8-K,False,post,0001193125-19-242975
2019-07-31,AAPL,10-Q,False,post,0000320193-19-000076
2019-07-30,AAPL,8-K,True,post,0000320193-19-000073
2019-05-01,AAPL,10-Q,False,post,0000320193-19-000066
2019-04-30,AAPL,8-K,True,post,0000320193-19-000063
2019-03-04,AAPL,8-K,False,post,0000320193-19-000032
2019-02-06,AAPL,8-K,False,pre,0000320193-19-000026
2019-01-30,AAPL,10-Q,False,post,0000320193-19-000010
2019-01-29,AAPL,8-K,True,post,0000320193-19-000007
2019-01-02,AAPL,8-K,True,post,0000320193-19-000002
2018-11-05,AAPL,10-K,False,pre,0000320193-18-000145
2018-11-01,AAPL,8-K,True,post,0000320193-18-000142
2018-08-01,AAPL,10-Q,False,post,0000320193-18-000100
2018-07-31,AAPL,8-K,True,post,0000320193-18-000098
2018-05-07,AAPL,8-K,False,post,0001193125-18-154515
2018-05-02,AAPL,10-Q,False,post,0000320193-18-000070
2018-05-01,AAPL,8-K,True,post,0000320193-18-000067
2018-02-14,AAPL,8-K,False,post,0001193125-18-045761
2018-02-02,AAPL,10-Q,False,pre,0000320193-18-000007
2018-02-01,AAPL,8-K,True,post,0000320193-18-000005
2017-11-13,AAPL,8-K,False,post,0001193125-17-341015
2017-11-03,AAPL,10-K,False,pre,0000320193-17-000070
2017-11-02,AAPL,8-K,True,post,0000320193-17-000067
2017-10-12,AAPL,8-K,False,post,0001193125-17-308859
2017-09-12,AAPL,8-K,False,post,0001193125-17-282809
2017-08-18,AAPL,8-K,False,post,0001193125-17-262261
2017-08-02,AAPL,10-Q,False,post,0000320193-17-000009
2017-08-01,AAPL,8-K,True,post,0000320193-17-000006
2017-06-20,AAPL,8-K,False,post,0001193125-17-208226
2017-05-24,AAPL,8-K,False,post,0001193125-17-181867
2017-05-11,AAPL,8-K,False,post,0001193125-17-167400
2017-05-03,AAPL,10-Q,False,post,0001628280-17-004790
2017-05-02,AAPL,8-K,True,post,0001628280-17-004663
2017-03-03,AAPL,8-K,False,post,0001193125-17-069853
2017-03-01,AAPL,8-K,False,pre,0001193125-17-064019
2017-02-09,AAPL,8-K,False,post,0001193125-17-036283
2017-02-01,AAPL,10-Q,False,post,0001628280-17-000717
2017-01-31,AAPL,8-K,True,post,0001628280-17-000663
2016-12-15,AAPL,8-K,False,post,0001628280-16-022047
2016-10-26,AAPL,10-K,False,post,0001628280-16-020309
2016-10-25,AAPL,8-K,True,post,0001628280-16-020258
2016-08-04,AAPL,8-K,False,post,0001193125-16-672044
2016-07-27,AAPL,10-Q,False,post,0001628280-16-017809
2016-07-26,AAPL,8-K,True,post,0001628280-16-017762
2016-06-22,AAPL,8-K,False,post,0001193125-16-628957
2016-04-27,AAPL,10-Q,False,post,0001193125-16-559625
2016-04-26,AAPL,8-K,True,post,0001193125-16-556520
2016-03-24,AAPL,8-K,False,post,0001193125-16-516891
2016-03-01,AAPL,8-K,False,post,0001193125-16-488223
2016-02-23,AAPL,8-K,False,post,0001193125-16-473562
2016-01-27,AAPL,10-Q,False,post,0001193125-16-439878
2016-01-26,AAPL,8-K,True,post,0001193125-16-438421
2015-12-22,AAPL,8-K,False,post,0001193125-15-410853
2015-12-17,AAPL,8-K,False,post,0001193125-15-406279
2015-10-28,AAPL,10-K,False,post,0001193125-15-356351
2015-10-27,AAPL,8-K,True,post,0001193125-15-354756
2015-10-02,AAPL,8-K,False,post,0001193125-15-336615
2015-09-17,AAPL,8-K,False,post,0001193125-15-322466
2015-07-31,AAPL,8-K,False,post,0001193125-15-273023
2015-07-22,AAPL,10-Q,False,post,0001193125-15-259935
2015-07-21,AAPL,8-K,True,post,0001193125-15-258464
2015-06-10,AAPL,8-K,False,post,0001193125-15-219298
2015-05-13,AAPL,8-K,False,post,0001193125-15-186064
2015-04-28,AAPL,10-Q,False,post,0001193125-15-153166
2015-04-27,AAPL,8-K,False,post,0001193125-15-149607
2015-04-27,AAPL,8-K,True,post,0001193125-15-149590
2015-03-13,AAPL,8-K,False,pre,0001104659-15-019336
2015-02-09,AAPL,8-K,False,post,0001193125-15-039270
2015-01-28,AAPL,8-K,False,post,0001193125-15-023732
2015-01-28,AAPL,10-Q,False,post,0001193125-15-023697
2015-01-27,AAPL,8-K,True,post,0001193125-15-021857
2014-11-10,AAPL,8-K,False,post,0001193125-14-406296
2014-10-27,AAPL,10-K,False,post,0001193125-14-383437
2014-10-20,AAPL,8-K,True,post,0001193125-14-376361
2014-07-23,AAPL,8-K,False,post,0001193125-14-277193
2014-07-23,AAPL,10-Q,False,post,0001193125-14-277160
2014-07-22,AAPL,8-K,True,post,0001193125-14-275598
2014-07-17,AAPL,8-K,False,post,0001193125-14-271698
2014-06-06,AAPL,8-K,False,post,0001193125-14-228798
2014-05-30,AAPL,8-K,False,post,0001181431-14-021923
2014-05-06,AAPL,8-K,False,post,0001193125-14-184969
2014-04-24,AAPL,10-Q,False,post,0001193125-14-157311
2014-04-23,AAPL,8-K,False,post,0001193125-14-154883
2014-04-23,AAPL,8-K,True,post,0001193125-14-154871
2014-03-05,AAPL,8-K,False,post,0001193125-14-084697
2014-01-28,AAPL,10-Q,False,post,0001193125-14-024487
2014-01-27,AAPL,8-K,True,post,0001193125-14-022238
2013-10-30,AAPL,10-K,False,pre,0001193125-13-416534
2013-10-28,AAPL,8-K,True,post,0001193125-13-413498
2013-09-23,AAPL,8-K,False,pre,0001181431-13-050140
2013-07-30,AAPL,8-K,False,post,0001181431-13-041847
2013-07-24,AAPL,10-Q,False,post,0001193125-13-300670
2013-07-23,AAPL,8-K,True,post,0001193125-13-298914
2013-06-21,AAPL,8-K,False,post,0001193125-13-267629
2013-05-03,AAPL,8-K,False,post,0001193125-13-199324
2013-04-24,AAPL,8-K,False,post,0001193125-13-170623
2013-04-24,AAPL,10-Q,False,pre,0001193125-13-168288
2013-04-23,AAPL,8-K,False,post,0001193125-13-167469
2013-04-23,AAPL,8-K,True,post,0001193125-13-167458
2013-03-01,AAPL,8-K,False,pre,0001193125-13-085842
2013-01-24,AAPL,10-Q,False,post,0001193125-13-022339
2013-01-23,AAPL,8-K,True,post,0001193125-13-020783
2012-10-31,AAPL,10-K,False,post,0001193125-12-444068
2012-10-25,AAPL,8-K,True,post,0001193125-12-435506
2012-07-25,AAPL,10-Q,False,post,0001193125-12-314552
2012-07-24,AAPL,8-K,True,post,0001193125-12-312355
2012-06-28,AAPL,8-K,False,post,0001181431-12-038301
2012-05-24,AAPL,8-K,False,post,0001181431-12-032458
2012-04-25,AAPL,10-Q,False,post,0001193125-12-182321
2012-04-24,AAPL,8-K,True,post,0001193125-12-178928
2012-02-27,AAPL,8-K,False,post,0001193125-12-081892
2012-01-25,AAPL,10-Q,False,post,0001193125-12-023398
2012-01-24,AAPL,8-K,True,post,0001193125-12-021833
2011-11-16,AAPL,8-K,False,pre,0001181431-11-056354
2011-10-26,AAPL,10-K,False,post,0001193125-11-282113
2011-10-18,AAPL,8-K,True,post,0001193125-11-273826
2011-10-06,AAPL,8-K,False,pre,0001181431-11-051976
2011-08-26,AAPL,8-K,False,post,0001181431-11-047179
2011-07-20,AAPL,10-Q,False,post,0001193125-11-192493
2011-07-19,AAPL,8-K,True,post,0001193125-11-191368
2011-06-15,AAPL,8-K,False,post,0001181431-11-036782
2011-04-21,AAPL,10-Q,False,pre,0001193125-11-104388
2011-04-20,AAPL,8-K,True,post,0001193125-11-103732
2011-02-24,AAPL,8-K,False,post,0001193125-11-045411
2011-01-19,AAPL,10-Q,False,post,0001193125-11-010144
2011-01-18,AAPL,8-K,True,post,0001193125-11-009392
2011-01-18,AAPL,8-K,False,pre,0001181431-11-003847
2010-11-17,AAPL,8-K,False,post,0001181431-10-056327
2010-10-27,AAPL,10-K,False,post,0001193125-10-238044
2010-10-18,AAPL,8-K,True,post,0001193125-10-230992
2010-07-21,AAPL,10-Q,False,post,0001193125-10-162840
2010-07-20,AAPL,8-K,True,post,0001193125-10-161807
2010-04-21,AAPL,10-Q,False,post,0001193125-10-088957
2010-04-20,AAPL,8-K,True,post,0001193125-10-087786
2010-03-12,AAPL,8-K,False,post,0001181431-10-016054
2010-03-01,AAPL,8-K,False,post,0001193125-10-044765
2010-01-25,AAPL,8-K,True,post,0001193125-10-012096
2010-01-25,AAPL,10-Q,False,post,0001193125-10-012085
2009-10-27,AAPL,10-K,False,post,0001193125-09-214859
2009-10-19,AAPL,8-K,True,post,0001193125-09-209633
2009-08-04,AAPL,8-K,False,pre,0001181431-09-037492
2009-07-22,AAPL,10-Q,False,post,0001193125-09-153165
2009-07-21,AAPL,8-K,True,post,0001193125-09-152290
2009-06-02,AAPL,8-K,False,post,0001181431-09-028400
2009-04-23,AAPL,10-Q,False,post,0001193125-09-085781
2009-04-22,AAPL,8-K,True,post,0001193125-09-084599
2009-02-27,AAPL,8-K,False,post,0001181431-09-012161
2009-01-23,AAPL,10-Q,False,pre,0001193125-09-009937
2009-01-21,AAPL,8-K,True,post,0001193125-09-009009
2009-01-16,AAPL,8-K,False,pre,0001181431-09-003017
2008-11-05,AAPL,10-K,False,pre,0001193125-08-224958
2008-10-21,AAPL,8-K,True,post,0001193125-08-213642
2008-08-26,AAPL,8-K,False,pre,0001181431-08-050059
2008-07-23,AAPL,10-Q,False,post,0001193125-08-156421
2008-07-21,AAPL,8-K,True,post,0001193125-08-154381
2008-06-09,AAPL,8-K,False,post,0001181431-08-037620
2008-05-01,AAPL,10-Q,False,pre,0001193125-08-097759
2008-04-23,AAPL,8-K,True,post,0001193125-08-088001
2008-02-01,AAPL,10-Q,False,pre,0001193125-08-017426
2008-01-22,AAPL,8-K,True,post,0001193125-08-009715
2008-01-15,AAPL,8-K,True,post,0001181431-08-003342
2008-01-08,AAPL,8-K,False,post,0001181431-08-002372
2007-11-15,AAPL,10-K,False,post,0001047469-07-009340
2007-10-22,AAPL,8-K,True,post,0001104659-07-076142
2007-08-08,AAPL,10-Q,False,pre,0001104659-07-059873
2007-07-25,AAPL,8-K,True,post,0001104659-07-056111
2007-05-16,AAPL,8-K,False,post,0001104659-07-040672
2007-05-10,AAPL,10-Q,False,pre,0001104659-07-037745
2007-04-25,AAPL,8-K,True,post,0001104659-07-031354
2007-04-24,AAPL,8-K,False,post,0001104659-07-030938
2007-02-21,AAPL,8-K,False,post,0001104659-07-012760
2007-02-02,AAPL,10-Q,False,pre,0001104659-07-006648
2007-01-17,AAPL,8-K,True,post,0001104659-07-002905
2007-01-10,AAPL,8-K,False,pre,0001104659-07-001648
2006-12-29,AAPL,10-K,False,pre,0001104659-06-084288
2006-12-29,AAPL,10-Q,False,pre,0001104659-06-084286
2006-10-27,AAPL,8-K,False,pre,0001104659-06-069015
2006-10-18,AAPL,8-K,True,post,0001104659-06-067275
2006-10-04,AAPL,8-K,False,post,0001104659-06-064935
2006-09-01,AAPL,8-K,False,pre,0001104659-06-058808
2006-08-11,AAPL,8-K,True,post,0001104659-06-054118
2006-08-04,AAPL,8-K,True,pre,0001104659-06-051302
2006-07-19,AAPL,8-K,True,post,0001104659-06-047739
2006-05-05,AAPL,10-Q,False,pre,0001104659-06-031303
2006-04-21,AAPL,8-K,False,post,0001181431-06-024759
2006-04-19,AAPL,8-K,True,post,0001104659-06-025992
2006-02-03,AAPL,10-Q,False,post,0001104659-06-005910
2006-01-18,AAPL,8-K,True,post,0001104659-06-002690
2006-01-10,AAPL,8-K,True,post,0001104659-06-001428
2026-09-02,MSFT,8-K,False,post,0001193125-26-380280
2026-07-29,MSFT,10-K,False,post,0001193125-26-323660
2026-07-29,MSFT,8-K,True,post,0001193125-26-323632
2026-06-05,MSFT,8-K,False,pre,0001193125-26-258667
2026-05-14,MSFT,8-K,False,post,0001193125-26-224155
2026-04-29,MSFT,10-Q,False,post,0001193125-26-191507
2026-04-29,MSFT,8-K,True,post,0001193125-26-191457
2026-01-28,MSFT,10-Q,False,post,0001193125-26-027207
2026-01-28,MSFT,8-K,True,post,0001193125-26-027198
2025-12-08,MSFT,8-K,False,post,0001193125-25-311196
2025-10-29,MSFT,10-Q,False,post,0001193125-25-256321
2025-10-29,MSFT,8-K,True,post,0001193125-25-256310
2025-09-30,MSFT,8-K,False,post,0001193125-25-225125
2025-07-30,MSFT,10-K,False,post,0000950170-25-100235
2025-07-30,MSFT,8-K,True,post,0000950170-25-100226
2025-07-01,MSFT,8-K,False,post,0001193125-25-154103
2025-04-30,MSFT,10-Q,False,post,0000950170-25-061046
2025-04-30,MSFT,8-K,True,post,0000950170-25-061032
2025-01-29,MSFT,10-Q,False,post,0000950170-25-010491
2025-01-29,MSFT,8-K,True,post,0000950170-25-010484
2025-01-22,MSFT,8-K,False,post,0001193125-25-010492
2024-12-11,MSFT,8-K,False,post,0001193125-24-275524
2024-12-03,MSFT,8-K,False,post,0000950170-24-132722
2024-10-30,MSFT,10-Q,False,post,0000950170-24-118967
2024-10-30,MSFT,8-K,True,post,0000950170-24-118955
2024-08-21,MSFT,8-K,False,post,0001193125-24-204403
2024-07-30,MSFT,10-K,False,post,0000950170-24-087843
2024-07-30,MSFT,8-K,True,post,0000950170-24-087835
2024-04-25,MSFT,10-Q,False,post,0000950170-24-048288
2024-04-25,MSFT,8-K,True,post,0000950170-24-048268
2024-01-30,MSFT,10-Q,False,post,0000950170-24-008814
2024-01-30,MSFT,8-K,True,post,0000950170-24-008809
2024-01-19,MSFT,8-K,False,post,0001193125-24-011295
2023-12-08,MSFT,8-K,False,post,0001193125-23-291720
2023-11-06,MSFT,8-K,False,post,0001193125-23-271376
2023-10-30,MSFT,8-K,False,pre,0001193125-23-265616
2023-10-24,MSFT,10-Q,False,post,0000950170-23-054855
2023-10-24,MSFT,8-K,True,post,0000950170-23-054848
2023-10-16,MSFT,8-K,False,post,0001104659-23-109428
2023-10-13,MSFT,8-K,False,pre,0001193125-23-255762
2023-10-11,MSFT,8-K,False,post,0001193125-23-254151
2023-07-27,MSFT,10-K,False,post,0000950170-23-035122
2023-07-25,MSFT,8-K,True,post,0000950170-23-034400
2023-07-03,MSFT,8-K,False,post,0001193125-23-181341
2023-04-25,MSFT,10-Q,False,post,0000950170-23-014423
2023-04-25,MSFT,8-K,True,post,0001193125-23-115280
2023-01-24,MSFT,10-Q,False,post,0001564590-23-000733
2023-01-24,MSFT,8-K,True,post,0001193125-23-014230
2023-01-18,MSFT,8-K,False,pre,0001193125-23-009934
2022-12-16,MSFT,8-K,False,pre,0001193125-22-306591
2022-10-25,MSFT,10-Q,False,post,0001564590-22-035087
2022-10-25,MSFT,8-K,True,post,0001193125-22-268356
2022-07-28,MSFT,10-K,False,post,0001564590-22-026876
2022-07-26,MSFT,8-K,True,post,0001193125-22-202034
2022-06-02,MSFT,8-K,False,pre,0001193125-22-165839
2022-04-26,MSFT,10-Q,False,post,0001564590-22-015675
2022-04-26,MSFT,8-K,True,post,0001193125-22-120207
2022-01-25,MSFT,10-Q,False,post,0001564590-22-002324
2022-01-25,MSFT,8-K,True,post,0001193125-22-017041
2022-01-18,MSFT,8-K,False,pre,0001193125-22-010667
2021-11-30,MSFT,8-K,False,post,0001193125-21-343711
2021-10-26,MSFT,10-Q,False,post,0001564590-21-051992
2021-10-26,MSFT,8-K,True,post,0001193125-21-307941
2021-07-29,MSFT,10-K,False,post,0001564590-21-039151
2021-07-27,MSFT,8-K,True,post,0001193125-21-225746
2021-07-08,MSFT,8-K,False,post,0001193125-21-210827
2021-06-17,MSFT,8-K,False,pre,0001193125-21-192783
2021-05-20,MSFT,8-K,False,post,0001193125-21-167940
2021-04-27,MSFT,10-Q,False,post,0001564590-21-020891
2021-04-27,MSFT,8-K,True,post,0001193125-21-134213
2021-04-12,MSFT,8-K,False,pre,0001193125-21-112687
2021-03-17,MSFT,8-K,False,post,0001193125-21-084239
2021-03-02,MSFT,8-K,False,post,0001193125-21-065751
2021-02-16,MSFT,8-K,False,post,0001193125-21-044940
2021-01-26,MSFT,10-Q,False,post,0001564590-21-002316
2021-01-26,MSFT,8-K,True,post,0001193125-21-017683
2020-12-04,MSFT,8-K,False,post,0001193125-20-310549
2020-10-27,MSFT,10-Q,False,post,0001564590-20-047996
2020-10-27,MSFT,8-K,True,post,0001193125-20-278410
2020-09-21,MSFT,8-K,False,post,0001193125-20-250163
2020-08-03,MSFT,8-K,False,pre,0001193125-20-207517
2020-07-30,MSFT,10-K,False,pre,0001564590-20-034944
2020-07-22,MSFT,8-K,True,post,0001193125-20-197109
2020-07-07,MSFT,8-K,False,pre,0001193125-20-188481
2020-07-01,MSFT,8-K,False,pre,0001193125-20-184744
2020-06-26,MSFT,8-K,False,pre,0001193125-20-180036
2020-06-01,MSFT,8-K,False,post,0001193125-20-157234
2020-05-14,MSFT,8-K,False,post,0001193125-20-142890
2020-04-30,MSFT,8-K,False,post,0001193125-20-128779
2020-04-29,MSFT,10-Q,False,post,0001564590-20-019706
2020-04-29,MSFT,8-K,True,post,0001193125-20-126089
2020-03-31,MSFT,8-K,False,pre,0001193125-20-091746
2020-03-13,MSFT,8-K,False,post,0001193125-20-073072
2020-02-26,MSFT,8-K,False,post,0001193125-20-050232
2020-01-29,MSFT,10-Q,False,post,0001564590-20-002450
2020-01-29,MSFT,8-K,True,post,0001193125-20-018383
2019-12-05,MSFT,8-K,False,post,0001193125-19-307138
2019-10-23,MSFT,10-Q,False,post,0001564590-19-037549
2019-10-23,MSFT,8-K,True,post,0001193125-19-272562
2019-09-19,MSFT,8-K,False,post,0001193125-19-249565
2019-08-01,MSFT,10-K,False,post,0001564590-19-027952
2019-07-18,MSFT,8-K,True,post,0001193125-19-196501
2019-04-24,MSFT,10-Q,False,post,0001564590-19-012709
2019-04-24,MSFT,8-K,True,post,0001193125-19-117108
2019-01-30,MSFT,10-Q,False,post,0001564590-19-001392
2019-01-30,MSFT,8-K,True,post,0001193125-19-022553
2018-11-29,MSFT,8-K,False,post,0001193125-18-337951
2018-10-24,MSFT,10-Q,False,post,0001564590-18-024893
2018-10-24,MSFT,8-K,True,post,0001193125-18-306365
2018-09-19,MSFT,8-K,False,post,0001193125-18-277602
2018-08-03,MSFT,10-K,False,pre,0001564590-18-019062
2018-07-19,MSFT,8-K,True,post,0001193125-18-221458
2018-06-04,MSFT,8-K,False,post,0001193125-18-182975
2018-04-26,MSFT,10-Q,False,post,0001564590-18-009307
2018-04-26,MSFT,8-K,True,post,0001193125-18-134732
2018-01-31,MSFT,10-Q,False,post,0001564590-18-001129
2018-01-31,MSFT,8-K,True,post,0001193125-18-027377
2017-11-30,MSFT,8-K,False,post,0001193125-17-357415
2017-10-26,MSFT,10-Q,False,post,0001564590-17-020171
2017-10-26,MSFT,8-K,True,post,0001193125-17-321202
2017-09-19,MSFT,8-K,False,post,0001193125-17-288464
2017-08-03,MSFT,8-K,False,post,0001193125-17-247395
2017-08-02,MSFT,10-K,False,post,0001564590-17-014900
2017-07-20,MSFT,8-K,True,post,0001193125-17-232047
2017-06-14,MSFT,8-K,False,post,0001193125-17-203579
2017-04-27,MSFT,10-Q,False,post,0001564590-17-007547
2017-04-27,MSFT,8-K,True,post,0001193125-17-142963
2017-03-14,MSFT,8-K,False,post,0001193125-17-082168
2017-02-03,MSFT,8-K,False,post,0001193125-17-030734
2017-01-26,MSFT,10-Q,False,post,0001564590-17-000654
2017-01-26,MSFT,8-K,True,post,0001193125-17-019726
2016-12-08,MSFT,8-K,False,post,0001193125-16-788575
2016-12-01,MSFT,8-K,False,post,0001193125-16-782569
2016-10-20,MSFT,10-Q,False,post,0001193125-16-742796
2016-10-20,MSFT,8-K,True,post,0001193125-16-742793
2016-09-22,MSFT,8-K,False,post,0001193125-16-716834
2016-08-05,MSFT,8-K,False,post,0001193125-16-673577
2016-07-28,MSFT,10-K,False,post,0001193125-16-662209
2016-07-19,MSFT,8-K,True,post,0001193125-16-651176
2016-07-07,MSFT,8-K,False,post,0001193125-16-643151
2016-07-05,MSFT,8-K,False,post,0001193125-16-641678
2016-06-13,MSFT,8-K,False,pre,0001193125-16-619689
2016-05-25,MSFT,8-K,False,post,0001193125-16-601931
2016-04-21,MSFT,10-Q,False,post,0001193125-16-550254
2016-04-21,MSFT,8-K,True,post,0001193125-16-550250
2016-03-17,MSFT,8-K,False,post,0001193125-16-508738
2016-01-28,MSFT,10-Q,False,post,0001193125-16-441821
2016-01-28,MSFT,8-K,True,post,0001193125-16-441813
2015-12-04,MSFT,8-K,False,post,0001193125-15-395460
2015-12-03,MSFT,8-K,False,post,0001193125-15-394364
2015-11-03,MSFT,8-K,False,pre,0001193125-15-363226
2015-10-27,MSFT,8-K,False,pre,0001193125-15-353706
2015-10-22,MSFT,10-Q,False,post,0001193125-15-350718
2015-10-22,MSFT,8-K,True,post,0001193125-15-350712
2015-09-29,MSFT,8-K,False,pre,0001193125-15-331408
2015-09-11,MSFT,8-K,False,post,0001193125-15-318450
2015-08-07,MSFT,8-K,False,pre,0001193125-15-282470
2015-07-31,MSFT,10-K,False,post,0001193125-15-272806
2015-07-21,MSFT,8-K,True,post,0001193125-15-258359
2015-07-08,MSFT,8-K,False,post,0001193125-15-247530
2015-04-23,MSFT,10-Q,False,post,0001193125-15-144151
2015-04-23,MSFT,8-K,True,post,0001193125-15-144132
2015-02-12,MSFT,8-K,False,pre,0001193125-15-045564
2015-01-26,MSFT,10-Q,False,post,0001193125-15-020351
2015-01-26,MSFT,8-K,True,post,0001193125-15-020342
2014-12-04,MSFT,8-K,False,post,0001193125-14-433614
2014-10-23,MSFT,10-Q,False,post,0001193125-14-380252
2014-10-23,MSFT,8-K,True,post,0001193125-14-380219
2014-09-17,MSFT,8-K,False,pre,0001193125-14-343628
2014-08-19,MSFT,8-K,False,post,0001193125-14-314623
2014-07-31,MSFT,10-K,False,post,0001193125-14-289961
2014-07-31,MSFT,8-K,False,pre,0001193125-14-288136
2014-07-22,MSFT,8-K,True,post,0001193125-14-275529
2014-07-17,MSFT,8-K,False,post,0001193125-14-271285
2014-04-24,MSFT,10-Q,False,post,0001193125-14-157088
2014-04-24,MSFT,8-K,True,post,0001193125-14-157077
2014-03-20,MSFT,8-K,False,post,0001193125-14-108251
2014-03-12,MSFT,8-K,False,pre,0001193125-14-094551
2014-02-04,MSFT,8-K,False,post,0001193125-14-035080
2014-01-23,MSFT,10-Q,False,post,0001193125-14-018634
2014-01-23,MSFT,8-K,True,post,0001193125-14-018629
2013-12-06,MSFT,8-K,False,pre,0001193125-13-464138
2013-11-26,MSFT,8-K,False,post,0001193125-13-455144
2013-11-20,MSFT,8-K,False,post,0001193125-13-448625
2013-10-24,MSFT,10-Q,False,post,0001193125-13-409855
2013-10-24,MSFT,8-K,True,post,0001193125-13-409837
2013-09-26,MSFT,8-K,False,post,0001193125-13-380142
2013-09-26,MSFT,8-K,False,pre,0001193125-13-379566
2013-09-23,MSFT,8-K,False,post,0001193125-13-374821
2013-09-20,MSFT,8-K,False,pre,0001193125-13-372141
2013-09-03,MSFT,8-K,False,pre,0001193125-13-354733
2013-08-30,MSFT,8-K,False,post,0001193125-13-354149
2013-08-23,MSFT,8-K,False,post,0001193125-13-345446
2013-07-30,MSFT,10-K,False,post,0001193125-13-310206
2013-07-18,MSFT,8-K,True,post,0001193125-13-294305
2013-07-11,MSFT,8-K,False,post,0001193125-13-288230
2013-07-03,MSFT,8-K,False,post,0001193125-13-282853
2013-05-13,MSFT,8-K,False,post,0001193125-13-216952
2013-05-01,MSFT,8-K,False,post,0001193125-13-192843
2013-04-18,MSFT,8-K,False,post,0001193125-13-160968
2013-04-18,MSFT,10-Q,False,post,0001193125-13-160748
2013-04-18,MSFT,8-K,True,post,0001193125-13-160734
2013-01-24,MSFT,10-Q,False,post,0001193125-13-022207
2013-01-24,MSFT,8-K,True,post,0001193125-13-022190
2012-11-29,MSFT,8-K,False,post,0001193125-12-485805
2012-11-16,MSFT,8-K,False,post,0001193125-12-474208
2012-11-07,MSFT,8-K,False,pre,0001193125-12-456267
2012-11-02,MSFT,8-K,False,pre,0001193125-12-448011
2012-10-18,MSFT,10-Q,False,post,0001193125-12-427209
2012-10-18,MSFT,8-K,True,post,0001193125-12-427207
2012-10-09,MSFT,8-K,False,post,0001193125-12-418686
2012-09-18,MSFT,8-K,False,post,0001193125-12-395523
2012-07-26,MSFT,10-K,False,post,0001193125-12-316848
2012-07-19,MSFT,8-K,True,post,0001193125-12-307447
2012-07-02,MSFT,8-K,False,post,0001193125-12-292236
2012-06-18,MSFT,8-K,False,post,0001193125-12-273856
2012-05-03,MSFT,8-K,False,post,0001193125-12-208858
2012-04-19,MSFT,10-Q,False,post,0001193125-12-170665
2012-04-19,MSFT,8-K,True,post,0001193125-12-170657
2012-02-21,MSFT,8-K,False,post,0001193125-12-070173
2012-01-19,MSFT,10-Q,False,post,0001193125-12-017029
2012-01-19,MSFT,8-K,True,post,0001193125-12-017015
2011-11-17,MSFT,8-K,False,post,0001193125-11-315709
2011-10-20,MSFT,10-Q,False,post,0001193125-11-276022
2011-10-20,MSFT,8-K,True,post,0001193125-11-276018
2011-07-28,MSFT,10-K,False,post,0001193125-11-200680
2011-07-21,MSFT,8-K,True,post,0001193125-11-193631
2011-05-10,MSFT,8-K,False,post,0001193125-11-134416
2011-04-28,MSFT,10-Q,False,post,0001193125-11-115186
2011-04-28,MSFT,8-K,True,post,0001193125-11-115162
2011-02-08,MSFT,8-K,False,post,0001193125-11-026916
2011-01-27,MSFT,10-Q,False,post,0001193125-11-015947
2011-01-27,MSFT,8-K,True,post,0001193125-11-015944
2010-11-19,MSFT,8-K,False,post,0001193125-10-265243
2010-10-28,MSFT,10-Q,False,post,0001193125-10-239825
2010-10-28,MSFT,8-K,True,post,0001193125-10-239800
2010-09-27,MSFT,8-K,False,post,0001193125-10-216531
2010-09-13,MSFT,8-K,False,post,0001193125-10-209027
2010-07-30,MSFT,10-K,False,pre,0001193125-10-171791
2010-07-22,MSFT,8-K,True,post,0001193125-10-163839
2010-06-18,MSFT,8-K,False,post,0001193125-10-142376
2010-06-09,MSFT,8-K,False,post,0001193125-10-136086
2010-06-08,MSFT,8-K,False,post,0001193125-10-135038
2010-05-25,MSFT,8-K,False,post,0001193125-10-128133
2010-04-22,MSFT,10-Q,False,post,0001193125-10-090116
2010-04-22,MSFT,8-K,True,post,0001193125-10-090109
2010-01-28,MSFT,10-Q,False,post,0001193125-10-015598
2010-01-28,MSFT,8-K,True,post,0001193125-10-015589
2009-12-04,MSFT,8-K,False,post,0001193125-09-247599
2009-11-24,MSFT,8-K,False,post,0001193125-09-241522
2009-10-23,MSFT,10-Q,False,pre,0001193125-09-212454
2009-10-23,MSFT,8-K,True,pre,0001193125-09-212453
2009-09-11,MSFT,8-K,False,post,0001193125-09-190661
2009-07-30,MSFT,10-K,False,pre,0001193125-09-158735
2009-07-23,MSFT,8-K,True,post,0001193125-09-154028
2009-05-15,MSFT,8-K,False,post,0001193125-09-113054
2009-04-23,MSFT,8-K,True,post,0001193125-09-085785
2009-04-23,MSFT,10-Q,False,post,0001193125-09-085779
2009-03-13,MSFT,8-K,False,post,0001193125-09-054006
2009-03-10,MSFT,8-K,False,pre,0001193125-09-048817
2009-01-22,MSFT,8-K,True,pre,0001193125-09-009388
2009-01-22,MSFT,10-Q,False,pre,0001193125-09-009386
2008-11-20,MSFT,8-K,False,pre,0001193125-08-239752
2008-10-23,MSFT,8-K,False,post,0001193125-08-215214
2008-10-23,MSFT,8-K,True,post,0001193125-08-215209
2008-10-23,MSFT,10-Q,False,post,0001193125-08-215207
2008-09-25,MSFT,8-K,False,post,0001193125-08-201369
2008-09-22,MSFT,8-K,False,pre,0001193125-08-199030
2008-08-01,MSFT,8-K,False,post,0001193125-08-162828
2008-07-31,MSFT,10-K,False,post,0001193125-08-162768
2008-07-25,MSFT,8-K,False,post,0001193125-08-157953
2008-07-17,MSFT,8-K,True,post,0001193125-08-152822
2008-06-17,MSFT,8-K,False,post,0001193125-08-135263
2008-05-19,MSFT,8-K,False,post,0001193125-08-118094
2008-05-05,MSFT,8-K,False,post,0001193125-08-101910
2008-04-24,MSFT,8-K,False,post,0001193125-08-089475
2008-04-24,MSFT,10-Q,False,post,0001193125-08-089362
2008-04-24,MSFT,8-K,True,post,0001193125-08-089345
2008-04-07,MSFT,8-K,False,post,0001193125-08-076257
2008-02-14,MSFT,8-K,False,post,0001193125-08-031558
2008-02-12,MSFT,8-K,False,pre,0000950123-08-001444
2008-02-01,MSFT,8-K,False,post,0000950123-08-001037
2008-01-24,MSFT,8-K,True,post,0001193125-08-011480
2008-01-24,MSFT,10-Q,False,post,0001193125-08-011476
2008-01-11,MSFT,8-K,False,pre,0001193125-08-005141
2007-12-05,MSFT,8-K,False,post,0001193125-07-259490
2007-11-27,MSFT,8-K,False,post,0001193125-07-253878
2007-10-25,MSFT,8-K,True,post,0001193125-07-225860
2007-10-25,MSFT,10-Q,False,post,0001193125-07-225854
2007-10-19,MSFT,8-K,False,post,0001193125-07-221457
2007-08-13,MSFT,8-K,False,post,0001193125-07-180380
2007-08-03,MSFT,10-K,False,post,0001193125-07-170817
2007-07-19,MSFT,8-K,True,post,0001193125-07-158174
2007-07-05,MSFT,8-K,False,post,0001193125-07-150125
2007-05-24,MSFT,8-K,False,post,0001193125-07-122687
2007-05-16,MSFT,8-K,False,pre,0001193125-07-116258
2007-04-26,MSFT,8-K,True,post,0001193125-07-091818
2007-04-26,MSFT,10-Q,False,post,0001193125-07-091808
2007-03-26,MSFT,8-K,False,post,0001193125-07-064353
2007-02-27,MSFT,8-K,False,post,0001193125-07-039978
2007-01-25,MSFT,8-K,True,post,0001193125-07-013039
2007-01-25,MSFT,10-Q,False,post,0001193125-07-013034
2006-11-14,MSFT,8-K,False,post,0001193125-06-235137
2006-10-26,MSFT,8-K,True,post,0001193125-06-215924
2006-10-26,MSFT,10-Q,False,post,0001193125-06-215912
2006-10-24,MSFT,8-K,False,post,0001193125-06-213894
2006-10-10,MSFT,8-K,False,post,0001193125-06-205609
2006-08-25,MSFT,8-K,False,post,0001193125-06-180011
2006-08-25,MSFT,10-K,False,post,0001193125-06-180008
2006-07-20,MSFT,8-K,True,post,0001193125-06-150261
2006-07-17,MSFT,8-K,False,post,0001193125-06-147789
2006-06-16,MSFT,8-K,False,post,0001193125-06-131072
2006-06-12,MSFT,8-K,False,post,0001193125-06-128216
2006-04-27,MSFT,8-K,True,post,0001193125-06-091040
2006-04-27,MSFT,10-Q,False,post,0001193125-06-091033
2006-04-13,MSFT,8-K,False,post,0001193125-06-079650
2006-03-10,MSFT,8-K,False,post,0001193125-06-050847
2006-02-03,MSFT,8-K,False,post,0001193125-06-019761
2006-01-26,MSFT,8-K,True,post,0001193125-06-012783
2006-01-26,MSFT,10-Q,False,post,0001193125-06-012779
2006-01-20,MSFT,8-K,False,post,0001193125-06-009363
2026-09-03,NVDA,8-K,False,pre,0001045810-26-000078
2026-08-26,NVDA,10-Q,False,post,0001045810-26-000075
2026-08-26,NVDA,8-K,True,post,0001045810-26-000073
2026-08-17,NVDA,8-K,False,pre,0001045810-26-000069
2026-07-02,NVDA,8-K,False,pre,0001045810-26-000060
2026-06-30,NVDA,8-K,False,post,0001045810-26-000056
2026-06-18,NVDA,8-K,False,post,0001193125-26-275783
2026-05-20,NVDA,10-Q,False,post,0001045810-26-000052
2026-05-20,NVDA,8-K,True,post,0001045810-26-000051
2026-05-08,NVDA,8-K,False,post,0001045810-26-000028
2026-04-27,NVDA,8-K,False,post,0001045810-26-000026
2026-03-06,NVDA,8-K,False,post,0001045810-26-000024
2026-02-25,NVDA,10-K,False,post,0001045810-26-000021
2026-02-25,NVDA,8-K,True,post,0001045810-26-000019
2026-01-23,NVDA,8-K,False,post,0001045810-26-000003
2025-11-19,NVDA,10-Q,False,post,0001045810-25-000230
2025-11-19,NVDA,8-K,True,post,0001045810-25-000228
2025-08-27,NVDA,10-Q,False,post,0001045810-25-000209
2025-08-27,NVDA,8-K,True,post,0001045810-25-000207
2025-08-05,NVDA,8-K,False,post,0001045810-25-000197
2025-07-01,NVDA,8-K,False,post,0001045810-25-000179
2025-05-28,NVDA,10-Q,False,post,0001045810-25-000116
2025-05-28,NVDA,8-K,True,post,0001045810-25-000115
2025-04-15,NVDA,8-K,False,post,0001045810-25-000082
2025-03-07,NVDA,8-K,False,post,0001045810-25-000039
2025-02-26,NVDA,10-K,False,post,0001045810-25-000023
2025-02-26,NVDA,8-K,True,post,0001045810-25-000021
2025-01-17,NVDA,8-K,False,post,0001045810-25-000007
2024-11-20,NVDA,10-Q,False,post,0001045810-24-000316
2024-11-20,NVDA,8-K,True,post,0001045810-24-000315
2024-11-07,NVDA,8-K,False,post,0001045810-24-000300
2024-08-28,NVDA,10-Q,False,post,0001045810-24-000264
2024-08-28,NVDA,8-K,True,post,0001045810-24-000262
2024-07-02,NVDA,8-K,False,post,0001045810-24-000206
2024-06-07,NVDA,8-K,False,post,0001045810-24-000144
2024-05-29,NVDA,10-Q,False,post,0001045810-24-000124
2024-05-22,NVDA,8-K,True,post,0001045810-24-000113
2024-03-14,NVDA,8-K,False,post,0001045810-24-000069
2024-02-21,NVDA,10-K,False,post,0001045810-24-000029
2024-02-21,NVDA,8-K,True,post,0001045810-24-000028
2023-11-21,NVDA,10-Q,False,post,0001045810-23-000227
2023-11-21,NVDA,8-K,True,post,0001045810-23-000225
2023-10-24,NVDA,8-K,False,pre,0001045810-23-000221
2023-10-17,NVDA,8-K,False,post,0001045810-23-000217
2023-08-28,NVDA,10-Q,False,post,0001045810-23-000175
2023-08-23,NVDA,8-K,True,post,0001045810-23-000171
2023-07-24,NVDA,8-K,False,post,0001045810-23-000164
2023-06-27,NVDA,8-K,False,post,0001045810-23-000146
2023-05-26,NVDA,10-Q,False,post,0001045810-23-000093
2023-05-24,NVDA,8-K,True,post,0001045810-23-000087
2023-03-08,NVDA,8-K,False,post,0001045810-23-000039
2023-02-24,NVDA,10-K,False,post,0001045810-23-000017
2023-02-22,NVDA,8-K,True,post,0001045810-23-000014
2022-11-18,NVDA,10-Q,False,post,0001045810-22-000166
2022-11-16,NVDA,8-K,True,post,0001045810-22-000163
2022-09-01,NVDA,8-K,False,pre,0001045810-22-000151
2022-08-31,NVDA,10-Q,False,post,0001045810-22-000147
2022-08-31,NVDA,8-K,False,post,0001045810-22-000146
2022-08-24,NVDA,8-K,True,post,0001045810-22-000136
2022-08-08,NVDA,8-K,True,pre,0001045810-22-000133
2022-06-06,NVDA,8-K,False,post,0001045810-22-000088
2022-05-27,NVDA,10-Q,False,post,0001045810-22-000079
2022-05-25,NVDA,8-K,True,post,0001045810-22-000073
2022-03-18,NVDA,10-K,False,pre,0001045810-22-000036
2022-03-09,NVDA,8-K,False,post,0001045810-22-000023
2022-02-16,NVDA,8-K,True,post,0001045810-22-000008
2022-02-08,NVDA,8-K,False,pre,0001045810-22-000005
2021-11-22,NVDA,10-Q,False,pre,0001045810-21-000163
2021-11-17,NVDA,8-K,True,post,0001045810-21-000160
2021-08-20,NVDA,10-Q,False,post,0001045810-21-000131
2021-08-18,NVDA,8-K,True,post,0001045810-21-000128
2021-06-28,NVDA,8-K,False,post,0001045810-21-000117
2021-06-16,NVDA,8-K,False,post,0001193125-21-192149
2021-06-07,NVDA,8-K,False,post,0001045810-21-000075
2021-05-26,NVDA,10-Q,False,post,0001045810-21-000064
2021-05-26,NVDA,8-K,True,post,0001045810-21-000063
2021-05-21,NVDA,8-K,False,pre,0001045810-21-000056
2021-04-12,NVDA,8-K,False,post,0001045810-21-000047
2021-03-19,NVDA,8-K,False,post,0001045810-21-000034
2021-02-26,NVDA,10-K,False,post,0001045810-21-000010
2021-02-24,NVDA,8-K,True,post,0001045810-21-000007
2020-11-18,NVDA,10-Q,False,post,0001045810-20-000189
2020-11-18,NVDA,8-K,True,post,0001045810-20-000187
2020-11-09,NVDA,8-K,False,post,0001045810-20-000181
2020-09-14,NVDA,8-K,False,pre,0001193125-20-244601
2020-08-19,NVDA,10-Q,False,post,0001045810-20-000147
2020-08-19,NVDA,8-K,True,post,0001045810-20-000145
2020-07-13,NVDA,8-K,False,post,0001045810-20-000127
2020-06-15,NVDA,8-K,False,post,0001045810-20-000103
2020-05-21,NVDA,10-Q,False,post,0001045810-20-000065
2020-05-21,NVDA,8-K,True,post,0001045810-20-000063
2020-04-27,NVDA,8-K,False,pre,0001045810-20-000052
2020-04-17,NVDA,8-K,False,post,0001045810-20-000048
2020-03-31,NVDA,8-K,False,post,0001193125-20-092939
2020-03-10,NVDA,8-K,False,post,0001045810-20-000033
2020-02-20,NVDA,10-K,False,post,0001045810-20-000010
2020-02-13,NVDA,8-K,True,post,0001045810-20-000007
2019-11-14,NVDA,10-Q,False,post,0001045810-19-000170
2019-11-14,NVDA,8-K,True,post,0001045810-19-000168
2019-08-15,NVDA,10-Q,False,post,0001045810-19-000144
2019-08-15,NVDA,8-K,True,post,0001045810-19-000140
2019-06-17,NVDA,8-K,False,post,0001045810-19-000112
2019-05-29,NVDA,8-K,False,post,0001045810-19-000107
2019-05-16,NVDA,10-Q,False,post,0001045810-19-000079
2019-05-16,NVDA,8-K,True,post,0001045810-19-000077
2019-04-01,NVDA,8-K,False,post,0001045810-19-000060
2019-03-11,NVDA,8-K,False,post,0001045810-19-000031
2019-03-11,NVDA,8-K,False,pre,0001045810-19-000029
2019-02-21,NVDA,10-K,False,post,0001045810-19-000023
2019-02-14,NVDA,8-K,True,post,0001045810-19-000007
2019-01-28,NVDA,8-K,True,pre,0001045810-19-000004
2018-11-15,NVDA,10-Q,False,post,0001045810-18-000150
2018-11-15,NVDA,8-K,True,post,0001045810-18-000148
2018-08-16,NVDA,10-Q,False,post,0001045810-18-000114
2018-08-16,NVDA,8-K,True,post,0001045810-18-000113
2018-05-22,NVDA,10-Q,False,post,0001045810-18-000080
2018-05-21,NVDA,8-K,False,post,0001045810-18-000058
2018-05-10,NVDA,8-K,True,post,0001045810-18-000052
2018-03-13,NVDA,8-K,False,post,0001045810-18-000026
2018-02-28,NVDA,10-K,False,post,0001045810-18-000010
2018-02-08,NVDA,8-K,True,post,0001045810-18-000004
2017-12-15,NVDA,8-K,False,post,0001045810-17-000178
2017-11-21,NVDA,10-Q,False,post,0001045810-17-000172
2017-11-09,NVDA,8-K,True,post,0001045810-17-000164
2017-08-23,NVDA,10-Q,False,post,0001045810-17-000123
2017-08-10,NVDA,8-K,True,post,0001045810-17-000117
2017-06-05,NVDA,8-K,False,post,0001045810-17-000103
2017-05-30,NVDA,8-K,False,post,0001045810-17-000097
2017-05-23,NVDA,10-Q,False,post,0001045810-17-000075
2017-05-09,NVDA,8-K,True,post,0001045810-17-000068
2017-03-13,NVDA,8-K,False,post,0001045810-17-000038
2017-03-01,NVDA,10-K,False,post,0001045810-17-000027
2017-02-09,NVDA,8-K,True,post,0001045810-17-000016
2017-02-02,NVDA,8-K,False,post,0001045810-17-000012
2017-01-19,NVDA,8-K,False,post,0001045810-17-000006
2016-12-13,NVDA,8-K,False,pre,0001045810-16-000358
2016-12-01,NVDA,8-K,False,post,0001045810-16-000356
2016-11-22,NVDA,10-Q,False,post,0001045810-16-000353
2016-11-10,NVDA,8-K,True,post,0001045810-16-000343
2016-10-13,NVDA,8-K,False,post,0001193125-16-737735
2016-09-16,NVDA,8-K,False,pre,0001193125-16-711700
2016-08-23,NVDA,10-Q,False,post,0001045810-16-000300
2016-08-11,NVDA,8-K,True,post,0001045810-16-000292
2016-06-21,NVDA,8-K,False,post,0001045810-16-000284
2016-05-25,NVDA,10-Q,False,post,0001045810-16-000275
2016-05-23,NVDA,8-K,False,post,0001045810-16-000268
2016-05-12,NVDA,8-K,True,post,0001045810-16-000243
2016-05-02,NVDA,8-K,False,pre,0001045810-16-000235
2016-03-23,NVDA,8-K,False,pre,0001045810-16-000220
2016-03-17,NVDA,10-K,False,post,0001045810-16-000205
2016-03-14,NVDA,8-K,False,post,0001045810-16-000200
2016-02-17,NVDA,8-K,True,post,0001045810-16-000189
2015-11-18,NVDA,10-Q,False,post,0001045810-15-000173
2015-11-05,NVDA,8-K,True,post,0001045810-15-000165
2015-08-19,NVDA,10-Q,False,post,0001045810-15-000143
2015-08-06,NVDA,8-K,True,post,0001045810-15-000131
2015-06-23,NVDA,8-K,False,post,0001045810-15-000124
2015-05-26,NVDA,8-K,False,post,0001045810-15-000117
2015-05-20,NVDA,10-Q,False,post,0001045810-15-000097
2015-05-07,NVDA,8-K,True,post,0001045810-15-000087
2015-04-10,NVDA,8-K,False,post,0001045810-15-000070
2015-03-12,NVDA,10-K,False,post,0001045810-15-000036
2015-03-11,NVDA,8-K,False,post,0001045810-15-000033
2015-02-11,NVDA,8-K,True,post,0001045810-15-000013
2014-11-19,NVDA,10-Q,False,pre,0001045810-14-000188
2014-11-06,NVDA,8-K,True,post,0001045810-14-000182
2014-08-20,NVDA,10-Q,False,post,0001045810-14-000158
2014-08-07,NVDA,8-K,True,post,0001045810-14-000149
2014-05-28,NVDA,8-K,False,post,0001045810-14-000101
2014-05-21,NVDA,10-Q,False,post,0001045810-14-000085
2014-05-08,NVDA,8-K,True,post,0001045810-14-000076
2014-05-06,NVDA,8-K,True,pre,0001045810-14-000071
2014-04-15,NVDA,8-K,False,post,0001045810-14-000062
2014-03-13,NVDA,10-K,False,post,0001045810-14-000030
2014-02-14,NVDA,8-K,False,pre,0001045810-14-000006
2014-02-12,NVDA,8-K,True,post,0001045810-14-000004
2013-12-02,NVDA,8-K,False,post,0001193125-13-459385
2013-11-19,NVDA,10-Q,False,post,0001045810-13-000109
2013-11-14,NVDA,8-K,False,post,0001045810-13-000106
2013-11-07,NVDA,8-K,True,post,0001045810-13-000104
2013-09-16,NVDA,8-K,False,post,0001045810-13-000080
2013-08-21,NVDA,10-Q,False,post,0001045810-13-000075
2013-08-08,NVDA,8-K,True,post,0001045810-13-000069
2013-07-23,NVDA,8-K,False,post,0001045810-13-000064
2013-05-22,NVDA,10-Q,False,post,0001045810-13-000054
2013-05-21,NVDA,8-K,False,post,0001045810-13-000046
2013-05-14,NVDA,8-K,False,pre,0001045810-13-000031
2013-05-09,NVDA,8-K,True,post,0001045810-13-000029
2013-04-02,NVDA,8-K,False,post,0001045810-13-000024
2013-03-12,NVDA,10-K,False,post,0001045810-13-000008
2013-03-05,NVDA,8-K,False,post,0001045810-13-000005
2013-02-13,NVDA,8-K,True,post,0001045810-13-000003
2012-11-19,NVDA,10-Q,False,post,0001045810-12-000060
2012-11-08,NVDA,8-K,True,post,0001045810-12-000055
2012-08-22,NVDA,10-Q,False,post,0001045810-12-000036
2012-08-09,NVDA,8-K,True,post,0001045810-12-000032
2012-05-23,NVDA,10-Q,False,post,0001045810-12-000027
2012-05-11,NVDA,8-K,True,pre,0001045810-12-000024
2012-03-28,NVDA,8-K,False,post,0001045810-12-000015
2012-03-13,NVDA,10-K,False,post,0001045810-12-000013
2012-02-15,NVDA,8-K,True,post,0001045810-12-000008
2012-02-09,NVDA,8-K,False,post,0001045810-12-000004
2011-12-14,NVDA,8-K,False,post,0001045810-11-000060
2011-11-22,NVDA,10-Q,False,post,0001045810-11-000056
2011-11-10,NVDA,8-K,True,post,0001045810-11-000052
2011-08-25,NVDA,10-Q,False,post,0001045810-11-000046
2011-08-11,NVDA,8-K,True,post,0001045810-11-000039
2011-05-27,NVDA,10-Q,False,post,0001045810-11-000031
2011-05-24,NVDA,8-K,False,post,0001193125-11-149200
2011-05-12,NVDA,8-K,True,post,0001045810-11-000022
2011-03-25,NVDA,8-K,False,pre,0001045810-11-000018
2011-03-16,NVDA,10-K,False,post,0001045810-11-000015
2011-03-15,NVDA,8-K,False,post,0001193125-11-067233
2011-02-16,NVDA,8-K,True,post,0001045810-11-000006
2011-01-10,NVDA,8-K,False,post,0001193125-11-005134
2010-12-07,NVDA,10-Q,False,post,0001045810-10-000045
2010-11-12,NVDA,8-K,True,pre,0001045810-10-000038
2010-09-13,NVDA,8-K,False,post,0001045810-10-000033
2010-08-30,NVDA,10-Q,False,post,0001045810-10-000029
2010-08-24,NVDA,8-K,False,post,0001104659-10-045738
2010-08-13,NVDA,8-K,False,pre,0001045810-10-000024
2010-08-12,NVDA,8-K,True,post,0001045810-10-000022
2010-05-21,NVDA,10-Q,False,post,0001045810-10-000018
2010-05-13,NVDA,8-K,True,post,0001045810-10-000015
2010-05-05,NVDA,8-K,False,post,0001045810-10-000010
2010-03-18,NVDA,10-K,False,post,0001045810-10-000006
2010-02-17,NVDA,8-K,True,post,0001045810-10-000002
2009-11-19,NVDA,10-Q,False,pre,0001045810-09-000036
2009-11-05,NVDA,8-K,True,post,0001045810-09-000031
2009-08-20,NVDA,10-Q,False,post,0001045810-09-000024
2009-08-06,NVDA,8-K,True,post,0001045810-09-000021
2009-05-20,NVDA,10-Q,False,pre,0001045810-09-000017
2009-05-07,NVDA,8-K,True,post,0001045810-09-000015
2009-04-08,NVDA,8-K,False,post,0001193125-09-075632
2009-03-13,NVDA,10-K,False,pre,0001045810-09-000013
2009-02-27,NVDA,8-K,False,pre,0001193125-09-040147
2009-02-19,NVDA,8-K,False,post,0001193125-09-033113
2009-02-11,NVDA,8-K,False,post,0001045810-09-000007
2009-02-10,NVDA,8-K,True,post,0001045810-09-000005
2009-01-16,NVDA,8-K,False,post,0001045810-09-000002
2008-12-02,NVDA,10-Q,False,post,0001045810-08-000030
2008-11-10,NVDA,8-K,False,post,0001045810-08-000028
2008-11-06,NVDA,8-K,True,post,0001045810-08-000027
2008-10-16,NVDA,8-K,False,post,0001045810-08-000025
2008-09-24,NVDA,8-K,False,post,0001193125-08-200658
2008-09-22,NVDA,8-K,False,post,0001193125-08-199382
2008-09-18,NVDA,8-K,False,post,0001193125-08-198086
2008-09-08,NVDA,8-K,False,post,0001045810-08-000022
2008-08-21,NVDA,10-Q,False,pre,0001045810-08-000020
2008-08-12,NVDA,8-K,True,post,0001045810-08-000018
2008-07-02,NVDA,8-K,False,post,0001193125-08-145974
2008-05-22,NVDA,10-Q,False,pre,0001045810-08-000016
2008-05-08,NVDA,8-K,True,post,0001045810-08-000014
2008-04-21,NVDA,8-K,False,post,0001193125-08-085676
2008-03-27,NVDA,8-K,False,pre,0001193125-08-066644
2008-03-21,NVDA,10-K,False,post,0001045810-08-000011
2008-02-13,NVDA,8-K,True,post,0001045810-08-000003
2008-02-06,NVDA,8-K,False,post,0001193125-08-021771
2007-11-21,NVDA,10-Q,False,pre,0001045810-07-000053
2007-11-08,NVDA,8-K,True,post,0001045810-07-000050
2007-10-31,NVDA,8-K,False,post,0001193125-07-231042
2007-09-21,NVDA,8-K,False,post,0001045810-07-000048
2007-08-22,NVDA,10-Q,False,pre,0001045810-07-000045
2007-08-09,NVDA,8-K,False,post,0001045810-07-000042
2007-08-09,NVDA,8-K,True,post,0001045810-07-000041
2007-06-27,NVDA,8-K,False,post,0001193125-07-144216
2007-06-18,NVDA,8-K,False,post,0001193125-07-137575
2007-06-18,NVDA,8-K,False,pre,0001193125-07-137218
2007-06-08,NVDA,8-K,False,post,0001045810-07-000025
2007-05-24,NVDA,10-Q,False,pre,0001045810-07-000019
2007-05-10,NVDA,8-K,True,post,0001045810-07-000014
2007-04-30,NVDA,8-K,False,post,0001045810-07-000012
2007-04-05,NVDA,8-K,False,post,0001045810-07-000010
2007-03-16,NVDA,10-K,False,post,0001045810-07-000008
2007-02-13,NVDA,8-K,True,post,0001045810-07-000004
2007-01-11,NVDA,8-K,False,post,0001045810-07-000002
2006-12-07,NVDA,10-Q,False,post,0001045810-06-000035
2006-12-04,NVDA,8-K,False,post,0001045810-06-000032
2006-12-01,NVDA,8-K,False,post,0001045810-06-000030
2006-11-29,NVDA,10-Q,False,pre,0001193125-06-243229
2006-11-09,NVDA,8-K,False,post,0001193125-06-230621
2006-11-09,NVDA,8-K,True,post,0001193125-06-230536
2006-11-06,NVDA,8-K,False,post,0001193125-06-223958
2006-09-12,NVDA,8-K,True,pre,0001193125-06-189092
2006-08-10,NVDA,8-K,True,post,0001045810-06-000027
2006-05-31,NVDA,10-Q,False,post,0001045810-06-000023
2006-05-11,NVDA,8-K,True,post,0001045810-06-000020
2006-04-03,NVDA,8-K,False,post,0001045810-06-000018
2006-03-16,NVDA,10-K,False,post,0001045810-06-000014
2006-03-13,NVDA,8-K,False,post,0001045810-06-000012
2006-03-07,NVDA,8-K,False,post,0001045810-06-000010
2006-02-24,NVDA,8-K,False,post,0001045810-06-000007
2006-02-16,NVDA,8-K,True,post,0001045810-06-000004
2026-07-31,AMZN,10-Q,False,post,0001018724-26-000026
2026-07-30,AMZN,8-K,True,post,0001018724-26-000024
2026-07-09,AMZN,8-K,False,post,0001104659-26-082293
2026-06-12,AMZN,8-K,False,post,0001104659-26-073562
2026-06-10,AMZN,8-K,False,pre,0001104659-26-072140
2026-05-22,AMZN,8-K,False,post,0001104659-26-065717
2026-04-30,AMZN,10-Q,False,post,0001018724-26-000014
2026-04-29,AMZN,8-K,True,post,0001018724-26-000012
2026-04-14,AMZN,8-K,False,pre,0001104659-26-042880
2026-04-09,AMZN,8-K,False,post,0001104659-26-041034
2026-03-16,AMZN,8-K,False,post,0001104659-26-028556
2026-03-13,AMZN,8-K,False,post,0001104659-26-027729
2026-02-27,AMZN,8-K,False,pre,0001104659-26-021050
2026-02-06,AMZN,10-K,False,post,0001018724-26-000004
2026-02-05,AMZN,8-K,True,post,0001018724-26-000002
2025-11-20,AMZN,8-K,False,post,0001104659-25-114647
2025-10-31,AMZN,10-Q,False,post,0001018724-25-000123
2025-10-30,AMZN,8-K,True,post,0001018724-25-000121
2025-08-01,AMZN,10-Q,False,post,0001018724-25-000086
2025-07-31,AMZN,8-K,True,post,0001018724-25-000084
2025-05-22,AMZN,8-K,False,post,0001104659-25-052014
2025-05-02,AMZN,10-Q,False,post,0001018724-25-000036
2025-05-01,AMZN,8-K,True,post,0001018724-25-000034
2025-04-10,AMZN,8-K,False,post,0001104659-25-033450
2025-02-07,AMZN,10-K,False,post,0001018724-25-000004
2025-02-06,AMZN,8-K,True,post,0001018724-25-000002
2024-11-01,AMZN,10-Q,False,post,0001018724-24-000161
2024-10-31,AMZN,8-K,True,post,0001018724-24-000158
2024-08-02,AMZN,10-Q,False,post,0001018724-24-000130
2024-08-01,AMZN,8-K,True,post,0001018724-24-000128
2024-05-24,AMZN,8-K,False,post,0001104659-24-065117
2024-05-14,AMZN,8-K,False,post,0001104659-24-061143
2024-05-03,AMZN,8-K,False,post,0001104659-24-057026
2024-05-01,AMZN,10-Q,False,post,0001018724-24-000083
2024-04-30,AMZN,8-K,True,post,0001018724-24-000081
2024-04-11,AMZN,8-K,False,post,0001104659-24-045915
2024-02-02,AMZN,10-K,False,post,0001018724-24-000008
2024-02-01,AMZN,8-K,True,post,0001018724-24-000006
2023-11-01,AMZN,8-K,False,post,0001104659-23-113444
2023-10-27,AMZN,10-Q,False,post,0001018724-23-000018
2023-10-26,AMZN,8-K,True,post,0001018724-23-000016
2023-09-13,AMZN,8-K,False,post,0001018724-23-000014
2023-08-04,AMZN,10-Q,False,post,0001018724-23-000012
2023-08-03,AMZN,8-K,True,post,0001018724-23-000010
2023-05-26,AMZN,8-K,False,post,0001104659-23-065457
2023-04-28,AMZN,10-Q,False,post,0001018724-23-000008
2023-04-27,AMZN,8-K,True,post,0001018724-23-000006
2023-04-13,AMZN,8-K,False,post,0001104659-23-044715
2023-02-03,AMZN,10-K,False,post,0001018724-23-000004
2023-02-02,AMZN,8-K,True,post,0001018724-23-000002
2023-01-06,AMZN,8-K,False,post,0001193125-23-003621
2023-01-03,AMZN,8-K,False,post,0001193125-23-000849
2022-12-01,AMZN,8-K,False,post,0001193125-22-296602
2022-11-18,AMZN,8-K,False,post,0001193125-22-289041
2022-10-28,AMZN,10-Q,False,post,0001018724-22-000023
2022-10-27,AMZN,8-K,True,post,0001018724-22-000021
2022-07-29,AMZN,10-Q,False,post,0001018724-22-000019
2022-07-28,AMZN,8-K,True,post,0001018724-22-000017
2022-06-03,AMZN,8-K,False,post,0001018724-22-000015
2022-05-27,AMZN,8-K,False,post,0001104659-22-065872
2022-04-29,AMZN,10-Q,False,post,0001018724-22-000013
2022-04-28,AMZN,8-K,True,post,0001018724-22-000011
2022-04-14,AMZN,8-K,False,post,0001104659-22-045579
2022-04-13,AMZN,8-K,False,post,0001193125-22-104336
2022-03-09,AMZN,8-K,False,post,0001018724-22-000009
2022-02-04,AMZN,10-K,False,post,0001018724-22-000005
2022-02-03,AMZN,8-K,True,post,0001018724-22-000002
2021-11-12,AMZN,8-K,False,pre,0001018724-21-000030
2021-10-29,AMZN,10-Q,False,post,0001018724-21-000028
2021-10-28,AMZN,8-K,True,post,0001018724-21-000026
2021-09-20,AMZN,8-K,False,post,0001018724-21-000022
2021-07-30,AMZN,10-Q,False,post,0001018724-21-000020
2021-07-29,AMZN,8-K,True,post,0001018724-21-000018
2021-07-02,AMZN,8-K,False,post,0001018724-21-000016
2021-05-28,AMZN,8-K,False,post,0001018724-21-000012
2021-05-12,AMZN,8-K,False,post,0001193125-21-159084
2021-04-30,AMZN,10-Q,False,post,0001018724-21-000010
2021-04-29,AMZN,8-K,True,post,0001018724-21-000008
2021-04-15,AMZN,8-K,False,post,0001104659-21-050346
2021-02-03,AMZN,10-K,False,pre,0001018724-21-000004
2021-02-02,AMZN,8-K,True,post,0001018724-21-000002
2021-01-27,AMZN,8-K,False,pre,0001193125-21-018066
2020-10-30,AMZN,10-Q,False,post,0001018724-20-000030
2020-10-29,AMZN,8-K,True,post,0001018724-20-000028
2020-09-09,AMZN,8-K,False,post,0001018724-20-000026
2020-08-21,AMZN,8-K,False,pre,0001193125-20-226520
2020-07-31,AMZN,10-Q,False,pre,0001018724-20-000021
2020-07-30,AMZN,8-K,True,post,0001018724-20-000019
2020-06-23,AMZN,8-K,False,post,0001193125-20-176528
2020-06-03,AMZN,8-K,False,post,0001193125-20-159531
2020-05-29,AMZN,8-K,False,post,0001018724-20-000015
2020-05-01,AMZN,10-Q,False,post,0001018724-20-000010
2020-04-30,AMZN,8-K,True,post,0001018724-20-000008
2020-04-16,AMZN,8-K,False,pre,0001193125-20-108427
2020-01-31,AMZN,10-K,False,pre,0001018724-20-000004
2020-01-30,AMZN,8-K,True,post,0001018724-20-000002
2019-11-19,AMZN,8-K,False,post,0001018724-19-000093
2019-10-25,AMZN,10-Q,False,pre,0001018724-19-000089
2019-10-24,AMZN,8-K,True,post,0001018724-19-000087
2019-08-01,AMZN,8-K,False,post,0001018724-19-000081
2019-07-26,AMZN,10-Q,False,post,0001018724-19-000071
2019-07-25,AMZN,8-K,True,post,0001018724-19-000069
2019-05-24,AMZN,8-K,False,post,0001018724-19-000061
2019-04-26,AMZN,10-Q,False,post,0001018724-19-000043
2019-04-25,AMZN,8-K,True,post,0001018724-19-000041
2019-04-11,AMZN,8-K,False,post,0001193125-19-103013
2019-04-04,AMZN,8-K,False,post,0001193125-19-097640
2019-02-25,AMZN,8-K,False,post,0001193125-19-049914
2019-02-04,AMZN,8-K,False,post,0001018724-19-000008
2019-02-01,AMZN,10-K,False,pre,0001018724-19-000004
2019-01-31,AMZN,8-K,True,post,0001018724-19-000002
2018-10-26,AMZN,10-Q,False,post,0001018724-18-000159
2018-10-25,AMZN,8-K,True,post,0001018724-18-000157
2018-07-27,AMZN,10-Q,False,post,0001018724-18-000108
2018-07-26,AMZN,8-K,True,post,0001018724-18-000106
2018-06-01,AMZN,8-K,False,post,0001018724-18-000104
2018-04-27,AMZN,8-K,False,post,0001193125-18-139368
2018-04-27,AMZN,10-Q,False,post,0001018724-18-000072
2018-04-26,AMZN,8-K,True,post,0001018724-18-000070
2018-04-18,AMZN,8-K,False,post,0001193125-18-121161
2018-02-02,AMZN,10-K,False,pre,0001018724-18-000005
2018-02-01,AMZN,8-K,True,post,0001018724-18-000002
2017-12-20,AMZN,8-K,False,post,0001193125-17-374998
2017-10-27,AMZN,10-Q,False,post,0001018724-17-000135
2017-10-26,AMZN,8-K,True,post,0001018724-17-000131
2017-08-28,AMZN,8-K,False,pre,0001193125-17-269093
2017-08-24,AMZN,8-K,False,post,0001193125-17-266837
2017-08-22,AMZN,8-K,False,post,0001193125-17-264654
2017-08-16,AMZN,8-K,False,post,0001193125-17-258814
2017-08-15,AMZN,8-K,False,pre,0001193125-17-258008
2017-07-28,AMZN,10-Q,False,post,0001018724-17-000100
2017-07-27,AMZN,8-K,True,post,0001018724-17-000098
2017-06-16,AMZN,8-K,False,pre,0001193125-17-205287
2017-05-25,AMZN,8-K,False,post,0001018724-17-000084
2017-04-28,AMZN,10-Q,False,post,0001018724-17-000051
2017-04-27,AMZN,8-K,True,post,0001018724-17-000049
2017-04-12,AMZN,8-K,False,post,0001193125-17-120198
2017-03-17,AMZN,8-K,False,post,0001018724-17-000044
2017-02-10,AMZN,10-K,False,post,0001018724-17-000011
2017-02-02,AMZN,8-K,True,post,0001018724-17-000003
2016-10-28,AMZN,10-Q,False,post,0001018724-16-000324
2016-10-27,AMZN,8-K,True,post,0001018724-16-000322
2016-09-08,AMZN,8-K,False,post,0001018724-16-000312
2016-07-29,AMZN,10-Q,False,post,0001018724-16-000286
2016-07-28,AMZN,8-K,True,post,0001018724-16-000282
2016-05-20,AMZN,8-K,False,post,0001018724-16-000268
2016-04-29,AMZN,10-Q,False,post,0001018724-16-000227
2016-04-28,AMZN,8-K,True,post,0001018724-16-000225
2016-04-05,AMZN,8-K,False,post,0001193125-16-530910
2016-02-25,AMZN,8-K,False,post,0001018724-16-000206
2016-02-10,AMZN,8-K,False,post,0001018724-16-000176
2016-01-29,AMZN,10-K,False,pre,0001018724-16-000172
2016-01-28,AMZN,8-K,True,post,0001018724-16-000170
2015-10-23,AMZN,10-Q,False,post,0001018724-15-000126
2015-10-22,AMZN,8-K,True,post,0001018724-15-000124
2015-07-24,AMZN,10-Q,False,post,0001018724-15-000087
2015-07-23,AMZN,8-K,True,post,0001018724-15-000085
2015-06-12,AMZN,8-K,False,post,0001018724-15-000079
2015-04-24,AMZN,8-K,False,post,0001193125-15-144741
2015-04-24,AMZN,10-Q,False,post,0001018724-15-000038
2015-04-23,AMZN,8-K,True,post,0001018724-15-000036
2015-01-30,AMZN,10-K,False,pre,0001018724-15-000006
2015-01-29,AMZN,8-K,True,post,0001018724-15-000004
2014-12-05,AMZN,8-K,False,post,0001193125-14-434903
2014-10-24,AMZN,10-Q,False,post,0001018724-14-000055
2014-10-23,AMZN,8-K,True,post,0001018724-14-000053
2014-09-25,AMZN,8-K,False,post,0001018724-14-000046
2014-09-05,AMZN,8-K,False,post,0001018724-14-000042
2014-09-03,AMZN,8-K,False,pre,0001018724-14-000039
2014-08-25,AMZN,8-K,False,post,0001018724-14-000034
2014-08-01,AMZN,8-K,False,post,0001018724-14-000028
2014-07-25,AMZN,10-Q,False,post,0001018724-14-000025
2014-07-24,AMZN,8-K,True,post,0001018724-14-000023
2014-05-23,AMZN,8-K,False,post,0001193125-14-211657
2014-04-25,AMZN,10-Q,False,post,0001018724-14-000014
2014-04-24,AMZN,8-K,True,post,0001018724-14-000012
2014-04-10,AMZN,8-K,False,pre,0001193125-14-137753
2014-01-31,AMZN,10-K,False,pre,0001018724-14-000006
2014-01-30,AMZN,8-K,True,post,0001018724-14-000004
2013-10-25,AMZN,10-Q,False,post,0001445305-13-002495
2013-10-24,AMZN,8-K,True,post,0001193125-13-409933
2013-07-26,AMZN,10-Q,False,pre,0001193125-13-303204
2013-07-25,AMZN,8-K,True,post,0001193125-13-302763
2013-05-24,AMZN,8-K,False,post,0001193125-13-235908
2013-04-26,AMZN,10-Q,False,post,0001193125-13-174667
2013-04-25,AMZN,8-K,True,post,0001193125-13-173923
2013-04-12,AMZN,8-K,False,pre,0001193125-13-151836
2013-01-30,AMZN,10-K,False,pre,0001193125-13-028520
2013-01-29,AMZN,8-K,True,post,0001193125-13-028189
2012-12-28,AMZN,8-K,False,post,0001193125-12-518418
2012-11-29,AMZN,8-K,False,post,0001193125-12-485763
2012-10-26,AMZN,10-Q,False,post,0001193125-12-436012
2012-10-25,AMZN,8-K,True,post,0001193125-12-435477
2012-10-05,AMZN,8-K,False,post,0001193125-12-416835
2012-07-27,AMZN,10-Q,False,pre,0001193125-12-317409
2012-07-26,AMZN,8-K,True,post,0001193125-12-316828
2012-05-25,AMZN,8-K,False,post,0001193125-12-249407
2012-05-01,AMZN,8-K,False,post,0001193125-12-200668
2012-04-27,AMZN,10-Q,False,pre,0001193125-12-187203
2012-04-26,AMZN,8-K,True,post,0001193125-12-186222
2012-04-13,AMZN,8-K,False,pre,0001193125-12-161812
2012-03-20,AMZN,8-K,False,pre,0001193125-12-122135
2012-02-10,AMZN,8-K,False,pre,0001193125-12-050110
2012-02-01,AMZN,10-K,False,pre,0001193125-12-032846
2012-01-31,AMZN,8-K,True,post,0001193125-12-032057
2011-10-26,AMZN,10-Q,False,pre,0001193125-11-280739
2011-10-25,AMZN,8-K,True,post,0001193125-11-280254
2011-09-08,AMZN,8-K,False,post,0001193125-11-243454
2011-07-27,AMZN,10-Q,False,pre,0001193125-11-197823
2011-07-26,AMZN,8-K,True,post,0001193125-11-197473
2011-06-10,AMZN,8-K,False,post,0001193125-11-163100
2011-04-27,AMZN,8-K,False,pre,0001193125-11-110797
2011-04-27,AMZN,10-Q,False,pre,0001193125-11-110197
2011-04-26,AMZN,8-K,True,post,0001193125-11-109578
2011-03-24,AMZN,8-K,False,post,0001193125-11-076634
2011-01-28,AMZN,10-K,False,pre,0001193125-11-016253
2011-01-27,AMZN,8-K,True,post,0001193125-11-015972
2010-12-17,AMZN,8-K,False,pre,0001193125-10-282886
2010-11-08,AMZN,8-K,False,pre,0001193125-10-251261
2010-10-22,AMZN,10-Q,False,pre,0001193125-10-233883
2010-10-21,AMZN,8-K,True,post,0001193125-10-233639
2010-07-23,AMZN,10-Q,False,post,0001193125-10-164083
2010-07-22,AMZN,8-K,True,post,0001193125-10-163861
2010-05-28,AMZN,8-K,False,pre,0000950130-10-000283
2010-04-23,AMZN,10-Q,False,post,0001193125-10-090367
2010-04-22,AMZN,8-K,True,post,0001193125-10-090093
2010-04-14,AMZN,8-K,False,pre,0001193125-10-082914
2010-03-16,AMZN,8-K,False,post,0001193125-10-058521
2010-01-29,AMZN,10-K,False,pre,0001193125-10-016098
2010-01-28,AMZN,8-K,True,post,0001193125-10-015621
2009-11-02,AMZN,8-K,False,pre,0001193125-09-219781
2009-10-23,AMZN,10-Q,False,post,0001193125-09-212134
2009-10-22,AMZN,8-K,True,post,0001193125-09-211972
2009-07-24,AMZN,8-K,False,post,0001193125-09-154182
2009-07-24,AMZN,10-Q,False,post,0001193125-09-154174
2009-07-23,AMZN,8-K,True,post,0001193125-09-154037
2009-07-22,AMZN,8-K,False,post,0001193125-09-153130
2009-06-12,AMZN,8-K,False,post,0001193125-09-130282
2009-04-24,AMZN,10-Q,False,post,0001193125-09-085983
2009-04-23,AMZN,8-K,True,post,0001193125-09-085786
2009-04-17,AMZN,8-K,False,pre,0001193125-09-081096
2009-03-06,AMZN,8-K,False,post,0001193125-09-047679
2009-02-18,AMZN,8-K,False,post,0001193125-09-032203
2009-01-30,AMZN,10-K,False,post,0001193125-09-014406
2009-01-29,AMZN,8-K,True,post,0001193125-09-014223
2008-11-17,AMZN,8-K,False,post,0001193125-08-237767
2008-10-22,AMZN,10-Q,False,post,0001193125-08-214483
2008-10-22,AMZN,8-K,True,post,0001193125-08-214425
2008-09-17,AMZN,8-K,False,post,0001193125-08-197492
2008-08-18,AMZN,8-K,False,pre,0001193125-08-179695
2008-07-25,AMZN,10-Q,False,pre,0001193125-08-157451
2008-07-23,AMZN,8-K,True,post,0001193125-08-156257
2008-06-11,AMZN,8-K,False,pre,0001193125-08-131500
2008-05-09,AMZN,8-K,False,post,0001193125-08-109953
2008-04-25,AMZN,10-Q,False,post,0001193125-08-089548
2008-04-23,AMZN,8-K,True,post,0001193125-08-087961
2008-04-18,AMZN,8-K,False,pre,0001193125-08-084145
2008-02-11,AMZN,10-K,False,pre,0001193125-08-024707
2008-02-08,AMZN,8-K,False,pre,0001193125-08-023515
2008-02-01,AMZN,8-K,False,pre,0001193125-08-017136
2008-01-30,AMZN,8-K,True,post,0001193125-08-015472
2007-12-21,AMZN,8-K,False,post,0001193125-07-270524
2007-10-25,AMZN,10-Q,False,pre,0001193125-07-225370
2007-10-23,AMZN,8-K,True,post,0001193125-07-223857
2007-09-18,AMZN,8-K,False,post,0001193125-07-202959
2007-08-31,AMZN,8-K,False,post,0001193125-07-194190
2007-07-26,AMZN,10-Q,False,pre,0001193125-07-162415
2007-07-24,AMZN,8-K,True,post,0001193125-07-160753
2007-04-27,AMZN,8-K,False,post,0001193125-07-093886
2007-04-26,AMZN,10-Q,False,pre,0001193125-07-090895
2007-04-24,AMZN,8-K,True,post,0001193125-07-088806
2007-03-22,AMZN,8-K,False,post,0001193125-07-061803
2007-02-16,AMZN,10-K,False,post,0001193125-07-034081
2007-02-01,AMZN,8-K,True,post,0001193125-07-018250
2006-10-26,AMZN,10-Q,False,pre,0001193125-06-215188
2006-10-24,AMZN,8-K,True,post,0001193125-06-213773
2006-08-28,AMZN,8-K,False,pre,0001193125-06-180302
2006-07-27,AMZN,10-Q,False,pre,0001193125-06-154437
2006-07-25,AMZN,8-K,True,post,0001193125-06-152620
2006-07-24,AMZN,8-K,False,post,0001193125-06-151176
2006-06-02,AMZN,8-K,False,pre,0001193125-06-122997
2006-04-27,AMZN,10-Q,False,pre,0001193125-06-090088
2006-04-25,AMZN,8-K,True,post,0001193125-06-088004
2006-04-21,AMZN,8-K,False,pre,0001193125-06-084815
2006-02-17,AMZN,10-K,False,pre,0001193125-06-034166
2006-02-02,AMZN,8-K,True,post,0001193125-06-018453
2026-08-10,GOOGL,8-K,False,post,0001193125-26-342390
2026-07-23,GOOGL,10-Q,False,pre,0001652044-26-000071
2026-07-22,GOOGL,8-K,True,post,0001652044-26-000066
2026-06-11,GOOGL,8-K,False,post,0001193125-26-267578
2026-06-05,GOOGL,8-K,False,post,0001193125-26-259830
2026-06-05,GOOGL,8-K,False,post,0001652044-26-000059
2026-06-04,GOOGL,8-K,False,post,0001193125-26-257724
2026-05-21,GOOGL,8-K,False,post,0001193125-26-234488
2026-05-11,GOOGL,8-K,False,post,0001193125-26-216986
2026-04-30,GOOGL,10-Q,False,pre,0001652044-26-000048
2026-04-29,GOOGL,8-K,True,post,0001652044-26-000043
2026-04-10,GOOGL,8-K,False,post,0001652044-26-000034
2026-04-02,GOOGL,8-K,False,post,0001652044-26-000031
2026-03-06,GOOGL,8-K,False,post,0001652044-26-000026
2026-02-13,GOOGL,8-K,False,post,0001193125-26-051423
2026-02-05,GOOGL,10-K,False,pre,0001652044-26-000018
2026-02-04,GOOGL,8-K,True,post,0001652044-26-000012
2025-11-06,GOOGL,8-K,False,post,0001193125-25-269979
2025-10-30,GOOGL,10-Q,False,pre,0001652044-25-000091
2025-10-29,GOOGL,8-K,True,post,0001652044-25-000087
2025-09-05,GOOGL,8-K,False,post,0001652044-25-000074
2025-09-03,GOOGL,8-K,False,post,0001652044-25-000067
2025-07-24,GOOGL,10-Q,False,post,0001652044-25-000062
2025-07-23,GOOGL,8-K,True,post,0001652044-25-000056
2025-07-18,GOOGL,8-K,False,post,0001193125-25-161225
2025-06-12,GOOGL,8-K,False,post,0001193125-25-139948
2025-05-06,GOOGL,8-K,False,post,0001193125-25-113864
2025-05-01,GOOGL,8-K,False,post,0001193125-25-110020
2025-04-25,GOOGL,10-Q,False,pre,0001652044-25-000043
2025-04-24,GOOGL,8-K,True,post,0001652044-25-000040
2025-04-18,GOOGL,8-K,False,post,0001652044-25-000033
2025-03-18,GOOGL,8-K,False,pre,0001652044-25-000027
2025-02-05,GOOGL,10-K,False,pre,0001652044-25-000014
2025-02-04,GOOGL,8-K,True,post,0001652044-25-000010
2024-10-30,GOOGL,10-Q,False,post,0001652044-24-000118
2024-10-29,GOOGL,8-K,True,post,0001652044-24-000115
2024-10-17,GOOGL,8-K,False,post,0001193125-24-238769
2024-09-24,GOOGL,8-K,False,pre,0001652044-24-000097
2024-08-06,GOOGL,8-K,False,pre,0001652044-24-000085
2024-07-24,GOOGL,10-Q,False,post,0001652044-24-000079
2024-07-23,GOOGL,8-K,True,post,0001652044-24-000076
2024-06-26,GOOGL,8-K,False,pre,0001193125-24-168745
2024-06-13,GOOGL,8-K,False,post,0001193125-24-160721
2024-06-07,GOOGL,8-K,False,post,0001193125-24-157498
2024-06-05,GOOGL,8-K,False,pre,0001193125-24-154725
2024-04-26,GOOGL,10-Q,False,pre,0001652044-24-000053
2024-04-25,GOOGL,8-K,True,post,0001652044-24-000047
2024-02-08,GOOGL,8-K,False,post,0001652044-24-000032
2024-01-31,GOOGL,10-K,False,pre,0001652044-24-000022
2024-01-30,GOOGL,8-K,True,post,0001652044-24-000014
2023-10-25,GOOGL,10-Q,False,post,0001652044-23-000094
2023-10-24,GOOGL,8-K,True,post,0001652044-23-000088
2023-07-26,GOOGL,10-Q,False,post,0001652044-23-000070
2023-07-25,GOOGL,8-K,True,post,0001652044-23-000067
2023-06-08,GOOGL,8-K,False,post,0001193125-23-163590
2023-04-26,GOOGL,10-Q,False,pre,0001652044-23-000045
2023-04-25,GOOGL,8-K,True,post,0001652044-23-000041
2023-04-21,GOOGL,8-K,False,post,0001193125-23-110657
2023-04-20,GOOGL,8-K,True,post,0001652044-23-000034
2023-02-03,GOOGL,10-K,False,pre,0001652044-23-000016
2023-02-02,GOOGL,8-K,True,post,0001652044-23-000013
2023-01-25,GOOGL,8-K,False,pre,0001652044-23-000005
2023-01-20,GOOGL,8-K,False,pre,0001193125-23-011424
2022-12-21,GOOGL,8-K,False,post,0001193125-22-310153
2022-10-26,GOOGL,10-Q,False,pre,0001652044-22-000090
2022-10-25,GOOGL,8-K,True,post,0001652044-22-000085
2022-07-27,GOOGL,10-Q,False,post,0001652044-22-000071
2022-07-26,GOOGL,8-K,True,post,0001652044-22-000068
2022-07-14,GOOGL,8-K,False,post,0001193125-22-193655
2022-07-13,GOOGL,8-K,False,pre,0001193125-22-192153
2022-06-03,GOOGL,8-K,False,post,0001193125-22-167375
2022-04-27,GOOGL,10-Q,False,pre,0001652044-22-000029
2022-04-26,GOOGL,8-K,True,post,0001652044-22-000025
2022-02-02,GOOGL,10-K,False,pre,0001652044-22-000019
2022-02-01,GOOGL,8-K,True,post,0001652044-22-000015
2022-01-04,GOOGL,8-K,False,post,0001652044-22-000009
2021-10-27,GOOGL,10-Q,False,post,0001652044-21-000057
2021-10-26,GOOGL,8-K,True,post,0001652044-21-000054
2021-07-28,GOOGL,10-Q,False,pre,0001652044-21-000047
2021-07-27,GOOGL,8-K,True,post,0001652044-21-000041
2021-07-08,GOOGL,8-K,False,post,0001193125-21-210942
2021-06-04,GOOGL,8-K,False,post,0001193125-21-182989
2021-04-28,GOOGL,10-Q,False,post,0001652044-21-000020
2021-04-27,GOOGL,8-K,True,post,0001652044-21-000018
2021-04-09,GOOGL,8-K,False,post,0001193125-21-111624
2021-03-04,GOOGL,8-K,False,post,0001193125-21-069770
2021-02-03,GOOGL,10-K,False,pre,0001652044-21-000010
2021-02-02,GOOGL,8-K,True,post,0001652044-21-000006
2020-12-21,GOOGL,8-K,False,post,0001193125-20-323272
2020-10-30,GOOGL,10-Q,False,post,0001652044-20-000050
2020-10-29,GOOGL,8-K,True,post,0001652044-20-000046
2020-10-26,GOOGL,8-K,False,post,0001652044-20-000038
2020-10-23,GOOGL,8-K,False,post,0001193125-20-275550
2020-10-20,GOOGL,8-K,False,post,0001193125-20-272940
2020-09-25,GOOGL,8-K,False,post,0001193125-20-254587
2020-08-05,GOOGL,8-K,False,post,0001193125-20-210772
2020-07-31,GOOGL,10-Q,False,post,0001652044-20-000032
2020-07-30,GOOGL,8-K,True,post,0001652044-20-000031
2020-06-05,GOOGL,8-K,False,post,0001652044-20-000027
2020-04-29,GOOGL,10-Q,False,post,0001652044-20-000021
2020-04-28,GOOGL,8-K,True,post,0001652044-20-000018
2020-02-04,GOOGL,10-K,False,pre,0001652044-20-000008
2020-02-03,GOOGL,8-K,True,post,0001652044-20-000004
2020-01-10,GOOGL,8-K,False,post,0001193125-20-005271
2019-12-20,GOOGL,8-K,False,post,0001652044-19-000043
2019-12-09,GOOGL,8-K,False,post,0001652044-19-000040
2019-12-04,GOOGL,8-K,False,pre,0001193125-19-305505
2019-10-29,GOOGL,10-Q,False,post,0001652044-19-000032
2019-10-28,GOOGL,8-K,True,post,0001652044-19-000030
2019-09-06,GOOGL,8-K,False,post,0001652044-19-000025
2019-07-26,GOOGL,10-Q,False,post,0001652044-19-000023
2019-07-25,GOOGL,8-K,True,post,0001652044-19-000021
2019-06-21,GOOGL,8-K,False,post,0001193125-19-178962
2019-04-30,GOOGL,8-K,False,post,0001193125-19-129411
2019-04-30,GOOGL,10-Q,False,post,0001652044-19-000015
2019-04-29,GOOGL,8-K,True,post,0001652044-19-000011
2019-03-20,GOOGL,8-K,False,pre,0001193125-19-080167
2019-02-05,GOOGL,10-K,False,pre,0001652044-19-000004
2019-02-04,GOOGL,8-K,True,post,0001652044-19-000002
2018-10-26,GOOGL,10-Q,False,post,0001652044-18-000035
2018-10-25,GOOGL,8-K,True,post,0001652044-18-000033
2018-07-24,GOOGL,10-Q,False,pre,0001652044-18-000027
2018-07-23,GOOGL,8-K,True,post,0001652044-18-000025
2018-07-18,GOOGL,8-K,False,pre,0001193125-18-220240
2018-06-08,GOOGL,8-K,False,post,0001193125-18-188050
2018-04-24,GOOGL,10-Q,False,post,0001652044-18-000016
2018-04-23,GOOGL,8-K,True,post,0001652044-18-000011
2018-02-06,GOOGL,10-K,False,pre,0001652044-18-000007
2018-02-01,GOOGL,8-K,True,post,0001652044-18-000004
2017-12-21,GOOGL,8-K,False,post,0001193125-17-376656
2017-10-27,GOOGL,10-Q,False,post,0001652044-17-000042
2017-10-26,GOOGL,8-K,True,post,0001652044-17-000039
2017-07-25,GOOGL,10-Q,False,post,0001652044-17-000026
2017-07-24,GOOGL,8-K,True,post,0001652044-17-000024
2017-06-27,GOOGL,8-K,False,pre,0001193125-17-214148
2017-06-09,GOOGL,8-K,False,post,0001193125-17-200227
2017-05-02,GOOGL,10-Q,False,post,0001652044-17-000014
2017-04-27,GOOGL,8-K,True,post,0001652044-17-000011
2017-02-03,GOOGL,10-K,False,post,0001652044-17-000008
2017-01-26,GOOGL,8-K,True,post,0001652044-17-000005
2016-11-03,GOOGL,10-Q,False,post,0001652044-16-000038
2016-10-27,GOOGL,8-K,True,post,0001652044-16-000035
2016-08-09,GOOGL,8-K,False,post,0001193125-16-676835
2016-08-04,GOOGL,10-Q,False,post,0001652044-16-000032
2016-07-28,GOOGL,8-K,True,post,0001652044-16-000029
2016-06-29,GOOGL,8-K,False,pre,0001193125-16-635647
2016-06-10,GOOGL,8-K,False,post,0001193125-16-619079
2016-05-03,GOOGL,8-K,False,pre,0001652044-16-000022
2016-05-03,GOOGL,10-Q,False,pre,0001652044-16-000021
2016-04-27,GOOGL,8-K,False,post,0001193125-16-559672
2016-04-21,GOOGL,8-K,True,post,0001652044-16-000015
2016-04-12,GOOGL,8-K,False,pre,0001193125-16-537992
2016-02-11,GOOGL,10-K,False,post,0001652044-16-000012
2016-02-01,GOOGL,8-K,True,post,0001652044-16-000010
2015-11-19,GOOGL,8-K,False,post,0001652044-15-000007
2015-10-29,GOOGL,10-Q,False,post,0001652044-15-000005
2015-10-22,GOOGL,8-K,True,post,0001652044-15-000003
2015-11-19,GOOGL,8-K,False,post,0001288776-15-000048
2015-10-29,GOOGL,10-Q,False,post,0001288776-15-000046
2015-10-22,GOOGL,8-K,True,post,0001288776-15-000044
2015-10-02,GOOGL,8-K,False,post,0001193125-15-336550
2015-09-11,GOOGL,8-K,False,post,0001288776-15-000041
2015-08-10,GOOGL,8-K,False,post,0001288776-15-000039
2015-07-23,GOOGL,10-Q,False,post,0001288776-15-000035
2015-07-16,GOOGL,8-K,True,post,0001288776-15-000032
2015-06-04,GOOGL,8-K,False,post,0001193125-15-213496
2015-04-29,GOOGL,10-Q,False,post,0001288776-15-000023
2015-04-23,GOOGL,8-K,True,post,0001288776-15-000021
2015-03-26,GOOGL,8-K,False,post,0001288776-15-000018
2015-03-24,GOOGL,8-K,False,pre,0001193125-15-102633
2015-03-23,GOOGL,8-K,False,post,0001288776-15-000016
2015-03-10,GOOGL,8-K,False,post,0001193125-15-085361
2015-02-13,GOOGL,8-K,False,post,0001288776-15-000014
2015-02-09,GOOGL,10-K,False,pre,0001288776-15-000008
2015-01-29,GOOGL,8-K,True,post,0001288776-15-000004
2014-11-17,GOOGL,8-K,False,pre,0001288776-14-000077
2014-10-23,GOOGL,10-Q,False,post,0001288776-14-000075
2014-10-16,GOOGL,8-K,True,post,0001288776-14-000071
2014-07-25,GOOGL,10-Q,False,post,0001288776-14-000065
2014-07-17,GOOGL,8-K,True,post,0001288776-14-000058
2014-07-15,GOOGL,8-K,False,post,0001288776-14-000050
2014-05-15,GOOGL,8-K,False,post,0001193125-14-201417
2014-04-24,GOOGL,10-Q,False,post,0001288776-14-000040
2014-04-16,GOOGL,8-K,True,post,0001288776-14-000034
2014-03-26,GOOGL,8-K,False,post,0001193125-14-116456
2014-03-10,GOOGL,8-K,False,post,0001288776-14-000026
2014-02-25,GOOGL,8-K,False,post,0001193125-14-066560
2014-02-12,GOOGL,10-K,False,post,0001288776-14-000020
2014-02-04,GOOGL,8-K,False,post,0001288776-14-000017
2014-01-30,GOOGL,8-K,True,post,0001288776-14-000013
2014-01-29,GOOGL,8-K,False,post,0001288776-14-000008
2014-01-13,GOOGL,8-K,False,post,0001288776-14-000003
2013-10-30,GOOGL,8-K,False,post,0001193125-13-418880
2013-10-24,GOOGL,10-Q,False,post,0001288776-13-000068
2013-10-17,GOOGL,8-K,True,post,0001288776-13-000063
2013-07-25,GOOGL,10-Q,False,post,0001288776-13-000055
2013-07-18,GOOGL,8-K,True,post,0001288776-13-000049
2013-06-17,GOOGL,8-K,False,pre,0001288776-13-000040
2013-06-11,GOOGL,8-K,False,post,0001288776-13-000037
2013-04-25,GOOGL,10-Q,False,post,0001288776-13-000030
2013-04-18,GOOGL,8-K,True,post,0001288776-13-000023
2013-03-12,GOOGL,8-K,False,post,0001288776-13-000017
2013-02-08,GOOGL,8-K,False,post,0001288776-13-000014
2013-01-29,GOOGL,10-K,False,post,0001193125-13-028362
2013-01-22,GOOGL,8-K,True,post,0001288776-13-000006
2013-01-03,GOOGL,8-K,False,post,0001193125-13-002492
2012-12-21,GOOGL,8-K,False,post,0001193125-12-513187
2012-12-20,GOOGL,8-K,False,post,0001193125-12-510448
2012-10-30,GOOGL,10-Q,False,pre,0001193125-12-440217
2012-10-18,GOOGL,8-K,True,post,0001193125-12-426975
2012-08-13,GOOGL,8-K,False,pre,0001193125-12-350915
2012-07-24,GOOGL,10-Q,False,post,0001193125-12-312575
2012-07-19,GOOGL,8-K,True,post,0001193125-12-307446
2012-06-26,GOOGL,8-K,False,pre,0001193125-12-283173
2012-05-22,GOOGL,8-K,False,post,0000903423-12-000297
2012-04-30,GOOGL,8-K,False,post,0001193125-12-196663
2012-04-25,GOOGL,10-Q,False,post,0001193125-12-182401
2012-04-12,GOOGL,8-K,True,post,0001193125-12-160666
2012-02-17,GOOGL,8-K,False,post,0001193125-12-067696
2012-01-26,GOOGL,10-K,False,post,0001193125-12-025336
2012-01-19,GOOGL,8-K,True,post,0001193125-12-017008
2012-01-12,GOOGL,8-K,False,post,0001193125-12-010627
2011-10-26,GOOGL,10-Q,False,post,0001193125-11-282235
2011-10-13,GOOGL,8-K,True,post,0001193125-11-270520
2011-08-18,GOOGL,8-K,False,pre,0001193125-11-225926
2011-08-15,GOOGL,8-K,False,pre,0001193125-11-222169
2011-07-27,GOOGL,10-Q,False,post,0001193125-11-199078
2011-07-14,GOOGL,8-K,True,post,0001193125-11-188398
2011-07-12,GOOGL,8-K,False,post,0001193125-11-186774
2011-06-24,GOOGL,8-K,False,post,0001193125-11-172902
2011-06-07,GOOGL,8-K,False,post,0001193125-11-160335
2011-05-19,GOOGL,8-K,False,post,0001193125-11-145038
2011-05-17,GOOGL,8-K,False,pre,0001193125-11-142205
2011-05-10,GOOGL,10-Q,False,post,0001193125-11-134428
2011-04-19,GOOGL,8-K,False,post,0001193125-11-102443
2011-04-14,GOOGL,8-K,True,post,0001193125-11-097898
2011-04-08,GOOGL,8-K,False,post,0001193125-11-092625
2011-03-11,GOOGL,8-K,False,post,0001193125-11-064151
2011-02-11,GOOGL,10-K,False,post,0001193125-11-032930
2011-01-24,GOOGL,8-K,False,pre,0001193125-11-012402
2011-01-21,GOOGL,8-K,False,pre,0001193125-11-011442
2011-01-20,GOOGL,8-K,True,post,0001193125-11-011026
2010-11-12,GOOGL,8-K,False,post,0001193125-10-259076
2010-11-10,GOOGL,8-K,False,post,0001193125-10-256178
2010-10-29,GOOGL,10-Q,False,post,0001193125-10-241317
2010-10-14,GOOGL,8-K,True,post,0001193125-10-229504
2010-07-30,GOOGL,10-Q,False,post,0001193125-10-172387
2010-07-15,GOOGL,8-K,True,post,0001193125-10-159465
2010-05-17,GOOGL,8-K,False,pre,0001193125-10-121260
2010-05-05,GOOGL,10-Q,False,post,0001193125-10-108704
2010-04-15,GOOGL,8-K,True,post,0001193125-10-084352
2010-03-05,GOOGL,8-K,False,post,0001193125-10-049091
2010-02-12,GOOGL,10-K,False,post,0001193125-10-030774
2010-01-22,GOOGL,8-K,False,post,0001193125-10-011019
2010-01-21,GOOGL,8-K,True,post,0001193125-10-009730
2010-01-19,GOOGL,8-K,False,pre,0001193125-10-007500
2010-01-13,GOOGL,8-K,False,post,0001193125-10-005667
2009-11-10,GOOGL,8-K,False,post,0001193125-09-230807
2009-11-04,GOOGL,10-Q,False,post,0001193125-09-222384
2009-10-15,GOOGL,8-K,True,post,0001193125-09-208479
2009-10-13,GOOGL,8-K,False,pre,0001193125-09-206674
2009-08-07,GOOGL,8-K,False,post,0001193125-09-168782
2009-08-04,GOOGL,10-Q,False,post,0001193125-09-163845
2009-07-16,GOOGL,8-K,True,post,0001193125-09-150129
2009-06-18,GOOGL,8-K,False,post,0001193125-09-133284
2009-05-11,GOOGL,8-K,False,post,0001193125-09-107396
2009-05-06,GOOGL,10-Q,False,post,0001193125-09-101727
2009-04-16,GOOGL,8-K,True,post,0001193125-09-080681
2009-03-03,GOOGL,8-K,False,pre,0001193125-09-043054
2009-02-13,GOOGL,10-K,False,post,0001193125-09-029448
2009-01-22,GOOGL,8-K,True,post,0001193125-09-009712
2008-11-07,GOOGL,10-Q,False,post,0001193125-08-230197
2008-10-16,GOOGL,8-K,True,post,0001193125-08-211628
2008-08-07,GOOGL,10-Q,False,post,0001193125-08-170309
2008-07-17,GOOGL,8-K,True,post,0001193125-08-152814
2008-06-25,GOOGL,8-K,False,post,0001193125-08-140342
2008-05-12,GOOGL,10-Q,False,post,0001193125-08-111739
2008-04-17,GOOGL,8-K,True,post,0001193125-08-083665
2008-03-14,GOOGL,8-K,False,post,0001193125-08-057423
2008-02-15,GOOGL,10-K,False,post,0001193125-08-032690
2008-01-31,GOOGL,8-K,True,post,0001193125-08-016919
2007-11-30,GOOGL,8-K,False,pre,0001193125-07-256717
2007-11-16,GOOGL,8-K,False,post,0001193125-07-249285
2007-11-07,GOOGL,10-Q,False,post,0001193125-07-238468
2007-10-18,GOOGL,8-K,True,post,0001193125-07-221254
2007-08-28,GOOGL,8-K,False,post,0001193125-07-190912
2007-08-09,GOOGL,10-Q,False,post,0001193125-07-175880
2007-07-20,GOOGL,8-K,False,post,0001193125-07-159059
2007-07-19,GOOGL,8-K,True,post,0001193125-07-158138
2007-05-29,GOOGL,8-K,False,post,0001193125-07-124889
2007-05-22,GOOGL,8-K,False,post,0001193125-07-120640
2007-05-15,GOOGL,8-K,False,post,0001193125-07-115893
2007-05-09,GOOGL,10-Q,False,post,0001193125-07-108436
2007-04-23,GOOGL,8-K,False,pre,0001193125-07-086971
2007-04-19,GOOGL,8-K,True,post,0001193125-07-085176
2007-04-19,GOOGL,8-K,False,pre,0001193125-07-084483
2007-03-28,GOOGL,8-K,False,post,0001193125-07-067097
2007-03-22,GOOGL,8-K,False,post,0001193125-07-061671
2007-03-05,GOOGL,8-K,False,post,0001193125-07-046301
2007-03-01,GOOGL,10-K,False,post,0001193125-07-044494
2007-02-02,GOOGL,8-K,False,post,0001193125-07-019222
2007-01-31,GOOGL,8-K,True,post,0001193125-07-017352
2006-12-13,GOOGL,8-K,False,pre,0001193125-06-252044
2006-11-17,GOOGL,8-K,False,post,0001193125-06-238320
2006-11-08,GOOGL,10-Q,False,post,0001193125-06-228163
2006-10-19,GOOGL,8-K,True,post,0001193125-06-211121
2006-10-12,GOOGL,8-K,False,post,0001193125-06-206884
2006-10-05,GOOGL,8-K,False,post,0001193125-06-203407
2006-08-09,GOOGL,10-Q,False,post,0001193125-06-167945
2006-07-20,GOOGL,8-K,True,post,0001193125-06-150132
2006-06-14,GOOGL,8-K,False,post,0001193125-06-129861
2006-05-10,GOOGL,10-Q,False,post,0001193125-06-107734
2006-04-20,GOOGL,8-K,True,post,0001193125-06-084583
2006-04-03,GOOGL,8-K,False,pre,0001193125-06-071060
2006-03-16,GOOGL,10-K,False,post,0001193125-06-056598
2006-03-07,GOOGL,8-K,False,post,0001193125-06-047267
2006-03-02,GOOGL,8-K,True,post,0001193125-06-043641
2006-03-01,GOOGL,8-K,False,pre,0001193125-06-042011
2006-01-31,GOOGL,8-K,True,post,0001193125-06-016138
2006-01-23,GOOGL,8-K,False,post,0001193125-06-010016
2006-01-17,GOOGL,8-K,False,post,0001193125-06-007172
2026-07-30,META,10-Q,False,post,0001628280-26-050705
2026-07-29,META,8-K,True,post,0001628280-26-050596
2026-05-29,META,8-K,False,post,0001628280-26-039193
2026-05-04,META,8-K,False,post,0001193125-26-204128
2026-04-30,META,10-Q,False,post,0001628280-26-028526
2026-04-29,META,8-K,True,post,0001628280-26-028364
2026-04-14,META,8-K,False,post,0001628280-26-025108
2026-01-29,META,10-K,False,pre,0001628280-26-003942
2026-01-28,META,8-K,True,post,0001628280-26-003832
2026-01-16,META,8-K,False,post,0001628280-26-002429
2025-12-19,META,8-K,False,post,0001628280-25-058337
2025-12-12,META,8-K,False,post,0001628280-25-056768
2025-11-03,META,8-K,False,post,0001193125-25-262593
2025-10-30,META,10-Q,False,post,0001628280-25-047240
2025-10-29,META,8-K,True,post,0001628280-25-047114
2025-07-31,META,10-Q,False,pre,0001628280-25-036791
2025-07-30,META,8-K,True,post,0001628280-25-036719
2025-05-30,META,8-K,False,post,0001326801-25-000090
2025-05-01,META,10-Q,False,pre,0001326801-25-000054
2025-04-30,META,8-K,True,post,0001326801-25-000050
2025-04-11,META,8-K,False,post,0001326801-25-000027
2025-02-20,META,8-K,False,post,0001326801-25-000021
2025-01-30,META,10-K,False,pre,0001326801-25-000017
2025-01-29,META,8-K,True,post,0001326801-25-000014
2025-01-06,META,8-K,False,post,0001326801-25-000005
2024-10-31,META,10-Q,False,post,0001326801-24-000081
2024-10-30,META,8-K,True,post,0001326801-24-000077
2024-09-10,META,8-K,False,post,0001326801-24-000072
2024-08-09,META,8-K,False,post,0001193125-24-197873
2024-08-01,META,10-Q,False,pre,0001326801-24-000069
2024-07-31,META,8-K,True,post,0001326801-24-000065
2024-05-31,META,8-K,False,post,0001326801-24-000057
2024-04-25,META,10-Q,False,pre,0001326801-24-000049
2024-04-24,META,8-K,True,post,0001326801-24-000044
2024-02-14,META,8-K,False,post,0001326801-24-000019
2024-02-02,META,10-K,False,pre,0001326801-24-000012
2024-02-01,META,8-K,True,post,0001326801-24-000010
2024-01-18,META,8-K,False,pre,0001326801-24-000003
2023-10-26,META,10-Q,False,pre,0001326801-23-000103
2023-10-25,META,8-K,True,post,0001326801-23-000100
2023-07-27,META,10-Q,False,pre,0001326801-23-000093
2023-07-26,META,8-K,True,post,0001326801-23-000089
2023-06-02,META,8-K,False,pre,0001326801-23-000083
2023-05-03,META,8-K,False,post,0001193125-23-134410
2023-04-27,META,10-Q,False,pre,0001326801-23-000067
2023-04-26,META,8-K,True,post,0001326801-23-000063
2023-04-10,META,8-K,False,post,0001326801-23-000038
2023-03-14,META,8-K,False,pre,0001326801-23-000035
2023-02-15,META,8-K,False,post,0001326801-23-000023
2023-02-13,META,8-K,False,post,0001326801-23-000019
2023-02-02,META,8-K,False,pre,0001326801-23-000015
2023-02-02,META,10-K,False,pre,0001326801-23-000013
2023-02-01,META,8-K,True,post,0001326801-23-000008
2022-11-09,META,8-K,False,pre,0001326801-22-000116
2022-10-27,META,10-Q,False,pre,0001326801-22-000108
2022-10-26,META,8-K,True,post,0001326801-22-000105
2022-09-30,META,8-K,False,post,0001326801-22-000094
2022-08-09,META,8-K,False,post,0000950103-22-013830
2022-08-04,META,8-K,False,pre,0000950103-22-013666
2022-07-28,META,8-K,False,post,0001326801-22-000085
2022-07-28,META,10-Q,False,pre,0001326801-22-000082
2022-07-27,META,8-K,True,post,0001326801-22-000079
2022-06-01,META,8-K,False,post,0001326801-22-000073
2022-05-31,META,8-K,False,post,0001326801-22-000070
2022-05-27,META,8-K,False,post,0001326801-22-000066
2022-04-28,META,10-Q,False,pre,0001326801-22-000057
2022-04-27,META,8-K,True,post,0001326801-22-000054
2022-02-10,META,8-K,False,post,0001326801-22-000030
2022-02-03,META,10-K,False,pre,0001326801-22-000018
2022-02-02,META,8-K,True,post,0001326801-22-000015
2022-01-11,META,8-K,False,post,0001326801-22-000006
2021-10-28,META,8-K,False,post,0001326801-21-000071
2021-10-26,META,10-Q,False,pre,0001326801-21-000065
2021-10-25,META,8-K,True,post,0001326801-21-000062
2021-09-22,META,8-K,False,post,0001326801-21-000053
2021-07-29,META,10-Q,False,pre,0001326801-21-000049
2021-07-28,META,8-K,True,post,0001326801-21-000047
2021-05-27,META,8-K,False,post,0001326801-21-000040
2021-04-29,META,10-Q,False,pre,0001326801-21-000033
2021-04-28,META,8-K,True,post,0001326801-21-000031
2021-01-28,META,10-K,False,pre,0001326801-21-000014
2021-01-27,META,8-K,True,post,0001326801-21-000011
2020-10-30,META,10-Q,False,pre,0001326801-20-000084
2020-10-29,META,8-K,True,post,0001326801-20-000081
2020-07-31,META,10-Q,False,post,0001326801-20-000076
2020-07-30,META,8-K,True,post,0001326801-20-000073
2020-05-29,META,8-K,False,post,0001326801-20-000058
2020-04-30,META,10-Q,False,pre,0001326801-20-000048
2020-04-29,META,8-K,True,post,0001326801-20-000046
2020-03-26,META,8-K,False,post,0001326801-20-000031
2020-03-13,META,8-K,False,post,0001326801-20-000028
2020-03-09,META,8-K,False,post,0001326801-20-000023
2020-02-03,META,8-K,False,post,0001326801-20-000018
2020-01-30,META,10-K,False,pre,0001326801-20-000013
2020-01-29,META,8-K,True,post,0001326801-20-000010
2019-10-31,META,10-Q,False,pre,0001326801-19-000069
2019-10-30,META,8-K,True,post,0001326801-19-000066
2019-07-25,META,10-Q,False,pre,0001326801-19-000055
2019-07-24,META,8-K,True,post,0001326801-19-000053
2019-06-03,META,8-K,False,post,0001326801-19-000043
2019-04-25,META,10-Q,False,pre,0001326801-19-000037
2019-04-24,META,8-K,True,post,0001326801-19-000035
2019-04-15,META,8-K,False,post,0001326801-19-000029
2019-03-14,META,8-K,False,post,0001326801-19-000016
2019-01-31,META,10-K,False,post,0001326801-19-000009
2019-01-30,META,8-K,True,post,0001326801-19-000003
2018-12-07,META,8-K,False,post,0001326801-18-000069
2018-10-31,META,10-Q,False,post,0001326801-18-000067
2018-10-30,META,8-K,True,post,0001326801-18-000063
2018-10-24,META,8-K,False,post,0001326801-18-000060
2018-07-26,META,10-Q,False,post,0001326801-18-000057
2018-07-25,META,8-K,True,post,0001326801-18-000053
2018-06-05,META,8-K,False,post,0001326801-18-000049
2018-05-08,META,8-K,False,post,0001326801-18-000037
2018-05-01,META,8-K,False,pre,0001193125-18-145181
2018-04-26,META,10-Q,False,post,0001326801-18-000032
2018-04-25,META,8-K,True,post,0001326801-18-000026
2018-02-01,META,10-K,False,post,0001326801-18-000009
2018-01-31,META,8-K,True,post,0001326801-18-000006
2018-01-18,META,8-K,False,post,0001326801-18-000003
2017-11-02,META,10-Q,False,post,0001326801-17-000053
2017-11-01,META,8-K,True,post,0001326801-17-000046
2017-09-22,META,8-K,False,post,0001326801-17-000042
2017-07-27,META,10-Q,False,post,0001326801-17-000038
2017-07-26,META,8-K,True,post,0001326801-17-000035
2017-06-06,META,8-K,False,post,0001326801-17-000033
2017-05-04,META,10-Q,False,post,0001326801-17-000024
2017-05-03,META,8-K,True,post,0001326801-17-000021
2017-03-07,META,8-K,False,post,0001326801-17-000011
2017-02-03,META,10-K,False,pre,0001326801-17-000007
2017-02-01,META,8-K,True,post,0001326801-17-000004
2016-11-18,META,8-K,False,post,0001326801-16-000094
2016-11-18,META,8-K,False,post,0001326801-16-000093
2016-11-03,META,10-Q,False,post,0001326801-16-000087
2016-11-02,META,8-K,True,post,0001326801-16-000084
2016-07-28,META,10-Q,False,post,0001326801-16-000082
2016-07-27,META,8-K,True,post,0001326801-16-000079
2016-06-21,META,8-K,False,post,0001326801-16-000077
2016-05-20,META,8-K,False,post,0001326801-16-000071
2016-04-28,META,10-Q,False,post,0001326801-16-000067
2016-04-27,META,8-K,True,post,0001326801-16-000060
2016-01-28,META,10-K,False,post,0001326801-16-000043
2016-01-27,META,8-K,True,post,0001326801-16-000038
2015-12-01,META,8-K,False,post,0001326801-15-000035
2015-11-05,META,10-Q,False,post,0001326801-15-000032
2015-11-04,META,8-K,True,post,0001326801-15-000030
2015-07-31,META,10-Q,False,post,0001326801-15-000028
2015-07-29,META,8-K,True,post,0001326801-15-000026
2015-06-15,META,8-K,False,post,0001326801-15-000023
2015-04-23,META,10-Q,False,post,0001326801-15-000015
2015-04-22,META,8-K,True,post,0001326801-15-000012
2015-01-29,META,10-K,False,post,0001326801-15-000006
2015-01-28,META,8-K,True,post,0001326801-15-000003
2014-10-30,META,10-Q,False,pre,0001326801-14-000068
2014-10-29,META,8-K,False,post,0001326801-14-000064
2014-10-28,META,8-K,True,post,0001326801-14-000044
2014-10-06,META,8-K,False,pre,0001326801-14-000037
2014-07-24,META,10-Q,False,post,0001326801-14-000032
2014-07-23,META,8-K,True,post,0001326801-14-000029
2014-05-23,META,8-K,False,post,0001326801-14-000025
2014-04-25,META,10-Q,False,post,0001326801-14-000023
2014-04-23,META,8-K,True,post,0001326801-14-000020
2014-03-26,META,8-K,False,post,0001326801-14-000012
2014-02-19,META,8-K,False,post,0001326801-14-000010
2014-01-31,META,10-K,False,post,0001326801-14-000007
2014-01-29,META,8-K,True,post,0001326801-14-000003
2013-12-23,META,8-K,False,post,0001193125-13-482943
2013-11-01,META,10-Q,False,post,0001326801-13-000031
2013-10-30,META,8-K,True,post,0001326801-13-000029
2013-08-15,META,8-K,False,post,0001326801-13-000022
2013-07-25,META,10-Q,False,post,0001326801-13-000019
2013-07-24,META,8-K,True,post,0001326801-13-000016
2013-06-13,META,8-K,False,post,0001326801-13-000013
2013-05-02,META,10-Q,False,post,0001326801-13-000011
2013-05-01,META,8-K,True,post,0001193125-13-192397
2013-04-26,META,8-K,False,post,0001193125-13-177980
2013-03-06,META,8-K,False,post,0001326801-13-000006
2013-02-01,META,10-K,False,post,0001326801-13-000003
2013-01-30,META,8-K,True,post,0001193125-13-029993
2012-11-29,META,8-K,False,post,0001193125-12-485803
2012-10-29,META,8-K,False,post,0001193125-12-439795
2012-10-24,META,10-Q,False,post,0001326801-12-000006
2012-10-23,META,8-K,True,post,0001193125-12-431558
2012-10-15,META,8-K,False,post,0001193125-12-423438
2012-09-04,META,8-K,False,post,0001193125-12-379221
2012-07-31,META,10-Q,False,post,0001193125-12-325997
2012-07-26,META,8-K,True,post,0001193125-12-316895
2012-06-25,META,8-K,False,post,0001193125-12-282349
2026-08-19,AMD,8-K,False,post,0000002488-26-000163
2026-08-17,AMD,8-K,False,post,0001193125-26-354029
2026-08-05,AMD,10-Q,False,post,0000002488-26-000123
2026-08-04,AMD,8-K,True,post,0000002488-26-000121
2026-07-01,AMD,8-K,False,post,0000002488-26-000115
2026-05-15,AMD,8-K,False,post,0001193125-26-226746
2026-05-06,AMD,10-Q,False,post,0000002488-26-000076
2026-05-05,AMD,8-K,True,post,0000002488-26-000072
2026-02-24,AMD,8-K,False,pre,0000002488-26-000045
2026-02-17,AMD,8-K,False,post,0000002488-26-000029
2026-02-04,AMD,10-K,False,post,0000002488-26-000018
2026-02-03,AMD,8-K,True,post,0000002488-26-000014
2026-01-20,AMD,8-K,False,post,0000002488-26-000002
2025-12-15,AMD,8-K,False,post,0000002488-25-000182
2025-11-05,AMD,10-Q,False,post,0000002488-25-000166
2025-11-04,AMD,8-K,True,post,0000002488-25-000163
2025-10-27,AMD,8-K,False,pre,0001193125-25-250803
2025-10-06,AMD,8-K,False,pre,0001193125-25-230895
2025-08-25,AMD,8-K,False,post,0000002488-25-000147
2025-08-06,AMD,10-Q,False,post,0000002488-25-000108
2025-08-05,AMD,8-K,True,post,0000002488-25-000106
2025-07-02,AMD,8-K,False,post,0000002488-25-000099
2025-05-19,AMD,8-K,False,pre,0001193125-25-122121
2025-05-16,AMD,8-K,False,post,0000002488-25-000064
2025-05-07,AMD,10-Q,False,post,0000002488-25-000047
2025-05-06,AMD,8-K,True,post,0000002488-25-000045
2025-04-16,AMD,8-K,False,pre,0000002488-25-000039
2025-03-31,AMD,8-K,False,pre,0001193125-25-067902
2025-03-24,AMD,8-K,False,post,0001193125-25-061366
2025-03-12,AMD,8-K,False,pre,0001193125-25-052173
2025-02-24,AMD,8-K,False,post,0000002488-25-000026
2025-02-05,AMD,10-K,False,post,0000002488-25-000012
2025-02-04,AMD,8-K,True,post,0000002488-25-000009
2024-11-18,AMD,8-K,False,post,0000002488-24-000172
2024-10-30,AMD,10-Q,False,post,0000002488-24-000163
2024-10-29,AMD,8-K,True,post,0000002488-24-000161
2024-08-19,AMD,8-K,False,pre,0001193125-24-202457
2024-07-31,AMD,10-Q,False,post,0000002488-24-000123
2024-07-30,AMD,8-K,True,post,0000002488-24-000121
2024-07-22,AMD,8-K,False,post,0000002488-24-000115
2024-07-02,AMD,8-K,False,post,0000002488-24-000109
2024-05-13,AMD,8-K,False,post,0000002488-24-000076
2024-05-01,AMD,10-Q,False,post,0000002488-24-000056
2024-04-30,AMD,8-K,True,post,0000002488-24-000054
2024-02-20,AMD,8-K,False,post,0001628280-24-005593
2024-01-31,AMD,10-K,False,post,0000002488-24-000012
2024-01-30,AMD,8-K,True,post,0000002488-24-000009
2023-11-01,AMD,10-Q,False,post,0000002488-23-000195
2023-10-31,AMD,8-K,True,post,0000002488-23-000192
2023-08-02,AMD,10-Q,False,post,0000002488-23-000139
2023-08-01,AMD,8-K,True,post,0000002488-23-000135
2023-07-10,AMD,8-K,False,post,0000002488-23-000123
2023-05-23,AMD,8-K,False,post,0001193125-23-151810
2023-05-03,AMD,10-Q,False,post,0000002488-23-000076
2023-05-02,AMD,8-K,True,post,0000002488-23-000074
2023-02-27,AMD,10-K,False,post,0000002488-23-000047
2023-02-21,AMD,8-K,False,post,0000002488-23-000040
2023-01-31,AMD,8-K,True,post,0000002488-23-000007
2023-01-11,AMD,8-K,False,post,0000002488-23-000003
2022-11-16,AMD,8-K,False,post,0000002488-22-000176
2022-11-08,AMD,8-K,False,post,0000002488-22-000172
2022-11-02,AMD,10-Q,False,post,0000002488-22-000170
2022-11-01,AMD,8-K,True,post,0000002488-22-000168
2022-10-06,AMD,8-K,True,post,0000002488-22-000163
2022-08-03,AMD,10-Q,False,post,0000002488-22-000123
2022-08-02,AMD,8-K,True,post,0000002488-22-000120
2022-06-28,AMD,8-K,False,post,0000002488-22-000112
2022-06-09,AMD,8-K,False,post,0001193125-22-171108
2022-06-08,AMD,8-K,False,post,0001193125-22-170212
2022-05-20,AMD,8-K,False,post,0001193125-22-156161
2022-05-04,AMD,10-Q,False,post,0000002488-22-000078
2022-05-03,AMD,8-K,True,post,0000002488-22-000074
2022-02-28,AMD,8-K,False,post,0000002488-22-000054
2022-02-14,AMD,8-K,False,pre,0000002488-22-000031
2022-02-10,AMD,8-K,False,pre,0000002488-22-000026
2022-02-03,AMD,10-K,False,post,0000002488-22-000016
2022-02-01,AMD,8-K,True,post,0000002488-22-000014
2022-01-27,AMD,8-K,False,pre,0000002488-22-000009
2021-12-23,AMD,8-K,False,post,0000002488-21-000205
2021-10-27,AMD,10-Q,False,post,0000002488-21-000178
2021-10-26,AMD,8-K,True,post,0000002488-21-000176
2021-07-28,AMD,10-Q,False,post,0000002488-21-000116
2021-07-27,AMD,8-K,True,post,0000002488-21-000114
2021-06-30,AMD,8-K,False,post,0000002488-21-000107
2021-06-24,AMD,8-K,False,post,0000002488-21-000103
2021-05-21,AMD,8-K,False,post,0001193125-21-169293
2021-05-13,AMD,8-K,False,post,0000002488-21-000068
2021-04-28,AMD,10-Q,False,post,0000002488-21-000056
2021-04-27,AMD,8-K,True,post,0000002488-21-000054
2021-04-08,AMD,8-K,False,post,0000002488-21-000046
2021-03-08,AMD,8-K,False,post,0001193125-21-073262
2021-02-22,AMD,8-K,False,post,0000002488-21-000033
2021-01-29,AMD,10-K,False,post,0001628280-21-001185
2021-01-26,AMD,8-K,True,post,0000002488-21-000009
2021-01-12,AMD,8-K,False,post,0000002488-21-000005
2021-01-06,AMD,8-K,False,post,0000002488-21-000002
2020-10-28,AMD,10-Q,False,post,0000002488-20-000164
2020-10-27,AMD,8-K,False,post,0001193125-20-278572
2020-10-27,AMD,8-K,False,pre,0001193125-20-277468
2020-10-27,AMD,8-K,True,pre,0000002488-20-000161
2020-08-11,AMD,8-K,False,post,0000002488-20-000110
2020-07-29,AMD,10-Q,False,post,0000002488-20-000103
2020-07-28,AMD,8-K,True,post,0000002488-20-000101
2020-05-12,AMD,8-K,False,post,0000002488-20-000068
2020-04-29,AMD,10-Q,False,post,0000002488-20-000051
2020-04-28,AMD,8-K,True,post,0000002488-20-000048
2020-03-12,AMD,8-K,False,post,0000002488-20-000034
2020-02-18,AMD,8-K,False,post,0000002488-20-000019
2020-02-04,AMD,10-K,False,post,0000002488-20-000008
2020-01-28,AMD,8-K,True,post,0000002488-20-000006
2019-12-16,AMD,8-K,False,post,0000002488-19-000186
2019-12-02,AMD,8-K,False,post,0000002488-19-000178
2019-11-12,AMD,8-K,False,pre,0000002488-19-000165
2019-10-30,AMD,10-Q,False,post,0000002488-19-000159
2019-10-29,AMD,8-K,True,post,0000002488-19-000157
2019-09-06,AMD,8-K,False,post,0000002488-19-000144
2019-08-08,AMD,8-K,False,post,0000002488-19-000113
2019-07-31,AMD,10-Q,False,post,0000002488-19-000104
2019-07-30,AMD,8-K,True,post,0000002488-19-000102
2019-06-27,AMD,8-K,False,post,0000002488-19-000096
2019-06-10,AMD,8-K,False,post,0000002488-19-000088
2019-05-17,AMD,8-K,False,post,0000002488-19-000059
2019-05-01,AMD,10-Q,False,post,0000002488-19-000045
2019-04-30,AMD,8-K,True,post,0000002488-19-000043
2019-02-22,AMD,8-K,False,post,0000002488-19-000022
2019-02-14,AMD,8-K,False,post,0000002488-19-000018
2019-02-08,AMD,10-K,False,post,0000002488-19-000011
2019-01-29,AMD,8-K,True,post,0000002488-19-000004
2018-10-31,AMD,10-Q,False,post,0000002488-18-000189
2018-10-24,AMD,8-K,True,post,0000002488-18-000186
2018-08-27,AMD,8-K,False,post,0000002488-18-000166
2018-08-06,AMD,8-K,False,post,0000002488-18-000130
2018-08-02,AMD,10-Q,False,post,0000002488-18-000128
2018-07-25,AMD,8-K,True,post,0000002488-18-000124
2018-07-02,AMD,8-K,False,post,0000002488-18-000112
2018-05-08,AMD,8-K,False,post,0000002488-18-000086
2018-05-03,AMD,10-Q,False,post,0000002488-18-000068
2018-04-25,AMD,8-K,True,post,0000002488-18-000058
2018-03-05,AMD,8-K,False,post,0000002488-18-000047
2018-02-27,AMD,8-K,True,post,0000002488-18-000043
2018-02-27,AMD,10-K,False,post,0000002488-18-000042
2018-02-12,AMD,8-K,False,post,0000002488-18-000026
2018-01-30,AMD,8-K,True,post,0000002488-18-000014
2017-11-02,AMD,10-Q,False,post,0000002488-17-000227
2017-11-01,AMD,8-K,False,pre,0000002488-17-000219
2017-10-24,AMD,8-K,True,post,0000002488-17-000213
2017-08-07,AMD,8-K,False,post,0000002488-17-000164
2017-08-03,AMD,10-Q,False,post,0000002488-17-000156
2017-07-25,AMD,8-K,True,post,0000002488-17-000150
2017-07-03,AMD,8-K,False,pre,0000002488-17-000141
2017-05-08,AMD,10-Q,False,post,0000002488-17-000107
2017-05-01,AMD,8-K,True,post,0000002488-17-000096
2017-04-28,AMD,8-K,False,post,0001193125-17-148386
2017-03-21,AMD,8-K,False,post,0000002488-17-000070
2017-03-02,AMD,8-K,False,post,0000002488-17-000049
2017-02-21,AMD,10-K,False,post,0000002488-17-000043
2017-02-21,AMD,8-K,False,post,0000002488-17-000041
2017-02-21,AMD,8-K,False,pre,0000002488-17-000039
2017-01-31,AMD,8-K,True,post,0000002488-17-000017
2016-10-26,AMD,10-Q,False,post,0000002488-16-000263
2016-10-20,AMD,8-K,True,post,0000002488-16-000258
2016-09-14,AMD,8-K,False,post,0001193125-16-709676
2016-08-31,AMD,8-K,False,post,0000002488-16-000247
2016-07-26,AMD,10-Q,False,post,0000002488-16-000213
2016-07-21,AMD,8-K,True,post,0000002488-16-000210
2016-07-01,AMD,8-K,False,pre,0001193125-16-639147
2016-05-18,AMD,8-K,False,post,0000002488-16-000168
2016-05-12,AMD,8-K,False,post,0000002488-16-000141
2016-04-29,AMD,8-K,False,pre,0000002488-16-000127
2016-04-28,AMD,10-Q,False,post,0000002488-16-000124
2016-04-21,AMD,8-K,True,post,0000002488-16-000118
2016-02-18,AMD,10-K,False,post,0000002488-16-000111
2016-01-19,AMD,8-K,True,post,0000002488-16-000102
2015-12-28,AMD,8-K,False,post,0000002488-15-000088
2015-11-03,AMD,10-Q,False,post,0000002488-15-000067
2015-10-15,AMD,8-K,True,post,0000002488-15-000062
2015-10-01,AMD,8-K,False,post,0000002488-15-000055
2015-08-11,AMD,8-K,False,post,0000002488-15-000047
2015-07-30,AMD,10-Q,False,post,0001628280-15-005620
2015-07-16,AMD,8-K,True,post,0000002488-15-000040
2015-07-06,AMD,8-K,True,post,0000002488-15-000035
2015-05-04,AMD,8-K,False,post,0001193125-15-169207
2015-04-29,AMD,10-Q,False,post,0001193125-15-156842
2015-04-16,AMD,8-K,True,post,0001193125-15-133355
2015-02-19,AMD,10-K,False,post,0001193125-15-054362
2015-01-20,AMD,8-K,True,post,0001193125-15-014914
2015-01-12,AMD,8-K,False,post,0001193125-15-008247
2014-12-29,AMD,8-K,False,pre,0001193125-14-454203
2014-12-17,AMD,8-K,False,post,0001193125-14-445379
2014-12-09,AMD,8-K,False,post,0001193125-14-437727
2014-10-30,AMD,10-Q,False,post,0001193125-14-389701
2014-10-16,AMD,8-K,True,post,0001193125-14-373863
2014-10-08,AMD,8-K,False,post,0001193125-14-366751
2014-09-30,AMD,8-K,False,post,0001193125-14-358960
2014-09-15,AMD,8-K,False,post,0001193125-14-341850
2014-08-12,AMD,8-K,False,post,0001193125-14-306696
2014-07-31,AMD,10-Q,False,post,0001193125-14-289796
2014-07-17,AMD,8-K,True,post,0001193125-14-271677
2014-06-23,AMD,8-K,False,pre,0001193125-14-244560
2014-06-16,AMD,8-K,False,post,0001193125-14-237844
2014-06-12,AMD,8-K,False,pre,0001193125-14-234226
2014-06-03,AMD,8-K,False,pre,0001193125-14-222915
2014-06-02,AMD,8-K,False,pre,0001193125-14-221063
2014-05-13,AMD,8-K,False,post,0001193125-14-197165
2014-05-01,AMD,10-Q,False,post,0001193125-14-177314
2014-04-17,AMD,8-K,True,post,0001193125-14-147719
2014-04-01,AMD,8-K,False,post,0001193125-14-126113
2014-03-20,AMD,8-K,False,post,0001193125-14-108119
2014-03-20,AMD,8-K,False,pre,0001193125-14-107296
2014-03-10,AMD,8-K,False,post,0001193125-14-091714
2014-02-26,AMD,8-K,False,post,0001193125-14-069925
2014-02-21,AMD,8-K,False,pre,0001193125-14-061268
2014-02-20,AMD,8-K,False,pre,0001193125-14-059941
2014-02-18,AMD,10-K,False,post,0001193125-14-057240
2014-02-11,AMD,8-K,False,post,0001193125-14-045586
2014-01-21,AMD,8-K,True,post,0001193125-14-016032
2013-11-12,AMD,8-K,False,pre,0001193125-13-436767
2013-10-30,AMD,10-Q,False,post,0001193125-13-418892
2013-10-17,AMD,8-K,True,post,0001193125-13-402500
2013-08-01,AMD,10-Q,False,post,0001193125-13-315281
2013-07-19,AMD,8-K,False,post,0001193125-13-295631
2013-07-18,AMD,8-K,True,post,0001193125-13-294361
2013-06-12,AMD,8-K,False,post,0001193125-13-256167
2013-05-22,AMD,8-K,False,post,0001193125-13-231461
2013-05-06,AMD,10-Q,False,post,0001193125-13-201635
2013-04-18,AMD,8-K,True,post,0001193125-13-160817
2013-03-26,AMD,8-K,False,post,0001193125-13-126831
2013-03-12,AMD,8-K,False,pre,0001193125-13-102285
2013-02-26,AMD,8-K,False,post,0001193125-13-077035
2013-02-21,AMD,10-K,False,post,0001193125-13-069422
2013-02-12,AMD,8-K,False,post,0001193125-13-052006
2013-01-22,AMD,8-K,True,post,0001193125-13-019330
2013-01-02,AMD,8-K,False,post,0001193125-13-001042
2012-12-28,AMD,8-K,False,post,0001193125-12-517952
2012-12-06,AMD,8-K,False,post,0001193125-12-493884
2012-11-08,AMD,8-K,False,pre,0001193125-12-459230
2012-11-01,AMD,10-Q,False,post,0001193125-12-446647
2012-10-18,AMD,8-K,True,post,0001193125-12-427251
2012-10-11,AMD,8-K,True,post,0001193125-12-421061
2012-09-17,AMD,8-K,False,post,0001193125-12-394038
2012-08-29,AMD,8-K,False,pre,0001193125-12-373058
2012-08-15,AMD,8-K,False,post,0001193125-12-357533
2012-08-07,AMD,8-K,False,post,0001193125-12-338269
2012-08-06,AMD,8-K,False,pre,0001193125-12-336367
2012-08-02,AMD,10-Q,False,post,0001193125-12-332074
2012-07-19,AMD,8-K,True,post,0001193125-12-307538
2012-05-15,AMD,8-K,False,post,0001193125-12-234786
2012-05-11,AMD,8-K,False,post,0001193125-12-228521
2012-05-09,AMD,10-Q,False,post,0001193125-12-222047
2012-04-19,AMD,8-K,True,post,0001193125-12-170747
2012-03-05,AMD,8-K,False,pre,0001193125-12-095406
2012-02-24,AMD,10-K,False,pre,0001193125-12-075837
2012-02-16,AMD,8-K,False,post,0001193125-12-065409
2012-02-07,AMD,8-K,False,post,0001193125-12-043935
2012-01-24,AMD,8-K,True,post,0001193125-12-021861
2011-11-09,AMD,10-Q,False,post,0001193125-11-304833
2011-11-03,AMD,8-K,False,post,0001193125-11-295247
2011-10-27,AMD,8-K,True,post,0001193125-11-284179
2011-09-22,AMD,8-K,False,post,0001193125-11-254438
2011-08-25,AMD,8-K,False,pre,0001193125-11-231889
2011-08-10,AMD,10-Q,False,post,0001193125-11-218202
2011-07-21,AMD,8-K,True,post,0001193125-11-193677
2011-05-10,AMD,10-Q,False,post,0001193125-11-134452
2011-05-09,AMD,8-K,False,post,0001193125-11-131958
2011-04-21,AMD,8-K,True,post,0001193125-11-105247
2011-04-11,AMD,8-K,False,post,0001193125-11-093556
2011-04-04,AMD,8-K,False,pre,0001193125-11-087659
2011-03-01,AMD,8-K,False,post,0001193125-11-052321
2011-02-25,AMD,8-K,False,post,0001193125-11-047575
2011-02-18,AMD,10-K,False,post,0001193125-11-040392
2011-02-14,AMD,8-K,False,pre,0001193125-11-035286
2011-02-09,AMD,8-K,False,pre,0001193125-11-028302
2011-02-08,AMD,8-K,False,post,0001193125-11-027405
2011-01-21,AMD,8-K,True,pre,0001193125-11-011350
2011-01-10,AMD,8-K,False,post,0001193125-11-005156
2010-12-27,AMD,8-K,False,post,0001193125-10-288151
2010-11-03,AMD,10-Q,False,post,0001193125-10-246357
2010-10-14,AMD,8-K,True,post,0001193125-10-229536
2010-08-04,AMD,10-Q,False,post,0001193125-10-177386
2010-08-04,AMD,8-K,False,post,0001193125-10-176954
2010-07-26,AMD,8-K,False,post,0001193125-10-166111
2010-07-26,AMD,8-K,False,pre,0001193125-10-165487
2010-07-15,AMD,8-K,True,post,0001193125-10-159512
2010-06-30,AMD,8-K,False,post,0001193125-10-151040
2010-05-20,AMD,8-K,False,post,0001193125-10-125068
2010-05-04,AMD,10-Q,False,post,0001193125-10-106750
2010-05-04,AMD,8-K,False,post,0001193125-10-106098
2010-04-15,AMD,8-K,True,post,0001193125-10-084392
2010-04-08,AMD,8-K,False,post,0001193125-10-079621
2010-02-19,AMD,10-K,False,post,0001193125-10-035218
2010-01-29,AMD,8-K,False,post,0001193125-10-016711
2010-01-21,AMD,8-K,True,post,0001193125-10-009806
2009-12-01,AMD,8-K,False,post,0001193125-09-245120
2009-11-23,AMD,8-K,False,post,0001193125-09-240302
2009-11-20,AMD,8-K,False,post,0001193125-09-239227
2009-11-18,AMD,8-K,False,pre,0001193125-09-237112
2009-11-17,AMD,8-K,False,post,0001193125-09-236705
2009-11-04,AMD,10-Q,False,post,0001193125-09-223772
2009-10-15,AMD,8-K,True,post,0001193125-09-208500
2009-10-08,AMD,8-K,False,post,0001193125-09-205522
2009-09-30,AMD,8-K,False,post,0001193125-09-200901
2009-08-05,AMD,10-Q,False,post,0001193125-09-165410
2009-08-03,AMD,8-K,False,post,0001193125-09-162237
2009-07-21,AMD,8-K,True,post,0001193125-09-152273
2009-07-07,AMD,8-K,False,post,0001193125-09-145026
2009-05-06,AMD,10-Q,False,post,0001193125-09-101683
2009-04-21,AMD,8-K,True,post,0001193125-09-083507
2009-03-16,AMD,8-K,False,pre,0001193125-09-054552
2009-03-05,AMD,8-K,False,post,0001193125-09-046101
2009-02-24,AMD,10-K,False,post,0001193125-09-036235
2009-01-22,AMD,8-K,True,post,0001193125-09-009751
2009-01-21,AMD,8-K,False,post,0001193125-09-008914
2009-01-09,AMD,8-K,False,pre,0001193125-09-003760
2008-12-29,AMD,8-K,False,post,0001193125-08-261099
2008-12-19,AMD,8-K,False,post,0001193125-08-257239
2008-12-08,AMD,8-K,False,post,0001193125-08-249520
2008-12-04,AMD,8-K,True,pre,0001193125-08-247635
2008-11-12,AMD,8-K,False,pre,0001193125-08-232788
2008-11-06,AMD,10-Q,False,post,0001193125-08-228082
2008-10-29,AMD,8-K,False,post,0001193125-08-218819
2008-10-23,AMD,8-K,False,post,0001193125-08-215269
2008-10-16,AMD,8-K,True,post,0001193125-08-211653
2008-10-10,AMD,8-K,False,post,0001193125-08-209112
2008-10-07,AMD,8-K,False,pre,0001193125-08-207049
2008-09-25,AMD,8-K,False,post,0001193125-08-201403
2008-08-29,AMD,8-K,False,pre,0001193125-08-187160
2008-08-21,AMD,8-K,False,post,0001193125-08-182330
2008-08-06,AMD,10-Q,False,post,0001193125-08-168449
2008-07-18,AMD,8-K,False,pre,0001193125-08-153147
2008-07-17,AMD,8-K,True,post,0001193125-08-152848
2008-07-11,AMD,8-K,False,pre,0001193125-08-149499
2008-05-12,AMD,8-K,False,post,0001193125-08-111568
2008-05-07,AMD,10-Q,False,post,0001193125-08-105559
2008-04-17,AMD,8-K,True,post,0001193125-08-083680
2008-04-07,AMD,8-K,True,post,0001193125-08-076332
2008-04-01,AMD,8-K,False,post,0001193125-08-072480
2008-02-26,AMD,10-K,False,post,0001193125-08-038588
2008-01-17,AMD,8-K,True,post,0001193125-08-008082
2007-12-13,AMD,8-K,False,post,0001193125-07-264822
2007-12-12,AMD,8-K,False,pre,0001193125-07-263283
2007-11-16,AMD,8-K,False,post,0001193125-07-249362
2007-11-07,AMD,10-Q,False,post,0001193125-07-238299
2007-11-06,AMD,8-K,False,pre,0001193125-07-235830
2007-10-18,AMD,8-K,True,post,0001193125-07-221279
2007-08-23,AMD,8-K,False,pre,0001193125-07-187707
2007-08-14,AMD,8-K,False,post,0001193125-07-182838
2007-08-09,AMD,8-K,False,post,0001193125-07-177296
2007-08-07,AMD,10-Q,False,pre,0001193125-07-172819
2007-07-19,AMD,8-K,True,post,0001193125-07-158181
2007-06-20,AMD,8-K,False,post,0001193125-07-139257
2007-05-31,AMD,8-K,False,post,0001193125-07-126082
2007-05-09,AMD,10-Q,False,post,0001193125-07-108224
2007-05-09,AMD,8-K,False,post,0001193125-07-106389
2007-04-30,AMD,8-K,False,post,0001193125-07-095893
2007-04-24,AMD,8-K,False,pre,0001193125-07-088325
2007-04-23,AMD,8-K,False,post,0001193125-07-087794
2007-04-19,AMD,8-K,True,post,0001193125-07-085240
2007-04-09,AMD,8-K,True,post,0001193125-07-077064
2007-03-01,AMD,10-K,False,post,0001193125-07-044191
2007-02-14,AMD,8-K,False,post,0001193125-07-031520
2007-01-23,AMD,8-K,True,post,0001193125-07-010956
2006-12-28,AMD,8-K,False,post,0001193125-06-261004
2006-12-27,AMD,8-K,False,post,0001193125-06-260492
2006-12-20,AMD,8-K,False,post,0001193125-06-257028
2006-12-14,AMD,8-K,False,post,0001193125-06-253199
2006-12-01,AMD,8-K,False,post,0001193125-06-245126
2006-11-21,AMD,8-K,False,post,0001193125-06-239966
2006-11-09,AMD,10-Q,False,post,0001193125-06-230604
2006-10-30,AMD,8-K,False,post,0001193125-06-217735
2006-10-19,AMD,8-K,False,post,0001193125-06-211032
2006-10-18,AMD,8-K,True,post,0001193125-06-210168
2006-10-04,AMD,8-K,False,post,0001193125-06-202578
2006-09-15,AMD,8-K,False,post,0001193125-06-191828
2006-08-11,AMD,10-Q,False,post,0001193125-06-169620
2006-07-31,AMD,8-K,False,post,0001193125-06-156973
2006-07-24,AMD,8-K,False,pre,0001193125-06-151361
2006-07-20,AMD,8-K,True,post,0001193125-06-150201
2006-05-10,AMD,8-K,False,pre,0001193125-06-105987
2006-05-05,AMD,10-Q,False,pre,0001193125-06-100731
2006-04-12,AMD,8-K,True,post,0001193125-06-078788
2006-03-22,AMD,8-K,False,post,0001193125-06-060776
2006-03-02,AMD,8-K,False,post,0001193125-06-043959
2006-02-27,AMD,10-K,False,post,0001193125-06-040130
2006-02-15,AMD,8-K,False,post,0001193125-06-032729
2006-01-27,AMD,8-K,False,post,0001193125-06-013986
2006-01-23,AMD,8-K,False,post,0001193125-06-009989
2006-01-23,AMD,8-K,False,post,0001193125-06-009727
2006-01-18,AMD,8-K,True,post,0001193125-06-008025
2006-01-12,AMD,8-K,False,post,0001193125-06-005587
2026-08-12,INTC,8-K,False,post,0001193125-26-346806
2026-07-24,INTC,10-Q,False,post,0000050863-26-000157
2026-07-23,INTC,8-K,True,post,0000050863-26-000155
2026-05-15,INTC,8-K,False,post,0000050863-26-000118
2026-04-30,INTC,8-K,False,post,0001193125-26-197845
2026-04-24,INTC,8-K,False,post,0000050863-26-000083
2026-04-24,INTC,10-Q,False,post,0000050863-26-000079
2026-04-23,INTC,8-K,True,post,0000050863-26-000077
2026-04-08,INTC,8-K,False,post,0000050863-26-000072
2026-04-03,INTC,8-K,False,post,0000050863-26-000069
2026-03-03,INTC,8-K,False,post,0000050863-26-000044
2026-01-23,INTC,8-K,False,post,0000050863-26-000031
2026-01-23,INTC,10-K,False,post,0000050863-26-000011
2026-01-22,INTC,8-K,True,post,0000050863-26-000009
2025-12-29,INTC,8-K,False,pre,0000050863-25-000204
2025-11-12,INTC,8-K,False,post,0000050863-25-000194
2025-11-06,INTC,10-Q,False,pre,0000050863-25-000179
2025-10-23,INTC,8-K,True,post,0000050863-25-000169
2025-09-29,INTC,8-K,False,post,0000050863-25-000159
2025-09-18,INTC,8-K,False,post,0000050863-25-000155
2025-09-15,INTC,8-K,False,pre,0000050863-25-000153
2025-09-08,INTC,8-K,False,post,0000050863-25-000149
2025-09-05,INTC,8-K,False,post,0000050863-25-000147
2025-08-29,INTC,8-K,False,post,0000050863-25-000135
2025-08-25,INTC,8-K,False,pre,0000050863-25-000129
2025-08-21,INTC,8-K,False,post,0000050863-25-000126
2025-08-14,INTC,8-K,False,post,0000050863-25-000123
2025-07-24,INTC,10-Q,False,post,0000050863-25-000109
2025-07-24,INTC,8-K,True,post,0000050863-25-000107
2025-05-09,INTC,8-K,False,post,0000050863-25-000084
2025-04-30,INTC,8-K,False,pre,0000050863-25-000079
2025-04-25,INTC,10-Q,False,post,0000050863-25-000074
2025-04-24,INTC,8-K,True,post,0000050863-25-000070
2025-04-17,INTC,8-K,False,post,0000050863-25-000063
2025-04-14,INTC,8-K,False,pre,0001193125-25-079727
2025-03-28,INTC,8-K,False,pre,0000050863-25-000060
2025-03-14,INTC,8-K,False,post,0000050863-25-000036
2025-02-28,INTC,8-K,False,post,0000050863-25-000024
2025-01-31,INTC,10-K,False,post,0000050863-25-000009
2025-01-30,INTC,8-K,True,post,0000050863-25-000004
2024-12-05,INTC,8-K,False,pre,0000050863-24-000180
2024-12-03,INTC,8-K,False,pre,0000050863-24-000173
2024-11-27,INTC,8-K,False,post,0000050863-24-000169
2024-11-01,INTC,10-Q,False,post,0000050863-24-000149
2024-10-31,INTC,8-K,True,post,0000050863-24-000147
2024-08-22,INTC,8-K,False,post,0000050863-24-000134
2024-08-02,INTC,10-Q,False,post,0000050863-24-000124
2024-08-01,INTC,8-K,True,post,0000050863-24-000122
2024-06-14,INTC,8-K,False,post,0000050863-24-000110
2024-06-04,INTC,8-K,False,post,0000050863-24-000103
2024-05-09,INTC,8-K,False,post,0000050863-24-000093
2024-05-08,INTC,8-K,False,pre,0000050863-24-000086
2024-04-26,INTC,10-Q,False,post,0000050863-24-000076
2024-04-25,INTC,8-K,True,post,0000050863-24-000074
2024-04-02,INTC,8-K,False,post,0000050863-24-000068
2024-03-13,INTC,8-K,False,post,0000050863-24-000036
2024-02-21,INTC,8-K,False,post,0001193125-24-041435
2024-02-16,INTC,8-K,False,post,0000050863-24-000033
2024-01-26,INTC,10-K,False,post,0000050863-24-000010
2024-01-25,INTC,8-K,True,post,0000050863-24-000008
2024-01-03,INTC,8-K,False,post,0000050863-24-000003
2023-12-05,INTC,8-K,False,post,0000050863-23-000128
2023-10-30,INTC,8-K,False,post,0000050863-23-000109
2023-10-27,INTC,10-Q,False,post,0000050863-23-000103
2023-10-26,INTC,8-K,True,post,0000050863-23-000100
2023-10-05,INTC,8-K,False,post,0000050863-23-000092
2023-08-16,INTC,8-K,False,pre,0000050863-23-000078
2023-07-28,INTC,10-Q,False,post,0000050863-23-000069
2023-07-27,INTC,8-K,True,post,0000050863-23-000068
2023-05-17,INTC,8-K,False,post,0000050863-23-000057
2023-04-28,INTC,10-Q,False,post,0000050863-23-000028
2023-04-27,INTC,8-K,True,post,0000050863-23-000027
2023-02-10,INTC,8-K,False,post,0001193125-23-032608
2023-01-27,INTC,10-K,False,post,0000050863-23-000006
2023-01-26,INTC,8-K,True,post,0000050863-23-000005
2022-11-22,INTC,8-K,False,post,0001193125-22-291100
2022-11-22,INTC,8-K,False,pre,0001193125-22-290385
2022-10-28,INTC,10-Q,False,post,0000050863-22-000038
2022-10-27,INTC,8-K,True,post,0000050863-22-000037
2022-08-23,INTC,8-K,False,pre,0001193125-22-226986
2022-08-11,INTC,8-K,False,post,0001193125-22-218541
2022-08-05,INTC,8-K,False,post,0001193125-22-213699
2022-07-29,INTC,10-Q,False,post,0000050863-22-000030
2022-07-28,INTC,8-K,True,post,0000050863-22-000029
2022-06-22,INTC,8-K,False,post,0001193125-22-178756
2022-05-16,INTC,8-K,False,post,0001193125-22-151752
2022-04-29,INTC,10-Q,False,post,0000050863-22-000020
2022-04-28,INTC,8-K,True,post,0000050863-22-000019
2022-02-18,INTC,8-K,False,pre,0001193125-22-045883
2022-02-15,INTC,8-K,False,pre,0001193125-22-043022
2022-02-09,INTC,8-K,False,post,0001193125-22-032684
2022-01-27,INTC,10-K,False,post,0000050863-22-000007
2022-01-26,INTC,8-K,True,post,0000050863-22-000006
2022-01-10,INTC,8-K,False,post,0001193125-22-005658
2021-12-30,INTC,8-K,False,pre,0001193125-21-369552
2021-12-07,INTC,8-K,False,post,0001193125-21-350395
2021-10-22,INTC,10-Q,False,pre,0000050863-21-000038
2021-10-21,INTC,8-K,True,post,0000050863-21-000037
2021-10-06,INTC,8-K,False,post,0001193125-21-293329
2021-08-12,INTC,8-K,False,post,0001193125-21-244840
2021-07-26,INTC,8-K,False,post,0001193125-21-224438
2021-07-23,INTC,10-Q,False,post,0000050863-21-000030
2021-07-22,INTC,8-K,True,post,0000050863-21-000029
2021-07-19,INTC,8-K,False,post,0001193125-21-218615
2021-07-13,INTC,8-K,False,post,0001193125-21-214206
2021-06-22,INTC,8-K,False,post,0001193125-21-196285
2021-05-19,INTC,8-K,False,post,0001193125-21-166587
2021-04-23,INTC,10-Q,False,post,0000050863-21-000018
2021-04-22,INTC,8-K,True,post,0000050863-21-000017
2021-03-23,INTC,8-K,False,post,0001193125-21-091374
2021-03-16,INTC,8-K,False,post,0001193125-21-082782
2021-02-18,INTC,8-K,False,post,0001193125-21-047794
2021-01-22,INTC,8-K,False,post,0001193125-21-014847
2021-01-22,INTC,10-K,False,pre,0000050863-21-000010
2021-01-21,INTC,8-K,True,post,0000050863-21-000009
2021-01-14,INTC,8-K,True,post,0001193125-21-009142
2020-10-23,INTC,10-Q,False,post,0000050863-20-000043
2020-10-22,INTC,8-K,True,post,0000050863-20-000042
2020-10-20,INTC,8-K,False,pre,0001193125-20-272580
2020-08-19,INTC,8-K,False,post,0001193125-20-224772
2020-08-14,INTC,8-K,False,post,0001193125-20-220333
2020-07-27,INTC,8-K,False,post,0001193125-20-199804
2020-07-24,INTC,10-Q,False,post,0000050863-20-000026
2020-07-23,INTC,8-K,True,post,0000050863-20-000025
2020-06-17,INTC,8-K,False,post,0001193125-20-171288
2020-05-20,INTC,8-K,False,post,0001193125-20-147273
2020-04-24,INTC,10-Q,False,post,0000050863-20-000017
2020-04-23,INTC,8-K,True,post,0000050863-20-000016
2020-03-25,INTC,8-K,False,post,0001193125-20-085163
2020-03-24,INTC,8-K,False,pre,0001193125-20-083209
2020-02-13,INTC,8-K,False,post,0001193125-20-035758
2020-01-24,INTC,10-K,False,post,0000050863-20-000011
2020-01-23,INTC,8-K,True,post,0000050863-20-000007
2020-01-22,INTC,8-K,False,post,0001193125-20-012078
2020-01-21,INTC,8-K,False,post,0001193125-20-011010
2019-11-25,INTC,8-K,False,post,0001193125-19-299901
2019-11-21,INTC,8-K,False,post,0001193125-19-297652
2019-11-20,INTC,8-K,False,post,0001193125-19-296610
2019-11-14,INTC,8-K,False,post,0001193125-19-292429
2019-10-25,INTC,10-Q,False,post,0000050863-19-000029
2019-10-24,INTC,8-K,True,post,0000050863-19-000028
2019-09-25,INTC,8-K,False,post,0001193125-19-254731
2019-09-13,INTC,8-K,False,post,0001193125-19-244848
2019-07-26,INTC,10-Q,False,post,0000050863-19-000023
2019-07-25,INTC,8-K,True,post,0000050863-19-000022
2019-05-22,INTC,8-K,False,pre,0001193125-19-153332
2019-05-09,INTC,8-K,False,pre,0001193125-19-142117
2019-04-26,INTC,10-Q,False,post,0000050863-19-000013
2019-04-25,INTC,8-K,True,post,0000050863-19-000012
2019-04-10,INTC,8-K,False,post,0001193125-19-102881
2019-04-03,INTC,8-K,False,pre,0001193125-19-096036
2019-03-25,INTC,8-K,False,post,0001193125-19-085353
2019-03-15,INTC,8-K,False,post,0001193125-19-076708
2019-02-01,INTC,10-K,False,pre,0000050863-19-000007
2019-01-31,INTC,8-K,False,pre,0001193125-19-023301
2019-01-24,INTC,8-K,True,post,0000050863-19-000003
2019-01-17,INTC,8-K,False,post,0001193125-19-011545
2018-11-15,INTC,8-K,False,post,0001193125-18-328042
2018-10-26,INTC,10-Q,False,post,0000050863-18-000029
2018-10-25,INTC,8-K,True,post,0000050863-18-000027
2018-08-08,INTC,8-K,False,post,0001193125-18-242857
2018-07-27,INTC,10-Q,False,post,0000050863-18-000022
2018-07-26,INTC,8-K,True,post,0000050863-18-000021
2018-06-21,INTC,8-K,False,pre,0001193125-18-199045
2018-05-23,INTC,8-K,False,post,0001193125-18-172017
2018-04-27,INTC,10-Q,False,post,0000050863-18-000013
2018-04-26,INTC,8-K,True,post,0000050863-18-000012
2018-03-19,INTC,8-K,False,pre,0001193125-18-086793
2018-02-16,INTC,8-K,False,post,0001193125-18-048764
2018-02-16,INTC,10-K,False,pre,0000050863-18-000007
2018-01-25,INTC,8-K,True,post,0000050863-18-000003
2017-11-30,INTC,8-K,False,post,0001193125-17-356852
2017-11-29,INTC,8-K,False,pre,0001193125-17-354884
2017-11-21,INTC,8-K,False,post,0001193125-17-349304
2017-11-16,INTC,8-K,False,post,0001193125-17-345604
2017-11-01,INTC,8-K,False,post,0001193125-17-329604
2017-10-26,INTC,10-Q,False,post,0000050863-17-000048
2017-10-26,INTC,8-K,True,post,0000050863-17-000047
2017-09-18,INTC,8-K,False,pre,0001193125-17-286860
2017-08-23,INTC,8-K,False,post,0001193125-17-265718
2017-08-22,INTC,8-K,False,pre,0001193125-17-264093
2017-08-14,INTC,8-K,False,pre,0001193125-17-256795
2017-08-08,INTC,8-K,False,pre,0001193125-17-250756
2017-07-27,INTC,10-Q,False,post,0000050863-17-000041
2017-07-27,INTC,8-K,True,post,0000050863-17-000040
2017-06-16,INTC,8-K,False,post,0001193125-17-206127
2017-06-16,INTC,8-K,False,post,0001193125-17-205990
2017-05-24,INTC,8-K,False,post,0001193125-17-181646
2017-05-11,INTC,8-K,False,post,0001193125-17-167265
2017-05-03,INTC,8-K,False,post,0001193125-17-155605
2017-04-27,INTC,10-Q,False,post,0000050863-17-000029
2017-04-27,INTC,8-K,True,post,0000050863-17-000028
2017-04-04,INTC,8-K,False,pre,0001193125-17-109298
2017-03-24,INTC,8-K,False,pre,0000050863-17-000022
2017-03-23,INTC,8-K,False,pre,0001193125-17-092965
2017-03-13,INTC,8-K,False,post,0001193125-17-080542
2017-03-13,INTC,8-K,False,pre,0001193125-17-079586
2017-03-06,INTC,8-K,False,post,0001193125-17-071591
2017-02-17,INTC,10-K,False,pre,0000050863-17-000012
2017-02-09,INTC,8-K,False,post,0001193125-17-036212
2017-01-27,INTC,8-K,False,pre,0000050863-17-000008
2017-01-26,INTC,8-K,True,post,0000050863-17-000003
2016-12-16,INTC,8-K,False,post,0000050863-16-000167
2016-10-31,INTC,10-Q,False,post,0000050863-16-000153
2016-10-18,INTC,8-K,True,post,0000050863-16-000150
2016-09-19,INTC,8-K,False,post,0001193125-16-713426
2016-09-16,INTC,8-K,False,pre,0000050863-16-000147
2016-09-08,INTC,8-K,False,pre,0001193125-16-703635
2016-08-01,INTC,10-Q,False,post,0000050863-16-000142
2016-07-20,INTC,8-K,True,post,0000050863-16-000138
2016-07-12,INTC,8-K,False,post,0000050863-16-000135
2016-05-24,INTC,8-K,False,post,0000050863-16-000127
2016-05-19,INTC,8-K,False,pre,0001104659-16-121995
2016-05-02,INTC,10-Q,False,post,0000050863-16-000125
2016-04-19,INTC,8-K,True,post,0000050863-16-000122
2016-04-05,INTC,8-K,False,post,0000050863-16-000115
2016-02-18,INTC,8-K,False,post,0000050863-16-000112
2016-02-12,INTC,10-K,False,pre,0000050863-16-000105
2016-01-26,INTC,8-K,False,post,0000050863-16-000102
2016-01-14,INTC,8-K,True,post,0000050863-16-000100
2015-12-28,INTC,8-K,False,post,0001193125-15-414642
2015-12-21,INTC,8-K,False,pre,0000050863-15-000089
2015-12-14,INTC,8-K,False,pre,0001104659-15-084516
2015-11-20,INTC,8-K,False,pre,0001193125-15-382423
2015-11-19,INTC,8-K,False,post,0000050863-15-000082
2015-11-17,INTC,8-K,False,post,0000050863-15-000079
2015-10-28,INTC,10-Q,False,pre,0000050863-15-000072
2015-10-21,INTC,8-K,False,post,0000050863-15-000068
2015-10-13,INTC,8-K,True,post,0000050863-15-000066
2015-08-11,INTC,8-K,False,post,0001104659-15-058715
2015-07-29,INTC,8-K,False,post,0001104659-15-054325
2015-07-27,INTC,10-Q,False,pre,0000050863-15-000055
2015-07-15,INTC,8-K,True,post,0000050863-15-000051
2015-07-02,INTC,8-K,False,pre,0000050863-15-000044
2015-06-05,INTC,8-K,False,post,0000050863-15-000038
2015-06-01,INTC,8-K,False,post,0001193125-15-209231
2015-05-27,INTC,8-K,False,post,0000050863-15-000035
2015-05-14,INTC,8-K,False,post,0001193125-15-187741
2015-04-27,INTC,10-Q,False,post,0000050863-15-000028
2015-04-14,INTC,8-K,True,post,0000050863-15-000025
2015-04-06,INTC,8-K,False,post,0000050863-15-000021
2015-03-12,INTC,8-K,False,pre,0000050863-15-000019
2015-02-13,INTC,10-K,False,pre,0000050863-15-000015
2015-01-15,INTC,8-K,True,post,0000050863-15-000009
2014-12-16,INTC,8-K,False,post,0000050863-14-000085
2014-11-21,INTC,8-K,False,pre,0000050863-14-000081
2014-11-21,INTC,8-K,False,post,0000050863-14-000078
2014-11-20,INTC,8-K,False,post,0000050863-14-000074
2014-11-18,INTC,8-K,False,pre,0000050863-14-000072
2014-10-29,INTC,10-Q,False,post,0000050863-14-000069
2014-10-14,INTC,8-K,True,post,0000050863-14-000065
2014-09-26,INTC,8-K,False,pre,0001193125-14-353742
2014-07-25,INTC,10-Q,False,pre,0000050863-14-000058
2014-07-15,INTC,8-K,True,post,0000050863-14-000054
2014-06-27,INTC,8-K,False,post,0000050863-14-000051
2014-06-23,INTC,8-K,False,pre,0000050863-14-000049
2014-06-12,INTC,8-K,False,post,0000050863-14-000044
2014-05-28,INTC,8-K,False,post,0000050863-14-000042
2014-04-25,INTC,10-Q,False,pre,0000050863-14-000032
2014-04-15,INTC,8-K,True,post,0000050863-14-000029
2014-04-07,INTC,8-K,False,post,0000050863-14-000025
2014-02-14,INTC,10-K,False,pre,0000050863-14-000020
2014-02-03,INTC,8-K,False,post,0000050863-14-000016
2014-01-16,INTC,8-K,True,post,0000050863-14-000006
2013-12-09,INTC,8-K,False,post,0000050863-13-000111
2013-11-22,INTC,8-K,False,post,0000050863-13-000109
2013-10-28,INTC,10-Q,False,pre,0000050863-13-000104
2013-10-23,INTC,8-K,False,pre,0000050863-13-000100
2013-10-15,INTC,8-K,True,post,0000050863-13-000094
2013-10-15,INTC,8-K,True,post,0000050863-13-000093
2013-07-29,INTC,10-Q,False,post,0000050863-13-000087
2013-07-18,INTC,8-K,True,post,0000050863-13-000081
2013-07-17,INTC,8-K,True,post,0001157523-13-003366
2013-05-21,INTC,8-K,False,pre,0000050863-13-000061
2013-05-02,INTC,8-K,False,pre,0000050863-13-000046
2013-04-29,INTC,10-Q,False,post,0000050863-13-000043
2013-04-17,INTC,8-K,True,pre,0000050863-13-000036
2013-04-16,INTC,8-K,True,post,0001157523-13-001800
2013-02-19,INTC,10-K,False,post,0001193125-13-065416
2013-01-18,INTC,8-K,True,pre,0000050863-13-000005
2013-01-17,INTC,8-K,True,post,0001157523-13-000168
2012-12-14,INTC,8-K,False,post,0001104659-12-084296
2012-12-11,INTC,8-K,False,post,0001104659-12-083301
2012-12-06,INTC,8-K,False,post,0001104659-12-082172
2012-12-04,INTC,8-K,False,pre,0001104659-12-081692
2012-12-04,INTC,8-K,False,pre,0001104659-12-081671
2012-11-19,INTC,8-K,False,pre,0000050863-12-000132
2012-10-31,INTC,10-Q,False,post,0001193125-12-444095
2012-10-17,INTC,8-K,True,pre,0000050863-12-000113
2012-10-16,INTC,8-K,True,post,0001157523-12-005134
2012-09-12,INTC,8-K,False,post,0001193125-12-389403
2012-09-07,INTC,8-K,False,pre,0000050863-12-000103
2012-08-01,INTC,10-Q,False,post,0001193125-12-329132
2012-07-18,INTC,8-K,True,pre,0000050863-12-000087
2012-07-17,INTC,8-K,True,post,0001157523-12-003647
2012-07-09,INTC,8-K,False,post,0001193125-12-297577
2012-05-22,INTC,8-K,False,post,0000050863-12-000076
2012-05-11,INTC,8-K,False,post,0000050863-12-000068
2012-05-07,INTC,8-K,False,pre,0000050863-12-000065
2012-05-04,INTC,10-Q,False,post,0001193125-12-212253
2012-04-18,INTC,8-K,True,pre,0000050863-12-000051
2012-04-17,INTC,8-K,True,post,0001157523-12-001849
2012-02-28,INTC,8-K,False,pre,0000050863-12-000027
2012-02-23,INTC,10-K,False,post,0001193125-12-075534
2012-02-09,INTC,8-K,False,post,0000050863-12-000019
2012-01-20,INTC,8-K,False,post,0000050863-12-000007
2012-01-20,INTC,8-K,True,pre,0000050863-12-000006
2012-01-19,INTC,8-K,True,post,0001157523-12-000203
2011-12-12,INTC,8-K,False,pre,0000050863-11-000143
2011-11-04,INTC,10-Q,False,post,0001193125-11-297669
2011-10-19,INTC,8-K,True,pre,0000050863-11-000129
2011-10-18,INTC,8-K,True,post,0001157523-11-005759
2011-09-19,INTC,8-K,False,pre,0001104659-11-052231
2011-09-14,INTC,8-K,False,pre,0001104659-11-051569
2011-08-08,INTC,10-Q,False,post,0000950123-11-074495
2011-07-27,INTC,8-K,False,post,0000050863-11-000114
2011-07-21,INTC,8-K,True,pre,0000050863-11-000110
2011-07-20,INTC,8-K,True,post,0001157523-11-004100
2011-05-24,INTC,8-K,False,post,0000050863-11-000100
2011-05-17,INTC,8-K,False,post,0000050863-11-000094
2011-05-11,INTC,8-K,False,pre,0000050863-11-000081
2011-05-09,INTC,8-K,True,post,0000050863-11-000075
2011-05-09,INTC,10-Q,False,post,0000950123-11-047498
2011-04-20,INTC,8-K,True,pre,0000050863-11-000068
2011-04-19,INTC,8-K,True,post,0001157523-11-002097
2011-04-13,INTC,8-K,False,post,0000050863-11-000064
2011-03-21,INTC,8-K,False,pre,0000050863-11-000058
2011-02-28,INTC,8-K,False,post,0000050863-11-000050
2011-02-18,INTC,10-K,False,post,0000950123-11-015783
2011-01-31,INTC,8-K,True,pre,0000050863-11-000020
2011-01-26,INTC,8-K,False,post,0000050863-11-000017
2011-01-24,INTC,8-K,False,pre,0000050863-11-000013
2011-01-14,INTC,8-K,True,pre,0000050863-11-000011
2011-01-13,INTC,8-K,True,post,0001157523-11-000178
2011-01-10,INTC,8-K,False,post,0000050863-11-000007
2010-11-12,INTC,8-K,False,pre,0000050863-10-000119
2010-11-02,INTC,10-Q,False,post,0000950123-10-099521
2010-10-13,INTC,8-K,True,pre,0000050863-10-000098
2010-10-12,INTC,8-K,True,post,0001157523-10-005787
2010-08-30,INTC,8-K,False,pre,0000050863-10-000094
2010-08-27,INTC,8-K,False,pre,0000050863-10-000087
2010-08-19,INTC,8-K,False,post,0001193125-10-193199
2010-08-19,INTC,8-K,False,pre,0001193125-10-192747
2010-08-04,INTC,8-K,False,pre,0000050863-10-000077
2010-07-30,INTC,10-Q,False,post,0000950123-10-070570
2010-07-22,INTC,8-K,False,post,0000050863-10-000069
2010-07-16,INTC,8-K,False,pre,0000050863-10-000067
2010-07-14,INTC,8-K,True,pre,0000050863-10-000065
2010-07-13,INTC,8-K,True,post,0001157523-10-004005
2010-06-22,INTC,8-K,False,post,0000050863-10-000063
2010-05-21,INTC,8-K,False,post,0000050863-10-000057
2010-05-12,INTC,8-K,False,pre,0000050863-10-000050
2010-05-07,INTC,8-K,False,pre,0000050863-10-000041
2010-05-03,INTC,10-Q,False,post,0000950123-10-042822
2010-04-14,INTC,8-K,True,pre,0000050863-10-000033
2010-04-13,INTC,8-K,True,post,0001157523-10-002015
2010-03-22,INTC,8-K,False,post,0000050863-10-000027
2010-03-02,INTC,8-K,False,pre,0000050863-10-000025
2010-02-22,INTC,10-K,False,post,0000950123-10-015237
2010-02-10,INTC,8-K,False,pre,0000050863-10-000013
2010-01-25,INTC,8-K,False,post,0000050863-10-000009
2010-01-15,INTC,8-K,True,post,0000050863-10-000006
2010-01-14,INTC,8-K,True,post,0001157523-10-000165
2010-01-12,INTC,8-K,False,post,0000050863-10-000002
2009-12-16,INTC,8-K,False,post,0000050863-09-000231
2009-11-16,INTC,8-K,False,pre,0000050863-09-000226
2009-11-12,INTC,8-K,False,post,0000050863-09-000213
2009-11-05,INTC,8-K,False,post,0000050863-09-000206
2009-11-02,INTC,10-Q,False,post,0000950123-09-056321
2009-10-14,INTC,8-K,True,pre,0000050863-09-000193
2009-10-13,INTC,8-K,True,post,0001157523-09-006864
2009-10-13,INTC,8-K,False,pre,0000050863-09-000190
2009-09-15,INTC,8-K,False,post,0000050863-09-000176
2009-09-14,INTC,8-K,False,pre,0000050863-09-000173
2009-08-28,INTC,8-K,False,pre,0000050863-09-000162
2009-08-03,INTC,10-Q,False,post,0000950123-09-028975
2009-07-27,INTC,8-K,False,post,0000050863-09-000141
2009-07-20,INTC,8-K,False,post,0000050863-09-000134
2009-07-14,INTC,8-K,True,post,0001157523-09-004872
2009-05-22,INTC,8-K,False,post,0000050863-09-000102
2009-05-13,INTC,8-K,False,pre,0000050863-09-000077
2009-04-30,INTC,10-Q,False,post,0000950134-09-008795
2009-04-14,INTC,8-K,True,post,0001157523-09-002678
2009-04-02,INTC,8-K,False,post,0000050863-09-000062
2009-03-19,INTC,8-K,False,post,0000050863-09-000042
2009-02-23,INTC,10-K,False,post,0000891618-09-000047
2009-01-23,INTC,8-K,False,post,0000050863-09-000012
2009-01-21,INTC,8-K,False,post,0000050863-09-000009
2009-01-15,INTC,8-K,True,post,0001157523-09-000274
2009-01-07,INTC,8-K,True,pre,0000050863-09-000006
2008-11-13,INTC,8-K,False,post,0000050863-08-000321
2008-11-12,INTC,8-K,False,post,0000050863-08-000316
2008-10-31,INTC,10-Q,False,post,0000950134-08-018805
2008-10-14,INTC,8-K,True,post,0001157523-08-008026
2008-08-01,INTC,10-Q,False,post,0000891618-08-000380
2008-07-18,INTC,8-K,False,post,0000050863-08-000244
2008-07-15,INTC,8-K,True,post,0001157523-08-005534
2008-06-06,INTC,8-K,False,post,0000050863-08-000223
2008-05-07,INTC,8-K,False,pre,0000050863-08-000191
2008-05-02,INTC,10-Q,False,post,0000950134-08-008205
2008-04-17,INTC,8-K,False,post,0000050863-08-000141
2008-04-15,INTC,8-K,True,post,0001157523-08-002931
2008-03-31,INTC,8-K,False,pre,0000050863-08-000115
2008-03-20,INTC,8-K,False,pre,0000050863-08-000097
2008-03-04,INTC,8-K,False,post,0000050863-08-000089
2008-02-20,INTC,10-K,False,pre,0000891618-08-000106
2008-01-17,INTC,8-K,False,post,0000050863-08-000037
2008-01-15,INTC,8-K,True,post,0001157523-08-000317
2007-12-26,INTC,8-K,False,pre,0000050863-07-000420
2007-11-16,INTC,8-K,False,post,0000050863-07-000404
2007-11-15,INTC,8-K,False,pre,0000050863-07-000402
2007-11-02,INTC,10-Q,False,post,0000891618-07-000624
2007-10-26,INTC,8-K,True,post,0000050863-07-000351
2007-10-17,INTC,8-K,False,post,0000050863-07-000336
2007-10-16,INTC,8-K,True,post,0001157523-07-009869
2007-09-10,INTC,8-K,False,pre,0000050863-07-000326
2007-08-30,INTC,8-K,False,pre,0000050863-07-000318
2007-08-06,INTC,10-Q,False,post,0000950134-07-016808
2007-07-17,INTC,8-K,True,post,0001157523-07-006928
2007-05-29,INTC,8-K,False,post,0000050863-07-000254
2007-05-22,INTC,8-K,False,pre,0000050863-07-000250
2007-05-16,INTC,8-K,False,post,0000050863-07-000248
2007-05-03,INTC,10-Q,False,post,0000950134-07-009935
2007-04-17,INTC,8-K,True,post,0001157523-07-003674
2007-03-29,INTC,8-K,False,post,0000050863-07-000168
2007-02-26,INTC,10-K,False,post,0000891618-07-000111
2007-01-18,INTC,8-K,False,pre,0000050863-07-000009
2007-01-16,INTC,8-K,True,post,0001157523-07-000289
2006-12-28,INTC,8-K,False,post,0000891618-06-000535
2006-11-16,INTC,8-K,False,post,0000050863-06-000182
2006-11-08,INTC,8-K,False,post,0000050863-06-000173
2006-11-03,INTC,10-Q,False,post,0000891618-06-000457
2006-10-17,INTC,8-K,True,post,0001157523-06-009975
2006-09-05,INTC,8-K,False,post,0000050863-06-000167
2006-08-02,INTC,10-Q,False,post,0000891618-06-000309
2006-07-20,INTC,8-K,False,pre,0000050863-06-000135
2006-07-19,INTC,8-K,True,post,0001157523-06-007032
2006-07-14,INTC,8-K,False,post,0000050863-06-000133
2006-07-06,INTC,8-K,False,post,0000050863-06-000126
2006-07-05,INTC,8-K,False,post,0000050863-06-000124
2006-06-28,INTC,8-K,False,pre,0000050863-06-000118
2006-05-22,INTC,8-K,False,post,0000050863-06-000102
2006-05-08,INTC,10-Q,False,post,0000891618-06-000189
2006-04-19,INTC,8-K,True,post,0001157523-06-003823
2006-03-03,INTC,8-K,False,pre,0000050863-06-000033
2006-02-27,INTC,10-K,False,post,0000891618-06-000089
2006-02-09,INTC,8-K,False,post,0000050863-06-000027
2006-01-19,INTC,8-K,False,post,0000050863-06-000007
2006-01-17,INTC,8-K,True,post,0001157523-06-000339
2026-09-01,TSM,6-K,False,pre,0001046179-26-000552
2026-08-25,TSM,6-K,False,pre,0001046179-26-000545
2026-08-14,TSM,6-K,False,pre,0001046179-26-000541
2026-08-11,TSM,6-K,False,pre,0001046179-26-000539
2026-08-11,TSM,6-K,False,pre,0001046179-26-000536
2026-08-10,TSM,6-K,False,pre,0001046179-26-000471
2026-07-24,TSM,6-K,False,pre,0001046179-26-000459
2026-07-16,TSM,6-K,False,pre,0001046179-26-000451
2026-07-13,TSM,6-K,False,pre,0001046179-26-000447
2026-07-02,TSM,6-K,False,pre,0001046179-26-000381
2026-06-25,TSM,6-K,False,pre,0001046179-26-000377
2026-06-10,TSM,6-K,False,pre,0001046179-26-000367
2026-06-04,TSM,6-K,False,pre,0001046179-26-000302
2026-05-27,TSM,6-K,False,pre,0001046179-26-000294
2026-05-26,TSM,6-K,False,pre,0001046179-26-000292
2026-05-15,TSM,6-K,False,pre,0001046179-26-000280
2026-05-15,TSM,6-K,False,pre,0001046179-26-000278
2026-05-12,TSM,6-K,False,pre,0001046179-26-000275
2026-05-12,TSM,6-K,False,pre,0001046179-26-000274
2026-05-08,TSM,6-K,False,pre,0001046179-26-000215
2026-05-08,TSM,6-K,False,pre,0001046179-26-000213
2026-04-24,TSM,6-K,False,pre,0001046179-26-000205
2026-04-17,TSM,6-K,False,pre,0001046179-26-000203
2026-04-16,TSM,6-K,False,pre,0001046179-26-000201
2026-04-16,TSM,6-K,False,pre,0001046179-26-000199
2026-04-16,TSM,20-F,False,pre,0001628280-26-025362
2026-04-10,TSM,6-K,False,pre,0001046179-26-000136
2026-03-25,TSM,6-K,False,pre,0001046179-26-000126
2026-03-17,TSM,6-K,False,pre,0001046179-26-000076
2026-03-10,TSM,6-K,False,pre,0001046179-26-000031
2026-03-02,TSM,6-K,False,pre,0001046179-26-000027
2026-02-26,TSM,6-K,False,pre,0001046179-26-000024
2026-02-25,TSM,6-K,False,pre,0001046179-26-000021
2026-02-10,TSM,6-K,False,pre,0001046179-26-000019
2026-02-10,TSM,6-K,False,pre,0001046179-26-000017
2026-02-10,TSM,6-K,False,pre,0001046179-26-000015
2026-01-23,TSM,6-K,False,pre,0001046179-26-000012
2026-01-23,TSM,6-K,False,pre,0001046179-26-000010
2026-01-15,TSM,6-K,False,pre,0001046179-26-000008
2026-01-09,TSM,6-K,False,pre,0001046179-26-000005
2026-01-06,TSM,6-K,False,pre,0001046179-26-000002
2025-12-23,TSM,6-K,False,pre,0001046179-25-000142
2025-12-19,TSM,6-K,False,pre,0001046179-25-000140
2025-12-10,TSM,6-K,False,pre,0001046179-25-000137
2025-11-26,TSM,6-K,False,pre,0001046179-25-000135
2025-11-25,TSM,6-K,False,pre,0001046179-25-000133
2025-11-25,TSM,6-K,False,pre,0001046179-25-000130
2025-11-14,TSM,6-K,False,pre,0001046179-25-000128
2025-11-12,TSM,6-K,False,pre,0001046179-25-000126
2025-11-10,TSM,6-K,False,pre,0001046179-25-000124
2025-11-05,TSM,6-K,False,pre,0001046179-25-000121
2025-10-23,TSM,6-K,False,pre,0001046179-25-000118
2025-10-16,TSM,6-K,False,pre,0001046179-25-000116
2025-10-09,TSM,6-K,False,pre,0001046179-25-000113
2025-09-25,TSM,6-K,False,pre,0001046179-25-000110
2025-09-24,TSM,6-K,False,post,0001046179-25-000107
2025-09-10,TSM,6-K,False,pre,0001046179-25-000105
2025-09-02,TSM,6-K,False,pre,0001046179-25-000103
2025-09-02,TSM,6-K,False,pre,0001046179-25-000101
2025-08-25,TSM,6-K,False,pre,0001046179-25-000099
2025-08-14,TSM,6-K,False,pre,0001046179-25-000097
2025-08-12,TSM,6-K,False,pre,0001046179-25-000095
2025-08-12,TSM,6-K,False,pre,0001046179-25-000093
2025-08-08,TSM,6-K,False,pre,0001046179-25-000091
2025-08-01,TSM,6-K,False,pre,0001046179-25-000089
2025-07-25,TSM,6-K,False,pre,0001046179-25-000086
2025-07-17,TSM,6-K,False,pre,0001046179-25-000082
2025-07-10,TSM,6-K,False,pre,0001046179-25-000080
2025-07-01,TSM,6-K,False,pre,0001046179-25-000078
2025-06-25,TSM,6-K,False,pre,0001046179-25-000074
2025-06-25,TSM,6-K,False,pre,0001046179-25-000072
2025-06-10,TSM,6-K,False,pre,0001046179-25-000070
2025-06-03,TSM,6-K,False,pre,0001046179-25-000067
2025-05-28,TSM,6-K,False,pre,0001046179-25-000065
2025-05-23,TSM,6-K,False,pre,0001046179-25-000062
2025-05-15,TSM,6-K,False,pre,0001046179-25-000060
2025-05-15,TSM,6-K,False,pre,0001046179-25-000059
2025-05-14,TSM,6-K,False,pre,0001046179-25-000057
2025-05-13,TSM,6-K,False,pre,0001046179-25-000054
2025-05-09,TSM,6-K,False,pre,0001046179-25-000052
2025-04-25,TSM,6-K,False,pre,0001046179-25-000050
2025-04-18,TSM,6-K,False,pre,0001046179-25-000039
2025-04-17,TSM,6-K,False,pre,0001046179-25-000037
2025-04-17,TSM,6-K,False,pre,0001046179-25-000035
2025-04-17,TSM,20-F,False,pre,0001193125-25-083423
2025-04-10,TSM,6-K,False,pre,0001046179-25-000033
2025-03-25,TSM,6-K,False,pre,0001046179-25-000031
2025-03-17,TSM,6-K,False,pre,0001046179-25-000028
2025-03-10,TSM,6-K,False,pre,0001046179-25-000026
2025-03-03,TSM,6-K,False,post,0001046179-25-000024
2025-03-03,TSM,6-K,False,pre,0001046179-25-000021
2025-02-27,TSM,6-K,False,pre,0001046179-25-000019
2025-02-25,TSM,6-K,False,pre,0001046179-25-000017
2025-02-12,TSM,6-K,False,pre,0001046179-25-000015
2025-02-10,TSM,6-K,False,pre,0001046179-25-000013
2025-01-24,TSM,6-K,False,pre,0001046179-25-000010
2025-01-23,TSM,6-K,False,pre,0001046179-25-000008
2025-01-21,TSM,6-K,False,pre,0001046179-25-000006
2025-01-16,TSM,6-K,False,pre,0001046179-25-000004
2025-01-10,TSM,6-K,False,pre,0001046179-25-000002
2024-12-23,TSM,6-K,False,pre,0001046179-24-000137
2024-12-19,TSM,6-K,False,pre,0001046179-24-000135
2024-12-10,TSM,6-K,False,pre,0001046179-24-000132
2024-11-27,TSM,6-K,False,pre,0001046179-24-000130
2024-11-25,TSM,6-K,False,pre,0001046179-24-000128
2024-11-14,TSM,6-K,False,pre,0001046179-24-000126
2024-11-12,TSM,6-K,False,pre,0001046179-24-000124
2024-11-08,TSM,6-K,False,pre,0001046179-24-000122
2024-10-28,TSM,6-K,False,pre,0001046179-24-000120
2024-10-25,TSM,6-K,False,pre,0001046179-24-000118
2024-10-17,TSM,6-K,False,pre,0001046179-24-000116
2024-10-09,TSM,6-K,False,pre,0001046179-24-000114
2024-10-03,TSM,6-K,False,post,0001046179-24-000112
2024-09-27,TSM,6-K,False,pre,0001046179-24-000110
2024-09-25,TSM,6-K,False,pre,0001046179-24-000108
2024-09-10,TSM,6-K,False,pre,0001046179-24-000106
2024-09-06,TSM,6-K,False,pre,0001046179-24-000104
2024-08-28,TSM,6-K,False,pre,0001046179-24-000102
2024-08-23,TSM,6-K,False,pre,0001046179-24-000100
2024-08-20,TSM,6-K,False,pre,0001046179-24-000097
2024-08-14,TSM,6-K,False,pre,0001046179-24-000094
2024-08-13,TSM,6-K,False,pre,0001046179-24-000092
2024-08-09,TSM,6-K,False,pre,0001046179-24-000090
2024-07-29,TSM,6-K,False,pre,0001046179-24-000087
2024-07-23,TSM,6-K,False,pre,0001046179-24-000085
2024-07-18,TSM,6-K,False,pre,0001046179-24-000083
2024-07-10,TSM,6-K,False,pre,0001046179-24-000081
2024-06-25,TSM,6-K,False,pre,0001046179-24-000078
2024-06-07,TSM,6-K,False,pre,0001046179-24-000076
2024-06-06,TSM,6-K,False,pre,0001046179-24-000074
2024-06-05,TSM,6-K,False,pre,0001046179-24-000072
2024-06-04,TSM,6-K,False,pre,0001046179-24-000070
2024-05-29,TSM,6-K,False,pre,0001046179-24-000068
2024-05-28,TSM,6-K,False,pre,0001046179-24-000066
2024-05-24,TSM,6-K,False,pre,0001046179-24-000064
2024-05-15,TSM,6-K,False,pre,0001046179-24-000061
2024-05-10,TSM,6-K,False,pre,0001046179-24-000058
2024-05-10,TSM,6-K,False,pre,0001046179-24-000056
2024-05-02,TSM,6-K,False,pre,0001046179-24-000054
2024-04-25,TSM,6-K,False,pre,0001046179-24-000052
2024-04-18,TSM,6-K,False,pre,0001046179-24-000050
2024-04-18,TSM,6-K,False,pre,0001046179-24-000048
2024-04-18,TSM,20-F,False,pre,0001193125-24-099840
2024-04-18,TSM,6-K,False,pre,0001046179-24-000046
2024-04-12,TSM,6-K,False,pre,0001046179-24-000044
2024-04-10,TSM,6-K,False,pre,0001046179-24-000042
2024-04-08,TSM,6-K,False,pre,0001046179-24-000040
2024-04-05,TSM,6-K,False,pre,0001046179-24-000038
2024-04-04,TSM,6-K,False,pre,0001046179-24-000036
2024-04-03,TSM,6-K,False,pre,0001046179-24-000034
2024-03-25,TSM,6-K,False,pre,0001046179-24-000032
2024-03-22,TSM,6-K,False,pre,0001046179-24-000030
2024-03-18,TSM,6-K,False,pre,0001046179-24-000028
2024-03-08,TSM,6-K,False,pre,0001046179-24-000026
2024-03-01,TSM,6-K,False,pre,0001046179-24-000022
2024-02-29,TSM,6-K,False,pre,0001046179-24-000020
2024-02-29,TSM,6-K,False,pre,0001046179-24-000018
2024-02-23,TSM,6-K,False,pre,0001046179-24-000016
2024-02-07,TSM,6-K,False,pre,0001046179-24-000014
2024-02-06,TSM,6-K,False,pre,0001046179-24-000012
2024-02-06,TSM,6-K,False,pre,0001046179-24-000010
2024-01-25,TSM,6-K,False,pre,0001046179-24-000008
2024-01-18,TSM,6-K,False,pre,0001046179-24-000005
2024-01-10,TSM,6-K,False,pre,0001046179-24-000002
2023-12-22,TSM,6-K,False,pre,0001046179-23-000035
2023-12-19,TSM,6-K,False,pre,0001046179-23-000033
2023-12-15,TSM,6-K,False,pre,0001046179-23-000031
2023-12-08,TSM,6-K,False,pre,0001046179-23-000029
2023-12-06,TSM,6-K,False,pre,0001046179-23-000027
2023-11-24,TSM,6-K,False,pre,0001046179-23-000025
2023-11-14,TSM,6-K,False,pre,0001046179-23-000023
2023-11-14,TSM,6-K,False,pre,0001046179-23-000021
2023-11-13,TSM,6-K,False,pre,0001046179-23-000019
2023-10-26,TSM,6-K,False,pre,0001046179-23-000016
2023-10-19,TSM,6-K,False,pre,0001046179-23-000014
2023-10-06,TSM,6-K,False,pre,0001046179-23-000012
2023-09-25,TSM,6-K,False,pre,0001046179-23-000010
2023-09-12,TSM,6-K,False,pre,0001046179-23-000008
2023-09-08,TSM,6-K,False,pre,0001046179-23-000006
2023-08-25,TSM,6-K,False,pre,0001628280-23-030593
2023-08-21,TSM,6-K,False,pre,0001628280-23-030043
2023-08-14,TSM,6-K,False,pre,0001628280-23-029161
2023-08-10,TSM,6-K,False,pre,0001628280-23-028724
2023-08-08,TSM,6-K,False,pre,0001628280-23-027976
2023-08-08,TSM,6-K,False,pre,0001628280-23-027944
2023-07-25,TSM,6-K,False,pre,0001628280-23-025517
2023-07-20,TSM,6-K,False,pre,0001628280-23-025146
2023-07-10,TSM,6-K,False,pre,0001628280-23-024605
2023-06-21,TSM,6-K,False,pre,0001628280-23-022819
2023-06-09,TSM,6-K,False,pre,0001628280-23-021631
2023-06-06,TSM,6-K,False,pre,0001628280-23-020992
2023-05-31,TSM,6-K,False,pre,0001628280-23-020208
2023-05-25,TSM,6-K,False,pre,0001628280-23-019648
2023-05-12,TSM,6-K,False,pre,0001628280-23-017752
2023-05-10,TSM,6-K,False,pre,0001628280-23-017015
2023-05-09,TSM,6-K,False,pre,0001628280-23-016618
2023-04-25,TSM,6-K,False,pre,0001628280-23-012636
2023-04-20,TSM,6-K,False,pre,0001628280-23-012133
2023-04-20,TSM,20-F,False,pre,0001193125-23-107214
2023-04-20,TSM,6-K,False,pre,0001628280-23-012121
2023-04-10,TSM,6-K,False,pre,0001628280-23-011133
2023-03-24,TSM,6-K,False,pre,0001628280-23-009091
2023-03-17,TSM,6-K,False,pre,0001564590-23-003858
2023-03-10,TSM,6-K,False,pre,0001564590-23-003384
2023-03-01,TSM,6-K,False,pre,0001564590-23-002825
2023-02-24,TSM,6-K,False,pre,0001564590-23-002381
2023-02-22,TSM,6-K,False,pre,0001564590-23-002144
2023-02-14,TSM,6-K,False,pre,0001564590-23-001822
2023-02-10,TSM,6-K,False,pre,0001564590-23-001698
2023-01-18,TSM,6-K,False,pre,0001564590-23-000489
2023-01-12,TSM,6-K,False,pre,0001564590-23-000363
2023-01-10,TSM,6-K,False,pre,0001564590-23-000305
2022-12-29,TSM,6-K,False,pre,0001564590-22-039856
2022-12-27,TSM,6-K,False,pre,0001564590-22-039693
2022-12-22,TSM,6-K,False,pre,0001564590-22-039567
2022-12-09,TSM,6-K,False,pre,0001564590-22-039159
2022-12-06,TSM,6-K,False,pre,0001564590-22-039051
2022-11-25,TSM,6-K,False,pre,0001564590-22-038265
2022-11-14,TSM,6-K,False,pre,0001564590-22-037471
2022-11-10,TSM,6-K,False,pre,0001564590-22-037273
2022-11-08,TSM,6-K,False,pre,0001564590-22-036926
2022-10-31,TSM,6-K,False,pre,0001564590-22-035784
2022-10-25,TSM,6-K,False,pre,0001564590-22-034989
2022-10-13,TSM,6-K,False,pre,0001564590-22-034145
2022-10-07,TSM,6-K,False,pre,0001564590-22-033741
2022-09-23,TSM,6-K,False,pre,0001564590-22-032163
2022-09-08,TSM,6-K,False,pre,0001564590-22-031240
2022-08-25,TSM,6-K,False,pre,0001564590-22-030076
2022-08-12,TSM,6-K,False,pre,0001564590-22-029201
2022-08-11,TSM,6-K,False,pre,0001564590-22-029014
2022-08-10,TSM,6-K,False,pre,0001564590-22-028847
2022-08-09,TSM,6-K,False,pre,0001564590-22-028585
2022-07-25,TSM,6-K,False,pre,0001564590-22-026280
2022-07-20,TSM,6-K,False,pre,0001564590-22-026001
2022-07-14,TSM,6-K,False,pre,0001564590-22-025726
2022-07-08,TSM,6-K,False,pre,0001564590-22-025478
2022-06-24,TSM,6-K,False,pre,0001564590-22-024119
2022-06-10,TSM,6-K,False,pre,0001564590-22-022912
2022-06-08,TSM,6-K,False,pre,0001564590-22-022717
2022-05-25,TSM,6-K,False,pre,0001564590-22-021205
2022-05-13,TSM,6-K,False,pre,0001564590-22-019989
2022-05-10,TSM,6-K,False,pre,0001564590-22-019076
2022-05-10,TSM,6-K,False,pre,0001564590-22-019047
2022-04-25,TSM,6-K,False,pre,0001564590-22-015327
2022-04-22,TSM,6-K,False,pre,0001193125-22-114126
2022-04-22,TSM,6-K,False,pre,0001193125-22-114121
2022-04-19,TSM,6-K,False,post,0001193125-22-109600
2022-04-18,TSM,6-K,False,post,0001193125-22-108102
2022-04-14,TSM,6-K,False,pre,0001564590-22-014392
2022-04-14,TSM,20-F,False,pre,0001193125-22-104891
2022-04-14,TSM,6-K,False,pre,0001564590-22-014381
2022-04-08,TSM,6-K,False,pre,0001564590-22-013903
2022-03-25,TSM,6-K,False,pre,0001564590-22-011722
2022-03-18,TSM,6-K,False,pre,0001564590-22-010954
2022-03-10,TSM,6-K,False,pre,0001564590-22-009446
2022-02-25,TSM,6-K,False,pre,0001564590-22-006887
2022-02-25,TSM,6-K,False,pre,0001564590-22-006898
2022-02-15,TSM,6-K,False,pre,0001564590-22-005084
2022-02-15,TSM,6-K,False,pre,0001564590-22-005076
2022-02-10,TSM,6-K,False,pre,0001564590-22-004502
2022-01-25,TSM,6-K,False,pre,0001564590-22-002158
2022-01-13,TSM,6-K,False,pre,0001564590-22-001132
2022-01-10,TSM,6-K,False,pre,0001564590-22-000736
2021-12-22,TSM,6-K,False,pre,0001564590-21-060907
2021-12-10,TSM,6-K,False,pre,0001564590-21-059942
2021-11-24,TSM,6-K,False,pre,0001564590-21-058152
2021-11-12,TSM,6-K,False,pre,0001564590-21-056389
2021-11-10,TSM,6-K,False,pre,0001564590-21-055890
2021-11-09,TSM,6-K,False,pre,0001564590-21-055424
2021-11-09,TSM,6-K,False,pre,0001564590-21-055416
2021-10-25,TSM,6-K,False,pre,0001193125-21-306139
2021-10-25,TSM,6-K,False,pre,0001193125-21-305980
2021-10-25,TSM,6-K,False,pre,0001564590-21-051613
2021-10-20,TSM,6-K,False,post,0001193125-21-303164
2021-10-19,TSM,6-K,False,pre,0001564590-21-051075
2021-10-18,TSM,6-K,False,post,0001193125-21-301181
2021-10-18,TSM,6-K,False,post,0001193125-21-301021
2021-10-14,TSM,6-K,False,pre,0001564590-21-050767
2021-10-08,TSM,6-K,False,pre,0001564590-21-050466
2021-09-24,TSM,6-K,False,pre,0001564590-21-048761
2021-09-10,TSM,6-K,False,pre,0001564590-21-047528
2021-08-25,TSM,6-K,False,pre,0001564590-21-045604
2021-08-13,TSM,6-K,False,pre,0001564590-21-044132
2021-08-10,TSM,6-K,False,pre,0001564590-21-042889
2021-08-10,TSM,6-K,False,pre,0001564590-21-042846
2021-07-26,TSM,6-K,False,pre,0001564590-21-037790
2021-07-23,TSM,6-K,False,pre,0001564590-21-037677
2021-07-15,TSM,6-K,False,pre,0001564590-21-036625
2021-07-12,TSM,6-K,False,pre,0001564590-21-036225
2021-07-12,TSM,6-K,False,pre,0001564590-21-036216
2021-07-09,TSM,6-K,False,pre,0001564590-21-036094
2021-06-25,TSM,6-K,False,pre,0001564590-21-034393
2021-06-21,TSM,6-K,False,pre,0001564590-21-033442
2021-06-10,TSM,6-K,False,pre,0001564590-21-032334
2021-06-09,TSM,6-K,False,pre,0001564590-21-032179
2021-05-25,TSM,6-K,False,pre,0001564590-21-029598
2021-05-21,TSM,6-K,False,pre,0001564590-21-029173
2021-05-14,TSM,6-K,False,pre,0001564590-21-027791
2021-05-10,TSM,6-K,False,pre,0001564590-21-025717
2021-04-23,TSM,6-K,False,pre,0001564590-21-020185
2021-04-22,TSM,6-K,False,pre,0001564590-21-019939
2021-04-21,TSM,6-K,False,pre,0001564590-21-019693
2021-04-16,TSM,6-K,False,pre,0001564590-21-019088
2021-04-16,TSM,20-F,False,pre,0001193125-21-118512
2021-04-16,TSM,6-K,False,pre,0001564590-21-019085
2021-04-15,TSM,6-K,False,pre,0001564590-21-018896
2021-04-09,TSM,6-K,False,pre,0001564590-21-018240
2021-04-01,TSM,6-K,False,pre,0001564590-21-017172
2021-03-25,TSM,6-K,False,pre,0001564590-21-015236
2021-03-22,TSM,6-K,False,pre,0001564590-21-014465
2021-03-10,TSM,6-K,False,pre,0001564590-21-011879
2021-02-26,TSM,6-K,False,pre,0001564590-21-009168
2021-02-25,TSM,6-K,False,pre,0001564590-21-008379
2021-02-09,TSM,6-K,False,pre,0001564590-21-004779
2021-02-09,TSM,6-K,False,pre,0001564590-21-004774
2021-01-25,TSM,6-K,False,pre,0001564590-21-001982
2021-01-14,TSM,6-K,False,pre,0001564590-21-001132
2021-01-08,TSM,6-K,False,pre,0001564590-21-000622
2020-12-23,TSM,6-K,False,pre,0001564590-20-058086
2020-12-10,TSM,6-K,False,pre,0001564590-20-056626
2020-11-25,TSM,6-K,False,pre,0001564590-20-055127
2020-11-13,TSM,6-K,False,pre,0001564590-20-053724
2020-11-10,TSM,6-K,False,pre,0001564590-20-052746
2020-11-10,TSM,6-K,False,pre,0001564590-20-052694
2020-10-23,TSM,6-K,False,pre,0001564590-20-047339
2020-10-15,TSM,6-K,False,pre,0001564590-20-046453
2020-10-08,TSM,6-K,False,pre,0001564590-20-046046
2020-09-25,TSM,6-K,False,pre,0001564590-20-044564
2020-09-24,TSM,6-K,False,pre,0001564590-20-044420
2020-09-10,TSM,6-K,False,pre,0001564590-20-043040
2020-08-25,TSM,6-K,False,pre,0001564590-20-041088
2020-08-14,TSM,6-K,False,pre,0001564590-20-040158
2020-08-11,TSM,6-K,False,pre,0001564590-20-039111
2020-08-10,TSM,6-K,False,pre,0001564590-20-038543
2020-07-24,TSM,6-K,False,pre,0001564590-20-033315
2020-07-24,TSM,6-K,False,pre,0001564590-20-033310
2020-07-16,TSM,6-K,False,pre,0001564590-20-032443
2020-07-10,TSM,6-K,False,pre,0001564590-20-032150
2020-07-08,TSM,6-K,False,pre,0001564590-20-031984
2020-06-24,TSM,6-K,False,pre,0001564590-20-030340
2020-06-10,TSM,6-K,False,pre,0001564590-20-028818
2020-06-09,TSM,6-K,False,pre,0001564590-20-028674
2020-05-22,TSM,6-K,False,pre,0001564590-20-026646
2020-05-15,TSM,6-K,False,pre,0001564590-20-025607
2020-05-14,TSM,6-K,False,pre,0001564590-20-025247
2020-05-12,TSM,6-K,False,post,0001564590-20-024689
2020-05-08,TSM,6-K,False,pre,0001564590-20-023197
2020-04-24,TSM,6-K,False,pre,0001564590-20-018323
2020-04-16,TSM,6-K,False,pre,0001564590-20-016960
2020-04-15,TSM,6-K,False,pre,0001564590-20-016803
2020-04-15,TSM,20-F,False,pre,0001193125-20-107579
2020-04-10,TSM,6-K,False,pre,0001564590-20-016193
2020-03-25,TSM,6-K,False,pre,0001564590-20-012664
2020-03-23,TSM,6-K,False,pre,0001564590-20-012093
2020-03-18,TSM,6-K,False,pre,0001564590-20-011523
2020-03-10,TSM,6-K,False,pre,0001564590-20-009516
2020-02-27,TSM,6-K,False,pre,0001564590-20-006977
2020-02-25,TSM,6-K,False,pre,0001564590-20-006178
2020-02-11,TSM,6-K,False,pre,0001564590-20-004119
2020-02-10,TSM,6-K,False,pre,0001564590-20-003937
2020-01-22,TSM,6-K,False,pre,0001564590-20-001554
2020-01-16,TSM,6-K,False,pre,0001564590-20-001200
2020-01-10,TSM,6-K,False,pre,0001564590-20-000680
2019-12-27,TSM,6-K,False,pre,0001564590-19-046991
2019-12-23,TSM,6-K,False,pre,0001564590-19-046601
2019-12-10,TSM,6-K,False,pre,0001564590-19-045576
2019-11-25,TSM,6-K,False,pre,0001564590-19-044276
2019-11-19,TSM,6-K,False,pre,0001564590-19-043800
2019-11-12,TSM,6-K,False,pre,0001564590-19-042544
2019-11-08,TSM,6-K,False,pre,0001564590-19-041985
2019-10-29,TSM,6-K,False,post,0001564590-19-038179
2019-10-25,TSM,6-K,False,pre,0001564590-19-037832
2019-10-17,TSM,6-K,False,pre,0001564590-19-037052
2019-10-09,TSM,6-K,False,pre,0001564590-19-036679
2019-10-01,TSM,6-K,False,pre,0001564590-19-035985
2019-09-25,TSM,6-K,False,pre,0001193125-19-254066
2019-09-10,TSM,6-K,False,pre,0001193125-19-241443
2019-08-27,TSM,6-K,False,pre,0001193125-19-229913
2019-08-23,TSM,6-K,False,pre,0001193125-19-227249
2019-08-19,TSM,6-K,False,pre,0001193125-19-223902
2019-08-13,TSM,6-K,False,pre,0001193125-19-219458
2019-08-12,TSM,6-K,False,pre,0001193125-19-218428
2019-07-25,TSM,6-K,False,pre,0001193125-19-201772
2019-07-19,TSM,6-K,False,pre,0001193125-19-197102
2019-07-18,TSM,6-K,False,pre,0001193125-19-195998
2019-07-10,TSM,6-K,False,pre,0001193125-19-191531
2019-07-09,TSM,6-K,False,pre,0001193125-19-190858
2019-07-02,TSM,6-K,False,pre,0001193125-19-187592
2019-06-25,TSM,6-K,False,pre,0001193125-19-180618
2019-06-10,TSM,6-K,False,pre,0001193125-19-168658
2019-06-05,TSM,6-K,False,pre,0001193125-19-165499
2019-05-24,TSM,6-K,False,pre,0001193125-19-155940
2019-05-20,TSM,6-K,False,pre,0001193125-19-150950
2019-05-14,TSM,6-K,False,pre,0001193125-19-145980
2019-05-10,TSM,6-K,False,pre,0001193125-19-143620
2019-04-25,TSM,6-K,False,pre,0001193125-19-117812
2019-04-18,TSM,6-K,False,pre,0001193125-19-110066
2019-04-17,TSM,6-K,False,pre,0001193125-19-108474
2019-04-17,TSM,20-F,False,pre,0001193125-19-108390
2019-04-16,TSM,6-K,False,pre,0001193125-19-107268
2019-04-10,TSM,6-K,False,pre,0001193125-19-102369
2019-04-04,TSM,6-K,False,pre,0001193125-19-097160
2019-03-25,TSM,6-K,False,pre,0001193125-19-084266
2019-03-18,TSM,6-K,False,pre,0001193125-19-077389
2019-03-08,TSM,6-K,False,pre,0001193125-19-067854
2019-03-04,TSM,6-K,False,pre,0001193125-19-061581
2019-02-25,TSM,6-K,False,pre,0001193125-19-048915
2019-02-19,TSM,6-K,False,pre,0001193125-19-043514
2019-02-15,TSM,6-K,False,pre,0001193125-19-041683
2019-02-15,TSM,6-K,False,pre,0001193125-19-041575
2019-01-29,TSM,6-K,False,pre,0001193125-19-019669
2019-01-28,TSM,6-K,False,post,0001193125-19-018950
2019-01-25,TSM,6-K,False,pre,0001193125-19-016334
2019-01-18,TSM,6-K,False,pre,0001193125-19-011976
2019-01-17,TSM,6-K,False,pre,0001193125-19-010925
2019-01-10,TSM,6-K,False,pre,0001193125-19-005661
2018-12-28,TSM,6-K,False,pre,0001193125-18-359980
2018-12-27,TSM,6-K,False,pre,0001193125-18-358500
2018-12-10,TSM,6-K,False,pre,0001193125-18-345464
2018-11-23,TSM,6-K,False,pre,0001193125-18-332712
2018-11-16,TSM,6-K,False,pre,0001193125-18-328409
2018-11-13,TSM,6-K,False,pre,0001193125-18-324781
2018-11-09,TSM,6-K,False,pre,0001193125-18-323049
2018-10-25,TSM,6-K,False,pre,0001193125-18-306981
2018-10-19,TSM,6-K,False,pre,0001193125-18-302386
2018-10-18,TSM,6-K,False,pre,0001193125-18-301425
2018-10-09,TSM,6-K,False,pre,0001193125-18-295250
2018-09-25,TSM,6-K,False,pre,0001193125-18-281667
2018-09-10,TSM,6-K,False,pre,0001193125-18-269529
2018-08-24,TSM,6-K,False,pre,0001193125-18-256679
2018-08-17,TSM,6-K,False,pre,0001193125-18-251028
2018-08-14,TSM,6-K,False,pre,0001193125-18-247835
2018-08-10,TSM,6-K,False,pre,0001193125-18-245001
2018-08-06,TSM,6-K,False,pre,0001193125-18-238975
2018-08-06,TSM,6-K,False,pre,0001193125-18-238914
2018-07-25,TSM,6-K,False,pre,0001193125-18-225165
2018-07-20,TSM,6-K,False,pre,0001193125-18-221854
2018-07-19,TSM,6-K,False,pre,0001193125-18-220934
2018-07-10,TSM,6-K,False,pre,0001193125-18-215054
2018-06-25,TSM,6-K,False,pre,0001193125-18-201574
2018-06-08,TSM,6-K,False,pre,0001193125-18-187291
2018-06-06,TSM,6-K,False,pre,0001193125-18-184933
2018-06-05,TSM,6-K,False,pre,0001193125-18-183880
2018-05-25,TSM,6-K,False,pre,0001193125-18-174197
2018-05-10,TSM,6-K,False,pre,0001193125-18-158237
2018-05-07,TSM,6-K,False,pre,0001193125-18-153715
2018-04-25,TSM,6-K,False,pre,0001193125-18-129832
2018-04-20,TSM,6-K,False,pre,0001193125-18-123673
2018-04-20,TSM,6-K,False,pre,0001193125-18-123601
2018-04-19,TSM,6-K,False,pre,0001193125-18-121999
2018-04-19,TSM,20-F,False,pre,0001193125-18-121866
2018-04-19,TSM,6-K,False,pre,0001193125-18-121859
2018-04-10,TSM,6-K,False,pre,0001193125-18-112267
2018-03-23,TSM,6-K,False,pre,0001193125-18-092767
2018-03-19,TSM,6-K,False,pre,0001193125-18-086606
2018-03-09,TSM,6-K,False,pre,0001193125-18-076152
2018-02-26,TSM,6-K,False,pre,0001193125-18-057161
2018-02-26,TSM,6-K,False,pre,0001193125-18-057149
2018-02-23,TSM,6-K,False,pre,0001193125-18-054791
2018-02-13,TSM,6-K,False,pre,0001193125-18-041147
2018-02-09,TSM,6-K,False,pre,0001193125-18-037211
2018-02-09,TSM,6-K,False,pre,0001193125-18-037049
2018-01-26,TSM,6-K,False,pre,0001193125-18-020450
2018-01-25,TSM,6-K,False,pre,0001193125-18-018960
2018-01-19,TSM,6-K,False,pre,0001193125-18-013951
2018-01-18,TSM,6-K,False,pre,0001193125-18-012698
2018-01-10,TSM,6-K,False,pre,0001193125-18-007785
2017-12-22,TSM,6-K,False,pre,0001193125-17-377061
2017-12-08,TSM,6-K,False,pre,0001193125-17-364364
2017-11-24,TSM,6-K,False,pre,0001193125-17-351046
2017-11-16,TSM,6-K,False,pre,0001193125-17-344732
2017-11-14,TSM,6-K,False,pre,0001193125-17-341700
2017-11-13,TSM,6-K,False,pre,0001193125-17-339709
2017-10-30,TSM,6-K,False,pre,0001193125-17-323818
2017-10-20,TSM,6-K,False,pre,0001193125-17-314600
2017-10-19,TSM,6-K,False,pre,0001193125-17-313208
2017-10-06,TSM,6-K,False,pre,0001193125-17-305145
2017-10-02,TSM,6-K,False,pre,0001193125-17-300211
2017-09-29,TSM,6-K,False,pre,0001193125-17-298423
2017-09-25,TSM,6-K,False,pre,0001193125-17-291948
2017-09-08,TSM,6-K,False,pre,0001193125-17-279869
2017-09-06,TSM,6-K,False,pre,0001193125-17-277156
2017-08-25,TSM,6-K,False,pre,0001193125-17-267302
2017-08-14,TSM,6-K,False,pre,0001193125-17-256593
2017-08-10,TSM,6-K,False,pre,0001193125-17-253488
2017-08-08,TSM,6-K,False,pre,0001193125-17-250674
2017-07-25,TSM,6-K,False,pre,0001193125-17-234367
2017-07-14,TSM,6-K,False,pre,0001193125-17-227935
2017-07-13,TSM,6-K,False,pre,0001193125-17-227282
2017-07-10,TSM,6-K,False,pre,0001193125-17-224668
2017-06-23,TSM,6-K,False,pre,0001193125-17-211000
2017-06-09,TSM,6-K,False,pre,0001193125-17-199167
2017-06-08,TSM,6-K,False,pre,0001193125-17-197600
2017-06-08,TSM,6-K,False,pre,0001193125-17-197599
2017-06-07,TSM,6-K,False,pre,0001193125-17-196549
2017-05-25,TSM,6-K,False,pre,0001193125-17-182436
2017-05-15,TSM,6-K,False,pre,0001193125-17-169728
2017-05-10,TSM,6-K,False,pre,0001193125-17-165143
2017-05-09,TSM,6-K,False,pre,0001193125-17-163353
2017-04-26,TSM,6-K,False,pre,0001193125-17-137807
2017-04-24,TSM,6-K,False,pre,0001193125-17-133409
2017-04-18,TSM,6-K,False,pre,0001193125-17-126660
2017-04-18,TSM,6-K,False,pre,0001193125-17-126659
2017-04-13,TSM,20-F,False,pre,0001193125-17-122097
2017-04-13,TSM,6-K,False,pre,0001193125-17-122057
2017-04-10,TSM,6-K,False,pre,0001193125-17-117376
2017-03-24,TSM,6-K,False,pre,0001193125-17-094410
2017-03-20,TSM,6-K,False,pre,0001193125-17-088196
2017-03-10,TSM,6-K,False,pre,0001193125-17-077550
2017-02-23,TSM,6-K,False,pre,0001193125-17-052970
2017-02-23,TSM,6-K,False,pre,0001193125-17-052874
2017-02-14,TSM,6-K,False,pre,0001193125-17-042000
2017-02-10,TSM,6-K,False,pre,0001193125-17-037013
2017-01-24,TSM,6-K,False,pre,0001193125-17-015777
2017-01-13,TSM,6-K,False,pre,0001193125-17-009241
2017-01-12,TSM,6-K,False,pre,0001193125-17-008236
2017-01-10,TSM,6-K,False,pre,0001193125-17-006287
2016-12-28,TSM,6-K,False,pre,0001193125-16-804488
2016-12-09,TSM,6-K,False,pre,0001193125-16-789050
2016-11-25,TSM,6-K,False,pre,0001193125-16-776822
2016-11-15,TSM,6-K,False,pre,0001193125-16-768288
2016-11-10,TSM,6-K,False,pre,0001193125-16-765041
2016-11-08,TSM,6-K,False,pre,0001193125-16-762367
2016-10-25,TSM,6-K,False,pre,0001193125-16-745668
2016-10-14,TSM,6-K,False,pre,0001193125-16-738097
2016-10-13,TSM,6-K,False,pre,0001193125-16-737105
2016-10-07,TSM,6-K,False,pre,0001193125-16-733245
2016-09-23,TSM,6-K,False,pre,0001193125-16-717582
2016-09-09,TSM,6-K,False,pre,0001193125-16-705878
2016-08-25,TSM,6-K,False,pre,0001193125-16-690466
2016-08-11,TSM,6-K,False,pre,0001193125-16-678570
2016-08-10,TSM,6-K,False,pre,0001193125-16-677427
2016-08-02,TSM,6-K,False,pre,0001193125-16-667470
2016-07-25,TSM,6-K,False,pre,0001193125-16-655865
2016-07-15,TSM,6-K,False,pre,0001193125-16-648763
2016-07-14,TSM,6-K,False,pre,0001193125-16-647698
2016-07-11,TSM,6-K,False,pre,0001193125-16-644973
2016-06-24,TSM,6-K,False,pre,0001193125-16-630635
2016-06-08,TSM,6-K,False,pre,0001193125-16-615913
2016-06-07,TSM,6-K,False,pre,0001193125-16-614643
2016-06-07,TSM,6-K,False,pre,0001193125-16-614578
2016-05-25,TSM,6-K,False,post,0001193125-16-602265
2016-05-17,TSM,6-K,False,pre,0001193125-16-592457
2016-05-10,TSM,6-K,False,pre,0001193125-16-584664
2016-05-10,TSM,6-K,False,pre,0001193125-16-584605
2016-04-26,TSM,6-K,False,pre,0001193125-16-554996
2016-04-15,TSM,6-K,False,pre,0001193125-16-542197
2016-04-14,TSM,6-K,False,pre,0001193125-16-540578
2016-04-11,TSM,6-K,False,pre,0001193125-16-536256
2016-04-11,TSM,20-F,False,pre,0001193125-16-536225
2016-04-08,TSM,6-K,False,pre,0001193125-16-534587
2016-04-08,TSM,6-K,False,pre,0001193125-16-534553
2016-03-29,TSM,6-K,False,pre,0001193125-16-520323
2016-03-28,TSM,6-K,False,pre,0001193125-16-518746
2016-03-21,TSM,6-K,False,pre,0001193125-16-510926
2016-03-10,TSM,6-K,False,pre,0001193125-16-499090
2016-02-25,TSM,6-K,False,pre,0001193125-16-476809
2016-02-18,TSM,6-K,False,pre,0001193125-16-467652
2016-02-17,TSM,6-K,False,pre,0001193125-16-466394
2016-02-16,TSM,6-K,False,pre,0001193125-16-463791
2016-02-08,TSM,6-K,False,pre,0001193125-16-453004
2016-02-02,TSM,6-K,False,pre,0001193125-16-446757
2016-01-25,TSM,6-K,False,pre,0001193125-16-436186
2016-01-15,TSM,6-K,False,pre,0001193125-16-430375
2016-01-14,TSM,6-K,False,pre,0001193125-16-429401
2016-01-08,TSM,6-K,False,pre,0001193125-16-423942
2015-12-28,TSM,6-K,False,pre,0001193125-15-413653
2015-12-10,TSM,6-K,False,pre,0001193125-15-399457
2015-12-07,TSM,6-K,False,pre,0001193125-15-395834
2015-11-27,TSM,6-K,False,post,0001193125-15-389681
2015-11-27,TSM,6-K,False,pre,0001193125-15-389146
2015-11-25,TSM,6-K,False,pre,0001193125-15-387715
2015-11-13,TSM,6-K,False,pre,0001193125-15-376336
2015-11-10,TSM,6-K,False,pre,0001193125-15-372742
2015-11-10,TSM,6-K,False,pre,0001193125-15-372695
2015-10-26,TSM,6-K,False,pre,0001193125-15-352540
2015-10-16,TSM,6-K,False,pre,0001193125-15-345144
2015-10-15,TSM,6-K,False,pre,0001193125-15-344166
2015-10-08,TSM,6-K,False,pre,0001193125-15-339795
2015-09-25,TSM,6-K,False,pre,0001193125-15-327864
2015-09-23,TSM,6-K,False,pre,0001193125-15-325877
2015-09-10,TSM,6-K,False,pre,0001193125-15-316647
2015-08-25,TSM,6-K,False,pre,0001193125-15-300783
2015-08-25,TSM,6-K,False,pre,0001193125-15-300778
2015-08-14,TSM,6-K,False,pre,0001193125-15-290587
2015-08-11,TSM,6-K,False,pre,0001193125-15-285756
2015-08-10,TSM,6-K,False,pre,0001193125-15-283967
2015-07-27,TSM,6-K,False,pre,0001193125-15-263156
2015-07-17,TSM,6-K,False,pre,0001193125-15-255354
2015-07-16,TSM,6-K,False,pre,0001193125-15-254327
2015-07-10,TSM,6-K,False,pre,0001193125-15-249664
2015-06-25,TSM,6-K,False,pre,0001193125-15-234129
2015-06-10,TSM,6-K,False,pre,0001193125-15-218757
2015-06-10,TSM,6-K,False,pre,0001193125-15-218623
2015-06-09,TSM,6-K,False,pre,0001193125-15-217155
2015-06-09,TSM,6-K,False,pre,0001193125-15-217080
2015-05-26,TSM,6-K,False,pre,0001193125-15-199254
2015-05-15,TSM,6-K,False,pre,0001193125-15-188877
2015-05-08,TSM,6-K,False,pre,0001193125-15-178372
2015-04-24,TSM,6-K,False,pre,0001193125-15-145102
2015-04-23,TSM,6-K,False,pre,0001193125-15-142796
2015-04-17,TSM,6-K,False,pre,0001193125-15-134147
2015-04-16,TSM,6-K,False,pre,0001193125-15-132162
2015-04-13,TSM,6-K,False,pre,0001193125-15-126896
2015-04-13,TSM,20-F,False,pre,0001193125-15-126836
2015-04-10,TSM,6-K,False,pre,0001193125-15-125178
2015-03-25,TSM,6-K,False,pre,0001193125-15-103965
2015-03-23,TSM,6-K,False,pre,0001193125-15-100824
2015-03-10,TSM,6-K,False,pre,0001193125-15-084273
2015-03-03,TSM,6-K,False,pre,0001193125-15-074429
2015-02-25,TSM,6-K,False,pre,0001193125-15-060947
2015-02-10,TSM,6-K,False,pre,0001193125-15-040357
2015-02-10,TSM,6-K,False,pre,0001193125-15-040300
2015-01-26,TSM,6-K,False,pre,0001193125-15-019423
2015-01-16,TSM,6-K,False,pre,0001193125-15-012415
2015-01-15,TSM,6-K,False,pre,0001193125-15-011207
2015-01-09,TSM,6-K,False,pre,0001193125-15-005712
2015-01-09,TSM,6-K,False,pre,0001193125-15-005611
2014-12-22,TSM,6-K,False,pre,0001193125-14-449440
2014-12-10,TSM,6-K,False,pre,0001193125-14-438251
2014-11-25,TSM,6-K,False,pre,0001193125-14-424008
2014-11-14,TSM,6-K,False,pre,0001193125-14-411991
2014-11-12,TSM,6-K,False,pre,0001193125-14-407694
2014-11-10,TSM,6-K,False,pre,0001193125-14-404474
2014-10-24,TSM,6-K,False,pre,0001193125-14-380780
2014-10-17,TSM,6-K,False,pre,0001193125-14-374322
2014-10-16,TSM,6-K,False,pre,0001193125-14-373163
2014-10-09,TSM,6-K,False,pre,0001193125-14-367206
2014-09-25,TSM,6-K,False,pre,0001193125-14-352169
2014-09-10,TSM,6-K,False,pre,0001193125-14-337411
2014-08-26,TSM,6-K,False,pre,0001193125-14-320606
2014-08-19,TSM,6-K,False,pre,0001193125-14-313833
2014-08-12,TSM,6-K,False,pre,0001193125-14-305627
2014-08-08,TSM,6-K,False,pre,0001193125-14-301648
2014-07-24,TSM,6-K,False,pre,0001193125-14-277813
2014-07-17,TSM,6-K,False,pre,0001193125-14-271025
2014-07-16,TSM,6-K,False,pre,0001193125-14-269737
2014-07-10,TSM,6-K,False,pre,0001193125-14-264732
2014-06-27,TSM,6-K,False,pre,0001193125-14-252084
2014-06-25,TSM,6-K,False,pre,0001193125-14-247951
2014-06-24,TSM,6-K,False,pre,0001193125-14-246158
2014-06-24,TSM,6-K,False,pre,0001193125-14-246156
2014-06-10,TSM,6-K,False,pre,0001193125-14-231153
2014-05-23,TSM,6-K,False,pre,0001193125-14-210575
2014-05-19,TSM,6-K,False,pre,0001193125-14-203716
2014-05-13,TSM,6-K,False,pre,0001193125-14-195969
2014-05-09,TSM,6-K,False,pre,0001193125-14-190951
2014-04-24,TSM,6-K,False,pre,0001193125-14-155926
2014-04-22,TSM,6-K,False,pre,0001193125-14-151564
2014-04-17,TSM,6-K,False,pre,0001193125-14-146635
2014-04-14,TSM,6-K,False,pre,0001193125-14-141582
2014-04-14,TSM,20-F,False,pre,0001193125-14-141496
2014-04-11,TSM,6-K,False,pre,0001193125-14-139441
2014-04-10,TSM,6-K,False,pre,0001193125-14-137849
2014-04-09,TSM,6-K,False,pre,0001193125-14-136190
2014-03-25,TSM,6-K,False,pre,0001193125-14-113196
2014-03-12,TSM,6-K,False,pre,0001193125-14-094843
2014-03-10,TSM,6-K,False,pre,0001193125-14-090141
2014-03-06,TSM,6-K,False,pre,0001193125-14-085439
2014-02-25,TSM,6-K,False,pre,0001193125-14-065992
2014-02-18,TSM,6-K,False,pre,0001193125-14-056156
2014-02-10,TSM,6-K,False,pre,0001193125-14-041675
2014-01-24,TSM,6-K,False,pre,0001193125-14-019400
2014-01-17,TSM,6-K,False,pre,0001193125-14-013747
2014-01-16,TSM,6-K,False,pre,0001193125-14-012590
2014-01-10,TSM,6-K,False,pre,0001193125-14-007211
2013-12-27,TSM,6-K,False,pre,0001193125-13-485401
2013-12-10,TSM,6-K,False,pre,0001193125-13-467513
2013-11-25,TSM,6-K,False,pre,0001193125-13-452095
2013-11-15,TSM,6-K,False,pre,0001193125-13-442974
2013-11-12,TSM,6-K,False,pre,0001193125-13-436876
2013-11-08,TSM,6-K,False,pre,0001193125-13-434090
2013-10-24,TSM,6-K,False,pre,0001193125-13-408974
2013-10-18,TSM,6-K,False,pre,0001193125-13-403146
2013-10-17,TSM,6-K,False,pre,0001193125-13-401630
2013-10-09,TSM,6-K,False,pre,0001193125-13-394835
2013-09-27,TSM,6-K,False,pre,0001193125-13-380969
2013-09-25,TSM,6-K,False,pre,0001193125-13-377037
2013-09-10,TSM,6-K,False,pre,0001193125-13-362161
2013-08-23,TSM,6-K,False,pre,0001193125-13-344384
2013-08-16,TSM,6-K,False,pre,0001193125-13-337198
2013-08-13,TSM,6-K,False,pre,0001193125-13-331846
2013-08-09,TSM,6-K,False,pre,0001193125-13-327912
2013-07-25,TSM,6-K,False,pre,0001193125-13-301345
2013-07-19,TSM,6-K,False,pre,0001193125-13-294838
2013-07-18,TSM,6-K,False,pre,0001193125-13-293605
2013-07-10,TSM,6-K,False,pre,0001193125-13-286559
2013-06-24,TSM,6-K,False,pre,0001193125-13-268051
2013-06-18,TSM,6-K,False,pre,0001193125-13-261858
2013-06-11,TSM,6-K,False,pre,0001193125-13-254029
2013-06-11,TSM,6-K,False,pre,0001193125-13-254028
2013-06-10,TSM,6-K,False,pre,0001193125-13-252447
2013-05-24,TSM,6-K,False,pre,0001193125-13-234276
2013-05-20,TSM,6-K,False,pre,0001193125-13-226793
2013-05-14,TSM,6-K,False,pre,0001193125-13-218172
2013-05-10,TSM,6-K,False,pre,0001193125-13-212468
2013-04-25,TSM,6-K,False,pre,0001193125-13-171969
2013-04-19,TSM,6-K,False,pre,0001193125-13-161728
2013-04-18,TSM,6-K,False,pre,0001193125-13-159802
2013-04-10,TSM,6-K,False,pre,0001193125-13-148404
2013-04-02,TSM,20-F,False,pre,0001193125-13-137651
2013-03-28,TSM,6-K,False,pre,0001193125-13-130540
2013-03-25,TSM,6-K,False,pre,0001193125-13-123160
2013-03-25,TSM,6-K,False,pre,0001193125-13-123153
2013-03-15,TSM,6-K,False,post,0001193125-13-109931
2013-03-08,TSM,6-K,False,pre,0001193125-13-097054
2013-02-26,TSM,6-K,False,pre,0001193125-13-075162
2013-02-26,TSM,6-K,False,pre,0001193125-13-075157
2013-02-25,TSM,6-K,False,pre,0001193125-13-072654
2013-02-08,TSM,6-K,False,pre,0001193125-13-044646
2013-02-05,TSM,6-K,False,pre,0001193125-13-037742
2013-01-25,TSM,6-K,False,pre,0001193125-13-022948
2013-01-18,TSM,6-K,False,pre,0001193125-13-016596
2013-01-17,TSM,6-K,False,pre,0001193125-13-015342
2013-01-10,TSM,6-K,False,pre,0001193125-13-008677
2012-12-27,TSM,6-K,False,pre,0001193125-12-515415
2012-12-10,TSM,6-K,False,pre,0001193125-12-496026
2012-11-23,TSM,6-K,False,pre,0001193125-12-479261
2012-11-13,TSM,6-K,False,pre,0001193125-12-465463
2012-11-09,TSM,6-K,False,pre,0001193125-12-461644
2012-11-02,TSM,6-K,False,pre,0001193125-12-447746
2012-10-26,TSM,6-K,False,pre,0001193125-12-436450
2012-10-25,TSM,6-K,False,pre,0001193125-12-434280
2012-10-24,TSM,6-K,False,pre,0001193125-12-432233
2012-10-09,TSM,6-K,False,pre,0001193125-12-417749
2012-09-25,TSM,6-K,False,pre,0001193125-12-402280
2012-09-10,TSM,6-K,False,pre,0001193125-12-385605
2012-09-04,TSM,6-K,False,pre,0001193125-12-378187
2012-08-24,TSM,6-K,False,pre,0001193125-12-367361
2012-08-14,TSM,6-K,False,pre,0001193125-12-353951
2012-08-10,TSM,6-K,False,pre,0001193125-12-348667
2012-08-06,TSM,6-K,False,pre,0001193125-12-336109
2012-07-25,TSM,6-K,False,pre,0001193125-12-313278
2012-07-20,TSM,6-K,False,pre,0001193125-12-308042
2012-07-19,TSM,6-K,False,pre,0001193125-12-306762
2012-07-10,TSM,6-K,False,pre,0001193125-12-298195
2012-06-25,TSM,6-K,False,pre,0001193125-12-281189
2012-06-19,TSM,6-K,False,pre,0001193125-12-274472
2012-06-13,TSM,6-K,False,pre,0001193125-12-268931
2012-06-12,TSM,6-K,False,pre,0001193125-12-267418
2012-06-08,TSM,6-K,False,pre,0001193125-12-264272
2012-05-25,TSM,6-K,False,pre,0001193125-12-247902
2012-05-10,TSM,6-K,False,pre,0001193125-12-223613
2012-05-04,TSM,6-K,False,pre,0001193125-12-210206
2012-04-27,TSM,6-K,False,pre,0001193125-12-187888
2012-04-27,TSM,6-K,False,pre,0001193125-12-187887
2012-04-26,TSM,6-K,False,pre,0001193125-12-184177
2012-04-25,TSM,6-K,False,pre,0001193125-12-180178
2012-04-13,TSM,20-F,False,pre,0001193125-12-161528
2012-04-10,TSM,6-K,False,pre,0001193125-12-156151
2012-04-10,TSM,6-K,False,pre,0001193125-12-156097
2012-03-27,TSM,6-K,False,pre,0001193125-12-133172
2012-03-23,TSM,6-K,False,pre,0001193125-12-128329
2012-03-09,TSM,6-K,False,pre,0001193125-12-105199
2012-03-08,TSM,6-K,False,pre,0001193125-12-102288
2012-03-02,TSM,6-K,False,pre,0001193125-12-093211
2012-02-24,TSM,6-K,False,pre,0001193125-12-076602
2012-02-14,TSM,6-K,False,pre,0001193125-12-058440
2012-02-10,TSM,6-K,False,pre,0001193125-12-050737
2012-01-20,TSM,6-K,False,pre,0001193125-12-017657
2012-01-19,TSM,6-K,False,pre,0001193125-12-016225
2012-01-18,TSM,6-K,False,pre,0001193125-12-014609
2012-01-10,TSM,6-K,False,pre,0001193125-12-007228
2011-12-28,TSM,6-K,False,pre,0001193125-11-353320
2011-12-12,TSM,6-K,False,pre,0001193125-11-337305
2011-11-25,TSM,6-K,False,pre,0001193125-11-321672
2011-11-10,TSM,6-K,False,pre,0001193125-11-305496
2011-11-08,TSM,6-K,False,pre,0001193125-11-300854
2011-11-01,TSM,6-K,False,pre,0001193125-11-289645
2011-10-28,TSM,6-K,False,pre,0001193125-11-285160
2011-10-27,TSM,6-K,False,pre,0001193125-11-282969
2011-10-25,TSM,6-K,False,pre,0001193125-11-279358
2011-10-07,TSM,6-K,False,pre,0001193125-11-266275
2011-09-26,TSM,6-K,False,pre,0001193125-11-255736
2011-09-09,TSM,6-K,False,pre,0001193125-11-243882
2011-09-02,TSM,6-K,False,pre,0001193125-11-239555
2011-08-30,TSM,6-K,False,pre,0001193125-11-235992
2011-08-25,TSM,6-K,False,pre,0001193125-11-231753
2011-08-10,TSM,6-K,False,pre,0001193125-11-217442
2011-08-09,TSM,6-K,False,pre,0001193125-11-215410
2011-07-29,TSM,6-K,False,pre,0001193125-11-201596
2011-07-28,TSM,6-K,False,pre,0001193125-11-199728
2011-07-22,TSM,6-K,False,pre,0001193125-11-194127
2011-07-08,TSM,6-K,False,pre,0001193125-11-184448
2011-06-24,TSM,6-K,False,pre,0000950123-11-061351
2011-06-14,TSM,6-K,False,pre,0000950123-11-058823
2011-06-14,TSM,6-K,False,pre,0000950123-11-058819
2011-06-10,TSM,6-K,False,pre,0000950123-11-058098
2011-06-09,TSM,6-K,False,pre,0000950123-11-057702
2011-06-09,TSM,6-K,False,pre,0000950123-11-057699
2011-05-25,TSM,6-K,False,pre,0000950123-11-053705
2011-05-10,TSM,6-K,False,post,0000950123-11-048318
2011-05-10,TSM,6-K,False,pre,0000950123-11-047796
2011-05-05,TSM,6-K,False,pre,0000950123-11-045134
2011-04-29,TSM,6-K,False,pre,0000950123-11-041415
2011-04-29,TSM,6-K,False,pre,0000950123-11-041336
2011-04-28,TSM,6-K,False,pre,0000950123-11-040487
2011-04-27,TSM,6-K,False,pre,0000950123-11-039693
2011-04-21,TSM,6-K,False,pre,0000950123-11-037500
2011-04-15,TSM,20-F,False,pre,0000950123-11-035858
2011-04-15,TSM,6-K,False,pre,0000950123-11-035857
2011-04-08,TSM,6-K,False,pre,0000950123-11-033958
2011-03-25,TSM,6-K,False,pre,0000950123-11-028822
2011-03-21,TSM,6-K,False,pre,0000950123-11-027007
2011-03-21,TSM,6-K,False,pre,0000950123-11-027004
2011-03-17,TSM,6-K,False,pre,0000950123-11-026194
2011-03-10,TSM,6-K,False,pre,0000950123-11-023891
2011-02-25,TSM,6-K,False,pre,0000950123-11-018239
2011-02-15,TSM,6-K,False,pre,0000950123-11-014059
2011-02-10,TSM,6-K,False,pre,0000950123-11-011393
2011-01-28,TSM,6-K,False,pre,0000950123-11-006356
2011-01-27,TSM,6-K,False,pre,0000950123-11-005773
2011-01-25,TSM,6-K,False,pre,0000950123-11-005003
2011-01-11,TSM,6-K,False,pre,0000950123-11-001907
2011-01-10,TSM,6-K,False,pre,0000950123-11-001633
2010-12-27,TSM,6-K,False,pre,0000950123-10-116419
2010-12-10,TSM,6-K,False,pre,0000950123-10-112638
2010-11-24,TSM,6-K,False,pre,0000950123-10-108443
2010-11-16,TSM,6-K,False,pre,0000950123-10-105987
2010-11-10,TSM,6-K,False,pre,0000950123-10-103612
2010-11-09,TSM,6-K,False,pre,0000950123-10-102898
2010-11-08,TSM,6-K,False,pre,0000950123-10-102020
2010-10-29,TSM,6-K,False,pre,0000950123-10-097861
2010-10-28,TSM,6-K,False,pre,0000950123-10-097020
2010-10-25,TSM,6-K,False,pre,0000950123-10-095459
2010-10-08,TSM,6-K,False,pre,0000950123-10-092185
2010-09-24,TSM,6-K,False,pre,0000950123-10-088641
2010-09-10,TSM,6-K,False,pre,0000950123-10-085074
2010-09-01,TSM,6-K,False,pre,0000950123-10-082852
2010-08-25,TSM,6-K,False,pre,0000950123-10-080596
2010-08-10,TSM,6-K,False,pre,0000950123-10-075378
2010-08-10,TSM,6-K,False,pre,0000950123-10-075369
2010-07-30,TSM,6-K,False,pre,0000950123-10-070122
2010-07-29,TSM,6-K,False,pre,0000950123-10-069386
2010-07-23,TSM,6-K,False,pre,0000950123-10-067505
2010-07-22,TSM,6-K,False,pre,0000950123-10-067092
2010-07-19,TSM,6-K,False,pre,0000950123-10-066073
2010-07-09,TSM,6-K,False,pre,0000950123-10-064486
2010-06-29,TSM,6-K,False,pre,0000950123-10-061978
2010-06-25,TSM,6-K,False,pre,0000950123-10-060883
2010-06-21,TSM,6-K,False,pre,0000950123-10-059458
2010-06-16,TSM,6-K,False,pre,0000950123-10-058491
2010-06-15,TSM,6-K,False,pre,0000950123-10-058121
2010-06-15,TSM,6-K,False,pre,0000950123-10-058108
2010-06-10,TSM,6-K,False,pre,0000950123-10-057119
2010-05-25,TSM,6-K,False,pre,0000950123-10-052611
2010-05-12,TSM,6-K,False,pre,0000950123-10-048148
2010-05-11,TSM,6-K,False,pre,0000950123-10-047577
2010-05-10,TSM,6-K,False,pre,0000950123-10-046782
2010-05-05,TSM,6-K,False,pre,0000950123-10-044039
2010-04-28,TSM,6-K,False,pre,0000950123-10-039191
2010-04-27,TSM,6-K,False,pre,0000950123-10-038516
2010-04-23,TSM,6-K,False,pre,0000950123-10-037386
2010-04-15,TSM,6-K,False,pre,0000950123-10-035046
2010-04-15,TSM,20-F,False,pre,0000950123-10-034985
2010-04-09,TSM,6-K,False,pre,0000950123-10-033374
2010-03-30,TSM,6-K,False,pre,0000950123-10-029713
2010-03-29,TSM,6-K,False,pre,0000950123-10-029173
2010-03-29,TSM,6-K,False,pre,0000950123-10-029171
2010-03-25,TSM,6-K,False,pre,0000950123-10-027904
2010-03-10,TSM,6-K,False,pre,0000950123-10-022824
2010-03-04,TSM,6-K,False,pre,0000950123-10-020825
2010-03-01,TSM,6-K,False,pre,0000950123-10-018659
2010-02-25,TSM,6-K,False,pre,0000950123-10-016641
2010-02-10,TSM,6-K,False,pre,0000950123-10-010721
2010-02-09,TSM,6-K,False,pre,0000950123-10-010198
2010-01-29,TSM,6-K,False,pre,0000950123-10-006379
2010-01-28,TSM,6-K,False,pre,0000950123-10-005891
2010-01-26,TSM,6-K,False,pre,0000950123-10-005067
2010-01-25,TSM,6-K,False,pre,0000950123-10-004640
2010-01-08,TSM,6-K,False,pre,0000950123-10-001147
2009-12-24,TSM,6-K,False,pre,0000950123-09-073294
2009-12-16,TSM,6-K,False,pre,0000950123-09-071074
2009-12-10,TSM,6-K,False,pre,0000950123-09-069660
2009-12-09,TSM,6-K,False,pre,0000950123-09-069381
2009-11-25,TSM,6-K,False,pre,0000950123-09-065899
2009-11-20,TSM,6-K,False,pre,0000950123-09-064536
2009-11-12,TSM,6-K,False,pre,0000950123-09-061178
2009-11-10,TSM,6-K,False,pre,0000950123-09-060529
2009-11-10,TSM,6-K,False,pre,0000950123-09-060519
2009-11-10,TSM,6-K,False,pre,0000950123-09-060515
2009-11-06,TSM,6-K,False,pre,0000950123-09-058723
2009-11-05,TSM,6-K,False,pre,0000950123-09-057950
2009-10-30,TSM,6-K,False,pre,0000950123-09-055188
2009-10-30,TSM,6-K,False,pre,0000950123-09-055187
2009-10-30,TSM,6-K,False,pre,0000950123-09-055082
2009-10-23,TSM,6-K,False,pre,0000950123-09-052531
2009-10-09,TSM,6-K,False,pre,0000950123-09-049369
2009-09-28,TSM,6-K,False,pre,0000950123-09-046334
2009-09-25,TSM,6-K,False,pre,0000950123-09-045883
2009-09-10,TSM,6-K,False,pre,0000950123-09-042251
2009-08-26,TSM,6-K,False,pre,0000950123-09-038029
2009-08-25,TSM,6-K,False,pre,0000950123-09-037692
2009-08-11,TSM,6-K,False,pre,0000950123-09-033277
2009-08-10,TSM,6-K,False,pre,0000950123-09-032523
2009-07-31,TSM,6-K,False,pre,0000950123-09-028010
2009-07-30,TSM,6-K,False,pre,0000950123-09-027315
2009-07-23,TSM,6-K,False,pre,0000950123-09-024535
2009-07-10,TSM,6-K,False,pre,0000950123-09-021379
2009-06-30,TSM,6-K,False,pre,0000950123-09-018917
2009-06-25,TSM,6-K,False,pre,0000950123-09-016968
2009-06-25,TSM,6-K,False,pre,0000950123-09-016961
2009-06-11,TSM,6-K,False,pre,0000950123-09-013152
2009-06-11,TSM,6-K,False,pre,0000950123-09-013137
2009-06-10,TSM,6-K,False,pre,0000950123-09-012801
2009-06-10,TSM,6-K,False,pre,0000950123-09-012794
2009-05-26,TSM,6-K,False,pre,0001145549-09-000910
2009-05-08,TSM,6-K,False,pre,0001145549-09-000758
2009-05-05,TSM,6-K,False,pre,0001145549-09-000737
2009-05-04,TSM,6-K,False,pre,0001145549-09-000727
2009-04-30,TSM,6-K,False,pre,0001145549-09-000712
2009-04-24,TSM,6-K,False,pre,0001145549-09-000652
2009-04-17,TSM,6-K,False,pre,0001145549-09-000624
2009-04-17,TSM,20-F,False,pre,0001145549-09-000622
2009-04-10,TSM,6-K,False,pre,0001145549-09-000594
2009-04-02,TSM,6-K,False,pre,0001145549-09-000560
2009-03-30,TSM,6-K,False,pre,0001145549-09-000531
2009-03-24,TSM,6-K,False,pre,0001145549-09-000507
2009-03-10,TSM,6-K,False,pre,0001145549-09-000422
2009-03-03,TSM,6-K,False,pre,0001145549-09-000368
2009-02-24,TSM,6-K,False,pre,0001145549-09-000332
2009-02-10,TSM,6-K,False,pre,0001145549-09-000194
2009-02-10,TSM,6-K,False,pre,0001145549-09-000190
2009-02-03,TSM,6-K,False,pre,0001145549-09-000155
2009-01-23,TSM,6-K,False,pre,0001145549-09-000100
2009-01-23,TSM,6-K,False,pre,0001145549-09-000097
2009-01-22,TSM,6-K,False,pre,0001145549-09-000084
2009-01-09,TSM,6-K,False,post,0001145549-09-000038
2008-12-24,TSM,6-K,False,pre,0001145549-08-002110
2008-12-10,TSM,6-K,False,pre,0001145549-08-002061
2008-12-01,TSM,6-K,False,pre,0001145549-08-002040
2008-11-25,TSM,6-K,False,pre,0001145549-08-002014
2008-11-12,TSM,6-K,False,pre,0001145549-08-001932
2008-11-10,TSM,6-K,False,pre,0001145549-08-001927
2008-11-05,TSM,6-K,False,pre,0001145549-08-001909
2008-10-31,TSM,6-K,False,pre,0001145549-08-001886
2008-10-30,TSM,6-K,False,pre,0001145549-08-001867
2008-10-24,TSM,6-K,False,pre,0001145549-08-001835
2008-10-09,TSM,6-K,False,pre,0001145549-08-001766
2008-10-06,TSM,6-K,False,pre,0001145549-08-001757
2008-09-25,TSM,6-K,False,pre,0001145549-08-001714
2008-09-10,TSM,6-K,False,pre,0001145549-08-001640
2008-09-02,TSM,6-K,False,pre,0001145549-08-001606
2008-09-02,TSM,6-K,False,pre,0001145549-08-001602
2008-08-29,TSM,6-K,False,pre,0001145549-08-001593
2008-08-29,TSM,6-K,False,pre,0001145549-08-001592
2008-08-28,TSM,6-K,False,pre,0001145549-08-001575
2008-08-27,TSM,6-K,False,pre,0001145549-08-001564
2008-08-26,TSM,6-K,False,pre,0001145549-08-001554
2008-08-25,TSM,6-K,False,pre,0001145549-08-001542
2008-08-25,TSM,6-K,False,pre,0001145549-08-001540
2008-08-22,TSM,6-K,False,pre,0001145549-08-001525
2008-08-21,TSM,6-K,False,pre,0001145549-08-001520
2008-08-20,TSM,6-K,False,pre,0001145549-08-001512
2008-08-19,TSM,6-K,False,pre,0001145549-08-001507
2008-08-18,TSM,6-K,False,pre,0001145549-08-001501
2008-08-15,TSM,6-K,False,pre,0001145549-08-001496
2008-08-14,TSM,6-K,False,pre,0001145549-08-001483
2008-08-14,TSM,6-K,False,pre,0001145549-08-001480
2008-08-12,TSM,6-K,False,pre,0001145549-08-001459
2008-08-08,TSM,6-K,False,pre,0001145549-08-001439
2008-08-01,TSM,6-K,False,pre,0001145549-08-001408
2008-07-31,TSM,6-K,False,pre,0001145549-08-001397
2008-07-25,TSM,6-K,False,pre,0001145549-08-001359
2008-07-10,TSM,6-K,False,pre,0001145549-08-001270
2008-07-07,TSM,6-K,False,pre,0001145549-08-001243
2008-07-03,TSM,6-K,False,pre,0001145549-08-001229
2008-07-01,TSM,6-K,False,pre,0001145549-08-001216
2008-06-30,TSM,6-K,False,post,9999999997-08-030435
2008-06-30,TSM,6-K,False,pre,0001145549-08-001196
2008-06-27,TSM,6-K,False,pre,0001145549-08-001165
2008-06-26,TSM,6-K,False,pre,0001145549-08-001144
2008-06-25,TSM,6-K,False,pre,0001145549-08-001127
2008-06-24,TSM,6-K,False,pre,0001145549-08-001121
2008-06-23,TSM,6-K,False,pre,0001145549-08-001102
2008-06-20,TSM,6-K,False,pre,0001145549-08-001096
2008-06-19,TSM,6-K,False,pre,0001145549-08-001082
2008-06-13,TSM,6-K,False,pre,0001145549-08-001050
2008-06-12,TSM,6-K,False,pre,0001145549-08-001038
2008-06-10,TSM,6-K,False,pre,0001145549-08-001023
2008-06-10,TSM,6-K,False,pre,0001145549-08-001021
2008-05-27,TSM,6-K,False,pre,0001145549-08-000945
2008-05-23,TSM,6-K,False,post,0001145549-08-000932
2008-05-13,TSM,6-K,False,pre,0001145549-08-000847
2008-05-09,TSM,6-K,False,post,0001145549-08-000829
2008-05-05,TSM,6-K,False,pre,0001145549-08-000795
2008-04-30,TSM,6-K,False,pre,0001145549-08-000751
2008-04-29,TSM,6-K,False,pre,0001145549-08-000742
2008-04-28,TSM,6-K,False,post,0001145549-08-000737
2008-04-24,TSM,6-K,False,pre,0001145549-08-000702
2008-04-15,TSM,6-K,False,pre,0001145549-08-000655
2008-04-15,TSM,20-F,False,pre,0000950144-08-002830
2008-04-10,TSM,6-K,False,pre,0000950144-08-002728
2008-03-31,TSM,6-K,False,pre,0001145549-08-000576
2008-03-26,TSM,6-K,False,pre,0001145549-08-000555
2008-03-25,TSM,6-K,False,pre,0001145549-08-000541
2008-03-10,TSM,6-K,False,pre,0001145549-08-000465
2008-02-25,TSM,6-K,False,pre,0001145549-08-000377
2008-02-19,TSM,6-K,False,pre,0001145549-08-000348
2008-02-14,TSM,6-K,False,pre,0001145549-08-000322
2008-02-01,TSM,6-K,False,pre,0001145549-08-000210
2008-01-31,TSM,6-K,False,pre,0001145549-08-000201
2008-01-25,TSM,6-K,False,pre,0001145549-08-000124
2008-01-10,TSM,6-K,False,pre,0001145549-08-000036
2007-12-31,TSM,6-K,False,pre,0001145549-07-002321
2007-12-28,TSM,6-K,False,pre,0001145549-07-002311
2007-12-27,TSM,6-K,False,pre,0001145549-07-002299
2007-12-26,TSM,6-K,False,pre,0001145549-07-002292
2007-12-26,TSM,6-K,False,pre,0001362310-07-003523
2007-12-26,TSM,6-K,False,pre,0001362310-07-003522
2007-12-21,TSM,6-K,False,pre,0001145549-07-002288
2007-12-21,TSM,6-K,False,pre,0001145549-07-002286
2007-12-20,TSM,6-K,False,pre,0001145549-07-002272
2007-12-19,TSM,6-K,False,pre,0001145549-07-002261
2007-12-18,TSM,6-K,False,pre,0001145549-07-002254
2007-12-17,TSM,6-K,False,pre,0001145549-07-002250
2007-12-14,TSM,6-K,False,pre,0001145549-07-002241
2007-12-13,TSM,6-K,False,pre,0001145549-07-002234
2007-12-12,TSM,6-K,False,pre,0001145549-07-002221
2007-12-11,TSM,6-K,False,pre,0001145549-07-002200
2007-12-10,TSM,6-K,False,pre,0001145549-07-002183
2007-12-10,TSM,6-K,False,pre,0001145549-07-002181
2007-12-07,TSM,6-K,False,pre,0001145549-07-002169
2007-12-06,TSM,6-K,False,pre,0001145549-07-002164
2007-12-05,TSM,6-K,False,pre,0001145549-07-002157
2007-12-04,TSM,6-K,False,pre,0001145549-07-002152
2007-12-03,TSM,6-K,False,pre,0000950144-07-010811
2007-11-30,TSM,6-K,False,pre,0001145549-07-002136
2007-11-29,TSM,6-K,False,pre,0001145549-07-002123
2007-11-28,TSM,6-K,False,pre,0001145549-07-002115
2007-11-27,TSM,6-K,False,pre,0001145549-07-002107
2007-11-26,TSM,6-K,False,pre,0001145549-07-002094
2007-11-23,TSM,6-K,False,pre,0001145549-07-002088
2007-11-23,TSM,6-K,False,pre,0001145549-07-002087
2007-11-23,TSM,6-K,False,pre,0001145549-07-002085
2007-11-21,TSM,6-K,False,pre,0001145549-07-002073
2007-11-20,TSM,6-K,False,pre,0001145549-07-002064
2007-11-19,TSM,6-K,False,pre,0001145549-07-002053
2007-11-16,TSM,6-K,False,pre,0001145549-07-002036
2007-11-15,TSM,6-K,False,pre,0001145549-07-002013
2007-11-14,TSM,6-K,False,pre,0001145549-07-001993
2007-11-13,TSM,6-K,False,pre,0001145549-07-001978
2007-11-09,TSM,6-K,False,pre,0001145549-07-001944
2007-10-31,TSM,6-K,False,pre,0001145549-07-001841
2007-10-26,TSM,6-K,False,pre,0001145549-07-001807
2007-10-25,TSM,6-K,False,pre,0001145549-07-001795
2007-10-24,TSM,6-K,False,post,0001145549-07-001781
2007-10-15,TSM,6-K,False,pre,0001145549-07-001718
2007-10-09,TSM,6-K,False,pre,0001145549-07-001693
2007-10-09,TSM,6-K,False,pre,0001145549-07-001690
2007-09-26,TSM,6-K,False,pre,0001145549-07-001644
2007-09-24,TSM,6-K,False,pre,0001145549-07-001624
2007-09-14,TSM,6-K,False,post,0001145549-07-001596
2007-09-10,TSM,6-K,False,pre,0001145549-07-001577
2007-09-10,TSM,6-K,False,pre,0001145549-07-001576
2007-08-29,TSM,6-K,False,pre,0001145549-07-001517
2007-08-24,TSM,6-K,False,pre,0001145549-07-001503
2007-08-24,TSM,6-K,False,pre,0001145549-07-001497
2007-08-14,TSM,6-K,False,pre,0001145549-07-001433
2007-08-10,TSM,6-K,False,pre,0001145549-07-001418
2007-07-27,TSM,6-K,False,pre,0001145549-07-001319
2007-07-26,TSM,6-K,False,pre,0001145549-07-001307
2007-07-25,TSM,6-K,False,pre,0001145549-07-001292
2007-07-10,TSM,6-K,False,pre,0001145549-07-001237
2007-06-25,TSM,6-K,False,pre,0001145549-07-001103
2007-06-08,TSM,6-K,False,pre,0001145549-07-001036
2007-05-29,TSM,6-K,False,pre,0001145549-07-000925
2007-05-25,TSM,6-K,False,pre,0001145549-07-000912
2007-05-25,TSM,6-K,False,pre,0001145549-07-000910
2007-05-22,TSM,6-K,False,pre,0001145549-07-000892
2007-05-18,TSM,6-K,False,pre,0001145549-07-000874
2007-05-10,TSM,6-K,False,pre,0001145549-07-000766
2007-05-09,TSM,6-K,False,pre,0001145549-07-000753
2007-05-08,TSM,6-K,False,pre,0001145549-07-000741
2007-05-07,TSM,6-K,False,pre,0001145549-07-000726
2007-04-30,TSM,6-K,False,post,9999999997-07-023406
2007-04-30,TSM,6-K,False,post,0001145549-07-000662
2007-04-27,TSM,6-K,False,pre,0001145549-07-000634
2007-04-26,TSM,6-K,False,pre,0001145549-07-000615
2007-04-25,TSM,6-K,False,pre,0001145549-07-000607
2007-04-20,TSM,20-F,False,pre,0001145549-07-000571
2007-04-18,TSM,6-K,False,pre,0001145549-07-000560
2007-04-10,TSM,6-K,False,pre,0001145549-07-000524
2007-04-02,TSM,6-K,False,pre,0000950144-07-002949
2007-03-23,TSM,6-K,False,pre,0000950144-07-002566
2007-03-09,TSM,6-K,False,pre,0001145549-07-000367
2007-03-09,TSM,6-K,False,pre,0001145549-07-000366
2007-02-27,TSM,6-K,False,pre,0001145549-07-000305
2007-02-26,TSM,6-K,False,pre,0001145549-07-000301
2007-02-09,TSM,6-K,False,pre,0001145549-07-000192
2007-02-06,TSM,6-K,False,pre,0001145549-07-000165
2007-01-26,TSM,6-K,False,pre,0001145549-07-000100
2007-01-25,TSM,6-K,False,pre,0001145549-07-000093
2007-01-25,TSM,6-K,False,pre,0001145549-07-000090
2007-01-10,TSM,6-K,False,pre,0001145549-07-000018
2006-12-29,TSM,6-K,False,pre,0001145549-06-001774
2006-12-27,TSM,6-K,False,pre,0001145549-06-001762
2006-12-08,TSM,6-K,False,pre,0001145549-06-001693
2006-11-24,TSM,6-K,False,pre,0001145549-06-001643
2006-11-13,TSM,6-K,False,pre,0001145549-06-001593
2006-11-07,TSM,6-K,False,pre,0001145549-06-001568
2006-10-31,TSM,6-K,False,pre,0001145549-06-001533
2006-10-27,TSM,6-K,False,pre,0001145549-06-001520
2006-10-26,TSM,6-K,False,pre,0000950123-06-012974
2006-10-25,TSM,6-K,False,pre,0001145549-06-001505
2006-10-10,TSM,6-K,False,pre,0001145549-06-001439
2006-09-25,TSM,6-K,False,post,0001145549-06-001385
2006-09-08,TSM,6-K,False,pre,0001145549-06-001287
2006-09-01,TSM,6-K,False,post,0001145549-06-001250
2006-08-28,TSM,6-K,False,pre,0001145549-06-001236
2006-08-25,TSM,6-K,False,pre,0001145549-06-001230
2006-08-10,TSM,6-K,False,pre,0001145549-06-001156
2006-08-08,TSM,6-K,False,pre,0001145549-06-001141
2006-07-28,TSM,6-K,False,pre,0001145549-06-001094
2006-07-27,TSM,6-K,False,pre,0001145549-06-001084
2006-07-25,TSM,6-K,False,pre,0001145549-06-001060
2006-07-24,TSM,6-K,False,post,0001145549-06-001054
2006-07-10,TSM,6-K,False,post,0001145549-06-000997
2006-06-22,TSM,6-K,False,pre,0001145549-06-000862
2006-06-09,TSM,6-K,False,pre,0001145549-06-000785
2006-06-06,TSM,6-K,False,pre,0001145549-06-000761
2006-05-25,TSM,6-K,False,pre,0001145549-06-000725
2006-05-17,TSM,6-K,False,pre,0001145549-06-000686
2006-05-17,TSM,6-K,False,pre,0001145549-06-000685
2006-05-16,TSM,6-K,False,post,0001145549-06-000679
2006-05-10,TSM,6-K,False,post,9999999997-06-020708
2006-05-10,TSM,6-K,False,pre,0001145549-06-000630
2006-05-03,TSM,6-K,False,pre,0001145549-06-000599
2006-04-28,TSM,6-K,False,post,0001145549-06-000581
2006-04-27,TSM,6-K,False,pre,0001145549-06-000546
2006-04-25,TSM,6-K,False,pre,0001145549-06-000519
2006-04-20,TSM,20-F,False,pre,0001145549-06-000500
2006-04-20,TSM,6-K,False,pre,0001145549-06-000497
2006-04-10,TSM,6-K,False,pre,0001145549-06-000468
2006-04-06,TSM,6-K,False,pre,0001145549-06-000459
2006-03-24,TSM,6-K,False,pre,0001145549-06-000384
2006-03-10,TSM,6-K,False,pre,0001145549-06-000342
2006-03-01,TSM,6-K,False,pre,0001145549-06-000312
2006-02-24,TSM,6-K,False,pre,0001145549-06-000284
2006-02-14,TSM,6-K,False,pre,0001145549-06-000233
2006-02-10,TSM,6-K,False,pre,0001145549-06-000214
2006-01-27,TSM,6-K,False,pre,0001145549-06-000139
2006-01-26,TSM,6-K,False,pre,0001145549-06-000125
2006-01-25,TSM,6-K,False,pre,0001145549-06-000108
2006-01-18,TSM,6-K,False,pre,0001145549-06-000065
2006-01-09,TSM,6-K,False,post,0001145549-06-000027
2026-09-02,AVGO,8-K,True,post,0001730168-26-000076
2026-07-06,AVGO,8-K,False,pre,0001193125-26-295589
2026-06-18,AVGO,8-K,False,pre,0001193125-26-275077
2026-06-11,AVGO,8-K,False,pre,0001193125-26-266777
2026-06-09,AVGO,10-Q,False,pre,0001730168-26-000054
2026-06-03,AVGO,8-K,True,post,0001730168-26-000051
2026-04-21,AVGO,8-K,False,post,0001730168-26-000039
2026-04-06,AVGO,8-K,False,post,0001193125-26-144028
2026-04-02,AVGO,8-K,False,post,0001193125-26-140574
2026-03-11,AVGO,10-Q,False,post,0001730168-26-000016
2026-03-04,AVGO,8-K,True,post,0001730168-26-000011
2026-03-02,AVGO,8-K,False,post,0001193125-26-085656
2026-01-13,AVGO,8-K,False,post,0001193125-26-011731
2025-12-18,AVGO,10-K,False,post,0001730168-25-000121
2025-12-11,AVGO,8-K,True,post,0001730168-25-000116
2025-09-29,AVGO,8-K,False,post,0001193125-25-223202
2025-09-10,AVGO,8-K,False,post,0001193125-25-200108
2025-09-10,AVGO,10-Q,False,post,0001730168-25-000098
2025-09-09,AVGO,8-K,False,post,0001193125-25-199281
2025-09-04,AVGO,8-K,True,post,0001730168-25-000094
2025-07-11,AVGO,8-K,False,post,0001193125-25-158202
2025-06-11,AVGO,10-Q,False,post,0001730168-25-000064
2025-06-05,AVGO,8-K,True,post,0001730168-25-000061
2025-04-22,AVGO,8-K,False,post,0001730168-25-000037
2025-03-12,AVGO,10-Q,False,post,0001730168-25-000021
2025-03-06,AVGO,8-K,True,post,0001730168-25-000009
2025-01-13,AVGO,8-K,False,post,0001193125-25-005318
2025-01-10,AVGO,8-K,False,post,0001193125-25-004476
2024-12-20,AVGO,10-K,False,post,0001730168-24-000139
2024-12-12,AVGO,8-K,True,post,0001730168-24-000125
2024-10-02,AVGO,8-K,False,post,0001193125-24-231159
2024-09-11,AVGO,10-Q,False,post,0001730168-24-000099
2024-09-05,AVGO,8-K,True,post,0001730168-24-000095
2024-07-12,AVGO,8-K,False,post,0001140361-24-033072
2024-07-08,AVGO,8-K,False,pre,0001140361-24-032566
2024-06-13,AVGO,10-Q,False,pre,0001730168-24-000080
2024-06-12,AVGO,8-K,True,post,0001730168-24-000077
2024-04-24,AVGO,8-K,False,post,0001730168-24-000055
2024-03-14,AVGO,10-Q,False,post,0001730168-24-000023
2024-03-07,AVGO,8-K,True,post,0001730168-24-000012
2024-02-09,AVGO,8-K,False,post,0001140361-24-006724
2023-12-14,AVGO,10-K,False,post,0001730168-23-000096
2023-12-07,AVGO,8-K,True,post,0001730168-23-000093
2023-11-22,AVGO,8-K,False,pre,0001140361-23-054354
2023-10-30,AVGO,8-K,False,post,0001140361-23-050217
2023-10-18,AVGO,8-K,False,post,0001140361-23-048712
2023-09-06,AVGO,10-Q,False,post,0001730168-23-000077
2023-08-31,AVGO,8-K,True,post,0001730168-23-000074
2023-08-16,AVGO,8-K,False,post,0001140361-23-040084
2023-06-07,AVGO,10-Q,False,post,0001730168-23-000064
2023-06-01,AVGO,8-K,True,post,0001730168-23-000062
2023-05-23,AVGO,8-K,False,pre,0001730168-23-000054
2023-04-06,AVGO,8-K,False,post,0001730168-23-000052
2023-03-08,AVGO,10-Q,False,post,0001730168-23-000008
2023-03-02,AVGO,8-K,True,post,0001730168-23-000004
2022-12-16,AVGO,10-K,False,post,0001730168-22-000118
2022-12-08,AVGO,8-K,True,post,0001730168-22-000110
2022-11-02,AVGO,8-K,False,post,0001730168-22-000101
2022-09-08,AVGO,10-Q,False,post,0001730168-22-000094
2022-09-01,AVGO,8-K,True,post,0001730168-22-000091
2022-07-11,AVGO,8-K,False,pre,0001140361-22-025654
2022-06-09,AVGO,10-Q,False,post,0001730168-22-000081
2022-05-26,AVGO,8-K,False,post,0001193125-22-161016
2022-05-26,AVGO,8-K,False,pre,0001193125-22-160371
2022-05-26,AVGO,8-K,True,pre,0001193125-22-160304
2022-04-18,AVGO,8-K,False,post,0001193125-22-108067
2022-04-15,AVGO,8-K,False,pre,0001193125-22-105918
2022-04-05,AVGO,8-K,False,pre,0001730168-22-000059
2022-04-01,AVGO,8-K,False,pre,0001193125-22-092425
2022-03-31,AVGO,8-K,False,pre,0001193125-22-090874
2022-03-10,AVGO,10-Q,False,post,0001730168-22-000029
2022-03-03,AVGO,8-K,True,post,0001730168-22-000015
2021-12-17,AVGO,10-K,False,post,0001730168-21-000153
2021-12-09,AVGO,8-K,True,post,0001730168-21-000148
2021-09-30,AVGO,8-K,False,post,0001193125-21-287948
2021-09-28,AVGO,8-K,False,pre,0001193125-21-284581
2021-09-13,AVGO,8-K,False,post,0001193125-21-271676
2021-09-09,AVGO,10-Q,False,post,0001730168-21-000123
2021-09-02,AVGO,8-K,True,post,0001730168-21-000121
2021-06-11,AVGO,10-Q,False,post,0001730168-21-000116
2021-06-03,AVGO,8-K,True,post,0001730168-21-000110
2021-04-05,AVGO,8-K,False,post,0001730168-21-000071
2021-03-31,AVGO,8-K,False,post,0001193125-21-102518
2021-03-30,AVGO,8-K,False,pre,0001193125-21-098755
2021-03-16,AVGO,8-K,False,pre,0001193125-21-081796
2021-03-12,AVGO,10-Q,False,post,0001730168-21-000045
2021-03-04,AVGO,8-K,True,post,0001730168-21-000026
2021-02-02,AVGO,8-K,False,post,0001193125-21-025889
2021-01-19,AVGO,8-K,False,post,0001193125-21-011422
2021-01-07,AVGO,8-K,False,post,0001193125-21-003380
2021-01-05,AVGO,8-K,False,pre,0001193125-21-001276
2021-01-04,AVGO,8-K,False,pre,0001193125-21-000394
2020-12-18,AVGO,10-K,False,post,0001730168-20-000226
2020-12-10,AVGO,8-K,False,post,0001193125-20-315010
2020-12-10,AVGO,8-K,True,post,0001730168-20-000201
2020-09-11,AVGO,10-Q,False,post,0001730168-20-000164
2020-09-03,AVGO,8-K,True,post,0001730168-20-000154
2020-06-26,AVGO,8-K,False,post,0001730168-20-000126
2020-06-12,AVGO,10-Q,False,post,0001730168-20-000109
2020-06-04,AVGO,8-K,True,post,0001730168-20-000099
2020-06-03,AVGO,8-K,False,post,0001193125-20-159573
2020-05-21,AVGO,8-K,False,post,0001193125-20-148648
2020-05-19,AVGO,8-K,False,post,0001193125-20-146131
2020-05-08,AVGO,8-K,False,post,0001193125-20-137528
2020-05-06,AVGO,8-K,False,pre,0001193125-20-134440
2020-05-05,AVGO,8-K,False,pre,0001193125-20-133159
2020-04-22,AVGO,8-K,False,pre,0001193125-20-114389
2020-04-15,AVGO,8-K,False,pre,0001193125-20-107418
2020-04-09,AVGO,8-K,False,post,0001193125-20-102580
2020-04-06,AVGO,8-K,False,post,0001193125-20-099626
2020-04-06,AVGO,8-K,False,pre,0001193125-20-099090
2020-03-31,AVGO,8-K,False,post,0001193125-20-092827
2020-03-13,AVGO,10-Q,False,post,0001730168-20-000045
2020-03-12,AVGO,8-K,True,post,0001193125-20-071608
2020-01-31,AVGO,8-K,False,post,0001193125-20-021302
2020-01-23,AVGO,8-K,False,post,0001193125-20-013100
2020-01-13,AVGO,8-K,False,pre,0001193125-20-005998
2020-01-09,AVGO,8-K,False,post,0001193125-20-004721
2019-12-20,AVGO,10-K,False,post,0001730168-19-000144
2019-12-12,AVGO,8-K,True,post,0001193125-19-312797
2019-11-04,AVGO,8-K,False,pre,0001193125-19-282605
2019-09-30,AVGO,8-K,False,post,0001193125-19-258822
2019-09-13,AVGO,8-K,False,post,0001193125-19-244923
2019-09-13,AVGO,10-Q,False,post,0001730168-19-000118
2019-09-12,AVGO,8-K,True,post,0001193125-19-243919
2019-08-09,AVGO,8-K,False,pre,0001193125-19-217369
2019-06-26,AVGO,8-K,False,pre,0001193125-19-181599
2019-06-14,AVGO,10-Q,False,post,0001730168-19-000101
2019-06-13,AVGO,8-K,True,post,0001193125-19-172516
2019-06-10,AVGO,8-K,False,post,0001193125-19-169285
2019-05-07,AVGO,8-K,False,post,0001193125-19-139727
2019-04-05,AVGO,8-K,False,post,0001193125-19-099260
2019-04-01,AVGO,8-K,False,post,0001193125-19-094751
2019-03-15,AVGO,10-Q,False,post,0001730168-19-000036
2019-03-14,AVGO,8-K,True,post,0001193125-19-074832
2019-01-25,AVGO,8-K,False,post,0001193125-19-017097
2019-01-14,AVGO,8-K,False,pre,0001193125-19-008372
2019-01-09,AVGO,8-K,False,pre,0001193125-19-004970
2018-12-21,AVGO,10-K,False,post,0001730168-18-000084
2018-12-06,AVGO,8-K,True,post,0001193125-18-343743
2018-11-05,AVGO,8-K,False,pre,0001193125-18-317917
2018-10-12,AVGO,8-K,False,post,0001193125-18-298363
2018-09-13,AVGO,10-Q,False,post,0001730168-18-000039
2018-09-07,AVGO,8-K,False,post,0001193125-18-269288
2018-09-06,AVGO,8-K,True,post,0001730168-18-000036
2018-08-24,AVGO,8-K,False,post,0001193125-18-257622
2018-07-12,AVGO,8-K,False,pre,0001193125-18-216419
2018-06-14,AVGO,10-Q,False,post,0001730168-18-000019
2018-06-07,AVGO,8-K,True,post,0001193125-18-186769
2018-04-30,AVGO,8-K,False,post,0001193125-18-143404
2018-04-12,AVGO,8-K,False,post,0001193125-18-115599
2018-04-09,AVGO,8-K,False,post,0001193125-18-111706
2018-03-26,AVGO,8-K,False,pre,0001193125-18-095153
2018-03-23,AVGO,8-K,False,post,0001193125-18-094342
2016-02-02,AVGO,8-K,False,pre,0001193125-16-446897
2015-12-17,AVGO,10-K,False,post,0001441634-15-000089
2015-12-09,AVGO,8-K,False,post,0001193125-15-398050
2015-12-07,AVGO,8-K,False,post,0001193125-15-396604
2015-12-02,AVGO,8-K,True,post,0001193125-15-393209
2015-11-10,AVGO,8-K,False,post,0001193125-15-373639
2015-10-19,AVGO,8-K,False,post,0001193125-15-347079
2015-09-10,AVGO,10-Q,False,post,0001441634-15-000048
2015-09-03,AVGO,8-K,False,post,0001193125-15-311988
2015-08-26,AVGO,8-K,True,post,0001193125-15-303298
2015-08-11,AVGO,8-K,False,post,0001193125-15-286574
2015-07-31,AVGO,8-K,False,post,0001193125-15-273091
2015-07-01,AVGO,8-K,False,post,0001193125-15-243039
2015-06-10,AVGO,10-Q,False,post,0001441634-15-000023
2015-06-04,AVGO,8-K,False,post,0001193125-15-213431
2015-06-01,AVGO,8-K,False,post,0001193125-15-209378
2015-05-29,AVGO,8-K,False,post,0001193125-15-206881
2015-05-28,AVGO,8-K,True,pre,0001193125-15-202757
2015-05-08,AVGO,8-K,False,post,0001193125-15-179681
2015-05-05,AVGO,8-K,False,pre,0001193125-15-170636
2015-04-09,AVGO,8-K,False,post,0001193125-15-124251
2015-03-11,AVGO,10-Q,False,post,0001441634-15-000002
2015-03-05,AVGO,8-K,False,pre,0001193125-15-077857
2015-02-25,AVGO,8-K,True,post,0001193125-15-062590
2015-02-25,AVGO,8-K,False,post,0001193125-15-062540
2014-12-29,AVGO,10-K,False,post,0001441634-14-000049
2014-12-10,AVGO,8-K,False,post,0001193125-14-439102
2014-12-03,AVGO,8-K,True,post,0001193125-14-432272
2014-11-18,AVGO,8-K,False,post,0001193125-14-416844
2014-09-17,AVGO,8-K,False,post,0001193125-14-344385
2014-09-12,AVGO,10-Q,False,post,0001441634-14-000047
2014-09-04,AVGO,8-K,False,pre,0001193125-14-331443
2014-08-28,AVGO,8-K,True,post,0001193125-14-325339
2014-08-14,AVGO,8-K,False,pre,0001193125-14-308914
2014-08-12,AVGO,8-K,False,pre,0001193125-14-305819
2014-06-23,AVGO,8-K,False,pre,0001193125-14-244450
2014-06-10,AVGO,10-Q,False,post,0001441634-14-000045
2014-05-29,AVGO,8-K,True,post,0001193125-14-217232
2014-05-13,AVGO,8-K,False,post,0001193125-14-197004
2014-05-09,AVGO,8-K,False,post,0001193125-14-192676
2014-05-06,AVGO,8-K,False,post,0001193125-14-185146
2014-05-05,AVGO,8-K,False,pre,0001193125-14-181019
2014-04-18,AVGO,8-K,False,post,0001193125-14-148175
2014-04-10,AVGO,8-K,False,pre,0001193125-14-137755
2014-03-14,AVGO,8-K,False,post,0001193125-14-100347
2014-03-13,AVGO,10-Q,False,post,0001441634-14-000018
2014-03-05,AVGO,8-K,False,post,0001193125-14-084745
2014-02-25,AVGO,8-K,True,post,0001193125-14-067352
2014-01-24,AVGO,8-K,False,post,0001193125-14-020517
2013-12-20,AVGO,10-K,False,post,0001441634-13-000013
2013-12-18,AVGO,8-K,False,post,0001193125-13-477825
2013-12-17,AVGO,8-K,False,pre,0001193125-13-475247
2013-12-16,AVGO,8-K,False,pre,0001193125-13-473952
2013-12-12,AVGO,8-K,False,post,0001193125-13-471745
2013-12-04,AVGO,8-K,True,post,0001193125-13-462098
2013-10-30,AVGO,8-K,False,post,0001193125-13-418831
2013-09-17,AVGO,8-K,False,post,0001193125-13-369173
2013-09-13,AVGO,10-Q,False,post,0001441634-13-000007
2013-09-05,AVGO,8-K,False,pre,0001193125-13-357786
2013-08-27,AVGO,8-K,True,post,0001193125-13-348271
2013-07-15,AVGO,8-K,False,pre,0001193125-13-290035
2013-06-28,AVGO,8-K,False,post,0001193125-13-277321
2013-06-07,AVGO,10-Q,False,post,0001441634-13-000005
2013-05-29,AVGO,8-K,True,post,0001193125-13-239469
2013-04-11,AVGO,8-K,False,pre,0001193125-13-150361
2013-04-01,AVGO,8-K,False,post,0001193125-13-136701
2013-03-14,AVGO,10-Q,False,post,0001441634-13-000003
2013-02-26,AVGO,8-K,True,post,0001193125-13-076900
2013-01-28,AVGO,8-K,False,post,0001193125-13-026299
2012-12-17,AVGO,10-K,False,post,0001441634-12-000010
2012-12-10,AVGO,8-K,False,post,0001193125-12-497167
2012-11-30,AVGO,8-K,False,post,0001193125-12-487555
2012-11-29,AVGO,8-K,True,post,0001193125-12-485680
2012-08-30,AVGO,10-Q,False,post,0001441634-12-000007
2012-08-16,AVGO,8-K,True,post,0001193125-12-359081
2012-08-10,AVGO,8-K,False,post,0001193125-12-350011
2012-06-08,AVGO,10-Q,False,post,0001441634-12-000004
2012-05-22,AVGO,8-K,True,post,0001193125-12-243453
2012-04-05,AVGO,8-K,False,post,0001193125-12-151957
2012-03-08,AVGO,10-Q,False,post,0001445305-12-000606
2012-02-22,AVGO,8-K,True,post,0001193125-12-072738
2012-01-20,AVGO,8-K,False,post,0001193125-12-018676
2011-12-16,AVGO,10-K,False,post,0001445305-11-003592
2011-12-09,AVGO,8-K,False,pre,0001193125-11-336351
2011-12-01,AVGO,8-K,True,post,0001193125-11-327488
2011-09-30,AVGO,8-K,False,post,0001193125-11-261337
2011-09-08,AVGO,10-Q,False,post,0000950123-11-083475
2011-08-23,AVGO,8-K,True,pre,0001193125-11-229625
2011-06-09,AVGO,10-Q,False,post,0000950123-11-057877
2011-06-02,AVGO,8-K,False,post,0000950123-11-056108
2011-05-24,AVGO,8-K,True,post,0000950123-11-053516
2011-04-01,AVGO,8-K,False,post,0000950123-11-032074
2011-03-10,AVGO,10-Q,False,pre,0000950123-11-023882
2011-03-02,AVGO,8-K,False,post,0000950123-11-021240
2011-02-23,AVGO,8-K,False,post,0000950123-11-017130
2011-02-16,AVGO,8-K,False,post,0000950123-11-014744
2011-01-20,AVGO,8-K,False,post,0000950123-11-004135
2010-12-23,AVGO,8-K,False,post,0000950123-10-116272
2010-12-15,AVGO,10-K,False,post,0000950123-10-113875
2010-12-08,AVGO,8-K,False,post,0000950123-10-112025
2010-12-06,AVGO,8-K,False,post,0000950123-10-111191
2010-12-02,AVGO,8-K,True,post,0000950123-10-110427
2010-10-25,AVGO,8-K,False,post,0001193125-10-235575
2010-09-24,AVGO,8-K,False,post,0001193125-10-216462
2010-09-16,AVGO,8-K,False,post,0001193125-10-211426
2010-09-02,AVGO,10-Q,False,post,0001193125-10-203893
2010-08-24,AVGO,8-K,True,post,0001193125-10-195835
2010-08-13,AVGO,8-K,False,pre,0001193125-10-188370
2010-08-12,AVGO,8-K,False,post,0001193125-10-186256
2010-08-10,AVGO,8-K,True,post,0001193125-10-184909
2010-07-02,AVGO,8-K,False,post,0001193125-10-153590
2010-06-03,AVGO,10-Q,False,post,0001193125-10-132134
2010-05-26,AVGO,8-K,True,post,0001193125-10-129401
2010-04-19,AVGO,8-K,False,post,0001193125-10-086689
2010-04-01,AVGO,8-K,False,pre,0001193125-10-074792
2010-03-26,AVGO,8-K,False,pre,0001193125-10-067927
2010-03-04,AVGO,10-Q,False,post,0001193125-10-047952
2010-02-24,AVGO,8-K,True,post,0001193125-10-038906
2009-12-15,AVGO,10-K,False,post,0001193125-09-253349
2009-12-07,AVGO,8-K,False,post,0001193125-09-248563
2009-12-03,AVGO,8-K,True,post,0001193125-09-246715
2009-10-28,AVGO,8-K,False,post,0001193125-09-216156
2009-10-14,AVGO,8-K,False,post,0001193125-09-207927
2009-10-02,AVGO,8-K,False,pre,0001193125-09-202639
2009-09-24,AVGO,8-K,False,post,0001193125-09-197271
2009-09-18,AVGO,8-K,False,pre,0001193125-09-194316
2009-09-03,AVGO,10-Q,False,post,0001193125-09-187012
2009-09-03,AVGO,8-K,True,post,0001193125-09-186942
2009-08-14,AVGO,8-K,False,pre,0001193125-09-175019
