Date,close
2007-04-11,31.22307586669922
2007-04-12,31.244028091430664
2007-04-13,31.187164306640625
2007-04-16,31.175189971923828
2007-04-17,31.160259246826172
2007-04-18,31.169206619262695
2007-04-19,31.276945114135742
2007-04-20,31.25897979736328
2007-04-23,31.276945114135742
2007-04-24,31.49233055114746
2007-04-25,31.54023551940918
2007-04-26,31.59708595275879
2007-04-27,31.59708595275879
2007-04-30,31.60007667541504
2007-05-01,31.603992462158203
2007-05-02,31.59197235107422
2007-05-03,31.594980239868164
2007-05-04,31.633981704711914
2007-05-07,31.63098907470703
2007-05-08,31.654979705810547
2007-05-09,31.57097816467285
2007-05-10,31.685009002685547
2007-05-11,31.703012466430664
2007-05-14,31.699975967407227
2007-05-15,31.675989151000977
2007-05-16,31.760000228881836
2007-05-17,31.750999450683594
2007-05-18,31.760000228881836
2007-05-21,31.790010452270508
2007-05-22,31.79300308227539
2007-05-23,31.76903533935547
2007-05-24,31.77802848815918
2007-05-25,31.823013305664062
2007-05-29,31.696979522705078
2007-05-30,31.76903533935547
2007-05-31,31.718019485473633
2007-06-01,31.71379280090332
2007-06-04,31.740924835205078
2007-06-05,31.6956844329834
2007-06-06,31.656465530395508
2007-06-07,31.508596420288086
2007-06-08,31.42413330078125
2007-06-11,31.357772827148438
2007-06-12,31.197826385498047
2007-06-13,31.25213050842285
2007-06-14,31.27627182006836
2007-06-15,31.270273208618164
2007-06-18,31.288349151611328
2007-06-19,31.327564239501953
2007-06-20,31.050018310546875
2007-06-21,31.107297897338867
2007-06-22,31.16766357421875
2007-06-25,30.986629486083984
2007-06-26,31.077146530151367
2007-06-27,30.968521118164062
2007-06-28,30.805622100830078
2007-06-29,30.71811294555664
2007-07-02,30.958786010742188
2007-07-03,30.90114402770996
2007-07-05,30.788837432861328
2007-07-06,30.82219886779785
2007-07-09,30.916309356689453
2007-07-10,30.834327697753906
2007-07-11,30.60369110107422
2007-07-12,30.694730758666992
2007-07-13,30.82219886779785
2007-07-16,30.834327697753906
2007-07-17,30.870746612548828
2007-07-18,30.640119552612305
2007-07-19,30.673479080200195
2007-07-20,30.594560623168945
2007-07-23,30.527786254882812
2007-07-24,30.35173988342285
2007-07-25,30.063413619995117
2007-07-26,29.638479232788086
2007-07-27,29.14375114440918
2007-07-30,29.426013946533203
2007-07-31,29.526168823242188
2007-08-01,29.46507453918457
2007-08-02,29.63311767578125
2007-08-03,29.63311767578125
2007-08-06,29.5689754486084
2007-08-07,29.779741287231445
2007-08-08,30.13105583190918
2007-08-09,30.100488662719727
2007-08-10,30.0394229888916
2007-08-13,30.25937843322754
2007-08-14,30.02414894104004
2007-08-15,30.192169189453125
2007-08-16,30.152448654174805
2007-08-17,30.457963943481445
2007-08-20,30.16773223876953
2007-08-21,30.011913299560547
2007-08-22,30.244104385375977
2007-08-23,30.427410125732422
2007-08-24,30.503761291503906
2007-08-27,30.70235252380371
2007-08-28,30.595436096191406
2007-08-29,30.717620849609375
2007-08-30,30.78179359436035
2007-08-31,31.059795379638672
2007-09-04,31.27587890625
2007-09-05,31.288183212280273
2007-09-06,31.269733428955078
2007-09-07,30.913162231445312
2007-09-10,31.045324325561523
2007-09-11,31.300458908081055
2007-09-12,31.44185447692871
2007-09-13,31.331235885620117
2007-09-14,31.62630844116211
2007-09-17,31.770748138427734
2007-09-18,31.99820327758789
2007-09-19,32.6098747253418
2007-09-20,31.810686111450195
2007-09-21,31.890621185302734
2007-09-24,32.10577392578125
2007-09-25,32.182640075683594
2007-09-26,32.06584167480469
2007-09-27,31.967479705810547
2007-09-28,31.967479705810547
2007-10-01,32.08965301513672
2007-10-02,32.15149688720703
2007-10-03,31.98139190673828
2007-10-04,32.11747360229492
2007-10-05,32.13603973388672
2007-10-08,32.244285583496094
2007-10-09,32.26905059814453
2007-10-10,32.24119567871094
2007-10-11,32.28759765625
2007-10-12,32.32161331176758
2007-10-15,32.47627258300781
2007-10-16,32.35254669189453
2007-10-17,31.953569412231445
2007-10-18,31.938095092773438
2007-10-19,31.795822143554688
2007-10-22,31.50197982788086
2007-10-23,31.76490592956543
2007-10-24,31.76490592956543
2007-10-25,31.811267852783203
2007-10-26,31.885517120361328
2007-10-29,31.98139190673828
2007-10-30,31.919513702392578
2007-10-31,32.12055206298828
2007-11-01,31.911958694458008
2007-11-02,31.83415412902832
2007-11-05,31.818580627441406
2007-11-06,31.983585357666016
2007-11-07,31.94312286376953
2007-11-08,31.538372039794922
2007-11-09,31.67848777770996
2007-11-12,31.803010940551758
2007-11-13,31.67848777770996
2007-11-14,31.75631332397461
2007-11-15,31.746967315673828
2007-11-16,31.75631332397461
2007-11-19,31.75631332397461
2007-11-20,31.444971084594727
2007-11-21,30.853437423706055
2007-11-23,30.794288635253906
2007-11-26,31.13364601135254
2007-11-27,31.18035125732422
2007-11-28,31.476118087768555
2007-11-29,31.63178062438965
2007-11-30,31.759437561035156
2007-12-03,32.079612731933594
2007-12-04,31.957443237304688
2007-12-05,31.58147621154785
2007-12-06,31.863441467285156
2007-12-07,31.847787857055664
2007-12-10,31.800800323486328
2007-12-11,31.769441604614258
2007-12-12,31.941781997680664
2007-12-13,31.926101684570312
2007-12-14,31.97310447692871
2007-12-17,31.800800323486328
2007-12-18,31.832094192504883
2007-12-19,31.98876953125
2007-12-20,31.919851303100586
2007-12-21,32.020111083984375
2007-12-24,31.907302856445312
2007-12-26,31.766321182250977
2007-12-27,31.97585105895996
2007-12-28,31.66391944885254
2007-12-31,31.733234405517578
2008-01-02,31.34885025024414
2008-01-03,31.289020538330078
2008-01-04,31.25433349609375
2008-01-07,31.06846809387207
2008-01-08,30.88884735107422
2008-01-09,30.551740646362305
2008-01-10,30.778583526611328
2008-01-11,30.844772338867188
2008-01-14,30.737628936767578
2008-01-15,30.816396713256836
2008-01-16,30.781761169433594
2008-01-17,30.564340591430664
2008-01-18,30.803796768188477
2008-01-22,30.589542388916016
2008-01-23,30.649433135986328
2008-01-24,31.03380012512207
2008-01-25,31.081039428710938
2008-01-28,30.93927574157715
2008-01-29,30.970792770385742
2008-01-30,31.09048080444336
2008-01-31,31.153518676757812
2008-02-01,31.17064094543457
2008-02-04,31.176971435546875
2008-02-05,30.92639923095703
2008-02-06,30.862964630126953
2008-02-07,30.732940673828125
2008-02-08,30.501373291015625
2008-02-11,30.26030731201172
2008-02-12,30.374496459960938
2008-02-13,30.295194625854492
2008-02-14,30.44426155090332
2008-02-15,30.368133544921875
2008-02-19,30.212722778320312
2008-02-20,30.292016983032227
2008-02-21,30.396690368652344
2008-02-22,30.45062828063965
2008-02-25,30.54259490966797
2008-02-26,30.739269256591797
2008-02-27,30.732940673828125
2008-02-28,30.68850326538086
2008-02-29,30.57115936279297
2008-03-03,30.5794734954834
2008-03-04,30.544355392456055
2008-03-05,30.630516052246094
2008-03-06,30.550701141357422
2008-03-07,30.486865997314453
2008-03-10,30.416641235351562
2008-03-11,30.493249893188477
2008-03-12,30.486865997314453
2008-03-13,30.272985458374023
2008-03-14,30.091014862060547
2008-03-17,29.950551986694336
2008-03-18,30.391098022460938
2008-03-19,30.423011779785156
2008-03-20,30.566679000854492
2008-03-24,30.799705505371094
2008-03-25,30.879539489746094
2008-03-26,30.80611801147461
2008-03-27,30.707138061523438
2008-03-28,30.72309684753418
2008-03-31,30.860374450683594
2008-04-01,30.99597930908203
2008-04-02,31.012054443359375
2008-04-03,30.957448959350586
2008-04-04,31.076343536376953
2008-04-07,31.323802947998047
2008-04-08,31.429847717285156
2008-04-09,31.156679153442383
2008-04-10,31.269149780273438
2008-04-11,31.018497467041016
2008-04-14,31.127758026123047
2008-04-15,31.12454605102539
2008-04-16,31.25948715209961
2008-04-17,31.291637420654297
2008-04-18,31.50373649597168
2008-04-21,31.452341079711914
2008-04-22,31.494102478027344
2008-04-23,31.62265396118164
2008-04-24,31.632312774658203
2008-04-25,31.783340454101562
2008-04-28,31.969724655151367
2008-04-29,31.876554489135742
2008-04-30,31.90867042541504
2008-05-01,32.586795806884766
2008-05-02,32.257083892822266
2008-05-05,32.20539474487305
2008-05-06,31.975914001464844
2008-05-07,31.9985294342041
2008-05-08,31.9306697845459
2008-05-09,31.9985294342041
2008-05-12,31.956539154052734
2008-05-13,31.946813583374023
2008-05-14,31.90155792236328
2008-05-15,31.985614776611328
2008-05-16,32.03086471557617
2008-05-19,32.15691375732422
2008-05-20,32.09549331665039
2008-05-21,32.03730010986328
2008-05-22,31.988861083984375
2008-05-23,31.798120498657227
2008-05-27,31.620365142822266
2008-05-28,31.775508880615234
2008-05-29,31.743186950683594
2008-05-30,31.746458053588867
2008-06-02,31.484210968017578
2008-06-03,31.50699234008789
2008-06-04,31.474451065063477
2008-06-05,31.611074447631836
2008-06-06,31.523273468017578
2008-06-09,31.624122619628906
2008-06-10,31.637117385864258
2008-06-11,31.630586624145508
2008-06-12,31.57856559753418
2008-06-13,31.71842384338379
2008-06-16,31.279285430908203
2008-06-17,31.33456039428711
2008-06-18,31.40289878845215
2008-06-19,31.204442977905273
2008-06-20,31.080827713012695
2008-06-23,30.966962814331055
2008-06-24,30.83683967590332
2008-06-25,30.940946578979492
2008-06-26,30.696958541870117
2008-06-27,30.61237335205078
2008-06-30,30.5798282623291
2008-07-01,30.547399520874023
2008-07-02,30.52447509765625
2008-07-03,30.51136016845703
2008-07-07,30.537559509277344
2008-07-08,30.455699920654297
2008-07-09,30.35085105895996
2008-07-10,30.390165328979492
2008-07-11,30.35085105895996
2008-07-14,30.278778076171875
2008-07-15,29.81033706665039
2008-07-16,29.908620834350586
2008-07-17,29.99703025817871
2008-07-18,30.47862434387207
2008-07-21,30.62931251525879
2008-07-22,30.73412322998047
2008-07-23,30.652233123779297
2008-07-24,30.724294662475586
2008-07-25,30.789825439453125
2008-07-28,30.684980392456055
2008-07-29,30.691537857055664
2008-07-30,30.698095321655273
2008-07-31,30.760351181030273
2008-08-01,30.622779846191406
2008-08-04,30.411617279052734
2008-08-05,30.626056671142578
2008-08-06,30.421506881713867
2008-08-07,30.385238647460938
2008-08-08,30.4379940032959
2008-08-11,30.352205276489258
2008-08-12,30.470996856689453
2008-08-13,30.517194747924805
2008-08-14,30.517194747924805
2008-08-15,30.586469650268555
2008-08-18,30.517194747924805
2008-08-19,30.576589584350586
2008-08-20,30.569995880126953
2008-08-21,30.5270938873291
2008-08-22,30.352205276489258
2008-08-25,30.517194747924805
2008-08-26,30.352205276489258
2008-08-27,30.385238647460938
2008-08-28,30.42811393737793
2008-08-29,30.48418426513672
2008-09-02,30.490840911865234
2008-09-03,30.59050178527832
2008-09-04,30.723323822021484
2008-09-05,30.69676971435547
2008-09-08,30.660219192504883
2008-09-09,30.726654052734375
2008-09-10,30.55724334716797
2008-09-11,30.55724334716797
2008-09-12,30.55724334716797
2008-09-15,29.434606552124023
2008-09-16,28.75704574584961
2008-09-17,27.0299072265625
2008-09-18,29.162263870239258
2008-09-19,29.534276962280273
2008-09-22,29.507692337036133
2008-09-23,29.218725204467773
2008-09-24,29.48110580444336
2008-09-25,28.730484008789062
2008-09-26,28.63082504272461
2008-09-29,26.312477111816406
2008-09-30,27.23583221435547
2008-10-01,28.421586990356445
2008-10-02,27.681339263916016
2008-10-03,27.580835342407227
2008-10-06,26.57930564880371
2008-10-07,26.13043975830078
2008-10-08,25.03847885131836
2008-10-09,24.455638885498047
2008-10-10,22.82434844970703
2008-10-13,25.624635696411133
2008-10-14,25.792144775390625
2008-10-15,24.666658401489258
2008-10-16,23.73212242126465
2008-10-17,23.4473876953125
2008-10-20,23.916349411010742
2008-10-21,23.779020309448242
2008-10-22,23.581361770629883
2008-10-23,23.979999542236328
2008-10-24,23.380401611328125
2008-10-27,22.191280364990234
2008-10-28,22.442527770996094
2008-10-29,23.464143753051758
2008-10-30,24.107271194458008
2008-10-31,24.117324829101562
2008-11-03,24.3134822845459
2008-11-04,24.587417602539062
2008-11-05,24.384510040283203
2008-11-06,24.384510040283203
2008-11-07,24.63814926147461
2008-11-10,24.64155387878418
2008-11-11,24.597570419311523
2008-11-12,24.24921417236328
2008-11-13,24.12070655822754
2008-11-14,23.826467514038086
2008-11-17,23.457820892333984
2008-11-18,22.964031219482422
2008-11-19,22.179414749145508
2008-11-20,21.442134857177734
2008-11-21,21.65519142150879
2008-11-24,21.753276824951172
2008-11-25,21.979888916015625
2008-11-26,22.490568161010742
2008-11-28,22.406005859375
2008-12-01,21.943889617919922
2008-12-02,22.17973518371582
2008-12-03,22.183162689208984
2008-12-04,22.05327606201172
2008-12-05,22.06352996826172
2008-12-08,22.31987190246582
2008-12-09,22.15239143371582
2008-12-10,22.135292053222656
2008-12-11,21.964401245117188
2008-12-12,22.268604278564453
2008-12-15,22.15239143371582
2008-12-16,22.56256103515625
2008-12-17,23.14019775390625
2008-12-18,24.483491897583008
2008-12-19,24.31943702697754
2008-12-22,25.2935791015625
2008-12-23,25.662723541259766
2008-12-24,25.2593994140625
2008-12-26,25.741344451904297
2008-12-29,25.914812088012695
2008-12-30,25.993995666503906
2008-12-31,26.162643432617188
2009-01-02,26.08005714416504
2009-01-05,27.339805603027344
2009-01-06,27.570417404174805
2009-01-07,27.071332931518555
2009-01-08,26.67893409729004
2009-01-09,27.071332931518555
2009-01-12,26.482755661010742
2009-01-13,26.38637351989746
2009-01-14,26.049055099487305
2009-01-15,25.945802688598633
2009-01-16,26.155763626098633
2009-01-20,25.70828628540039
2009-01-21,25.71174430847168
2009-01-22,25.642906188964844
2009-01-23,25.23330307006836
2009-01-26,25.298702239990234
2009-01-27,25.532764434814453
2009-01-28,26.438011169433594
2009-01-29,25.780588150024414
2009-01-30,25.897605895996094
2009-02-02,25.345861434936523
2009-02-03,25.39104461669922
2009-02-04,25.370189666748047
2009-02-05,25.16157341003418
2009-02-06,25.669189453125
2009-02-09,25.867351531982422
2009-02-10,25.697019577026367
2009-02-11,25.63789176940918
2009-02-12,25.557926177978516
2009-02-13,25.658750534057617
2009-02-17,25.005111694335938
2009-02-18,24.855613708496094
2009-02-19,24.980777740478516
2009-02-20,24.615732192993164
2009-02-23,23.99683952331543
2009-02-24,24.337581634521484
2009-02-25,24.2193660736084
2009-02-26,23.739564895629883
2009-02-27,23.38144302368164
2009-03-02,22.89612579345703
2009-03-03,22.987497329711914
2009-03-04,22.98398208618164
2009-03-05,21.894515991210938
2009-03-06,21.789098739624023
2009-03-09,21.66257667541504
2009-03-10,22.73444938659668
2009-03-11,23.096446990966797
2009-03-12,23.479503631591797
2009-03-13,23.532211303710938
2009-03-16,23.665756225585938
2009-03-17,23.532211303710938
2009-03-18,24.07343292236328
2009-03-19,23.862567901611328
2009-03-20,23.816890716552734
2009-03-23,24.308902740478516
2009-03-24,24.35457420349121
2009-03-25,24.48462677001953
2009-03-26,24.864154815673828
2009-03-27,24.611127853393555
2009-03-30,23.458417892456055
2009-03-31,23.82742691040039
2009-04-01,23.86512565612793
2009-04-02,24.73294448852539
2009-04-03,25.081493377685547
2009-04-06,24.999691009521484
2009-04-07,24.711612701416016
2009-04-08,25.003257751464844
2009-04-09,25.714584350585938
2009-04-13,25.696796417236328
2009-04-14,25.565202713012695
2009-04-15,25.78217124938965
2009-04-16,26.19118309020996
2009-04-17,26.763776779174805
2009-04-20,25.785717010498047
2009-04-21,26.077362060546875
2009-04-22,26.20185661315918
2009-04-23,26.17340087890625
2009-04-24,26.5788516998291
2009-04-27,26.369007110595703
2009-04-28,26.42591667175293
2009-04-29,26.91672706604004
2009-04-30,27.126588821411133
2009-05-01,27.08390998840332
2009-05-04,27.019392013549805
2009-05-05,27.252395629882812
2009-05-06,27.478208541870117
2009-05-07,27.026569366455078
2009-05-08,27.510446548461914
2009-05-11,27.36709213256836
2009-05-12,27.47461700439453
2009-05-13,27.116165161132812
2009-05-14,26.829429626464844
2009-05-15,26.45306396484375
2009-05-18,27.015827178955078
2009-05-19,27.195045471191406
2009-05-20,27.59650230407715
2009-05-21,27.241636276245117
2009-05-22,27.617992401123047
2009-05-26,27.54631233215332
2009-05-27,27.59650230407715
2009-05-28,27.69327163696289
2009-05-29,27.901180267333984
2009-06-01,28.5613956451416
2009-06-02,28.478214263916016
2009-06-03,28.31537628173828
2009-06-04,28.402231216430664
2009-06-05,28.49265480041504
2009-06-08,28.543298721313477
2009-06-09,28.59756088256836
2009-06-10,28.633745193481445
2009-06-11,28.69887351989746
2009-06-12,28.84719467163086
2009-06-15,28.4202880859375
2009-06-16,28.148971557617188
2009-06-17,27.986169815063477
2009-06-18,28.253908157348633
2009-06-19,28.28284454345703
2009-06-22,27.899375915527344
2009-06-23,27.946382522583008
2009-06-24,28.087472915649414
2009-06-25,28.355201721191406
2009-06-26,28.34793472290039
2009-06-29,28.70249366760254
2009-06-30,28.83633041381836
2009-07-01,28.907514572143555
2009-07-02,28.403722763061523
2009-07-06,27.980199813842773
2009-07-07,27.58956527709961
2009-07-08,27.757497787475586
2009-07-09,28.155475616455078
2009-07-10,27.940067291259766
2009-07-13,28.00210952758789
2009-07-14,28.111650466918945
2009-07-15,28.732295989990234
2009-07-16,28.81989860534668
2009-07-17,28.845478057861328
2009-07-20,29.24704933166504
2009-07-21,29.389442443847656
2009-07-22,29.42595100402832
2009-07-23,29.725305557250977
2009-07-24,29.900558471679688
2009-07-27,29.95530891418457
2009-07-28,29.988197326660156
2009-07-29,30.090412139892578
2009-07-30,30.33867073059082
2009-07-31,30.831546783447266
2009-08-03,30.890073776245117
2009-08-04,30.823806762695312
2009-08-05,30.724388122558594
2009-08-06,30.481409072875977
2009-08-07,30.694936752319336
2009-08-10,30.834854125976562
2009-08-11,30.761219024658203
2009-08-12,30.683881759643555
2009-08-13,30.293611526489258
2009-08-14,30.14267349243164
2009-08-17,29.406307220458984
2009-08-18,29.91440200805664
2009-08-19,30.0358829498291
2009-08-20,29.943864822387695
2009-08-21,30.352506637573242
2009-08-24,30.194217681884766
2009-08-25,30.190534591674805
2009-08-26,30.308364868164062
2009-08-27,30.15369987487793
2009-08-28,30.304664611816406
2009-08-31,30.308364868164062
2009-09-01,30.02351951599121
2009-09-02,29.863834381103516
2009-09-03,30.05695152282715
2009-09-04,30.28719711303711
2009-09-08,30.71796417236328
2009-09-09,30.428308486938477
2009-09-10,30.89991569519043
2009-09-11,31.193275451660156
2009-09-14,31.23041343688965
2009-09-15,31.453224182128906
2009-09-16,31.85797691345215
2009-09-17,31.913686752319336
2009-09-18,31.824581146240234
2009-09-21,31.84313201904297
2009-09-22,31.805999755859375
2009-09-23,31.902542114257812
2009-09-24,31.961950302124023
2009-09-25,31.85797691345215
2009-09-28,32.11051559448242
2009-09-29,32.07338333129883
2009-09-30,32.06594467163086
2009-10-01,31.221641540527344
2009-10-02,31.23290252685547
2009-10-05,31.652225494384766
2009-10-06,31.543651580810547
2009-10-07,31.775800704956055
2009-10-08,31.977954864501953
2009-10-09,32.10151290893555
2009-10-12,32.09402084350586
2009-10-13,32.086551666259766
2009-10-14,32.21381759643555
2009-10-15,32.20637512207031
2009-10-16,32.202598571777344
2009-10-19,32.2100944519043
2009-10-20,32.26997756958008
2009-10-21,32.32615661621094
2009-10-22,32.573246002197266
2009-10-23,32.51710891723633
2009-10-26,32.53582000732422
2009-10-27,32.28124237060547
2009-10-28,31.749563217163086
2009-10-29,32.19510269165039
2009-10-30,31.89183235168457
2009-11-02,32.14216613769531
2009-11-03,32.2138557434082
2009-11-04,32.26294708251953
2009-11-05,32.28935623168945
2009-11-06,32.31957244873047
2009-11-09,32.447940826416016
2009-11-10,32.43659210205078
2009-11-11,32.45547103881836
2009-11-12,32.49325180053711
2009-11-13,32.4290657043457
2009-11-16,32.5800895690918
2009-11-17,32.57250213623047
2009-11-18,32.48945999145508
2009-11-19,32.55742263793945
2009-11-20,32.54988098144531
2009-11-23,32.51587677001953
2009-11-24,32.534759521484375
2009-11-25,32.54988098144531
2009-11-27,32.323341369628906
2009-11-30,32.4290657043457
2009-12-01,32.58952331542969
2009-12-02,32.62376022338867
2009-12-03,32.66558074951172
2009-12-04,32.798702239990234
2009-12-07,32.84053421020508
2009-12-08,32.8785400390625
2009-12-09,32.8785400390625
2009-12-10,33.042057037353516
2009-12-11,33.06106185913086
2009-12-14,33.32727813720703
2009-12-15,33.29304122924805
2009-12-16,33.36909484863281
2009-12-17,33.35007858276367
2009-12-18,33.33106994628906
2009-12-21,33.42995834350586
2009-12-22,33.5021858215332
2009-12-23,33.582054138183594
2009-12-24,33.70755386352539
2009-12-28,33.60865783691406
2009-12-29,33.428749084472656
2009-12-30,33.57038497924805
2009-12-31,33.623985290527344
2010-01-04,33.88810348510742
2010-01-05,34.04887390136719
2010-01-06,34.136924743652344
2010-01-07,34.27475357055664
2010-01-08,34.32831954956055
2010-01-11,34.29769515991211
2010-01-12,34.12160873413086
2010-01-13,34.19813919067383
2010-01-14,34.23643112182617
2010-01-15,34.09862518310547
2010-01-19,34.11394119262695
2010-01-20,34.06418991088867
2010-01-21,33.53211975097656
2010-01-22,33.21436309814453
2010-01-25,33.26417541503906
2010-01-26,33.306278228759766
2010-01-27,33.31775665283203
2010-01-28,33.17611312866211
2010-01-29,33.00770568847656
2010-02-01,33.167022705078125
2010-02-02,33.26730728149414
2010-02-03,33.437042236328125
2010-02-04,32.962562561035156
2010-02-05,32.76968002319336
2010-02-08,32.6269645690918
2010-02-09,32.69253921508789
2010-02-10,32.25276184082031
2010-02-11,32.383941650390625
2010-02-12,32.36464309692383
2010-02-16,32.684814453125
2010-02-17,32.935546875
2010-02-18,33.248016357421875
2010-02-19,33.47172164916992
2010-02-22,33.514190673828125
2010-02-23,33.271183013916016
2010-02-24,33.3984375
2010-02-25,33.40229797363281
2010-02-26,33.62606430053711
2010-03-01,33.65169906616211
2010-03-02,33.86933517456055
2010-03-03,33.904300689697266
2010-03-04,33.9315071105957
2010-03-05,34.13359832763672
2010-03-08,34.141380310058594
2010-03-09,34.28908920288086
2010-03-10,34.30073547363281
2010-03-11,34.269630432128906
2010-03-12,34.27741622924805
2010-03-15,34.23853302001953
2010-03-16,34.35517120361328
2010-03-17,34.35517120361328
2010-03-18,34.405677795410156
2010-03-19,34.234657287597656
2010-03-22,34.39788055419922
2010-03-23,34.39400100708008
2010-03-24,34.37455749511719
2010-03-25,34.45616912841797
2010-03-26,34.44451904296875
2010-03-29,34.48727035522461
2010-03-30,34.45230484008789
2010-03-31,34.34347152709961
2010-04-01,34.26045227050781
2010-04-05,34.24480438232422
2010-04-06,34.46797180175781
2010-04-07,34.518890380859375
2010-04-08,34.5776252746582
2010-04-09,34.628517150878906
2010-04-12,34.636356353759766
2010-04-13,34.73033905029297
2010-04-14,34.82430648803711
2010-04-15,34.91829299926758
2010-04-16,34.636356353759766
2010-04-19,34.569766998291016
2010-04-20,34.94175720214844
2010-04-21,34.945674896240234
2010-04-22,34.84388732910156
2010-04-23,35.070953369140625
2010-04-26,35.070953369140625
2010-04-27,34.628517150878906
2010-04-28,34.65200424194336
2010-04-29,34.890869140625
2010-04-30,35.004432678222656
2010-05-03,35.00046920776367
2010-05-04,34.64159393310547
2010-05-05,34.16836166381836
2010-05-06,33.32044219970703
2010-05-07,33.316497802734375
2010-05-10,33.9395866394043
2010-05-11,33.90018844604492
2010-05-12,34.31428909301758
2010-05-13,34.10129165649414
2010-05-14,33.90410232543945
2010-05-17,33.860721588134766
2010-05-18,33.78974151611328
2010-05-19,33.5925407409668
2010-05-20,32.59086608886719
2010-05-21,33.24552917480469
2010-05-24,33.29677200317383
2010-05-25,33.25734329223633
2010-05-26,32.859046936035156
2010-05-27,33.312538146972656
2010-05-28,33.367774963378906
2010-06-01,33.21000671386719
2010-06-02,33.380863189697266
2010-06-03,33.39278030395508
2010-06-04,33.206031799316406
2010-06-07,32.97554016113281
2010-06-08,33.02720260620117
2010-06-09,33.098716735839844
2010-06-10,33.43653106689453
2010-06-11,33.48419952392578
2010-06-14,33.527931213378906
2010-06-15,33.85376739501953
2010-06-16,33.881595611572266
2010-06-17,34.13591003417969
2010-06-18,34.28295135498047
2010-06-21,34.4061393737793
2010-06-22,34.15977096557617
2010-06-23,34.13591003417969
2010-06-24,33.901466369628906
2010-06-25,34.05644607543945
2010-06-28,34.13194274902344
2010-06-29,33.790199279785156
2010-06-30,33.73855209350586
2010-07-01,33.89987564086914
2010-07-02,33.90787124633789
2010-07-06,34.176082611083984
2010-07-07,34.58843231201172
2010-07-08,34.74857711791992
2010-07-09,34.668495178222656
2010-07-12,34.640472412109375
2010-07-13,34.90869140625
2010-07-14,34.87666702270508
2010-07-15,34.9287109375
2010-07-16,34.716514587402344
2010-07-19,34.8326530456543
2010-07-20,35.11286163330078
2010-07-21,35.096858978271484
2010-07-22,35.409122467041016
2010-07-23,35.569210052490234
2010-07-26,35.58527374267578
2010-07-27,35.53722381591797
2010-07-28,35.46116638183594
2010-07-29,35.569210052490234
2010-07-30,35.477134704589844
2010-08-02,35.66216278076172
2010-08-03,35.66216278076172
2010-08-04,35.64202117919922
2010-08-05,35.62588119506836
2010-08-06,35.617828369140625
2010-08-09,35.55333709716797
2010-08-10,35.541236877441406
2010-08-11,35.07775115966797
2010-08-12,34.95682144165039
2010-08-13,35.109981536865234
2010-08-16,35.15431594848633
2010-08-17,35.28733825683594
2010-08-18,35.3477668762207
2010-08-19,35.27523422241211
2010-08-20,35.35988998413086
2010-08-23,35.35988998413086
2010-08-24,35.17446517944336
2010-08-25,35.12607955932617
2010-08-26,35.07775115966797
2010-08-27,35.073699951171875
2010-08-30,35.138187408447266
2010-08-31,35.12607955932617
2010-09-01,35.50568389892578
2010-09-02,35.56251525878906
2010-09-03,35.66804122924805
2010-09-07,35.61529541015625
2010-09-08,35.6234130859375
2010-09-09,35.7655029296875
2010-09-10,35.85886764526367
2010-09-13,36.04560089111328
2010-09-14,36.0374870300293
2010-09-15,36.005027770996094
2010-09-16,36.0659294128418
2010-09-17,36.1308479309082
2010-09-20,36.187705993652344
2010-09-21,36.12680435180664
2010-09-22,35.98066711425781
2010-09-23,35.88729476928711
2010-09-24,36.029361724853516
2010-09-27,36.09027099609375
2010-09-28,36.14306640625
2010-09-29,36.228294372558594
2010-09-30,36.410980224609375
2010-10-01,36.458797454833984
2010-10-04,36.33209228515625
2010-10-05,36.46287155151367
2010-10-06,36.43019104003906
2010-10-07,36.503726959228516
2010-10-08,36.62631607055664
2010-10-11,36.703983306884766
2010-10-12,36.67129898071289
2010-10-13,36.79388427734375
2010-10-14,36.6181526184082
2010-10-15,36.712158203125
2010-10-18,36.66310119628906
2010-10-19,36.659000396728516
2010-10-20,36.77345275878906
2010-10-21,36.716243743896484
2010-10-22,36.883792877197266
2010-10-25,37.02680587768555
2010-10-26,37.08400344848633
2010-10-27,37.04315948486328
2010-10-28,37.063594818115234
2010-10-29,37.079925537109375
2010-11-01,37.01043701171875
2010-11-02,37.191375732421875
2010-11-03,37.31481170654297
2010-11-04,37.80022048950195
2010-11-05,37.75908279418945
2010-11-08,37.64800262451172
2010-11-09,37.54105758666992
2010-11-10,37.2325439453125
2010-11-11,37.08444595336914
2010-11-12,36.94872283935547
2010-11-15,36.878780364990234
2010-11-16,36.47150421142578
2010-11-17,36.656620025634766
2010-11-18,37.12147521972656
2010-11-19,37.109127044677734
2010-11-22,36.849979400634766
2010-11-23,36.34398651123047
2010-11-24,36.56200408935547
2010-11-26,36.43037414550781
2010-11-29,36.52498245239258
2010-11-30,36.60726547241211
2010-12-01,36.94599533081055
2010-12-02,36.96671676635742
2010-12-03,37.0287971496582
2010-12-06,37.00812911987305
2010-12-07,37.19859313964844
2010-12-08,37.0784797668457
2010-12-09,36.999855041503906
2010-12-10,37.01641845703125
2010-12-13,36.83008575439453
2010-12-14,37.012245178222656
2010-12-15,36.86731719970703
2010-12-16,37.003963470458984
2010-12-17,37.05780029296875
2010-12-20,37.12405776977539
2010-12-21,37.20274353027344
2010-12-22,37.30626678466797
2010-12-23,37.34355163574219
2010-12-27,37.37251663208008
2010-12-28,37.396278381347656
2010-12-29,37.52128219604492
2010-12-30,37.56299591064453
2010-12-31,37.62965774536133
2011-01-03,37.658870697021484
2011-01-04,37.82972717285156
2011-01-05,37.925567626953125
2011-01-06,37.971397399902344
2011-01-07,37.82556915283203
2011-01-10,37.7963752746582
2011-01-11,37.94221878051758
2011-01-12,38.02143859863281
2011-01-13,38.013099670410156
2011-01-14,38.07558059692383
2011-01-18,38.07144546508789
2011-01-19,37.95476150512695
2011-01-20,37.87973403930664
2011-01-21,38.0339241027832
2011-01-24,38.088096618652344
2011-01-25,38.1464729309082
2011-01-26,38.22563171386719
2011-01-27,38.2756233215332
2011-01-28,38.04643630981445
2011-01-31,38.250640869140625
2011-02-01,38.325740814208984
2011-02-02,38.36765670776367
2011-02-03,38.36765670776367
2011-02-04,38.53545379638672
2011-02-07,38.60676956176758
2011-02-08,38.64870834350586
2011-02-09,38.43058776855469
2011-02-10,38.47254180908203
2011-02-11,38.56901168823242
2011-02-14,38.59837341308594
2011-02-15,38.522850036621094
2011-02-16,38.53545379638672
2011-02-17,38.62351989746094
2011-02-18,38.74100875854492
2011-02-22,38.42219924926758
2011-02-23,38.459964752197266
2011-02-24,38.48929977416992
2011-02-25,38.60676956176758
2011-02-28,38.799705505371094
2011-03-01,38.740196228027344
2011-03-02,38.77399444580078
2011-03-03,38.913265228271484
2011-03-04,38.83305740356445
2011-03-07,38.841514587402344
2011-03-08,38.80773162841797
2011-03-09,38.6980094909668
2011-03-10,38.49537658691406
2011-03-11,38.48691940307617
2011-03-14,38.33075714111328
2011-03-15,38.13236999511719
2011-03-16,37.895999908447266
2011-03-17,38.305458068847656
2011-03-18,38.48691940307617
2011-03-21,38.723304748535156
2011-03-22,38.74442672729492
2011-03-23,38.6980094909668
2011-03-24,38.73173904418945
2011-03-25,38.74442672729492
2011-03-28,38.757083892822266
2011-03-29,38.77821350097656
2011-03-30,38.837284088134766
2011-03-31,38.8161735534668
2011-04-01,38.76946258544922
2011-04-04,39.007293701171875
2011-04-05,38.96482467651367
2011-04-06,39.04977035522461
2011-04-07,39.0880126953125
2011-04-08,39.0880126953125
2011-04-11,39.04977035522461
2011-04-12,38.92659378051758
2011-04-13,39.11349105834961
2011-04-14,38.95634460449219
2011-04-15,39.007293701171875
2011-04-18,38.87139892578125
2011-04-19,39.007293701171875
2011-04-20,39.15596008300781
2011-04-21,39.2493896484375
2011-04-25,39.20692825317383
2011-04-26,39.29610824584961
2011-04-27,39.321617126464844
2011-04-28,39.342830657958984
2011-04-29,39.436275482177734
2011-05-02,39.41621398925781
2011-05-03,39.424739837646484
2011-05-04,39.41190719604492
2011-05-05,39.24951934814453
2011-05-06,39.450374603271484
2011-05-09,39.50167465209961
2011-05-10,39.58713150024414
2011-05-11,39.52730178833008
2011-05-12,39.5657844543457
2011-05-13,39.40337371826172
2011-05-16,39.480281829833984
2011-05-17,39.54868698120117
2011-05-18,39.595699310302734
2011-05-19,39.57861328125
2011-05-20,39.54868698120117
2011-05-23,39.36062240600586
2011-05-24,39.29654312133789
2011-05-25,39.29654312133789
2011-05-26,39.26235580444336
2011-05-27,39.38201141357422
2011-05-31,39.48885726928711
2011-06-01,39.259212493896484
2011-06-02,39.23343276977539
2011-06-03,39.07862091064453
2011-06-06,38.98402404785156
2011-06-07,38.95391845703125
2011-06-08,38.76902770996094
2011-06-09,38.79481887817383
2011-06-10,38.54112243652344
2011-06-13,38.39493942260742
2011-06-14,38.63572311401367
2011-06-15,38.472320556640625
2011-06-16,37.78861999511719
2011-06-17,38.20572280883789
2011-06-20,38.472320556640625
2011-06-21,38.73030471801758
2011-06-22,38.4508171081543
2011-06-23,38.657222747802734
2011-06-24,38.472320556640625
2011-06-27,38.46370315551758
2011-06-28,38.61851119995117
2011-06-29,39.001220703125
2011-06-30,39.263519287109375
2011-07-01,39.47210693359375
2011-07-05,39.5240478515625
2011-07-06,39.5413932800293
2011-07-07,39.6971549987793
2011-07-08,39.58899688720703
2011-07-11,39.199485778808594
2011-07-12,39.091304779052734
2011-07-13,39.39421081542969
2011-07-14,39.37257385253906
2011-07-15,39.35960006713867
2011-07-18,39.29039001464844
2011-07-19,39.46780014038086
2011-07-20,39.502437591552734
2011-07-21,39.69283676147461
2011-07-22,39.74473571777344
2011-07-25,39.53268814086914
2011-07-26,39.61494445800781
2011-07-27,39.303348541259766
2011-07-28,39.36391830444336
2011-07-29,39.40288543701172
2011-08-01,39.49039840698242
2011-08-02,39.00275421142578
2011-08-03,38.980995178222656
2011-08-04,37.8576545715332
2011-08-05,37.81844711303711
2011-08-08,36.20753479003906
2011-08-09,37.313419342041016
2011-08-10,36.68210983276367
2011-08-11,37.34823226928711
2011-08-12,37.174072265625
2011-08-15,37.779293060302734
2011-08-16,37.53982162475586
2011-08-17,37.953460693359375
2011-08-18,37.491920471191406
2011-08-19,37.16537857055664
2011-08-22,37.20891189575195
2011-08-23,37.487552642822266
2011-08-24,37.31777572631836
2011-08-25,37.017330169677734
2011-08-26,37.391815185546875
2011-08-29,37.770538330078125
2011-08-30,37.84022521972656
2011-08-31,38.327880859375
2011-09-01,38.30287551879883
2011-09-02,38.12324523925781
2011-09-06,37.671897888183594
2011-09-07,37.85595703125
2011-09-08,37.9742546081543
2011-09-09,37.632476806640625
2011-09-12,37.30818176269531
2011-09-13,37.59300994873047
2011-09-14,37.84280014038086
2011-09-15,38.09696960449219
2011-09-16,38.075050354003906
2011-09-19,38.01807403564453
2011-09-20,38.07942199707031
2011-09-21,37.75076675415039
2011-09-22,37.23807907104492
2011-09-23,37.338836669921875
2011-09-26,37.47909164428711
2011-09-27,37.52289581298828
2011-09-28,37.10224914550781
2011-09-29,37.032142639160156
2011-09-30,36.295955657958984
2011-10-03,35.858436584472656
2011-10-04,35.74815368652344
2011-10-05,36.18482971191406
2011-10-06,36.74495315551758
2011-10-07,36.77583312988281
2011-10-10,37.5653076171875
2011-10-11,37.15074920654297
2011-10-12,38.015228271484375
2011-10-13,37.85643005371094
2011-10-14,38.12110900878906
2011-10-17,37.90053176879883
2011-10-18,38.103450775146484
2011-10-19,37.97993850708008
2011-10-20,38.315128326416016
2011-10-21,38.77829360961914
2011-10-24,39.82799530029297
2011-10-25,39.122291564941406
2011-10-26,39.289878845214844
2011-10-27,39.86769485473633
2011-10-28,39.74860382080078
2011-10-31,39.37810516357422
2011-11-01,38.67530822753906
2011-11-02,39.0435676574707
2011-11-03,39.429561614990234
2011-11-04,39.38964080810547
2011-11-07,39.256534576416016
2011-11-08,39.34526824951172
2011-11-09,38.511173248291016
2011-11-10,38.551090240478516
2011-11-11,39.06132125854492
2011-11-14,38.799564361572266
2011-11-15,38.69750213623047
2011-11-16,38.32034683227539
2011-11-17,38.134033203125
2011-11-18,38.10742950439453
2011-11-21,37.67704391479492
2011-11-22,37.388668060302734
2011-11-23,36.71424865722656
2011-11-25,36.71424865722656
2011-11-28,37.53507995605469
2011-11-29,37.77908706665039
2011-11-30,38.42245101928711
2011-12-01,38.5916862487793
2011-12-02,38.81044387817383
2011-12-05,39.029205322265625
2011-12-06,39.20337677001953
2011-12-07,39.078346252441406
2011-12-08,38.823829650878906
2011-12-09,39.15873718261719
2011-12-12,38.94886779785156
2011-12-13,38.80150604248047
2011-12-14,38.73451614379883
2011-12-15,38.87293243408203
2011-12-16,39.055999755859375
2011-12-19,39.00690841674805
2011-12-20,39.49359130859375
2011-12-21,39.605224609375
2011-12-22,39.757015228271484
2011-12-23,39.94012451171875
2011-12-27,40.09956359863281
2011-12-28,39.910919189453125
2011-12-29,40.14897918701172
2011-12-30,40.17146301269531
2012-01-03,40.301719665527344
2012-01-04,40.23432159423828
2012-01-05,40.05913543701172
2012-01-06,39.93334197998047
2012-01-09,39.987274169921875
2012-01-10,40.12654495239258
2012-01-11,40.08610153198242
2012-01-12,40.03219985961914
2012-01-13,39.987274169921875
2012-01-17,40.068119049072266
2012-01-18,40.180442810058594
2012-01-19,40.23883056640625
2012-01-20,40.23883056640625
2012-01-23,40.37809371948242
2012-01-24,40.48139953613281
2012-01-25,40.83628463745117
2012-01-26,40.9350471496582
2012-01-27,40.786842346191406
2012-01-30,40.656585693359375
2012-01-31,40.75986862182617
2012-02-01,40.83534622192383
2012-02-02,40.862422943115234
2012-02-03,40.979881286621094
2012-02-06,40.9889030456543
2012-02-07,41.070228576660156
2012-02-08,41.10634231567383
2012-02-09,41.12440872192383
2012-02-10,40.767578125
2012-02-13,40.88502502441406
2012-02-14,40.88502502441406
2012-02-15,40.754005432128906
2012-02-16,40.925662994384766
2012-02-17,40.912109375
2012-02-21,41.06570053100586
2012-02-22,41.196693420410156
2012-02-23,41.34575653076172
2012-02-24,41.472251892089844
2012-02-27,41.481285095214844
2012-02-28,41.562599182128906
2012-02-29,41.6168327331543
2012-03-01,41.68812561035156
2012-03-02,41.51545715332031
2012-03-05,41.28376770019531
2012-03-06,40.733951568603516
2012-03-07,40.8475456237793
2012-03-08,41.16562271118164
2012-03-09,41.211036682128906
2012-03-12,41.211036682128906
2012-03-13,41.51093292236328
2012-03-14,41.406410217285156
2012-03-15,41.265567779541016
2012-03-16,41.1156120300293
2012-03-19,41.27013397216797
2012-03-20,41.23832702636719
2012-03-21,41.10654830932617
2012-03-22,41.20651626586914
2012-03-23,41.120182037353516
2012-03-26,41.37006378173828
2012-03-27,41.44276809692383
2012-03-28,41.306480407714844
2012-03-29,41.30193328857422
2012-03-30,41.22012710571289
2012-04-02,41.29098129272461
2012-04-03,41.254390716552734
2012-04-04,41.103572845458984
2012-04-05,41.00300598144531
2012-04-09,40.79273223876953
2012-04-10,40.59160614013672
2012-04-11,40.83845520019531
2012-04-12,41.20410919189453
2012-04-13,41.071556091308594
2012-04-16,41.13555908203125
2012-04-17,41.31382369995117
2012-04-18,41.30014419555664
2012-04-19,41.222412109375
2012-04-20,41.28642272949219
2012-04-23,41.199527740478516
2012-04-24,41.29555892944336
2012-04-25,41.59726333618164
2012-04-26,41.62467956542969
2012-04-27,41.60639190673828
2012-04-30,41.688663482666016
2012-05-01,41.720394134521484
2012-05-02,41.88127517700195
2012-05-03,41.85370635986328
2012-05-04,41.770938873291016
2012-05-07,41.83989334106445
2012-05-08,41.83070373535156
2012-05-09,41.683624267578125
2012-05-10,41.637630462646484
2012-05-11,41.74338150024414
2012-05-14,41.43537521362305
2012-05-15,41.233131408691406
2012-05-16,40.828609466552734
2012-05-17,40.26322555541992
2012-05-18,40.26322555541992
2012-05-21,40.68149948120117
2012-05-22,40.67692565917969
2012-05-23,40.635555267333984
2012-05-24,40.644752502441406
2012-05-25,40.51603698730469
2012-05-29,40.9619026184082
2012-05-30,40.77804183959961
2012-05-31,40.34595489501953
2012-06-01,39.995357513427734
2012-06-04,40.02771759033203
2012-06-05,40.282135009765625
2012-06-06,40.71226501464844
2012-06-07,40.86491012573242
2012-06-08,41.02216339111328
2012-06-11,40.75390625
2012-06-12,41.040679931640625
2012-06-13,40.920433044433594
2012-06-14,41.225711822509766
2012-06-15,41.29967498779297
2012-06-18,41.313560485839844
2012-06-19,41.604957580566406
2012-06-20,41.76688003540039
2012-06-21,41.42458724975586
2012-06-22,41.706729888916016
2012-06-25,41.64195251464844
2012-06-26,41.58183288574219
2012-06-27,41.831600189208984
2012-06-28,41.827003479003906
2012-06-29,42.224796295166016
2012-07-02,42.27034378051758
2012-07-03,42.42388153076172
2012-07-05,42.42850875854492
2012-07-06,42.37269592285156
2012-07-09,42.38664627075195
2012-07-10,42.20060729980469
2012-07-11,42.335514068603516
2012-07-12,42.2424430847168
2012-07-13,42.37269592285156
2012-07-16,42.209877014160156
2012-07-17,42.40989303588867
2012-07-18,42.5866584777832
2012-07-19,42.69365310668945
2012-07-20,42.493648529052734
2012-07-23,42.42388153076172
2012-07-24,42.16339874267578
2012-07-25,42.07496643066406
2012-07-26,42.507591247558594
2012-07-27,42.7587890625
2012-07-30,42.7587890625
2012-07-31,42.65644454956055
2012-08-01,42.88798904418945
2012-08-02,42.71492385864258
2012-08-03,42.892669677734375
2012-08-06,42.8646240234375
2012-08-07,42.78043746948242
2012-08-08,42.8084831237793
2012-08-09,42.81314468383789
2012-08-10,42.77572250366211
2012-08-13,42.79910659790039
2012-08-14,42.8646240234375
2012-08-15,42.65879821777344
2012-08-16,42.81782531738281
2012-08-17,42.81782531738281
2012-08-20,42.869258880615234
2012-08-21,42.96282196044922
2012-08-22,42.92073440551758
2012-08-23,42.91136169433594
2012-08-24,43.103172302246094
2012-08-27,43.070430755615234
2012-08-28,43.03300476074219
2012-08-29,43.09381866455078
2012-08-30,43.07508850097656
2012-08-31,43.18735122680664
2012-09-04,43.18638229370117
2012-09-05,43.19111251831055
2012-09-06,43.44511032104492
2012-09-07,43.52033996582031
2012-09-10,43.449806213378906
2012-09-11,43.746116638183594
2012-09-12,43.87779998779297
2012-09-13,44.15999221801758
2012-09-14,44.155311584472656
2012-09-17,44.117671966552734
2012-09-18,44.13648986816406
2012-09-19,44.08006286621094
2012-09-20,43.87311935424805
2012-09-21,43.81195831298828
2012-09-24,43.755523681640625
2012-09-25,43.36512756347656
2012-09-26,43.148765563964844
2012-09-27,43.61913299560547
2012-09-28,43.412174224853516
2012-10-01,43.33888626098633
2012-10-02,43.44765090942383
2012-10-03,43.55636978149414
2012-10-04,43.74077224731445
2012-10-05,43.71715545654297
2012-10-08,43.655677795410156
2012-10-09,43.532772064208984
2012-10-10,43.4287223815918
2012-10-11,43.665130615234375
2012-10-12,43.74077224731445
2012-10-15,43.939388275146484
2012-10-16,44.10013961791992
2012-10-17,44.199424743652344
2012-10-18,44.17577362060547
2012-10-19,43.95351791381836
2012-10-22,43.96302032470703
2012-10-23,43.79752731323242
2012-10-24,43.75968551635742
2012-10-25,43.83063888549805
2012-10-26,43.72660827636719
2012-10-31,43.77861022949219
2012-11-01,43.754966735839844
2012-11-02,43.693504333496094
2012-11-05,43.62257766723633
2012-11-06,43.68876266479492
2012-11-07,43.4287223815918
2012-11-08,43.28687286376953
2012-11-09,43.21124267578125
2012-11-12,43.22538757324219
2012-11-13,43.12611389160156
2012-11-14,42.88970947265625
2012-11-15,42.870792388916016
2012-11-16,42.99370193481445
2012-11-19,43.53748321533203
2012-11-20,43.542205810546875
2012-11-21,43.52799606323242
2012-11-23,43.674598693847656
2012-11-26,43.684024810791016
2012-11-27,43.72660827636719
2012-11-28,43.736053466796875
2012-11-29,43.92990493774414
2012-11-30,43.996097564697266
2012-12-03,44.21904373168945
2012-12-04,44.21904373168945
2012-12-05,44.290313720703125
2012-12-06,44.37111282348633
2012-12-07,44.304595947265625
2012-12-10,44.34260559082031
2012-12-11,44.38538360595703
2012-12-12,44.51847457885742
2012-12-13,44.36164093017578
2012-12-14,44.3283576965332
2012-12-17,44.49945831298828
2012-12-18,44.52324676513672
2012-12-19,44.47567367553711
2012-12-20,44.63256072998047
2012-12-21,44.50422286987305
2012-12-24,44.34260559082031
2012-12-26,44.45014190673828
2012-12-27,44.540916442871094
2012-12-28,44.42145538330078
2012-12-31,44.612613677978516
2013-01-02,45.03321838378906
2013-01-03,44.894596099853516
2013-01-04,44.92326354980469
2013-01-07,44.96147918701172
2013-01-08,44.92803955078125
2013-01-09,45.01409912109375
2013-01-10,45.09053039550781
2013-01-11,45.171783447265625
2013-01-14,45.10966491699219
2013-01-15,45.11921310424805
2013-01-16,45.04274368286133
2013-01-17,45.20521926879883
2013-01-18,45.267364501953125
2013-01-22,45.29603958129883
2013-01-23,45.24345397949219
2013-01-24,45.343814849853516
2013-01-25,45.32950210571289
2013-01-28,45.30561447143555
2013-01-29,45.229148864746094
2013-01-30,44.90415573120117
2013-01-31,44.76557159423828
2013-02-01,44.914031982421875
2013-02-04,44.72661590576172
2013-02-05,44.82754135131836
2013-02-06,44.76028060913086
2013-02-07,44.67377853393555
2013-02-08,44.68339920043945
2013-02-11,44.678592681884766
2013-02-12,44.832332611083984
2013-02-13,44.89960479736328
2013-02-14,44.88040542602539
2013-02-15,44.885189056396484
2013-02-19,44.92841339111328
2013-02-20,44.885189056396484
2013-02-21,44.93324279785156
2013-02-22,45.04374313354492
2013-02-25,44.9044189453125
2013-02-26,45.12539291381836
2013-02-27,45.20228576660156
2013-02-28,45.183074951171875
2013-03-01,45.27294921875
2013-03-04,45.27775955200195
2013-03-05,45.36951446533203
2013-03-06,45.34054946899414
2013-03-07,45.408172607421875
2013-03-08,45.46131896972656
2013-03-11,45.43234634399414
2013-03-12,45.41300964355469
2013-03-13,45.422706604003906
2013-03-14,45.59659957885742
2013-03-15,45.5917854309082
2013-03-18,45.601436614990234
2013-03-19,45.524131774902344
2013-03-20,45.673885345458984
2013-03-21,45.5917854309082
2013-03-22,45.55794906616211
2013-03-25,45.49031448364258
2013-03-26,45.57245635986328
2013-03-27,45.49513244628906
2013-03-28,45.5772590637207
2013-04-01,45.65886306762695
2013-04-02,45.62486267089844
2013-04-03,45.62486267089844
2013-04-04,45.61026382446289
2013-04-05,45.654022216796875
2013-04-08,45.70256423950195
2013-04-09,45.84821319580078
2013-04-10,45.9938850402832
2013-04-11,45.9938850402832
2013-04-12,46.00845718383789
2013-04-15,45.71709060668945
2013-04-16,46.03276443481445
2013-04-17,45.959903717041016
2013-04-18,45.887046813964844
2013-04-19,45.86280059814453
2013-04-22,45.9696044921875
2013-04-23,46.1492805480957
2013-04-24,46.231807708740234
2013-04-25,46.35806655883789
2013-04-26,46.30951690673828
2013-04-29,46.396934509277344
2013-04-30,46.542564392089844
2013-05-01,46.45376968383789
2013-05-02,46.751441955566406
2013-05-03,46.824615478515625
2013-05-06,46.853919982910156
2013-05-07,46.81977081298828
2013-05-08,46.985660552978516
2013-05-09,46.849037170410156
2013-05-10,46.60506057739258
2013-05-13,46.4147834777832
2013-05-14,46.46354675292969
2013-05-15,46.46844482421875
2013-05-16,46.58063888549805
2013-05-17,46.58063888549805
2013-05-20,46.629432678222656
2013-05-21,46.71727752685547
2013-05-22,46.42937469482422
2013-05-23,46.302513122558594
2013-05-24,46.21469497680664
2013-05-28,46.043914794921875
2013-05-29,45.85847091674805
2013-05-30,45.9511833190918
2013-05-31,45.34119415283203
2013-06-03,45.30153274536133
2013-06-04,45.30153274536133
2013-06-05,44.909122467041016
2013-06-06,45.26226043701172
2013-06-07,45.29170608520508
2013-06-10,45.19850540161133
2013-06-11,44.91893005371094
2013-06-12,44.95326232910156
2013-06-13,45.46826171875
2013-06-14,45.522247314453125
2013-06-17,45.51734924316406
2013-06-18,45.63018035888672
2013-06-19,44.94838333129883
2013-06-20,44.50690460205078
2013-06-21,44.217533111572266
2013-06-24,43.673126220703125
2013-06-25,44.29598617553711
2013-06-26,44.66386413574219
2013-06-27,44.879695892333984
2013-06-28,44.57557678222656
2013-07-01,44.81720733642578
2013-07-02,44.67913818359375
2013-07-03,44.782684326171875
2013-07-05,44.30437469482422
2013-07-08,44.91582489013672
2013-07-09,44.94049072265625
2013-07-10,45.11795425415039
2013-07-11,45.68505096435547
2013-07-12,45.64065933227539
2013-07-15,45.83296585083008
2013-07-16,45.71955108642578
2013-07-17,46.05487823486328
2013-07-18,46.330989837646484
2013-07-19,46.30138397216797
2013-07-22,46.33594512939453
2013-07-23,46.222511291503906
2013-07-24,45.83296585083008
2013-07-25,45.72944259643555
2013-07-26,45.7491569519043
2013-07-29,45.65053176879883
2013-07-30,45.71464538574219
2013-07-31,45.84775924682617
2013-08-01,45.41320037841797
2013-08-02,45.69069290161133
2013-08-05,45.45780944824219
2013-08-06,45.41320037841797
2013-08-07,45.26951217651367
2013-08-08,45.36859130859375
2013-08-09,45.373573303222656
2013-08-12,45.333927154541016
2013-08-13,45.333927154541016
2013-08-14,45.24473571777344
2013-08-15,45.0118522644043
2013-08-16,44.85823059082031
2013-08-19,44.56094741821289
2013-08-20,44.97222900390625
2013-08-21,44.80869674682617
2013-08-22,45.05149841308594
2013-08-23,45.23975372314453
2013-08-26,45.24473571777344
2013-08-27,44.95237350463867
2013-08-28,45.120849609375
2013-08-29,45.304203033447266
2013-08-30,45.26453399658203
2013-09-03,45.02545928955078
2013-09-04,45.19481658935547
2013-09-05,44.96567153930664
2013-09-06,45.115108489990234
2013-09-09,45.229705810546875
2013-09-10,45.38908386230469
2013-09-11,45.44887161254883
2013-09-12,45.39404296875
2013-09-13,45.35919952392578
2013-09-16,45.608245849609375
2013-09-17,45.75770568847656
2013-09-18,46.19605255126953
2013-09-19,46.061553955078125
2013-09-20,46.00674819946289
2013-09-23,46.001766204833984
2013-09-24,45.90216827392578
2013-09-25,45.822444915771484
2013-09-26,45.79754638671875
2013-09-27,45.74775314331055
2013-09-30,45.61823654174805
2013-10-01,45.81595993041992
2013-10-02,45.835960388183594
2013-10-03,45.86601257324219
2013-10-04,45.946136474609375
2013-10-07,45.8259391784668
2013-10-08,45.80591583251953
2013-10-09,45.84597396850586
2013-10-10,46.056217193603516
2013-10-11,46.14131546020508
2013-10-14,46.21139907836914
2013-10-15,46.19635009765625
2013-10-16,46.441646575927734
2013-10-17,46.6668815612793
2013-10-18,46.76197052001953
2013-10-21,46.65686798095703
2013-10-22,46.79703140258789
2013-10-23,46.837059020996094
2013-10-24,46.85207748413086
2013-10-25,46.86710739135742
2013-10-28,46.85708999633789
2013-10-29,46.93219757080078
2013-10-30,46.74197006225586
2013-10-31,46.76700973510742
2013-11-01,46.68650817871094
2013-11-04,46.76700973510742
2013-11-05,46.64126205444336
2013-11-06,46.777061462402344
2013-11-07,46.80722427368164
2013-11-08,46.72676467895508
2013-11-11,46.55073547363281
2013-11-12,46.4853515625
2013-11-13,46.66138458251953
2013-11-14,46.79717254638672
2013-11-15,46.86759567260742
2013-11-18,46.73180389404297
2013-11-19,46.7116813659668
2013-11-20,46.66640090942383
2013-11-21,46.82734298706055
2013-11-22,46.86253356933594
2013-11-25,46.93296813964844
2013-11-26,46.968170166015625
2013-11-27,46.93799591064453
2013-11-29,46.988304138183594
2013-12-02,47.00349426269531
2013-12-03,46.9580078125
2013-12-04,46.83667755126953
2013-12-05,46.801300048828125
2013-12-06,46.93271255493164
2013-12-09,47.104549407958984
2013-12-10,47.104549407958984
2013-12-11,46.9630241394043
2013-12-12,46.87713623046875
2013-12-13,46.95289993286133
2013-12-16,46.99335861206055
2013-12-17,46.9984130859375
2013-12-18,47.079288482666016
2013-12-19,47.02875518798828
2013-12-20,47.05907440185547
2013-12-23,47.09443283081055
2013-12-24,47.06917953491211
2013-12-26,47.11337661743164
2013-12-27,47.1082878112793
2013-12-30,47.148929595947266
2013-12-31,47.17940139770508
2014-01-02,47.26065444946289
2014-01-03,47.24544143676758
2014-01-06,47.347023010253906
2014-01-07,47.347023010253906
2014-01-08,47.3165397644043
2014-01-09,47.38766098022461
2014-01-10,47.52989196777344
2014-01-13,47.47911834716797
2014-01-14,47.55021286010742
2014-01-15,47.6467170715332
2014-01-16,47.626399993896484
2014-01-17,47.63655471801758
2014-01-21,47.69752502441406
2014-01-22,47.626399993896484
2014-01-23,47.565452575683594
2014-01-24,47.2504997253418
2014-01-27,47.23527145385742
2014-01-28,47.443572998046875
2014-01-29,47.30130386352539
2014-01-30,47.38262176513672
2014-01-31,47.36733627319336
2014-02-03,47.22541809082031
2014-02-04,47.28159713745117
2014-02-05,47.28159713745117
2014-02-06,47.45004653930664
2014-02-07,47.690006256103516
2014-02-10,47.72062301635742
2014-02-11,47.80228042602539
2014-02-12,47.7257080078125
2014-02-13,47.863555908203125
2014-02-14,47.94013595581055
2014-02-18,48.00647735595703
2014-02-19,47.88394546508789
2014-02-20,48.03199005126953
2014-02-21,48.072818756103516
2014-02-24,48.18003845214844
2014-02-25,48.2362060546875
2014-02-26,48.317893981933594
2014-02-27,48.40975570678711
2014-02-28,48.460819244384766
2014-03-03,48.416168212890625
2014-03-04,48.59059524536133
2014-03-05,48.50338363647461
2014-03-06,48.43158721923828
2014-03-07,48.24690246582031
2014-03-10,48.25200653076172
2014-03-11,48.200706481933594
2014-03-12,48.28279113769531
2014-03-13,48.154563903808594
2014-03-14,48.11863708496094
2014-03-17,48.18528366088867
2014-03-18,48.32897186279297
2014-03-19,48.08274459838867
2014-03-20,48.24690246582031
2014-03-21,48.216102600097656
2014-03-24,48.23151397705078
2014-03-25,48.32897186279297
2014-03-26,48.33924865722656
2014-03-27,48.26740646362305
2014-03-28,48.34951400756836
2014-03-31,48.42131805419922
2014-04-01,48.51148986816406
2014-04-02,48.45998764038086
2014-04-03,48.48057174682617
2014-04-04,48.593990325927734
2014-04-07,48.49089813232422
2014-04-08,48.60428237915039
2014-04-09,48.68161392211914
2014-04-10,48.542423248291016
2014-04-11,48.33626937866211
2014-04-14,48.49089813232422
2014-04-15,48.542423248291016
2014-04-16,48.56819534301758
2014-04-17,48.51148986816406
2014-04-21,48.51148986816406
2014-04-22,48.56303787231445
2014-04-23,48.57854461669922
2014-04-24,48.5888557434082
2014-04-25,48.5733642578125
2014-04-28,48.56303787231445
2014-04-29,48.635223388671875
2014-04-30,48.624881744384766
2014-05-01,48.57469940185547
2014-05-02,48.68857955932617
2014-05-05,48.667911529541016
2014-05-06,48.67823791503906
2014-05-07,48.75071334838867
2014-05-08,48.740360260009766
2014-05-09,48.78694534301758
2014-05-12,48.83875274658203
2014-05-13,48.91639709472656
2014-05-14,48.94227600097656
2014-05-15,48.895668029785156
2014-05-16,48.994041442871094
2014-05-19,49.06653594970703
2014-05-20,49.00440216064453
2014-05-21,48.99924087524414
2014-05-22,49.035457611083984
2014-05-23,49.05100631713867
2014-05-27,49.09761428833008
2014-05-28,49.11312484741211
2014-05-29,49.15972900390625
2014-05-30,49.211490631103516
2014-06-02,49.054954528808594
2014-06-03,49.060176849365234
2014-06-04,49.060176849365234
2014-06-05,49.17976760864258
2014-06-06,49.3202018737793
2014-06-09,49.3774299621582
2014-06-10,49.35141372680664
2014-06-11,49.35662841796875
2014-06-12,49.32541275024414
2014-06-13,49.38262939453125
2014-06-16,49.35662841796875
2014-06-17,49.3202018737793
2014-06-18,49.54384994506836
2014-06-19,49.5334358215332
2014-06-20,49.580299377441406
2014-06-23,49.5750617980957
2014-06-24,49.5334358215332
2014-06-25,49.60627365112305
2014-06-26,49.554237365722656
2014-06-27,49.554237365722656
2014-06-30,49.51264953613281
2014-07-01,49.52570724487305
2014-07-02,49.55703353881836
2014-07-03,49.483909606933594
2014-07-07,49.44735336303711
2014-07-08,49.457820892333984
2014-07-09,49.42123794555664
2014-07-10,49.269744873046875
2014-07-11,49.35332489013672
2014-07-14,49.33766555786133
2014-07-15,49.259300231933594
2014-07-16,49.180938720703125
2014-07-17,48.836158752441406
2014-07-18,49.03988265991211
2014-07-21,48.95630645751953
2014-07-22,49.02423095703125
2014-07-23,49.11824035644531
2014-07-24,49.20705795288086
2014-07-25,49.12349319458008
2014-07-28,48.97722625732422
2014-07-29,48.909324645996094
2014-07-30,48.70558166503906
2014-07-31,48.30857849121094
2014-08-01,48.303836822509766
2014-08-04,48.59775924682617
2014-08-05,48.503292083740234
2014-08-06,48.61875534057617
2014-08-07,48.65023422241211
2014-08-08,48.80241775512695
2014-08-11,49.03336715698242
2014-08-12,49.02287673950195
2014-08-13,49.1645622253418
2014-08-14,49.25905227661133
2014-08-15,49.358741760253906
2014-08-18,49.500431060791016
2014-08-19,49.48469161987305
2014-08-20,49.52139663696289
2014-08-21,49.52139663696289
2014-08-22,49.40073013305664
2014-08-25,49.505699157714844
2014-08-26,49.542442321777344
2014-08-27,49.495182037353516
2014-08-28,49.42171859741211
2014-08-29,49.458438873291016
2014-09-02,49.5164680480957
2014-09-03,49.38993453979492
2014-09-04,49.22649002075195
2014-09-05,49.16848373413086
2014-09-08,49.121028900146484
2014-09-09,48.894344329833984
2014-09-10,48.915443420410156
2014-09-11,48.915443420410156
2014-09-12,48.85738754272461
2014-09-15,48.76779556274414
2014-09-16,48.86800003051758
2014-09-17,49.02614974975586
2014-09-18,49.04194259643555
2014-09-19,49.11575698852539
2014-09-22,49.02614974975586
2014-09-23,48.778324127197266
2014-09-24,48.63071060180664
2014-09-25,48.29860305786133
2014-09-26,48.26694107055664
2014-09-29,48.166751861572266
2014-09-30,48.477840423583984
2014-10-01,48.53129577636719
2014-10-02,48.626609802246094
2014-10-03,48.790714263916016
2014-10-06,48.843685150146484
2014-10-07,48.65839767456055
2014-10-08,48.8913688659668
2014-10-09,48.372440338134766
2014-10-10,47.98067092895508
2014-10-13,47.742366790771484
2014-10-14,47.901206970214844
2014-10-15,47.91179275512695
2014-10-16,48.181861877441406
2014-10-17,48.58953857421875
2014-10-20,48.939002990722656
2014-10-21,49.336097717285156
2014-10-22,49.013126373291016
2014-10-23,48.9919319152832
2014-10-24,49.129608154296875
2014-10-27,48.92838668823242
2014-10-28,49.0078125
2014-10-29,48.97075653076172
2014-10-30,48.9495849609375
2014-10-31,48.9919319152832
2014-11-03,49.0951042175293
2014-11-04,48.940887451171875
2014-11-05,48.93022918701172
2014-11-06,49.0578727722168
2014-11-07,49.10576629638672
2014-11-10,49.12700271606445
2014-11-11,49.23867416381836
2014-11-12,49.079166412353516
2014-11-13,48.877044677734375
2014-11-14,48.632450103759766
2014-11-17,48.62713623046875
2014-11-18,48.531402587890625
2014-11-19,48.520748138427734
2014-11-20,48.526084899902344
2014-11-21,48.7920036315918
2014-11-24,48.786659240722656
2014-11-25,48.86643600463867
2014-11-26,48.93022918701172
2014-11-28,48.46229553222656
2014-12-01,47.974517822265625
2014-12-02,48.236331939697266
2014-12-03,48.31642150878906
2014-12-04,48.284358978271484
2014-12-05,48.24696731567383
2014-12-08,48.00122833251953
2014-12-09,47.974517822265625
2014-12-10,47.42428207397461
2014-12-11,47.2532958984375
2014-12-12,46.61223220825195
2014-12-15,46.58549880981445
2014-12-16,46.41989517211914
2014-12-17,47.36546325683594
2014-12-18,47.74479675292969
2014-12-19,48.204227447509766
2014-12-22,48.08669662475586
2014-12-23,48.257659912109375
2014-12-24,48.421852111816406
2014-12-26,48.27164077758789
2014-12-29,48.298431396484375
2014-12-30,48.20187759399414
2014-12-31,48.07309341430664
2015-01-02,48.07309341430664
2015-01-05,47.627777099609375
2015-01-06,47.445369720458984
2015-01-07,47.74045181274414
2015-01-08,48.099918365478516
2015-01-09,48.34135437011719
2015-01-12,48.2823486328125
2015-01-13,48.2823486328125
2015-01-14,48.1696891784668
2015-01-15,47.87458038330078
2015-01-16,48.05699920654297
2015-01-20,47.97117614746094
2015-01-21,48.22868728637695
2015-01-22,48.29307174682617
2015-01-23,48.29307174682617
2015-01-26,48.5130500793457
2015-01-27,48.475494384765625
2015-01-28,48.37355422973633
2015-01-29,48.54523468017578
2015-01-30,48.411102294921875
2015-02-02,48.59696578979492
2015-02-03,48.87167739868164
2015-02-04,48.6670036315918
2015-02-05,48.95250701904297
2015-02-06,48.99022674560547
2015-02-09,48.87167739868164
2015-02-10,49.038700103759766
2015-02-11,49.022560119628906
2015-02-12,49.01715850830078
2015-02-13,49.08721160888672
2015-02-17,49.054847717285156
2015-02-18,49.22187805175781
2015-02-19,49.1087532043457
2015-02-20,49.2434196472168
2015-02-23,49.28111267089844
2015-02-24,49.32962417602539
2015-02-25,49.491233825683594
2015-02-26,49.48043441772461
2015-02-27,49.491233825683594
2015-03-02,49.4820442199707
2015-03-03,49.34137725830078
2015-03-04,49.249393463134766
2015-03-05,49.34137725830078
2015-03-06,49.02756881713867
2015-03-09,48.92477798461914
2015-03-10,48.73537826538086
2015-03-11,48.87064743041992
2015-03-12,48.96806716918945
2015-03-13,48.80032730102539
2015-03-16,48.75163650512695
2015-03-17,48.5081901550293
2015-03-18,48.941001892089844
2015-03-19,48.551414489746094
2015-03-20,48.9301872253418
2015-03-23,48.96806716918945
2015-03-24,49.043792724609375
2015-03-25,48.913936614990234
2015-03-26,48.90851974487305
2015-03-27,48.94640350341797
2015-03-30,49.081642150878906
2015-03-31,49.02215576171875
2015-04-01,49.12326431274414
2015-04-02,49.16128158569336
2015-04-06,49.28626251220703
2015-04-07,49.54713439941406
2015-04-08,49.53626251220703
2015-04-09,49.48735046386719
2015-04-10,49.60148239135742
2015-04-13,49.509090423583984
2015-04-14,49.53083419799805
2015-04-15,49.72647476196289
2015-04-16,49.623207092285156
2015-04-17,49.4710578918457
2015-04-20,49.579750061035156
2015-04-21,49.61236572265625
2015-04-22,49.56345748901367
2015-04-23,49.54713439941406
2015-04-24,49.628631591796875
2015-04-27,49.644954681396484
2015-04-28,49.56885528564453
2015-04-29,49.476478576660156
2015-04-30,49.44929885864258
2015-05-01,49.55958938598633
2015-05-04,49.54867172241211
2015-05-05,49.483150482177734
2015-05-06,49.33574676513672
2015-05-07,49.33029556274414
2015-05-08,49.71786880493164
2015-05-11,49.4067497253418
2015-05-12,49.40127182006836
2015-05-13,49.33029556274414
2015-05-14,49.57048797607422
2015-05-15,49.67966842651367
2015-05-18,49.597801208496094
2015-05-19,49.521358489990234
2015-05-20,49.46131896972656
2015-05-21,49.532310485839844
2015-05-22,49.57048797607422
2015-05-26,49.466793060302734
2015-05-27,49.575950622558594
2015-05-28,49.554107666015625
2015-05-29,49.625118255615234
2015-06-01,49.708438873291016
2015-06-02,49.615196228027344
2015-06-03,49.34654998779297
2015-06-04,49.18756103515625
2015-06-05,49.03950500488281
2015-06-08,49.03950500488281
2015-06-09,48.95726776123047
2015-06-10,49.023067474365234
2015-06-11,49.12173843383789
2015-06-12,48.94083023071289
2015-06-15,48.710533142089844
2015-06-16,48.98466491699219
2015-06-17,48.94083023071289
2015-06-18,49.12173843383789
2015-06-19,49.14916229248047
2015-06-22,49.24785614013672
2015-06-23,49.214962005615234
2015-06-24,49.0833625793457
2015-06-25,48.935333251953125
2015-06-26,48.79277420043945
2015-06-29,48.45831298828125
2015-06-30,48.6885871887207
2015-07-01,48.696861267089844
2015-07-02,48.87858963012695
2015-07-06,48.71888732910156
2015-07-07,48.75743103027344
2015-07-08,48.515106201171875
2015-07-09,48.62526321411133
2015-07-10,48.906124114990234
2015-07-13,48.950172424316406
2015-07-14,48.90064239501953
2015-07-15,48.90064239501953
2015-07-16,48.97771453857422
2015-07-17,48.8455696105957
2015-07-20,48.6197395324707
2015-07-21,48.53163146972656
2015-07-22,48.21771240234375
2015-07-23,48.1901741027832
2015-07-24,48.05250549316406
2015-07-27,47.848716735839844
2015-07-28,48.1075553894043
2015-07-29,48.388427734375
2015-07-30,48.53163146972656
2015-07-31,48.448997497558594
2015-08-03,48.35831069946289
2015-08-04,48.38595962524414
2015-08-05,48.31955337524414
2015-08-06,48.12039566040039
2015-08-07,47.97101593017578
2015-08-10,48.10935592651367
2015-08-11,47.88801956176758
2015-08-12,47.82166290283203
2015-08-13,47.76079559326172
2015-08-14,47.78844451904297
2015-08-17,47.78844451904297
2015-08-18,47.72758865356445
2015-08-19,47.683372497558594
2015-08-20,47.45097351074219
2015-08-21,47.27946853637695
2015-08-24,46.89222717285156
2015-08-25,46.98625564575195
2015-08-26,47.379058837890625
2015-08-27,47.733123779296875
2015-08-28,47.777400970458984
2015-08-31,47.71101379394531
2015-09-01,47.55708694458008
2015-09-02,47.751564025878906
2015-09-03,47.81825637817383
2015-09-04,47.768253326416016
2015-09-08,48.029422760009766
2015-09-09,47.968292236328125
2015-09-10,48.08496856689453
2015-09-11,48.06833267211914
2015-09-14,47.98497009277344
2015-09-15,47.97385787963867
2015-09-16,47.801597595214844
2015-09-17,47.84048080444336
2015-09-18,47.70708465576172
2015-09-21,47.61821746826172
2015-09-22,47.2736930847168
2015-09-23,47.1903190612793
2015-09-24,46.95689392089844
2015-09-25,46.71797561645508
2015-09-28,46.00111389160156
2015-09-29,45.99553298950195
2015-09-30,46.284507751464844
2015-10-01,45.98745346069336
2015-10-02,46.03215026855469
2015-10-05,46.58492660522461
2015-10-06,46.841758728027344
2015-10-07,47.32194137573242
2015-10-08,47.51741409301758
2015-10-09,47.522979736328125
2015-10-12,47.43367004394531
2015-10-13,47.32194137573242
2015-10-14,47.288448333740234
2015-10-15,47.400142669677734
2015-10-16,47.6179084777832
2015-10-19,47.746334075927734
2015-10-20,47.79100036621094
2015-10-21,47.740745544433594
2015-10-22,47.75748062133789
2015-10-23,47.92500686645508
2015-10-26,47.874732971191406
2015-10-27,47.71840286254883
2015-10-28,47.846858978271484
2015-10-29,47.723995208740234
2015-10-30,47.77985382080078
2015-11-02,47.927913665771484
2015-11-03,47.97840118408203
2015-11-04,47.83817672729492
2015-11-05,47.65305709838867
2015-11-06,47.42304611206055
2015-11-09,47.22673034667969
2015-11-10,47.120147705078125
2015-11-11,47.00796890258789
2015-11-12,46.69382858276367
2015-11-13,46.55918502807617
2015-11-16,46.77796936035156
2015-11-17,46.81161117553711
2015-11-18,46.9013671875
2015-11-19,46.480655670166016
2015-11-20,46.46944046020508
2015-11-23,46.43016052246094
2015-11-24,46.49187088012695
2015-11-25,46.54237365722656
2015-11-27,46.61526870727539
2015-11-30,46.58723068237305
2015-12-01,46.91868209838867
2015-12-02,46.822853088378906
2015-12-03,46.6988410949707
2015-12-04,46.59177017211914
2015-12-07,46.26484298706055
2015-12-08,45.68989944458008
2015-12-09,45.926631927490234
2015-12-10,45.7349967956543
2015-12-11,44.82186508178711
2015-12-14,44.43296432495117
2015-12-15,45.16008377075195
2015-12-16,45.503902435302734
2015-12-17,44.99661636352539
2015-12-18,44.8275260925293
2015-12-21,44.68657684326172
2015-12-22,45.22769546508789
2015-12-23,45.51517868041992
2015-12-24,45.60810089111328
2015-12-28,45.33609390258789
2015-12-29,45.59675216674805
2015-12-30,45.63075637817383
2015-12-31,45.65907287597656
2016-01-04,45.387107849121094
2016-01-05,45.47209548950195
2016-01-06,45.47209548950195
2016-01-07,45.177452087402344
2016-01-08,45.05845260620117
2016-01-11,44.990474700927734
2016-01-12,45.03578567504883
2016-01-13,44.53717041015625
2016-01-14,44.735504150390625
2016-01-15,44.14620590209961
2016-01-19,43.993167877197266
2016-01-20,43.69853591918945
2016-01-21,43.993167877197266
2016-01-22,44.667503356933594
2016-01-25,44.22554016113281
2016-01-26,44.622127532958984
2016-01-27,44.55415344238281
2016-01-28,44.780799865722656
2016-01-29,44.92815399169922
2016-02-01,44.661075592041016
2016-02-02,44.342193603515625
2016-02-03,44.55855941772461
2016-02-04,44.41621780395508
2016-02-05,44.074546813964844
2016-02-08,43.562049865722656
2016-02-09,43.39693832397461
2016-02-10,43.33427810668945
2016-02-11,43.04384994506836
2016-02-12,43.68733215332031
2016-02-16,43.72719192504883
2016-02-17,44.08595657348633
2016-02-18,44.12580490112305
2016-02-19,44.211204528808594
2016-02-22,44.59272766113281
2016-02-23,44.50163269042969
2016-02-24,44.57563018798828
2016-02-25,44.81480407714844
2016-02-26,45.11662292480469
2016-02-29,45.60063552856445
2016-03-01,46.32131576538086
2016-03-02,46.00652313232422
2016-03-03,46.16106033325195
2016-03-04,46.292724609375
2016-03-07,46.34996795654297
2016-03-08,46.02370834350586
2016-03-09,46.138153076171875
2016-03-10,46.4587287902832
2016-03-11,47.01970291137695
2016-03-14,46.88805389404297
2016-03-15,46.45298385620117
2016-03-16,46.76211929321289
2016-03-17,47.059791564941406
2016-03-18,47.168540954589844
2016-03-21,47.11705017089844
2016-03-22,46.99106216430664
2016-03-23,46.773563385009766
2016-03-24,46.56747055053711
2016-03-28,46.35568618774414
2016-03-29,46.53313064575195
2016-03-30,46.69912338256836
2016-03-31,46.76211929321289
2016-04-01,46.796043395996094
2016-04-04,46.681034088134766
2016-04-05,46.50849533081055
2016-04-06,46.8995361328125
2016-04-07,46.66950607299805
2016-04-08,46.882328033447266
2016-04-11,46.94557189941406
2016-04-12,47.22160720825195
2016-04-13,47.53217697143555
2016-04-14,47.514923095703125
2016-04-15,47.440162658691406
2016-04-18,47.710453033447266
2016-04-19,47.9117317199707
2016-04-20,48.00374221801758
2016-04-21,47.8542366027832
2016-04-22,47.963497161865234
2016-04-25,47.779476165771484
2016-04-26,47.94050979614258
2016-04-27,48.22230529785156
2016-04-28,48.141788482666016
2016-04-29,48.22230529785156
2016-05-02,48.24077606201172
2016-05-03,47.92880630493164
2016-05-04,47.74971389770508
2016-05-05,47.70927047729492
2016-05-06,47.680389404296875
2016-05-09,47.593727111816406
2016-05-10,47.99814224243164
2016-05-11,47.963462829589844
2016-05-12,48.03858184814453
2016-05-13,47.82481384277344
2016-05-16,48.090572357177734
2016-05-17,47.992374420166016
2016-05-18,47.99814224243164
2016-05-19,47.86526107788086
2016-05-20,48.032798767089844
2016-05-23,48.04437255859375
2016-05-24,48.33320999145508
2016-05-25,48.40834045410156
2016-05-26,48.2696533203125
2016-05-27,48.35053634643555
2016-05-31,48.30434036254883
2016-06-01,48.380958557128906
2016-06-02,48.39255905151367
2016-06-03,48.47964859008789
2016-06-06,48.69443130493164
2016-06-07,48.90925216674805
2016-06-08,49.095008850097656
2016-06-09,48.903438568115234
2016-06-10,48.665409088134766
2016-06-13,48.3403205871582
2016-06-14,48.17778015136719
2016-06-15,48.20100021362305
2016-06-16,48.230010986328125
2016-06-17,48.25907516479492
2016-06-20,48.543514251708984
2016-06-21,48.72929382324219
2016-06-22,48.77572250366211
2016-06-23,49.135643005371094
2016-06-24,48.3287239074707
2016-06-27,47.632080078125
2016-06-28,48.230010986328125
2016-06-29,48.83958435058594
2016-06-30,49.17046356201172
2016-07-01,49.26787567138672
2016-07-05,48.98795700073242
2016-07-06,49.203712463378906
2016-07-07,49.26787567138672
2016-07-08,49.921142578125
2016-07-11,49.95030975341797
2016-07-12,50.09027862548828
2016-07-13,49.94448471069336
2016-07-14,50.043609619140625
2016-07-15,49.94448471069336
2016-07-18,50.113616943359375
2016-07-19,49.97945785522461
2016-07-20,50.1077880859375
2016-07-21,50.03779220581055
2016-07-22,50.259403228759766
2016-07-25,50.020286560058594
2016-07-26,49.82780456542969
2016-07-27,49.97945785522461
2016-07-28,49.769493103027344
2016-07-29,49.81614685058594
2016-08-01,49.536685943603516
2016-08-02,49.466392517089844
2016-08-03,49.68904113769531
2016-08-04,50.005367279052734
2016-08-05,50.116722106933594
2016-08-08,50.321739196777344
2016-08-09,50.49752426147461
2016-08-10,50.40378952026367
2016-08-11,50.526832580566406
2016-08-12,50.56782913208008
2016-08-15,50.72016525268555
2016-08-16,50.614715576171875
2016-08-17,50.685020446777344
2016-08-18,50.88420486450195
2016-08-19,50.73188018798828
2016-08-22,50.64987564086914
2016-08-23,50.81975555419922
2016-08-24,50.67915344238281
2016-08-25,50.77289581298828
2016-08-26,50.71429443359375
2016-08-29,50.96623229980469
2016-08-30,50.99552917480469
2016-08-31,50.796348571777344
2016-09-01,50.896942138671875
2016-09-02,51.132328033447266
2016-09-06,51.1911506652832
2016-09-07,51.049903869628906
2016-09-08,50.955814361572266
2016-09-09,50.467403411865234
2016-09-12,50.643890380859375
2016-09-13,50.255592346191406
2016-09-14,50.24382400512695
2016-09-15,50.538002014160156
2016-09-16,50.54978942871094
2016-09-19,50.57920455932617
2016-09-20,50.5203857421875
2016-09-21,50.938140869140625
2016-09-22,51.10878372192383
2016-09-23,51.049903869628906
2016-09-26,50.82633590698242
2016-09-27,50.973445892333984
2016-09-28,51.31473922729492
2016-09-29,51.120540618896484
2016-09-30,51.3441162109375
2016-10-03,51.31223678588867
2016-10-04,51.223567962646484
2016-10-05,51.359527587890625
2016-10-06,51.389068603515625
2016-10-07,51.50725555419922
2016-10-10,51.65500259399414
2016-10-11,51.365421295166016
2016-10-12,51.347694396972656
2016-10-13,51.217647552490234
2016-10-14,51.335872650146484
2016-10-17,51.26492691040039
2016-10-18,51.471805572509766
2016-10-19,51.61954116821289
2016-10-20,51.62546157836914
2016-10-21,51.63729476928711
2016-10-24,51.666831970214844
2016-10-25,51.63729476928711
2016-10-26,51.430442810058594
2016-10-27,51.24129867553711
2016-10-28,50.99308395385742
2016-10-31,50.839412689208984
2016-11-01,50.64114761352539
2016-11-02,50.41555404663086
2016-11-03,50.427425384521484
2016-11-04,50.45115280151367
2016-11-07,51.15761184692383
2016-11-08,51.04480743408203
2016-11-09,50.68860626220703
2016-11-10,50.02368927001953
2016-11-11,49.55467224121094
2016-11-14,49.922767639160156
2016-11-15,50.581756591796875
2016-11-16,50.3798713684082
2016-11-17,50.243343353271484
2016-11-18,50.243343353271484
2016-11-21,50.64707565307617
2016-11-22,51.02109909057617
2016-11-23,50.83108139038086
2016-11-25,50.89641189575195
2016-11-28,50.89047622680664
2016-11-29,50.82515335083008
2016-11-30,50.848899841308594
2016-12-01,50.61095428466797
2016-12-02,50.915096282958984
2016-12-05,51.04629135131836
2016-12-06,51.30271530151367
2016-12-07,51.55915451049805
2016-12-08,51.55318069458008
2016-12-09,51.577030181884766
2016-12-12,51.505462646484375
2016-12-13,51.63071060180664
2016-12-14,51.243080139160156
2016-12-15,51.26693344116211
2016-12-16,51.31467056274414
2016-12-19,51.4458122253418
2016-12-20,51.51740264892578
2016-12-21,51.606834411621094
2016-12-22,51.7181396484375
2016-12-23,51.813846588134766
2016-12-27,51.765987396240234
2016-12-28,51.6942138671875
2016-12-29,51.765987396240234
2016-12-30,51.78395462036133
2017-01-03,51.99934768676758
2017-01-04,52.28055191040039
2017-01-05,52.20277786254883
2017-01-06,52.19078826904297
2017-01-09,52.17884063720703
2017-01-10,52.184837341308594
2017-01-11,52.21474075317383
2017-01-12,52.226715087890625
2017-01-13,52.24466323852539
2017-01-17,52.19078826904297
2017-01-18,52.23868942260742
2017-01-19,52.07113265991211
2017-01-20,52.17287063598633
2017-01-23,52.17287063598633
2017-01-24,52.20873260498047
2017-01-25,52.39424133300781
2017-01-26,52.370323181152344
2017-01-27,52.41816329956055
2017-01-30,52.31047821044922
2017-01-31,52.25664138793945
2017-02-01,52.450130462646484
2017-02-02,52.480194091796875
2017-02-03,52.57030487060547
2017-02-06,52.534263610839844
2017-02-07,52.45613479614258
2017-02-08,52.49217987060547
2017-02-09,52.56429672241211
2017-02-10,52.60036849975586
2017-02-13,52.6784782409668
2017-02-14,52.714515686035156
2017-02-15,52.73255920410156
2017-02-16,52.69050598144531
2017-02-17,52.74459457397461
2017-02-21,52.91886520385742
2017-02-22,52.942874908447266
2017-02-23,52.990966796875
2017-02-24,53.0330696105957
2017-02-27,53.09913635253906
2017-02-28,53.05705642700195
2017-03-01,53.25263977050781
2017-03-02,53.08364486694336
2017-03-03,53.10777282714844
2017-03-06,52.938785552978516
2017-03-07,52.59476089477539
2017-03-08,52.24467468261719
2017-03-09,52.10586929321289
2017-03-10,52.08774185180664
2017-03-13,52.130008697509766
2017-03-14,51.973045349121094
2017-03-15,52.69131088256836
2017-03-16,52.540435791015625
2017-03-17,52.55852127075195
2017-03-20,52.45592498779297
2017-03-21,52.0816650390625
2017-03-22,52.208465576171875
2017-03-23,52.226558685302734
2017-03-24,52.407657623291016
2017-03-27,52.353309631347656
2017-03-28,52.643028259277344
2017-03-29,52.751670837402344
2017-03-30,52.99912643432617
2017-03-31,52.98103332519531
2017-04-03,52.952518463134766
2017-04-04,52.97074890136719
2017-04-05,52.92824935913086
2017-04-06,52.99494171142578
2017-04-07,52.97074890136719
2017-04-10,53.04344940185547
2017-04-11,52.94041442871094
2017-04-12,52.976783752441406
2017-04-13,52.867671966552734
2017-04-17,53.0252799987793
2017-04-18,53.013145446777344
2017-04-19,52.96464157104492
2017-04-20,53.14043426513672
2017-04-21,53.09798812866211
2017-04-24,53.346527099609375
2017-04-25,53.443504333496094
2017-04-26,53.39501953125
2017-04-27,53.431392669677734
2017-04-28,53.41320037841797
2017-05-01,53.440608978271484
2017-05-02,53.4588737487793
2017-05-03,53.50758361816406
2017-05-04,53.221435546875
2017-05-05,53.312744140625
2017-05-08,53.37363815307617
2017-05-09,53.33710479736328
2017-05-10,53.56842803955078
2017-05-11,53.574501037597656
2017-05-12,53.556243896484375
2017-05-15,53.67800521850586
2017-05-16,53.75712966918945
2017-05-17,53.519718170166016
2017-05-18,53.58059310913086
2017-05-19,53.67800521850586
2017-05-22,53.84236145019531
2017-05-23,53.83626937866211
2017-05-24,53.927574157714844
2017-05-25,53.88498306274414
2017-05-26,53.9153938293457
2017-05-30,53.97019577026367
2017-05-31,53.96413803100586
2017-06-01,54.1212158203125
2017-06-02,54.15181350708008
2017-06-05,54.10288619995117
2017-06-06,54.017269134521484
2017-06-07,53.907257080078125
2017-06-08,53.950042724609375
2017-06-09,53.992855072021484
2017-06-12,54.084537506103516
2017-06-13,54.18232727050781
2017-06-14,54.18846130371094
2017-06-15,53.9805908203125
2017-06-16,53.888919830322266
2017-06-19,54.0539665222168
2017-06-20,53.86446762084961
2017-06-21,53.55268096923828
2017-06-22,53.69938278198242
2017-06-23,53.91948699951172
2017-06-26,53.992855072021484
2017-06-27,53.82166290283203
2017-06-28,54.04176330566406
2017-06-29,53.907257080078125
2017-06-30,54.03561782836914
2017-07-03,54.009239196777344
2017-07-05,53.966251373291016
2017-07-06,53.831207275390625
2017-07-07,53.78207015991211
2017-07-10,53.84346008300781
2017-07-11,53.80663299560547
2017-07-12,54.15656661987305
2017-07-13,54.199546813964844
2017-07-14,54.35304260253906
2017-07-17,54.3714599609375
2017-07-18,54.395999908447266
2017-07-19,54.48810577392578
2017-07-20,54.51884078979492
2017-07-21,54.4758186340332
2017-07-24,54.51884078979492
2017-07-25,54.54336929321289
2017-07-26,54.623191833496094
2017-07-27,54.580169677734375
2017-07-28,54.58635711669922
2017-07-31,54.58635711669922
2017-08-01,54.64058303833008
2017-08-02,54.6529426574707
2017-08-03,54.54813766479492
2017-08-04,54.560428619384766
2017-08-07,54.535762786865234
2017-08-08,54.3015251159668
2017-08-09,54.09191131591797
2017-08-10,53.74665832519531
2017-08-11,53.8391227722168
2017-08-14,54.12274169921875
2017-08-15,54.14120864868164
2017-08-16,54.14738464355469
2017-08-17,53.845314025878906
2017-08-18,53.92544937133789
2017-08-21,53.98091125488281
2017-08-22,54.202877044677734
2017-08-23,54.20906066894531
2017-08-24,54.28917694091797
2017-08-25,54.3878288269043
2017-08-28,54.394020080566406
2017-08-29,54.3261604309082
2017-08-30,54.47412109375
2017-08-31,54.62208938598633
2017-09-01,54.67781066894531
2017-09-05,54.553993225097656
2017-09-06,54.516845703125
2017-09-07,54.5230712890625
2017-09-08,54.349693298339844
2017-09-11,54.5230712890625
2017-09-12,54.59115982055664
2017-09-13,54.60973358154297
2017-09-14,54.683990478515625
2017-09-15,54.73354721069336
2017-09-18,54.70878601074219
2017-09-19,54.764495849609375
2017-09-20,54.758304595947266
2017-09-21,54.69022750854492
2017-09-22,54.745914459228516
2017-09-25,54.776851654052734
2017-09-26,54.844966888427734
2017-09-27,54.86973571777344
2017-09-28,54.86973571777344
2017-09-29,54.950218200683594
2017-10-02,54.922264099121094
2017-10-03,55.02168273925781
2017-10-04,54.96575164794922
2017-10-05,55.03412628173828
2017-10-06,54.953338623046875
2017-10-09,54.959537506103516
2017-10-10,55.003047943115234
2017-10-11,54.947105407714844
2017-10-12,54.88493347167969
2017-10-13,54.90980911254883
2017-10-16,54.940879821777344
2017-10-17,55.02168273925781
2017-10-18,55.07765579223633
2017-10-19,55.083858489990234
2017-10-20,55.13357925415039
2017-10-23,55.07143020629883
2017-10-24,55.07143020629883
2017-10-25,54.916038513183594
2017-10-26,54.84764099121094
2017-10-27,54.99685287475586
2017-10-30,54.9843864440918
2017-10-31,54.99685287475586
2017-11-01,54.94438934326172
2017-11-02,54.913177490234375
2017-11-03,54.91944885253906
2017-11-06,54.9256706237793
2017-11-07,54.769615173339844
2017-11-08,54.52617263793945
2017-11-09,54.257720947265625
2017-11-10,54.37632751464844
2017-11-13,54.33892059326172
2017-11-14,54.107933044433594
2017-11-15,54.107933044433594
2017-11-16,54.638519287109375
2017-11-17,54.60106658935547
2017-11-20,54.613563537597656
2017-11-21,54.72591781616211
2017-11-22,54.81332015991211
2017-11-24,54.85076141357422
2017-11-27,54.68220901489258
2017-11-28,54.85076141357422
2017-11-29,54.782100677490234
2017-11-30,54.794586181640625
2017-12-01,54.77703857421875
2017-12-04,54.75822830200195
2017-12-05,54.726898193359375
2017-12-06,54.67673873901367
2017-12-07,54.70179748535156
2017-12-08,54.75822830200195
2017-12-11,54.770751953125
2017-12-12,54.745697021484375
2017-12-13,54.77703857421875
2017-12-14,54.66417694091797
2017-12-15,54.67045211791992
2017-12-18,54.726898193359375
2017-12-19,54.614051818847656
2017-12-20,54.657936096191406
2017-12-21,54.715213775634766
2017-12-22,54.765560150146484
2017-12-26,54.84740447998047
2017-12-27,54.87257385253906
2017-12-28,54.84740447998047
2017-12-29,54.92923355102539
2018-01-02,54.97960662841797
2018-01-03,55.24397277832031
2018-01-04,55.33841323852539
2018-01-05,55.376182556152344
2018-01-08,55.332096099853516
2018-01-09,55.16214370727539
2018-01-10,55.04253005981445
2018-01-11,55.225128173828125
2018-01-12,55.130638122558594
2018-01-16,55.09919738769531
2018-01-17,55.10546875
2018-01-18,55.04883575439453
2018-01-19,55.10546875
2018-01-22,55.15584945678711
2018-01-23,55.319541931152344
2018-01-24,55.237667083740234
2018-01-25,55.19994354248047
2018-01-26,55.24397277832031
2018-01-29,55.04883575439453
2018-01-30,54.859981536865234
2018-01-31,54.95441818237305
2018-02-01,54.850730895996094
2018-02-02,54.503055572509766
2018-02-05,54.19963836669922
2018-02-06,54.52832794189453
2018-02-07,54.32609558105469
2018-02-08,53.851985931396484
2018-02-09,53.70026779174805
2018-02-12,54.06686782836914
2018-02-13,53.89622497558594
2018-02-14,53.991050720214844
2018-02-15,54.427249908447266
2018-02-16,54.648441314697266
2018-02-20,54.45882034301758
2018-02-21,54.212284088134766
2018-02-22,54.25019836425781
2018-02-23,54.61053466796875
2018-02-26,54.70537185668945
2018-02-27,54.55996322631836
2018-02-28,54.477779388427734
2018-03-01,54.116668701171875
2018-03-02,54.42128372192383
2018-03-05,54.42128372192383
2018-03-06,54.497467041015625
2018-03-07,54.36420822143555
2018-03-08,54.427642822265625
2018-03-09,54.6243896484375
2018-03-12,54.53554153442383
2018-03-13,54.36420822143555
2018-03-14,54.30071258544922
2018-03-15,54.33878707885742
2018-03-16,54.453025817871094
2018-03-19,54.23091125488281
2018-03-20,54.33878707885742
2018-03-21,54.35786056518555
2018-03-22,54.03417205810547
2018-03-23,53.89451599121094
2018-03-26,54.24360656738281
2018-03-27,54.19282531738281
2018-03-28,54.167457580566406
2018-03-29,54.35148620605469
2018-04-02,54.14055252075195
2018-04-03,54.29349136352539
2018-04-04,54.41458511352539
2018-04-05,54.45918273925781
2018-04-06,54.338104248046875
2018-04-09,54.54200744628906
2018-04-10,54.739566802978516
2018-04-11,54.758689880371094
2018-04-12,54.95622634887695
2018-04-13,54.988101959228516
2018-04-16,55.0709228515625
2018-04-17,55.0964241027832
2018-04-18,55.0390739440918
2018-04-19,54.867008209228516
2018-04-20,54.733211517333984
2018-04-23,54.586647033691406
2018-04-24,54.47829818725586
2018-04-25,54.48468017578125
2018-04-26,54.675838470458984
2018-04-27,54.650352478027344
2018-04-30,54.61211395263672
2018-05-01,54.652435302734375
2018-05-02,54.63321304321289
2018-05-03,54.626853942871094
2018-05-04,54.665218353271484
2018-05-07,54.71642303466797
2018-05-08,54.63321304321289
2018-05-09,54.72285842895508
2018-05-10,54.88283157348633
2018-05-11,54.8636360168457
2018-05-14,54.876407623291016
2018-05-15,54.607643127441406
2018-05-16,54.678035736083984
2018-05-17,54.710018157958984
2018-05-18,54.652435302734375
2018-05-21,54.72918701171875
2018-05-22,54.767642974853516
2018-05-23,54.812416076660156
2018-05-24,54.84441375732422
2018-05-25,54.75481033325195
2018-05-29,54.524417877197266
2018-05-30,54.6908073425293
2018-05-31,54.63962173461914
2018-06-01,54.764381408691406
2018-06-04,54.88005828857422
2018-06-05,54.94436264038086
2018-06-06,55.079341888427734
2018-06-07,55.09864807128906
2018-06-08,55.06652069091797
2018-06-11,55.16933059692383
2018-06-12,55.21434020996094
2018-06-13,55.233646392822266
2018-06-14,55.39433288574219
2018-06-15,55.36220169067383
2018-06-18,55.355777740478516
2018-06-19,55.27861022949219
2018-06-20,55.336483001708984
2018-06-21,55.22077941894531
2018-06-22,55.227195739746094
2018-06-25,55.09864807128906
2018-06-26,55.09218215942383
2018-06-27,54.976497650146484
2018-06-28,54.822227478027344
2018-06-29,54.69362258911133
2018-07-02,54.745941162109375
2018-07-03,54.752410888671875
2018-07-05,54.95901870727539
2018-07-06,55.101078033447266
2018-07-09,55.18500900268555
2018-07-10,55.19147872924805
2018-07-11,55.1075439453125
2018-07-12,55.281917572021484
2018-07-13,55.281917572021484
2018-07-16,55.243167877197266
2018-07-17,55.26252365112305
2018-07-18,55.28838348388672
2018-07-19,55.26252365112305
2018-07-20,55.28838348388672
2018-07-23,55.268985748291016
2018-07-24,55.38523483276367
2018-07-25,55.48855209350586
2018-07-26,55.49501037597656
2018-07-27,55.47563171386719
2018-07-30,55.49501037597656
2018-07-31,55.61121368408203
2018-08-01,55.66116714477539
2018-08-02,55.69361114501953
2018-08-03,55.738990783691406
2018-08-06,55.84273147583008
2018-08-07,55.86868667602539
2018-08-08,55.836265563964844
2018-08-09,55.797359466552734
2018-08-10,55.70008087158203
2018-08-13,55.66116714477539
2018-08-14,55.75844955444336
2018-08-15,55.66116714477539
2018-08-16,55.732513427734375
2018-08-17,55.797359466552734
2018-08-20,55.823299407958984
2018-08-21,55.9076042175293
2018-08-22,55.92706298828125
2018-08-23,55.92060470581055
2018-08-24,56.01785659790039
2018-08-27,56.03730010986328
2018-08-28,56.011348724365234
2018-08-29,55.97895812988281
2018-08-30,55.933555603027344
2018-08-31,56.00489044189453
2018-09-04,55.888282775878906
2018-09-05,55.829689025878906
2018-09-06,55.87526321411133
2018-09-07,55.816673278808594
2018-09-10,55.927364349365234
2018-09-11,55.940399169921875
2018-09-12,56.07067108154297
2018-09-13,56.17487716674805
2018-09-14,56.22698211669922
2018-09-17,56.18790054321289
2018-09-18,56.181400299072266
2018-09-19,56.07717514038086
2018-09-20,56.15534591674805
2018-09-21,56.16836166381836
2018-09-24,56.14228820800781
2018-09-25,56.096717834472656
2018-09-26,56.15534591674805
2018-09-27,56.25954055786133
2018-09-28,56.298614501953125
2018-10-01,56.461509704589844
2018-10-02,56.415714263916016
2018-10-03,56.265262603759766
2018-10-04,56.055877685546875
2018-10-05,55.807289123535156
2018-10-08,55.682987213134766
2018-10-09,55.768009185791016
2018-10-10,55.36893081665039
2018-10-11,55.41472244262695
2018-10-12,55.70915985107422
2018-10-15,55.66984558105469
2018-10-16,55.8596305847168
2018-10-17,55.74836349487305
2018-10-18,55.51284408569336
2018-10-19,55.54560089111328
2018-10-22,55.57177734375
2018-10-23,55.51941680908203
2018-10-24,55.24459457397461
2018-10-25,55.355857849121094
2018-10-26,55.107242584228516
2018-10-29,55.05491256713867
2018-10-30,55.18573760986328
2018-10-31,55.18573760986328
2018-11-01,55.43888854980469
2018-11-02,55.406005859375
2018-11-05,55.45201873779297
2018-11-06,55.59666442871094
2018-11-07,55.91884231567383
2018-11-08,55.78076934814453
2018-11-09,55.46514129638672
2018-11-12,55.12327194213867
2018-11-13,55.03125
2018-11-14,54.92601776123047
2018-11-15,54.91286849975586
2018-11-16,54.74851989746094
2018-11-19,54.57756042480469
2018-11-20,54.40663146972656
2018-11-21,54.682777404785156
2018-11-23,54.380340576171875
2018-11-26,54.63676834106445
2018-11-27,54.610435485839844
2018-11-28,55.064090728759766
2018-11-29,55.07723617553711
2018-11-30,54.96547317504883
2018-12-03,55.34587860107422
2018-12-04,55.002464294433594
2018-12-06,54.81093215942383
2018-12-07,54.70524597167969
2018-12-10,54.74489212036133
2018-12-11,54.84397888183594
2018-12-12,55.02227783203125
2018-12-13,55.15436935424805
2018-12-14,54.9232292175293
2018-12-17,54.56658935546875
2018-12-18,54.467708587646484
2018-12-19,53.976619720458984
2018-12-20,53.50547409057617
2018-12-21,53.24005126953125
2018-12-24,52.841888427734375
2018-12-26,53.73110580444336
2018-12-27,53.69792938232422
2018-12-28,53.77754592895508
2018-12-31,53.81736755371094
2019-01-02,53.74436569213867
2019-01-03,53.770912170410156
2019-01-04,54.67341232299805
2019-01-07,55.20428466796875
2019-01-08,55.562625885009766
2019-01-09,55.6290283203125
2019-01-10,55.847965240478516
2019-01-11,55.66877365112305
2019-01-14,55.489627838134766
2019-01-15,55.675411224365234
2019-01-16,55.76169204711914
2019-01-17,55.9143180847168
2019-01-18,56.07360076904297
2019-01-22,55.702003479003906
2019-01-23,55.814781188964844
2019-01-24,55.87451934814453
2019-01-25,56.013885498046875
2019-01-28,55.92760467529297
2019-01-29,55.8944206237793
2019-01-30,56.339046478271484
2019-01-31,56.478397369384766
2019-02-01,56.451045989990234
2019-02-04,56.58435821533203
2019-02-05,56.784366607666016
2019-02-06,56.73104476928711
2019-02-07,56.53770446777344
2019-02-08,56.52436447143555
2019-02-11,56.55106735229492
2019-02-12,56.82436752319336
2019-02-13,56.74435806274414
2019-02-14,56.75102615356445
2019-02-15,56.931053161621094
2019-02-19,56.95104217529297
2019-02-20,56.9976692199707
2019-02-21,56.944366455078125
2019-02-22,57.057708740234375
2019-02-25,57.10439682006836
2019-02-26,57.177669525146484
2019-02-27,57.197689056396484
2019-02-28,57.16436004638672
2019-03-01,57.32636642456055
2019-03-04,57.23934555053711
2019-03-05,57.21255874633789
2019-03-06,57.11882400512695
2019-03-07,57.0786247253418
2019-03-08,56.98488998413086
2019-03-11,57.172359466552734
2019-03-12,57.2728385925293
2019-03-13,57.426876068115234
2019-03-14,57.38665008544922
2019-03-15,57.44024658203125
2019-03-18,57.4201545715332
2019-03-19,57.45363235473633
2019-03-20,57.701385498046875
2019-03-21,57.68798065185547
2019-03-22,57.480411529541016
2019-03-25,57.46030807495117
2019-03-26,57.600921630859375
2019-03-27,57.64112091064453
2019-03-28,57.75496292114258
2019-03-29,57.90229415893555
2019-04-01,57.88818359375
2019-04-02,57.9150505065918
2019-04-03,57.93523406982422
2019-04-04,58.022666931152344
2019-04-05,58.130279541015625
2019-04-08,58.09663391113281
2019-04-09,58.05628967285156
2019-04-10,58.311859130859375
2019-04-11,58.3993034362793
2019-04-12,58.486732482910156
2019-04-15,58.44640350341797
2019-04-16,58.41278076171875
2019-04-17,58.27151107788086
2019-04-18,58.298397064208984
2019-04-22,58.19752883911133
2019-04-23,58.3993034362793
2019-04-24,58.318599700927734
2019-04-25,58.34548568725586
2019-04-26,58.49345397949219
2019-04-29,58.46656799316406
2019-04-30,58.47330856323242
2019-05-01,58.281463623046875
2019-05-02,58.32198715209961
2019-05-03,58.470603942871094
2019-05-06,58.49760055541992
2019-05-07,58.14640808105469
2019-05-08,58.16667938232422
2019-05-09,58.0788459777832
2019-05-10,58.24094772338867
2019-05-13,57.70734405517578
2019-05-14,57.83570861816406
2019-05-15,57.88975143432617
2019-05-16,58.065372467041016
2019-05-17,58.045082092285156
2019-05-20,57.99103927612305
2019-05-21,58.17340087890625
2019-05-22,58.220699310302734
2019-05-23,57.93023681640625
2019-05-24,57.849205017089844
2019-05-28,57.795162200927734
2019-05-29,57.63983917236328
2019-05-30,57.76140594482422
2019-05-31,57.342655181884766
2019-06-03,57.43492126464844
2019-06-04,58.011653900146484
2019-06-05,58.147315979003906
2019-06-06,58.26947784423828
2019-06-07,58.41874313354492
2019-06-10,58.50694274902344
2019-06-11,58.58837127685547
2019-06-12,58.45267105102539
2019-06-13,58.58837127685547
2019-06-14,58.54764938354492
2019-06-17,58.45945358276367
2019-06-18,58.86656188964844
2019-06-19,59.14474868774414
2019-06-20,59.44326400756836
2019-06-21,59.253299713134766
2019-06-24,59.24650573730469
2019-06-25,58.9954719543457
2019-06-26,58.96833801269531
2019-06-27,59.131168365478516
2019-06-28,59.151527404785156
2019-07-01,59.16923141479492
2019-07-02,59.298728942871094
2019-07-03,59.52367401123047
2019-07-05,59.285099029541016
2019-07-08,59.16923141479492
2019-07-09,59.10107421875
2019-07-10,59.2646484375
2019-07-11,59.148807525634766
2019-07-12,59.24422073364258
2019-07-15,59.285099029541016
2019-07-16,59.162437438964844
2019-07-17,59.087467193603516
2019-07-18,59.114707946777344
2019-07-19,59.01251220703125
2019-07-22,59.21015167236328
2019-07-23,59.312339782714844
2019-07-24,59.36006164550781
2019-07-25,59.27829360961914
2019-07-26,59.407772064208984
2019-07-29,59.31917190551758
2019-07-30,59.3464241027832
2019-07-31,59.24422073364258
2019-08-01,59.214744567871094
2019-08-02,59.12581253051758
2019-08-05,58.509822845458984
2019-08-06,58.886287689208984
2019-08-07,58.87940979003906
2019-08-08,59.11210250854492
2019-08-09,59.03000259399414
2019-08-12,58.82467269897461
2019-08-13,59.08477020263672
2019-08-14,58.55775451660156
2019-08-15,58.72885513305664
2019-08-16,58.927345275878906
2019-08-19,59.09841537475586
2019-08-20,59.14634323120117
2019-08-21,59.399574279785156
2019-08-22,59.50908279418945
2019-08-23,59.23531723022461
2019-08-26,59.52961349487305
2019-08-27,59.502227783203125
2019-08-28,59.64594650268555
2019-08-29,59.707550048828125
2019-08-30,59.652801513671875
2019-09-03,59.481658935546875
2019-09-04,59.605369567871094
2019-09-05,59.83906555175781
2019-09-06,59.89405059814453
2019-09-09,59.95591735839844
2019-09-10,59.99030685424805
2019-09-11,59.9833869934082
2019-09-12,60.017757415771484
2019-09-13,59.90781784057617
2019-09-16,60.12089538574219
2019-09-17,60.15522384643555
2019-09-18,60.12089538574219
2019-09-19,60.05213165283203
2019-09-20,60.127723693847656
2019-09-23,60.10023880004883
2019-09-24,60.017757415771484
2019-09-25,59.95591735839844
2019-09-26,59.91468811035156
2019-09-27,59.84592819213867
2019-09-30,59.91468811035156
2019-10-01,59.77666091918945
2019-10-02,59.42470932006836
2019-10-03,59.45920181274414
2019-10-04,59.64549255371094
2019-10-07,59.59722137451172
2019-10-08,59.376380920410156
2019-10-09,59.55583190917969
2019-10-10,59.631752014160156
2019-10-11,59.88017272949219
2019-10-14,59.921600341796875
2019-10-15,60.05270767211914
2019-10-16,60.004398345947266
2019-10-17,60.08719253540039
2019-10-18,60.10102462768555
2019-10-21,60.1216926574707
2019-10-22,60.135498046875
2019-10-23,60.19072723388672
2019-10-24,60.25971221923828
2019-10-25,60.30803680419922
2019-10-28,60.3011589050293
2019-10-29,60.19072723388672
2019-10-30,60.114803314208984
2019-10-31,59.90778732299805
2019-11-01,60.164894104003906
2019-11-04,60.289608001708984
2019-11-05,60.227256774902344
2019-11-06,60.15793991088867
2019-11-07,60.13022994995117
2019-11-08,60.18568420410156
2019-11-11,60.150997161865234
2019-11-12,60.164894104003906
2019-11-13,60.102508544921875
2019-11-14,60.067840576171875
2019-11-15,60.248050689697266
2019-11-18,60.171836853027344
2019-11-19,59.956966400146484
2019-11-20,59.83221435546875
2019-11-21,59.846099853515625
2019-11-22,60.074790954589844
2019-11-25,60.23418426513672
2019-11-26,60.303470611572266
2019-11-27,60.37969970703125
2019-11-29,60.248050689697266
2019-12-02,60.20697784423828
2019-12-03,60.12351989746094
2019-12-04,60.304378509521484
2019-12-05,60.394813537597656
2019-12-06,60.478294372558594
2019-12-09,60.478294372558594
2019-12-10,60.624393463134766
2019-12-11,60.749671936035156
2019-12-12,60.888771057128906
2019-12-13,60.95139694213867
2019-12-16,61.06969451904297
2019-12-17,61.25750732421875
2019-12-18,61.368831634521484
2019-12-19,61.33668899536133
2019-12-20,61.245941162109375
2019-12-23,61.27390670776367
2019-12-24,61.32276916503906
2019-12-26,61.41349411010742
2019-12-27,61.38557434082031
2019-12-30,61.34368133544922
2019-12-31,61.39955139160156
2020-01-02,61.65789031982422
2020-01-03,61.59504318237305
2020-01-06,61.532169342041016
2020-01-07,61.47636413574219
2020-01-08,61.532169342041016
2020-01-09,61.692771911621094
2020-01-10,61.713706970214844
2020-01-13,61.713706970214844
2020-01-14,61.706722259521484
2020-01-15,61.72071838378906
2020-01-16,61.741634368896484
2020-01-17,61.692771911621094
2020-01-21,61.56014633178711
2020-01-22,61.67183303833008
2020-01-23,61.483314514160156
2020-01-24,61.225013732910156
2020-01-27,60.813079833984375
2020-01-28,61.33668899536133
2020-01-29,61.301795959472656
2020-01-30,61.364620208740234
2020-01-31,61.11328887939453
2020-02-03,61.10346603393555
2020-02-04,61.46805191040039
2020-02-05,61.72048568725586
2020-02-06,61.769554138183594
2020-02-07,61.678375244140625
2020-02-10,61.762535095214844
2020-02-11,61.80459976196289
2020-02-12,61.9658317565918
2020-02-13,61.98687744140625
2020-02-14,61.97988510131836
2020-02-18,61.853675842285156
2020-02-19,61.88174057006836
2020-02-20,61.98687744140625
2020-02-21,61.9307861328125
2020-02-24,61.26472473144531
2020-02-25,60.8370246887207
2020-02-26,60.90015411376953
2020-02-27,60.07981872558594
2020-02-28,60.325199127197266
2020-03-02,60.78294372558594
2020-03-03,60.522403717041016
2020-03-04,61.353389739990234
2020-03-05,60.57874298095703
2020-03-06,59.89560317993164
2020-03-09,57.318092346191406
2020-03-10,58.19838333129883
2020-03-11,56.930782318115234
2020-03-12,54.65607452392578
2020-03-13,56.3744010925293
2020-03-16,53.275779724121094
2020-03-17,53.77577590942383
2020-03-18,51.40248107910156
2020-03-19,50.24753952026367
2020-03-20,49.12074661254883
2020-03-23,48.33198547363281
2020-03-24,50.32499694824219
2020-03-25,51.74053192138672
2020-03-26,54.106754302978516
2020-03-27,54.24758529663086
2020-03-30,54.71241760253906
2020-03-31,54.275794982910156
2020-04-01,52.78590393066406
2020-04-02,53.196434020996094
2020-04-03,52.0568962097168
2020-04-06,53.32383728027344
2020-04-07,53.32383728027344
2020-04-08,54.711082458496094
2020-04-09,58.29240036010742
2020-04-13,57.45722961425781
2020-04-14,57.69789505004883
2020-04-15,57.15996170043945
2020-04-16,57.10334396362305
2020-04-17,57.39352798461914
2020-04-20,56.530029296875
2020-04-21,55.496700286865234
2020-04-22,55.98506546020508
2020-04-23,55.95674514770508
2020-04-24,55.433006286621094
2020-04-27,55.65947341918945
2020-04-28,55.829345703125
2020-04-29,56.81317138671875
2020-04-30,56.9264030456543
2020-05-01,55.944488525390625
2020-05-04,55.866241455078125
2020-05-05,56.34974670410156
2020-05-06,56.029788970947266
2020-05-07,56.1720085144043
2020-05-08,56.70526123046875
2020-05-11,56.44927978515625
2020-05-12,56.37821578979492
2020-05-13,56.079566955566406
2020-05-14,55.88759231567383
2020-05-15,55.965797424316406
2020-05-18,56.95415115356445
2020-05-19,57.0252571105957
2020-05-20,57.62959671020508
2020-05-21,57.61542510986328
2020-05-22,57.75761795043945
2020-05-26,58.19133377075195
2020-05-27,58.312225341796875
2020-05-28,58.369102478027344
2020-05-29,58.603759765625
2020-06-01,59.04701614379883
2020-06-02,59.632354736328125
2020-06-03,59.91073989868164
2020-06-04,59.72513961791992
2020-06-05,60.28905487060547
2020-06-08,60.36042404174805
2020-06-09,59.889320373535156
2020-06-10,59.803680419921875
2020-06-11,58.26896667480469
2020-06-12,58.847145080566406
2020-06-15,59.41818618774414
2020-06-16,59.66093444824219
2020-06-17,59.38251876831055
2020-06-18,59.36111831665039
2020-06-19,59.16120529174805
2020-06-22,59.11843490600586
2020-06-23,59.204063415527344
2020-06-24,58.59731674194336
2020-06-25,58.61872100830078
2020-06-26,58.06195068359375
2020-06-29,57.73360061645508
2020-06-30,58.26181411743164
2020-07-01,58.44319534301758
2020-07-02,58.87327575683594
2020-07-06,59.296199798583984
2020-07-07,58.90195083618164
2020-07-08,59.059661865234375
2020-07-09,58.93062210083008
2020-07-10,59.131343841552734
2020-07-13,58.80876541137695
2020-07-14,59.31056213378906
2020-07-15,59.64744567871094
2020-07-16,59.70480728149414
2020-07-17,59.86965560913086
2020-07-20,60.22811508178711
2020-07-21,60.50764846801758
2020-07-22,60.629539489746094
2020-07-23,60.58651351928711
2020-07-24,60.64385223388672
2020-07-27,60.78721618652344
2020-07-28,60.629539489746094
2020-07-29,60.96641540527344
2020-07-30,61.09546661376953
2020-07-31,61.21012496948242
2020-08-03,61.22526168823242
2020-08-04,61.203670501708984
2020-08-05,61.3116569519043
2020-08-06,61.448368072509766
2020-08-07,61.297237396240234
2020-08-10,61.326019287109375
2020-08-11,60.77186965942383
2020-08-12,60.78622055053711
2020-08-13,60.62071990966797
2020-08-14,60.512779235839844
2020-08-17,60.872623443603516
2020-08-18,60.966163635253906
2020-08-19,60.7934684753418
2020-08-20,60.99496078491211
2020-08-21,60.98775863647461
2020-08-24,61.26844024658203
2020-08-25,61.33320999145508
2020-08-26,61.326019287109375
2020-08-27,61.232479095458984
2020-08-28,61.2828369140625
2020-08-31,61.19646453857422
2020-09-01,61.52959060668945
2020-09-02,61.60183334350586
2020-09-03,61.21887969970703
2020-09-04,61.05267333984375
2020-09-08,60.71306610107422
2020-09-09,61.189971923828125
2020-09-10,60.90091323852539
2020-09-11,61.023773193359375
2020-09-14,60.958740234375
2020-09-15,61.12495803833008
2020-09-16,61.12495803833008
2020-09-17,61.05990982055664
2020-09-18,60.908145904541016
2020-09-21,60.41680908203125
2020-09-22,60.62633514404297
2020-09-23,60.01210021972656
2020-09-24,60.04823303222656
2020-09-25,59.93985366821289
2020-09-28,60.33007049560547
2020-09-29,60.380653381347656
2020-09-30,60.62633514404297
2020-10-01,60.83462142944336
2020-10-02,60.83462142944336
2020-10-05,61.29182434082031
2020-10-06,61.15392303466797
2020-10-07,61.37163162231445
2020-10-08,61.509525299072266
2020-10-09,61.64740753173828
2020-10-12,61.959442138671875
2020-10-13,61.68368911743164
2020-10-14,61.531272888183594
2020-10-15,61.48772430419922
2020-10-16,61.41516876220703
2020-10-19,61.19746780395508
2020-10-20,61.41516876220703
2020-10-21,61.40790557861328
2020-10-22,61.51676940917969
2020-10-23,61.58933639526367
2020-10-26,61.04506301879883
2020-10-27,61.07408142089844
2020-10-28,60.56610870361328
2020-10-29,60.74028015136719
2020-10-30,60.87090301513672
2020-11-02,61.015953063964844
2020-11-03,61.54068374633789
2020-11-04,62.116432189941406
2020-11-05,62.33510208129883
2020-11-06,62.116432189941406
2020-11-09,62.59016418457031
2020-11-10,62.502716064453125
2020-11-11,62.480831146240234
2020-11-12,62.05812454223633
2020-11-13,62.269474029541016
2020-11-16,62.61929702758789
2020-11-17,62.64118957519531
2020-11-18,62.52455520629883
2020-11-19,62.73591613769531
2020-11-20,62.61929702758789
2020-11-23,62.71406173706055
2020-11-24,62.90352249145508
2020-11-25,62.87440872192383
2020-11-27,62.97642517089844
2020-11-30,62.91084671020508
2020-12-01,63.072532653808594
2020-12-02,63.24814987182617
2020-12-03,63.28471755981445
2020-12-04,63.54814529418945
2020-12-07,63.51885223388672
2020-12-08,63.46767044067383
2020-12-09,63.37255096435547
2020-12-10,63.4896240234375
2020-12-11,63.42375564575195
2020-12-14,63.43840789794922
2020-12-15,63.63594436645508
2020-12-16,63.54084777832031
2020-12-17,63.6356086730957
2020-12-18,63.68703079223633
2020-12-21,63.45926284790039
2020-12-22,63.540077209472656
2020-12-23,63.82664489746094
2020-12-24,63.958892822265625
2020-12-28,64.03971862792969
2020-12-29,63.958892822265625
2020-12-30,64.09113311767578
2020-12-31,64.14256286621094
2021-01-04,64.01033782958984
2021-01-05,64.03240203857422
2021-01-06,63.914825439453125
2021-01-07,64.09850311279297
2021-01-08,64.19402313232422
2021-01-11,63.84868621826172
2021-01-12,63.92950439453125
2021-01-13,64.12052917480469
2021-01-14,64.10585021972656
2021-01-15,64.00299072265625
2021-01-19,64.1866226196289
2021-01-20,64.30420684814453
2021-01-21,64.26748657226562
2021-01-22,64.14256286621094
2021-01-25,64.15727233886719
2021-01-26,64.06175994873047
2021-01-27,63.8780632019043
2021-01-28,64.06912994384766
2021-01-29,63.90010452270508
2021-02-01,64.10514068603516
2021-02-02,64.260009765625
2021-02-03,64.31160736083984
2021-02-04,64.4443588256836
2021-02-05,64.54021453857422
2021-02-08,64.7319564819336
2021-02-09,64.61392974853516
2021-02-10,64.59918975830078
2021-02-11,64.6286849975586
2021-02-12,64.7319564819336
2021-02-16,64.6286849975586
2021-02-17,64.60657501220703
2021-02-18,64.51810455322266
2021-02-19,64.52542877197266
2021-02-22,64.32633972167969
2021-02-23,64.48123931884766
2021-02-24,64.54757690429688
2021-02-25,63.935489654541016
2021-02-26,63.74378967285156
2021-03-01,64.45942687988281
2021-03-02,64.36321258544922
2021-03-03,64.15599060058594
2021-03-04,63.91176223754883
2021-03-05,64.10417175292969
2021-03-08,63.637935638427734
2021-03-09,63.72676467895508
2021-03-10,63.926578521728516
2021-03-11,64.16337585449219
2021-03-12,63.98576736450195
2021-03-15,63.993160247802734
2021-03-16,63.84516525268555
2021-03-17,63.93397521972656
2021-03-18,63.445552825927734
2021-03-19,63.689754486083984
2021-03-22,63.919193267822266
2021-03-23,63.98576736450195
2021-03-24,64.02278900146484
2021-03-25,64.1338119506836
2021-03-26,64.32622528076172
2021-03-29,64.36321258544922
2021-03-30,64.20779418945312
2021-03-31,64.51860809326172
2021-04-01,64.65525817871094
2021-04-05,64.68498992919922
2021-04-06,64.79633331298828
2021-04-07,64.7740478515625
2021-04-08,64.79633331298828
2021-04-09,64.75181579589844
2021-04-12,64.68498992919922
2021-04-13,64.72953033447266
2021-04-14,64.6998291015625
2021-04-15,64.95967864990234
2021-04-16,64.8260498046875
2021-04-19,64.72209930419922
2021-04-20,64.61070251464844
2021-04-21,64.8260498046875
2021-04-22,64.70723724365234
2021-04-23,64.87803649902344
2021-04-26,64.84834289550781
2021-04-27,64.75921630859375
2021-04-28,64.88545227050781
2021-04-29,64.95967864990234
2021-04-30,64.93002319335938
2021-05-03,64.95533752441406
2021-05-04,64.91808319091797
2021-05-05,65.04473876953125
2021-05-06,65.02237701416016
2021-05-07,65.06709289550781
2021-05-10,64.91808319091797
2021-05-11,64.85106658935547
2021-05-12,64.53811645507812
2021-05-13,64.7690658569336
2021-05-14,64.9776840209961
2021-05-17,64.85848999023438
2021-05-18,64.7020034790039
2021-05-19,64.53063201904297
2021-05-20,64.80632781982422
2021-05-21,64.90320587158203
2021-05-24,64.9776840209961
2021-05-25,64.98514556884766
2021-05-26,65.00748443603516
2021-05-27,64.9776840209961
2021-05-28,64.95533752441406
2021-06-01,65.15044403076172
2021-06-02,65.232666015625
2021-06-03,65.0981216430664
2021-06-04,65.24014282226562
2021-06-07,65.26260375976562
2021-06-08,65.30743408203125
2021-06-09,65.35979461669922
2021-06-10,65.47937774658203
2021-06-11,65.5018081665039
2021-06-14,65.4420166015625
2021-06-15,65.43452453613281
2021-06-16,65.3448257446289
2021-06-17,65.38968658447266
2021-06-18,65.35979461669922
2021-06-21,65.48688507080078
2021-06-22,65.53170776367188
2021-06-23,65.46443939208984
2021-06-24,65.666259765625
2021-06-25,65.73355865478516
2021-06-28,65.7260971069336
2021-06-29,65.8083267211914
2021-06-30,65.81580352783203
2021-07-01,65.94481658935547
2021-07-02,66.0498046875
2021-07-06,66.01226806640625
2021-07-07,66.03480529785156
2021-07-08,65.89230346679688
2021-07-09,66.00479125976562
2021-07-12,65.9822998046875
2021-07-13,65.78727722167969
2021-07-14,65.89230346679688
2021-07-15,65.84729766845703
2021-07-16,65.75727844238281
2021-07-19,65.31476593017578
2021-07-20,65.644775390625
2021-07-21,65.80230712890625
2021-07-22,65.83979034423828
2021-07-23,65.96730041503906
2021-07-26,65.86980438232422
2021-07-27,65.77978515625
2021-07-28,65.83229064941406
2021-07-29,65.97480010986328
2021-07-30,65.8847885131836
2021-08-02,65.72151184082031
2021-08-03,65.7967300415039
2021-08-04,65.6763687133789
2021-08-05,65.82683563232422
2021-08-06,65.75162506103516
2021-08-09,65.60108947753906
2021-08-10,65.45059967041016
2021-08-11,65.55598449707031
2021-08-12,65.66881561279297
2021-08-13,65.81180572509766
2021-08-16,65.83438873291016
2021-08-17,65.68388366699219
2021-08-18,65.53341674804688
2021-08-19,65.52587127685547
2021-08-20,65.68388366699219
2021-08-23,65.88703155517578
2021-08-24,65.97734832763672
2021-08-25,66.04505920410156
2021-08-26,66.00743865966797
2021-08-27,66.18806457519531
2021-08-30,66.27083587646484
2021-08-31,66.2858657836914
2021-09-01,66.34247589111328
2021-09-02,66.42550659179688
2021-09-03,66.43304443359375
2021-09-07,66.25944519042969
2021-09-08,66.33492279052734
2021-09-09,66.39532470703125
2021-09-10,66.29718780517578
2021-09-13,66.46324920654297
2021-09-14,66.43304443359375
2021-09-15,66.53120422363281
2021-09-16,66.508544921875
2021-09-17,66.42550659179688
2021-09-20,66.19149780273438
2021-09-21,66.30474090576172
2021-09-22,66.42550659179688
2021-09-23,66.45570373535156
2021-09-24,66.35759735107422
2021-09-27,66.29718780517578
2021-09-28,65.99526977539062
2021-09-29,66.11599731445312
2021-09-30,66.0405502319336
2021-10-01,66.19882202148438
2021-10-04,65.96405029296875
2021-10-05,65.93376159667969
2021-10-06,65.89588165283203
2021-10-07,65.90345764160156
2021-10-08,65.70655822753906
2021-10-11,65.50209045410156
2021-10-12,65.6232681274414
2021-10-13,65.79744720458984
2021-10-14,66.16853332519531
2021-10-15,66.05491638183594
2021-10-18,66.02464294433594
2021-10-19,66.07007598876953
2021-10-20,66.09281158447266
2021-10-21,65.92620086669922
2021-10-22,65.76715850830078
2021-10-25,65.88076782226562
2021-10-26,65.89588165283203
2021-10-27,65.8428726196289
2021-10-28,66.0094985961914
2021-10-29,65.83531951904297
2021-11-01,65.76463317871094
2021-11-02,65.9241714477539
2021-11-03,66.05335235595703
2021-11-04,66.22810363769531
2021-11-05,66.47883605957031
2021-11-08,66.39523315429688
2021-11-09,66.44841003417969
2021-11-10,66.07616424560547
2021-11-11,65.962158203125
2021-11-12,65.98499298095703
2021-11-15,65.90897369384766
2021-11-16,65.9393539428711
2021-11-17,65.87098693847656
2021-11-18,65.81783294677734
2021-11-19,65.76463317871094
2021-11-22,65.51392364501953
2021-11-23,65.42276000976562
2021-11-24,65.40754699707031
2021-11-26,64.9365234375
2021-11-29,65.33919525146484
2021-11-30,65.065673828125
2021-12-01,65.07482147216797
2021-12-02,65.5550537109375
2021-12-03,65.5550537109375
2021-12-06,65.84471130371094
2021-12-07,66.19535827636719
2021-12-08,66.1800765991211
2021-12-09,65.8828125
2021-12-10,66.03528594970703
2021-12-13,66.03528594970703
2021-12-14,65.92093658447266
2021-12-15,66.17247772216797
2021-12-16,66.12351989746094
2021-12-17,66.06233978271484
2021-12-20,65.94763946533203
2021-12-21,66.29945373535156
2021-12-22,66.47537994384766
2021-12-23,66.6666030883789
2021-12-27,66.73540496826172
2021-12-28,66.70484161376953
2021-12-29,66.59777069091797
2021-12-30,66.56718444824219
2021-12-31,66.5518569946289
2022-01-03,66.52127838134766
2022-01-04,66.35298919677734
2022-01-05,65.84052276611328
2022-01-06,65.84815979003906
2022-01-07,65.67990112304688
2022-01-10,65.73344421386719
2022-01-11,66.03939056396484
2022-01-12,66.14649963378906
2022-01-13,65.90936279296875
2022-01-14,65.84815979003906
2022-01-18,65.52690124511719
2022-01-19,65.46573638916016
2022-01-20,65.3433609008789
2022-01-21,65.35102844238281
2022-01-24,65.28215026855469
2022-01-25,65.09095001220703
2022-01-26,64.86914825439453
2022-01-27,64.58611297607422
2022-01-28,64.76969909667969
2022-01-31,64.78496551513672
2022-02-01,65.04218292236328
2022-02-02,65.14196014404297
2022-02-03,64.55854797363281
2022-02-04,64.30522155761719
2022-02-07,64.25916290283203
2022-02-08,64.19007873535156
2022-02-09,64.52783203125
2022-02-10,63.675758361816406
2022-02-11,63.45314025878906
2022-02-14,63.345680236816406
2022-02-15,63.45314025878906
2022-02-16,63.80625534057617
2022-02-17,63.537567138671875
2022-02-18,63.62969207763672
2022-02-22,63.483863830566406
2022-02-23,63.36870193481445
2022-02-24,63.82160949707031
2022-02-25,64.18240356445312
2022-02-28,64.22843933105469
2022-03-01,64.04894256591797
2022-03-02,64.20304870605469
2022-03-03,64.01040649414062
2022-03-04,63.59438705444336
2022-03-07,63.03962326049805
2022-03-08,62.81621170043945
2022-03-09,63.3400993347168
2022-03-10,62.808494567871094
2022-03-11,62.35392379760742
2022-03-14,61.614261627197266
2022-03-15,62.0765495300293
2022-03-16,62.94715881347656
2022-03-17,63.378623962402344
2022-03-18,63.586666107177734
2022-03-21,62.85471725463867
2022-03-22,63.17828369140625
2022-03-23,62.97800064086914
2022-03-24,63.10899353027344
2022-03-25,62.65438461303711
2022-03-28,63.04734420776367
2022-03-29,63.82548141479492
2022-03-30,63.63286590576172
2022-03-31,63.401729583740234
2022-04-01,63.39712142944336
2022-04-04,63.87673568725586
2022-04-05,63.04899978637695
2022-04-06,62.553897857666016
2022-04-07,62.453304290771484
2022-04-08,62.07425308227539
2022-04-11,61.64878463745117
2022-04-12,62.120662689208984
2022-04-13,62.49198532104492
2022-04-14,62.07425308227539
2022-04-18,61.97367858886719
2022-04-19,61.91950988769531
2022-04-20,62.112937927246094
2022-04-21,61.68743896484375
2022-04-22,61.31612014770508
2022-04-25,61.83442687988281
2022-04-26,61.470821380615234
2022-04-27,61.169124603271484
2022-04-28,61.50949478149414
2022-04-29,60.751365661621094
2022-05-02,60.75526428222656
2022-05-03,61.07367706298828
2022-05-04,61.694969177246094
2022-05-05,60.59992599487305
2022-05-06,60.25819778442383
2022-05-09,59.62138366699219
2022-05-10,59.963104248046875
2022-05-11,59.605857849121094
2022-05-12,59.582550048828125
2022-05-13,59.652427673339844
2022-05-16,59.5670051574707
2022-05-17,59.512638092041016
2022-05-18,59.023372650146484
2022-05-19,59.4194450378418
2022-05-20,59.38063430786133
2022-05-23,59.61362075805664
2022-05-24,59.97086715698242
2022-05-25,60.8795166015625
2022-05-26,61.726051330566406
2022-05-27,62.27742385864258
2022-05-31,61.7415771484375
2022-06-01,61.51312255859375
2022-06-02,61.770408630371094
2022-06-03,61.3104362487793
2022-06-06,60.8504753112793
2022-06-07,60.99079132080078
2022-06-08,60.468406677246094
2022-06-09,59.98503112792969
2022-06-10,58.963722229003906
2022-06-13,56.991275787353516
2022-06-14,57.36549758911133
2022-06-15,58.4803466796875
2022-06-16,57.55257797241211
2022-06-17,57.73191833496094
2022-06-21,57.692928314208984
2022-06-22,57.677330017089844
2022-06-23,58.09053421020508
2022-06-24,58.50374221801758
2022-06-27,58.145111083984375
2022-06-28,57.50580978393555
2022-06-29,57.4200439453125
2022-06-30,57.38886642456055
2022-07-01,57.93630599975586
2022-07-05,57.881439208984375
2022-07-06,57.66218185424805
2022-07-07,58.60194396972656
2022-07-08,58.64895248413086
2022-07-11,58.32000732421875
2022-07-12,58.55495834350586
2022-07-13,58.49230194091797
2022-07-14,58.382652282714844
2022-07-15,59.12664031982422
2022-07-18,58.55495834350586
2022-07-19,59.33024978637695
2022-07-20,59.58868408203125
2022-07-21,60.29350662231445
2022-07-22,60.215187072753906
2022-07-25,60.199546813964844
2022-07-26,59.776634216308594
2022-07-27,60.43449783325195
2022-07-28,61.05317687988281
2022-07-29,61.233272552490234
2022-08-01,61.252166748046875
2022-08-02,60.969093322753906
2022-08-03,61.50371551513672
2022-08-04,61.66880798339844
2022-08-05,61.35432434082031
2022-08-08,61.40938949584961
2022-08-09,60.953392028808594
2022-08-10,61.86538314819336
2022-08-11,61.51157760620117
2022-08-12,62.061912536621094
2022-08-15,61.95185470581055
2022-08-16,61.66094970703125
2022-08-17,61.02415084838867
2022-08-18,61.118499755859375
2022-08-19,60.497398376464844
2022-08-22,59.81342697143555
2022-08-23,59.96278762817383
2022-08-24,60.033531188964844
2022-08-25,60.599609375
2022-08-26,59.601131439208984
2022-08-29,59.37314224243164
2022-08-30,58.91716003417969
2022-08-31,58.59481430053711
2022-09-01,58.74964904785156
2022-09-02,58.71015548706055
2022-09-06,58.55214309692383
2022-09-07,59.39753341674805
2022-09-08,59.65826416015625
2022-09-09,59.895267486572266
2022-09-12,60.07699203491211
2022-09-13,58.71015548706055
2022-09-14,58.79709243774414
2022-09-15,58.42573165893555
2022-09-16,58.623260498046875
2022-09-19,58.8444938659668
2022-09-20,58.244041442871094
2022-09-21,58.0702018737793
2022-09-22,57.72257995605469
2022-09-23,56.98781967163086
2022-09-26,56.316253662109375
2022-09-27,56.19775390625
2022-09-28,57.201133728027344
2022-09-29,56.66387176513672
2022-09-30,56.40317153930664
2022-10-03,57.14235305786133
2022-10-04,58.37299728393555
2022-10-05,58.14276885986328
2022-10-06,57.96809768676758
2022-10-07,57.261444091796875
2022-10-10,56.5627555847168
2022-10-11,56.73743438720703
2022-10-12,56.83268737792969
2022-10-13,56.95973587036133
2022-10-14,56.77713394165039
2022-10-17,57.4758186340332
2022-10-18,57.88075637817383
2022-10-19,57.324951171875
2022-10-20,57.00737762451172
2022-10-21,57.55521774291992
2022-10-24,57.59492492675781
2022-10-25,58.15070343017578
2022-10-26,58.30949401855469
2022-10-27,58.73826217651367
2022-10-28,59.19078826904297
2022-10-31,58.301551818847656
2022-11-01,58.652225494384766
2022-11-02,58.118255615234375
2022-11-03,57.703792572021484
2022-11-04,58.10231018066406
2022-11-07,58.094329833984375
2022-11-08,58.038543701171875
2022-11-09,57.345115661621094
2022-11-10,59.130455017089844
2022-11-11,59.33766174316406
2022-11-14,58.899314880371094
2022-11-15,59.4173583984375
2022-11-16,59.28986358642578
2022-11-17,59.03481674194336
2022-11-18,59.1623420715332
2022-11-21,59.13842010498047
2022-11-22,59.56880187988281
2022-11-23,59.903541564941406
2022-11-25,59.78400421142578
2022-11-28,59.154380798339844
2022-11-29,59.40939712524414
2022-11-30,60.30204772949219
2022-12-01,60.525360107421875
2022-12-02,60.47732162475586
2022-12-05,59.90107727050781
2022-12-06,59.68495178222656
2022-12-07,60.01311111450195
2022-12-08,60.06114959716797
2022-12-09,60.06114959716797
2022-12-12,60.293270111083984
2022-12-13,60.91756057739258
2022-12-14,60.57339096069336
2022-12-15,60.34489822387695
2022-12-16,60.02302551269531
2022-12-19,59.71731185913086
2022-12-20,59.56441879272461
2022-12-21,60.07133483886719
2022-12-22,59.70121765136719
2022-12-23,59.854095458984375
2022-12-27,59.23453140258789
2022-12-28,58.437992095947266
2022-12-29,59.19432067871094
2022-12-30,59.2425651550293
2023-01-03,59.35523986816406
2023-01-04,60.03913497924805
2023-01-05,59.91843795776367
2023-01-06,60.771331787109375
2023-01-09,60.98856735229492
2023-01-10,60.91615676879883
2023-01-11,61.31844711303711
2023-01-12,61.664424896240234
2023-01-13,61.664424896240234
2023-01-17,61.45522689819336
2023-01-18,61.52764129638672
2023-01-19,61.165584564208984
2023-01-20,61.286258697509766
2023-01-23,61.27820587158203
2023-01-24,61.31844711303711
2023-01-25,61.3104133605957
2023-01-26,61.463279724121094
2023-01-27,61.27820587158203
2023-01-30,60.940303802490234
2023-01-31,61.41498947143555
2023-02-01,62.06018829345703
2023-02-02,62.41591262817383
2023-02-03,61.76104736328125
2023-02-06,61.364871978759766
2023-02-07,61.583152770996094
2023-02-08,61.3244514465332
2023-02-09,60.92828369140625
2023-02-10,60.4593505859375
2023-02-13,60.61299514770508
2023-02-14,60.6291618347168
2023-02-15,60.53212356567383
2023-02-16,60.0470085144043
2023-02-17,60.281497955322266
2023-02-21,59.35173416137695
2023-02-22,59.739803314208984
2023-02-23,60.32997512817383
2023-02-24,59.9661865234375
2023-02-27,60.370426177978516
2023-02-28,60.257225036621094
2023-03-01,60.086421966552734
2023-03-02,60.15962600708008
2023-03-03,60.77782440185547
2023-03-06,60.77782440185547
2023-03-07,60.34670639038086
2023-03-08,60.06203842163086
2023-03-09,59.7285270690918
2023-03-10,59.73666000366211
2023-03-13,59.41130065917969
2023-03-14,59.8424072265625
2023-03-15,59.64718246459961
2023-03-16,60.037620544433594
2023-03-17,59.67970657348633
2023-03-20,59.51703643798828
2023-03-21,60.16778564453125
2023-03-22,60.22468948364258
2023-03-23,59.98881149291992
2023-03-24,59.86681365966797
2023-03-27,59.720394134521484
2023-03-28,59.6878547668457
2023-03-29,60.436187744140625
2023-03-30,60.79407501220703
2023-03-31,61.45293426513672
2023-04-03,61.405548095703125
2023-04-04,61.225772857666016
2023-04-05,60.88260269165039
2023-04-06,61.15223693847656
2023-04-10,61.0950813293457
2023-04-11,61.225772857666016
2023-04-12,61.209415435791016
2023-04-13,61.62617111206055
2023-04-14,61.51179504394531
2023-04-17,61.34836959838867
2023-04-18,61.38920211791992
2023-04-19,61.14408493041992
2023-04-20,61.086883544921875
2023-04-21,61.27482223510742
2023-04-24,61.44640350341797
2023-04-25,61.34836959838867
2023-04-26,61.11140441894531
2023-04-27,61.31568145751953
2023-04-28,61.577144622802734
2023-05-01,61.29482650756836
2023-05-02,61.23738479614258
2023-05-03,61.204566955566406
2023-05-04,61.024024963378906
2023-05-05,61.352298736572266
2023-05-08,61.17993927001953
2023-05-09,61.024024963378906
2023-05-10,61.393306732177734
2023-05-11,61.29482650756836
2023-05-12,61.07324981689453
2023-05-15,61.056854248046875
2023-05-16,60.63009262084961
2023-05-17,60.794246673583984
2023-05-18,60.827064514160156
2023-05-19,60.89274215698242
2023-05-22,61.16352462768555
2023-05-23,60.84347915649414
2023-05-24,60.4167366027832
2023-05-25,60.37570571899414
2023-05-26,60.744964599609375
2023-05-30,61.00759506225586
2023-05-31,60.8188591003418
2023-06-01,61.184146881103516
2023-06-02,61.497493743896484
2023-06-05,61.4480094909668
2023-06-06,61.546966552734375
2023-06-07,61.208885192871094
2023-06-08,61.596431732177734
2023-06-09,61.61294174194336
2023-06-12,61.546966552734375
2023-06-13,61.621192932128906
2023-06-14,61.64591979980469
2023-06-15,61.94274139404297
2023-06-16,61.78611755371094
2023-06-20,61.621192932128906
2023-06-21,61.464508056640625
2023-06-22,61.283119201660156
2023-06-23,61.17591094970703
2023-06-26,61.208885192871094
2023-06-27,61.415035247802734
2023-06-28,61.76961135864258
2023-06-29,61.604679107666016
2023-06-30,61.90155029296875
2023-07-03,61.80453872680664
2023-07-05,61.61386489868164
2023-07-06,61.16615676879883
2023-07-07,61.22422790527344
2023-07-10,61.530967712402344
2023-07-11,61.862571716308594
2023-07-12,62.343406677246094
2023-07-13,62.71651077270508
2023-07-14,62.26051330566406
2023-07-17,62.376564025878906
2023-07-18,62.55067443847656
2023-07-19,62.600425720214844
2023-07-20,62.32681655883789
2023-07-21,62.484375
2023-07-24,62.376564025878906
2023-07-25,62.33513259887695
2023-07-26,62.58382797241211
2023-07-27,62.08643341064453
2023-07-28,62.442893981933594
2023-07-31,62.59213638305664
2023-08-01,62.28224182128906
2023-08-02,62.01569366455078
2023-08-03,61.81580352783203
2023-08-04,62.18228530883789
2023-08-07,62.29890823364258
2023-08-08,62.43218994140625
2023-08-09,62.4405403137207
2023-08-10,62.423892974853516
2023-08-11,62.33222961425781
2023-08-14,62.323890686035156
2023-08-15,62.12398147583008
2023-08-16,61.93241882324219
2023-08-17,61.674163818359375
2023-08-18,61.715824127197266
2023-08-21,61.69916534423828
2023-08-22,61.73249053955078
2023-08-23,62.23228454589844
2023-08-24,61.89075469970703
2023-08-25,62.14897918701172
2023-08-28,62.3822135925293
2023-08-29,62.77374267578125
2023-08-30,62.74872970581055
2023-08-31,62.70710372924805
2023-09-01,62.82508850097656
2023-09-05,62.41500473022461
2023-09-06,62.26436233520508
2023-09-07,62.47359085083008
2023-09-08,62.448482513427734
2023-09-11,62.5572624206543
2023-09-12,62.45686340332031
2023-09-13,62.624229431152344
2023-09-14,62.69955062866211
2023-09-15,62.46522521972656
2023-09-18,62.507057189941406
2023-09-19,62.3145751953125
2023-09-20,62.26436233520508
2023-09-21,61.820823669433594
2023-09-22,61.92961502075195
2023-09-25,61.845924377441406
2023-09-26,61.5781135559082
2023-09-27,61.49444580078125
2023-09-28,61.78734588623047
2023-09-29,61.69528579711914
2023-10-02,61.32090759277344
2023-10-03,60.698360443115234
2023-10-04,61.0096321105957
2023-10-05,61.06853103637695
2023-10-06,61.15266418457031
2023-10-09,61.606929779052734
2023-10-10,61.590110778808594
2023-10-11,61.58170700073242
2023-10-12,61.25362014770508
2023-10-13,61.20313262939453
2023-10-16,61.18629837036133
2023-10-17,60.90026092529297
2023-10-18,60.60581970214844
2023-10-19,60.38710403442383
2023-10-20,60.51329803466797
2023-10-23,60.757240295410156
2023-10-24,61.06853103637695
2023-10-25,60.74043273925781
2023-10-26,60.95074462890625
2023-10-27,60.87501907348633
2023-10-30,60.8918571472168
2023-10-31,61.05169677734375
2023-11-01,61.633609771728516
2023-11-02,62.32717514038086
2023-11-03,62.9361457824707
2023-11-06,62.68238830566406
2023-11-07,62.69086837768555
2023-11-08,62.72470474243164
2023-11-09,62.33562469482422
2023-11-10,62.640106201171875
2023-11-13,62.580902099609375
2023-11-14,63.21527862548828
2023-11-15,63.012271881103516
2023-11-16,63.096832275390625
2023-11-17,63.24064636230469
2023-11-20,63.30830764770508
2023-11-21,63.39287185668945
2023-11-22,63.50282287597656
2023-11-24,63.4351921081543
2023-11-27,63.52820587158203
2023-11-28,63.80731964111328
2023-11-29,64.15409851074219
2023-11-30,64.03568267822266
2023-12-01,64.56588745117188
2023-12-04,64.40444946289062
2023-12-05,64.46393585205078
2023-12-06,64.472412109375
2023-12-07,64.58287048339844
2023-12-08,64.45542907714844
2023-12-11,64.41293334960938
2023-12-12,64.5573959350586
2023-12-13,65.54301452636719
2023-12-14,65.83245849609375
2023-12-15,65.68729400634766
2023-12-18,65.72998046875
2023-12-19,65.9178237915039
2023-12-20,65.92639923095703
2023-12-21,66.22523498535156
2023-12-22,66.14834594726562
2023-12-26,66.27645874023438
2023-12-27,66.54969024658203
2023-12-28,66.33621978759766
2023-12-29,66.08007049560547
2024-01-02,65.85807800292969
2024-01-03,65.67876434326172
2024-01-04,65.42259216308594
2024-01-05,65.47382354736328
2024-01-08,65.84098815917969
2024-01-09,65.94344329833984
2024-01-10,66.06299591064453
2024-01-11,66.27645874023438
2024-01-12,66.34477233886719
2024-01-16,65.92639923095703
2024-01-17,65.64459228515625
2024-01-18,65.78123474121094
2024-01-19,65.89220428466797
2024-01-22,65.94344329833984
2024-01-23,65.86660766601562
2024-01-24,65.83245849609375
2024-01-25,66.33621978759766
2024-01-26,66.28500366210938
2024-01-29,66.43013763427734
2024-01-30,66.34477233886719
2024-01-31,66.15692901611328
2024-02-01,66.53791046142578
2024-02-02,66.23757934570312
2024-02-05,65.92869567871094
2024-02-06,66.16893005371094
2024-02-07,66.28047943115234
2024-02-08,66.24615478515625
2024-02-09,66.38343811035156
2024-02-12,66.23757934570312
2024-02-13,65.70557403564453
2024-02-14,65.96297454833984
2024-02-15,66.19467163085938
2024-02-16,65.99732208251953
2024-02-20,66.13459777832031
2024-02-21,66.01447296142578
2024-02-22,66.33197784423828
2024-02-23,66.37486267089844
2024-02-26,66.16034698486328
2024-02-27,66.24615478515625
2024-02-28,66.23757934570312
2024-02-29,66.35771179199219
2024-03-01,66.60625457763672
2024-03-04,66.58900451660156
2024-03-05,66.5372314453125
2024-03-06,66.70118713378906
2024-03-07,66.77886199951172
2024-03-08,66.79611206054688
2024-03-11,66.78749084472656
2024-03-12,66.847900390625
2024-03-13,66.873779296875
2024-03-14,66.55447387695312
2024-03-15,66.5113296508789
2024-03-18,66.66665649414062
2024-03-19,66.93419647216797
2024-03-20,67.15857696533203
2024-03-21,67.1240463256836
2024-03-22,67.05502319335938
2024-03-25,66.95146942138672
2024-03-26,66.873779296875
2024-03-27,67.22762298583984
2024-03-28,67.08090209960938
2024-04-01,66.80769348144531
2024-04-02,66.69490814208984
2024-04-03,66.74695587158203
2024-04-04,66.69490814208984
2024-04-05,66.63418579101562
2024-04-08,66.79034423828125
2024-04-09,66.92912292480469
2024-04-10,66.33927917480469
2024-04-11,66.278564453125
2024-04-12,66.24385833740234
2024-04-15,65.86222076416016
2024-04-16,65.64533233642578
2024-04-17,65.73209381103516
2024-04-18,65.78411102294922
2024-04-19,65.90557861328125
2024-04-22,66.26988220214844
2024-04-23,66.53877258300781
2024-04-24,66.39131927490234
2024-04-25,66.25253295898438
2024-04-26,66.460693359375
2024-04-29,66.66023254394531
2024-04-30,66.1744613647461
2024-05-01,66.52325439453125
2024-05-02,66.93309783935547
2024-05-03,67.21214294433594
2024-05-06,67.29061889648438
2024-05-07,67.29931640625
2024-05-08,67.14237213134766
2024-05-09,67.15982818603516
2024-05-10,67.05517578125
2024-05-13,67.03773498535156
2024-05-14,67.14237213134766
2024-05-15,67.5347671508789
2024-05-16,67.37779235839844
2024-05-17,67.38650512695312
2024-05-20,67.42140197753906
2024-05-21,67.36907958984375
2024-05-22,67.22085571289062
2024-05-23,66.98540496826172
2024-05-24,67.22085571289062
2024-05-28,66.95055389404297
2024-05-29,66.74999237060547
2024-05-30,67.02029418945312
2024-05-31,67.25572967529297
2024-06-03,67.4642105102539
2024-06-04,67.4291763305664
2024-06-05,67.648193359375
2024-06-06,67.53430938720703
2024-06-07,67.35907745361328
2024-06-10,67.4204330444336
2024-06-11,67.50802612304688
2024-06-12,67.77960205078125
2024-06-13,67.77083587646484
2024-06-14,67.50802612304688
2024-06-17,67.55183410644531
2024-06-18,67.76207733154297
2024-06-20,67.71827697753906
2024-06-21,67.79712677001953
2024-06-24,67.72702026367188
2024-06-25,67.81464385986328
2024-06-26,67.66571044921875
2024-06-27,67.74456024169922
2024-06-28,67.578125
2024-07-01,67.56488800048828
2024-07-02,67.74983215332031
2024-07-03,67.98761749267578
2024-07-05,68.19017791748047
2024-07-08,68.17255401611328
2024-07-09,68.09329986572266
2024-07-10,68.2518310546875
2024-07-11,68.4984130859375
2024-07-12,68.67455291748047
2024-07-15,68.68333435058594
2024-07-16,68.94754028320312
2024-07-17,68.86830139160156
2024-07-18,68.72738647460938
2024-07-19,68.67455291748047
2024-07-22,68.929931640625
2024-07-23,68.93875122070312
2024-07-24,68.71857452392578
2024-07-25,68.72738647460938
2024-07-26,68.94754028320312
2024-07-29,68.88591003417969
2024-07-30,68.92113494873047
2024-07-31,69.16770935058594
2024-08-01,69.01632690429688
2024-08-02,68.78616333007812
2024-08-05,68.36122131347656
2024-08-06,68.61795043945312
2024-08-07,68.75074005126953
2024-08-08,69.0340347290039
2024-08-09,69.02517700195312
2024-08-12,69.06945037841797
2024-08-13,69.38814544677734
2024-08-14,69.51209259033203
2024-08-15,69.57405853271484
2024-08-16,69.7953872680664
2024-08-19,69.91045379638672
2024-08-20,69.84850311279297
2024-08-21,70.0078353881836
2024-08-22,69.91931915283203
2024-08-23,70.29113006591797
2024-08-26,70.14949035644531
2024-08-27,70.1937484741211
2024-08-28,70.15831756591797
2024-08-29,70.22916412353516
2024-08-30,70.23802185058594
2024-09-03,69.98894500732422
2024-09-04,70.2469253540039
2024-09-05,70.48709106445312
2024-09-06,70.39813232421875
2024-09-09,70.56715393066406
2024-09-10,70.4337158203125
2024-09-11,70.54046630859375
2024-09-12,70.6383285522461
2024-09-13,70.83399200439453
2024-09-16,71.01192474365234
2024-09-17,71.02972412109375
2024-09-18,71.09197998046875
2024-09-19,71.30547332763672
2024-09-20,71.39441680908203
2024-09-23,71.26100158691406
2024-09-24,71.26988220214844
2024-09-25,71.18981170654297
2024-09-26,71.30547332763672
2024-09-27,71.48336791992188
2024-09-30,71.43001556396484
2024-10-01,71.39424896240234
2024-10-02,71.40316772460938
2024-10-03,71.23335266113281
2024-10-04,71.15289306640625
2024-10-07,70.84898376464844
2024-10-08,71.018798828125
2024-10-09,70.97412872314453
2024-10-10,70.93836975097656
2024-10-11,71.12608337402344
2024-10-14,71.16185760498047
2024-10-15,71.14395904541016
2024-10-16,71.26910400390625
2024-10-17,71.16185760498047
2024-10-18,71.33168029785156
2024-10-21,71.04563903808594
2024-10-22,70.94730377197266
2024-10-23,70.73278045654297
2024-10-24,70.93836975097656
2024-10-25,70.86685943603516
2024-10-28,71.04563903808594
2024-10-29,71.06350708007812
2024-10-30,70.93836975097656
2024-10-31,70.74171447753906
2024-11-01,70.74620819091797
2024-11-04,70.94384765625
2024-11-05,71.1414794921875
2024-11-06,71.26726531982422
2024-11-07,71.57270050048828
2024-11-08,71.68949890136719
2024-11-11,71.608642578125
2024-11-12,71.32115936279297
2024-11-13,71.3391342163086
2024-11-14,71.18638610839844
2024-11-15,71.17742156982422
2024-11-18,71.31216430664062
2024-11-19,71.41997528076172
2024-11-20,71.4020004272461
2024-11-21,71.42897033691406
2024-11-22,71.41099548339844
2024-11-25,71.68048858642578
2024-11-26,71.54576873779297
2024-11-27,71.7613525390625
2024-11-29,71.90509796142578
2024-12-02,71.87893676757812
2024-12-03,71.87893676757812
2024-12-04,72.05037689208984
2024-12-05,71.9872055053711
2024-12-06,72.10453796386719
2024-12-09,72.0142822265625
2024-12-10,72.05037689208984
2024-12-11,72.06842803955078
2024-12-12,71.86988830566406
2024-12-13,71.66234588623047
2024-12-16,71.7977066040039
2024-12-17,71.64429473876953
2024-12-18,70.90862274169922
2024-12-19,70.83606719970703
2024-12-20,71.2805404663086
2024-12-23,71.0900650024414
2024-12-24,71.31681823730469
2024-12-26,71.49826049804688
2024-12-27,71.25334167480469
2024-12-30,71.35311126708984
2024-12-31,71.34403991699219
2025-01-02,71.51639556884766
2025-01-03,71.62523651123047
2025-01-06,71.75224304199219
2025-01-07,71.51639556884766
2025-01-08,71.60710906982422
2025-01-10,71.23517608642578
2025-01-13,71.21705627441406
2025-01-14,71.30774688720703
2025-01-15,71.93366241455078
2025-01-16,72.01530456542969
2025-01-17,72.07878875732422
2025-01-21,72.26929473876953
2025-01-22,72.16950988769531
2025-01-23,72.26022338867188
2025-01-24,72.34187316894531
2025-01-27,72.39630126953125
2025-01-28,72.36907196044922
2025-01-29,72.32371520996094
2025-01-30,72.45978546142578
2025-01-31,72.31464385986328
2025-02-03,72.22352600097656
2025-02-04,72.4513168334961
2025-02-05,72.64269256591797
2025-02-06,72.5333480834961
2025-02-07,72.30553436279297
2025-02-10,72.4513168334961
2025-02-11,72.42399597167969
2025-02-12,72.26907348632812
2025-02-13,72.59712982177734
2025-02-14,72.67913818359375
2025-02-18,72.6153564453125
2025-02-19,72.6700210571289
2025-02-20,72.71558380126953
2025-02-21,72.57890319824219
2025-02-24,72.6700210571289
2025-02-25,72.85225677490234
2025-02-26,72.9525146484375
2025-02-27,72.81581115722656
2025-02-28,73.01628112792969
2025-03-03,72.86430358886719
2025-03-04,72.85517120361328
2025-03-05,72.89178466796875
2025-03-06,72.61711883544922
2025-03-07,72.73612976074219
2025-03-10,72.46148681640625
2025-03-11,72.20516204833984
2025-03-12,72.28754425048828
2025-03-13,71.88472747802734
2025-03-14,72.21431732177734
2025-03-17,72.38825225830078
2025-03-18,72.26007843017578
2025-03-19,72.73612976074219
2025-03-20,72.63544464111328
2025-03-21,72.52558898925781
2025-03-24,72.73612976074219
2025-03-25,72.69952392578125
2025-03-26,72.40656280517578
2025-03-27,72.26924133300781
2025-03-28,72.14105987548828
2025-03-31,72.22346496582031
2025-04-01,72.39089965820312
2025-04-02,72.53810119628906
2025-04-03,71.63654327392578
2025-04-04,70.61538696289062
2025-04-07,70.00821685791016
2025-04-08,69.68623352050781
2025-04-09,71.55374145507812
2025-04-10,70.38539123535156
2025-04-11,70.59700012207031
2025-04-14,70.94657897949219
2025-04-15,71.1397705078125
2025-04-16,71.13056945800781
2025-04-17,71.54454040527344
2025-04-21,71.1213607788086
2025-04-22,71.39735412597656
2025-04-23,71.7561264038086
2025-04-24,72.40008544921875
2025-04-25,72.46448516845703
2025-04-28,72.50128936767578
2025-04-29,72.6944808959961
2025-04-30,72.30809783935547
2025-05-01,72.4014892578125
2025-05-02,72.6234130859375
2025-05-05,72.5956802368164
2025-05-06,72.5401840209961
2025-05-07,72.60491180419922
2025-05-08,72.58643341064453
2025-05-09,72.63268280029297
2025-05-12,73.35389709472656
2025-05-13,73.48336029052734
2025-05-14,73.21520233154297
2025-05-15,73.35389709472656
2025-05-16,73.43711853027344
2025-05-19,73.40013122558594
2025-05-20,73.36315155029297
2025-05-21,72.87306213378906
2025-05-22,73.02103424072266
2025-05-23,73.00252532958984
2025-05-27,73.44638061523438
2025-05-28,73.40013122558594
2025-05-29,73.51109313964844
2025-05-30,73.57581329345703
2025-06-02,73.56281280517578
2025-06-03,73.7021713256836
2025-06-04,73.84153747558594
2025-06-05,73.68360900878906
2025-06-06,73.67430877685547
2025-06-09,73.71146392822266
2025-06-10,73.88797760009766
2025-06-11,73.8694076538086
2025-06-12,73.9530258178711
2025-06-13,73.73003387451172
2025-06-16,73.87869262695312
2025-06-17,73.79508972167969
2025-06-18,73.90657806396484
2025-06-20,74.13882446289062
2025-06-23,74.27819061279297
2025-06-24,74.48258209228516
2025-06-25,74.4640121459961
2025-06-26,74.67769622802734
2025-06-27,74.64051818847656
2025-06-30,74.92854309082031
2025-07-01,74.8342514038086
2025-07-02,74.9742660522461
2025-07-03,75.02093505859375
2025-07-07,74.7689208984375
2025-07-08,74.66622161865234
2025-07-09,74.87159729003906
2025-07-10,74.79690551757812
2025-07-11,74.70355987548828
2025-07-14,74.75957489013672
2025-07-15,74.53555297851562
2025-07-16,74.73155975341797
2025-07-17,74.80624389648438
2025-07-18,74.90894317626953
2025-07-21,75.01161193847656
2025-07-22,75.14228820800781
2025-07-23,75.17961883544922
2025-07-24,75.08628845214844
2025-07-25,75.13294982910156
2025-07-28,75.09561920166016
2025-07-29,75.14228820800781
2025-07-30,74.98359680175781
2025-07-31,75.0302734375
2025-08-01,75.0340347290039
2025-08-04,75.2873306274414
2025-08-05,75.24980163574219
2025-08-06,75.32485961914062
2025-08-07,75.24980163574219
2025-08-08,75.25918579101562
2025-08-11,75.25918579101562
2025-08-12,75.42804718017578
2025-08-13,75.62506866455078
2025-08-14,75.42804718017578
2025-08-15,75.48433685302734
2025-08-18,75.42804718017578
2025-08-19,75.40928649902344
2025-08-20,75.38114929199219
2025-08-21,75.24040985107422
2025-08-22,75.85023498535156
2025-08-25,75.70012664794922
2025-08-26,75.8689956665039
2025-08-27,75.96280670166016
2025-08-28,76.00033569335938
2025-08-29,75.859619140625
2025-09-02,75.7776107788086
2025-09-03,75.98497772216797
2025-09-04,76.19234466552734
2025-09-05,76.23005676269531
2025-09-08,76.23005676269531
2025-09-09,76.14522552490234
2025-09-10,76.20177459716797
2025-09-11,76.39030456542969
2025-09-12,76.31488800048828
2025-09-15,76.53170776367188
2025-09-16,76.47512817382812
2025-09-17,76.39972686767578
2025-09-18,76.56940460205078
2025-09-19,76.5976791381836
2025-09-22,76.65424346923828
2025-09-23,76.5976791381836
2025-09-24,76.49400329589844
2025-09-25,76.27717590332031
2025-09-26,76.42800903320312
2025-09-29,76.55998229980469
2025-09-30,76.53170776367188
2025-10-01,76.67469787597656
2025-10-02,76.64629364013672
2025-10-03,76.5610580444336
2025-10-06,76.58001708984375
2025-10-07,76.49476623535156
2025-10-08,76.3811264038086
2025-10-09,76.16328430175781
2025-10-10,75.7181625366211
2025-10-13,76.19169616699219
2025-10-14,76.27693176269531
2025-10-15,76.5231704711914
2025-10-16,76.24852752685547
2025-10-17,76.44741821289062
2025-10-20,76.59893798828125
2025-10-21,76.48528289794922
2025-10-22,76.4095230102539
2025-10-23,76.58001708984375
2025-10-24,76.7883529663086
2025-10-27,76.97776794433594
2025-10-28,76.9020004272461
2025-10-29,76.66522979736328
2025-10-30,76.5231704711914
2025-10-31,76.5231704711914
2025-11-03,76.28520202636719
2025-11-04,76.29472351074219
2025-11-05,76.37088775634766
2025-11-06,76.3994140625
2025-11-07,76.466064453125
2025-11-10,76.72308349609375
2025-11-11,76.80874633789062
2025-11-12,76.65644073486328
2025-11-13,76.34231567382812
2025-11-14,76.3613510131836
2025-11-17,76.23760223388672
2025-11-18,76.25664520263672
2025-11-19,76.29472351074219
2025-11-20,76.24713134765625
2025-11-21,76.50413513183594
2025-11-24,76.71355438232422
2025-11-25,76.98008728027344
2025-11-26,77.05623626708984
2025-11-28,77.09432983398438
2025-12-01,76.95563507080078
2025-12-02,77.09910583496094
2025-12-03,77.16603088378906
2025-12-04,77.22341918945312
2025-12-05,77.22341918945312
2025-12-08,77.03215026855469
2025-12-09,76.94608306884766
2025-12-10,77.20430755615234
2025-12-11,77.19473266601562
2025-12-12,77.05128479003906
2025-12-15,77.08952331542969
2025-12-16,77.1373519897461
2025-12-17,77.04171752929688
2025-12-18,77.25211334228516
2025-12-19,77.21463775634766
2025-12-22,77.28189849853516
2025-12-23,77.33953857421875
2025-12-24,77.48367309570312
2025-12-26,77.44524383544922
2025-12-29,77.47406005859375
2025-12-30,77.55093383789062
2025-12-31,77.47406005859375
2026-01-02,77.51250457763672
2026-01-05,77.71427154541016
2026-01-06,77.7334976196289
2026-01-07,77.71427154541016
2026-01-08,77.77194213867188
2026-01-09,77.82958221435547
2026-01-12,77.86802673339844
2026-01-13,77.86802673339844
2026-01-14,77.86802673339844
2026-01-15,77.86802673339844
2026-01-16,77.91606140136719
2026-01-20,77.71427154541016
2026-01-21,77.94488525390625
2026-01-22,78.00253295898438
2026-01-23,77.964111328125
2026-01-26,78.00253295898438
2026-01-27,77.99291229248047
2026-01-28,77.86802673339844
2026-01-29,77.8583984375
2026-01-30,77.94488525390625
2026-02-02,77.99220275878906
2026-02-03,77.94393157958984
2026-02-04,77.84735870361328
2026-02-05,77.76044464111328
2026-02-06,78.03082275390625
2026-02-09,78.13703918457031
2026-02-10,78.0597915649414
2026-02-11,78.05013275146484
2026-02-12,78.01151275634766
2026-02-13,78.0694580078125
2026-02-17,78.03082275390625
2026-02-18,78.12738800048828
2026-02-19,78.1563720703125
2026-02-20,78.21429443359375
2026-02-23,78.0887680053711
2026-02-24,78.03082275390625
2026-02-25,78.13703918457031
2026-02-26,78.0694580078125
2026-02-27,77.94393157958984
2026-03-02,77.8992919921875
2026-03-03,77.74403381347656
2026-03-04,78.0157241821289
2026-03-05,77.70521545410156
2026-03-06,77.32678985595703
2026-03-09,77.79254913330078
2026-03-10,77.66641235351562
2026-03-11,77.49174499511719
2026-03-12,76.99685668945312
2026-03-13,76.851318359375
2026-03-16,77.0938949584961
2026-03-17,77.44322204589844
2026-03-18,77.04539489746094
2026-03-19,77.29767608642578
2026-03-20,76.57962036132812
2026-03-23,77.08419799804688
2026-03-24,76.82221221923828
2026-03-25,77.06478118896484
2026-03-26,76.57962036132812
2026-03-27,76.38555145263672
2026-03-30,76.4728775024414
2026-03-31,77.20063018798828
2026-04-01,77.38980865478516
2026-04-02,77.5750503540039
2026-04-06,77.71156311035156
2026-04-07,77.73106384277344
2026-04-08,78.18933868408203
2026-04-09,78.277099609375
2026-04-10,77.96508026123047
2026-04-13,78.2575912475586
2026-04-14,78.49160766601562
2026-04-15,78.45259857177734
2026-04-16,78.34534454345703
2026-04-17,78.63786315917969
2026-04-20,78.56961822509766
2026-04-21,78.36485290527344
2026-04-22,78.49160766601562
2026-04-23,78.36485290527344
2026-04-24,78.47210693359375
2026-04-27,78.5013656616211
2026-04-28,78.39409637451172
2026-04-29,78.1308364868164
2026-04-30,78.37460327148438
2026-05-01,78.47163391113281
2026-05-04,78.216796875
2026-05-05,78.33440399169922
2026-05-06,78.56965637207031
2026-05-07,78.27560424804688
2026-05-08,78.550048828125
2026-05-11,78.39321899414062
2026-05-12,78.28540802001953
2026-05-13,78.32461547851562
2026-05-14,78.26580047607422
2026-05-15,77.88353729248047
2026-05-18,77.96195220947266
2026-05-19,77.77571105957031
2026-05-20,78.27560424804688
2026-05-21,78.31481170654297
2026-05-22,78.32461547851562
2026-05-26,78.5892562866211
2026-05-27,78.54024505615234
2026-05-28,78.63825988769531
2026-05-29,78.71668243408203
2026-06-01,78.65657043457031
2026-06-02,78.71569061279297
2026-06-03,78.49894714355469
2026-06-04,78.646728515625
2026-06-05,78.25265502929688
2026-06-08,78.36103057861328
2026-06-09,78.4398422241211
2026-06-10,78.29206848144531
2026-06-11,78.75509643554688
2026-06-12,78.75509643554688
2026-06-15,78.85362243652344
2026-06-16,78.84375762939453
2026-06-17,78.54821014404297
2026-06-18,78.82405853271484
2026-06-22,78.75509643554688
2026-06-23,78.6861343383789
2026-06-24,78.66641998291016
2026-06-25,78.69597625732422
2026-06-26,78.646728515625
2026-06-29,78.82405853271484
2026-06-30,78.78465270996094
2026-07-01,78.77375793457031
2026-07-02,78.89253234863281
2026-07-06,79.05089569091797
2026-07-07,78.94202423095703
2026-07-08,78.84304809570312
2026-07-09,78.93212127685547
2026-07-10,78.89253234863281
2026-07-13,78.70447540283203
2026-07-14,78.86283874511719
2026-07-15,78.99150848388672
2026-07-16,78.98161315917969
2026-07-17,78.83314514160156
2026-07-20,78.86283874511719
2026-07-21,78.83314514160156
2026-07-22,78.70447540283203
2026-07-23,78.4174575805664
2026-07-24,78.4174575805664
2026-07-27,78.45704650878906
2026-07-28,78.60549926757812
2026-07-29,78.42735290527344
2026-07-30,78.65499877929688
2026-07-31,78.6648941040039
2026-08-03,78.87772369384766
2026-08-04,79.11642456054688
2026-08-05,79.08657836914062
2026-08-06,79.02690887451172
2026-08-07,79.17609405517578
2026-08-10,79.04680633544922
2026-08-11,79.0766372680664
2026-08-12,79.17609405517578
2026-08-13,79.35511016845703
2026-08-14,79.27554321289062
2026-08-17,79.17609405517578
2026-08-18,79.09652709960938
2026-08-19,79.27554321289062
2026-08-20,79.12635803222656
2026-08-21,79.17609405517578
2026-08-24,79.26559448242188
2026-08-25,79.4843978881836
2026-08-26,79.46451568603516
2026-08-27,79.43467712402344
2026-08-28,79.30538177490234
2026-08-31,79.375
2026-09-01,79.0999984741211
2026-09-02,79.11000061035156
2026-09-03,79.20999908447266
2026-09-04,79.16000366210938
