Date,close
2005-12-01,16.46535873413086
2005-12-02,16.529048919677734
2005-12-05,16.248825073242188
2005-12-06,16.321001052856445
2005-12-07,16.236087799072266
2005-12-08,15.887930870056152
2005-12-09,16.108707427978516
2005-12-12,16.304019927978516
2005-12-13,16.367708206176758
2005-12-14,16.282787322998047
2005-12-15,16.27005386352539
2005-12-16,16.15117073059082
2005-12-19,15.760552406311035
2005-12-20,15.828484535217285
2005-12-21,15.807252883911133
2005-12-22,16.006813049316406
2005-12-23,16.05776023864746
2005-12-27,15.83272933959961
2005-12-28,15.892175674438477
2005-12-29,15.675636291503906
2005-12-30,15.556750297546387
2006-01-03,16.100217819213867
2006-01-04,16.21910285949707
2006-01-05,16.541786193847656
2006-01-06,16.834749221801758
2006-01-09,16.923912048339844
2006-01-10,16.898433685302734
2006-01-11,17.06827163696289
2006-01-12,17.00033950805664
2006-01-13,16.75832176208496
2006-01-17,16.486587524414062
2006-01-18,16.11720085144043
2006-01-19,16.456871032714844
2006-01-20,15.879436492919922
2006-01-23,15.853961944580078
2006-01-24,15.853961944580078
2006-01-25,15.807252883911133
2006-01-26,16.1766414642334
2006-01-27,16.231842041015625
2006-01-30,16.278547286987305
2006-01-31,15.8369779586792
2006-02-01,16.21910285949707
2006-02-02,15.955859184265137
2006-02-03,15.752058982849121
2006-02-06,16.040781021118164
2006-02-07,16.155410766601562
2006-02-08,16.388935089111328
2006-02-09,16.34223175048828
2006-02-10,16.18088722229004
2006-02-13,16.028039932250977
2006-02-14,16.24032974243164
2006-02-15,16.21910285949707
2006-02-16,16.431394577026367
2006-02-17,16.087482452392578
2006-02-21,15.811505317687988
2006-02-22,15.943120002746582
2006-02-23,15.70960521697998
2006-02-24,15.688373565673828
2006-02-27,15.811505317687988
2006-02-28,15.718094825744629
2006-03-01,16.359214782714844
2006-03-02,16.34647560119629
2006-03-03,16.108707427978516
2006-03-06,15.900664329528809
2006-03-07,15.590720176696777
2006-03-08,15.493062019348145
2006-03-09,15.25105094909668
2006-03-10,15.25529956817627
2006-03-13,15.242558479309082
2006-03-14,15.505804061889648
2006-03-15,15.641668319702148
2006-03-16,15.123676300048828
2006-03-17,15.093955039978027
2006-03-20,15.106694221496582
2006-03-21,15.16189193725586
2006-03-22,15.217081069946289
2006-03-23,15.212839126586914
2006-03-24,15.369935035705566
2006-03-27,15.420883178710938
2006-03-28,15.11943244934082
2006-03-29,15.573732376098633
2006-03-30,15.599212646484375
2006-03-31,15.420883178710938
2006-04-03,15.510047912597656
2006-04-04,15.446355819702148
2006-04-05,15.862454414367676
2006-04-06,16.0025634765625
2006-04-07,15.662896156311035
2006-04-10,15.53976821899414
2006-04-11,15.488819122314453
2006-04-12,15.548256874084473
2006-04-13,15.624686241149902
2006-04-17,15.34870719909668
2006-04-18,15.870942115783691
2006-04-19,16.078989028930664
2006-04-20,16.24032974243164
2006-04-21,15.887930870056152
2006-04-24,15.777534484863281
2006-04-25,15.913399696350098
2006-04-26,15.849715232849121
2006-04-27,16.13418197631836
2006-04-28,15.985580444335938
2006-05-01,15.777534484863281
2006-05-02,15.819994926452637
2006-05-03,15.926139831542969
2006-05-04,16.028039932250977
2006-05-05,16.1596622467041
2006-05-08,16.146921157836914
2006-05-09,15.989825248718262
2006-05-10,15.624686241149902
2006-05-11,15.369935035705566
2006-05-12,15.259543418884277
2006-05-15,15.157642364501953
2006-05-16,15.144905090332031
2006-05-17,14.8646821975708
2006-05-18,14.728811264038086
2006-05-19,14.936860084533691
2006-05-22,14.533504486083984
2006-05-23,14.26601505279541
2006-05-24,14.43585205078125
2006-05-25,14.43585205078125
2006-05-26,14.520768165588379
2006-05-30,14.278754234313965
2006-05-31,14.448588371276855
2006-06-01,14.699091911315918
2006-06-02,14.69059944152832
2006-06-05,14.278754234313965
2006-06-06,14.283001899719238
2006-06-07,13.973052978515625
2006-06-08,13.905120849609375
2006-06-09,13.828695297241211
2006-06-12,13.539977073669434
2006-06-13,13.514504432678223
2006-06-14,13.697074890136719
2006-06-15,14.138641357421875
2006-06-16,14.011266708374023
2006-06-19,13.934842109680176
2006-06-20,13.896629333496094
2006-06-21,14.13015079498291
2006-06-22,13.951825141906738
2006-06-23,13.777745246887207
2006-06-26,13.892382621765137
2006-06-27,13.624896049499512
2006-06-28,13.663106918334961
2006-06-29,14.040986061096191
2006-06-30,13.973052978515625
2006-07-03,14.155625343322754
2006-07-05,13.765006065368652
2006-07-06,13.722549438476562
2006-07-07,13.501766204833984
2006-07-10,13.200309753417969
2006-07-11,13.590927124023438
2006-07-12,13.225787162780762
2006-07-13,13.02198600769043
2006-07-14,13.043214797973633
2006-07-17,12.979527473449707
2006-07-18,13.04745864868164
2006-07-19,13.16209888458252
2006-07-20,12.771480560302734
2006-07-21,12.389357566833496
2006-07-24,12.635615348815918
2006-07-25,12.85639762878418
2006-07-26,12.9073486328125
2006-07-27,12.97528076171875
2006-07-28,13.340425491333008
2006-07-31,13.382881164550781
2006-08-01,13.017740249633789
2006-08-02,13.200309753417969
2006-08-03,13.314949989318848
2006-08-04,13.280982971191406
2006-08-07,13.204558372497559
2006-08-08,13.174838066101074
2006-08-09,13.183329582214355
2006-08-10,13.47629165649414
2006-08-11,13.005002975463867
2006-08-14,13.242770195007324
2006-08-15,13.56969928741455
2006-08-16,13.990036964416504
2006-08-17,14.002774238586426
2006-08-18,14.074954986572266
2006-08-21,13.841431617736816
2006-08-22,13.786238670349121
2006-08-23,13.756515502929688
2006-08-24,13.892382621765137
2006-08-25,13.913614273071289
2006-08-28,14.113166809082031
2006-08-29,14.393391609191895
2006-08-30,14.584456443786621
2006-08-31,14.474064826965332
2006-09-01,14.367918014526367
2006-09-05,14.495292663574219
2006-09-06,14.040986061096191
2006-09-07,13.930595397949219
2006-09-08,14.142888069152832
2006-09-11,14.278754234313965
2006-09-12,14.677862167358398
2006-09-13,14.62266731262207
2006-09-14,14.609930038452148
2006-09-15,14.584456443786621
2006-09-18,14.711833000183105
2006-09-19,14.43160343170166
2006-09-20,14.57171630859375
2006-09-21,14.19808292388916
2006-09-22,14.159870147705078
2006-09-25,14.529261589050293
2006-09-26,14.597192764282227
2006-09-27,14.503785133361816
2006-09-28,14.711833000183105
2006-09-29,14.55898380279541
2006-10-02,14.478310585021973
2006-10-03,14.372159957885742
2006-10-04,14.626913070678711
2006-10-05,14.516520500183105
2006-10-06,14.423112869262695
2006-10-09,14.567474365234375
2006-10-10,14.512276649475098
2006-10-11,14.703337669372559
2006-10-12,14.970824241638184
2006-10-13,15.07272720336914
2006-10-16,15.16613483428955
2006-10-17,14.817977905273438
2006-10-18,14.461324691772461
2006-10-19,14.380655288696289
2006-10-20,14.274507522583008
2006-10-23,14.372159957885742
2006-10-24,14.159870147705078
2006-10-25,14.452835083007812
2006-10-26,14.601438522338867
2006-10-27,14.244786262512207
2006-10-30,14.33819580078125
2006-10-31,14.43585205078125
2006-11-01,14.13015079498291
2006-11-02,14.03249454498291
2006-11-03,13.994281768798828
2006-11-06,14.261770248413086
2006-11-07,14.414619445800781
2006-11-08,14.376411437988281
2006-11-09,14.096186637878418
2006-11-10,14.261770248413086
2006-11-13,14.529261589050293
2006-11-14,14.975072860717773
2006-11-15,15.064234733581543
2006-11-16,15.051497459411621
2006-11-17,14.979317665100098
2006-11-20,15.123676300048828
2006-11-21,14.881664276123047
2006-11-22,15.064234733581543
2006-11-24,15.004789352416992
2006-11-27,14.707585334777832
2006-11-28,14.631158828735352
2006-11-29,14.546239852905273
2006-11-30,14.669371604919434
2006-12-01,14.444340705871582
2006-12-04,14.711833000183105
2006-12-05,14.77551555633545
2006-12-06,14.77551555633545
2006-12-07,14.597192764282227
2006-12-08,14.516520500183105
2006-12-11,14.465571403503418
2006-12-12,14.40613079071045
2006-12-13,14.287247657775879
2006-12-14,14.503785133361816
2006-12-15,14.546239852905273
2006-12-18,14.52501106262207
2006-12-19,14.31272029876709
2006-12-20,14.397637367248535
2006-12-21,14.227803230285645
2006-12-22,14.134395599365234
2006-12-26,14.227803230285645
2006-12-27,14.33394718170166
2006-12-28,14.33394718170166
2006-12-29,14.287247657775879
2007-01-03,14.253278732299805
2007-01-04,14.516520500183105
2007-01-05,14.372159957885742
2007-01-08,14.461324691772461
2007-01-09,14.57596206665039
2007-01-10,14.754289627075195
2007-01-11,14.851940155029297
2007-01-12,14.89864730834961
2007-01-16,14.741552352905273
2007-01-17,14.62266731262207
2007-01-18,14.079200744628906
2007-01-19,14.181100845336914
2007-01-22,14.083444595336914
2007-01-23,14.066462516784668
2007-01-24,14.261770248413086
2007-01-25,14.244786262512207
2007-01-26,14.35942554473877
2007-01-29,14.329705238342285
2007-01-30,14.346687316894531
2007-01-31,14.363672256469727
2007-02-01,14.478310585021973
2007-02-02,14.57171630859375
2007-02-05,14.626913070678711
2007-02-06,14.529261589050293
2007-02-07,14.648143768310547
2007-02-08,14.588703155517578
2007-02-09,14.410375595092773
2007-02-12,14.261770248413086
2007-02-13,14.321212768554688
2007-02-14,14.635404586791992
2007-02-15,14.648143768310547
2007-02-16,14.631158828735352
2007-02-20,14.652387619018555
2007-02-21,14.639652252197266
2007-02-22,15.030267715454102
2007-02-23,15.098199844360352
2007-02-26,15.076970100402832
2007-02-27,14.626913070678711
2007-02-28,14.618420600891113
2007-03-01,14.486797332763672
2007-03-02,14.291492462158203
2007-03-05,14.159870147705078
2007-03-06,14.389143943786621
2007-03-07,14.33819580078125
2007-03-08,14.448588371276855
2007-03-09,14.694846153259277
2007-03-12,14.750043869018555
2007-03-13,14.580206871032715
2007-03-14,14.550488471984863
2007-03-15,14.580206871032715
2007-03-16,14.474064826965332
2007-03-19,14.410375595092773
2007-03-20,14.503785133361816
2007-03-21,14.69059944152832
2007-03-22,14.584456443786621
2007-03-23,14.588703155517578
2007-03-26,14.546239852905273
2007-03-27,14.537752151489258
2007-03-28,14.33394718170166
2007-03-29,14.257527351379395
2007-03-30,14.17685604095459
2007-04-02,14.2023286819458
2007-04-03,14.253278732299805
2007-04-04,14.452835083007812
2007-04-05,14.537752151489258
2007-04-09,14.55898380279541
2007-04-10,14.788256645202637
2007-04-11,14.635404586791992
2007-04-12,14.707585334777832
2007-04-13,14.635404586791992
2007-04-16,14.728811264038086
2007-04-17,14.699091911315918
2007-04-18,15.106694221496582
2007-04-19,15.293508529663086
2007-04-20,15.382670402526855
2007-04-23,15.2722806930542
2007-04-24,15.76904296875
2007-04-25,16.006813049316406
2007-04-26,15.93038558959961
2007-04-27,15.7393217086792
2007-04-30,15.544015884399414
2007-05-01,15.654402732849121
2007-05-02,15.756303787231445
2007-05-03,15.7393217086792
2007-05-04,15.93038558959961
2007-05-07,15.909154891967773
2007-05-08,15.83272933959961
2007-05-09,16.1766414642334
2007-05-10,15.93038558959961
2007-05-11,16.125690460205078
2007-05-14,16.1596622467041
2007-05-15,15.947367668151855
2007-05-16,15.900664329528809
2007-05-17,15.752058982849121
2007-05-18,15.773289680480957
2007-05-21,15.752058982849121
2007-05-22,15.83272933959961
2007-05-23,15.548256874084473
2007-05-24,15.314742088317871
2007-05-25,15.395408630371094
2007-05-29,15.463340759277344
2007-05-30,15.357195854187012
2007-05-31,15.58647346496582
2007-06-01,15.701109886169434
2007-06-04,15.662896156311035
2007-06-05,15.552505493164062
2007-06-06,15.369935035705566
2007-06-07,15.153398513793945
2007-06-08,15.590720176696777
2007-06-11,15.535523414611816
2007-06-12,15.416638374328613
2007-06-13,15.752058982849121
2007-06-14,15.900664329528809
2007-06-15,16.21910285949707
2007-06-18,16.24032974243164
2007-06-19,16.138427734375
2007-06-20,16.040781021118164
2007-06-21,16.495080947875977
2007-06-22,16.253070831298828
2007-06-25,16.066253662109375
2007-06-26,16.028039932250977
2007-06-27,16.384689331054688
2007-06-28,16.278547286987305
2007-06-29,16.155410766601562
2007-07-02,16.388935089111328
2007-07-03,16.456871032714844
2007-07-05,16.512065887451172
2007-07-06,16.65642738342285
2007-07-09,16.732851028442383
2007-07-10,16.609722137451172
2007-07-11,16.579998016357422
2007-07-12,17.07676124572754
2007-07-13,17.064023971557617
2007-07-16,17.11072540283203
2007-07-17,17.429166793823242
2007-07-18,17.11072540283203
2007-07-19,17.161678314208984
2007-07-20,16.932403564453125
2007-07-23,16.919666290283203
2007-07-24,16.57150650024414
2007-07-25,16.618213653564453
2007-07-26,16.312511444091797
2007-07-27,16.019548416137695
2007-07-30,16.261558532714844
2007-07-31,16.036527633666992
2007-08-01,16.100217819213867
2007-08-02,16.095970153808594
2007-08-03,15.747811317443848
2007-08-06,15.921895980834961
2007-08-07,15.8964204788208
2007-08-08,16.21910285949707
2007-08-09,15.964353561401367
2007-08-10,16.006813049316406
2007-08-13,15.904909133911133
2007-08-14,15.701109886169434
2007-08-15,15.32747745513916
2007-08-16,15.28502082824707
2007-08-17,15.518535614013672
2007-08-20,15.70960521697998
2007-08-21,15.777534484863281
2007-08-22,15.849715232849121
2007-08-23,15.807252883911133
2007-08-24,15.998318672180176
2007-08-27,15.807252883911133
2007-08-28,15.412392616271973
2007-08-29,15.858205795288086
2007-08-30,15.879436492919922
2007-08-31,16.087482452392578
2007-09-04,16.5078182220459
2007-09-05,16.295528411865234
2007-09-06,16.439891815185547
2007-09-07,16.05351448059082
2007-09-10,16.04502296447754
2007-09-11,16.231842041015625
2007-09-12,15.955859184265137
2007-09-13,15.892175674438477
2007-09-14,15.76904296875
2007-09-17,15.730826377868652
2007-09-18,16.036527633666992
2007-09-19,16.197874069213867
2007-09-20,16.25731658935547
2007-09-21,16.380447387695312
2007-09-24,16.291278839111328
2007-09-25,16.261558532714844
2007-09-26,16.210607528686523
2007-09-27,16.28703498840332
2007-09-28,16.261558532714844
2007-10-01,16.529048919677734
2007-10-02,16.541786193847656
2007-10-03,16.20212173461914
2007-10-04,16.121448516845703
2007-10-05,16.325244903564453
2007-10-08,16.34647560119629
2007-10-09,16.282787322998047
2007-10-10,16.172399520874023
2007-10-11,15.883682250976562
2007-10-12,15.429376602172852
2007-10-15,15.412392616271973
2007-10-16,15.352952003479004
2007-10-17,15.624686241149902
2007-10-18,15.590720176696777
2007-10-19,15.127923965454102
2007-10-22,15.28502082824707
2007-10-23,15.043004989624023
2007-10-24,14.626913070678711
2007-10-25,14.372159957885742
2007-10-26,14.346687316894531
2007-10-29,14.49953842163086
2007-10-30,14.529261589050293
2007-10-31,14.699091911315918
2007-11-01,14.465571403503418
2007-11-02,14.541996955871582
2007-11-05,14.457079887390137
2007-11-06,14.609930038452148
2007-11-07,14.287247657775879
2007-11-08,14.03249454498291
2007-11-09,13.985790252685547
2007-11-12,13.849922180175781
2007-11-13,14.096186637878418
2007-11-14,13.973052978515625
2007-11-15,13.883892059326172
2007-11-16,13.922103881835938
2007-11-19,13.68009090423584
2007-11-20,13.607911109924316
2007-11-21,13.344671249389648
2007-11-23,13.497519493103027
2007-11-26,13.204558372497559
2007-11-27,13.408355712890625
2007-11-28,14.011266708374023
2007-11-29,13.862661361694336
2007-11-30,13.722549438476562
2007-12-03,13.718304634094238
2007-12-04,13.65461540222168
2007-12-05,14.040986061096191
2007-12-06,14.2405424118042
2007-12-07,14.189589500427246
2007-12-10,14.304228782653809
2007-12-11,14.03249454498291
2007-12-12,14.232050895690918
2007-12-13,14.083444595336914
2007-12-14,13.871152877807617
2007-12-17,13.65461540222168
2007-12-18,13.714056015014648
2007-12-19,13.739532470703125
2007-12-20,13.934842109680176
2007-12-21,14.062214851379395
2007-12-24,14.17685604095459
2007-12-26,14.155625343322754
2007-12-27,13.900875091552734
2007-12-28,13.854170799255371
2007-12-31,13.781990051269531
2008-01-02,13.314949989318848
2008-01-03,13.081429481506348
2008-01-04,12.419076919555664
2008-01-07,12.48701000213623
2008-01-08,12.257736206054688
2008-01-09,12.278963088989258
2008-01-10,12.236506462097168
2008-01-11,11.973264694213867
2008-01-14,12.38086223602295
2008-01-15,12.070919036865234
2008-01-16,11.850133895874023
2008-01-17,11.68879508972168
2008-01-18,11.850133895874023
2008-01-22,11.637843132019043
2008-01-23,12.053935050964355
2008-01-24,12.266225814819336
2008-01-25,11.89684009552002
2008-01-28,12.168573379516602
2008-01-29,12.121868133544922
2008-01-30,12.232259750366211
2008-01-31,11.952034950256348
2008-02-01,12.839415550231934
2008-02-04,12.525222778320312
2008-02-05,12.066673278808594
2008-02-06,11.845888137817383
2008-02-07,11.892593383789062
2008-02-08,11.952034950256348
2008-02-11,12.185556411743164
2008-02-12,12.185556411743164
2008-02-13,12.576170921325684
2008-02-14,12.287455558776855
2008-02-15,12.134605407714844
2008-02-19,12.011476516723633
2008-02-20,12.249242782592773
2008-02-21,12.232259750366211
2008-02-22,12.22376823425293
2008-02-25,12.308684349060059
2008-02-26,12.533712387084961
2008-02-27,12.682318687438965
2008-02-28,12.503993034362793
2008-02-29,12.121868133544922
2008-03-03,12.058180809020996
2008-03-04,12.155835151672363
2008-03-05,12.291701316833496
2008-03-06,12.075165748596191
2008-03-07,12.155835151672363
2008-03-10,12.18131160736084
2008-03-11,12.427568435668945
2008-03-12,12.359635353088379
2008-03-13,12.444552421569824
2008-03-14,12.177066802978516
2008-03-17,12.198293685913086
2008-03-18,12.62287712097168
2008-03-19,12.189802169799805
2008-03-20,12.351144790649414
2008-03-24,12.652597427368164
2008-03-25,12.678071975708008
2008-03-26,12.48701000213623
2008-03-27,12.270472526550293
2008-03-28,12.11337661743164
2008-03-31,12.194046974182129
2008-04-01,12.62287712097168
2008-04-02,12.724776268005371
2008-04-03,12.983773231506348
2008-04-04,12.924332618713379
2008-04-07,12.86064624786377
2008-04-08,12.508238792419434
2008-04-09,12.652597427368164
2008-04-10,12.945561408996582
2008-04-11,12.546451568603516
2008-04-14,12.270472526550293
2008-04-15,12.25348949432373
2008-04-16,12.758744239807129
2008-04-17,12.779973030090332
2008-04-18,12.9073486328125
2008-04-21,13.136622428894043
2008-04-22,12.758744239807129
2008-04-23,12.992264747619629
2008-04-24,13.119640350341797
2008-04-25,13.145115852355957
2008-04-28,13.128132820129395
2008-04-29,13.166343688964844
2008-04-30,12.979527473449707
2008-05-01,13.429586410522461
2008-05-02,13.497519493103027
2008-05-05,13.404111862182617
2008-05-06,13.501766204833984
2008-05-07,13.429586410522461
2008-05-08,13.484783172607422
2008-05-09,13.47629165649414
2008-05-12,13.620649337768555
2008-05-13,13.637632369995117
2008-05-14,13.790481567382812
2008-05-15,14.074954986572266
2008-05-16,14.13015079498291
2008-05-19,14.138641357421875
2008-05-20,13.875398635864258
2008-05-21,13.709811210632324
2008-05-22,13.714056015014648
2008-05-23,13.620649337768555
2008-05-27,13.832942008972168
2008-05-28,13.875398635864258
2008-05-29,13.871152877807617
2008-05-30,13.862661361694336
2008-06-02,13.820201873779297
2008-06-03,13.671600341796875
2008-06-04,13.926347732543945
2008-06-05,13.968809127807617
2008-06-06,13.633386611938477
2008-06-09,13.607911109924316
2008-06-10,13.416849136352539
2008-06-11,13.034724235534668
2008-06-12,13.055953025817871
2008-06-13,13.489027976989746
2008-06-16,13.58668327331543
2008-06-17,13.459307670593262
2008-06-18,13.200309753417969
2008-06-19,13.450817108154297
2008-06-20,13.204558372497559
2008-06-23,13.013494491577148
2008-06-24,13.089919090270996
2008-06-25,13.280982971191406
2008-06-26,12.73751449584961
2008-06-27,12.690811157226562
2008-06-30,12.588910102844238
2008-07-01,12.48276424407959
2008-07-02,12.261981010437012
2008-07-03,12.185556411743164
2008-07-07,12.164324760437012
2008-07-08,12.270472526550293
2008-07-09,11.782200813293457
2008-07-10,11.994492530822754
2008-07-11,11.969019889831543
2008-07-14,11.888348579406738
2008-07-15,12.032706260681152
2008-07-16,12.291701316833496
2008-07-17,12.652597427368164
2008-07-18,12.618631362915039
2008-07-21,12.495500564575195
2008-07-22,11.930806159973145
2008-07-23,12.032706260681152
2008-07-24,11.676054954528809
2008-07-25,11.68030071258545
2008-07-28,11.557171821594238
2008-07-29,11.76097297668457
2008-07-30,11.845888137817383
2008-07-31,11.850133895874023
2008-08-01,11.828906059265137
2008-08-04,11.922311782836914
2008-08-05,12.185556411743164
2008-08-06,12.228014945983887
2008-08-07,12.461536407470703
2008-08-08,12.729023933410645
2008-08-11,12.873382568359375
2008-08-12,12.9073486328125
2008-08-13,12.9073486328125
2008-08-14,12.928577423095703
2008-08-15,12.9073486328125
2008-08-18,12.758744239807129
2008-08-19,12.461536407470703
2008-08-20,12.334158897399902
2008-08-21,12.219523429870605
2008-08-22,12.376618385314941
2008-08-25,12.219523429870605
2008-08-26,12.177066802978516
2008-08-27,12.228014945983887
2008-08-28,12.38086223602295
2008-08-29,12.100640296936035
2008-09-02,11.952034950256348
2008-09-03,11.47650146484375
2008-09-04,11.102867126464844
2008-09-05,11.251471519470215
2008-09-08,11.272700309753418
2008-09-09,10.924541473388672
2008-09-10,10.933034896850586
2008-09-11,10.979737281799316
2008-09-12,10.933034896850586
2008-09-15,10.72498607635498
2008-09-16,10.890575408935547
2008-09-17,10.406550407409668
2008-09-18,10.975492477416992
2008-09-19,11.251471519470215
2008-09-22,10.606104850769043
2008-09-23,10.550908088684082
2008-09-24,10.508450508117676
2008-09-25,10.784430503845215
2008-09-26,10.975492477416992
2008-09-29,9.95649242401123
2008-09-30,10.487220764160156
2008-10-01,10.296156883239746
2008-10-02,9.807886123657227
2008-10-03,9.722969055175781
2008-10-06,9.527660369873047
2008-10-07,8.895030975341797
2008-10-08,8.950226783752441
2008-10-09,8.7124605178833
2008-10-10,8.619048118591309
2008-10-13,9.446989059448242
2008-10-14,8.703968048095703
2008-10-15,8.109551429748535
2008-10-16,8.483184814453125
2008-10-17,8.343072891235352
2008-10-20,8.576593399047852
2008-10-21,8.215697288513184
2008-10-22,7.833571910858154
2008-10-23,7.791112899780273
2008-10-24,7.791112899780273
2008-10-27,7.761392116546631
2008-10-28,8.585084915161133
2008-10-29,8.190223693847656
2008-10-30,8.653019905090332
2008-10-31,8.810113906860352
2008-11-03,8.576593399047852
2008-11-04,8.937488555908203
2008-11-05,8.394021987915039
2008-11-06,7.621279239654541
2008-11-07,8.003406524658203
2008-11-10,7.684967517852783
2008-11-11,7.600051403045654
2008-11-12,7.281612873077393
2008-11-13,7.9609479904174805
2008-11-14,7.2603840827941895
2008-11-17,7.11177921295166
2008-11-18,6.984404563903809
2008-11-19,6.487640380859375
2008-11-20,6.241382122039795
2008-11-21,6.474903106689453
2008-11-24,6.984404563903809
2008-11-25,6.7890944480896
2008-11-26,7.196695804595947
2008-11-28,7.060828685760498
2008-12-01,6.59378719329834
2008-12-02,6.7084245681762695
2008-12-03,7.005633354187012
2008-12-04,6.712671279907227
2008-12-05,6.882503032684326
2008-12-08,7.094794750213623
2008-12-09,7.400496006011963
2008-12-10,7.366528511047363
2008-12-11,7.2603840827941895
2008-12-12,7.727426528930664
2008-12-15,7.442952632904053
2008-12-16,7.8972601890563965
2008-12-17,7.833571910858154
2008-12-18,7.336808204650879
2008-12-19,7.468430042266846
2008-12-22,7.298596382141113
2008-12-23,7.0438456535339355
2008-12-24,7.158482074737549
2008-12-26,7.094794750213623
2008-12-29,7.154237747192383
2008-12-30,7.434463024139404
2008-12-31,7.476922035217285
2009-01-02,7.803849697113037
2009-01-05,7.761392116546631
2009-01-06,8.135026931762695
2009-01-07,7.672230243682861
2009-01-08,7.667983055114746
2009-01-09,7.43870735168457
2009-01-12,7.243398666381836
2009-01-13,7.311333656311035
2009-01-14,6.992895126342773
2009-01-15,7.1499924659729
2009-01-16,7.476922035217285
2009-01-20,6.975912570953369
2009-01-21,7.137253761291504
2009-01-22,6.946191310882568
2009-01-23,7.247646331787109
2009-01-26,7.277367115020752
2009-01-27,7.549099922180176
2009-01-28,7.710441589355469
2009-01-29,7.311333656311035
2009-01-30,7.183959007263184
2009-02-02,7.392003536224365
2009-02-03,7.455691337585449
2009-02-04,7.587313652038574
2009-02-05,7.863291263580322
2009-02-06,8.020390510559082
2009-02-09,8.050108909606934
2009-02-10,7.684967517852783
2009-02-11,7.570329666137695
2009-02-12,7.617033958435059
2009-02-13,7.689213752746582
2009-02-17,7.188205718994141
2009-02-18,7.192451000213623
2009-02-19,6.848537445068359
2009-02-20,6.920715808868408
2009-02-23,6.648983001708984
2009-02-24,6.967421054840088
2009-02-25,7.209432601928711
2009-02-26,7.09904146194458
2009-02-27,6.992895126342773
2009-03-02,6.682950019836426
2009-03-03,6.763620853424072
2009-03-04,7.052338123321533
2009-03-05,6.967421054840088
2009-03-06,6.8442912101745605
2009-03-09,6.755128860473633
2009-03-10,7.319826126098633
2009-03-11,7.434463024139404
2009-03-12,7.684967517852783
2009-03-13,7.7996063232421875
2009-03-16,7.544854640960693
2009-03-17,7.842062473297119
2009-03-18,8.07558536529541
2009-03-19,7.982176780700684
2009-03-20,7.701950550079346
2009-03-23,8.181731224060059
2009-03-24,7.973683834075928
2009-03-25,7.990667343139648
2009-03-26,8.415249824523926
2009-03-27,8.224188804626465
2009-03-30,7.8590474128723145
2009-03-31,7.939718246459961
2009-04-01,7.956699848175049
2009-04-02,8.27938461303711
2009-04-03,8.491676330566406
2009-04-06,8.317597389221191
2009-04-07,8.058600425720215
2009-04-08,8.168993949890137
2009-04-09,8.54262638092041
2009-04-13,8.51290512084961
2009-04-14,8.546871185302734
2009-04-15,8.372793197631836
2009-04-16,8.695474624633789
2009-04-17,8.674247741699219
2009-04-20,8.275137901306152
2009-04-21,8.28787612915039
2009-04-22,8.555362701416016
2009-04-23,8.478939056396484
2009-04-24,8.597822189331055
2009-04-27,8.436480522155762
2009-04-28,8.334579467773438
2009-04-29,8.449216842651367
2009-04-30,8.691229820251465
2009-05-01,8.65726375579834
2009-05-04,9.073356628417969
2009-05-05,8.895030975341797
2009-05-06,8.984193801879883
2009-05-07,8.551117897033691
2009-05-08,8.37703800201416
2009-05-11,8.406759262084961
2009-05-12,8.23267936706543
2009-05-13,8.0883207321167
2009-05-14,8.296369552612305
2009-05-15,8.14351749420166
2009-05-18,8.364300727844238
2009-05-19,8.51290512084961
2009-05-20,8.619048118591309
2009-05-21,8.411005973815918
2009-05-22,8.478939056396484
2009-05-26,8.703968048095703
2009-05-27,8.759163856506348
2009-05-28,8.954474449157715
2009-05-29,8.958719253540039
2009-06-01,9.41302490234375
2009-06-02,9.120059967041016
2009-06-03,9.064864158630371
2009-06-04,9.175256729125977
2009-06-05,8.96296501159668
2009-06-08,9.001176834106445
2009-06-09,9.349335670471191
2009-06-10,9.340845108032227
2009-06-11,9.336599349975586
2009-06-12,9.183748245239258
2009-06-15,9.107322692871094
2009-06-16,8.933243751525879
2009-06-17,9.120059967041016
2009-06-18,8.941736221313477
2009-06-19,9.081847190856934
2009-06-22,8.810113906860352
2009-06-23,8.746426582336426
2009-06-24,8.92475414276123
2009-06-25,9.052127838134766
2009-06-26,9.069111824035645
2009-06-29,9.073356628417969
2009-06-30,9.107322692871094
2009-07-01,9.238945007324219
2009-07-02,9.158270835876465
2009-07-06,9.098830223083496
2009-07-07,8.865311622619629
2009-07-08,8.720951080322266
2009-07-09,8.856818199157715
2009-07-10,8.903523445129395
2009-07-13,9.107322692871094
2009-07-14,9.268664360046387
2009-07-15,9.722969055175781
2009-07-16,9.935259819030762
2009-07-17,10.04990005493164
2009-07-20,10.177275657653809
2009-07-21,10.10934066772461
2009-07-22,10.351353645324707
2009-07-23,10.525433540344238
2009-07-24,10.529679298400879
2009-07-27,10.529679298400879
2009-07-28,10.618842124938965
2009-07-29,10.542417526245117
2009-07-30,10.533923149108887
2009-07-31,10.593369483947754
2009-08-03,10.729233741760254
2009-08-04,10.72498607635498
2009-08-05,10.623087882995605
2009-08-06,10.482975006103516
2009-08-07,10.457499504089355
2009-08-10,10.389566421508789
2009-08-11,10.291913032531738
2009-08-12,10.381074905395508
2009-08-13,10.623087882995605
2009-08-14,10.423532485961914
2009-08-17,10.173027992248535
2009-08-18,10.325878143310547
2009-08-19,10.423532485961914
2009-08-20,10.436271667480469
2009-08-21,10.627331733703613
2009-08-24,10.538168907165527
2009-08-25,10.576383590698242
2009-08-26,10.686775207519531
2009-08-27,10.699512481689453
2009-08-28,10.907559394836426
2009-08-31,10.805659294128418
2009-09-01,10.546661376953125
2009-09-02,10.495711326599121
2009-09-03,10.584875106811523
2009-09-04,10.839624404907227
2009-09-08,11.000965118408203
2009-09-09,11.09437370300293
2009-09-10,11.102867126464844
2009-09-11,10.933034896850586
2009-09-14,10.928788185119629
2009-09-15,10.996720314025879
2009-09-16,10.954263687133789
2009-09-17,10.750463485717773
2009-09-18,10.856608390808105
2009-09-21,10.809903144836426
2009-09-22,10.890575408935547
2009-09-23,11.009458541870117
2009-09-24,10.805659294128418
2009-09-25,10.780183792114258
2009-09-28,10.996720314025879
2009-09-29,10.83537769317627
2009-09-30,10.877839088439941
2009-10-01,10.444762229919434
2009-10-02,10.368337631225586
2009-10-05,10.482975006103516
2009-10-06,10.720741271972656
2009-10-07,10.699512481689453
2009-10-08,10.65280818939209
2009-10-09,10.992474555969238
2009-10-12,11.158061981201172
2009-10-13,11.119852066040039
2009-10-14,11.281190872192383
2009-10-15,11.111356735229492
2009-10-16,10.894821166992188
2009-10-19,11.08163833618164
2009-10-20,11.022195816040039
2009-10-21,10.805659294128418
2009-10-22,11.005212783813477
2009-10-23,10.72498607635498
2009-10-26,10.7759370803833
2009-10-27,10.614595413208008
2009-10-28,10.334370613098145
2009-10-29,10.546661376953125
2009-10-30,10.270683288574219
2009-11-02,10.262191772460938
2009-11-03,10.147553443908691
2009-11-04,10.190011024475098
2009-11-05,10.432024955749512
2009-11-06,10.406550407409668
2009-11-09,10.729233741760254
2009-11-10,10.818395614624023
2009-11-11,10.950016975402832
2009-11-12,10.860856056213379
2009-11-13,10.907559394836426
2009-11-16,11.179291725158691
2009-11-17,11.175046920776367
2009-11-18,11.068900108337402
2009-11-19,10.699512481689453
2009-11-20,10.64856243133545
2009-11-23,10.763199806213379
2009-11-24,10.83537769317627
2009-11-25,10.890575408935547
2009-11-27,10.784430503845215
2009-11-30,10.809903144836426
2009-12-01,11.124095916748047
2009-12-02,11.209012985229492
2009-12-03,11.361865043640137
2009-12-04,11.51895809173584
2009-12-07,11.510468482971191
2009-12-08,11.434043884277344
2009-12-09,11.47650146484375
2009-12-10,11.442535400390625
2009-12-11,11.357616424560547
2009-12-14,11.510468482971191
2009-12-15,11.404322624206543
2009-12-16,11.480746269226074
2009-12-17,11.285438537597656
2009-12-18,11.493483543395996
2009-12-21,11.727005004882812
2009-12-22,11.752480506896973
2009-12-23,11.739742279052734
2009-12-24,11.918068885803223
2009-12-28,11.799186706542969
2009-12-29,11.748234748840332
2009-12-30,11.952034950256348
2009-12-31,11.854381561279297
2010-01-04,12.062426567077637
2010-01-05,11.994492530822754
2010-01-06,11.964773178100586
2010-01-07,11.871363639831543
2010-01-08,12.109130859375
2010-01-11,12.066673278808594
2010-01-12,11.637843132019043
2010-01-13,11.786449432373047
2010-01-14,11.803430557250977
2010-01-15,11.434043884277344
2010-01-19,11.599629402160645
2010-01-20,11.535942077636719
2010-01-21,11.468009948730469
2010-01-22,10.899065971374512
2010-01-25,11.047670364379883
2010-01-26,10.954263687133789
2010-01-27,11.111356735229492
2010-01-28,10.843871116638184
2010-01-29,10.512696266174316
2010-02-01,10.74197006225586
2010-02-02,10.865100860595703
2010-02-03,10.826887130737305
2010-02-04,10.406550407409668
2010-02-05,10.661300659179688
2010-02-08,10.618842124938965
2010-02-09,10.729233741760254
2010-02-10,10.758955001831055
2010-02-11,10.950016975402832
2010-02-12,11.064655303955078
2010-02-16,11.310911178588867
2010-02-17,11.319405555725098
2010-02-18,11.383090019226074
2010-02-19,11.395829200744629
2010-02-22,11.361865043640137
2010-02-23,11.085883140563965
2010-02-24,11.281190872192383
2010-02-25,11.264209747314453
2010-02-26,11.200520515441895
2010-03-01,11.47225570678711
2010-03-02,11.412814140319824
2010-03-03,11.332140922546387
2010-03-04,11.349126815795898
2010-03-05,11.47650146484375
2010-03-08,11.438287734985352
2010-03-09,11.37884521484375
2010-03-10,11.616615295410156
2010-03-11,11.50622272491455
2010-03-12,11.468009948730469
2010-03-15,11.391584396362305
2010-03-16,11.743988990783691
2010-03-17,11.909577369689941
2010-03-18,11.82465934753418
2010-03-19,11.671808242797852
2010-03-22,11.884099960327148
2010-03-23,12.147344589233398
2010-03-24,11.871363639831543
2010-03-25,11.850133895874023
2010-03-26,11.803430557250977
2010-03-29,11.867116928100586
2010-03-30,11.905332565307617
2010-03-31,11.833151817321777
2010-04-01,11.854381561279297
2010-04-05,12.134605407714844
2010-04-06,12.036951065063477
2010-04-07,12.100640296936035
2010-04-08,11.918068885803223
2010-04-09,12.049688339233398
2010-04-12,12.206786155700684
2010-04-13,12.304439544677734
2010-04-14,12.805447578430176
2010-04-15,12.928577423095703
2010-04-16,12.754497528076172
2010-04-19,12.699300765991211
2010-04-20,12.839415550231934
2010-04-21,12.669581413269043
2010-04-22,12.839415550231934
2010-04-23,12.877626419067383
2010-04-26,12.9073486328125
2010-04-27,12.516732215881348
2010-04-28,12.571928024291992
2010-04-29,12.758744239807129
2010-04-30,12.308684349060059
2010-05-03,12.567681312561035
2010-05-04,12.121868133544922
2010-05-05,12.041197776794434
2010-05-06,11.629349708557129
2010-05-07,11.463764190673828
2010-05-10,12.053935050964355
2010-05-11,11.977509498596191
2010-05-12,12.329914093017578
2010-05-13,11.956280708312988
2010-05-14,11.654824256896973
2010-05-17,11.850133895874023
2010-05-18,11.527453422546387
2010-05-19,11.620861053466797
2010-05-20,11.327895164489746
2010-05-21,11.438287734985352
2010-05-24,11.268454551696777
2010-05-25,11.395829200744629
2010-05-26,11.31515884399414
2010-05-27,11.833151817321777
2010-05-28,11.642087936401367
2010-06-01,11.44678020477295
2010-06-02,11.786449432373047
2010-06-03,11.935051918029785
2010-06-04,11.455270767211914
2010-06-07,11.090129852294922
2010-06-08,11.119852066040039
2010-06-09,11.013705253601074
2010-06-10,11.383090019226074
2010-06-11,11.497730255126953
2010-06-14,11.54867935180664
2010-06-15,12.079410552978516
2010-06-16,12.11337661743164
2010-06-17,12.121868133544922
2010-06-18,12.083656311035156
2010-06-21,11.973264694213867
2010-06-22,11.8076753616333
2010-06-23,11.833151817321777
2010-06-24,11.561416625976562
2010-06-25,11.535942077636719
2010-06-28,11.620861053466797
2010-06-29,11.19202995300293
2010-06-30,11.005212783813477
2010-07-01,10.962753295898438
2010-07-02,10.903313636779785
2010-07-06,10.945770263671875
2010-07-07,11.47225570678711
2010-07-08,11.442535400390625
2010-07-09,11.591137886047363
2010-07-12,11.714268684387207
2010-07-13,11.969019889831543
2010-07-14,11.930806159973145
2010-07-15,11.939297676086426
2010-07-16,11.654824256896973
2010-07-19,11.956280708312988
2010-07-20,11.884099960327148
2010-07-21,11.667563438415527
2010-07-22,12.032706260681152
2010-07-23,12.075165748596191
2010-07-26,12.172819137573242
2010-07-27,12.126113891601562
2010-07-28,11.922311782836914
2010-07-29,11.735495567321777
2010-07-30,11.629349708557129
2010-08-02,11.837397575378418
2010-08-03,11.676054954528809
2010-08-04,11.773709297180176
2010-08-05,11.790693283081055
2010-08-06,11.782200813293457
2010-08-09,11.833151817321777
2010-08-10,11.544434547424316
2010-08-11,11.255717277526855
2010-08-12,11.051915168762207
2010-08-13,10.91180419921875
2010-08-16,11.017951011657715
2010-08-17,11.149572372436523
2010-08-18,11.268454551696777
2010-08-19,11.043425559997559
2010-08-20,11.030686378479004
2010-08-23,10.928788185119629
2010-08-24,10.754708290100098
2010-08-25,10.809903144836426
2010-08-26,10.593369483947754
2010-08-27,10.746217727661133
2010-08-30,10.457499504089355
2010-08-31,10.304651260375977
2010-09-01,10.618842124938965
2010-09-02,10.809903144836426
2010-09-03,10.979737281799316
2010-09-07,10.746217727661133
2010-09-08,10.72498607635498
2010-09-09,10.788677215576172
2010-09-10,10.657055854797363
2010-09-13,10.992474555969238
2010-09-14,11.158061981201172
2010-09-15,11.128341674804688
2010-09-16,11.272700309753418
2010-09-17,11.30666732788086
2010-09-20,11.361865043640137
2010-09-21,11.344881057739258
2010-09-22,11.162309646606445
2010-09-23,11.264209747314453
2010-09-24,11.693039894104004
2010-09-27,11.603877067565918
2010-09-28,11.828906059265137
2010-09-29,11.786449432373047
2010-09-30,11.765217781066895
2010-10-01,11.765217781066895
2010-10-04,11.625104904174805
2010-10-05,11.930806159973145
2010-10-06,11.837397575378418
2010-10-07,11.89684009552002
2010-10-08,12.028461456298828
2010-10-11,12.096393585205078
2010-10-12,12.172819137573242
2010-10-13,12.002985000610352
2010-10-14,11.977509498596191
2010-10-15,12.079410552978516
2010-10-18,12.007230758666992
2010-10-19,11.862873077392578
2010-10-20,11.969019889831543
2010-10-21,11.947789192199707
2010-10-22,12.100640296936035
2010-10-25,12.198293685913086
2010-10-26,12.177066802978516
2010-10-27,12.444552421569824
2010-10-28,12.474272727966309
2010-10-29,12.52946949005127
2010-11-01,12.55494213104248
2010-11-02,12.6058931350708
2010-11-03,12.733270645141602
2010-11-04,13.051706314086914
2010-11-05,13.242770195007324
2010-11-08,13.230033874511719
2010-11-09,13.106902122497559
2010-11-10,13.106902122497559
2010-11-11,12.962546348571777
2010-11-12,12.958298683166504
2010-11-15,12.873382568359375
2010-11-16,12.73751449584961
2010-11-17,12.779973030090332
2010-11-18,12.97103500366211
2010-11-19,13.094165802001953
2010-11-22,13.255509376525879
2010-11-23,13.1705904006958
2010-11-24,13.450817108154297
2010-11-26,13.370145797729492
2010-11-29,13.348917007446289
2010-11-30,13.18757438659668
2010-12-01,13.531486511230469
2010-12-02,13.773496627807617
2010-12-03,13.862661361694336
2010-12-06,13.845677375793457
2010-12-07,13.866908073425293
2010-12-08,13.998529434204102
2010-12-09,14.011266708374023
2010-12-10,13.951825141906738
2010-12-13,13.832942008972168
2010-12-14,13.837188720703125
2010-12-15,13.72679615020752
2010-12-16,13.807467460632324
2010-12-17,13.862661361694336
2010-12-20,13.748023986816406
2010-12-21,13.862661361694336
2010-12-22,13.803217887878418
2010-12-23,13.798974990844727
2010-12-27,13.845677375793457
2010-12-28,13.773496627807617
2010-12-29,13.828695297241211
2010-12-30,13.841431617736816
2010-12-31,13.811711311340332
2011-01-03,13.879644393920898
2011-01-04,13.888136863708496
2011-01-05,13.862661361694336
2011-01-06,13.964561462402344
2011-01-07,13.939088821411133
2011-01-10,13.977299690246582
2011-01-11,14.083444595336914
2011-01-12,14.232050895690918
2011-01-13,14.236294746398926
2011-01-14,14.609930038452148
2011-01-18,14.686354637145996
2011-01-19,14.495292663574219
2011-01-20,14.380655288696289
2011-01-21,14.325460433959961
2011-01-24,14.626913070678711
2011-01-25,14.541996955871582
2011-01-26,14.631158828735352
2011-01-27,14.915631294250488
2011-01-28,14.605684280395508
2011-01-31,14.609930038452148
2011-02-01,14.979317665100098
2011-02-02,15.013282775878906
2011-02-03,14.962333679199219
2011-02-04,15.204350471496582
2011-02-07,15.149151802062988
2011-02-08,15.136415481567383
2011-02-09,15.106694221496582
2011-02-10,15.18311595916748
2011-02-11,15.28502082824707
2011-02-14,15.365687370300293
2011-02-15,15.293508529663086
2011-02-16,15.408148765563965
2011-02-17,15.535523414611816
2011-02-18,15.522784233093262
2011-02-22,15.07272720336914
2011-02-23,14.851940155029297
2011-02-24,14.970824241638184
2011-02-25,15.293508529663086
2011-02-28,15.191609382629395
2011-03-01,14.945350646972656
2011-03-02,15.263788223266602
2011-03-03,15.57797622680664
2011-03-04,15.463340759277344
2011-03-07,15.030267715454102
2011-03-08,15.043004989624023
2011-03-09,14.597192764282227
2011-03-10,14.325460433959961
2011-03-11,14.414619445800781
2011-03-14,14.389143943786621
2011-03-15,14.159870147705078
2011-03-16,13.820201873779297
2011-03-17,14.002774238586426
2011-03-18,14.03249454498291
2011-03-21,14.308475494384766
2011-03-22,14.227803230285645
2011-03-23,14.401883125305176
2011-03-24,14.665127754211426
2011-03-25,14.677862167358398
2011-03-28,14.635404586791992
2011-03-29,14.750043869018555
2011-03-30,14.754289627075195
2011-03-31,14.686354637145996
2011-04-01,14.469817161560059
2011-04-04,14.35942554473877
2011-04-05,14.699091911315918
2011-04-06,14.885905265808105
2011-04-07,14.8646821975708
2011-04-08,14.809484481811523
2011-04-11,14.703337669372559
2011-04-12,14.414619445800781
2011-04-13,14.452835083007812
2011-04-14,14.465571403503418
2011-04-15,14.588703155517578
2011-04-18,14.393391609191895
2011-04-19,14.457079887390137
2011-04-20,15.136415481567383
2011-04-21,15.187359809875488
2011-04-25,15.242558479309082
2011-04-26,15.501553535461426
2011-04-27,15.603453636169434
2011-04-28,15.535523414611816
2011-04-29,15.57797622680664
2011-05-02,15.408148765563965
2011-05-03,15.335966110229492
2011-05-04,15.386916160583496
2011-05-05,15.446355819702148
2011-05-06,15.514294624328613
2011-05-09,15.429376602172852
2011-05-10,15.501553535461426
2011-05-11,15.446355819702148
2011-05-12,15.603453636169434
2011-05-13,15.488819122314453
2011-05-16,15.340216636657715
2011-05-17,15.14065933227539
2011-05-18,15.471833229064941
2011-05-19,15.340216636657715
2011-05-20,15.242558479309082
2011-05-23,14.945350646972656
2011-05-24,14.834957122802734
2011-05-25,14.92412281036377
2011-05-26,14.95384407043457
2011-05-27,15.000547409057617
2011-05-31,15.238312721252441
2011-06-01,14.76278018951416
2011-06-02,14.809484481811523
2011-06-03,14.503785133361816
2011-06-06,14.452835083007812
2011-06-07,14.550488471984863
2011-06-08,14.244786262512207
2011-06-09,14.287247657775879
2011-06-10,14.05797004699707
2011-06-13,13.947577476501465
2011-06-14,14.19808292388916
2011-06-15,13.94333267211914
2011-06-16,13.807467460632324
2011-06-17,13.722549438476562
2011-06-20,13.76925277709961
2011-06-21,14.070708274841309
2011-06-22,13.981544494628906
2011-06-23,14.181100845336914
2011-06-24,13.866908073425293
2011-06-27,14.011266708374023
2011-06-28,14.121657371520996
2011-06-29,14.096186637878418
2011-06-30,14.469817161560059
2011-07-01,14.76278018951416
2011-07-05,14.609930038452148
2011-07-06,14.597192764282227
2011-07-07,14.932612419128418
2011-07-08,14.711833000183105
2011-07-11,14.503785133361816
2011-07-12,14.05372428894043
2011-07-13,13.960318565368652
2011-07-14,13.781990051269531
2011-07-15,13.832942008972168
2011-07-18,13.709811210632324
2011-07-19,14.104676246643066
2011-07-20,14.002774238586426
2011-07-21,14.10892105102539
2011-07-22,14.346687316894531
2011-07-25,14.210821151733398
2011-07-26,14.257527351379395
2011-07-27,13.790481567382812
2011-07-28,13.714056015014648
2011-07-29,13.612157821655273
2011-08-01,13.616403579711914
2011-08-02,13.238523483276367
2011-08-03,13.365900039672852
2011-08-04,12.639860153198242
2011-08-05,12.48276424407959
2011-08-08,12.007230758666992
2011-08-09,12.389357566833496
2011-08-10,12.092146873474121
2011-08-11,12.546451568603516
2011-08-12,12.516732215881348
2011-08-15,12.712039947509766
2011-08-16,12.503993034362793
2011-08-17,12.465781211853027
2011-08-18,11.850133895874023
2011-08-19,11.612367630004883
2011-08-22,11.743988990783691
2011-08-23,12.198293685913086
2011-08-24,12.155835151672363
2011-08-25,11.845888137817383
2011-08-26,12.08790111541748
2011-08-29,12.470027923583984
2011-08-30,12.453043937683105
2011-08-31,12.38086223602295
2011-09-01,12.206786155700684
2011-09-02,11.918068885803223
2011-09-06,11.875611305236816
2011-09-07,12.24499797821045
2011-09-08,12.18131160736084
2011-09-09,12.109130859375
2011-09-12,12.368125915527344
2011-09-13,12.580418586730957
2011-09-14,12.873382568359375
2011-09-15,13.060199737548828
2011-09-16,13.132378578186035
2011-09-19,13.038969993591309
2011-09-20,12.937067985534668
2011-09-21,12.699300765991211
2011-09-22,12.363880157470703
2011-09-23,12.618631362915039
2011-09-26,12.652597427368164
2011-09-27,12.915840148925781
2011-09-28,12.571928024291992
2011-09-29,12.474272727966309
2011-09-30,12.075165748596191
2011-10-03,11.752480506896973
2011-10-04,11.535942077636719
2011-10-05,11.89684009552002
2011-10-06,12.049688339233398
2011-10-07,12.143096923828125
2011-10-10,12.48701000213623
2011-10-11,12.491255760192871
2011-10-12,12.597402572631836
2011-10-13,12.873382568359375
2011-10-14,12.996511459350586
2011-10-17,12.73751449584961
2011-10-18,12.949806213378906
2011-10-19,12.839415550231934
2011-10-20,12.665335655212402
2011-10-21,13.013494491577148
2011-10-24,13.425342559814453
2011-10-25,13.293721199035645
2011-10-26,13.348917007446289
2011-10-27,13.803217887878418
2011-10-28,13.815958976745605
2011-10-31,13.47629165649414
2011-11-01,13.089919090270996
2011-11-02,13.081429481506348
2011-11-03,13.4423246383667
2011-11-04,13.552716255187988
2011-11-07,13.561206817626953
2011-11-08,13.650369644165039
2011-11-09,13.055953025817871
2011-11-10,13.174838066101074
2011-11-11,13.590927124023438
2011-11-14,13.459307670593262
2011-11-15,13.646124839782715
2011-11-16,13.556962966918945
2011-11-17,13.081429481506348
2011-11-18,12.941314697265625
2011-11-21,12.635615348815918
2011-11-22,12.444552421569824
2011-11-23,12.08790111541748
2011-11-25,11.994492530822754
2011-11-28,12.359635353088379
2011-11-29,12.334158897399902
2011-11-30,13.02198600769043
2011-12-01,13.07718276977539
2011-12-02,12.992264747619629
2011-12-05,13.183329582214355
2011-12-06,13.204558372497559
2011-12-07,13.310704231262207
2011-12-08,12.949806213378906
2011-12-09,13.106902122497559
2011-12-12,12.695056915283203
2011-12-13,12.470027923583984
2011-12-14,12.25348949432373
2011-12-15,12.363880157470703
2011-12-16,12.363880157470703
2011-12-19,12.266225814819336
2011-12-20,12.750252723693848
2011-12-21,12.601648330688477
2011-12-22,12.920083999633789
2011-12-23,13.013494491577148
2011-12-27,13.013494491577148
2011-12-28,12.85639762878418
2011-12-29,12.97103500366211
2011-12-30,12.920083999633789
2012-01-03,13.09841251373291
2012-01-04,13.106902122497559
2012-01-05,13.268245697021484
2012-01-06,13.251260757446289
2012-01-09,13.467798233032227
2012-01-10,13.56545352935791
2012-01-11,13.548467636108398
2012-01-12,13.667352676391602
2012-01-13,13.412602424621582
2012-01-17,13.429586410522461
2012-01-18,13.964561462402344
2012-01-19,14.193836212158203
2012-01-20,14.295737266540527
2012-01-23,14.295737266540527
2012-01-24,14.350935935974121
2012-01-25,14.393391609191895
2012-01-26,14.321212768554688
2012-01-27,14.33394718170166
2012-01-30,14.236294746398926
2012-01-31,14.232050895690918
2012-02-01,14.465571403503418
2012-02-02,14.469817161560059
2012-02-03,14.699091911315918
2012-02-06,14.546239852905273
2012-02-07,14.588703155517578
2012-02-08,14.720321655273438
2012-02-09,14.771271705627441
2012-02-10,14.508028030395508
2012-02-13,14.55898380279541
2012-02-14,14.605684280395508
2012-02-15,14.643898010253906
2012-02-16,14.941105842590332
2012-02-17,14.915631294250488
2012-02-21,14.741552352905273
2012-02-22,14.656633377075195
2012-02-23,14.62266731262207
2012-02-24,14.605684280395508
2012-02-27,14.665127754211426
2012-02-28,14.87741470336914
2012-02-29,14.648143768310547
2012-03-01,14.648143768310547
2012-03-02,14.533504486083984
2012-03-05,14.22355842590332
2012-03-06,14.172609329223633
2012-03-07,14.367918014526367
2012-03-08,14.49953842163086
2012-03-09,14.614174842834473
2012-03-12,14.48255443572998
2012-03-13,14.817977905273438
2012-03-14,14.737305641174316
2012-03-15,14.983567237854004
2012-03-16,14.979317665100098
2012-03-19,15.13216781616211
2012-03-20,15.03875732421875
2012-03-21,15.110939979553223
2012-03-22,15.026023864746094
2012-03-23,15.043004989624023
2012-03-26,15.276527404785156
2012-03-27,15.26803207397461
2012-03-28,15.085463523864746
2012-03-29,15.115181922912598
2012-03-30,15.200102806091309
2012-04-02,15.246806144714355
2012-04-03,15.034512519836426
2012-04-04,14.7670259475708
2012-04-05,14.839207649230957
2012-04-09,14.618420600891113
2012-04-10,14.384902000427246
2012-04-11,14.605684280395508
2012-04-12,14.868926048278809
2012-04-13,14.665127754211426
2012-04-16,14.720321655273438
2012-04-17,14.89864730834961
2012-04-18,14.800992012023926
2012-04-19,14.707585334777832
2012-04-20,14.452835083007812
2012-04-23,14.249035835266113
2012-04-24,14.083444595336914
2012-04-25,14.380655288696289
2012-04-26,14.707585334777832
2012-04-27,14.78400707244873
2012-04-30,14.686354637145996
2012-05-01,14.750043869018555
2012-05-02,14.830713272094727
2012-05-03,14.495292663574219
2012-05-04,14.164113998413086
2012-05-07,14.138641357421875
2012-05-08,13.985790252685547
2012-05-09,13.930595397949219
2012-05-10,13.956069946289062
2012-05-11,14.03249454498291
2012-05-14,13.832942008972168
2012-05-15,13.718304634094238
2012-05-16,13.595174789428711
2012-05-17,13.340425491333008
2012-05-18,13.106902122497559
2012-05-21,13.382881164550781
2012-05-22,13.310704231262207
2012-05-23,13.255509376525879
2012-05-24,13.1705904006958
2012-05-25,13.25975227355957
2012-05-29,13.497519493103027
2012-05-30,13.297966003417969
2012-05-31,13.19182014465332
2012-06-01,12.699300765991211
2012-06-04,12.690811157226562
2012-06-05,12.937067985534668
2012-06-06,13.327685356140137
2012-06-07,13.217293739318848
2012-06-08,13.357406616210938
2012-06-11,13.136622428894043
2012-06-12,13.438076972961426
2012-06-13,13.336177825927734
2012-06-14,13.293721199035645
2012-06-15,13.506012916564941
2012-06-18,13.637632369995117
2012-06-19,13.773496627807617
2012-06-20,13.875398635864258
2012-06-21,13.408355712890625
2012-06-22,13.548467636108398
2012-06-25,13.085673332214355
2012-06-26,13.085673332214355
2012-06-27,13.255509376525879
2012-06-28,13.166343688964844
2012-06-29,13.684335708618164
2012-07-02,13.667352676391602
2012-07-03,13.820201873779297
2012-07-05,13.684335708618164
2012-07-06,13.365900039672852
2012-07-09,13.221539497375488
2012-07-10,13.043214797973633
2012-07-11,12.949806213378906
2012-07-12,12.758744239807129
2012-07-13,12.915840148925781
2012-07-16,12.784218788146973
2012-07-17,12.762989044189453
2012-07-18,13.213048934936523
2012-07-19,13.323440551757812
2012-07-20,13.102659225463867
2012-07-23,12.966791152954102
2012-07-24,12.873382568359375
2012-07-25,13.145115852355957
2012-07-26,13.412602424621582
2012-07-27,13.735285758972168
2012-07-30,13.633386611938477
2012-07-31,13.688582420349121
2012-08-01,13.688582420349121
2012-08-02,13.58668327331543
2012-08-03,13.94333267211914
2012-08-06,13.939088821411133
2012-08-07,14.125904083251953
2012-08-08,14.185347557067871
2012-08-09,14.291492462158203
2012-08-10,14.393391609191895
2012-08-13,14.283001899719238
2012-08-14,14.19808292388916
2012-08-15,14.22355842590332
2012-08-16,14.393391609191895
2012-08-17,14.274507522583008
2012-08-20,14.2405424118042
2012-08-21,14.26601505279541
2012-08-22,14.142888069152832
2012-08-23,13.994281768798828
2012-08-24,14.03674030303955
2012-08-27,13.968809127807617
2012-08-28,13.947577476501465
2012-08-29,13.973052978515625
2012-08-30,13.773496627807617
2012-08-31,13.998529434204102
2012-09-04,13.781990051269531
2012-09-05,13.684335708618164
2012-09-06,14.121657371520996
2012-09-07,13.985790252685547
2012-09-10,13.760760307312012
2012-09-11,13.828695297241211
2012-09-12,13.828695297241211
2012-09-13,13.934842109680176
2012-09-14,14.147132873535156
2012-09-17,14.007022857666016
2012-09-18,13.994281768798828
2012-09-19,13.854170799255371
2012-09-20,13.697074890136719
2012-09-21,13.709811210632324
2012-09-24,13.51874828338623
2012-09-25,13.293721199035645
2012-09-26,13.251260757446289
2012-09-27,13.539977073669434
2012-09-28,13.433832168579102
2012-10-01,13.429586410522461
2012-10-02,13.493274688720703
2012-10-03,13.44657039642334
2012-10-04,13.51874828338623
2012-10-05,13.56969928741455
2012-10-08,13.391373634338379
2012-10-09,13.179082870483398
2012-10-10,12.992264747619629
2012-10-11,12.992264747619629
2012-10-12,12.949806213378906
2012-10-15,13.094165802001953
2012-10-16,13.374390602111816
2012-10-17,13.28523063659668
2012-10-18,13.251260757446289
2012-10-19,12.945561408996582
2012-10-22,13.009249687194824
2012-10-23,13.089919090270996
2012-10-24,12.962546348571777
2012-10-25,13.094165802001953
2012-10-26,13.251260757446289
2012-10-31,13.200309753417969
2012-11-01,13.599418640136719
2012-11-02,13.323440551757812
2012-11-05,13.556962966918945
2012-11-06,13.722549438476562
2012-11-07,13.374390602111816
2012-11-08,13.272490501403809
2012-11-09,13.30645751953125
2012-11-12,13.327685356140137
2012-11-13,13.196063995361328
2012-11-14,13.013494491577148
2012-11-15,12.937067985534668
2012-11-16,12.954052925109863
2012-11-19,13.179082870483398
2012-11-20,13.055953025817871
2012-11-21,13.07718276977539
2012-11-23,13.348917007446289
2012-11-26,13.374390602111816
2012-11-27,13.412602424621582
2012-11-28,13.595174789428711
2012-11-29,13.573944091796875
2012-11-30,13.603663444519043
2012-12-03,13.539977073669434
2012-12-04,13.590927124023438
2012-12-05,13.56969928741455
2012-12-06,13.722549438476562
2012-12-07,13.765006065368652
2012-12-10,13.790481567382812
2012-12-11,14.045233726501465
2012-12-12,14.015511512756348
2012-12-13,13.871152877807617
2012-12-14,13.815958976745605
2012-12-17,13.875398635864258
2012-12-18,14.062214851379395
2012-12-19,14.142888069152832
2012-12-20,14.134395599365234
2012-12-21,13.990036964416504
2012-12-24,13.9423189163208
2012-12-26,13.872910499572754
2012-12-27,13.855559349060059
2012-12-28,13.760124206542969
2012-12-31,14.024742126464844
2013-01-02,14.580002784729004
2013-01-03,14.506257057189941
2013-01-04,14.419499397277832
2013-01-07,14.380456924438477
2013-01-08,14.237303733825684
2013-01-09,14.068120956420898
2013-01-10,14.632061004638672
2013-01-11,14.701467514038086
2013-01-14,14.636399269104004
2013-01-15,14.484570503234863
2013-01-16,14.645073890686035
2013-01-17,15.000791549682617
2013-01-18,14.822928428649902
2013-01-22,14.792566299438477
2013-01-23,14.848958969116211
2013-01-24,14.736172676086426
2013-01-25,14.861973762512207
2013-01-28,14.892341613769531
2013-01-29,14.918367385864258
2013-01-30,14.944396018981934
2013-01-31,14.879325866699219
2013-02-01,15.174309730529785
2013-02-04,14.987773895263672
2013-02-05,15.217692375183105
2013-02-06,15.18298625946045
2013-02-07,15.100564002990723
2013-02-08,15.3001127243042
2013-02-11,15.326143264770508
2013-02-12,15.386871337890625
2013-02-13,15.386871337890625
2013-02-14,15.521347999572754
2013-02-15,15.39120864868164
2013-02-19,15.60377025604248
2013-02-20,15.274081230163574
2013-02-21,14.987773895263672
2013-02-22,15.226365089416504
2013-02-25,14.914030075073242
2013-02-26,15.01814079284668
2013-02-27,15.25239372253418
2013-02-28,15.235040664672852
2013-03-01,15.235040664672852
2013-03-04,15.213350296020508
2013-03-05,15.456282615661621
2013-03-06,15.460618019104004
2013-03-07,15.456282615661621
2013-03-08,15.399885177612305
2013-03-11,15.447603225708008
2013-03-12,15.456282615661621
2013-03-13,15.49966049194336
2013-03-14,15.621123313903809
2013-03-15,15.352167129516602
2013-03-18,15.165633201599121
2013-03-19,15.135266304016113
2013-03-20,15.235040664672852
2013-03-21,15.022480010986328
2013-03-22,15.139609336853027
2013-03-25,15.117915153503418
2013-03-26,15.291433334350586
2013-03-27,15.321799278259277
2013-03-28,15.412900924682617
2013-04-01,15.169973373413086
2013-04-02,15.048507690429688
2013-04-03,14.7665376663208
2013-04-04,14.861973762512207
2013-04-05,14.848958969116211
2013-04-08,14.931380271911621
2013-04-09,15.074535369873047
2013-04-10,15.399885177612305
2013-04-11,15.39120864868164
2013-04-12,15.334815979003906
2013-04-15,15.000791549682617
2013-04-16,15.256730079650879
2013-04-17,14.935718536376953
2013-04-18,14.970420837402344
2013-04-19,15.143941879272461
2013-04-22,15.26540756225586
2013-04-23,15.595093727111816
2013-04-24,15.755597114562988
2013-04-25,15.8814058303833
2013-04-26,15.733916282653809
2013-04-29,15.91610336303711
2013-04-30,16.0722713470459
2013-05-01,16.007205963134766
2013-05-02,16.21109390258789
2013-05-03,16.33689308166504
2013-05-06,16.414976119995117
2013-05-07,16.449682235717773
2013-05-08,16.64923095703125
2013-05-09,16.701282501220703
2013-05-10,16.814071655273438
2013-05-13,16.610187530517578
2013-05-14,16.636213302612305
2013-05-15,16.779367446899414
2013-05-16,16.631874084472656
2013-05-17,16.81841278076172
2013-05-20,16.766355514526367
2013-05-21,16.727310180664062
2013-05-22,16.488719940185547
2013-05-23,16.454017639160156
2013-05-24,16.449682235717773
2013-05-28,16.59717559814453
2013-05-29,16.65790557861328
2013-05-30,16.81841278076172
2013-05-31,16.610187530517578
2013-06-03,16.74032974243164
2013-06-04,16.81841278076172
2013-06-05,16.51041603088379
2013-06-06,16.462692260742188
2013-06-07,16.618865966796875
2013-06-10,16.709962844848633
2013-06-11,16.40196418762207
2013-06-12,16.20675277709961
2013-06-13,16.493059158325195
2013-06-14,16.432329177856445
2013-06-17,16.57114601135254
2013-06-18,16.809734344482422
2013-06-19,16.575481414794922
2013-06-20,16.06793785095215
2013-06-21,16.05058479309082
2013-06-24,15.755597114562988
2013-06-25,16.085289001464844
2013-06-26,16.18072509765625
2013-06-27,16.267488479614258
2013-06-28,16.34990692138672
2013-07-01,16.3065242767334
2013-07-02,16.30219078063965
2013-07-03,16.40629768371582
2013-07-05,16.62754249572754
2013-07-08,16.27182388305664
2013-07-09,16.40196418762207
2013-07-10,16.52776527404785
2013-07-11,16.965900421142578
2013-07-12,17.026636123657227
2013-07-15,17.030967712402344
2013-07-16,17.13508415222168
2013-07-17,17.16111183166504
2013-07-18,16.801057815551758
2013-07-19,16.735986709594727
2013-07-22,16.70561981201172
2013-07-23,16.71863555908203
2013-07-24,16.51474952697754
2013-07-25,16.631874084472656
2013-07-26,16.53643798828125
2013-07-29,16.48438262939453
2013-07-30,16.64923095703125
2013-07-31,16.727310180664062
2013-08-01,16.935537338256836
2013-08-02,16.844436645507812
2013-08-05,16.83576202392578
2013-08-06,16.727310180664062
2013-08-07,16.575481414794922
2013-08-08,16.579822540283203
2013-08-09,16.53643798828125
2013-08-12,16.566802978515625
2013-08-13,16.744665145874023
2013-08-14,16.579822540283203
2013-08-15,16.215429306030273
2013-08-16,16.2327823638916
2013-08-19,16.21109390258789
2013-08-20,16.289175033569336
2013-08-21,16.15469741821289
2013-08-22,16.254467010498047
2013-08-23,16.3065242767334
2013-08-26,16.276161193847656
2013-08-27,15.950811386108398
2013-08-28,16.0722713470459
2013-08-29,16.20675277709961
2013-08-30,16.111318588256836
2013-09-03,16.267488479614258
2013-09-04,16.592832565307617
2013-09-05,16.71863555908203
2013-09-06,16.653564453125
2013-09-09,16.866130828857422
2013-09-10,17.16978645324707
2013-09-11,17.11772918701172
2013-09-12,17.078689575195312
2013-09-13,17.182802200317383
2013-09-16,17.269561767578125
2013-09-17,17.40837860107422
2013-09-18,17.56454849243164
2013-09-19,17.560209274291992
2013-09-20,17.443082809448242
2013-09-23,17.404037475585938
2013-09-24,17.51249122619629
2013-09-25,17.477787017822266
2013-09-26,17.473445892333984
2013-09-27,17.317279815673828
2013-09-30,17.2999267578125
2013-10-01,17.4691104888916
2013-10-02,17.45609474182129
2013-10-03,17.412715911865234
2013-10-04,17.51249122619629
2013-10-07,17.447420120239258
2013-10-08,17.17412567138672
2013-10-09,17.11772918701172
2013-10-10,17.508150100708008
2013-10-11,17.56454849243164
2013-10-14,17.677331924438477
2013-10-15,17.568883895874023
2013-10-16,17.720714569091797
2013-10-17,17.811811447143555
2013-10-18,17.885557174682617
2013-10-21,17.95063018798828
2013-10-22,17.928936004638672
2013-10-23,17.378009796142578
2013-10-24,17.460432052612305
2013-10-25,17.5341796875
2013-10-28,17.616600036621094
2013-10-29,17.885557174682617
2013-10-30,17.78144645690918
2013-10-31,17.859529495239258
2013-11-01,17.759754180908203
2013-11-04,17.720714569091797
2013-11-05,17.681673049926758
2013-11-06,17.7684268951416
2013-11-07,17.490798950195312
2013-11-08,17.612260818481445
2013-11-11,17.577558517456055
2013-11-12,17.66865348815918
2013-11-13,17.79012107849121
2013-11-14,17.681673049926758
2013-11-15,17.803138732910156
2013-11-18,17.694683074951172
2013-11-19,17.547191619873047
2013-11-20,17.490798950195312
2013-11-21,17.759754180908203
2013-11-22,17.677331924438477
2013-11-25,17.681673049926758
2013-11-26,17.759754180908203
2013-11-27,17.850852966308594
2013-11-29,17.86386489868164
2013-12-02,17.794462203979492
2013-12-03,17.859529495239258
2013-12-04,17.798797607421875
2013-12-05,17.855192184448242
2013-12-06,18.063419342041016
2013-12-09,18.145837783813477
2013-12-10,18.076427459716797
2013-12-11,17.9549617767334
2013-12-12,17.759754180908203
2013-12-13,17.72939109802246
2013-12-16,17.82916259765625
2013-12-17,17.976654052734375
2013-12-18,18.154512405395508
2013-12-19,18.106792449951172
2013-12-20,18.241273880004883
2013-12-23,18.399486541748047
2013-12-24,18.447961807250977
2013-12-26,18.522886276245117
2013-12-27,18.522886276245117
2013-12-30,18.615432739257812
2013-12-31,18.699167251586914
2014-01-02,18.5052547454834
2014-01-03,18.447961807250977
2014-01-06,18.3289737701416
2014-01-07,18.390670776367188
2014-01-08,18.588991165161133
2014-01-09,18.42593002319336
2014-01-10,18.5008487701416
2014-01-13,18.315753936767578
2014-01-14,18.804935455322266
2014-01-15,18.928335189819336
2014-01-16,18.866640090942383
2014-01-17,18.637470245361328
2014-01-21,18.721202850341797
2014-01-22,18.932743072509766
2014-01-23,18.69035530090332
2014-01-24,18.33778953552246
2014-01-27,18.174726486206055
2014-01-28,18.258459091186523
2014-01-29,18.143877029418945
2014-01-30,18.29371452331543
2014-01-31,18.143877029418945
2014-02-03,17.83097267150879
2014-02-04,17.76487159729004
2014-02-05,17.76046371459961
2014-02-06,18.024885177612305
2014-02-07,18.267276763916016
2014-02-10,18.368640899658203
2014-02-11,18.593400955200195
2014-02-12,18.694759368896484
2014-02-13,18.893075942993164
2014-02-14,19.034103393554688
2014-02-18,19.073768615722656
2014-02-19,19.02969741821289
2014-02-20,19.157503128051758
2014-02-21,19.051729202270508
2014-02-24,19.166316986083984
2014-02-25,19.060544967651367
2014-02-26,19.214792251586914
2014-02-27,19.22360610961914
2014-02-28,19.23682975769043
2014-03-03,19.113431930541992
2014-03-04,19.364635467529297
2014-03-05,19.386669158935547
2014-03-06,19.593799591064453
2014-03-07,19.593799591064453
2014-03-10,19.593799591064453
2014-03-11,19.45277214050293
2014-03-12,19.668720245361328
2014-03-13,19.39988899230957
2014-03-14,19.24123764038086
2014-03-17,19.45277214050293
2014-03-18,19.681941986083984
2014-03-19,19.659908294677734
2014-03-20,19.990436553955078
2014-03-21,19.78330421447754
2014-03-24,19.717199325561523
2014-03-25,19.928735733032227
2014-03-26,19.726011276245117
2014-03-27,19.615835189819336
2014-03-28,19.76127052307129
2014-03-31,20.100610733032227
2014-04-01,20.400291442871094
2014-04-02,20.298934936523438
2014-04-03,20.351816177368164
2014-04-04,19.84941291809082
2014-04-07,19.739234924316406
2014-04-08,20.02128791809082
2014-04-09,20.259265899658203
2014-04-10,19.651092529296875
2014-04-11,19.36903953552246
2014-04-14,19.540916442871094
2014-04-15,19.677536010742188
2014-04-16,19.633466720581055
2014-04-17,19.875850677490234
2014-04-21,19.98603057861328
2014-04-22,20.127056121826172
2014-04-23,20.06094741821289
2014-04-24,20.210786819458008
2014-04-25,19.571765899658203
2014-04-28,19.518878936767578
2014-04-29,19.60261344909668
2014-04-30,19.686349868774414
2014-05-01,19.540916442871094
2014-05-02,19.571765899658203
2014-05-05,19.576173782348633
2014-05-06,19.545324325561523
2014-05-07,19.620243072509766
2014-05-08,19.748050689697266
2014-05-09,19.659908294677734
2014-05-12,19.98603057861328
2014-05-13,19.84059715270996
2014-05-14,19.677536010742188
2014-05-15,19.48362159729004
2014-05-16,19.63787078857422
2014-05-19,19.80974578857422
2014-05-20,19.712791442871094
2014-05-21,19.827375411987305
2014-05-22,19.89788818359375
2014-05-23,20.05213737487793
2014-05-27,20.338594436645508
2014-05-28,20.369447708129883
2014-05-29,20.373849868774414
2014-05-30,20.422332763671875
2014-06-02,20.536914825439453
2014-06-03,20.792518615722656
2014-06-04,20.858627319335938
2014-06-05,20.942363739013672
2014-06-06,21.05253791809082
2014-06-09,21.096607208251953
2014-06-10,21.202381134033203
2014-06-11,21.237634658813477
2014-06-12,21.189159393310547
2014-06-13,21.53291130065918
2014-06-16,21.621051788330078
2014-06-17,21.71359634399414
2014-06-18,21.67393684387207
2014-06-19,21.753263473510742
2014-06-20,21.753263473510742
2014-06-23,21.682748794555664
2014-06-24,21.541719436645508
2014-06-25,21.68715476989746
2014-06-26,21.581384658813477
2014-06-27,21.651901245117188
2014-06-30,21.810556411743164
2014-07-01,22.16312026977539
2014-07-02,22.229223251342773
2014-07-03,22.44516944885254
2014-07-07,22.277700424194336
2014-07-08,22.167522430419922
2014-07-09,22.238040924072266
2014-07-10,22.25126075744629
2014-07-11,22.20278549194336
2014-07-14,22.334993362426758
2014-07-15,22.282108306884766
2014-07-16,22.528905868530273
2014-07-17,21.973615646362305
2014-07-18,22.233633041381836
2014-07-21,22.321773529052734
2014-07-22,22.53331184387207
2014-07-23,22.066164016723633
2014-07-24,22.04412841796875
2014-07-25,21.629863739013672
2014-07-28,21.621051788330078
2014-07-29,21.612232208251953
2014-07-30,21.903100967407227
2014-07-31,21.48883628845215
2014-08-01,21.56375503540039
2014-08-04,21.656307220458984
2014-08-05,21.299335479736328
2014-08-06,21.418323516845703
2014-08-07,21.180343627929688
2014-08-08,21.34340476989746
2014-08-11,21.56375503540039
2014-08-12,21.546127319335938
2014-08-13,21.810556411743164
2014-08-14,21.88547134399414
2014-08-15,22.066164016723633
2014-08-18,22.16312026977539
2014-08-19,22.304141998291016
2014-08-20,22.42753791809082
2014-08-21,22.524499893188477
2014-08-22,22.555349349975586
2014-08-25,22.471616744995117
2014-08-26,22.47601890563965
2014-08-27,22.520090103149414
2014-08-28,22.59941291809082
2014-08-29,22.775699615478516
2014-09-02,22.771289825439453
2014-09-03,22.837398529052734
2014-09-04,22.885875701904297
2014-09-05,22.996051788330078
2014-09-08,23.013681411743164
2014-09-09,22.841808319091797
2014-09-10,22.837398529052734
2014-09-11,22.872655868530273
2014-09-12,22.56416130065918
2014-09-15,22.370248794555664
2014-09-16,22.70077896118164
2014-09-17,22.85062026977539
2014-09-18,23.159116744995117
2014-09-19,22.885875701904297
2014-09-22,22.630268096923828
2014-09-23,22.528905868530273
2014-09-24,22.793331146240234
2014-09-25,22.401100158691406
2014-09-26,22.608232498168945
2014-09-29,22.643489837646484
2014-09-30,22.51568603515625
2014-10-01,22.0220947265625
2014-10-02,21.916324615478516
2014-10-03,22.092605590820312
2014-10-06,21.991243362426758
2014-10-07,21.56375503540039
2014-10-08,22.0220947265625
2014-10-09,21.50646209716797
2014-10-10,20.082983016967773
2014-10-13,19.796525955200195
2014-10-14,20.219606399536133
2014-10-15,20.21519660949707
2014-10-16,20.457584381103516
2014-10-17,20.67353057861328
2014-10-20,20.871849060058594
2014-10-21,21.515283584594727
2014-10-22,21.25967025756836
2014-10-23,21.53291130065918
2014-10-24,21.71359634399414
2014-10-27,22.07938575744629
2014-10-28,22.136674880981445
2014-10-29,22.149898529052734
2014-10-30,21.79292869567871
2014-10-31,22.661113739013672
2014-11-03,22.788923263549805
2014-11-04,22.780105590820312
2014-11-05,22.93435287475586
2014-11-06,22.90791130065918
2014-11-07,22.73162841796875
2014-11-10,22.903507232666016
2014-11-11,22.837398529052734
2014-11-12,22.788923263549805
2014-11-13,22.85062026977539
2014-11-14,23.048934936523438
2014-11-17,22.93435287475586
2014-11-18,23.229629516601562
2014-11-19,23.189964294433594
2014-11-20,23.538122177124023
2014-11-21,23.674741744995117
2014-11-24,23.855430603027344
2014-11-25,23.837800979614258
2014-11-26,24.318172454833984
2014-11-28,24.481231689453125
2014-12-01,24.199182510375977
2014-12-02,24.256473541259766
2014-12-03,24.67073631286621
2014-12-04,24.705995559692383
2014-12-05,24.913127899169922
2014-12-08,24.573781967163086
2014-12-09,24.529712677001953
2014-12-10,24.15070343017578
2014-12-11,24.252065658569336
2014-12-12,23.890689849853516
2014-12-15,23.683557510375977
2014-12-16,23.48523712158203
2014-12-17,23.95238494873047
2014-12-18,24.371057510375977
2014-12-19,24.282917022705078
2014-12-22,24.68504524230957
2014-12-23,24.631547927856445
2014-12-24,24.69396209716797
2014-12-26,24.67167091369629
2014-12-29,24.604795455932617
2014-12-30,24.448760986328125
2014-12-31,24.350679397583008
2015-01-02,24.292724609375
2015-01-05,23.860279083251953
2015-01-06,23.298547744750977
2015-01-07,23.601699829101562
2015-01-08,24.190185546875
2015-01-09,24.118852615356445
2015-01-12,23.811241149902344
2015-01-13,23.677494049072266
2015-01-14,23.588327407836914
2015-01-15,23.71761703491211
2015-01-16,23.909320831298828
2015-01-20,24.14560317993164
2015-01-21,24.457679748535156
2015-01-22,24.676128387451172
2015-01-23,24.56913185119629
2015-01-26,24.573589324951172
2015-01-27,24.083187103271484
2015-01-28,23.87811279296875
2015-01-29,24.011857986450195
2015-01-30,23.508079528808594
2015-02-02,23.552661895751953
2015-02-03,23.88702964782715
2015-02-04,24.056442260742188
2015-02-05,24.29718589782715
2015-02-06,24.038604736328125
2015-02-09,23.722070693969727
2015-02-10,24.502260208129883
2015-02-11,24.644920349121094
2015-02-12,24.992666244506836
2015-02-13,25.13978385925293
2015-02-17,25.246776580810547
2015-02-18,25.16207504272461
2015-02-19,25.175451278686523
2015-02-20,25.291358947753906
2015-02-23,25.108572006225586
2015-02-24,25.62572479248047
2015-02-25,25.451854705810547
2015-02-26,25.545475006103516
2015-02-27,25.398359298706055
2015-03-02,26.06709098815918
2015-03-03,25.639097213745117
2015-03-04,25.598974227905273
2015-03-05,25.590059280395508
2015-03-06,25.269071578979492
2015-03-09,25.179906845092773
2015-03-10,24.667213439941406
2015-03-11,24.850000381469727
2015-03-12,24.711793899536133
2015-03-13,24.916872024536133
2015-03-16,25.246776580810547
2015-03-17,25.077367782592773
2015-03-18,25.309194564819336
2015-03-19,25.340402603149414
2015-03-20,25.741641998291016
2015-03-23,25.51426887512207
2015-03-24,25.282445907592773
2015-03-25,24.101024627685547
2015-03-26,23.927152633666992
2015-03-27,24.69396209716797
2015-03-30,24.90349769592285
2015-03-31,24.653837203979492
2015-04-01,24.41309356689453
2015-04-02,24.47996711730957
2015-04-06,24.542383193969727
2015-04-07,24.555761337280273
2015-04-08,24.676128387451172
2015-04-09,24.921329498291016
2015-04-10,25.068450927734375
2015-04-13,24.894582748413086
2015-04-14,24.667213439941406
2015-04-15,25.126407623291016
2015-04-16,25.01495361328125
2015-04-17,24.69396209716797
2015-04-20,24.899038314819336
2015-04-21,25.059534072875977
2015-04-22,25.51426887512207
2015-04-23,25.251235961914062
2015-04-24,24.983747482299805
2015-04-27,25.184364318847656
2015-04-28,25.166528701782227
2015-04-29,24.983747482299805
2015-04-30,24.725170135498047
2015-05-01,25.429567337036133
2015-05-04,25.291358947753906
2015-05-05,24.809879302978516
2015-05-06,24.805416107177734
2015-05-07,24.983747482299805
2015-05-08,25.220029830932617
2015-05-11,25.21111488342285
2015-05-12,25.019411087036133
2015-05-13,25.14423942565918
2015-05-14,25.402816772460938
2015-05-15,25.4384822845459
2015-05-18,25.661394119262695
2015-05-19,25.61680793762207
2015-05-20,25.692598342895508
2015-05-21,25.741641998291016
2015-05-22,25.763925552368164
2015-05-26,25.558853149414062
2015-05-27,26.512907028198242
2015-05-28,26.548574447631836
2015-05-29,26.664487838745117
2015-06-01,26.57086181640625
2015-06-02,26.19191551208496
2015-06-03,26.009132385253906
2015-06-04,25.701515197753906
2015-06-05,25.62572479248047
2015-06-08,25.166528701782227
2015-06-09,25.193279266357422
2015-06-10,25.576683044433594
2015-06-11,25.607891082763672
2015-06-12,25.389440536499023
2015-06-15,25.3181095123291
2015-06-16,25.429567337036133
2015-06-17,25.451854705810547
2015-06-18,25.812971115112305
2015-06-19,25.71934700012207
2015-06-22,25.942256927490234
2015-06-23,25.817428588867188
2015-06-24,25.61680793762207
2015-06-25,25.67477035522461
2015-06-26,24.9257869720459
2015-06-29,24.212478637695312
2015-06-30,24.32839012145996
2015-07-01,24.422012329101562
2015-07-02,24.573589324951172
2015-07-06,24.17681312561035
2015-07-07,24.056442260742188
2015-07-08,23.427833557128906
2015-07-09,23.164798736572266
2015-07-10,23.58386993408203
2015-07-13,23.78894805908203
2015-07-14,23.980648040771484
2015-07-15,23.860279083251953
2015-07-16,23.846906661987305
2015-07-17,23.833528518676758
2015-07-20,23.64182472229004
2015-07-21,23.623998641967773
2015-07-22,23.048887252807617
2015-07-23,23.369874954223633
2015-07-24,22.830432891845703
2015-07-27,22.74127197265625
2015-07-28,23.213842391967773
2015-07-29,23.307462692260742
2015-07-30,23.521453857421875
2015-07-31,23.249507904052734
2015-08-03,23.13805389404297
2015-08-04,22.892850875854492
2015-08-05,23.169260025024414
2015-08-06,22.90176773071289
2015-08-07,22.9597225189209
2015-08-10,23.539291381835938
2015-08-11,23.004302978515625
2015-08-12,23.0622615814209
2015-08-13,22.745729446411133
2015-08-14,22.580778121948242
2015-08-17,22.75464630126953
2015-08-18,22.353412628173828
2015-08-19,22.12603759765625
2015-08-20,21.403812408447266
2015-08-21,20.85991096496582
2015-08-24,20.530006408691406
2015-08-25,20.35613441467285
2015-08-26,21.287899017333984
2015-08-27,21.99675178527832
2015-08-28,22.18399429321289
2015-08-31,22.090373992919922
2015-09-01,21.403812408447266
2015-09-02,21.93433952331543
2015-09-03,22.152788162231445
2015-09-04,21.805049896240234
2015-09-08,22.634275436401367
2015-09-09,22.29099464416504
2015-09-10,22.36232566833496
2015-09-11,22.402448654174805
2015-09-14,22.455944061279297
2015-09-15,22.78585433959961
2015-09-16,22.88839340209961
2015-09-17,22.74127197265625
2015-09-18,22.357866287231445
2015-09-21,22.344486236572266
2015-09-22,21.88083839416504
2015-09-23,21.724802017211914
2015-09-24,21.715885162353516
2015-09-25,21.831796646118164
2015-09-28,21.368148803710938
2015-09-29,21.51526641845703
2015-09-30,22.23749351501465
2015-10-01,22.090373992919922
2015-10-02,22.4381160736084
2015-10-05,22.834890365600586
2015-10-06,22.928516387939453
2015-10-07,23.27179718017578
2015-10-08,23.570497512817383
2015-10-09,23.298547744750977
2015-10-12,23.334209442138672
2015-10-13,23.048887252807617
2015-10-14,23.73990821838379
2015-10-15,23.900400161743164
2015-10-16,23.998483657836914
2015-10-19,24.016315460205078
2015-10-20,23.9672794342041
2015-10-21,24.011857986450195
2015-10-22,24.743003845214844
2015-10-23,25.02387046813965
2015-10-26,24.546842575073242
2015-10-27,24.395263671875
2015-10-28,24.640466690063477
2015-10-29,24.00294303894043
2015-10-30,24.16789436340332
2015-11-02,24.395263671875
2015-11-03,24.604795455932617
2015-11-04,24.765291213989258
2015-11-05,24.123313903808594
2015-11-06,24.604795455932617
2015-11-09,24.408639907836914
2015-11-10,24.020774841308594
2015-11-11,24.029693603515625
2015-11-12,23.722070693969727
2015-11-13,23.476871490478516
2015-11-16,23.780033111572266
2015-11-17,24.020774841308594
2015-11-18,24.14560317993164
2015-11-19,24.332847595214844
2015-11-20,24.426469802856445
2015-11-23,24.150060653686523
2015-11-24,24.40418243408203
2015-11-25,24.439844131469727
2015-11-27,24.560216903686523
2015-11-30,24.876747131347656
2015-12-01,25.170989990234375
2015-12-02,25.072908401489258
2015-12-03,24.90349769592285
2015-12-04,25.322566986083984
2015-12-07,25.113033294677734
2015-12-08,24.88566017150879
2015-12-09,24.62263298034668
2015-12-10,24.711793899536133
2015-12-11,24.23476791381836
2015-12-14,24.051982879638672
2015-12-15,24.43092918395996
2015-12-16,24.62263298034668
2015-12-17,24.292724609375
2015-12-18,23.95836067199707
2015-12-21,24.377866744995117
2015-12-22,24.482627868652344
2015-12-23,24.614723205566406
2015-12-24,24.683042526245117
2015-12-28,24.62383460998535
2015-12-29,24.897125244140625
2015-12-30,24.655717849731445
2015-12-31,24.2685489654541
2016-01-04,24.013471603393555
2016-01-05,23.790281295776367
2016-01-06,23.175369262695312
2016-01-07,22.460250854492188
2016-01-08,22.104969024658203
2016-01-11,22.305381774902344
2016-01-12,22.49669075012207
2016-01-13,21.836227416992188
2016-01-14,22.414697647094727
2016-01-15,21.27141761779785
2016-01-19,21.412620544433594
2016-01-20,21.467283248901367
2016-01-21,21.763347625732422
2016-01-22,22.17784309387207
2016-01-25,21.927326202392578
2016-01-26,22.114076614379883
2016-01-27,21.86811065673828
2016-01-28,21.754240036010742
2016-01-29,22.647005081176758
2016-02-01,22.747209548950195
2016-02-02,22.12318992614746
2016-02-03,22.155073165893555
2016-02-04,22.583234786987305
2016-02-05,21.79523468017578
2016-02-08,21.330631256103516
2016-02-09,21.23953628540039
2016-02-10,20.934358596801758
2016-02-11,20.78404426574707
2016-02-12,21.193984985351562
2016-02-16,21.91366195678711
2016-02-17,22.43747329711914
2016-02-18,22.346376419067383
2016-02-19,22.387371063232422
2016-02-22,22.75176239013672
2016-02-23,22.369152069091797
2016-02-24,22.656108856201172
2016-02-25,22.92029571533203
2016-02-26,23.047832489013672
2016-02-29,22.970399856567383
2016-03-01,23.676410675048828
2016-03-02,23.799394607543945
2016-03-03,23.854053497314453
2016-03-04,24.008920669555664
2016-03-07,24.10001564025879
2016-03-08,23.64452362060547
2016-03-09,23.81305694580078
2016-03-10,23.940593719482422
2016-03-11,24.42341423034668
2016-03-14,24.314096450805664
2016-03-15,24.23210906982422
2016-03-16,24.51451301574707
2016-03-17,24.683042526245117
2016-03-18,24.997333526611328
2016-03-21,24.997333526611328
2016-03-22,24.98366928100586
2016-03-23,24.687599182128906
2016-03-24,24.646604537963867
2016-03-28,24.637495040893555
2016-03-29,24.97911262512207
2016-03-30,25.22963523864746
2016-03-31,25.08843231201172
2016-04-01,25.206857681274414
2016-04-04,25.010995864868164
2016-04-05,24.824249267578125
2016-04-06,25.05654525756836
2016-04-07,24.724035263061523
2016-04-08,24.842470169067383
2016-04-11,24.86979866027832
2016-04-12,24.828800201416016
2016-04-13,25.334394454956055
2016-04-14,25.06110191345215
2016-04-15,24.874353408813477
2016-04-18,24.906234741210938
2016-04-19,24.69671058654785
2016-04-20,24.81513786315918
2016-04-21,24.67849349975586
2016-04-22,24.692155838012695
2016-04-25,24.569171905517578
2016-04-26,24.833356857299805
2016-04-27,25.12487030029297
2016-04-28,24.50084686279297
2016-04-29,23.895048141479492
2016-05-02,24.054468154907227
2016-05-03,23.80394744873047
2016-05-04,23.548873901367188
2016-05-05,23.63541603088379
2016-05-06,23.639972686767578
2016-05-09,23.6171932220459
2016-05-10,23.88138198852539
2016-05-11,23.772064208984375
2016-05-12,23.348453521728516
2016-05-13,23.41678237915039
2016-05-16,23.885934829711914
2016-05-17,23.662748336791992
2016-05-18,24.08179473876953
2016-05-19,23.872268676757812
2016-05-20,24.664825439453125
2016-05-23,24.824249267578125
2016-05-24,25.425491333007812
2016-05-25,25.56669807434082
2016-05-26,25.65323829650879
2016-05-27,25.82176971435547
2016-05-31,25.91742515563965
2016-06-01,26.022186279296875
2016-06-02,26.01763153076172
2016-06-03,26.067733764648438
2016-06-06,26.00396728515625
2016-06-07,26.277263641357422
2016-06-08,26.281816482543945
2016-06-09,26.281816482543945
2016-06-10,25.826324462890625
2016-06-13,25.717008590698242
2016-06-14,25.68512535095215
2016-06-15,25.657794952392578
2016-06-16,25.67146110534668
2016-06-17,25.498369216918945
2016-06-20,25.92653465270996
2016-06-21,26.049516677856445
2016-06-22,26.01763153076172
2016-06-23,26.668983459472656
2016-06-24,25.111204147338867
2016-06-27,24.336870193481445
2016-06-28,25.001890182495117
2016-06-29,25.512039184570312
2016-06-30,25.967527389526367
2016-07-01,25.77622413635254
2016-07-05,25.366281509399414
2016-07-06,25.402719497680664
2016-07-07,25.689680099487305
2016-07-08,26.391136169433594
2016-07-11,26.74641990661621
2016-07-12,27.037931442260742
2016-07-13,27.0424861907959
2016-07-14,27.270231246948242
2016-07-15,27.19280242919922
2016-07-18,27.9853515625
2016-07-19,27.876033782958984
2016-07-20,28.30419921875
2016-07-21,28.062786102294922
2016-07-22,28.2313175201416
2016-07-25,28.3634090423584
2016-07-26,29.183290481567383
2016-07-27,29.07853126525879
2016-07-28,29.042089462280273
2016-07-29,28.923664093017578
2016-08-01,29.005653381347656
2016-08-02,28.623037338256836
2016-08-03,28.695919036865234
2016-08-04,28.900888442993164
2016-08-05,29.23795509338379
2016-08-08,29.23795509338379
2016-08-09,29.433815002441406
2016-08-10,29.23795509338379
2016-08-11,29.35637855529785
2016-08-12,29.4793643951416
2016-08-15,29.811866760253906
2016-08-16,29.638782501220703
2016-08-17,29.57501792907715
2016-08-18,29.80276107788086
2016-08-19,29.957626342773438
2016-08-22,29.966732025146484
2016-08-23,30.11249542236328
2016-08-24,29.875635147094727
2016-08-25,29.975847244262695
2016-08-26,30.103384017944336
2016-08-29,30.20815086364746
2016-08-30,30.15804672241211
2016-08-31,30.15804672241211
2016-09-01,30.43589210510254
2016-09-02,30.408567428588867
2016-09-06,30.404010772705078
2016-09-07,30.203590393066406
2016-09-08,30.144378662109375
2016-09-09,29.051197052001953
2016-09-12,29.64789390563965
2016-09-13,29.324495315551758
2016-09-14,29.570457458496094
2016-09-15,30.303796768188477
2016-09-16,30.317466735839844
2016-09-19,30.42222785949707
2016-09-20,30.308353424072266
2016-09-21,30.72740936279297
2016-09-22,30.87316131591797
2016-09-23,30.51332664489746
2016-09-26,30.23092269897461
2016-09-27,30.72740936279297
2016-09-28,30.768402099609375
2016-09-29,31.146455764770508
2016-09-30,31.6429443359375
2016-10-03,31.396984100341797
2016-10-04,31.264881134033203
2016-10-05,31.50629234313965
2016-10-06,31.688493728637695
2016-10-07,31.711267471313477
2016-10-10,31.61104965209961
2016-10-11,30.959705352783203
2016-10-12,30.959705352783203
2016-10-13,30.604429244995117
2016-10-14,30.800283432006836
2016-10-17,30.67274284362793
2016-10-18,31.018922805786133
2016-10-19,30.700075149536133
2016-10-20,30.96881675720215
2016-10-21,30.927820205688477
2016-10-24,31.3241024017334
2016-10-25,31.237560272216797
2016-10-26,31.146455764770508
2016-10-27,31.05536460876465
2016-10-28,30.877721786499023
2016-10-31,31.09635353088379
2016-11-01,30.809398651123047
2016-11-02,30.618085861206055
2016-11-03,30.490554809570312
2016-11-04,30.331132888793945
2016-11-07,31.242109298706055
2016-11-08,31.296768188476562
2016-11-09,31.046249389648438
2016-11-10,30.467775344848633
2016-11-11,31.228445053100586
2016-11-14,30.891382217407227
2016-11-15,31.40608787536621
2016-11-16,31.652053833007812
2016-11-17,31.852466583251953
2016-11-18,32.034671783447266
2016-11-21,32.24419021606445
2016-11-22,32.61769485473633
2016-11-23,32.567588806152344
2016-11-25,32.66324234008789
2016-11-28,32.581260681152344
2016-11-29,32.458274841308594
2016-11-30,32.36717224121094
2016-12-01,30.82761573791504
2016-12-02,31.3241024017334
2016-12-05,31.638389587402344
2016-12-06,31.984560012817383
2016-12-07,32.622249603271484
2016-12-08,32.818115234375
2016-12-09,32.649574279785156
2016-12-12,32.51293182373047
2016-12-13,33.091400146484375
2016-12-14,32.73611831665039
2016-12-15,33.25993347167969
2016-12-16,32.8317756652832
2016-12-19,33.23859405517578
2016-12-20,33.289100646972656
2016-12-21,33.256954193115234
2016-12-22,33.42684555053711
2016-12-23,33.58296203613281
2016-12-27,33.867645263671875
2016-12-28,33.307472229003906
2016-12-29,33.316650390625
2016-12-30,32.89422607421875
2017-01-03,32.94932174682617
2017-01-04,33.054927825927734
2017-01-05,32.8620719909668
2017-01-06,33.0319709777832
2017-01-09,33.4130744934082
2017-01-10,33.5416374206543
2017-01-11,33.68397521972656
2017-01-12,33.123802185058594
2017-01-13,33.6151008605957
2017-01-17,33.2202262878418
2017-01-18,33.807945251464844
2017-01-19,33.550819396972656
2017-01-20,33.872230529785156
2017-01-23,33.57378005981445
2017-01-24,34.23038101196289
2017-01-25,34.652801513671875
2017-01-26,34.38648986816406
2017-01-27,34.82727813720703
2017-01-30,34.66197967529297
2017-01-31,34.17986297607422
2017-02-01,34.528831481933594
2017-02-02,34.5655632019043
2017-02-03,34.71708679199219
2017-02-06,34.675758361816406
2017-02-07,34.822689056396484
2017-02-08,34.85942459106445
2017-02-09,34.55638122558594
2017-02-10,34.59311294555664
2017-02-13,35.04767990112305
2017-02-14,34.77677536010742
2017-02-15,35.134925842285156
2017-02-16,35.2680778503418
2017-02-17,35.39664077758789
2017-02-21,35.731834411621094
2017-02-22,35.57571792602539
2017-02-23,35.18083953857422
2017-02-24,35.231346130371094
2017-02-27,35.40122985839844
2017-02-28,35.07522964477539
2017-03-01,35.48388671875
2017-03-02,35.171653747558594
2017-03-03,35.29562759399414
2017-03-06,35.30940628051758
2017-03-07,35.39664077758789
2017-03-08,35.43337631225586
2017-03-09,35.447147369384766
2017-03-10,35.7823486328125
2017-03-13,35.956817626953125
2017-03-14,35.82825469970703
2017-03-15,36.15425109863281
2017-03-16,36.18180847167969
2017-03-17,36.27823257446289
2017-03-20,36.5078125
2017-03-21,35.80988311767578
2017-03-22,36.158851623535156
2017-03-23,36.048648834228516
2017-03-24,36.33332061767578
2017-03-27,36.498626708984375
2017-03-28,36.56749725341797
2017-03-29,36.420570373535156
2017-03-30,36.60423278808594
2017-03-31,36.59964370727539
2017-04-03,36.51240539550781
2017-04-04,36.38383483886719
2017-04-05,36.16802978515625
2017-04-06,36.186397552490234
2017-04-07,36.3287353515625
2017-04-10,36.007328033447266
2017-04-11,35.73642349243164
2017-04-12,35.27267074584961
2017-04-13,35.01095199584961
2017-04-17,35.392051696777344
2017-04-18,35.53438949584961
2017-04-19,35.727237701416016
2017-04-20,36.241493225097656
2017-04-21,36.094566345214844
2017-04-24,36.618011474609375
2017-04-25,36.98533630371094
2017-04-26,36.70525360107422
2017-04-27,37.1965446472168
2017-04-28,36.595054626464844
2017-05-01,36.97615432739258
2017-05-02,36.778717041015625
2017-05-03,36.98991775512695
2017-05-04,36.95319366455078
2017-05-05,37.10013198852539
2017-05-08,37.00829315185547
2017-05-09,37.380218505859375
2017-05-10,37.8531494140625
2017-05-11,37.93579864501953
2017-05-12,38.04140090942383
2017-05-15,38.463829040527344
2017-05-16,38.9229850769043
2017-05-17,37.45827102661133
2017-05-18,38.01385498046875
2017-05-19,38.45465087890625
2017-05-22,38.82197570800781
2017-05-23,38.739322662353516
2017-05-24,38.909217834472656
2017-05-25,39.1755256652832
2017-05-26,39.249000549316406
2017-05-30,39.52907943725586
2017-05-31,39.48316955566406
2017-06-01,39.556636810302734
2017-06-02,39.86426544189453
2017-06-05,39.96988296508789
2017-06-06,40.061710357666016
2017-06-07,40.36016082763672
2017-06-08,40.892784118652344
2017-06-09,39.345420837402344
2017-06-12,39.10665512084961
2017-06-13,39.359188079833984
2017-06-14,39.0194206237793
2017-06-15,38.6612663269043
2017-06-16,38.638309478759766
2017-06-19,39.32246398925781
2017-06-20,38.83116149902344
2017-06-21,39.27654266357422
2017-06-22,39.1755256652832
2017-06-23,39.33623504638672
2017-06-26,39.184715270996094
2017-06-27,38.064353942871094
2017-06-28,38.615352630615234
2017-06-29,37.74754333496094
2017-06-30,37.58683776855469
2017-07-03,37.15522766113281
2017-07-05,37.862335205078125
2017-07-06,37.70162582397461
2017-07-07,38.20669937133789
2017-07-10,38.60157775878906
2017-07-11,38.909217834472656
2017-07-12,39.469390869140625
2017-07-13,39.377559661865234
2017-07-14,39.86426544189453
2017-07-17,39.75407409667969
2017-07-18,39.90559387207031
2017-07-19,40.300472259521484
2017-07-20,40.38771057128906
2017-07-21,40.162723541259766
2017-07-24,40.034149169921875
2017-07-25,39.92395782470703
2017-07-26,40.34638214111328
2017-07-27,39.83672332763672
2017-07-28,39.648468017578125
2017-07-31,39.41429138183594
2017-08-01,39.58418273925781
2017-08-02,39.368377685546875
2017-08-03,39.23062515258789
2017-08-04,39.345420837402344
2017-08-07,40.03874588012695
2017-08-08,39.91937255859375
2017-08-09,39.841304779052734
2017-08-10,38.74850845336914
2017-08-11,39.10665512084961
2017-08-14,39.8780403137207
2017-08-15,40.02497100830078
2017-08-16,40.107627868652344
2017-08-17,39.15716552734375
2017-08-18,39.24440383911133
2017-08-21,39.09747314453125
2017-08-22,39.620914459228516
2017-08-23,39.70356369018555
2017-08-24,39.698970794677734
2017-08-25,39.57500076293945
2017-08-28,39.68978500366211
2017-08-29,39.799991607666016
2017-08-30,40.355567932128906
2017-08-31,40.672393798828125
2017-09-01,40.865234375
2017-09-05,40.34638214111328
2017-09-06,40.48872756958008
2017-09-07,40.644840240478516
2017-09-08,40.20405197143555
2017-09-11,40.93411636352539
2017-09-12,41.0902214050293
2017-09-13,41.09940719604492
2017-09-14,41.278472900390625
2017-09-15,41.82487869262695
2017-09-18,42.40801239013672
2017-09-19,42.51821517944336
2017-09-20,41.95344924926758
2017-09-21,41.87539291381836
2017-09-22,42.04528045654297
2017-09-25,41.2004280090332
2017-09-26,41.25092697143555
2017-09-27,42.18302536010742
2017-09-28,42.45392990112305
2017-09-29,42.84880828857422
2017-10-02,43.13348388671875
2017-10-03,43.27582550048828
2017-10-04,43.34010696411133
2017-10-05,43.38602828979492
2017-10-06,43.56051254272461
2017-10-09,43.877323150634766
2017-10-10,44.10231399536133
2017-10-11,44.414546966552734
2017-10-12,44.32271194458008
2017-10-13,44.62575912475586
2017-10-16,44.86452102661133
2017-10-17,44.855342864990234
2017-10-18,45.0206413269043
2017-10-19,44.928802490234375
2017-10-20,45.172157287597656
2017-10-23,45.34204864501953
2017-10-24,45.6175422668457
2017-10-25,45.039005279541016
2017-10-26,45.2823600769043
2017-10-27,46.19149398803711
2017-10-30,46.20985794067383
2017-10-31,46.65524673461914
2017-11-01,46.53126907348633
2017-11-02,46.75166702270508
2017-11-03,47.26593017578125
2017-11-06,47.87660598754883
2017-11-07,47.780181884765625
2017-11-08,47.890384674072266
2017-11-09,46.958290100097656
2017-11-10,47.22919845581055
2017-11-13,47.426631927490234
2017-11-14,47.426631927490234
2017-11-15,46.985843658447266
2017-11-16,48.15210723876953
2017-11-17,47.40827178955078
2017-11-20,47.98222351074219
2017-11-21,48.47351837158203
2017-11-22,48.15669631958008
2017-11-24,48.56535339355469
2017-11-27,47.81232833862305
2017-11-28,47.77100372314453
2017-11-29,45.74610900878906
2017-11-30,46.030792236328125
2017-12-01,45.63132095336914
2017-12-04,44.66249084472656
2017-12-05,44.66249084472656
2017-12-06,44.763511657714844
2017-12-07,45.20429611206055
2017-12-08,44.9976806640625
2017-12-11,45.27317428588867
2017-12-12,44.827789306640625
2017-12-13,44.855342864990234
2017-12-14,44.83697509765625
2017-12-15,45.57162857055664
2017-12-18,46.375450134277344
2017-12-19,46.35215759277344
2017-12-20,46.65487289428711
2017-12-21,46.161224365234375
2017-12-22,46.179847717285156
2017-12-26,45.65825271606445
2017-12-27,45.80728530883789
2017-12-28,45.974937438964844
2017-12-29,45.5511360168457
2018-01-02,46.74335861206055
2018-01-03,47.4046745300293
2018-01-04,47.64683532714844
2018-01-05,47.954200744628906
2018-01-08,48.28485870361328
2018-01-09,47.8331184387207
2018-01-10,47.19975662231445
2018-01-11,47.42329406738281
2018-01-12,47.66545867919922
2018-01-16,47.88434600830078
2018-01-17,49.3140754699707
2018-01-18,49.677330017089844
2018-01-19,49.723899841308594
2018-01-22,50.21289825439453
2018-01-23,50.53889465332031
2018-01-24,49.51433563232422
2018-01-25,48.71330642700195
2018-01-26,50.26412582397461
2018-01-29,50.17098617553711
2018-01-30,49.1883430480957
2018-01-31,49.602821350097656
2018-02-01,49.30010223388672
2018-02-02,47.92626190185547
2018-02-05,45.765357971191406
2018-02-06,47.451229095458984
2018-02-07,46.19847869873047
2018-02-08,44.358917236328125
2018-02-09,45.51853942871094
2018-02-12,46.4825553894043
2018-02-13,46.38941192626953
2018-02-14,47.37672424316406
2018-02-15,47.972835540771484
2018-02-16,47.87037658691406
2018-02-20,48.82042694091797
2018-02-21,48.28951644897461
2018-02-22,48.12651443481445
2018-02-23,49.20696258544922
2018-02-26,50.19892883300781
2018-02-27,50.012638092041016
2018-02-28,49.61678695678711
2018-03-01,48.82508087158203
2018-03-02,49.58884811401367
2018-03-05,50.16167068481445
2018-03-06,50.897491455078125
2018-03-07,51.11637878417969
2018-03-08,51.13965606689453
2018-03-09,52.12696838378906
2018-03-12,52.657875061035156
2018-03-13,51.922054290771484
2018-03-14,51.95000076293945
2018-03-15,51.90342712402344
2018-03-16,51.884796142578125
2018-03-19,51.041866302490234
2018-03-20,51.3864860534668
2018-03-21,51.493595123291016
2018-03-22,50.10578536987305
2018-03-23,48.4804573059082
2018-03-26,50.408504486083984
2018-03-27,48.6713981628418
2018-03-28,47.59095001220703
2018-03-29,48.56428146362305
2018-04-02,46.7852668762207
2018-04-03,47.64683532714844
2018-04-04,48.22896957397461
2018-04-05,47.69805908203125
2018-04-06,46.319557189941406
2018-04-09,46.6362419128418
2018-04-10,48.061317443847656
2018-04-11,48.03803634643555
2018-04-12,48.83440017700195
2018-04-13,48.377994537353516
2018-04-16,48.47579574584961
2018-04-17,49.36064529418945
2018-04-18,48.80179214477539
2018-04-19,46.62692642211914
2018-04-20,46.09136199951172
2018-04-23,45.49525451660156
2018-04-24,45.26239776611328
2018-04-25,45.03419876098633
2018-04-26,45.979591369628906
2018-04-27,45.68153381347656
2018-04-30,45.24842834472656
2018-05-01,45.974937438964844
2018-05-02,45.64427947998047
2018-05-03,45.75605010986328
2018-05-04,46.943607330322266
2018-05-07,47.19508743286133
2018-05-08,47.525753021240234
2018-05-09,48.20103073120117
2018-05-10,49.00204849243164
2018-05-11,48.62482833862305
2018-05-14,49.472415924072266
2018-05-15,48.9182243347168
2018-05-16,49.61213302612305
2018-05-17,49.2861328125
2018-05-18,48.69002151489258
2018-05-21,49.38859176635742
2018-05-22,49.742530822753906
2018-05-23,49.79841613769531
2018-05-24,49.942787170410156
2018-05-25,50.441097259521484
2018-05-29,50.03593063354492
2018-05-30,50.33864212036133
2018-05-31,49.919498443603516
2018-06-01,51.00926208496094
2018-06-04,51.358543395996094
2018-06-05,51.64729309082031
2018-06-06,51.97793960571289
2018-06-07,51.56345748901367
2018-06-08,51.214176177978516
2018-06-11,51.158287048339844
2018-06-12,51.31196975708008
2018-06-13,51.20486068725586
2018-06-14,51.28403854370117
2018-06-15,51.36785888671875
2018-06-18,50.74846649169922
2018-06-19,50.14303970336914
2018-06-20,50.45505905151367
2018-06-21,49.826358795166016
2018-06-22,49.640071868896484
2018-06-25,47.84709167480469
2018-06-26,48.28951644897461
2018-06-27,47.10661315917969
2018-06-28,47.58163833618164
2018-06-29,47.81448745727539
2018-07-02,47.8331184387207
2018-07-03,46.99483871459961
2018-07-05,48.26156997680664
2018-07-06,48.87630844116211
2018-07-09,49.24422073364258
2018-07-10,49.77513122558594
2018-07-11,48.405948638916016
2018-07-12,48.99273681640625
2018-07-13,48.89028549194336
2018-07-16,48.74125671386719
2018-07-17,49.38393020629883
2018-07-18,49.886898040771484
2018-07-19,49.723899841308594
2018-07-20,49.67267608642578
2018-07-23,49.640071868896484
2018-07-24,49.02067947387695
2018-07-25,49.267513275146484
2018-07-26,49.9940185546875
2018-07-27,49.7471923828125
2018-07-30,49.407222747802734
2018-07-31,49.3140754699707
2018-08-01,49.528297424316406
2018-08-02,50.02661895751953
2018-08-03,50.10578536987305
2018-08-06,50.371246337890625
2018-08-07,50.71120834350586
2018-08-08,50.86954879760742
2018-08-09,50.375892639160156
2018-08-10,49.19298553466797
2018-08-13,49.248878479003906
2018-08-14,49.132450103759766
2018-08-15,48.31745910644531
2018-08-16,48.242942810058594
2018-08-17,47.88900375366211
2018-08-20,47.82380294799805
2018-08-21,48.81111145019531
2018-08-22,48.99273681640625
2018-08-23,49.053279876708984
2018-08-24,49.80307388305664
2018-08-27,50.580814361572266
2018-08-28,50.77174377441406
2018-08-29,51.060489654541016
2018-08-30,50.51560974121094
2018-08-31,50.73448944091797
2018-09-04,51.10240936279297
2018-09-05,50.82297134399414
2018-09-06,49.5050163269043
2018-09-07,49.2861328125
2018-09-10,49.76581954956055
2018-09-11,49.14176559448242
2018-09-12,48.578250885009766
2018-09-13,49.174354553222656
2018-09-14,49.68198776245117
2018-09-17,49.0113639831543
2018-09-18,49.38393020629883
2018-09-19,49.49570083618164
2018-09-20,50.133724212646484
2018-09-21,49.88224792480469
2018-09-24,50.236183166503906
2018-09-25,49.43516159057617
2018-09-26,48.99739456176758
2018-09-27,49.30476379394531
2018-09-28,49.57487106323242
2018-10-01,49.70528030395508
2018-10-02,49.66801834106445
2018-10-03,49.85895538330078
2018-10-04,48.736595153808594
2018-10-05,47.62820053100586
2018-10-08,47.06935501098633
2018-10-09,46.980865478515625
2018-10-10,44.84791564941406
2018-10-11,44.452056884765625
2018-10-12,45.332252502441406
2018-10-15,44.838592529296875
2018-10-16,46.3568115234375
2018-10-17,46.12862014770508
2018-10-18,44.92707824707031
2018-10-19,44.279747009277344
2018-10-22,44.51725769042969
2018-10-23,44.34028625488281
2018-10-24,41.364402770996094
2018-10-25,42.53333282470703
2018-10-26,41.764915466308594
2018-10-29,41.28522872924805
2018-10-30,43.04095458984375
2018-10-31,43.52529525756836
2018-11-01,45.625648498535156
2018-11-02,44.899147033691406
2018-11-05,44.484657287597656
2018-11-06,44.945716857910156
2018-11-07,45.499908447265625
2018-11-08,45.29033660888672
2018-11-09,44.47068405151367
2018-11-12,42.52402114868164
2018-11-13,43.073551177978516
2018-11-14,43.29710006713867
2018-11-15,44.666290283203125
2018-11-16,43.90717697143555
2018-11-19,42.25856018066406
2018-11-20,42.2213134765625
2018-11-21,42.4075927734375
2018-11-23,42.347049713134766
2018-11-26,43.18998336791992
2018-11-27,43.25518035888672
2018-11-28,44.40082931518555
2018-11-29,43.98169708251953
2018-11-30,45.05748748779297
2018-12-03,45.84919357299805
2018-12-04,43.59515380859375
2018-12-06,43.339012145996094
2018-12-07,41.69505310058594
2018-12-10,42.17939758300781
2018-12-11,42.38896179199219
2018-12-12,43.031639099121094
2018-12-13,42.88726806640625
2018-12-14,42.2213134765625
2018-12-17,41.82080078125
2018-12-18,42.32376480102539
2018-12-19,40.488868713378906
2018-12-20,40.1651496887207
2018-12-21,39.47215270996094
2018-12-24,38.42791748046875
2018-12-26,40.587589263916016
2018-12-27,40.94358825683594
2018-12-28,41.22362518310547
2018-12-31,41.42772674560547
2019-01-02,41.73150634765625
2019-01-03,39.225337982177734
2019-01-04,41.05274963378906
2019-01-07,41.845428466796875
2019-01-08,41.60334777832031
2019-01-09,42.66657638549805
2019-01-10,43.108001708984375
2019-01-11,43.463985443115234
2019-01-14,42.71878433227539
2019-01-15,42.83270263671875
2019-01-16,42.49569320678711
2019-01-17,43.022560119628906
2019-01-18,44.08578109741211
2019-01-22,42.8089714050293
2019-01-23,42.63809585571289
2019-01-24,45.149009704589844
2019-01-25,45.98914337158203
2019-01-28,45.13002014160156
2019-01-29,44.531959533691406
2019-01-30,45.879974365234375
2019-01-31,45.846744537353516
2019-02-01,46.430572509765625
2019-02-04,46.658409118652344
2019-02-05,46.91946792602539
2019-02-06,48.082366943359375
2019-02-07,47.04762268066406
2019-02-08,46.91946792602539
2019-02-11,47.12356185913086
2019-02-12,48.172550201416016
2019-02-13,48.286468505859375
2019-02-14,48.42885971069336
2019-02-15,48.67568588256836
2019-02-19,48.61872100830078
2019-02-20,49.06015396118164
2019-02-21,48.756370544433594
2019-02-22,49.449363708496094
2019-02-25,49.90028762817383
2019-02-26,49.5775146484375
2019-02-27,49.069637298583984
2019-02-28,49.0459098815918
2019-03-01,49.49683380126953
2019-03-04,49.520565032958984
2019-03-05,49.287986755371094
2019-03-06,48.457340240478516
2019-03-07,47.930477142333984
2019-03-08,47.91623306274414
2019-03-11,48.936737060546875
2019-03-12,49.17881393432617
2019-03-13,49.37816619873047
2019-03-14,49.10286331176758
2019-03-15,50.417659759521484
2019-03-18,50.280006408691406
2019-03-19,50.85908889770508
2019-03-20,50.422401428222656
2019-03-21,52.159637451171875
2019-03-22,50.669227600097656
2019-03-25,50.028438568115234
2019-03-26,50.49359893798828
2019-03-27,49.75789260864258
2019-03-28,49.662960052490234
2019-03-29,50.46987533569336
2019-04-01,51.71346664428711
2019-04-02,51.75618362426758
2019-04-03,52.961795806884766
2019-04-04,53.01875686645508
2019-04-05,53.4174690246582
2019-04-08,53.526634216308594
2019-04-09,52.942813873291016
2019-04-10,53.369998931884766
2019-04-11,53.317787170410156
2019-04-12,54.06774139404297
2019-04-15,53.678524017333984
2019-04-16,54.98856735229492
2019-04-17,55.80022430419922
2019-04-18,55.88092041015625
2019-04-22,55.83819580078125
2019-04-23,56.28911590576172
2019-04-24,56.76852035522461
2019-04-25,55.64833450317383
2019-04-26,54.969581604003906
2019-04-29,54.6800422668457
2019-04-30,55.178428649902344
2019-05-01,54.75598907470703
2019-05-02,55.27336120605469
2019-05-03,55.766998291015625
2019-05-06,54.87465286254883
2019-05-07,53.62156677246094
2019-05-08,53.23710632324219
2019-05-09,52.487144470214844
2019-05-10,52.4301872253418
2019-05-13,49.999961853027344
2019-05-14,51.281524658203125
2019-05-15,51.75618362426758
2019-05-16,51.025211334228516
2019-05-17,50.04267501831055
2019-05-20,48.05388259887695
2019-05-21,49.15033721923828
2019-05-22,48.286468505859375
2019-05-23,47.48429870605469
2019-05-24,47.194766998291016
2019-05-28,46.77707290649414
2019-05-29,46.9337043762207
2019-05-30,47.2944450378418
2019-05-31,46.625179290771484
2019-06-03,46.57296371459961
2019-06-04,48.481075286865234
2019-06-05,48.11083984375
2019-06-06,48.775360107421875
2019-06-07,49.406646728515625
2019-06-10,50.64075469970703
2019-06-11,50.825862884521484
2019-06-12,49.724666595458984
2019-06-13,49.97148513793945
2019-06-14,48.727901458740234
2019-06-17,48.42885971069336
2019-06-18,50.3986701965332
2019-06-19,50.517333984375
2019-06-20,51.101158142089844
2019-06-21,50.85908889770508
2019-06-24,50.95401382446289
2019-06-25,50.07115936279297
2019-06-26,51.55208206176758
2019-06-27,52.24507522583008
2019-06-28,52.29728317260742
2019-07-01,53.773460388183594
2019-07-02,53.14216613769531
2019-07-03,52.94755935668945
2019-07-05,52.558345794677734
2019-07-08,52.21659469604492
2019-07-09,52.58207702636719
2019-07-10,53.10419464111328
2019-07-11,53.251346588134766
2019-07-12,54.2291259765625
2019-07-15,54.66580581665039
2019-07-16,54.10097122192383
2019-07-17,54.29557800292969
2019-07-18,55.27336120605469
2019-07-19,55.27810287475586
2019-07-22,56.38405227661133
2019-07-23,57.010589599609375
2019-07-24,58.529483795166016
2019-07-25,57.471004486083984
2019-07-26,57.35234069824219
2019-07-29,57.54695129394531
2019-07-30,57.29063415527344
2019-07-31,55.57714080810547
2019-08-01,54.45695877075195
2019-08-02,53.71650314331055
2019-08-05,51.40019226074219
2019-08-06,52.21659469604492
2019-08-07,52.50138473510742
2019-08-08,53.84465789794922
2019-08-09,52.91433334350586
2019-08-12,52.28779220581055
2019-08-13,53.78770065307617
2019-08-14,52.05521011352539
2019-08-15,51.998252868652344
2019-08-16,53.27033233642578
2019-08-19,54.1484375
2019-08-20,53.83990478515625
2019-08-21,54.3905029296875
2019-08-22,54.319305419921875
2019-08-23,52.0694465637207
2019-08-26,52.605812072753906
2019-08-27,52.482398986816406
2019-08-28,52.81940460205078
2019-08-29,53.963314056396484
2019-08-30,54.309814453125
2019-09-03,53.45069122314453
2019-09-04,55.02653884887695
2019-09-05,56.69731903076172
2019-09-06,56.74478530883789
2019-09-09,56.96312713623047
2019-09-10,57.07704162597656
2019-09-11,57.803260803222656
2019-09-12,57.8934440612793
2019-09-13,57.864959716796875
2019-09-16,57.47574996948242
2019-09-17,57.70833206176758
2019-09-18,57.77003479003906
2019-09-19,57.53745651245117
2019-09-20,56.459991455078125
2019-09-23,56.94413375854492
2019-09-24,56.09925842285156
2019-09-25,57.05805206298828
2019-09-26,57.25740432739258
2019-09-27,55.89990234375
2019-09-30,56.54542922973633
2019-10-01,56.16096115112305
2019-10-02,55.244876861572266
2019-10-03,56.094512939453125
2019-10-04,57.08179473876953
2019-10-07,56.7969970703125
2019-10-08,55.30657958984375
2019-10-09,56.279624938964844
2019-10-10,56.815982818603516
2019-10-11,58.111785888671875
2019-10-14,58.19722366333008
2019-10-15,59.355377197265625
2019-10-16,58.49150848388672
2019-10-17,58.529483795166016
2019-10-18,57.95514678955078
2019-10-21,59.04210662841797
2019-10-22,58.595924377441406
2019-10-23,57.57543182373047
2019-10-24,59.09906768798828
2019-10-25,60.295188903808594
2019-10-28,61.211273193359375
2019-10-29,60.793575286865234
2019-10-30,60.86003112792969
2019-10-31,60.51353073120117
2019-11-01,61.761863708496094
2019-11-04,63.076656341552734
2019-11-05,63.109893798828125
2019-11-06,62.72541046142578
2019-11-07,63.095645904541016
2019-11-08,63.22854995727539
2019-11-11,62.97222900390625
2019-11-12,63.105140686035156
2019-11-13,63.21430206298828
2019-11-14,63.100399017333984
2019-11-15,63.74116897583008
2019-11-18,63.77913284301758
2019-11-19,63.56081008911133
2019-11-20,62.93901062011719
2019-11-21,62.25074768066406
2019-11-22,62.1415901184082
2019-11-25,63.57504653930664
2019-11-26,63.37094497680664
2019-11-27,63.79813766479492
2019-11-29,63.086151123046875
2019-12-02,62.26499557495117
2019-12-03,61.39163589477539
2019-12-04,62.293479919433594
2019-12-05,62.668453216552734
2019-12-06,63.598777770996094
2019-12-09,63.17158126831055
2019-12-10,63.423152923583984
2019-12-11,64.7806625366211
2019-12-12,66.64129638671875
2019-12-13,66.38499450683594
2019-12-16,66.92609405517578
2019-12-17,67.30581665039062
2019-12-18,67.07322692871094
2019-12-19,67.46245574951172
2019-12-20,68.11273956298828
2019-12-23,68.45093536376953
2019-12-24,68.59064483642578
2019-12-26,68.77372741699219
2019-12-27,68.53764343261719
2019-12-30,68.04141998291016
2019-12-31,68.12814331054688
2020-01-02,69.70355224609375
2020-01-03,68.5617446899414
2020-01-06,67.82943725585938
2020-01-07,68.96161651611328
2020-01-08,69.0772476196289
2020-01-09,69.47229766845703
2020-01-10,68.8941650390625
2020-01-13,69.85771942138672
2020-01-14,70.00225067138672
2020-01-15,68.96642303466797
2020-01-16,70.079345703125
2020-01-17,70.368408203125
2020-01-21,70.42621612548828
2020-01-22,71.00435638427734
2020-01-23,71.44758605957031
2020-01-24,71.13443756103516
2020-01-27,68.26786041259766
2020-01-28,69.97816467285156
2020-01-29,68.91344451904297
2020-01-30,68.75445556640625
2020-01-31,66.27812957763672
2020-02-03,67.18385314941406
2020-02-04,69.34703826904297
2020-02-05,70.72492218017578
2020-02-06,70.77310180664062
2020-02-07,69.15432739257812
2020-02-10,70.24314880371094
2020-02-11,71.7270278930664
2020-02-12,72.73873901367188
2020-02-13,72.91219329833984
2020-02-14,72.59904479980469
2020-02-18,71.51022338867188
2020-02-19,73.3506088256836
2020-02-20,72.19435119628906
2020-02-21,70.07452392578125
2020-02-24,66.89960479736328
2020-02-25,64.9725112915039
2020-02-26,65.36273956298828
2020-02-27,62.35163497924805
2020-02-28,63.58016586303711
2020-03-02,65.7818832397461
2020-03-03,63.62351989746094
2020-03-04,66.88516235351562
2020-03-05,64.78460693359375
2020-03-06,63.536808013916016
2020-03-09,58.251705169677734
2020-03-10,61.84095001220703
2020-03-11,58.50223159790039
2020-03-12,52.32584762573242
2020-03-13,57.398963928222656
2020-03-16,49.12683868408203
2020-03-17,53.106327056884766
2020-03-18,48.693241119384766
2020-03-19,49.555625915527344
2020-03-20,48.68842315673828
2020-03-23,50.49509048461914
2020-03-24,55.707923889160156
2020-03-25,55.28877639770508
2020-03-26,58.64194869995117
2020-03-27,55.39958190917969
2020-03-30,57.57239532470703
2020-03-31,56.43540573120117
2020-04-01,53.63628005981445
2020-04-02,55.081607818603516
2020-04-03,53.97834396362305
2020-04-06,59.345340728759766
2020-04-07,59.16226577758789
2020-04-08,61.12310028076172
2020-04-09,59.677764892578125
2020-04-13,60.45824432373047
2020-04-14,63.103206634521484
2020-04-15,61.40252685546875
2020-04-16,63.030941009521484
2020-04-17,63.647613525390625
2020-04-20,62.29863357543945
2020-04-21,59.50914001464844
2020-04-22,62.871952056884766
2020-04-23,62.293819427490234
2020-04-24,63.55125427246094
2020-04-27,64.3365478515625
2020-04-28,63.907772064208984
2020-04-29,66.90925598144531
2020-04-30,64.4281005859375
2020-05-01,61.39289855957031
2020-05-04,62.072200775146484
2020-05-05,62.881587982177734
2020-05-06,63.61870574951172
2020-05-07,64.19684600830078
2020-05-08,65.83488464355469
2020-05-11,65.86862182617188
2020-05-12,64.05713653564453
2020-05-13,62.920127868652344
2020-05-14,64.68343353271484
2020-05-15,63.209190368652344
2020-05-18,65.93124389648438
2020-05-19,65.68553924560547
2020-05-20,68.06550598144531
2020-05-21,66.34075164794922
2020-05-22,66.48046875
2020-05-26,67.05377960205078
2020-05-27,68.06550598144531
2020-05-28,66.61054229736328
2020-05-29,67.94506072998047
2020-06-01,67.84390258789062
2020-06-02,69.17842102050781
2020-06-03,71.08625793457031
2020-06-04,71.87154388427734
2020-06-05,73.56742095947266
2020-06-08,73.34579467773438
2020-06-09,73.4806900024414
2020-06-10,73.85648345947266
2020-06-11,69.32295227050781
2020-06-12,70.30097198486328
2020-06-15,71.21151733398438
2020-06-16,72.32441711425781
2020-06-17,73.09046173095703
2020-06-18,72.9892807006836
2020-06-19,72.647216796875
2020-06-22,73.31206512451172
2020-06-23,73.5529556274414
2020-06-24,72.01126861572266
2020-06-25,72.502685546875
2020-06-26,71.14407348632812
2020-06-29,71.86673736572266
2020-06-30,73.61559295654297
2020-07-01,72.77246856689453
2020-07-02,73.88538360595703
2020-07-06,75.92330169677734
2020-07-07,74.9790267944336
2020-07-08,76.05339050292969
2020-07-09,77.37345123291016
2020-07-10,77.06993103027344
2020-07-13,75.96184539794922
2020-07-14,77.23856353759766
2020-07-15,76.88685607910156
2020-07-16,76.82903289794922
2020-07-17,77.18556213378906
2020-07-20,78.72724914550781
2020-07-21,78.33218383789062
2020-07-22,78.90550994873047
2020-07-23,77.60469818115234
2020-07-24,76.82422637939453
2020-07-27,79.92205047607422
2020-07-28,77.84559631347656
2020-07-29,79.80642700195312
2020-07-30,80.5580062866211
2020-07-31,80.08103942871094
2020-08-03,81.50708770751953
2020-08-04,82.69226837158203
2020-08-05,82.76454162597656
2020-08-06,82.62001037597656
2020-08-07,81.67091369628906
2020-08-10,81.72872161865234
2020-08-11,80.57246398925781
2020-08-12,83.10660552978516
2020-08-13,82.31648254394531
2020-08-14,82.22976684570312
2020-08-17,83.42939758300781
2020-08-18,82.91389465332031
2020-08-19,82.40802764892578
2020-08-20,81.74799346923828
2020-08-21,82.340576171875
2020-08-24,83.07286834716797
2020-08-25,84.0123519897461
2020-08-26,84.47967529296875
2020-08-27,83.29449462890625
2020-08-28,84.61939239501953
2020-08-31,84.48930358886719
2020-09-01,86.1466293334961
2020-09-02,88.43024444580078
2020-09-03,83.73291778564453
2020-09-04,82.58145904541016
2020-09-08,78.91996002197266
2020-09-09,81.17948913574219
2020-09-10,80.15812683105469
2020-09-11,80.00395965576172
2020-09-14,81.80581665039062
2020-09-15,83.52574157714844
2020-09-16,82.49957275390625
2020-09-17,82.31168365478516
2020-09-18,81.06867980957031
2020-09-21,81.10723114013672
2020-09-22,81.7720718383789
2020-09-23,79.90279388427734
2020-09-24,80.60135650634766
2020-09-25,81.53600311279297
2020-09-28,83.60765075683594
2020-09-29,84.05088806152344
2020-09-30,83.92562103271484
2020-10-01,85.99727630615234
2020-10-02,83.41975402832031
2020-10-05,86.26225280761719
2020-10-06,85.50585174560547
2020-10-07,87.33660888671875
2020-10-08,88.40615844726562
2020-10-09,89.92375183105469
2020-10-12,91.50880432128906
2020-10-13,91.23419189453125
2020-10-14,90.75241088867188
2020-10-15,90.40071105957031
2020-10-16,89.83702850341797
2020-10-19,89.393798828125
2020-10-20,89.46605682373047
2020-10-21,88.89275360107422
2020-10-22,88.8590316772461
2020-10-23,88.64703369140625
2020-10-26,86.74883270263672
2020-10-27,86.45013427734375
2020-10-28,83.66064453125
2020-10-29,85.72747039794922
2020-10-30,84.28694915771484
2020-11-02,84.94216918945312
2020-11-03,86.71029663085938
2020-11-04,89.89002990722656
2020-11-05,93.46000671386719
2020-11-06,94.91014862060547
2020-11-09,93.87432861328125
2020-11-10,90.96920776367188
2020-11-11,94.16822052001953
2020-11-12,93.15165710449219
2020-11-13,94.52472686767578
2020-11-16,97.18414306640625
2020-11-17,96.06641387939453
2020-11-18,95.58946228027344
2020-11-19,96.83724975585938
2020-11-20,96.34583282470703
2020-11-23,97.82971954345703
2020-11-24,98.1380615234375
2020-11-25,98.13324737548828
2020-11-27,99.44849395751953
2020-11-30,100.50358581542969
2020-12-01,102.32952117919922
2020-12-02,102.73902893066406
2020-12-03,102.70048522949219
2020-12-04,105.69715118408203
2020-12-07,106.29936218261719
2020-12-08,106.43907165527344
2020-12-09,103.14371490478516
2020-12-10,103.22080993652344
2020-12-11,102.38252258300781
2020-12-14,103.427978515625
2020-12-15,105.05155944824219
2020-12-16,105.0082015991211
2020-12-17,104.98411560058594
2020-12-18,104.62278747558594
2020-12-21,104.09496307373047
2020-12-22,103.91061401367188
2020-12-23,103.1343994140625
2020-12-24,104.24049377441406
2020-12-28,104.03189849853516
2020-12-29,103.7699203491211
2020-12-30,105.68619537353516
2020-12-31,105.96272277832031
2021-01-04,106.17617797851562
2021-01-05,108.03424072265625
2021-01-06,107.704345703125
2021-01-07,112.1481704711914
2021-01-08,111.7455062866211
2021-01-11,113.4192123413086
2021-01-12,113.94801330566406
2021-01-13,113.33189392089844
2021-01-14,116.15050506591797
2021-01-15,113.88978576660156
2021-01-19,117.79996490478516
2021-01-20,117.30996704101562
2021-01-21,119.12438201904297
2021-01-22,116.883056640625
2021-01-25,117.34393310546875
2021-01-26,115.31607818603516
2021-01-27,109.6836929321289
2021-01-28,111.9783706665039
2021-01-29,109.93596649169922
2021-02-01,114.24394989013672
2021-02-02,115.80606842041016
2021-02-03,113.62782287597656
2021-02-04,114.9425277709961
2021-02-05,114.10810852050781
2021-02-08,117.92124938964844
2021-02-09,117.57194519042969
2021-02-10,117.87272644042969
2021-02-11,122.23892211914062
2021-02-12,123.49542236328125
2021-02-16,124.25223541259766
2021-02-17,121.84597778320312
2021-02-18,120.55066680908203
2021-02-19,123.15583801269531
2021-02-22,118.65380096435547
2021-02-23,117.51373291015625
2021-02-24,121.29292297363281
2021-02-25,114.5301742553711
2021-02-26,116.89276123046875
2021-03-01,120.40998077392578
2021-03-02,116.70841979980469
2021-03-03,113.0311050415039
2021-03-04,107.54425048828125
2021-03-05,110.99354553222656
2021-03-08,104.89543151855469
2021-03-09,111.10997772216797
2021-03-10,108.8541259765625
2021-03-11,113.42891693115234
2021-03-12,112.01232147216797
2021-03-15,114.42827606201172
2021-03-16,115.67993927001953
2021-03-17,116.7666244506836
2021-03-18,112.08995819091797
2021-03-19,113.3658447265625
2021-03-22,116.06803131103516
2021-03-23,113.16209411621094
2021-03-24,111.2215576171875
2021-03-25,111.62907409667969
2021-03-26,117.22750091552734
2021-03-29,115.35004425048828
2021-03-30,114.8552017211914
2021-03-31,118.15411376953125
2021-04-01,122.70951080322266
2021-04-05,124.75191497802734
2021-04-06,123.04425048828125
2021-04-07,122.76287078857422
2021-04-08,124.52389526367188
2021-04-09,124.23281860351562
2021-04-12,122.79197692871094
2021-04-13,122.54940795898438
2021-04-14,121.37539672851562
2021-04-15,122.93267059326172
2021-04-16,122.45240020751953
2021-04-19,119.4203109741211
2021-04-20,117.74659729003906
2021-04-21,120.85144805908203
2021-04-22,118.17837524414062
2021-04-23,120.89511108398438
2021-04-26,122.96177673339844
2021-04-27,122.24378204345703
2021-04-28,120.28868865966797
2021-04-29,121.39966583251953
2021-04-30,117.88729095458984
2021-05-03,116.51920318603516
2021-05-04,115.07351684570312
2021-05-05,115.5829086303711
2021-05-06,116.53376770019531
2021-05-07,118.17837524414062
2021-05-10,112.93893432617188
2021-05-11,113.1572494506836
2021-05-12,108.49026489257812
2021-05-13,109.72250366210938
2021-05-14,113.2009048461914
2021-05-17,111.93955993652344
2021-05-18,111.32345581054688
2021-05-19,113.31734466552734
2021-05-20,116.13111877441406
2021-05-21,115.54409790039062
2021-05-24,118.08134460449219
2021-05-25,118.85755157470703
2021-05-26,118.97883605957031
2021-05-27,119.5512924194336
2021-05-28,120.8902587890625
2021-06-01,120.71076202392578
2021-06-02,121.41905212402344
2021-06-03,119.34268188476562
2021-06-04,122.00121307373047
2021-06-07,121.38024139404297
2021-06-08,120.38087463378906
2021-06-09,120.00731658935547
2021-06-10,121.57429504394531
2021-06-11,122.00121307373047
2021-06-14,123.65066528320312
2021-06-15,122.58336639404297
2021-06-16,121.550048828125
2021-06-17,122.92296600341797
2021-06-18,119.79385375976562
2021-06-21,120.10918426513672
2021-06-22,120.89511108398438
2021-06-23,121.50639343261719
2021-06-24,123.49057006835938
2021-06-25,123.00543975830078
2021-06-28,125.98900604248047
2021-06-29,127.08541107177734
2021-06-30,127.22122192382812
2021-07-01,125.34378051757812
2021-07-02,126.03752136230469
2021-07-06,125.99871826171875
2021-07-07,124.25223541259766
2021-07-08,122.58821868896484
2021-07-09,124.67913818359375
2021-07-12,126.31403350830078
2021-07-13,126.04238891601562
2021-07-14,125.76583862304688
2021-07-15,122.3165512084961
2021-07-16,119.75505065917969
2021-07-19,119.73078918457031
2021-07-20,121.1958999633789
2021-07-21,124.67913818359375
2021-07-22,123.92718505859375
2021-07-23,124.82953643798828
2021-07-26,124.68885803222656
2021-07-27,122.4863510131836
2021-07-28,124.6742935180664
2021-07-29,127.01263427734375
2021-07-30,127.65788269042969
2021-08-02,128.56021118164062
2021-08-03,129.7245330810547
2021-08-04,131.14111328125
2021-08-05,130.9955596923828
2021-08-06,130.29212951660156
2021-08-09,129.89918518066406
2021-08-10,128.23516845703125
2021-08-11,127.89557647705078
2021-08-12,126.4983901977539
2021-08-13,127.32311248779297
2021-08-16,126.77491760253906
2021-08-17,124.3735122680664
2021-08-18,122.7677230834961
2021-08-19,123.84471893310547
2021-08-20,124.37837219238281
2021-08-23,127.95379638671875
2021-08-24,128.04112243652344
2021-08-25,129.43345642089844
2021-08-26,129.63235473632812
2021-08-27,131.9755401611328
2021-08-30,132.39276123046875
2021-08-31,131.38851928710938
2021-09-01,131.18478393554688
2021-09-02,131.50497436523438
2021-09-03,132.5819854736328
2021-09-07,132.31028747558594
2021-09-08,130.56381225585938
2021-09-09,131.102294921875
2021-09-10,132.0919647216797
2021-09-13,133.08164978027344
2021-09-14,133.16896057128906
2021-09-15,133.63470458984375
2021-09-16,133.82875061035156
2021-09-17,131.4709930419922
2021-09-20,128.2691192626953
2021-09-21,128.54080200195312
2021-09-22,130.85975646972656
2021-09-23,132.5043487548828
2021-09-24,132.1453399658203
2021-09-27,131.67478942871094
2021-09-28,126.37225341796875
2021-09-29,124.46568298339844
2021-09-30,124.32499694824219
2021-10-01,124.43173217773438
2021-10-04,121.19103240966797
2021-10-05,122.89386749267578
2021-10-06,123.26741027832031
2021-10-07,124.80043029785156
2021-10-08,123.58760070800781
2021-10-11,122.85018920898438
2021-10-12,121.6082534790039
2021-10-13,122.64643096923828
2021-10-14,126.3285903930664
2021-10-15,127.38616943359375
2021-10-18,128.3904266357422
2021-10-19,129.86036682128906
2021-10-20,129.2879180908203
2021-10-21,130.76271057128906
2021-10-22,129.60809326171875
2021-10-25,130.26303100585938
2021-10-26,131.00527954101562
2021-10-27,129.89918518066406
2021-10-28,132.37335205078125
2021-10-29,132.75177001953125
2021-11-01,134.27505493164062
2021-11-02,135.75473022460938
2021-11-03,137.09854125976562
2021-11-04,142.77459716796875
2021-11-05,143.89039611816406
2021-11-08,146.4810028076172
2021-11-09,146.67506408691406
2021-11-10,142.04690551757812
2021-11-11,144.60354614257812
2021-11-12,146.07351684570312
2021-11-15,145.87945556640625
2021-11-16,147.77146911621094
2021-11-17,146.8933868408203
2021-11-18,150.5076141357422
2021-11-19,151.45848083496094
2021-11-22,149.1735076904297
2021-11-23,148.0916748046875
2021-11-24,149.5858612060547
2021-11-26,145.24879455566406
2021-11-29,151.08009338378906
2021-11-30,147.91700744628906
2021-12-01,147.39308166503906
2021-12-02,147.77633666992188
2021-12-03,146.09776306152344
2021-12-06,145.5398712158203
2021-12-07,152.59852600097656
2021-12-08,151.9387664794922
2021-12-09,148.26144409179688
2021-12-10,149.20262145996094
2021-12-13,145.33126831054688
2021-12-14,144.4919891357422
2021-12-15,150.46881103515625
2021-12-16,143.92921447753906
2021-12-17,143.25489807128906
2021-12-20,142.17848205566406
2021-12-21,147.31427001953125
2021-12-22,149.0652313232422
2021-12-23,150.34796142578125
2021-12-27,154.39613342285156
2021-12-28,152.87442016601562
2021-12-29,152.85003662109375
2021-12-30,151.1136932373047
2021-12-31,150.60646057128906
2022-01-03,153.92791748046875
2022-01-04,153.1280059814453
2022-01-05,147.8751678466797
2022-01-06,149.34323120117188
2022-01-07,144.80245971679688
2022-01-10,144.98779296875
2022-01-11,147.91416931152344
2022-01-12,149.17739868164062
2022-01-13,146.58267211914062
2022-01-14,149.6895294189453
2022-01-18,142.99298095703125
2022-01-19,139.04234313964844
2022-01-20,134.7844696044922
2022-01-21,132.54090881347656
2022-01-24,134.2382049560547
2022-01-25,128.92193603515625
2022-01-26,130.78018188476562
2022-01-27,125.19567108154297
2022-01-28,127.63433837890625
2022-01-31,134.3211212158203
2022-02-01,134.89663696289062
2022-02-02,138.34002685546875
2022-02-03,132.20436096191406
2022-02-04,132.92132568359375
2022-02-07,133.1310577392578
2022-02-08,135.8574676513672
2022-02-09,140.5884552001953
2022-02-10,136.3793487548828
2022-02-11,129.37066650390625
2022-02-14,129.28285217285156
2022-02-15,136.31593322753906
2022-02-16,136.2866668701172
2022-02-17,130.8240966796875
2022-02-18,129.37066650390625
2022-02-22,128.4829864501953
2022-02-23,125.79070281982422
2022-02-24,130.10711669921875
2022-02-25,131.92147827148438
2022-02-28,130.78504943847656
2022-03-01,126.65886688232422
2022-03-02,130.80458068847656
2022-03-03,127.98548889160156
2022-03-04,124.54212188720703
2022-03-07,118.34304809570312
2022-03-08,120.1281509399414
2022-03-09,125.34686279296875
2022-03-10,122.63509368896484
2022-03-11,119.87939453125
2022-03-14,116.41651153564453
2022-03-15,121.29383087158203
2022-03-16,127.71723937988281
2022-03-17,128.51712036132812
2022-03-18,131.2923126220703
2022-03-21,130.9850311279297
2022-03-22,131.88734436035156
2022-03-23,128.59027099609375
2022-03-24,134.84786987304688
2022-03-25,134.28697204589844
2022-03-28,135.26243591308594
2022-03-29,138.3205108642578
2022-03-30,134.30648803710938
2022-03-31,131.5849609375
2022-04-01,129.45358276367188
2022-04-04,131.58982849121094
2022-04-05,125.91264343261719
2022-04-06,123.30815887451172
2022-04-07,123.3276596069336
2022-04-08,120.39640045166016
2022-04-11,117.68949890136719
2022-04-12,117.0554428100586
2022-04-13,119.83550262451172
2022-04-14,116.1872787475586
2022-04-18,118.1772232055664
2022-04-19,120.69392395019531
2022-04-20,120.47443389892578
2022-04-21,117.17250061035156
2022-04-22,114.48509216308594
2022-04-25,116.46527862548828
2022-04-26,111.50018310546875
2022-04-27,110.96368408203125
2022-04-28,117.29930114746094
2022-04-29,112.10497283935547
2022-05-02,115.36788940429688
2022-05-03,116.31409454345703
2022-05-04,120.30372619628906
2022-05-05,114.65579986572266
2022-05-06,113.4803695678711
2022-05-09,107.73490142822266
2022-05-10,110.51985168457031
2022-05-11,107.13011169433594
2022-05-12,107.6373519897461
2022-05-13,113.28040313720703
2022-05-16,111.451416015625
2022-05-17,116.78231811523438
2022-05-18,111.20266723632812
2022-05-19,111.23192596435547
2022-05-20,111.28558349609375
2022-05-23,112.1781234741211
2022-05-24,109.21759796142578
2022-05-25,111.49043273925781
2022-05-26,115.21669006347656
2022-05-27,119.78673553466797
2022-05-31,119.28925323486328
2022-06-01,117.32856750488281
2022-06-02,121.47428131103516
2022-06-03,117.89434051513672
2022-06-06,117.99188232421875
2022-06-07,118.9332046508789
2022-06-08,116.45553588867188
2022-06-09,113.35844421386719
2022-06-10,109.16394805908203
2022-06-13,103.0965805053711
2022-06-14,103.85255432128906
2022-06-15,105.75471496582031
2022-06-16,99.48736572265625
2022-06-17,100.30188751220703
2022-06-21,103.14534759521484
2022-06-22,101.6919174194336
2022-06-23,101.16516876220703
2022-06-24,105.42793273925781
2022-06-27,105.07677459716797
2022-06-28,102.42837524414062
2022-06-29,100.623779296875
2022-06-30,99.36544036865234
2022-07-01,95.59040069580078
2022-07-05,96.09276580810547
2022-07-06,96.7463150024414
2022-07-07,101.21394348144531
2022-07-08,101.76020812988281
2022-07-11,99.32154083251953
2022-07-12,99.28252410888672
2022-07-13,100.0677719116211
2022-07-14,102.17964935302734
2022-07-15,104.75973510742188
2022-07-18,103.9842529296875
2022-07-19,108.73474884033203
2022-07-20,111.29534149169922
2022-07-21,113.1633529663086
2022-07-22,110.60276794433594
2022-07-25,109.91992950439453
2022-07-26,108.26165008544922
2022-07-27,113.32917785644531
2022-07-28,114.7143325805664
2022-07-29,115.6702880859375
2022-08-01,115.90438842773438
2022-08-02,115.6654052734375
2022-08-03,118.43084716796875
2022-08-04,119.63553619384766
2022-08-05,118.8210220336914
2022-08-08,116.7676773071289
2022-08-09,111.88062286376953
2022-08-10,116.41162872314453
2022-08-11,116.38724517822266
2022-08-12,119.67455291748047
2022-08-15,120.2159423828125
2022-08-16,118.86004638671875
2022-08-17,116.30921936035156
2022-08-18,117.93335723876953
2022-08-19,114.6119155883789
2022-08-22,110.61739349365234
2022-08-23,111.33436584472656
2022-08-24,111.26119232177734
2022-08-25,114.9972152709961
2022-08-26,108.6030502319336
2022-08-29,106.58873748779297
2022-08-30,105.3694076538086
2022-08-31,104.6524429321289
2022-09-01,102.36498260498047
2022-09-02,101.36026000976562
2022-09-06,100.22872161865234
2022-09-07,101.82847595214844
2022-09-08,103.2087631225586
2022-09-09,105.76934814453125
2022-09-12,106.03272247314453
2022-09-13,99.72148132324219
2022-09-14,100.80424499511719
2022-09-15,99.0093994140625
2022-09-16,99.4532241821289
2022-09-19,100.1067886352539
2022-09-20,98.72164154052734
2022-09-21,97.89737701416016
2022-09-22,95.18558502197266
2022-09-23,93.82481384277344
2022-09-26,92.7322998046875
2022-09-27,93.43463134765625
2022-09-28,94.62468719482422
2022-09-29,91.6446533203125
2022-09-30,90.28876495361328
2022-10-03,93.52729797363281
2022-10-04,97.52669525146484
2022-10-05,98.49240112304688
2022-10-06,97.8193359375
2022-10-07,91.98607635498047
2022-10-10,88.91336059570312
2022-10-11,86.10891723632812
2022-10-12,85.59191131591797
2022-10-13,88.21102905273438
2022-10-14,84.45061492919922
2022-10-17,86.45032501220703
2022-10-18,86.46981811523438
2022-10-19,87.16728973388672
2022-10-20,87.85986328125
2022-10-21,90.88867950439453
2022-10-24,91.17642974853516
2022-10-25,92.62010955810547
2022-10-26,91.71292877197266
2022-10-27,90.5667724609375
2022-10-28,94.02477264404297
2022-10-31,92.28845977783203
2022-11-01,92.9273910522461
2022-11-02,90.2643814086914
2022-11-03,89.20599365234375
2022-11-04,93.3517074584961
2022-11-07,95.19532775878906
2022-11-08,97.24868774414062
2022-11-09,94.60518646240234
2022-11-10,104.27200317382812
2022-11-11,107.69100189208984
2022-11-14,106.67164611816406
2022-11-15,110.03211975097656
2022-11-16,106.07173919677734
2022-11-17,106.87161254882812
2022-11-18,107.06671905517578
2022-11-21,105.1938247680664
2022-11-22,108.25189208984375
2022-11-23,109.1932144165039
2022-11-25,107.91049194335938
2022-11-28,105.3645248413086
2022-11-29,105.07677459716797
2022-11-30,111.07097625732422
2022-12-01,110.71493530273438
2022-12-02,109.1932144165039
2022-12-05,107.89098358154297
2022-12-06,105.52548217773438
2022-12-07,105.50109100341797
2022-12-08,108.18849182128906
2022-12-09,107.32032012939453
2022-12-12,109.23223876953125
2022-12-13,111.05146789550781
2022-12-14,109.13957214355469
2022-12-15,104.98410034179688
2022-12-16,104.16959381103516
2022-12-19,102.9368896484375
2022-12-20,102.43374633789062
2022-12-21,104.7225570678711
2022-12-22,100.38172149658203
2022-12-23,100.3718490600586
2022-12-27,98.57632446289062
2022-12-28,97.32340240478516
2022-12-29,100.50011444091797
2022-12-30,100.1054916381836
2023-01-03,99.33597564697266
2023-01-04,101.8615493774414
2023-01-05,100.03643035888672
2023-01-06,104.41178131103516
2023-01-09,106.685791015625
2023-01-10,108.07189178466797
2023-01-11,109.33961486816406
2023-01-12,110.97728729248047
2023-01-13,111.37683868408203
2023-01-17,112.037841796875
2023-01-18,111.33739471435547
2023-01-19,108.614501953125
2023-01-20,112.1463623046875
2023-01-23,117.43428039550781
2023-01-24,116.60064697265625
2023-01-25,116.71902465820312
2023-01-26,118.81051635742188
2023-01-27,118.03114318847656
2023-01-30,115.20467376708984
2023-01-31,116.95580291748047
2023-02-01,122.47062683105469
2023-02-02,125.08992004394531
2023-02-03,122.79125213623047
2023-02-06,120.74909210205078
2023-02-07,124.37467956542969
2023-02-08,121.93789672851562
2023-02-09,122.42130279541016
2023-02-10,120.36433410644531
2023-02-13,122.1746597290039
2023-02-14,124.80382537841797
2023-02-15,124.79889678955078
2023-02-16,121.41007995605469
2023-02-17,119.752685546875
2023-02-21,116.11229705810547
2023-02-22,115.54503631591797
2023-02-23,119.63922119140625
2023-02-24,117.50334930419922
2023-02-27,118.03114318847656
2023-02-28,118.09033966064453
2023-03-01,118.16925811767578
2023-03-02,119.21499633789062
2023-03-03,120.83294677734375
2023-03-06,119.75760650634766
2023-03-07,118.42082977294922
2023-03-08,121.51860809326172
2023-03-09,119.19034576416016
2023-03-10,117.26162719726562
2023-03-13,117.18270874023438
2023-03-14,120.68990325927734
2023-03-15,119.33338928222656
2023-03-16,124.10830688476562
2023-03-17,123.47692108154297
2023-03-20,124.71996307373047
2023-03-21,125.11459350585938
2023-03-22,124.310546875
2023-03-23,127.6155014038086
2023-03-24,125.5979995727539
2023-03-27,124.13296508789062
2023-03-28,123.26973724365234
2023-03-29,127.10741424560547
2023-03-30,128.92759704589844
2023-03-31,129.82537841796875
2023-04-03,129.08547973632812
2023-04-04,127.10249328613281
2023-04-05,124.87782287597656
2023-04-06,124.50292205810547
2023-04-10,126.38724517822266
2023-04-11,125.71639251708984
2023-04-12,123.48184967041016
2023-04-13,124.478271484375
2023-04-14,124.34507751464844
2023-04-17,124.25628662109375
2023-04-18,124.81369018554688
2023-04-19,123.62983703613281
2023-04-20,123.7679443359375
2023-04-21,122.5002212524414
2023-04-24,121.84416961669922
2023-04-25,117.9818115234375
2023-04-26,118.80558776855469
2023-04-27,119.95491790771484
2023-04-28,121.96255493164062
2023-05-01,122.89485168457031
2023-05-02,121.82937622070312
2023-05-03,120.5715103149414
2023-05-04,120.16703033447266
2023-05-05,122.70740509033203
2023-05-08,123.38812255859375
2023-05-09,121.48407745361328
2023-05-10,122.47062683105469
2023-05-11,121.38542938232422
2023-05-12,121.247314453125
2023-05-15,124.42400360107422
2023-05-16,124.3944091796875
2023-05-17,127.758544921875
2023-05-18,132.23748779296875
2023-05-19,131.50746154785156
2023-05-22,131.39894104003906
2023-05-23,129.50474548339844
2023-05-24,127.6007080078125
2023-05-25,138.5711669921875
2023-05-26,145.3783721923828
2023-05-30,146.07884216308594
2023-05-31,142.3891143798828
2023-06-01,144.52993774414062
2023-06-02,144.17478942871094
2023-06-05,142.369384765625
2023-06-06,143.3756866455078
2023-06-07,142.55685424804688
2023-06-08,144.20437622070312
2023-06-09,144.86537170410156
2023-06-12,149.14700317382812
2023-06-13,151.2089080810547
2023-06-14,153.50758361816406
2023-06-15,152.4026336669922
2023-06-16,151.31744384765625
2023-06-20,150.78468322753906
2023-06-21,147.33175659179688
2023-06-22,148.06179809570312
2023-06-23,145.5460968017578
2023-06-26,144.875244140625
2023-06-27,149.4725799560547
2023-06-28,148.12098693847656
2023-06-29,147.90394592285156
2023-06-30,150.20262145996094
2023-07-03,151.5344696044922
2023-07-05,148.6734619140625
2023-07-06,146.90753173828125
2023-07-07,147.04566955566406
2023-07-10,149.12728881835938
2023-07-11,149.28512573242188
2023-07-12,152.42236328125
2023-07-13,156.08248901367188
2023-07-14,154.7900848388672
2023-07-17,157.6708221435547
2023-07-18,158.10488891601562
2023-07-19,156.44749450683594
2023-07-20,150.91293334960938
2023-07-21,151.72189331054688
2023-07-24,151.85015869140625
2023-07-25,154.2869415283203
2023-07-26,152.5999298095703
2023-07-27,155.3425750732422
2023-07-28,158.34169006347656
2023-07-31,158.46006774902344
2023-08-01,158.37127685546875
2023-08-02,152.5604705810547
2023-08-03,152.11654663085938
2023-08-04,152.1757354736328
2023-08-07,153.8134002685547
2023-08-08,151.2779541015625
2023-08-09,148.2788543701172
2023-08-10,147.95327758789062
2023-08-11,144.2438507080078
2023-08-14,148.6339874267578
2023-08-15,146.8483428955078
2023-08-16,144.52993774414062
2023-08-17,143.55323791503906
2023-08-18,144.16493225097656
2023-08-21,149.00889587402344
2023-08-22,147.51919555664062
2023-08-23,150.71563720703125
2023-08-24,146.8187713623047
2023-08-25,147.08511352539062
2023-08-28,148.90037536621094
2023-08-29,152.7183380126953
2023-08-30,153.49771118164062
2023-08-31,154.11923217773438
2023-09-01,154.109375
2023-09-05,154.47439575195312
2023-09-06,152.67884826660156
2023-09-07,149.29498291015625
2023-09-08,148.35777282714844
2023-09-11,148.46629333496094
2023-09-12,147.3514862060547
2023-09-13,148.54522705078125
2023-09-14,149.35418701171875
2023-09-15,144.8357696533203
2023-09-18,145.31919860839844
2023-09-19,144.06626892089844
2023-09-20,141.69854736328125
2023-09-21,138.86712646484375
2023-09-22,140.05099487304688
2023-09-25,141.0375518798828
2023-09-26,138.8079376220703
2023-09-27,140.08059692382812
2023-09-28,142.3496551513672
2023-09-29,143.03038024902344
2023-10-02,144.26356506347656
2023-10-03,141.05728149414062
2023-10-04,143.25729370117188
2023-10-05,143.25729370117188
2023-10-06,146.35507202148438
2023-10-09,145.98016357421875
2023-10-10,147.7855682373047
2023-10-11,149.3837890625
2023-10-12,150.14341735839844
2023-10-13,146.38467407226562
2023-10-16,148.0716552734375
2023-10-17,146.32546997070312
2023-10-18,143.39541625976562
2023-10-19,142.41871643066406
2023-10-20,140.18911743164062
2023-10-23,140.68238830566406
2023-10-24,142.32994079589844
2023-10-25,136.81509399414062
2023-10-26,135.61151123046875
2023-10-27,136.4500732421875
2023-10-30,136.10479736328125
2023-10-31,137.0814666748047
2023-11-01,140.49496459960938
2023-11-02,144.13531494140625
2023-11-03,147.49945068359375
2023-11-06,147.9335479736328
2023-11-07,148.86090087890625
2023-11-08,149.39364624023438
2023-11-09,149.12728881835938
2023-11-10,155.16497802734375
2023-11-13,154.2178955078125
2023-11-14,158.9237518310547
2023-11-15,159.04214477539062
2023-11-16,159.63406372070312
2023-11-17,160.3838348388672
2023-11-20,162.68251037597656
2023-11-21,160.28518676757812
2023-11-22,159.93988037109375
2023-11-24,159.58473205566406
2023-11-27,159.48606872558594
2023-11-28,158.56858825683594
2023-11-29,160.0286865234375
2023-11-30,158.32192993164062
2023-12-01,158.9632110595703
2023-12-04,156.6448211669922
2023-12-05,156.6448211669922
2023-12-06,155.38201904296875
2023-12-07,158.93362426757812
2023-12-08,160.2950439453125
2023-12-11,164.1426239013672
2023-12-12,165.87893676757812
2023-12-13,167.83230590820312
2023-12-14,170.93008422851562
2023-12-15,171.7390594482422
2023-12-18,172.039794921875
2023-12-19,172.61544799804688
2023-12-20,167.81175231933594
2023-12-21,171.96038818359375
2023-12-22,171.98023986816406
2023-12-26,174.35231018066406
2023-12-27,174.5408935546875
2023-12-28,174.50120544433594
2023-12-29,173.55831909179688
2024-01-02,167.70257568359375
2024-01-03,164.72506713867188
2024-01-04,163.75242614746094
2024-01-05,164.83425903320312
2024-01-08,170.67015075683594
2024-01-09,171.12669372558594
2024-01-10,171.28549194335938
2024-01-11,172.2581329345703
2024-01-12,171.6527099609375
2024-01-16,174.382080078125
2024-01-17,173.33004760742188
2024-01-18,178.95750427246094
2024-01-19,185.77597045898438
2024-01-22,186.6394500732422
2024-01-23,187.5922393798828
2024-01-24,190.9270477294922
2024-01-25,190.9270477294922
2024-01-26,186.85781860351562
2024-01-29,189.0512237548828
2024-01-30,187.17539978027344
2024-01-31,184.47579956054688
2024-02-01,186.16305541992188
2024-02-02,189.78567504882812
2024-02-05,193.48770141601562
2024-02-06,191.29428100585938
2024-02-07,195.15509033203125
2024-02-08,197.93408203125
2024-02-09,202.32095336914062
2024-02-12,201.536865234375
2024-02-13,197.80506896972656
2024-02-14,201.7750701904297
2024-02-15,201.1001739501953
2024-02-16,200.23667907714844
2024-02-20,196.2964630126953
2024-02-21,195.03599548339844
2024-02-22,208.35533142089844
2024-02-23,207.05516052246094
2024-02-26,208.77218627929688
2024-02-27,208.16676330566406
2024-02-28,205.854248046875
2024-02-29,210.3601837158203
2024-03-01,218.8857421875
2024-03-04,222.40911865234375
2024-03-05,219.00485229492188
2024-03-06,224.6521759033203
2024-03-07,232.41351318359375
2024-03-08,223.30238342285156
2024-03-11,219.32244873046875
2024-03-12,226.260009765625
2024-03-13,221.7838592529297
2024-03-14,217.81385803222656
2024-03-15,216.2060089111328
2024-03-18,216.6427001953125
2024-03-19,216.1663055419922
2024-03-20,219.63011169433594
2024-03-21,224.6124725341797
2024-03-22,225.9324951171875
2024-03-25,225.37669372558594
2024-03-26,223.2825164794922
2024-03-27,223.20310974121094
2024-03-28,223.30238342285156
2024-04-01,226.23023986816406
2024-04-02,223.3222198486328
2024-04-03,224.21546936035156
2024-04-04,218.24063110351562
2024-04-05,220.97000122070312
2024-04-08,221.3868408203125
2024-04-09,222.41905212402344
2024-04-10,220.48365783691406
2024-04-11,225.60496520996094
2024-04-12,219.02468872070312
2024-04-15,215.72959899902344
2024-04-16,217.51609802246094
2024-04-17,210.80679321289062
2024-04-18,207.06509399414062
2024-04-19,197.71575927734375
2024-04-22,201.49716186523438
2024-04-23,206.24131774902344
2024-04-24,206.47950744628906
2024-04-25,210.60830688476562
2024-04-26,216.0074920654297
2024-04-29,216.74195861816406
2024-04-30,212.484130859375
2024-05-01,206.2909393310547
2024-05-02,210.43959045410156
2024-05-03,216.09683227539062
2024-05-06,220.99977111816406
2024-05-07,219.07432556152344
2024-05-08,219.73928833007812
2024-05-09,218.32994079589844
2024-05-10,221.62506103515625
2024-05-13,221.58534240722656
2024-05-14,225.37669372558594
2024-05-15,232.14553833007812
2024-05-16,230.45828247070312
2024-05-17,228.52291870117188
2024-05-20,233.23728942871094
2024-05-21,232.90975952148438
2024-05-22,234.8153533935547
2024-05-23,238.02113342285156
2024-05-24,242.42782592773438
2024-05-28,247.95603942871094
2024-05-29,243.80738830566406
2024-05-30,240.4527587890625
2024-05-31,238.67617797851562
2024-06-03,241.65367126464844
2024-06-04,240.78028869628906
2024-06-05,252.50169372558594
2024-06-06,250.51670837402344
2024-06-07,250.3181915283203
2024-06-10,253.94081115722656
2024-06-11,253.5636749267578
2024-06-12,261.1165771484375
2024-06-13,265.2056884765625
2024-06-14,265.8805847167969
2024-06-17,270.4361572265625
2024-06-18,274.6840515136719
2024-06-20,266.9028625488281
2024-06-21,262.903076171875
2024-06-24,253.86141967773438
2024-06-25,259.8064880371094
2024-06-26,258.95294189453125
2024-06-27,256.9183044433594
2024-06-28,258.7445068359375
2024-07-01,259.0522155761719
2024-07-02,261.65252685546875
2024-07-03,267.5976257324219
2024-07-05,267.69683837890625
2024-07-08,272.1531677246094
2024-07-09,272.7486572265625
2024-07-10,279.1601867675781
2024-07-11,268.9870910644531
2024-07-12,272.3913879394531
2024-07-15,271.7760314941406
2024-07-16,271.65692138671875
2024-07-17,252.31312561035156
2024-07-18,253.6232147216797
2024-07-19,246.2787322998047
2024-07-22,255.786865234375
2024-07-23,252.9483184814453
2024-07-24,239.17242431640625
2024-07-25,234.78558349609375
2024-07-26,238.50746154785156
2024-07-29,236.81028747558594
2024-07-30,227.74876403808594
2024-07-31,245.13735961914062
2024-08-01,229.27720642089844
2024-08-02,216.7915802001953
2024-08-05,211.70997619628906
2024-08-06,215.828857421875
2024-08-07,209.88377380371094
2024-08-08,223.2229766845703
2024-08-09,223.16342163085938
2024-08-12,225.2576141357422
2024-08-13,234.41836547851562
2024-08-14,234.61685180664062
2024-08-15,244.52200317382812
2024-08-16,244.85946655273438
2024-08-19,249.4547119140625
2024-08-20,246.19932556152344
2024-08-21,248.75006103515625
2024-08-22,240.6016387939453
2024-08-23,246.52685546875
2024-08-26,240.75050354003906
2024-08-27,243.1721954345703
2024-08-28,239.08311462402344
2024-08-29,236.12545776367188
2024-08-30,241.6338348388672
2024-09-03,223.50086975097656
2024-09-04,222.9649200439453
2024-09-05,222.5778350830078
2024-09-06,213.38731384277344
2024-09-09,218.21084594726562
2024-09-10,220.27525329589844
2024-09-11,231.64927673339844
2024-09-12,232.14553833007812
2024-09-13,235.13296508789062
2024-09-16,232.04629516601562
2024-09-17,231.96688842773438
2024-09-18,229.32684326171875
2024-09-19,239.28160095214844
2024-09-20,236.11553955078125
2024-09-23,237.15765380859375
2024-09-24,241.5742645263672
2024-09-25,243.69821166992188
2024-09-26,250.72511291503906
2024-09-27,245.88172912597656
2024-09-30,243.60890197753906
2024-10-01,237.0881805419922
2024-10-02,240.50238037109375
2024-10-03,242.71566772460938
2024-10-04,245.9611358642578
2024-10-07,246.35813903808594
2024-10-08,250.62586975097656
2024-10-09,253.23614501953125
2024-10-10,252.73988342285156
2024-10-11,254.7646026611328
2024-10-14,259.3201599121094
2024-10-15,245.3060760498047
2024-10-16,245.4648895263672
2024-10-17,249.69293212890625
2024-10-18,249.62344360351562
2024-10-21,250.94346618652344
2024-10-22,249.80209350585938
2024-10-23,247.14219665527344
2024-10-24,248.184326171875
2024-10-25,251.0625762939453
2024-10-28,249.32571411132812
2024-10-29,254.99285888671875
2024-10-30,248.79965209960938
2024-10-31,239.86717224121094
2024-11-01,242.91415405273438
2024-11-04,242.43775939941406
2024-11-05,246.44744873046875
2024-11-06,252.89869689941406
2024-11-07,259.0621032714844
2024-11-08,257.39471435546875
2024-11-11,251.6282958984375
2024-11-12,249.9708251953125
2024-11-13,245.77256774902344
2024-11-14,246.31842041015625
2024-11-15,238.15016174316406
2024-11-18,239.7282257080078
2024-11-19,242.34841918945312
2024-11-20,240.72071838378906
2024-11-21,244.25404357910156
2024-11-22,242.7851104736328
2024-11-25,241.83233642578125
2024-11-26,239.609130859375
2024-11-27,236.46290588378906
2024-11-29,240.31381225585938
2024-12-02,246.0107421875
2024-12-03,246.55662536621094
2024-12-04,250.73504638671875
2024-12-05,246.43751525878906
2024-12-06,246.7451934814453
2024-12-09,244.22425842285156
2024-12-10,238.0806884765625
2024-12-11,243.9066619873047
2024-12-12,241.5445098876953
2024-12-13,247.61859130859375
2024-12-16,251.3503875732422
2024-12-17,248.0850830078125
2024-12-18,240.17486572265625
2024-12-19,237.0782470703125
2024-12-20,240.88946533203125
2024-12-23,248.44692993164062
2024-12-24,250.5902557373047
2024-12-26,250.15162658691406
2024-12-27,247.6294708251953
2024-12-30,243.9010772705078
2024-12-31,241.41879272460938
2025-01-02,244.03067016601562
2025-01-03,251.09869384765625
2025-01-06,259.42279052734375
2025-01-07,253.25196838378906
2025-01-08,251.4475860595703
2025-01-10,246.4132537841797
2025-01-13,243.88113403320312
2025-01-14,244.6786651611328
2025-01-15,250.43077087402344
2025-01-16,251.5074005126953
2025-01-17,257.44891357421875
2025-01-21,261.5760803222656
2025-01-22,266.3412780761719
2025-01-23,266.0222473144531
2025-01-24,260.71875
2025-01-27,235.07852172851562
2025-01-28,239.70413208007812
2025-01-29,238.7869873046875
2025-01-30,244.4095001220703
2025-01-31,242.8643035888672
2025-02-03,238.03932189941406
2025-02-04,240.72097778320312
2025-02-05,246.37338256835938
2025-02-06,247.5796356201172
2025-02-07,244.24002075195312
2025-02-10,248.84568786621094
2025-02-11,249.09490966796875
2025-02-12,247.7391357421875
2025-02-13,251.1385498046875
2025-02-14,251.7965087890625
2025-02-18,255.4252166748047
2025-02-19,256.541748046875
2025-02-20,257.00030517578125
2025-02-21,249.2145538330078
2025-02-24,242.6649169921875
2025-02-25,237.51095581054688
2025-02-26,243.06369018554688
2025-02-27,228.08029174804688
2025-02-28,232.04795837402344
2025-03-03,222.3182373046875
2025-03-04,224.53134155273438
2025-03-05,228.6884002685547
2025-03-06,219.09825134277344
2025-03-07,224.39178466796875
2025-03-10,213.86453247070312
2025-03-11,213.5554962158203
2025-03-12,219.83596801757812
2025-03-13,218.8689727783203
2025-03-14,225.86720275878906
2025-03-17,228.24978637695312
2025-03-18,224.72076416015625
2025-03-19,226.70458984375
2025-03-20,226.345703125
2025-03-21,224.07278442382812
2025-03-24,229.9145965576172
2025-03-25,228.93763732910156
2025-03-26,221.3213348388672
2025-03-27,217.07455444335938
2025-03-28,211.51185607910156
2025-03-31,210.81402587890625
2025-04-01,211.83087158203125
2025-04-02,213.4259033203125
2025-04-03,194.96336364746094
2025-04-04,180.23916625976562
2025-04-07,184.32644653320312
2025-04-08,179.3917999267578
2025-04-09,210.176025390625
2025-04-10,195.60137939453125
2025-04-11,200.685546875
2025-04-14,200.984619140625
2025-04-15,202.29055786132812
2025-04-16,193.7471466064453
2025-04-17,191.9327850341797
2025-04-21,187.2473602294922
2025-04-22,191.3047332763672
2025-04-23,198.29299926757812
2025-04-24,208.32179260253906
2025-04-25,211.31248474121094
2025-04-28,209.99656677246094
2025-04-29,209.63768005371094
2025-04-30,210.62461853027344
2025-05-01,211.64146423339844
2025-05-02,218.3505859375
2025-05-05,216.9349822998047
2025-05-06,214.92124938964844
2025-05-07,219.33750915527344
2025-05-08,221.2615203857422
2025-05-09,222.70701599121094
2025-05-12,236.67356872558594
2025-05-13,244.79827880859375
2025-05-14,247.2207489013672
2025-05-15,246.36341857910156
2025-05-16,245.65562438964844
2025-05-19,245.24688720703125
2025-05-20,244.77833557128906
2025-05-21,240.72097778320312
2025-05-22,240.06301879882812
2025-05-23,236.70347595214844
2025-05-27,244.21011352539062
2025-05-28,241.60821533203125
2025-05-29,243.3228759765625
2025-05-30,239.0063018798828
2025-06-02,242.54530334472656
2025-06-03,248.0182647705078
2025-06-04,250.96908569335938
2025-06-05,250.52047729492188
2025-06-06,251.946044921875
2025-06-09,256.16290283203125
2025-06-10,261.257080078125
2025-06-11,261.0676574707031
2025-06-12,262.3337097167969
2025-06-13,256.19281005859375
2025-06-16,262.5630187988281
2025-06-17,260.778564453125
2025-06-18,261.77545166015625
2025-06-20,259.462646484375
2025-06-23,261.1075439453125
2025-06-24,270.69769287109375
2025-06-25,274.3463439941406
2025-06-26,276.34014892578125
2025-06-27,277.5563659667969
2025-06-30,278.0149230957031
2025-07-01,274.9843444824219
2025-07-02,280.3775634765625
2025-07-03,282.740234375
2025-07-07,278.8922119140625
2025-07-08,282.6006774902344
2025-07-09,284.53466796875
2025-07-10,286.62811279296875
2025-07-11,286.59820556640625
2025-07-14,284.4349670410156
2025-07-15,289.89794921875
2025-07-16,288.3826599121094
2025-07-17,290.80511474609375
2025-07-18,289.40948486328125
2025-07-21,289.6088562011719
2025-07-22,284.48480224609375
2025-07-23,285.720947265625
2025-07-24,286.9072570800781
2025-07-25,286.59820556640625
2025-07-28,290.5060729980469
2025-07-29,291.9914245605469
2025-07-30,295.3410339355469
2025-07-31,287.88421630859375
2025-08-01,283.0692138671875
2025-08-04,289.28985595703125
2025-08-05,286.2094421386719
2025-08-06,285.7309265136719
2025-08-07,290.2169494628906
2025-08-08,292.6194763183594
2025-08-11,292.4898681640625
2025-08-12,299.1690979003906
2025-08-13,300.345458984375
2025-08-14,300.98345947265625
2025-08-15,294.73291015625
2025-08-18,295.93914794921875
2025-08-19,289.9677429199219
2025-08-20,288.06365966796875
2025-08-21,286.56829833984375
2025-08-22,292.7291564941406
2025-08-25,293.00830078125
2025-08-26,295.8294982910156
2025-08-27,296.7366638183594
2025-08-28,297.952880859375
2025-08-29,289.3895568847656
2025-09-02,285.59136962890625
2025-09-03,285.54150390625
2025-09-04,288.9608459472656
2025-09-05,292.3702697753906
2025-09-08,295.6001892089844
2025-09-09,296.8861999511719
2025-09-10,299.8968200683594
2025-09-11,302.9872131347656
2025-09-12,303.37603759765625
2025-09-15,306.2171936035156
2025-09-16,306.2570495605469
2025-09-17,304.3031311035156
2025-09-18,315.9867858886719
2025-09-19,314.7306823730469
2025-09-22,321.170654296875
2025-09-23,320.7021179199219
2025-09-24,320.1139221191406
2025-09-25,320.0640869140625
2025-09-26,320.8217468261719
2025-09-29,321.65911865234375
2025-09-30,325.3476257324219
2025-10-01,332.6549072265625
2025-10-02,337.1907958984375
2025-10-03,335.6356201171875
2025-10-06,342.3148498535156
2025-10-07,336.0044860839844
2025-10-08,344.99652099609375
2025-10-09,344.13916015625
2025-10-10,324.330810546875
2025-10-13,338.69610595703125
2025-10-14,332.46551513671875
2025-10-15,340.7198181152344
2025-10-16,342.2350769042969
2025-10-17,341.76654052734375
2025-10-20,346.1429443359375
2025-10-21,344.2288818359375
2025-10-22,337.5496826171875
2025-10-23,343.7304382324219
2025-10-24,350.0508117675781
2025-10-27,358.823486328125
2025-10-28,361.983642578125
2025-10-29,367.4665832519531
2025-10-30,362.60174560546875
2025-10-31,361.8939208984375
2025-11-03,364.9643859863281
2025-11-04,351.665771484375
2025-11-05,358.3848571777344
2025-11-06,350.0009460449219
2025-11-07,347.0401611328125
2025-11-10,357.67706298828125
2025-11-11,349.9610595703125
2025-11-12,354.4271545410156
2025-11-13,343.7503967285156
2025-11-14,343.909912109375
2025-11-17,339.244384765625
2025-11-18,332.25616455078125
2025-11-19,338.3870849609375
2025-11-20,324.091552734375
2025-11-21,325.1183776855469
2025-11-24,338.06805419921875
2025-11-25,338.955322265625
2025-11-26,346.63140869140625
2025-11-28,351.187255859375
2025-12-01,351.8651428222656
2025-12-02,358.3150634765625
2025-12-03,363.23974609375
2025-12-04,360.47833251953125
2025-12-05,363.28961181640625
2025-12-08,367.4067687988281
2025-12-09,367.8553771972656
2025-12-10,372.9395751953125
2025-12-11,369.7395324707031
2025-12-12,353.02154541015625
2025-12-15,351.8053283691406
2025-12-16,350.8482971191406
2025-12-17,338.18768310546875
2025-12-18,346.1728515625
2025-12-19,355.125
2025-12-22,359.70001220703125
2025-12-23,363.1600036621094
2025-12-24,364.1700134277344
2025-12-26,365.8599853515625
2025-12-29,364.2099914550781
2025-12-30,363.30999755859375
2025-12-31,360.1300048828125
2026-01-02,373.29998779296875
2026-01-05,377.5899963378906
2026-01-06,387.6199951171875
2026-01-07,385.0199890136719
2026-01-08,378.9800109863281
2026-01-09,389.2200012207031
2026-01-12,390.6600036621094
2026-01-13,391.5299987792969
2026-01-14,388.3500061035156
2026-01-15,396.4100036621094
2026-01-16,400.3900146484375
2026-01-20,390.3900146484375
2026-01-21,401.92999267578125
2026-01-22,402.82000732421875
2026-01-23,400.0899963378906
2026-01-26,398.82000732421875
2026-01-27,407.25
2026-01-28,416.6300048828125
2026-01-29,417.5199890136719
2026-01-30,403.4599914550781
2026-02-02,407.9700012207031
2026-02-03,397.67999267578125
2026-02-04,382.0199890136719
2026-02-05,381.07000732421875
2026-02-06,401.6499938964844
2026-02-09,406.6499938964844
2026-02-10,404.760009765625
2026-02-11,414.7799987792969
2026-02-12,406.1099853515625
2026-02-13,407.7200012207031
2026-02-17,407.510009765625
2026-02-18,412.54998779296875
2026-02-19,410.20001220703125
2026-02-20,415.0299987792969
2026-02-23,412.8800048828125
2026-02-24,419.1600036621094
2026-02-25,426.1600036621094
2026-02-26,412.010009765625
2026-02-27,406.3699951171875
2026-03-02,406.3900146484375
2026-03-03,391.05999755859375
2026-03-04,399.1000061035156
2026-03-05,395.3500061035156
2026-03-06,380.55999755859375
2026-03-09,394.3699951171875
2026-03-10,397.3299865722656
2026-03-11,401.0299987792969
2026-03-12,388.1300048828125
2026-03-13,387.3299865722656
2026-03-16,393.9200134277344
2026-03-17,396.8800048828125
2026-03-18,393.6700134277344
2026-03-19,394.9200134277344
2026-03-20,384.739990234375
2026-03-23,391.3599853515625
2026-03-24,394.5899963378906
2026-03-25,399.0199890136719
2026-03-26,380.8399963378906
2026-03-27,374.25
2026-03-30,362.5299987792969
2026-03-31,383.3999938964844
2026-04-01,391.9700012207031
2026-04-02,392.32000732421875
2026-04-06,395.9800109863281
2026-04-07,399.8999938964844
2026-04-08,422.9200134277344
2026-04-09,430.30999755859375
2026-04-10,436.8800048828125
2026-04-13,443.3399963378906
2026-04-14,452.0
2026-04-15,453.0
2026-04-16,454.79998779296875
2026-04-17,464.1600036621094
2026-04-20,463.9599914550781
2026-04-21,464.6600036621094
2026-04-22,476.8299865722656
2026-04-23,481.8500061035156
2026-04-24,506.44000244140625
2026-04-27,506.260009765625
2026-04-28,491.2099914550781
2026-04-29,499.5799865722656
2026-04-30,506.7200012207031
2026-05-01,509.82000732421875
2026-05-04,506.7900085449219
2026-05-05,522.6900024414062
2026-05-06,549.760009765625
2026-05-07,540.0999755859375
2026-05-08,566.5399780273438
2026-05-11,576.3099975585938
2026-05-12,561.25
2026-05-13,572.4600219726562
2026-05-14,578.3400268554688
2026-05-15,556.3400268554688
2026-05-18,546.1599731445312
2026-05-19,543.9600219726562
2026-05-20,564.6599731445312
2026-05-21,567.8800048828125
2026-05-22,576.3200073242188
2026-05-26,602.1400146484375
2026-05-27,595.5
2026-05-28,599.8300170898438
2026-05-29,598.9299926757812
2026-06-01,607.8099975585938
2026-06-02,632.2100219726562
2026-06-03,637.9000244140625
2026-06-04,627.530029296875
2026-06-05,569.6900024414062
2026-06-08,598.1599731445312
2026-06-09,591.010009765625
2026-06-10,570.9099731445312
2026-06-11,609.4500122070312
2026-06-12,619.9600219726562
2026-06-15,647.0999755859375
2026-06-16,616.0
2026-06-17,623.969970703125
2026-06-18,659.8800048828125
2026-06-22,668.9099731445312
2026-06-23,622.0499877929688
2026-06-24,618.9199829101562
2026-06-25,636.8800048828125
2026-06-26,611.6099853515625
2026-06-29,631.97998046875
2026-06-30,655.8900146484375
2026-07-01,620.4600219726562
2026-07-02,592.2899780273438
2026-07-06,604.2999877929688
2026-07-07,581.4500122070312
2026-07-08,593.0
2026-07-09,607.72998046875
2026-07-10,611.030029296875
2026-07-13,585.6199951171875
2026-07-14,600.3099975585938
2026-07-15,590.77001953125
2026-07-16,568.9199829101562
2026-07-17,556.530029296875
2026-07-20,558.8300170898438
2026-07-21,584.0800170898438
2026-07-22,586.9099731445312
2026-07-23,580.1699829101562
2026-07-24,561.1900024414062
2026-07-27,548.5499877929688
2026-07-28,529.5999755859375
2026-07-29,504.2200012207031
2026-07-30,538.9000244140625
2026-07-31,540.530029296875
2026-08-03,545.4600219726562
2026-08-04,575.7100219726562
2026-08-05,569.7000122070312
2026-08-06,571.47998046875
2026-08-07,582.7000122070312
2026-08-10,569.4099731445312
2026-08-11,572.9299926757812
2026-08-12,584.8300170898438
2026-08-13,589.1199951171875
2026-08-14,587.8200073242188
2026-08-17,594.0700073242188
2026-08-18,569.77001953125
2026-08-19,560.9199829101562
2026-08-20,562.6500244140625
2026-08-21,560.4199829101562
2026-08-24,546.7999877929688
2026-08-25,555.8200073242188
2026-08-26,555.77001953125
2026-08-27,573.0
2026-08-28,553.1099853515625
2026-08-31,556.6300048828125
2026-09-01,545.219970703125
2026-09-02,550.47998046875
2026-09-03,552.5999755859375
2026-09-04,567.010009765625
