Date,close
2005-12-01,45.9294319152832
2005-12-02,45.94478988647461
2005-12-05,45.73945999145508
2005-12-06,46.20660400390625
2005-12-07,46.032127380371094
2005-12-08,46.32982635498047
2005-12-09,45.96533966064453
2005-12-12,45.878082275390625
2005-12-13,46.047481536865234
2005-12-14,46.519771575927734
2005-12-15,46.40681457519531
2005-12-16,46.560821533203125
2005-12-19,46.60704803466797
2005-12-20,46.55058288574219
2005-12-21,46.46845245361328
2005-12-22,46.83799362182617
2005-12-23,47.125572204589844
2005-12-27,47.510536193847656
2005-12-28,47.378055572509766
2005-12-29,47.48113250732422
2005-12-30,47.37290954589844
2006-01-03,47.31105041503906
2006-01-04,47.4244270324707
2006-01-05,47.367759704589844
2006-01-06,47.28011703491211
2006-01-09,47.31105041503906
2006-01-10,46.929622650146484
2006-01-11,46.85224151611328
2006-01-12,47.166725158691406
2006-01-13,47.43994903564453
2006-01-17,47.651275634765625
2006-01-18,47.635807037353516
2006-01-19,47.496620178222656
2006-01-20,47.62033462524414
2006-01-23,47.604862213134766
2006-01-24,47.37290954589844
2006-01-25,46.857421875
2006-01-26,46.6563606262207
2006-01-27,46.6563606262207
2006-01-30,46.6099853515625
2006-01-31,46.73884963989258
2006-02-01,46.57899856567383
2006-02-02,46.666954040527344
2006-02-03,46.998046875
2006-02-06,47.091148376464844
2006-02-07,46.86872863769531
2006-02-08,46.760093688964844
2006-02-09,46.972171783447266
2006-02-10,46.713478088378906
2006-02-13,46.71867370605469
2006-02-14,46.55315017700195
2006-02-15,46.666954040527344
2006-02-16,46.67733383178711
2006-02-17,47.049747467041016
2006-02-21,46.972171783447266
2006-02-22,47.29292297363281
2006-02-23,47.17390823364258
2006-02-24,47.10151672363281
2006-02-27,47.02394104003906
2006-02-28,47.2567253112793
2006-03-01,46.97117233276367
2006-03-02,46.64409637451172
2006-03-03,46.374141693115234
2006-03-06,45.96924591064453
2006-03-07,46.00038146972656
2006-03-08,45.98479461669922
2006-03-09,46.00038146972656
2006-03-10,45.829063415527344
2006-03-13,45.792755126953125
2006-03-14,46.09905242919922
2006-03-15,45.849853515625
2006-03-16,46.265132904052734
2006-03-17,46.12499237060547
2006-03-20,46.19767761230469
2006-03-21,45.95884704589844
2006-03-22,46.0574836730957
2006-03-23,45.912132263183594
2006-03-24,46.24955749511719
2006-03-27,46.07828903198242
2006-03-28,45.647396087646484
2006-03-29,45.429344177246094
2006-03-30,45.11269760131836
2006-03-31,45.09709548950195
2006-04-03,45.11167907714844
2006-04-04,45.064762115478516
2006-04-05,45.127342224121094
2006-04-06,44.78340530395508
2006-04-07,44.34567642211914
2006-04-10,44.42906951904297
2006-04-11,44.58538055419922
2006-04-12,44.31438064575195
2006-04-13,44.001731872558594
2006-04-17,44.163291931152344
2006-04-18,44.24146270751953
2006-04-19,43.97047424316406
2006-04-20,43.93400955200195
2006-04-21,44.1893310546875
2006-04-24,44.36653137207031
2006-04-25,43.84019088745117
2006-04-26,43.76725387573242
2006-04-27,43.824554443359375
2006-04-28,43.8558235168457
2006-05-01,43.52621078491211
2006-05-02,43.64133071899414
2006-05-03,43.54714584350586
2006-05-04,43.47393035888672
2006-05-05,43.73550796508789
2006-05-08,43.761714935302734
2006-05-09,43.73550796508789
2006-05-10,43.81398391723633
2006-05-11,43.5994987487793
2006-05-12,43.238548278808594
2006-05-15,43.41118621826172
2006-05-16,43.73550796508789
2006-05-17,43.4634895324707
2006-05-18,44.054664611816406
2006-05-19,44.16969680786133
2006-05-22,44.263885498046875
2006-05-23,44.23773956298828
2006-05-24,44.2586669921875
2006-05-25,44.08604049682617
2006-05-26,44.054664611816406
2006-05-30,44.033687591552734
2006-05-31,43.77213668823242
2006-06-01,43.967529296875
2006-06-02,44.534759521484375
2006-06-05,44.47700881958008
2006-06-06,44.68708801269531
2006-06-07,44.6976203918457
2006-06-08,44.7868766784668
2006-06-09,45.023231506347656
2006-06-12,45.060020446777344
2006-06-13,45.09153366088867
2006-06-14,44.63982391357422
2006-06-15,44.3824462890625
2006-06-16,44.28266525268555
2006-06-19,44.21965408325195
2006-06-20,44.14610290527344
2006-06-21,44.1566162109375
2006-06-22,43.90446853637695
2006-06-23,43.81517791748047
2006-06-26,43.73118209838867
2006-06-27,43.94651794433594
2006-06-28,43.715396881103516
2006-06-29,43.86245346069336
2006-06-30,44.287933349609375
2006-07-03,44.24415588378906
2006-07-05,43.89085006713867
2006-07-06,44.15980911254883
2006-07-07,44.44450378417969
2006-07-10,44.486690521240234
2006-07-11,44.62905502319336
2006-07-12,44.639591217041016
2006-07-13,44.81362533569336
2006-07-14,44.8399772644043
2006-07-17,44.908546447753906
2006-07-18,44.52360153198242
2006-07-19,44.945430755615234
2006-07-20,45.07726287841797
2006-07-21,44.99287414550781
2006-07-24,44.96653366088867
2006-07-25,44.834686279296875
2006-07-26,44.9981803894043
2006-07-27,44.929622650146484
2006-07-28,45.18798828125
2006-07-31,45.24599075317383
2006-08-01,45.241737365722656
2006-08-02,45.411128997802734
2006-08-03,45.42174530029297
2006-08-04,45.69698715209961
2006-08-07,45.723480224609375
2006-08-08,45.62290954589844
2006-08-09,45.474674224853516
2006-08-10,45.40585708618164
2006-08-11,45.209999084472656
2006-08-14,45.13056564331055
2006-08-15,45.51173400878906
2006-08-16,45.81882095336914
2006-08-17,45.80292510986328
2006-08-18,45.935264587402344
2006-08-21,46.09938049316406
2006-08-22,46.1152458190918
2006-08-23,46.13642883300781
2006-08-24,46.221134185791016
2006-08-25,46.289939880371094
2006-08-28,46.3322868347168
2006-08-29,46.395809173583984
2006-08-30,46.51758575439453
2006-08-31,46.628746032714844
2006-09-01,46.64469909667969
2006-09-05,46.35233688354492
2006-09-06,46.2885627746582
2006-09-07,46.378936767578125
2006-09-08,46.41615676879883
2006-09-11,46.37360382080078
2006-09-12,46.60749435424805
2006-09-13,46.628761291503906
2006-09-14,46.52242660522461
2006-09-15,46.48528289794922
2006-09-18,46.41085433959961
2006-09-19,46.93170928955078
2006-09-20,47.000789642333984
2006-09-21,47.43130874633789
2006-09-22,47.665164947509766
2006-09-25,48.00002670288086
2006-09-26,47.79804611206055
2006-09-27,47.65987014770508
2006-09-28,47.5800895690918
2006-09-29,47.52168655395508
2006-10-02,47.6518669128418
2006-10-03,47.58784103393555
2006-10-04,47.934722900390625
2006-10-05,47.59848403930664
2006-10-06,47.10221862792969
2006-10-09,47.23029327392578
2006-10-10,46.85683059692383
2006-10-11,46.71805191040039
2006-10-12,46.74470520019531
2006-10-13,46.50992202758789
2006-10-16,46.71805191040039
2006-10-17,46.755409240722656
2006-10-18,46.85144805908203
2006-10-19,46.76608657836914
2006-10-20,46.71805191040039
2006-10-23,46.53129196166992
2006-10-24,46.53129196166992
2006-10-25,46.899471282958984
2006-10-26,47.20362854003906
2006-10-27,47.42241668701172
2006-10-30,47.55584716796875
2006-10-31,47.92403030395508
2006-11-01,48.189170837402344
2006-11-02,47.99098205566406
2006-11-03,47.42319107055664
2006-11-06,47.562435150146484
2006-11-07,47.78204345703125
2006-11-08,47.95344161987305
2006-11-09,47.92670822143555
2006-11-10,48.13566207885742
2006-11-13,48.124881744384766
2006-11-14,48.31243133544922
2006-11-15,48.130252838134766
2006-11-16,47.91064453125
2006-11-17,48.18382263183594
2006-11-20,48.25883483886719
2006-11-21,48.37665939331055
2006-11-22,48.45701217651367
2006-11-24,48.54270553588867
2006-11-27,48.719505310058594
2006-11-28,48.8212776184082
2006-11-29,48.70878601074219
2006-11-30,49.0301628112793
2006-12-01,49.154964447021484
2006-12-04,49.24092102050781
2006-12-05,49.0097541809082
2006-12-06,48.91297149658203
2006-12-07,48.8753547668457
2006-12-08,48.52046203613281
2006-12-11,48.730167388916016
2006-12-12,48.83229064941406
2006-12-13,48.396812438964844
2006-12-14,48.219356536865234
2006-12-15,48.246219635009766
2006-12-18,48.26235580444336
2006-12-19,48.19786834716797
2006-12-20,48.19245910644531
2006-12-21,48.4344596862793
2006-12-22,48.06343460083008
2006-12-26,48.208621978759766
2006-12-27,47.85416030883789
2006-12-28,47.74626159667969
2006-12-29,47.70849609375
2007-01-03,48.04836654663086
2007-01-04,48.339725494384766
2007-01-05,48.12928771972656
2007-01-08,48.21563720703125
2007-01-09,48.21563720703125
2007-01-10,47.99980545043945
2007-01-11,47.719268798828125
2007-01-12,47.49809265136719
2007-01-16,47.600582122802734
2007-01-17,47.45492935180664
2007-01-18,47.600582122802734
2007-01-19,47.47108840942383
2007-01-22,47.58439636230469
2007-01-23,47.27149200439453
2007-01-24,47.26608657836914
2007-01-25,46.9261589050293
2007-01-26,46.8884391784668
2007-01-29,46.78588104248047
2007-01-30,46.839881896972656
2007-01-31,47.233707427978516
2007-02-01,47.17683792114258
2007-02-02,47.236454010009766
2007-02-05,47.301456451416016
2007-02-06,47.561458587646484
2007-02-07,47.70228576660156
2007-02-08,47.74020004272461
2007-02-09,47.4693603515625
2007-02-12,47.36101531982422
2007-02-13,47.25812911987305
2007-02-14,47.707664489746094
2007-02-15,47.84855270385742
2007-02-16,48.01647186279297
2007-02-20,48.12483596801758
2007-02-21,48.04359436035156
2007-02-22,47.78352737426758
2007-02-23,48.12483596801758
2007-02-26,48.44440841674805
2007-02-27,49.05656433105469
2007-02-28,48.83443832397461
2007-03-01,48.80345153808594
2007-03-02,49.04819107055664
2007-03-05,49.129722595214844
2007-03-06,48.982879638671875
2007-03-07,49.1732177734375
2007-03-08,49.129722595214844
2007-03-09,48.61310577392578
2007-03-12,48.80345153808594
2007-03-13,49.097084045410156
2007-03-14,48.874149322509766
2007-03-15,48.86874008178711
2007-03-16,48.85783386230469
2007-03-19,48.754539489746094
2007-03-20,48.781681060791016
2007-03-21,48.80345153808594
2007-03-22,48.4173583984375
2007-03-23,48.28144454956055
2007-03-26,48.34125518798828
2007-03-27,48.259681701660156
2007-03-28,48.16183090209961
2007-03-29,48.096500396728516
2007-03-30,48.00410842895508
2007-04-02,48.08380889892578
2007-04-03,48.02375030517578
2007-04-04,48.072872161865234
2007-04-05,47.89275360107422
2007-04-09,47.576210021972656
2007-04-10,47.718109130859375
2007-04-11,47.685386657714844
2007-04-12,47.69623565673828
2007-04-13,47.54890441894531
2007-04-16,47.81089782714844
2007-04-17,48.078311920166016
2007-04-18,48.318519592285156
2007-04-19,48.23661422729492
2007-04-20,48.111087799072266
2007-04-23,48.2857551574707
2007-04-24,48.46581268310547
2007-04-25,48.29665756225586
2007-04-26,47.947330474853516
2007-04-27,47.936424255371094
2007-04-30,48.43854904174805
2007-05-01,48.47359085083008
2007-05-02,48.44623565673828
2007-05-03,48.33667755126953
2007-05-04,48.53386688232422
2007-05-07,48.66535568237305
2007-05-08,48.55577850341797
2007-05-09,48.36407470703125
2007-05-10,48.479095458984375
2007-05-11,48.30929946899414
2007-05-14,48.183292388916016
2007-05-15,48.16686248779297
2007-05-16,48.134002685546875
2007-05-17,47.936798095703125
2007-05-18,47.61906433105469
2007-05-21,47.76148986816406
2007-05-22,47.51499938964844
2007-05-23,47.37803649902344
2007-05-24,47.421844482421875
2007-05-25,47.31229019165039
2007-05-29,47.30680847167969
2007-05-30,47.40544509887695
2007-05-31,47.31779479980469
2007-06-01,47.0692253112793
2007-06-04,47.28369903564453
2007-06-05,46.98673629760742
2007-06-06,46.964759826660156
2007-06-07,46.123329162597656
2007-06-08,46.0848503112793
2007-06-11,45.95283126831055
2007-06-12,45.287437438964844
2007-06-13,45.82634353637695
2007-06-14,45.71091079711914
2007-06-15,46.02430725097656
2007-06-18,45.93082809448242
2007-06-19,46.359806060791016
2007-06-20,45.98581314086914
2007-06-21,45.7658576965332
2007-06-22,46.0628547668457
2007-06-25,46.31580352783203
2007-06-26,46.326786041259766
2007-06-27,46.370784759521484
2007-06-28,46.359806060791016
2007-06-29,46.83824920654297
2007-07-02,47.084449768066406
2007-07-03,46.79737854003906
2007-07-05,46.27293395996094
2007-07-06,46.08522033691406
2007-07-09,46.25084686279297
2007-07-10,47.034793853759766
2007-07-11,46.54895782470703
2007-07-12,46.388885498046875
2007-07-13,46.51583480834961
2007-07-16,46.96303176879883
2007-07-17,46.86366653442383
2007-07-18,47.04027557373047
2007-07-19,47.02926254272461
2007-07-20,47.454345703125
2007-07-23,47.37704849243164
2007-07-24,47.55369186401367
2007-07-25,47.64754104614258
2007-07-26,48.045021057128906
2007-07-27,48.18304443359375
2007-07-30,48.045021057128906
2007-07-31,48.39276885986328
2007-08-01,48.28802490234375
2007-08-02,48.409996032714844
2007-08-03,48.7314338684082
2007-08-06,48.37672805786133
2007-08-07,48.33796310424805
2007-08-08,47.750492095947266
2007-08-09,47.8170166015625
2007-08-10,47.70614242553711
2007-08-13,47.84476089477539
2007-08-14,47.97216796875
2007-08-15,47.80036544799805
2007-08-16,48.2935905456543
2007-08-17,48.09962844848633
2007-08-20,48.12738800048828
2007-08-21,48.360164642333984
2007-08-22,48.28254318237305
2007-08-23,48.44878005981445
2007-08-24,48.68709945678711
2007-08-27,48.9420280456543
2007-08-28,49.02519226074219
2007-08-29,48.892154693603516
2007-08-30,49.219146728515625
2007-08-31,49.2579231262207
2007-09-04,49.281349182128906
2007-09-05,49.6764030456543
2007-09-06,49.54841232299805
2007-09-07,50.24958419799805
2007-09-10,50.63906478881836
2007-09-11,50.600162506103516
2007-09-12,50.41096496582031
2007-09-13,49.960174560546875
2007-09-14,50.032527923583984
2007-09-17,50.271827697753906
2007-09-18,49.89341354370117
2007-09-19,49.43153381347656
2007-09-20,48.496707916259766
2007-09-21,48.90847396850586
2007-09-24,49.047584533691406
2007-09-25,48.87508010864258
2007-09-26,48.91959762573242
2007-09-27,49.259071350097656
2007-09-28,49.370357513427734
2007-10-01,49.65245056152344
2007-10-02,49.80887985229492
2007-10-03,49.66365432739258
2007-10-04,49.853580474853516
2007-10-05,49.317291259765625
2007-10-08,49.27815246582031
2007-10-09,49.216732025146484
2007-10-10,49.244659423828125
2007-10-11,49.19437789916992
2007-10-12,48.954124450683594
2007-10-15,48.9653434753418
2007-10-16,48.982120513916016
2007-10-17,49.51839828491211
2007-10-18,49.792118072509766
2007-10-19,50.53514862060547
2007-10-22,50.54071044921875
2007-10-23,50.47367477416992
2007-10-24,50.84797286987305
2007-10-25,50.67476272583008
2007-10-26,50.55745315551758
2007-10-29,50.75297927856445
2007-10-30,50.725067138671875
2007-10-31,50.266990661621094
2007-11-01,50.92008590698242
2007-11-02,51.082801818847656
2007-11-05,51.06039810180664
2007-11-06,50.81351089477539
2007-11-07,50.90325927734375
2007-11-08,50.81351089477539
2007-11-09,51.245540618896484
2007-11-12,51.43069839477539
2007-11-13,51.23991394042969
2007-11-14,51.296051025390625
2007-11-15,51.77860641479492
2007-11-16,51.8515510559082
2007-11-19,52.18819046020508
2007-11-20,52.132080078125
2007-11-21,52.43507385253906
2007-11-23,52.59220886230469
2007-11-26,53.630210876464844
2007-11-27,53.11965560913086
2007-11-28,52.7605094909668
2007-11-29,53.214962005615234
2007-11-30,52.9568977355957
2007-12-03,53.37715530395508
2007-12-04,53.37153244018555
2007-12-05,52.734920501708984
2007-12-06,52.27299499511719
2007-12-07,51.6871337890625
2007-12-10,51.37731170654297
2007-12-11,52.38566970825195
2007-12-12,51.8448486328125
2007-12-13,51.281517028808594
2007-12-14,51.04490280151367
2007-12-17,51.50124740600586
2007-12-18,51.83358383178711
2007-12-19,52.520877838134766
2007-12-20,52.40819549560547
2007-12-21,51.642059326171875
2007-12-24,51.3997917175293
2007-12-26,50.94911575317383
2007-12-27,51.50461196899414
2007-12-28,52.30769729614258
2007-12-31,52.624454498291016
2008-01-02,53.38237762451172
2008-01-03,53.308902740478516
2008-01-04,53.32014083862305
2008-01-07,53.552085876464844
2008-01-08,53.48983383178711
2008-01-09,53.5916748046875
2008-01-10,52.86772537231445
2008-01-11,53.28059768676758
2008-01-14,53.47853469848633
2008-01-15,54.07807540893555
2008-01-16,53.68782424926758
2008-01-17,54.38352584838867
2008-01-18,54.010215759277344
2008-01-22,54.58714294433594
2008-01-23,54.46268844604492
2008-01-24,53.371097564697266
2008-01-25,54.270389556884766
2008-01-28,54.0667610168457
2008-01-29,53.699134826660156
2008-01-30,53.34841537475586
2008-01-31,53.72738265991211
2008-02-01,54.05036544799805
2008-02-04,53.49409484863281
2008-02-05,53.90278244018555
2008-02-06,53.738189697265625
2008-02-07,52.58035659790039
2008-02-08,53.18193817138672
2008-02-11,53.403316497802734
2008-02-12,53.0854606628418
2008-02-13,52.5235595703125
2008-02-14,51.751678466796875
2008-02-15,52.14898681640625
2008-02-19,51.621150970458984
2008-02-20,51.97869873046875
2008-02-21,52.529273986816406
2008-02-22,52.22841262817383
2008-02-25,51.694908142089844
2008-02-26,51.71192932128906
2008-02-27,51.75735092163086
2008-02-28,52.67681121826172
2008-02-29,53.482826232910156
2008-03-03,53.34494400024414
2008-03-04,52.8265266418457
2008-03-05,52.19417953491211
2008-03-06,52.47331237792969
2008-03-07,52.54172134399414
2008-03-10,53.31647491455078
2008-03-11,52.86068344116211
2008-03-12,53.880435943603516
2008-03-13,53.45887756347656
2008-03-14,54.11963653564453
2008-03-17,54.53556442260742
2008-03-18,54.324771881103516
2008-03-19,55.22486877441406
2008-03-20,55.36159896850586
2008-03-24,54.290592193603516
2008-03-25,54.51851272583008
2008-03-26,54.290592193603516
2008-03-27,53.90892791748047
2008-03-28,54.43296813964844
2008-03-31,54.626708984375
2008-04-01,53.73767852783203
2008-04-02,53.852046966552734
2008-04-03,53.972206115722656
2008-04-04,54.464229583740234
2008-04-07,54.17818832397461
2008-04-08,53.989383697509766
2008-04-09,54.55000305175781
2008-04-10,54.36696243286133
2008-04-11,54.73311996459961
2008-04-14,54.412723541259766
2008-04-15,53.73767852783203
2008-04-16,53.21132278442383
2008-04-17,53.1197624206543
2008-04-18,53.07402038574219
2008-04-21,53.28563690185547
2008-04-22,53.468780517578125
2008-04-23,53.29142379760742
2008-04-24,52.83945083618164
2008-04-25,52.530540466308594
2008-04-28,52.69069290161133
2008-04-29,52.89091873168945
2008-04-30,53.2685432434082
2008-05-01,53.271976470947266
2008-05-02,52.60019302368164
2008-05-05,52.60019302368164
2008-05-06,52.22121047973633
2008-05-07,52.44517517089844
2008-05-08,52.9160041809082
2008-05-09,53.111244201660156
2008-05-12,53.03080749511719
2008-05-13,52.45090103149414
2008-05-14,52.47386169433594
2008-05-15,52.95042419433594
2008-05-16,52.73228073120117
2008-05-19,52.80116653442383
2008-05-20,53.07675552368164
2008-05-21,53.08823776245117
2008-05-22,52.46242141723633
2008-05-23,52.69206237792969
2008-05-27,52.336029052734375
2008-05-28,51.87100601196289
2008-05-29,51.49773025512695
2008-05-30,51.83655548095703
2008-06-02,52.0365104675293
2008-06-03,52.41108322143555
2008-06-04,51.944271087646484
2008-06-05,51.63313674926758
2008-06-06,52.301597595214844
2008-06-09,52.301597595214844
2008-06-10,51.96159362792969
2008-06-11,51.840579986572266
2008-06-12,51.32194137573242
2008-06-13,51.21246337890625
2008-06-16,51.22395706176758
2008-06-17,51.327693939208984
2008-06-18,51.759891510009766
2008-06-19,51.454490661621094
2008-06-20,51.754154205322266
2008-06-23,51.863609313964844
2008-06-24,52.20937728881836
2008-06-25,52.23243713378906
2008-06-26,52.583953857421875
2008-06-27,53.200557708740234
2008-06-30,53.21208953857422
2008-07-01,53.08598327636719
2008-07-02,53.36360549926758
2008-07-03,53.247920989990234
2008-07-07,53.4908332824707
2008-07-08,53.83786392211914
2008-07-09,54.07495880126953
2008-07-10,54.06916809082031
2008-07-11,53.30000305175781
2008-07-14,53.768409729003906
2008-07-15,53.75113296508789
2008-07-16,52.77949142456055
2008-07-17,52.50768280029297
2008-07-18,52.31101989746094
2008-07-21,52.51341247558594
2008-07-22,52.25320053100586
2008-07-23,52.14908981323242
2008-07-24,52.658050537109375
2008-07-25,52.1317138671875
2008-07-28,52.658050537109375
2008-07-29,52.44404602050781
2008-07-30,52.4960823059082
2008-07-31,53.01662063598633
2008-08-01,53.133846282958984
2008-08-04,53.011962890625
2008-08-05,52.61723327636719
2008-08-06,52.40248107910156
2008-08-07,53.255733489990234
2008-08-08,53.40083694458008
2008-08-11,52.89004898071289
2008-08-12,53.38340377807617
2008-08-13,53.197689056396484
2008-08-14,53.540191650390625
2008-08-15,54.004520416259766
2008-08-18,54.21927261352539
2008-08-19,54.010353088378906
2008-08-20,54.1612434387207
2008-08-21,54.06251525878906
2008-08-22,54.02775573730469
2008-08-25,54.56755065917969
2008-08-26,54.61396408081055
2008-08-27,54.70682907104492
2008-08-28,54.71266174316406
2008-08-29,54.468902587890625
2008-09-02,54.97565841674805
2008-09-03,55.208683013916016
2008-09-04,55.65148162841797
2008-09-05,55.62228012084961
2008-09-08,55.855342864990234
2008-09-09,56.408748626708984
2008-09-10,56.05924987792969
2008-09-11,56.03014373779297
2008-09-12,55.30776596069336
2008-09-15,57.102054595947266
2008-09-16,57.09035873413086
2008-09-17,57.37578582763672
2008-09-18,56.536956787109375
2008-09-19,54.742671966552734
2008-09-22,54.73686599731445
2008-09-23,54.52711868286133
2008-09-24,54.7659797668457
2008-09-25,54.65529251098633
2008-09-26,55.05141067504883
2008-09-29,56.65346145629883
2008-09-30,55.27277374267578
2008-10-01,55.968162536621094
2008-10-02,56.418113708496094
2008-10-03,56.9147834777832
2008-10-06,57.949100494384766
2008-10-07,57.77375793457031
2008-10-08,56.94400405883789
2008-10-09,56.464874267578125
2008-10-10,56.06746292114258
2008-10-13,55.34878921508789
2008-10-14,54.99230194091797
2008-10-15,55.518218994140625
2008-10-16,55.23191452026367
2008-10-17,54.85205841064453
2008-10-20,55.29032516479492
2008-10-21,55.58248519897461
2008-10-22,56.71028518676758
2008-10-23,57.13098907470703
2008-10-24,56.52333450317383
2008-10-27,56.56419372558594
2008-10-28,55.74028396606445
2008-10-29,55.459815979003906
2008-10-30,54.95725631713867
2008-10-31,54.24434280395508
2008-11-03,54.391021728515625
2008-11-04,55.411808013916016
2008-11-05,56.068904876708984
2008-11-06,55.66409683227539
2008-11-07,55.300384521484375
2008-11-10,55.57027816772461
2008-11-11,55.734535217285156
2008-11-12,56.092384338378906
2008-11-13,54.74889373779297
2008-11-14,55.83424758911133
2008-11-17,56.080665588378906
2008-11-18,56.80232620239258
2008-11-19,58.25724792480469
2008-11-20,61.26692581176758
2008-11-21,60.38100051879883
2008-11-24,59.436431884765625
2008-11-25,61.18482208251953
2008-11-26,61.26692581176758
2008-11-28,62.02372360229492
2008-12-01,64.39892578125
2008-12-02,64.64617156982422
2008-12-03,64.82865142822266
2008-12-04,66.10604095458984
2008-12-05,65.03467559814453
2008-12-08,64.89337158203125
2008-12-09,66.17666625976562
2008-12-10,66.01774597167969
2008-12-11,66.14722442626953
2008-12-12,66.14722442626953
2008-12-15,66.90069580078125
2008-12-16,68.55484771728516
2008-12-17,70.41507720947266
2008-12-18,71.89254760742188
2008-12-19,71.96905517578125
2008-12-22,71.41571044921875
2008-12-23,71.3215560913086
2008-12-24,71.16844940185547
2008-12-26,71.40397644042969
2008-12-29,71.31832122802734
2008-12-30,71.9975357055664
2008-12-31,70.491455078125
2009-01-02,68.71959686279297
2009-01-05,66.94769287109375
2009-01-06,66.2743911743164
2009-01-07,66.53423309326172
2009-01-08,66.48106384277344
2009-01-09,66.58148956298828
2009-01-12,67.27249908447266
2009-01-13,67.3433609008789
2009-01-14,68.4537582397461
2009-01-15,68.56597900390625
2009-01-16,67.50875854492188
2009-01-20,67.4969253540039
2009-01-21,65.36479949951172
2009-01-22,64.10673522949219
2009-01-23,63.60474395751953
2009-01-26,63.04953384399414
2009-01-27,64.531982421875
2009-01-28,62.91958999633789
2009-01-29,61.47252655029297
2009-01-30,61.27763748168945
2009-02-02,62.41773223876953
2009-02-03,60.93113708496094
2009-02-04,60.71793746948242
2009-02-05,60.77128982543945
2009-02-06,60.58169937133789
2009-02-09,60.77717208862305
2009-02-10,62.097900390625
2009-02-11,62.903343200683594
2009-02-12,62.311126708984375
2009-02-13,60.65277099609375
2009-02-17,62.54209518432617
2009-02-18,62.00908279418945
2009-02-19,60.9548454284668
2009-02-20,61.54712677001953
2009-02-23,62.115665435791016
2009-02-24,62.05049514770508
2009-02-25,61.33382797241211
2009-02-26,60.68832778930664
2009-02-27,60.33888244628906
2009-03-02,61.33784103393555
2009-03-03,60.92803955078125
2009-03-04,60.64891815185547
2009-03-05,62.33562469482422
2009-03-06,61.919857025146484
2009-03-09,61.557586669921875
2009-03-10,60.375762939453125
2009-03-11,61.029029846191406
2009-03-12,61.32002639770508
2009-03-13,61.011253356933594
2009-03-16,60.049102783203125
2009-03-17,59.722476959228516
2009-03-18,61.98521041870117
2009-03-19,62.06241989135742
2009-03-20,61.71796417236328
2009-03-23,61.18341827392578
2009-03-24,61.76547622680664
2009-03-25,60.93398666381836
2009-03-26,61.6407470703125
2009-03-27,62.09800720214844
2009-03-30,62.33562469482422
2009-03-31,62.781009674072266
2009-04-01,63.35396194458008
2009-04-02,62.579708099365234
2009-04-03,61.29916000366211
2009-04-06,61.037105560302734
2009-04-07,61.19192886352539
2009-04-08,61.733924865722656
2009-04-09,60.95968246459961
2009-04-13,61.5195198059082
2009-04-14,61.8411750793457
2009-04-15,61.733924865722656
2009-04-16,61.24561309814453
2009-04-17,60.572509765625
2009-04-20,61.48975372314453
2009-04-21,60.88222885131836
2009-04-22,60.51300048828125
2009-04-23,60.50706100463867
2009-04-24,59.899478912353516
2009-04-27,60.15564727783203
2009-04-28,59.17286682128906
2009-04-29,58.648746490478516
2009-04-30,58.41643142700195
2009-05-01,58.01438522338867
2009-05-04,58.205589294433594
2009-05-05,58.13389205932617
2009-05-06,57.99646759033203
2009-05-07,56.58064270019531
2009-05-08,56.7180290222168
2009-05-11,57.52451705932617
2009-05-12,57.733619689941406
2009-05-13,58.360904693603516
2009-05-14,58.587921142578125
2009-05-15,58.569976806640625
2009-05-18,57.66193389892578
2009-05-19,57.357234954833984
2009-05-20,57.96062088012695
2009-05-21,56.502986907958984
2009-05-22,55.875648498535156
2009-05-26,55.0333137512207
2009-05-27,54.059547424316406
2009-05-28,54.84217834472656
2009-05-29,56.25799560546875
2009-06-01,54.594844818115234
2009-06-02,54.88851547241211
2009-06-03,55.40397644042969
2009-06-04,54.25921630859375
2009-06-05,53.84563446044922
2009-06-08,53.70778274536133
2009-06-09,53.7017707824707
2009-06-10,52.856693267822266
2009-06-11,53.444095611572266
2009-06-12,53.92356491088867
2009-06-15,54.40900802612305
2009-06-16,55.356021881103516
2009-06-17,55.04432678222656
2009-06-18,54.2112922668457
2009-06-19,54.95445251464844
2009-06-22,55.48783874511719
2009-06-23,56.14114761352539
2009-06-24,55.577762603759766
2009-06-25,56.596656799316406
2009-06-26,56.692535400390625
2009-06-29,56.7764892578125
2009-06-30,56.68060302734375
2009-07-01,56.56814193725586
2009-07-02,56.70039367675781
2009-07-06,56.59218978881836
2009-07-07,56.97100067138672
2009-07-08,58.02323913574219
2009-07-09,57.33177185058594
2009-07-10,57.860870361328125
2009-07-13,57.53620147705078
2009-07-14,56.58012008666992
2009-07-15,55.12504196166992
2009-07-16,55.720314025878906
2009-07-17,54.860511779785156
2009-07-20,55.14912414550781
2009-07-21,56.24944305419922
2009-07-22,55.74436569213867
2009-07-23,54.72219467163086
2009-07-24,54.98678970336914
2009-07-27,54.35541915893555
2009-07-28,54.83644104003906
2009-07-29,55.13710021972656
2009-07-30,55.91872787475586
2009-07-31,57.00707244873047
2009-08-03,56.14313507080078
2009-08-04,55.696712493896484
2009-08-05,54.864131927490234
2009-08-06,55.051143646240234
2009-08-07,54.59264373779297
2009-08-10,55.27437210083008
2009-08-11,55.91383361816406
2009-08-12,55.31660079956055
2009-08-13,56.10084533691406
2009-08-14,56.318111419677734
2009-08-17,57.15065383911133
2009-08-18,56.8188362121582
2009-08-19,57.2894172668457
2009-08-20,57.75996398925781
2009-08-21,56.57145690917969
2009-08-24,57.59710693359375
2009-08-25,57.92283630371094
2009-08-26,58.18836212158203
2009-08-27,57.959083557128906
2009-08-28,58.224525451660156
2009-08-31,58.27882385253906
2009-09-01,58.137760162353516
2009-09-02,58.985103607177734
2009-09-03,58.62195587158203
2009-09-04,57.62333297729492
2009-09-08,57.217830657958984
2009-09-09,57.151283264160156
2009-09-10,58.204315185546875
2009-09-11,58.52517318725586
2009-09-14,57.94411849975586
2009-09-15,57.64756393432617
2009-09-16,57.75042724609375
2009-09-17,58.47673416137695
2009-09-18,57.95621871948242
2009-09-21,58.08940124511719
2009-09-22,58.21043395996094
2009-09-23,58.38593673706055
2009-09-24,58.55537796020508
2009-09-25,59.299800872802734
2009-09-28,59.82032012939453
2009-09-29,59.76583480834961
2009-09-30,59.71141052246094
2009-10-01,60.52912139892578
2009-10-02,60.11024475097656
2009-10-05,60.11635208129883
2009-10-06,59.521324157714844
2009-10-07,60.21953201293945
2009-10-08,59.588111877441406
2009-10-09,58.222103118896484
2009-10-12,58.313194274902344
2009-10-13,58.61674118041992
2009-10-14,57.74861145019531
2009-10-15,57.48147964477539
2009-10-16,57.94893264770508
2009-10-19,58.40424728393555
2009-10-20,58.7199592590332
2009-10-21,58.367828369140625
2009-10-22,58.08252716064453
2009-10-23,57.64540100097656
2009-10-26,56.89860153198242
2009-10-27,57.675785064697266
2009-10-28,57.94893264770508
2009-10-29,57.31754684448242
2009-10-30,58.1493034362793
2009-11-02,57.892250061035156
2009-11-03,57.31364822387695
2009-11-04,56.78981018066406
2009-11-05,56.78981018066406
2009-11-06,56.84468078613281
2009-11-09,56.91168212890625
2009-11-10,56.80807113647461
2009-11-11,57.04563522338867
2009-11-12,56.94207763671875
2009-11-13,57.20402526855469
2009-11-16,57.87395095825195
2009-11-17,58.184574127197266
2009-11-18,57.84352493286133
2009-11-19,57.94708251953125
2009-11-20,57.93492126464844
2009-11-23,57.86183547973633
2009-11-24,58.227230072021484
2009-11-25,58.49522018432617
2009-11-27,58.714542388916016
2009-11-30,58.85459899902344
2009-12-01,58.19894790649414
2009-12-02,58.24785232543945
2009-12-03,57.64295196533203
2009-12-04,57.03192138671875
2009-12-07,57.105255126953125
2009-12-08,57.19083023071289
2009-12-09,56.92804718017578
2009-12-10,56.27427673339844
2009-12-11,56.268211364746094
2009-12-14,56.33538818359375
2009-12-15,56.08487319946289
2009-12-16,56.017669677734375
2009-12-17,56.9403076171875
2009-12-18,56.69588851928711
2009-12-21,55.68770217895508
2009-12-22,55.37609100341797
2009-12-23,55.38833236694336
2009-12-24,54.81395721435547
2009-12-28,54.66124725341797
2009-12-29,55.02177429199219
2009-12-30,55.383541107177734
2009-12-31,55.119876861572266
2010-01-04,55.0708122253418
2010-01-05,55.426475524902344
2010-01-06,54.68453598022461
2010-01-07,54.77650833129883
2010-01-08,54.75197982788086
2010-01-11,54.45149612426758
2010-01-12,55.383541107177734
2010-01-13,54.73972702026367
2010-01-14,55.506195068359375
2010-01-15,55.849586486816406
2010-01-19,55.69013977050781
2010-01-20,56.254302978515625
2010-01-21,56.511802673339844
2010-01-22,56.41374969482422
2010-01-25,56.15617752075195
2010-01-26,56.174556732177734
2010-01-27,56.14390182495117
2010-01-28,56.11326217651367
2010-01-29,56.603790283203125
2010-02-01,56.08995056152344
2010-02-02,56.24995040893555
2010-02-03,55.59769058227539
2010-02-04,56.4776611328125
2010-02-05,56.60074234008789
2010-02-08,56.674560546875
2010-02-09,56.108524322509766
2010-02-10,55.5731086730957
2010-02-11,55.27151870727539
2010-02-12,55.499229431152344
2010-02-16,55.603858947753906
2010-02-17,54.970035552978516
2010-02-18,54.74848556518555
2010-02-19,55.0438346862793
2010-02-22,54.816192626953125
2010-02-23,55.67155456542969
2010-02-24,55.80693435668945
2010-02-25,56.12074279785156
2010-02-26,56.40998077392578
2010-03-01,56.38526153564453
2010-03-02,56.31120681762695
2010-03-03,56.169212341308594
2010-03-04,56.46549987792969
2010-03-05,55.72476577758789
2010-03-08,55.43463897705078
2010-03-09,55.44690704345703
2010-03-10,55.304988861083984
2010-03-11,55.50870132446289
2010-03-12,55.85439682006836
2010-03-15,55.78028869628906
2010-03-16,56.224727630615234
2010-03-17,56.46549987792969
2010-03-18,56.28034210205078
2010-03-19,56.335899353027344
2010-03-22,56.39761734008789
2010-03-23,56.13216018676758
2010-03-24,55.10747528076172
2010-03-25,54.755584716796875
2010-03-26,54.909915924072266
2010-03-29,54.70000457763672
2010-03-30,54.87282943725586
2010-03-31,55.24943542480469
2010-04-01,55.11435317993164
2010-04-05,54.19731140136719
2010-04-06,54.28407669067383
2010-04-07,54.97804641723633
2010-04-08,55.00278091430664
2010-04-09,55.1329231262207
2010-04-12,55.424163818359375
2010-04-13,55.60386276245117
2010-04-14,55.213497161865234
2010-04-15,55.27544403076172
2010-04-16,55.67816925048828
2010-04-19,55.541900634765625
2010-04-20,55.74016189575195
2010-04-21,56.198646545410156
2010-04-22,56.031341552734375
2010-04-23,55.83308792114258
2010-04-26,55.895050048828125
2010-04-27,56.68195724487305
2010-04-28,56.198646545410156
2010-04-29,56.434120178222656
2010-04-30,57.084686279296875
2010-05-03,57.010093688964844
2010-05-04,58.03599548339844
2010-05-05,58.37800216674805
2010-05-06,60.18110656738281
2010-05-07,59.428768157958984
2010-05-10,58.197654724121094
2010-05-11,58.04845428466797
2010-05-12,57.60697555541992
2010-05-13,57.98626708984375
2010-05-14,58.99352264404297
2010-05-17,58.77595901489258
2010-05-18,59.67748260498047
2010-05-19,59.876407623291016
2010-05-20,61.13861083984375
2010-05-21,61.20082092285156
2010-05-24,60.98944091796875
2010-05-25,61.28787612915039
2010-05-26,61.11371994018555
2010-05-27,59.72719955444336
2010-05-28,60.00079345703125
2010-06-01,60.42252731323242
2010-06-02,59.84856414794922
2010-06-03,59.411827087402344
2010-06-04,61.00893783569336
2010-06-07,61.47689437866211
2010-06-08,61.17116928100586
2010-06-09,61.10259246826172
2010-06-10,60.01076889038086
2010-06-11,60.77193069458008
2010-06-14,60.45995330810547
2010-06-15,60.21039962768555
2010-06-16,60.55355453491211
2010-06-17,61.04638671875
2010-06-18,60.94658279418945
2010-06-21,60.77193069458008
2010-06-22,61.4956169128418
2010-06-23,61.91358184814453
2010-06-24,61.54553985595703
2010-06-25,61.79506301879883
2010-06-28,62.37528610229492
2010-06-29,63.05528259277344
2010-06-30,63.47954177856445
2010-07-01,63.57964324951172
2010-07-02,63.072776794433594
2010-07-06,63.59218215942383
2010-07-07,62.84749221801758
2010-07-08,62.44700241088867
2010-07-09,62.09031677246094
2010-07-12,62.06526565551758
2010-07-13,61.533382415771484
2010-07-14,62.15287399291992
2010-07-15,62.77238082885742
2010-07-16,63.07902908325195
2010-07-19,62.691001892089844
2010-07-20,62.78489685058594
2010-07-21,63.84872817993164
2010-07-22,63.11028289794922
2010-07-23,62.44073486328125
2010-07-26,62.33436584472656
2010-07-27,61.73357391357422
2010-07-28,61.93387222290039
2010-07-29,61.91508483886719
2010-07-30,62.878807067871094
2010-08-02,61.996089935302734
2010-08-03,62.35393524169922
2010-08-04,61.8768424987793
2010-08-05,62.165592193603516
2010-08-06,62.84362030029297
2010-08-09,62.611324310302734
2010-08-10,62.74318313598633
2010-08-11,63.58445739746094
2010-08-12,63.42754364013672
2010-08-13,64.21854400634766
2010-08-16,65.82571411132812
2010-08-17,65.44905090332031
2010-08-18,65.62482452392578
2010-08-19,66.64815521240234
2010-08-20,66.57281494140625
2010-08-23,66.58539581298828
2010-08-24,67.65262603759766
2010-08-25,67.43294525146484
2010-08-26,68.06697845458984
2010-08-27,66.1396484375
2010-08-30,67.40782165527344
2010-08-31,68.15486145019531
2010-09-01,66.74568176269531
2010-09-02,66.04041290283203
2010-09-03,65.22185516357422
2010-09-07,66.55677795410156
2010-09-08,66.02782440185547
2010-09-09,64.72441864013672
2010-09-10,64.4284439086914
2010-09-13,64.7432861328125
2010-09-14,65.36668395996094
2010-09-15,64.39700317382812
2010-09-16,63.76106262207031
2010-09-17,64.01921081542969
2010-09-20,64.39069366455078
2010-09-21,65.28482055664062
2010-09-22,65.87045288085938
2010-09-23,66.0593490600586
2010-09-24,65.17151641845703
2010-09-27,66.30491638183594
2010-09-28,66.75824737548828
2010-09-29,66.48124694824219
2010-09-30,66.43709564208984
2010-10-01,66.1160659790039
2010-10-04,66.28669738769531
2010-10-05,65.88858795166016
2010-10-06,66.71651458740234
2010-10-07,66.1603775024414
2010-10-08,65.86958312988281
2010-10-11,65.88223266601562
2010-10-12,65.23121643066406
2010-10-13,65.13013458251953
2010-10-14,64.15681457519531
2010-10-15,63.37302780151367
2010-10-18,63.88502883911133
2010-10-19,64.27054595947266
2010-10-20,64.40959167480469
2010-10-21,63.644840240478516
2010-10-22,64.07460021972656
2010-10-25,64.25798797607422
2010-10-26,63.265621185302734
2010-10-27,62.709434509277344
2010-10-28,62.880062103271484
2010-10-29,63.467926025390625
2010-11-01,63.19464111328125
2010-11-02,64.02519989013672
2010-11-03,62.719112396240234
2010-11-04,63.2072868347168
2010-11-05,62.123050689697266
2010-11-08,62.402069091796875
2010-11-09,61.026206970214844
2010-11-10,61.108612060546875
2010-11-11,61.07686996459961
2010-11-12,60.74720001220703
2010-11-15,59.4791259765625
2010-11-16,60.95649719238281
2010-11-17,60.62044143676758
2010-11-18,60.8676643371582
2010-11-19,61.24180221557617
2010-11-22,61.50172805786133
2010-11-23,61.80607604980469
2010-11-24,60.70283889770508
2010-11-26,61.5461311340332
2010-11-29,62.07239532470703
2010-11-30,62.395729064941406
2010-12-01,61.00873947143555
2010-12-02,60.849674224853516
2010-12-03,60.37253189086914
2010-12-06,61.225013732910156
2010-12-07,59.914398193359375
2010-12-08,59.33534240722656
2010-12-09,59.62810516357422
2010-12-10,59.26544189453125
2010-12-13,59.488075256347656
2010-12-14,58.62282180786133
2010-12-15,57.8593635559082
2010-12-16,58.26015090942383
2010-12-17,59.322662353515625
2010-12-20,59.259098052978516
2010-12-21,59.67264175415039
2010-12-22,59.246360778808594
2010-12-23,59.12545394897461
2010-12-27,59.6535530090332
2010-12-28,58.48526382446289
2010-12-29,59.47481918334961
2010-12-30,59.43013000488281
2010-12-31,60.087669372558594
2011-01-03,59.63438415527344
2011-01-04,59.704627990722656
2011-01-05,58.389461517333984
2011-01-06,58.64486312866211
2011-01-07,58.95767593383789
2011-01-10,59.27685546875
2011-01-11,58.94490432739258
2011-01-12,58.48526382446289
2011-01-13,59.008724212646484
2011-01-14,58.63204574584961
2011-01-18,58.35755920410156
2011-01-19,58.77888488769531
2011-01-20,57.96807861328125
2011-01-21,58.427825927734375
2011-01-24,58.45330810546875
2011-01-25,59.008724212646484
2011-01-26,58.11496353149414
2011-01-27,58.37671661376953
2011-01-28,58.68315505981445
2011-01-31,58.236228942871094
2011-02-01,57.947975158691406
2011-02-02,57.96074676513672
2011-02-03,57.480289459228516
2011-02-04,56.89727783203125
2011-02-07,57.19196319580078
2011-02-08,56.6666259765625
2011-02-09,57.15994644165039
2011-02-10,56.50008010864258
2011-02-11,57.31367874145508
2011-02-14,57.35212707519531
2011-02-15,57.608402252197266
2011-02-16,57.422637939453125
2011-02-17,57.51229476928711
2011-02-18,57.33292007446289
2011-02-22,58.19146728515625
2011-02-23,58.4028434753418
2011-02-24,58.77438735961914
2011-02-25,59.12034606933594
2011-02-28,59.197269439697266
2011-03-01,59.36886978149414
2011-03-02,58.45618438720703
2011-03-03,57.8841552734375
2011-03-04,58.366180419921875
2011-03-07,57.993408203125
2011-03-08,57.639915466308594
2011-03-09,58.199092864990234
2011-03-10,59.1760368347168
2011-03-11,58.84184646606445
2011-03-14,58.816162109375
2011-03-15,59.6966552734375
2011-03-16,60.37152862548828
2011-03-17,59.90877151489258
2011-03-18,60.06943130493164
2011-03-21,59.715938568115234
2011-03-22,59.9151611328125
2011-03-23,59.83805847167969
2011-03-24,59.388145446777344
2011-03-25,59.240291595458984
2011-03-28,59.3238525390625
2011-03-29,58.86753845214844
2011-03-30,59.33671569824219
2011-03-31,59.21460723876953
2011-04-01,59.502471923828125
2011-04-04,59.56704330444336
2011-04-05,59.328243255615234
2011-04-06,58.43752670288086
2011-04-07,58.32130813598633
2011-04-08,58.01152420043945
2011-04-11,58.06315612792969
2011-04-12,58.689212799072266
2011-04-13,59.05712127685547
2011-04-14,59.01191711425781
2011-04-15,59.81226348876953
2011-04-18,59.94780349731445
2011-04-19,60.20597457885742
2011-04-20,59.81874084472656
2011-04-21,59.76707077026367
2011-04-25,59.99299240112305
2011-04-26,60.57388687133789
2011-04-27,59.95429992675781
2011-04-28,60.41254806518555
2011-04-29,60.59967041015625
2011-05-02,60.69694137573242
2011-05-03,61.04046630859375
2011-05-04,61.31272506713867
2011-05-05,61.89611053466797
2011-05-06,61.623844146728516
2011-05-09,61.559059143066406
2011-05-10,61.118263244628906
2011-05-11,61.468284606933594
2011-05-12,61.07939529418945
2011-05-13,61.63035202026367
2011-05-16,61.97386932373047
2011-05-17,62.60907745361328
2011-05-18,61.77943420410156
2011-05-19,61.753475189208984
2011-05-20,61.785858154296875
2011-05-23,62.08403778076172
2011-05-24,62.31744384765625
2011-05-25,62.025699615478516
2011-05-26,62.55725860595703
2011-05-27,62.53132629394531
2011-05-31,62.67396545410156
2011-06-01,63.52094650268555
2011-06-02,62.31089401245117
2011-06-03,62.66875457763672
2011-06-06,62.193851470947266
2011-06-07,62.48005294799805
2011-06-08,62.967987060546875
2011-06-09,62.71426773071289
2011-06-10,63.19568634033203
2011-06-13,62.87694549560547
2011-06-14,61.92710876464844
2011-06-15,63.052555084228516
2011-06-16,63.338809967041016
2011-06-17,63.03953170776367
2011-06-20,63.11762619018555
2011-06-21,62.83784484863281
2011-06-22,62.87694549560547
2011-06-23,63.358333587646484
2011-06-24,63.09162902832031
2011-06-27,62.226356506347656
2011-06-28,61.72536849975586
2011-06-29,61.315582275390625
2011-06-30,61.21796798706055
2011-07-01,61.12004089355469
2011-07-05,61.25713348388672
2011-07-06,61.57050323486328
2011-07-07,61.38768005371094
2011-07-08,62.25590515136719
2011-07-11,63.18937301635742
2011-07-12,63.40479278564453
2011-07-13,63.581031799316406
2011-07-14,62.67362594604492
2011-07-15,62.77815246582031
2011-07-18,62.17100524902344
2011-07-19,63.46355438232422
2011-07-20,62.71284484863281
2011-07-21,62.229774475097656
2011-07-22,62.69978713989258
2011-07-25,62.01438522338867
2011-07-26,62.43867111206055
2011-07-27,62.44519805908203
2011-07-28,62.68021011352539
2011-07-29,63.92049026489258
2011-08-01,64.56558990478516
2011-08-02,66.50428771972656
2011-08-03,66.63532257080078
2011-08-04,69.0062484741211
2011-08-05,67.01517486572266
2011-08-08,69.13069915771484
2011-08-09,69.34027862548828
2011-08-10,71.40336608886719
2011-08-11,67.80108642578125
2011-08-12,69.14378356933594
2011-08-15,68.44300079345703
2011-08-16,69.57601928710938
2011-08-17,70.79425811767578
2011-08-18,72.24832153320312
2011-08-19,72.83112335205078
2011-08-22,72.64781951904297
2011-08-23,71.64570617675781
2011-08-24,69.60881042480469
2011-08-25,70.36199951171875
2011-08-26,71.05624389648438
2011-08-29,70.07380676269531
2011-08-30,71.20036315917969
2011-08-31,70.0999755859375
2011-09-01,71.58599853515625
2011-09-02,73.91151428222656
2011-09-06,74.68016052246094
2011-09-07,73.25456237792969
2011-09-08,73.91151428222656
2011-09-09,74.69985961914062
2011-09-12,74.77867126464844
2011-09-13,73.71446990966797
2011-09-14,74.33853149414062
2011-09-15,73.2020492553711
2011-09-16,73.734130859375
2011-09-19,75.13998413085938
2011-09-20,75.45530700683594
2011-09-21,77.95165252685547
2011-09-22,80.88160705566406
2011-09-23,79.37718200683594
2011-09-26,78.10273742675781
2011-09-27,76.90717315673828
2011-09-28,76.88085174560547
2011-09-29,77.41297912597656
2011-09-30,79.35752868652344
2011-10-03,81.54145050048828
2011-10-04,80.5074462890625
2011-10-05,79.92782592773438
2011-10-06,78.45259857177734
2011-10-07,77.87299346923828
2011-10-10,76.77313995361328
2011-10-11,76.51628875732422
2011-10-12,75.40325164794922
2011-10-13,76.15406799316406
2011-10-14,75.047607421875
2011-10-17,76.34503173828125
2011-10-18,75.87085723876953
2011-10-19,75.84452819824219
2011-10-20,75.3044662475586
2011-10-21,74.50755310058594
2011-10-24,74.63269805908203
2011-10-25,76.52946472167969
2011-10-26,75.19248962402344
2011-10-27,72.64372253417969
2011-10-28,73.4076919555664
2011-10-31,76.31868743896484
2011-11-01,78.87345123291016
2011-11-02,77.88958740234375
2011-11-03,76.81986999511719
2011-11-04,76.91232299804688
2011-11-07,77.40095520019531
2011-11-08,76.41051483154297
2011-11-09,77.9952392578125
2011-11-10,76.83313751220703
2011-11-11,76.36428833007812
2011-11-14,77.59239959716797
2011-11-15,77.48677825927734
2011-11-16,78.1933364868164
2011-11-17,78.82061004638672
2011-11-18,78.80082702636719
2011-11-21,79.2696304321289
2011-11-22,80.1544418334961
2011-11-23,80.94019317626953
2011-11-25,79.76484680175781
2011-11-28,79.7251968383789
2011-11-29,79.0715560913086
2011-11-30,77.83678436279297
2011-12-01,77.44618225097656
2011-12-02,78.53179931640625
2011-12-05,78.37294006347656
2011-12-06,77.62490844726562
2011-12-07,77.90291595458984
2011-12-08,78.87606048583984
2011-12-09,77.25430297851562
2011-12-12,78.1147689819336
2011-12-13,78.84295654296875
2011-12-14,80.3322525024414
2011-12-15,80.03435516357422
2011-12-16,80.96771240234375
2011-12-19,81.9936752319336
2011-12-20,79.94830322265625
2011-12-21,78.83625793457031
2011-12-22,79.16722106933594
2011-12-23,78.28689575195312
2011-12-27,78.65875244140625
2011-12-28,80.11309814453125
2011-12-29,80.25917053222656
2011-12-30,80.5181884765625
2012-01-03,79.30951690673828
2012-01-04,78.36656951904297
2012-01-05,78.22711181640625
2012-01-06,78.84468841552734
2012-01-09,78.70523834228516
2012-01-10,78.57242584228516
2012-01-11,79.59507751464844
2012-01-12,79.48216247558594
2012-01-13,80.27242279052734
2012-01-17,80.64433288574219
2012-01-18,79.66809844970703
2012-01-19,78.57242584228516
2012-01-20,77.68260192871094
2012-01-23,77.19113159179688
2012-01-24,77.33065032958984
2012-01-25,77.14469146728516
2012-01-26,78.16729736328125
2012-01-27,78.41301727294922
2012-01-30,79.3360824584961
2012-01-31,80.25254821777344
2012-02-01,79.33329010009766
2012-02-02,79.29993438720703
2012-02-03,77.59591674804688
2012-02-06,78.36801147460938
2012-02-07,77.39619445800781
2012-02-08,77.45609283447266
2012-02-09,76.87694549560547
2012-02-10,77.87540435791016
2012-02-13,77.97526550292969
2012-02-14,78.38801574707031
2012-02-15,78.2481689453125
2012-02-16,77.62251281738281
2012-02-17,77.60252380371094
2012-02-21,76.7437973022461
2012-02-22,77.70901489257812
2012-02-23,77.70901489257812
2012-02-24,78.21495056152344
2012-02-27,78.90724182128906
2012-02-28,78.64762878417969
2012-02-29,78.16834259033203
2012-03-01,77.43244171142578
2012-03-02,78.15969848632812
2012-03-05,77.53923797607422
2012-03-06,78.47990417480469
2012-03-07,77.99954986572266
2012-03-08,77.21891021728516
2012-03-09,77.3724136352539
2012-03-12,77.35904693603516
2012-03-13,75.998046875
2012-03-14,74.08320617675781
2012-03-15,74.19664001464844
2012-03-16,74.34343719482422
2012-03-19,73.45606994628906
2012-03-20,73.74967193603516
2012-03-21,74.58357238769531
2012-03-22,74.82378387451172
2012-03-23,75.53095245361328
2012-03-26,75.14403533935547
2012-03-27,75.68440246582031
2012-03-28,75.57767486572266
2012-03-29,76.14476776123047
2012-03-30,74.85710906982422
2012-04-02,75.27189636230469
2012-04-03,73.96747589111328
2012-04-04,74.98421478271484
2012-04-05,75.52608489990234
2012-04-09,77.29198455810547
2012-04-10,78.168212890625
2012-04-11,77.23175048828125
2012-04-12,76.9106674194336
2012-04-13,78.15486907958984
2012-04-16,78.04115295410156
2012-04-17,77.9942855834961
2012-04-18,78.22173309326172
2012-04-19,78.29533386230469
2012-04-20,78.30870819091797
2012-04-23,78.87725830078125
2012-04-24,78.32209777832031
2012-04-25,77.92070770263672
2012-04-26,78.38895416259766
2012-04-27,78.45582580566406
2012-04-30,78.47586822509766
2012-05-01,78.06890869140625
2012-05-02,78.61876678466797
2012-05-03,78.5986328125
2012-05-04,79.21553802490234
2012-05-07,79.2288818359375
2012-05-08,79.6513900756836
2012-05-09,79.70498657226562
2012-05-10,79.4703369140625
2012-05-11,80.12742614746094
2012-05-14,81.2471923828125
2012-05-15,81.57569885253906
2012-05-16,81.81044006347656
2012-05-17,83.25875854492188
2012-05-18,83.27888488769531
2012-05-21,83.10455322265625
2012-05-22,82.17919921875
2012-05-23,82.7491455078125
2012-05-24,82.43399047851562
2012-05-25,82.74246978759766
2012-05-29,82.4876480102539
2012-05-30,84.57968139648438
2012-05-31,85.5586166381836
2012-06-01,87.58979797363281
2012-06-04,86.89778900146484
2012-06-05,85.7353744506836
2012-06-06,84.02200317382812
2012-06-07,84.149658203125
2012-06-08,84.12950134277344
2012-06-11,84.5124740600586
2012-06-12,83.73980712890625
2012-06-13,84.56623077392578
2012-06-14,84.45873260498047
2012-06-15,84.9290542602539
2012-06-18,85.3859634399414
2012-06-19,84.2706298828125
2012-06-20,84.68714904785156
2012-06-21,85.1373519897461
2012-06-22,84.00183868408203
2012-06-25,85.2247314453125
2012-06-26,84.88875579833984
2012-06-27,85.0231704711914
2012-06-28,85.23141479492188
2012-06-29,84.12274169921875
2012-07-02,84.99075317382812
2012-07-03,84.33763122558594
2012-07-05,84.76852416992188
2012-07-06,85.55635070800781
2012-07-09,86.3104476928711
2012-07-10,86.48558044433594
2012-07-11,86.59335327148438
2012-07-12,87.2060317993164
2012-07-13,86.97710418701172
2012-07-16,87.38117218017578
2012-07-17,86.6943588256836
2012-07-18,86.74144744873047
2012-07-19,86.51927185058594
2012-07-20,87.57642364501953
2012-07-23,88.06790924072266
2012-07-24,88.76150512695312
2012-07-25,88.99040985107422
2012-07-26,88.17574310302734
2012-07-27,86.51251983642578
2012-07-30,87.15892791748047
2012-07-31,87.333984375
2012-08-01,86.89744567871094
2012-08-02,87.38996887207031
2012-08-03,85.979736328125
2012-08-06,86.01342010498047
2012-08-07,84.90684509277344
2012-08-08,84.45475006103516
2012-08-09,84.3940200805664
2012-08-10,84.8191146850586
2012-08-13,84.6774673461914
2012-08-14,83.53028869628906
2012-08-15,82.35620880126953
2012-08-16,81.6544418334961
2012-08-17,82.05254364013672
2012-08-20,82.22124481201172
2012-08-21,82.58564758300781
2012-08-22,83.94869995117188
2012-08-23,84.29953002929688
2012-08-24,84.21853637695312
2012-08-27,84.71117401123047
2012-08-28,84.91361236572266
2012-08-29,84.5424575805664
2012-08-30,84.98107147216797
2012-08-31,86.18215942382812
2012-09-04,86.0956039428711
2012-09-05,85.68991088867188
2012-09-06,84.2630615234375
2012-09-07,83.87089538574219
2012-09-10,84.07373046875
2012-09-11,83.5462875366211
2012-09-12,82.50491333007812
2012-09-13,82.18034362792969
2012-09-14,79.99614715576172
2012-09-17,80.95638275146484
2012-09-18,81.36216735839844
2012-09-19,81.89630889892578
2012-09-20,82.0992202758789
2012-09-21,82.19389343261719
2012-09-24,82.83627319335938
2012-09-25,83.65449523925781
2012-09-26,84.55381774902344
2012-09-27,83.9520034790039
2012-09-28,83.99933624267578
2012-10-01,84.3110580444336
2012-10-02,84.19585418701172
2012-10-03,84.22293853759766
2012-10-04,83.17264556884766
2012-10-05,82.09516906738281
2012-10-08,82.78638458251953
2012-10-09,82.6373062133789
2012-10-10,83.22004699707031
2012-10-11,83.79601287841797
2012-10-12,84.00615692138672
2012-10-15,83.81642150878906
2012-10-16,82.65763854980469
2012-10-17,81.89189147949219
2012-10-18,81.39045715332031
2012-10-19,82.49502563476562
2012-10-22,81.9664306640625
2012-10-23,83.13877868652344
2012-10-24,82.31884765625
2012-10-25,81.89869689941406
2012-10-26,83.10487365722656
2012-10-31,83.59275817871094
2012-11-01,82.90834045410156
2012-11-02,82.84739685058594
2012-11-05,83.31489562988281
2012-11-06,82.52887725830078
2012-11-07,84.02644348144531
2012-11-08,85.27330780029297
2012-11-09,85.36815643310547
2012-11-12,85.51046752929688
2012-11-13,85.79508209228516
2012-11-14,85.87638854980469
2012-11-15,85.70700073242188
2012-11-16,85.63249206542969
2012-11-19,85.15130615234375
2012-11-20,84.29753875732422
2012-11-21,84.25004577636719
2012-11-23,84.16873931884766
2012-11-26,84.5685806274414
2012-11-27,84.9006118774414
2012-11-28,84.77862548828125
2012-11-29,84.79218292236328
2012-11-30,84.56179809570312
2012-12-03,84.63986206054688
2012-12-04,85.12871551513672
2012-12-05,85.08799743652344
2012-12-06,85.2713394165039
2012-12-07,84.48371124267578
2012-12-10,84.85712432861328
2012-12-11,84.212158203125
2012-12-12,83.23440551757812
2012-12-13,83.29549407958984
2012-12-14,83.92017364501953
2012-12-17,82.66409301757812
2012-12-18,81.8221206665039
2012-12-19,82.0937728881836
2012-12-20,82.10734558105469
2012-12-21,83.00353240966797
2012-12-24,82.85415649414062
2012-12-26,83.1522216796875
2012-12-27,83.43122863769531
2012-12-28,83.90752410888672
2012-12-31,82.4581527709961
2013-01-02,81.3558120727539
2013-01-03,80.25347900390625
2013-01-04,80.56649017333984
2013-01-07,80.60049438476562
2013-01-08,81.13124084472656
2013-01-09,81.05640411376953
2013-01-10,80.83185577392578
2013-01-11,81.55310821533203
2013-01-14,81.32860565185547
2013-01-15,81.70283508300781
2013-01-16,81.87300109863281
2013-01-17,81.05640411376953
2013-01-18,81.6823959350586
2013-01-22,81.8389663696289
2013-01-23,81.71646118164062
2013-01-24,81.4306640625
2013-01-25,80.31468963623047
2013-01-28,80.0220947265625
2013-01-29,79.57982635498047
2013-01-30,79.44369506835938
2013-01-31,79.83158874511719
2013-02-01,78.7950210571289
2013-02-04,79.80431365966797
2013-02-05,79.0950698852539
2013-02-06,79.74290466308594
2013-02-07,79.56562042236328
2013-02-08,79.87246704101562
2013-02-11,79.81109619140625
2013-02-12,79.61334991455078
2013-02-13,78.96553802490234
2013-02-14,79.68151092529297
2013-02-15,79.44969177246094
2013-02-19,79.05414581298828
2013-02-20,79.29286193847656
2013-02-21,79.75655364990234
2013-02-22,79.81109619140625
2013-02-25,81.37965393066406
2013-02-26,80.90912628173828
2013-02-27,80.6703872680664
2013-02-28,80.82044982910156
2013-03-01,81.26055908203125
2013-03-04,80.83000946044922
2013-03-05,80.59761810302734
2013-03-06,79.86636352539062
2013-03-07,79.25126647949219
2013-03-08,78.42430877685547
2013-03-11,78.49945068359375
2013-03-12,79.06675720214844
2013-03-13,78.98479461669922
2013-03-14,78.7454833984375
2013-03-15,79.1146011352539
2013-03-18,79.71602630615234
2013-03-19,80.25591278076172
2013-03-20,79.36060333251953
2013-03-21,80.12606811523438
2013-03-22,80.18753814697266
2013-03-25,80.1124267578125
2013-03-26,80.2081069946289
2013-03-27,80.89151763916016
2013-03-28,80.48145294189453
2013-04-01,81.08761596679688
2013-04-02,80.75883483886719
2013-04-03,81.48485565185547
2013-04-04,82.45750427246094
2013-04-05,84.12179565429688
2013-04-08,83.47796630859375
2013-04-09,83.27249908447266
2013-04-10,82.12869262695312
2013-04-11,82.28617095947266
2013-04-12,83.51226043701172
2013-04-15,84.23828125
2013-04-16,83.54645538330078
2013-04-17,84.10128784179688
2013-04-18,84.30674743652344
2013-04-19,84.1286849975586
2013-04-22,84.1903076171875
2013-04-23,83.895751953125
2013-04-24,84.10807037353516
2013-04-25,83.7451400756836
2013-04-26,84.51226806640625
2013-04-29,84.20397186279297
2013-04-30,84.25193786621094
2013-05-01,85.11746978759766
2013-05-02,85.00762176513672
2013-05-03,83.00341033935547
2013-05-06,82.79750061035156
2013-05-07,82.47488403320312
2013-05-08,82.6053237915039
2013-05-09,82.39252471923828
2013-05-10,81.50711059570312
2013-05-13,80.88251495361328
2013-05-14,80.00393676757812
2013-05-15,80.53932189941406
2013-05-16,81.376708984375
2013-05-17,80.3471450805664
2013-05-20,80.25104522705078
2013-05-21,80.88251495361328
2013-05-22,79.68132019042969
2013-05-23,80.05888366699219
2013-05-24,80.16867065429688
2013-05-28,78.13704681396484
2013-05-29,79.01555633544922
2013-05-30,78.82344818115234
2013-05-31,78.55574035644531
2013-06-03,78.97195434570312
2013-06-04,78.2426528930664
2013-06-05,79.32286834716797
2013-06-06,79.27467346191406
2013-06-07,77.85734558105469
2013-06-10,77.48580169677734
2013-06-11,78.40779876708984
2013-06-12,77.2862777709961
2013-06-13,78.4971923828125
2013-06-14,78.31143188476562
2013-06-17,77.89868927001953
2013-06-18,77.93989562988281
2013-06-19,77.13495635986328
2013-06-20,75.86898803710938
2013-06-21,74.58235931396484
2013-06-24,74.8919677734375
2013-06-25,74.22457885742188
2013-06-26,74.70619201660156
2013-06-27,75.46986389160156
2013-06-28,75.9859848022461
2013-07-01,76.13900756835938
2013-07-02,76.09074401855469
2013-07-03,75.86314392089844
2013-07-05,73.27719116210938
2013-07-08,73.98746490478516
2013-07-09,74.06327056884766
2013-07-10,73.48401641845703
2013-07-11,74.3460464477539
2013-07-12,74.28398132324219
2013-07-15,74.67704010009766
2013-07-16,74.93224334716797
2013-07-17,75.07011413574219
2013-07-18,74.13224792480469
2013-07-19,75.30460357666016
2013-07-22,75.41496276855469
2013-07-23,75.09774017333984
2013-07-24,74.14605712890625
2013-07-25,74.11849212646484
2013-07-26,74.57362365722656
2013-07-29,74.02885437011719
2013-07-30,74.00125885009766
2013-07-31,74.27017974853516
2013-08-01,72.8391342163086
2013-08-02,73.64108276367188
2013-08-05,73.07420349121094
2013-08-06,73.2884750366211
2013-08-07,73.83467102050781
2013-08-08,74.03518676757812
2013-08-09,74.15270233154297
2013-08-12,73.64801788330078
2013-08-13,72.58330535888672
2013-08-14,72.6939926147461
2013-08-15,71.71226501464844
2013-08-16,71.4634017944336
2013-08-19,70.84114837646484
2013-08-20,71.38728332519531
2013-08-21,70.60608673095703
2013-08-22,71.32512664794922
2013-08-23,72.09941864013672
2013-08-26,72.45889282226562
2013-08-27,73.37149047851562
2013-08-28,72.77688598632812
2013-08-29,73.35762023925781
2013-08-30,73.2746810913086
2013-09-03,72.24120330810547
2013-09-04,72.08177185058594
2013-09-05,71.07664489746094
2013-09-06,71.43019104003906
2013-09-09,71.46480560302734
2013-09-10,70.96577453613281
2013-09-11,71.59651947021484
2013-09-12,71.49950408935547
2013-09-13,71.77674865722656
2013-09-16,71.29845428466797
2013-09-17,71.88764953613281
2013-09-18,72.77488708496094
2013-09-19,72.34515380859375
2013-09-20,72.72637939453125
2013-09-23,73.26012420654297
2013-09-24,74.0502700805664
2013-09-25,74.20278930664062
2013-09-26,73.6829833984375
2013-09-27,73.86316680908203
2013-09-30,73.75226593017578
2013-10-01,73.5284652709961
2013-10-02,73.6396713256836
2013-10-03,73.52151489257812
2013-10-04,73.4659194946289
2013-10-07,73.76476287841797
2013-10-08,73.78562927246094
2013-10-09,73.19491577148438
2013-10-10,73.31304931640625
2013-10-11,73.2922134399414
2013-10-14,72.70146179199219
2013-10-15,72.65278625488281
2013-10-16,73.56324005126953
2013-10-17,74.2303695678711
2013-10-18,74.39024353027344
2013-10-21,74.1539306640625
2013-10-22,74.9809799194336
2013-10-23,75.27291107177734
2013-10-24,74.9809799194336
2013-10-25,75.25894927978516
2013-10-28,75.00178527832031
2013-10-29,75.09910583496094
2013-10-30,74.64740753173828
2013-10-31,74.8072738647461
2013-11-01,73.99750518798828
2013-11-04,74.06719207763672
2013-11-05,73.18219757080078
2013-11-06,73.21703338623047
2013-11-07,73.83721160888672
2013-11-08,72.06029510498047
2013-11-11,71.78848266601562
2013-11-12,72.12300109863281
2013-11-13,72.38780212402344
2013-11-14,72.83379364013672
2013-11-15,72.9801025390625
2013-11-18,73.41908264160156
2013-11-19,72.86163330078125
2013-11-20,71.62129211425781
2013-11-21,71.73970031738281
2013-11-22,72.40873718261719
2013-11-25,72.61778259277344
2013-11-26,72.8895263671875
2013-11-27,72.76403045654297
2013-11-29,72.78498840332031
2013-12-02,72.2188949584961
2013-12-03,72.48448944091797
2013-12-04,71.79255676269531
2013-12-05,71.58987426757812
2013-12-06,71.93233489990234
2013-12-09,72.10005950927734
2013-12-10,72.61723327636719
2013-12-11,72.05809783935547
2013-12-12,71.7855224609375
2013-12-13,72.13500213623047
2013-12-16,71.8694076538086
2013-12-17,72.19091033935547
2013-12-18,71.82754516601562
2013-12-19,71.75758361816406
2013-12-20,72.86188507080078
2013-12-23,72.44951629638672
2013-12-24,71.8694076538086
2013-12-26,71.59245300292969
2013-12-27,71.38908386230469
2013-12-30,71.87993621826172
2013-12-31,71.42414093017578
2014-01-02,71.64152526855469
2014-01-03,71.64152526855469
2014-01-06,71.94308471679688
2014-01-07,72.12535095214844
2014-01-08,71.92900085449219
2014-01-09,72.34973907470703
2014-01-10,73.21222686767578
2014-01-13,73.57682800292969
2014-01-14,73.24028778076172
2014-01-15,73.16313171386719
2014-01-16,73.65399932861328
2014-01-17,73.96247863769531
2014-01-21,74.0185775756836
2014-01-22,73.83629608154297
2014-01-23,74.88107299804688
2014-01-24,75.36490631103516
2014-01-27,74.83898162841797
2014-01-28,75.02127075195312
2014-01-29,75.63837432861328
2014-01-30,75.42096710205078
2014-01-31,75.92587280273438
2014-02-03,76.85098266601562
2014-02-04,76.03553771972656
2014-02-05,75.33253479003906
2014-02-06,75.00918579101562
2014-02-07,75.07246398925781
2014-02-10,75.28329467773438
2014-02-11,74.84745025634766
2014-02-12,74.46086120605469
2014-02-13,74.88264465332031
2014-02-14,74.92478942871094
2014-02-18,75.0935287475586
2014-02-19,74.77716827392578
2014-02-20,74.59439849853516
2014-02-21,74.98806762695312
2014-02-24,74.79825592041016
2014-02-25,75.46604919433594
2014-02-26,75.86679077148438
2014-02-27,76.28156280517578
2014-02-28,76.32373809814453
2014-03-03,76.83326721191406
2014-03-04,75.67754364013672
2014-03-05,75.83961486816406
2014-03-06,75.09265899658203
2014-03-07,74.62049102783203
2014-03-10,74.72618865966797
2014-03-11,74.92352294921875
2014-03-12,75.44500732421875
2014-03-13,76.45976257324219
2014-03-14,76.473876953125
2014-03-17,75.90304565429688
2014-03-18,76.17790985107422
2014-03-19,75.58592987060547
2014-03-20,75.4520263671875
2014-03-21,76.26954650878906
2014-03-24,76.8121109008789
2014-03-25,76.52314758300781
2014-03-26,77.12214660644531
2014-03-27,77.50975036621094
2014-03-28,77.0728530883789
2014-03-31,76.8825454711914
2014-04-01,76.22554016113281
2014-04-02,75.78750610351562
2014-04-03,76.11952209472656
2014-04-04,76.62818908691406
2014-04-07,77.08750915527344
2014-04-08,77.27116394042969
2014-04-09,76.8896713256836
2014-04-10,77.60319519042969
2014-04-11,78.23199462890625
2014-04-14,78.02715301513672
2014-04-15,78.5146484375
2014-04-16,78.61351013183594
2014-04-17,77.75157928466797
2014-04-21,77.68801879882812
2014-04-22,77.94941711425781
2014-04-23,78.3945541381836
2014-04-24,78.54290771484375
2014-04-25,78.65596008300781
2014-04-28,78.27436828613281
2014-04-29,78.16838836669922
2014-04-30,78.49346923828125
2014-05-01,79.33547973632812
2014-05-02,79.82413482666016
2014-05-05,79.34260559082031
2014-05-06,79.66129302978516
2014-05-07,79.3780288696289
2014-05-08,79.03807067871094
2014-05-09,78.78307342529297
2014-05-12,78.4643783569336
2014-05-13,79.14427947998047
2014-05-14,80.00123596191406
2014-05-15,80.63862609863281
2014-05-16,80.41200256347656
2014-05-19,79.81710815429688
2014-05-20,79.9941635131836
2014-05-21,79.5054702758789
2014-05-22,79.39221954345703
2014-05-23,79.81710815429688
2014-05-27,80.2845230102539
2014-05-28,81.27607727050781
2014-05-29,80.84403991699219
2014-05-30,80.80863189697266
2014-06-02,80.20791625976562
2014-06-03,79.22090148925781
2014-06-04,79.19961547851562
2014-06-05,79.23519134521484
2014-06-06,79.23519134521484
2014-06-09,79.12149810791016
2014-06-10,78.83038330078125
2014-06-11,78.97245788574219
2014-06-12,79.67537689208984
2014-06-13,79.63275909423828
2014-06-16,79.83161163330078
2014-06-17,79.19961547851562
2014-06-18,79.81026458740234
2014-06-19,78.78783416748047
2014-06-20,79.38423919677734
2014-06-23,79.13571166992188
2014-06-24,79.93810272216797
2014-06-25,80.14401245117188
2014-06-26,80.52748107910156
2014-06-27,80.40670013427734
2014-06-30,80.60552978515625
2014-07-01,79.9306869506836
2014-07-02,79.07640075683594
2014-07-03,78.79165649414062
2014-07-07,79.3682861328125
2014-07-08,80.25810241699219
2014-07-09,80.32219696044922
2014-07-10,80.34352111816406
2014-07-11,80.85610961914062
2014-07-14,80.50728607177734
2014-07-15,80.34352111816406
2014-07-16,80.77073669433594
2014-07-17,81.78865814208984
2014-07-18,81.52530670166016
2014-07-21,81.9310531616211
2014-07-22,82.10192108154297
2014-07-23,81.9951400756836
2014-07-24,81.3829345703125
2014-07-25,82.34396362304688
2014-07-28,82.23004913330078
2014-07-29,82.52908325195312
2014-07-30,81.3829345703125
2014-07-31,81.14083099365234
2014-08-01,81.76900482177734
2014-08-04,81.55487823486328
2014-08-05,81.81895446777344
2014-08-06,81.86890411376953
2014-08-07,82.63267517089844
2014-08-08,82.45421600341797
2014-08-11,82.44706726074219
2014-08-12,81.91178894042969
2014-08-13,82.44706726074219
2014-08-14,83.11087799072266
2014-08-15,84.01736450195312
2014-08-18,83.18223571777344
2014-08-19,82.92532348632812
2014-08-20,82.7896728515625
2014-08-21,83.25365447998047
2014-08-22,83.71755981445312
2014-08-25,84.03164672851562
2014-08-26,83.76040649414062
2014-08-27,84.4741439819336
2014-08-28,84.91669464111328
2014-08-29,84.97379302978516
2014-09-02,83.5079345703125
2014-09-03,83.97293090820312
2014-09-04,82.949951171875
2014-09-05,82.79254913330078
2014-09-08,82.82832336425781
2014-09-09,82.7639389038086
2014-09-10,82.24169921875
2014-09-11,81.9698257446289
2014-09-12,81.11138153076172
2014-09-15,81.2330093383789
2014-09-16,80.90390014648438
2014-09-17,80.69645690917969
2014-09-18,80.95399475097656
2014-09-19,81.98417663574219
2014-09-22,82.08431243896484
2014-09-23,82.59223175048828
2014-09-24,82.13435363769531
2014-09-25,83.10730743408203
2014-09-26,82.9857406616211
2014-09-29,83.65106201171875
2014-09-30,83.17887115478516
2014-10-01,84.79186248779297
2014-10-02,84.05311584472656
2014-10-03,84.41167449951172
2014-10-06,84.46188354492188
2014-10-07,85.6021957397461
2014-10-08,85.62371826171875
2014-10-09,85.25084686279297
2014-10-10,86.09710693359375
2014-10-13,86.62061309814453
2014-10-14,87.18717193603516
2014-10-15,87.87565612792969
2014-10-16,87.3162612915039
2014-10-17,86.82862091064453
2014-10-20,87.14412689208984
2014-10-21,86.44847869873047
2014-10-22,86.54169464111328
2014-10-23,85.77433776855469
2014-10-24,85.86043548583984
2014-10-27,86.01819610595703
2014-10-28,85.48030853271484
2014-10-29,85.67391204833984
2014-10-30,85.74568939208984
2014-10-31,85.52326965332031
2014-11-03,85.5233154296875
2014-11-04,85.78932189941406
2014-11-05,85.66709899902344
2014-11-06,85.11353302001953
2014-11-07,86.09126281738281
2014-11-10,85.30046081542969
2014-11-11,85.35799407958984
2014-11-12,85.28601837158203
2014-11-13,85.48738098144531
2014-11-14,85.90436553955078
2014-11-17,85.68871307373047
2014-11-18,85.92599487304688
2014-11-19,85.37952423095703
2014-11-20,85.8252944946289
2014-11-21,86.34288024902344
2014-11-24,86.414794921875
2014-11-25,87.13372039794922
2014-11-26,87.37093353271484
2014-11-28,88.06112670898438
2014-12-01,87.54737091064453
2014-12-02,86.69709777832031
2014-12-03,87.0357666015625
2014-12-04,87.7635269165039
2014-12-05,87.25192260742188
2014-12-08,88.31840515136719
2014-12-09,88.7723159790039
2014-12-10,89.4207992553711
2014-12-11,89.78826904296875
2014-12-12,91.00604248046875
2014-12-15,90.81867980957031
2014-12-16,91.9427719116211
2014-12-17,91.11414337158203
2014-12-18,89.49290466308594
2014-12-19,90.69623565673828
2014-12-22,90.81867980957031
2014-12-23,89.01734161376953
2014-12-24,89.5018081665039
2014-12-26,89.83403015136719
2014-12-29,90.50550079345703
2014-12-30,90.75106048583984
2014-12-31,90.92433166503906
2015-01-02,91.93523406982422
2015-01-05,93.37940216064453
2015-01-06,95.06182861328125
2015-01-07,94.87411499023438
2015-01-08,93.6176528930664
2015-01-09,94.64306640625
2015-01-12,95.18457794189453
2015-01-13,95.18457794189453
2015-01-14,95.90667724609375
2015-01-15,97.41586303710938
2015-01-16,96.173828125
2015-01-20,97.45196533203125
2015-01-21,96.32547760009766
2015-01-22,95.9788818359375
2015-01-23,97.31470489501953
2015-01-26,97.01864624023438
2015-01-27,97.17035675048828
2015-01-28,98.75889587402344
2015-01-29,98.10900115966797
2015-01-30,99.84919738769531
2015-02-02,99.4722671508789
2015-02-03,97.36680603027344
2015-02-04,97.53319549560547
2015-02-05,96.46236419677734
2015-02-06,94.75479125976562
2015-02-09,94.60282897949219
2015-02-10,93.850341796875
2015-02-11,94.02396392822266
2015-02-12,93.71286010742188
2015-02-13,92.7505874633789
2015-02-17,91.3541488647461
2015-02-18,91.89681243896484
2015-02-19,91.28904724121094
2015-02-20,91.55675506591797
2015-02-23,92.60591888427734
2015-02-24,93.82139587402344
2015-02-25,94.22659301757812
2015-02-26,92.93869018554688
2015-02-27,93.72010803222656
2015-03-02,91.97447204589844
2015-03-03,91.64096069335938
2015-03-04,91.66996765136719
2015-03-05,91.55400848388672
2015-03-06,89.53140258789062
2015-03-09,90.35777282714844
2015-03-10,91.54670715332031
2015-03-11,92.21366882324219
2015-03-12,92.1484375
2015-03-13,91.86568450927734
2015-03-16,92.75010681152344
2015-03-17,93.51853942871094
2015-03-18,95.32376098632812
2015-03-19,94.8379898071289
2015-03-20,95.33821105957031
2015-03-23,95.22224426269531
2015-03-24,96.1429443359375
2015-03-25,95.33097839355469
2015-03-26,93.84485626220703
2015-03-27,95.011962890625
2015-03-30,94.5407943725586
2015-03-31,94.7437515258789
2015-04-01,95.98821258544922
2015-04-02,94.97109985351562
2015-04-06,94.4407730102539
2015-04-07,95.23261260986328
2015-04-08,95.26171875
2015-04-09,94.0267105102539
2015-04-10,94.16476440429688
2015-04-13,94.29550170898438
2015-04-14,94.96385955810547
2015-04-15,94.88392639160156
2015-04-16,94.41173553466797
2015-04-17,95.49417877197266
2015-04-20,94.65142822265625
2015-04-21,94.22286987304688
2015-04-22,92.78443908691406
2015-04-23,93.18402099609375
2015-04-24,93.76522064208984
2015-04-27,93.76522064208984
2015-04-28,92.47209167480469
2015-04-29,91.33879089355469
2015-04-30,91.49858093261719
2015-05-01,90.26687622070312
2015-05-04,89.41519927978516
2015-05-05,89.29145812988281
2015-05-06,87.76273345947266
2015-05-07,88.94200897216797
2015-05-08,89.1822509765625
2015-05-11,87.01294708251953
2015-05-12,87.23863983154297
2015-05-13,86.5397720336914
2015-05-14,86.7726821899414
2015-05-15,88.51252746582031
2015-05-18,87.02749633789062
2015-05-19,86.25584411621094
2015-05-20,86.40145874023438
2015-05-21,87.60986328125
2015-05-22,87.646240234375
2015-05-26,89.1458511352539
2015-05-27,89.34968566894531
2015-05-28,89.13131713867188
2015-05-29,89.32782745361328
2015-06-01,88.3678207397461
2015-06-02,87.1348648071289
2015-06-03,85.73421478271484
2015-06-04,86.85038757324219
2015-06-05,85.79259490966797
2015-06-08,85.69774627685547
2015-06-09,85.0192642211914
2015-06-10,84.27510833740234
2015-06-11,86.04788970947266
2015-06-12,86.04788970947266
2015-06-15,86.18648529052734
2015-06-16,86.86499786376953
2015-06-17,86.19380187988281
2015-06-18,85.77069091796875
2015-06-19,86.87223052978516
2015-06-22,85.09950256347656
2015-06-23,84.5888442993164
2015-06-24,85.31836700439453
2015-06-25,85.0192642211914
2015-06-26,84.06356811523438
2015-06-29,86.28865814208984
2015-06-30,85.69042205810547
2015-07-01,84.53376770019531
2015-07-02,84.81159973144531
2015-07-06,86.383544921875
2015-07-07,87.19510650634766
2015-07-08,87.94819641113281
2015-07-09,86.21540069580078
2015-07-10,84.84815979003906
2015-07-13,84.58494567871094
2015-07-14,84.86274719238281
2015-07-15,85.76204681396484
2015-07-16,86.35430908203125
2015-07-17,86.80027770996094
2015-07-20,86.4347152709961
2015-07-21,86.90265655517578
2015-07-22,87.44368743896484
2015-07-23,88.53308868408203
2015-07-24,88.7524185180664
2015-07-27,89.22765350341797
2015-07-28,88.57695770263672
2015-07-29,88.24791717529297
2015-07-30,88.92787170410156
2015-07-31,89.58587646484375
2015-08-03,90.52896118164062
2015-08-04,89.81083679199219
2015-08-05,89.13673400878906
2015-08-06,89.9281005859375
2015-08-07,91.1077880859375
2015-08-10,89.9793701171875
2015-08-11,91.40819549560547
2015-08-12,90.90995788574219
2015-08-13,90.61688995361328
2015-08-14,90.82933807373047
2015-08-17,91.23966217041016
2015-08-18,90.5216064453125
2015-08-19,91.4155502319336
2015-08-20,92.3387680053711
2015-08-21,92.61726379394531
2015-08-24,92.58789825439453
2015-08-25,91.1004409790039
2015-08-26,89.3418960571289
2015-08-27,89.39317321777344
2015-08-28,89.6569595336914
2015-08-31,88.96826934814453
2015-09-01,89.60926818847656
2015-09-02,88.83824157714844
2015-09-03,89.27149200439453
2015-09-04,90.08658599853516
2015-09-08,88.75748443603516
2015-09-09,89.18328857421875
2015-09-10,88.58124542236328
2015-09-11,89.1393051147461
2015-09-14,89.27885437011719
2015-09-15,87.5678482055664
2015-09-16,87.2374267578125
2015-09-17,88.30220794677734
2015-09-18,89.66069793701172
2015-09-21,88.19939422607422
2015-09-22,89.42571258544922
2015-09-23,89.41834259033203
2015-09-24,90.02783203125
2015-09-25,89.24945068359375
2015-09-28,90.77685546875
2015-09-29,91.03385162353516
2015-09-30,90.71809387207031
2015-10-01,91.1051254272461
2015-10-02,91.65703582763672
2015-10-05,90.4134521484375
2015-10-06,90.803466796875
2015-10-07,90.5017318725586
2015-10-08,89.74382781982422
2015-10-09,89.97936248779297
2015-10-12,90.66366577148438
2015-10-13,90.81816101074219
2015-10-14,91.6128921508789
2015-10-15,91.16401672363281
2015-10-16,91.19345092773438
2015-10-19,90.94327545166016
2015-10-20,90.38402557373047
2015-10-21,91.28173065185547
2015-10-22,91.4362564086914
2015-10-23,90.65628814697266
2015-10-26,91.25967407226562
2015-10-27,91.48779296875
2015-10-28,91.119873046875
2015-10-29,89.67027282714844
2015-10-30,90.3471908569336
2015-11-02,89.93201446533203
2015-11-03,89.19461822509766
2015-11-04,89.29786682128906
2015-11-05,89.06185913085938
2015-11-06,87.75657653808594
2015-11-09,87.26249694824219
2015-11-10,87.52057647705078
2015-11-11,87.33624267578125
2015-11-12,87.75657653808594
2015-11-13,88.25799560546875
2015-11-16,88.1769027709961
2015-11-17,88.32440185546875
2015-11-18,88.50878143310547
2015-11-19,89.0987319946289
2015-11-20,88.82585906982422
2015-11-23,89.0987319946289
2015-11-24,89.0913314819336
2015-11-25,89.29786682128906
2015-11-27,89.20931243896484
2015-11-30,89.56328582763672
2015-12-01,90.7730712890625
2015-12-02,90.80257415771484
2015-12-03,88.3343734741211
2015-12-04,89.11030578613281
2015-12-07,89.9749526977539
2015-12-08,90.019287109375
2015-12-09,89.92327117919922
2015-12-10,90.04147338867188
2015-12-11,91.46035766601562
2015-12-14,90.27794647216797
2015-12-15,89.745849609375
2015-12-16,89.55369567871094
2015-12-17,90.56616973876953
2015-12-18,91.0687255859375
2015-12-21,91.04656219482422
2015-12-22,90.38880157470703
2015-12-23,89.7088851928711
2015-12-24,90.22283172607422
2015-12-28,90.4894790649414
2015-12-29,88.98611450195312
2015-12-30,88.89729309082031
2015-12-31,89.29719543457031
2016-01-04,89.94142150878906
2016-01-05,89.57856750488281
2016-01-06,90.78565979003906
2016-01-07,90.9485855102539
2016-01-08,91.35594177246094
2016-01-11,90.35617065429688
2016-01-12,91.65956115722656
2016-01-13,92.56301879882812
2016-01-14,91.69656372070312
2016-01-15,93.12583923339844
2016-01-19,92.8370361328125
2016-01-20,93.81459045410156
2016-01-21,93.17770385742188
2016-01-22,92.82225799560547
2016-01-25,93.3258285522461
2016-01-26,93.37026977539062
2016-01-27,93.3480453491211
2016-01-28,93.48130798339844
2016-01-29,94.27375030517578
2016-02-01,93.98509979248047
2016-02-02,95.72875213623047
2016-02-03,94.93482971191406
2016-02-04,95.3948745727539
2016-02-05,95.50617218017578
2016-02-08,97.56137084960938
2016-02-09,97.66526794433594
2016-02-10,98.52591705322266
2016-02-11,99.21595001220703
2016-02-12,97.56881713867188
2016-02-16,96.53750610351562
2016-02-17,95.94395446777344
2016-02-18,97.1236343383789
2016-02-19,97.20523071289062
2016-02-22,97.15330505371094
2016-02-23,97.54654693603516
2016-02-24,97.35363006591797
2016-02-25,97.70236206054688
2016-02-26,96.76011657714844
2016-02-29,97.1829833984375
2016-03-01,95.47172546386719
2016-03-02,95.86576080322266
2016-03-03,96.2151107788086
2016-03-04,95.59809875488281
2016-03-07,95.56839752197266
2016-03-08,96.62400817871094
2016-03-09,96.03672790527344
2016-03-10,95.64271545410156
2016-03-11,94.67633056640625
2016-03-14,94.97368621826172
2016-03-15,95.06287384033203
2016-03-16,95.34534454345703
2016-03-17,95.73938751220703
2016-03-18,95.94004821777344
2016-03-21,95.20417022705078
2016-03-22,95.18185424804688
2016-03-23,96.25971984863281
2016-03-24,96.2968978881836
2016-03-28,96.42325592041016
2016-03-29,97.43425750732422
2016-03-30,96.40843200683594
2016-03-31,97.09232330322266
2016-04-01,97.34558868408203
2016-04-04,97.40520477294922
2016-04-05,98.47042846679688
2016-04-06,97.75525665283203
2016-04-07,98.96204376220703
2016-04-08,98.3362808227539
2016-04-11,98.20968627929688
2016-04-12,97.53180694580078
2016-04-13,97.87448120117188
2016-04-14,97.40520477294922
2016-04-15,98.23946380615234
2016-04-18,97.81486511230469
2016-04-19,97.50947570800781
2016-04-20,96.4367904663086
2016-04-21,95.86318969726562
2016-04-22,95.61737060546875
2016-04-25,95.22257995605469
2016-04-26,94.79058837890625
2016-04-27,95.73657989501953
2016-04-28,96.13136291503906
2016-04-29,96.37718200683594
2016-05-02,95.40681457519531
2016-05-03,96.60858154296875
2016-05-04,97.13851928710938
2016-05-05,97.78792572021484
2016-05-06,97.36996459960938
2016-05-09,97.67594146728516
2016-05-10,97.68340301513672
2016-05-11,98.23575592041016
2016-05-12,97.78792572021484
2016-05-13,98.73587036132812
2016-05-16,97.88492584228516
2016-05-17,98.04916381835938
2016-05-18,96.65337371826172
2016-05-19,97.07133483886719
2016-05-20,97.14599609375
2016-05-23,97.36241912841797
2016-05-24,96.92955017089844
2016-05-25,96.56377410888672
2016-05-26,97.06388854980469
2016-05-27,96.92205810546875
2016-05-31,97.15345001220703
2016-06-01,97.54763793945312
2016-06-02,98.25065612792969
2016-06-03,99.64933013916016
2016-06-06,98.90889739990234
2016-06-07,99.14822387695312
2016-06-08,99.6793441772461
2016-06-09,100.32247161865234
2016-06-10,100.80863189697266
2016-06-13,101.25743865966797
2016-06-14,101.18270874023438
2016-06-15,101.57159423828125
2016-06-16,102.06526184082031
2016-06-17,101.42948913574219
2016-06-20,100.34490966796875
2016-06-21,99.8812026977539
2016-06-22,100.04576873779297
2016-06-23,98.90141296386719
2016-06-24,101.556640625
2016-06-27,104.09220123291016
2016-06-28,104.30912780761719
2016-06-29,103.50875854492188
2016-06-30,103.89025115966797
2016-07-01,105.33268737792969
2016-07-05,106.65153503417969
2016-07-06,106.82379150390625
2016-07-07,106.81636810302734
2016-07-08,107.60315704345703
2016-07-11,106.65898895263672
2016-07-12,104.90555572509766
2016-07-13,106.14196014404297
2016-07-14,104.59832000732422
2016-07-15,103.69913482666016
2016-07-18,103.60176086425781
2016-07-19,104.18622589111328
2016-07-20,103.61673736572266
2016-07-21,103.82656860351562
2016-07-22,104.0063705444336
2016-07-25,103.93144989013672
2016-07-26,104.09632110595703
2016-07-27,105.3926010131836
2016-07-28,105.19783782958984
2016-07-29,106.07447814941406
2016-08-01,104.92445373535156
2016-08-02,103.84344482421875
2016-08-03,103.90350341796875
2016-08-04,104.6842269897461
2016-08-05,103.59571075439453
2016-08-08,103.79087829589844
2016-08-09,104.81185150146484
2016-08-10,105.21720123291016
2016-08-11,104.27880859375
2016-08-12,105.15715026855469
2016-08-15,104.1662826538086
2016-08-16,103.88849639892578
2016-08-17,104.51158142089844
2016-08-18,104.67675018310547
2016-08-19,104.12874603271484
2016-08-22,105.00701904296875
2016-08-23,105.11968231201172
2016-08-24,104.8719253540039
2016-08-25,104.47402954101562
2016-08-26,103.86598205566406
2016-08-29,105.25475311279297
2016-08-30,104.84939575195312
2016-08-31,104.99951934814453
2016-09-01,105.11534118652344
2016-09-02,104.25802612304688
2016-09-06,105.01753997802734
2016-09-07,104.94239044189453
2016-09-08,103.6262435913086
2016-09-09,101.91912078857422
2016-09-12,101.97175598144531
2016-09-13,100.8135986328125
2016-09-14,100.9640121459961
2016-09-15,100.52778625488281
2016-09-16,101.33998107910156
2016-09-19,101.00911712646484
2016-09-20,101.3625259399414
2016-09-21,102.18228912353516
2016-09-22,102.99452209472656
2016-09-23,102.89684295654297
2016-09-26,103.55106353759766
2016-09-27,104.31060791015625
2016-09-28,104.08497619628906
2016-09-29,104.34823608398438
2016-09-30,103.41570281982422
2016-10-03,103.07437896728516
2016-10-04,101.86890411376953
2016-10-05,101.394287109375
2016-10-06,100.82920837402344
2016-10-07,100.89704132080078
2016-10-10,100.30184173583984
2016-10-11,100.0758056640625
2016-10-12,100.17379760742188
2016-10-13,100.55043029785156
2016-10-14,99.14155578613281
2016-10-17,99.77445220947266
2016-10-18,100.09845733642578
2016-10-19,100.1812744140625
2016-10-20,100.28680419921875
2016-10-21,100.43749237060547
2016-10-24,100.00044250488281
2016-10-25,100.26419830322266
2016-10-26,99.5860824584961
2016-10-27,98.50119018554688
2016-10-28,98.28267669677734
2016-10-31,98.88545227050781
2016-11-01,98.89295959472656
2016-11-02,99.32323455810547
2016-11-03,98.56083679199219
2016-11-04,99.44402313232422
2016-11-07,98.59857177734375
2016-11-08,98.198486328125
2016-11-09,94.0317153930664
2016-11-10,92.642822265625
2016-11-11,92.12194061279297
2016-11-14,91.5709228515625
2016-11-15,92.02384948730469
2016-11-16,92.85420227050781
2016-11-17,91.48786926269531
2016-11-18,91.22374725341797
2016-11-21,91.45014953613281
2016-11-22,91.42000579833984
2016-11-23,91.06515502929688
2016-11-25,91.20104217529297
2016-11-28,91.87285614013672
2016-11-29,92.2578353881836
2016-11-30,90.76322937011719
2016-12-01,89.80488586425781
2016-12-02,90.46295928955078
2016-12-05,90.3646469116211
2016-12-06,90.2966079711914
2016-12-07,91.06806945800781
2016-12-08,89.9940185546875
2016-12-09,88.87455749511719
2016-12-12,89.04096984863281
2016-12-13,89.35865783691406
2016-12-14,88.36019897460938
2016-12-15,88.8065185546875
2016-12-16,88.60224914550781
2016-12-19,89.55535125732422
2016-12-20,89.1090316772461
2016-12-21,89.5023422241211
2016-12-22,89.34232330322266
2016-12-23,89.52433776855469
2016-12-27,89.23619079589844
2016-12-28,89.8883285522461
2016-12-29,90.20685577392578
2016-12-30,90.34331512451172
2017-01-03,90.7301025390625
2017-01-04,91.07894897460938
2017-01-05,92.50470733642578
2017-01-06,91.6553726196289
2017-01-09,92.39092254638672
2017-01-10,92.33032989501953
2017-01-11,92.64119720458984
2017-01-12,92.43645477294922
2017-01-13,91.99659729003906
2017-01-17,92.95967864990234
2017-01-18,91.76910400390625
2017-01-19,91.13966369628906
2017-01-20,90.95762634277344
2017-01-23,91.86766815185547
2017-01-24,91.23822021484375
2017-01-25,90.09309387207031
2017-01-26,90.39646911621094
2017-01-27,90.72254943847656
2017-01-30,90.4495620727539
2017-01-31,91.07894897460938
2017-02-01,90.51583862304688
2017-02-02,90.47782135009766
2017-02-03,90.43982696533203
2017-02-06,90.98703002929688
2017-02-07,91.65579223632812
2017-02-08,92.90223693847656
2017-02-09,91.83063507080078
2017-02-10,91.77738189697266
2017-02-13,91.48863983154297
2017-02-14,90.82746887207031
2017-02-15,90.40941619873047
2017-02-16,90.90341186523438
2017-02-17,91.44303131103516
2017-02-21,91.28341674804688
2017-02-22,91.43539428710938
2017-02-23,91.70902252197266
2017-02-24,92.72740173339844
2017-02-27,92.18025970458984
2017-02-28,92.5222396850586
2017-03-01,90.97190856933594
2017-03-02,90.64448547363281
2017-03-03,90.8804931640625
2017-03-06,90.44644927978516
2017-03-07,90.17234802246094
2017-03-08,89.68500518798828
2017-03-09,88.96927642822266
2017-03-10,89.28143310546875
2017-03-13,88.71794891357422
2017-03-14,89.1444091796875
2017-03-15,90.23326110839844
2017-03-16,89.77639770507812
2017-03-17,90.33988952636719
2017-03-20,90.7282485961914
2017-03-21,91.4820556640625
2017-03-22,91.84756469726562
2017-03-23,91.71810913085938
2017-03-24,92.04556274414062
2017-03-27,92.4643325805664
2017-03-28,91.84756469726562
2017-03-29,92.39579010009766
2017-03-30,91.64958190917969
2017-03-31,91.91608428955078
2017-04-03,92.84325408935547
2017-04-04,92.33961486816406
2017-04-05,92.62196350097656
2017-04-06,92.48453521728516
2017-04-07,92.11068725585938
2017-04-10,92.53797912597656
2017-04-11,93.41555786132812
2017-04-12,93.92677307128906
2017-04-13,94.21673583984375
2017-04-17,93.92677307128906
2017-04-18,95.15534973144531
2017-04-19,94.63642120361328
2017-04-20,94.2701644897461
2017-04-21,94.2701644897461
2017-04-24,93.80472564697266
2017-04-25,92.67534637451172
2017-04-26,93.1866226196289
2017-04-27,93.15608215332031
2017-04-28,93.36209106445312
2017-05-01,92.58599853515625
2017-05-02,93.06005859375
2017-05-03,93.12126159667969
2017-05-04,92.66244506835938
2017-05-05,92.74658966064453
2017-05-08,92.24185180664062
2017-05-09,92.2342529296875
2017-05-10,92.12715911865234
2017-05-11,92.12715911865234
2017-05-12,92.82303619384766
2017-05-15,92.57071685791016
2017-05-16,92.91481018066406
2017-05-17,94.26824951171875
2017-05-18,94.37530517578125
2017-05-19,94.5970458984375
2017-05-22,94.33705139160156
2017-05-23,93.7024154663086
2017-05-24,94.23004150390625
2017-05-25,94.26061248779297
2017-05-26,94.42121887207031
2017-05-30,94.88765716552734
2017-05-31,95.12468719482422
2017-06-01,95.13465881347656
2017-06-02,96.26109313964844
2017-06-05,95.66339111328125
2017-06-06,96.1844711303711
2017-06-07,95.72470092773438
2017-06-08,95.47178649902344
2017-06-09,95.32618713378906
2017-06-12,95.29556274414062
2017-06-13,95.31089782714844
2017-06-14,96.78219604492188
2017-06-15,96.62893676757812
2017-06-16,96.82050323486328
2017-06-19,96.68256378173828
2017-06-20,97.54842376708984
2017-06-21,97.74771118164062
2017-06-22,97.96224212646484
2017-06-23,97.91626739501953
2017-06-26,98.28408813476562
2017-06-27,97.23426055908203
2017-06-28,96.9124526977539
2017-06-29,96.10016632080078
2017-06-30,95.8779296875
2017-07-03,95.56922149658203
2017-07-05,95.59230041503906
2017-07-06,94.80137634277344
2017-07-07,94.23313903808594
2017-07-10,94.37136840820312
2017-07-11,94.53262329101562
2017-07-12,95.18534088134766
2017-07-13,94.58635711669922
2017-07-14,94.7015609741211
2017-07-17,94.962646484375
2017-07-18,95.79191589355469
2017-07-19,95.83035278320312
2017-07-20,96.10677337646484
2017-07-21,96.51374053955078
2017-07-24,96.13748168945312
2017-07-25,94.88583374023438
2017-07-26,95.03944396972656
2017-07-27,94.57103729248047
2017-07-28,95.13158416748047
2017-07-31,95.24676513671875
2017-08-01,95.91546630859375
2017-08-02,95.96932983398438
2017-08-03,96.9620590209961
2017-08-04,96.13865661621094
2017-08-07,96.246337890625
2017-08-08,95.90008544921875
2017-08-09,96.42337036132812
2017-08-10,97.2468032836914
2017-08-11,97.29298400878906
2017-08-14,96.792724609375
2017-08-15,96.38488006591797
2017-08-16,96.73888397216797
2017-08-17,97.4622573852539
2017-08-18,97.43920135498047
2017-08-21,97.67777252197266
2017-08-22,97.30066680908203
2017-08-23,97.96248626708984
2017-08-24,97.60073852539062
2017-08-25,97.97785949707031
2017-08-28,97.91630554199219
2017-08-29,98.23180389404297
2017-08-30,98.2010269165039
2017-08-31,98.49346160888672
2017-09-01,97.74002838134766
2017-09-05,99.29002380371094
2017-09-06,98.68081665039062
2017-09-07,99.6910171508789
2017-09-08,99.47508239746094
2017-09-11,98.28755950927734
2017-09-12,97.77092742919922
2017-09-13,97.38533782958984
2017-09-14,97.78632354736328
2017-09-15,97.82485961914062
2017-09-18,97.26197814941406
2017-09-19,97.0229263305664
2017-09-20,97.0923080444336
2017-09-21,97.03833770751953
2017-09-22,97.31597137451172
2017-09-25,97.9251480102539
2017-09-26,97.74778747558594
2017-09-27,96.2749252319336
2017-09-28,95.98961639404297
2017-09-29,96.20549774169922
2017-10-02,96.02934265136719
2017-10-03,96.12205505371094
2017-10-04,96.12979888916016
2017-10-05,95.76663970947266
2017-10-06,95.49617767333984
2017-10-09,95.79755401611328
2017-10-10,95.95206451416016
2017-10-11,96.13750457763672
2017-10-12,96.54707336425781
2017-10-13,97.2424545288086
2017-10-16,97.17290496826172
2017-10-17,97.29655456542969
2017-10-18,96.65521240234375
2017-10-19,96.8252182006836
2017-10-20,95.79755401611328
2017-10-23,95.96751403808594
2017-10-24,95.37255859375
2017-10-25,94.91667938232422
2017-10-26,94.59991455078125
2017-10-27,95.22573852539062
2017-10-30,96.13750457763672
2017-10-31,96.1684341430664
2017-11-01,96.59661102294922
2017-11-02,97.02252960205078
2017-11-03,97.28578186035156
2017-11-06,97.6496810913086
2017-11-07,98.06011962890625
2017-11-08,97.84329986572266
2017-11-09,97.56454467773438
2017-11-10,96.09333038330078
2017-11-13,96.29462432861328
2017-11-14,96.94503784179688
2017-11-15,97.99815368652344
2017-11-16,97.14636993408203
2017-11-17,97.86653900146484
2017-11-20,97.82780456542969
2017-11-21,98.13749694824219
2017-11-22,98.45503234863281
2017-11-24,98.18400573730469
2017-11-27,98.04463195800781
2017-11-28,98.17626190185547
2017-11-29,97.20833587646484
2017-11-30,96.88316345214844
2017-12-01,98.19051361083984
2017-12-04,98.23704528808594
2017-12-05,98.72590637207031
2017-12-06,99.0672836303711
2017-12-07,98.29139709472656
2017-12-08,98.29914855957031
2017-12-11,98.09739685058594
2017-12-12,98.0586166381836
2017-12-13,98.79576110839844
2017-12-14,99.21470642089844
2017-12-15,99.58716583251953
2017-12-18,98.67935180664062
2017-12-19,97.39908599853516
2017-12-20,96.32057189941406
2017-12-21,96.88196563720703
2017-12-22,97.01416015625
2017-12-26,97.30187225341797
2017-12-27,98.56927490234375
2017-12-28,98.48373413085938
2017-12-29,98.63921356201172
2018-01-02,97.5739974975586
2018-01-03,98.04055786132812
2018-01-04,98.02498626708984
2018-01-05,97.74507141113281
2018-01-08,97.6828384399414
2018-01-09,96.3765869140625
2018-01-10,96.25999450683594
2018-01-11,96.65646362304688
2018-01-12,96.8198013305664
2018-01-16,97.22415924072266
2018-01-17,97.09188842773438
2018-01-18,96.18997192382812
2018-01-19,95.68456268310547
2018-01-22,95.77790069580078
2018-01-23,96.18997192382812
2018-01-24,95.66901397705078
2018-01-25,96.45433044433594
2018-01-26,96.09669494628906
2018-01-29,95.42798614501953
2018-01-30,94.86813354492188
2018-01-31,95.42798614501953
2018-02-01,94.04496765136719
2018-02-02,93.17230987548828
2018-02-05,94.05278015136719
2018-02-06,93.46839904785156
2018-02-07,92.58012390136719
2018-02-08,92.47883605957031
2018-02-09,91.89446258544922
2018-02-12,92.29963684082031
2018-02-13,92.71261596679688
2018-02-14,91.6841049194336
2018-02-15,91.99574279785156
2018-02-16,92.4944076538086
2018-02-20,92.0892562866211
2018-02-21,90.95950317382812
2018-02-22,91.2322006225586
2018-02-23,92.04251098632812
2018-02-26,92.0737075805664
2018-02-27,91.94122314453125
2018-02-28,92.525634765625
2018-03-01,93.15721893310547
2018-03-02,92.3998794555664
2018-03-05,92.15005493164062
2018-03-06,92.23595428466797
2018-03-07,92.13440704345703
2018-03-08,92.6654052734375
2018-03-09,92.056396484375
2018-03-12,92.5873031616211
2018-03-13,93.05570220947266
2018-03-14,93.8754653930664
2018-03-15,93.8754653930664
2018-03-16,93.53982543945312
2018-03-19,93.24308776855469
2018-03-20,92.86834716796875
2018-03-21,92.96986389160156
2018-03-22,93.89111328125
2018-03-23,93.82081604003906
2018-03-26,93.46170043945312
2018-03-27,94.4610366821289
2018-03-28,94.71088409423828
2018-03-29,95.17151641845703
2018-04-02,95.35929870605469
2018-04-03,94.62382507324219
2018-04-04,94.42823028564453
2018-04-05,93.72407531738281
2018-04-06,94.74900817871094
2018-04-09,94.90547180175781
2018-04-10,94.73335266113281
2018-04-11,95.06978607177734
2018-04-12,94.37345886230469
2018-04-13,94.59252166748047
2018-04-16,94.62382507324219
2018-04-17,94.88203430175781
2018-04-18,94.1230697631836
2018-04-19,93.35630798339844
2018-04-20,92.6834487915039
2018-04-23,92.7069320678711
2018-04-24,92.28446197509766
2018-04-25,91.66633605957031
2018-04-26,92.30789947509766
2018-04-27,93.01988220214844
2018-04-30,93.18421936035156
2018-05-01,92.84859466552734
2018-05-02,92.74665832519531
2018-05-03,93.16224670410156
2018-05-04,93.30338287353516
2018-05-07,93.15442657470703
2018-05-08,93.06816101074219
2018-05-09,92.51142120361328
2018-05-10,93.25635528564453
2018-05-11,93.4915771484375
2018-05-14,92.99755096435547
2018-05-15,91.93902587890625
2018-05-16,91.58613586425781
2018-05-17,91.1235122680664
2018-05-18,91.90765380859375
2018-05-21,91.95470428466797
2018-05-22,91.81356811523438
2018-05-23,92.48008728027344
2018-05-24,93.2171630859375
2018-05-25,93.79740905761719
2018-05-29,95.85182189941406
2018-05-30,95.20880889892578
2018-05-31,95.0519790649414
2018-06-01,94.54976654052734
2018-06-04,93.86602783203125
2018-06-05,94.0860595703125
2018-06-06,93.32369232177734
2018-06-07,94.2275619506836
2018-06-08,93.94457244873047
2018-06-11,93.77169036865234
2018-06-12,93.79524230957031
2018-06-13,93.74808502197266
2018-06-14,94.5261459350586
2018-06-15,94.61267852783203
2018-06-18,94.5261459350586
2018-06-19,95.07640075683594
2018-06-20,94.24327087402344
2018-06-21,94.73838806152344
2018-06-22,94.73058319091797
2018-06-25,94.94273376464844
2018-06-26,95.07640075683594
2018-06-27,95.97232055664062
2018-06-28,95.99591827392578
2018-06-29,95.66577911376953
2018-07-02,95.59097290039062
2018-07-03,96.10301208496094
2018-07-05,96.37871551513672
2018-07-06,96.69378662109375
2018-07-09,96.07151794433594
2018-07-10,96.06360626220703
2018-07-11,96.43385314941406
2018-07-12,96.42594909667969
2018-07-13,96.67020416259766
2018-07-16,96.2684326171875
2018-07-17,96.08722686767578
2018-07-18,95.70126342773438
2018-07-19,96.30780029296875
2018-07-20,95.12623596191406
2018-07-23,93.9524917602539
2018-07-24,94.27549743652344
2018-07-25,94.12582397460938
2018-07-26,93.94461822509766
2018-07-27,94.1021728515625
2018-07-30,93.7791976928711
2018-07-31,94.29125213623047
2018-08-01,93.5230484008789
2018-08-02,93.65727233886719
2018-08-03,94.1230697631836
2018-08-06,94.17831420898438
2018-08-07,93.6888427734375
2018-08-08,93.78359985351562
2018-08-09,94.57311248779297
2018-08-10,95.25993347167969
2018-08-13,95.06254577636719
2018-08-14,94.8493881225586
2018-08-15,95.40204620361328
2018-08-16,95.39417266845703
2018-08-17,95.5125732421875
2018-08-20,96.15203857421875
2018-08-21,95.82838439941406
2018-08-22,96.20732116699219
2018-08-23,96.35736846923828
2018-08-24,96.54679870605469
2018-08-27,95.99417877197266
2018-08-28,95.41781616210938
2018-08-29,95.54415893554688
2018-08-30,95.74942016601562
2018-08-31,95.52835083007812
2018-09-04,94.97605895996094
2018-09-05,94.72283172607422
2018-09-06,95.0710220336914
2018-09-07,94.263916015625
2018-09-10,94.61205291748047
2018-09-11,93.89204406738281
2018-09-12,94.11360168457031
2018-09-13,94.25604248046875
2018-09-14,93.80500793457031
2018-09-17,93.80500793457031
2018-09-18,92.82377624511719
2018-09-19,92.26993560791016
2018-09-20,92.69721221923828
2018-09-21,92.65763854980469
2018-09-24,92.42024230957031
2018-09-25,92.32528686523438
2018-09-26,92.97413635253906
2018-09-27,93.03743743896484
2018-09-28,92.79215240478516
2018-10-01,92.1109390258789
2018-10-02,92.67401885986328
2018-10-03,91.06411743164062
2018-10-04,90.42180633544922
2018-10-05,89.64461517333984
2018-10-08,89.34325408935547
2018-10-09,90.24730682373047
2018-10-10,90.00146484375
2018-10-11,91.09586334228516
2018-10-12,90.77863311767578
2018-10-15,90.73896026611328
2018-10-16,90.94519805908203
2018-10-17,90.40592193603516
2018-10-18,90.37418365478516
2018-10-19,90.17588806152344
2018-10-22,90.05693817138672
2018-10-23,90.34249114990234
2018-10-24,91.02445983886719
2018-10-25,90.6438217163086
2018-10-26,91.19103240966797
2018-10-29,90.98482513427734
2018-10-30,90.53280639648438
2018-10-31,90.07286834716797
2018-11-01,90.1563491821289
2018-11-02,89.03540802001953
2018-11-05,89.38521575927734
2018-11-06,89.32954406738281
2018-11-07,89.44880676269531
2018-11-08,89.44085693359375
2018-11-09,90.1086196899414
2018-11-12,90.69691467285156
2018-11-13,90.64124298095703
2018-11-14,90.69691467285156
2018-11-15,90.65711212158203
2018-11-16,91.18179321289062
2018-11-19,91.43619537353516
2018-11-20,91.46797180175781
2018-11-21,91.43619537353516
2018-11-23,91.53156280517578
2018-11-26,91.32490539550781
2018-11-27,91.4282455444336
2018-11-28,90.98304748535156
2018-11-29,91.3407974243164
2018-11-30,91.68263244628906
2018-12-03,92.33363342285156
2018-12-04,93.87940216064453
2018-12-06,94.17427825927734
2018-12-07,94.34951782226562
2018-12-10,94.73992919921875
2018-12-11,94.72404479980469
2018-12-12,94.3017349243164
2018-12-13,94.07862854003906
2018-12-14,94.4052963256836
2018-12-17,94.9551010131836
2018-12-18,95.5237808227539
2018-12-19,96.78573608398438
2018-12-20,96.43427276611328
2018-12-21,96.4183349609375
2018-12-24,96.89752197265625
2018-12-26,95.85920715332031
2018-12-27,95.87516021728516
2018-12-28,96.6819076538086
2018-12-31,97.04927825927734
2019-01-02,97.56047821044922
2019-01-03,98.67064666748047
2019-01-04,97.52851104736328
2019-01-07,97.2409439086914
2019-01-08,96.98536682128906
2019-01-09,96.83367156982422
2019-01-10,96.21067810058594
2019-01-11,96.58602905273438
2019-01-14,96.22660827636719
2019-01-15,95.87516021728516
2019-01-16,95.97105407714844
2019-01-17,95.99502563476562
2019-01-18,95.49181365966797
2019-01-22,96.1387710571289
2019-01-23,96.09883117675781
2019-01-24,96.72979736328125
2019-01-25,96.26656341552734
2019-01-28,96.17071533203125
2019-01-29,96.65792083740234
2019-01-30,96.58602905273438
2019-01-31,97.41668701171875
2019-02-01,96.82833862304688
2019-02-04,96.39602661132812
2019-02-05,96.8363265991211
2019-02-06,96.88433074951172
2019-02-07,97.52474975585938
2019-02-08,97.94103240966797
2019-02-11,97.55677795410156
2019-02-12,97.30860900878906
2019-02-13,96.94035339355469
2019-02-14,97.49273681640625
2019-02-15,97.64481353759766
2019-02-19,97.89295196533203
2019-02-20,97.61280059814453
2019-02-21,96.74029541015625
2019-02-22,97.31661987304688
2019-02-25,97.02845764160156
2019-02-26,97.5087661743164
2019-02-27,96.40406036376953
2019-02-28,96.07584381103516
2019-03-01,95.18782043457031
2019-03-04,95.93385314941406
2019-03-05,96.13443756103516
2019-03-06,96.48735809326172
2019-03-07,97.11309051513672
2019-03-08,97.52217864990234
2019-03-11,97.23340606689453
2019-03-12,97.91527557373047
2019-03-13,97.73076629638672
2019-03-14,97.02483367919922
2019-03-15,97.66658782958984
2019-03-18,97.61042785644531
2019-03-19,97.39387512207031
2019-03-20,98.41258239746094
2019-03-21,98.62922668457031
2019-03-22,100.16140747070312
2019-03-25,100.32183074951172
2019-03-26,100.24964904785156
2019-03-27,101.17217254638672
2019-03-28,101.52511596679688
2019-03-29,101.42882537841797
2019-04-01,99.98812866210938
2019-04-02,100.1730728149414
2019-04-03,99.3047866821289
2019-04-04,99.58621978759766
2019-04-05,99.71484375
2019-04-08,99.361083984375
2019-04-09,99.6746597290039
2019-04-10,99.91583251953125
2019-04-11,99.32892608642578
2019-04-12,98.62140655517578
2019-04-15,98.87066650390625
2019-04-16,98.25162506103516
2019-04-17,98.29180908203125
2019-04-18,98.80638122558594
2019-04-22,98.33198547363281
2019-04-23,98.54105377197266
2019-04-24,99.34503173828125
2019-04-25,99.20027923583984
2019-04-26,99.5379638671875
2019-04-29,98.9028091430664
2019-04-30,99.40933990478516
2019-05-01,99.81938171386719
2019-05-02,99.34404754638672
2019-05-03,99.62604522705078
2019-05-06,99.89997100830078
2019-05-07,100.66532135009766
2019-05-08,100.2303237915039
2019-05-09,100.64112091064453
2019-05-10,100.50418853759766
2019-05-13,101.29373931884766
2019-05-14,100.99564361572266
2019-05-15,101.615966796875
2019-05-16,101.27764129638672
2019-05-17,101.50320434570312
2019-05-20,101.29373931884766
2019-05-21,101.13259887695312
2019-05-22,101.71263885498047
2019-05-23,102.85669708251953
2019-05-24,102.9453353881836
2019-05-28,103.6865005493164
2019-05-29,104.00067901611328
2019-05-30,104.89495849609375
2019-05-31,106.20814514160156
2019-06-03,106.9186019897461
2019-06-04,105.69953918457031
2019-06-05,105.10218048095703
2019-06-06,105.44123840332031
2019-06-07,106.35346221923828
2019-06-10,105.35240173339844
2019-06-11,105.41697692871094
2019-06-12,105.49771881103516
2019-06-13,105.86102294921875
2019-06-14,106.12743377685547
2019-06-17,106.31312561035156
2019-06-18,106.84590911865234
2019-06-19,106.9992904663086
2019-06-20,107.28186798095703
2019-06-21,106.10321044921875
2019-06-24,106.8943862915039
2019-06-25,107.22533416748047
2019-06-26,106.53913879394531
2019-06-27,107.28995513916016
2019-06-28,107.21726989746094
2019-07-01,106.966552734375
2019-07-02,107.79158782958984
2019-07-03,108.56002044677734
2019-07-05,107.12022399902344
2019-07-08,107.26581573486328
2019-07-09,107.22534942626953
2019-07-10,106.63487243652344
2019-07-11,105.21126556396484
2019-07-12,105.33256530761719
2019-07-15,105.9392318725586
2019-07-16,105.62377166748047
2019-07-17,106.76432800292969
2019-07-18,106.77241516113281
2019-07-19,106.52166748046875
2019-07-22,106.72386169433594
2019-07-23,106.1414794921875
2019-07-24,106.60253143310547
2019-07-25,106.0929183959961
2019-07-26,106.34365844726562
2019-07-29,106.3759765625
2019-07-30,106.63487243652344
2019-07-31,107.4922866821289
2019-08-01,109.62711334228516
2019-08-02,110.64021301269531
2019-08-05,112.55303955078125
2019-08-06,113.45269012451172
2019-08-07,113.49317932128906
2019-08-08,113.736328125
2019-08-09,113.50936889648438
2019-08-12,115.87602996826172
2019-08-13,115.4788818359375
2019-08-14,118.08060455322266
2019-08-15,119.39354705810547
2019-08-16,118.43717956542969
2019-08-19,116.74327850341797
2019-08-20,117.95088195800781
2019-08-21,117.16471099853516
2019-08-22,116.38667297363281
2019-08-23,118.29937744140625
2019-08-26,117.82119750976562
2019-08-27,119.63667297363281
2019-08-28,119.7906723022461
2019-08-29,119.33679962158203
2019-08-30,119.36922454833984
2019-09-03,119.52351379394531
2019-09-04,119.70214080810547
2019-09-05,117.5342788696289
2019-09-06,118.37055206298828
2019-09-09,116.26766967773438
2019-09-10,114.2297592163086
2019-09-11,114.02677154541016
2019-09-12,113.27978515625
2019-09-13,110.86028289794922
2019-09-16,112.27297973632812
2019-09-17,112.88201141357422
2019-09-18,113.36103820800781
2019-09-19,113.7020034790039
2019-09-20,115.20407104492188
2019-09-23,115.17969512939453
2019-09-24,116.568115234375
2019-09-25,114.86307525634766
2019-09-26,115.60187530517578
2019-09-27,115.88610076904297
2019-09-30,116.1702651977539
2019-10-01,116.51997375488281
2019-10-02,116.80455780029297
2019-10-03,117.87010955810547
2019-10-04,118.7404556274414
2019-10-07,117.75630950927734
2019-10-08,118.07347869873047
2019-10-09,117.40657806396484
2019-10-10,115.65782928466797
2019-10-11,114.2263412475586
2019-10-14,115.05598449707031
2019-10-15,113.6651382446289
2019-10-16,113.80337524414062
2019-10-17,113.52690124511719
2019-10-18,113.52690124511719
2019-10-21,112.6728744506836
2019-10-22,113.3316650390625
2019-10-23,113.44551849365234
2019-10-24,113.21782684326172
2019-10-25,112.66471862792969
2019-10-28,111.63993072509766
2019-10-29,111.71308898925781
2019-10-30,113.34794616699219
2019-10-31,114.87706756591797
2019-11-01,114.52339935302734
2019-11-04,113.01610565185547
2019-11-05,111.74506378173828
2019-11-06,112.42134857177734
2019-11-07,110.38440704345703
2019-11-08,109.92000579833984
2019-11-11,109.99333190917969
2019-11-12,110.49854278564453
2019-11-13,111.21546936035156
2019-11-14,112.36429595947266
2019-11-15,112.24209594726562
2019-11-18,112.44576263427734
2019-11-19,113.38275146484375
2019-11-20,114.55601501464844
2019-11-21,113.83902740478516
2019-11-22,113.9857177734375
2019-11-25,114.31975555419922
2019-11-26,114.98783874511719
2019-11-27,114.6537857055664
2019-11-29,114.40937042236328
2019-12-02,112.88394165039062
2019-12-03,115.2508316040039
2019-12-04,114.10004425048828
2019-12-05,113.5450210571289
2019-12-06,112.9166488647461
2019-12-09,113.16140747070312
2019-12-10,113.16959381103516
2019-12-11,114.05921173095703
2019-12-12,112.18202209472656
2019-12-13,113.47974395751953
2019-12-16,112.45953369140625
2019-12-17,112.30448150634766
2019-12-18,111.38215637207031
2019-12-19,111.5604476928711
2019-12-20,111.70755004882812
2019-12-23,111.54400634765625
2019-12-24,111.86284637451172
2019-12-26,112.13260650634766
2019-12-27,112.2552490234375
2019-12-30,111.8465347290039
2019-12-31,110.75116729736328
2020-01-02,112.00186920166016
2020-01-03,113.72666931152344
2020-01-06,113.08086395263672
2020-01-07,112.5250244140625
2020-01-08,111.78112030029297
2020-01-09,112.17353057861328
2020-01-10,113.17086791992188
2020-01-13,112.82743835449219
2020-01-14,113.4078598022461
2020-01-15,114.15997314453125
2020-01-16,113.80030822753906
2020-01-17,112.82743835449219
2020-01-21,114.01280212402344
2020-01-22,114.41336822509766
2020-01-23,115.2145004272461
2020-01-24,116.1464614868164
2020-01-27,117.95299530029297
2020-01-28,117.02928161621094
2020-01-29,118.17377471923828
2020-01-30,118.19007110595703
2020-01-31,119.26920318603516
2020-02-03,119.17254638671875
2020-02-04,117.56763458251953
2020-02-05,116.28208923339844
2020-02-06,116.80616760253906
2020-02-07,118.26358795166016
2020-02-10,118.5911636352539
2020-02-11,117.99349212646484
2020-02-12,117.3957290649414
2020-02-13,117.8460693359375
2020-02-14,118.36190032958984
2020-02-18,119.17254638671875
2020-02-19,119.1643295288086
2020-02-20,120.09783935546875
2020-02-21,121.21957397460938
2020-02-24,123.02926635742188
2020-02-25,123.68428802490234
2020-02-26,123.02926635742188
2020-02-27,124.36389923095703
2020-02-28,127.17243194580078
2020-03-02,126.23685455322266
2020-03-03,128.19680786132812
2020-03-04,126.83547973632812
2020-03-05,129.99269104003906
2020-03-06,136.75796508789062
2020-03-09,140.46450805664062
2020-03-10,133.26463317871094
2020-03-11,128.3607940673828
2020-03-12,129.15618896484375
2020-03-13,126.23685455322266
2020-03-16,134.4126434326172
2020-03-17,125.4495620727539
2020-03-18,118.37269592285156
2020-03-19,121.5953598022461
2020-03-20,130.7388458251953
2020-03-23,136.12652587890625
2020-03-24,133.5926055908203
2020-03-25,133.2891845703125
2020-03-26,133.9451904296875
2020-03-27,137.52061462402344
2020-03-30,136.38893127441406
2020-03-31,135.28184509277344
2020-04-01,137.1772003173828
2020-04-02,138.04774475097656
2020-04-03,138.3762969970703
2020-04-06,138.01495361328125
2020-04-07,136.56956481933594
2020-04-08,135.57589721679688
2020-04-09,135.82228088378906
2020-04-13,134.58218383789062
2020-04-14,134.54931640625
2020-04-15,138.1134490966797
2020-04-16,139.68203735351562
2020-04-17,137.80955505371094
2020-04-20,138.9182586669922
2020-04-21,140.66741943359375
2020-04-22,139.23040771484375
2020-04-23,139.96946716308594
2020-04-24,140.2979278564453
2020-04-27,137.68638610839844
2020-04-28,139.2713623046875
2020-04-29,138.5487060546875
2020-04-30,136.9309539794922
2020-05-01,138.10353088378906
2020-05-04,137.45391845703125
2020-05-05,136.5740203857422
2020-05-06,134.37037658691406
2020-05-07,136.6151123046875
2020-05-08,134.83900451660156
2020-05-11,133.78646850585938
2020-05-12,135.15966796875
2020-05-13,136.10540771484375
2020-05-14,137.43739318847656
2020-05-15,137.08387756347656
2020-05-18,134.07427978515625
2020-05-19,134.5758819580078
2020-05-20,134.97874450683594
2020-05-21,135.3159637451172
2020-05-22,136.13003540039062
2020-05-26,134.30441284179688
2020-05-27,134.0578155517578
2020-05-28,133.56451416015625
2020-05-29,134.51834106445312
2020-06-01,133.61260986328125
2020-06-02,133.12681579589844
2020-06-03,131.35659790039062
2020-06-04,129.45468139648438
2020-06-05,128.53257751464844
2020-06-08,129.0265655517578
2020-06-09,130.49221801757812
2020-06-10,132.4269561767578
2020-06-11,134.92996215820312
2020-06-12,133.6291046142578
2020-06-15,133.7031707763672
2020-06-16,131.65310668945312
2020-06-17,132.1964874267578
2020-06-18,133.59616088867188
2020-06-19,133.7031707763672
2020-06-22,133.7196807861328
2020-06-23,132.8057098388672
2020-06-24,134.2301483154297
2020-06-25,134.61712646484375
2020-06-26,136.0579071044922
2020-06-29,135.62979125976562
2020-06-30,134.97116088867188
2020-07-01,134.7090301513672
2020-07-02,134.8491668701172
2020-07-06,134.29681396484375
2020-07-07,136.18450927734375
2020-07-08,135.6405029296875
2020-07-09,137.80020141601562
2020-07-10,137.10777282714844
2020-07-13,137.56114196777344
2020-07-14,137.75892639160156
2020-07-15,137.1160125732422
2020-07-16,137.7672119140625
2020-07-17,137.47872924804688
2020-07-20,137.8166961669922
2020-07-21,137.89910888671875
2020-07-22,138.3112335205078
2020-07-23,139.92691040039062
2020-07-24,139.91871643066406
2020-07-27,139.3993377685547
2020-07-28,140.36380004882812
2020-07-29,140.12469482421875
2020-07-30,141.04795837402344
2020-07-31,140.95726013183594
2020-08-03,140.24757385253906
2020-08-04,141.58453369140625
2020-08-05,140.3466339111328
2020-08-06,141.13063049316406
2020-08-07,140.18983459472656
2020-08-10,139.56272888183594
2020-08-11,137.9040069580078
2020-08-12,136.64955139160156
2020-08-13,135.1890411376953
2020-08-14,134.6608428955078
2020-08-17,134.99917602539062
2020-08-18,135.9646453857422
2020-08-19,135.1146697998047
2020-08-20,136.33596801757812
2020-08-21,137.1530303955078
2020-08-24,136.93011474609375
2020-08-25,135.88217163085938
2020-08-26,135.36228942871094
2020-08-27,133.0599365234375
2020-08-28,132.96083068847656
2020-08-31,133.84381103515625
2020-09-01,135.37474060058594
2020-09-02,136.6634979248047
2020-09-03,137.05184936523438
2020-09-04,134.4493865966797
2020-09-08,135.27554321289062
2020-09-09,134.9120330810547
2020-09-10,135.5978546142578
2020-09-11,135.8868865966797
2020-09-14,135.8787078857422
2020-09-15,135.54818725585938
2020-09-16,135.14340209960938
2020-09-17,135.55645751953125
2020-09-18,135.13514709472656
2020-09-21,135.82078552246094
2020-09-22,135.71339416503906
2020-09-23,135.89515686035156
2020-09-24,136.4156951904297
2020-09-25,136.4156951904297
2020-09-28,136.02735900878906
2020-09-29,136.184326171875
2020-09-30,134.87904357910156
2020-10-01,135.1014862060547
2020-10-02,134.59706115722656
2020-10-05,131.96710205078125
2020-10-06,132.67831420898438
2020-10-07,131.7107696533203
2020-10-08,132.4219207763672
2020-10-09,132.39707946777344
2020-10-12,132.81884765625
2020-10-13,133.76986694335938
2020-10-14,134.07598876953125
2020-10-15,133.84442138671875
2020-10-16,133.47230529785156
2020-10-19,132.9677734375
2020-10-20,131.70245361328125
2020-10-21,131.2476043701172
2020-10-22,129.88302612304688
2020-10-23,130.67691040039062
2020-10-26,131.89263916015625
2020-10-27,132.77757263183594
2020-10-28,132.90162658691406
2020-10-29,131.61148071289062
2020-10-30,130.31312561035156
2020-11-02,131.28915405273438
2020-11-03,130.5274658203125
2020-11-04,133.35890197753906
2020-11-05,133.5907440185547
2020-11-06,131.97630310058594
2020-11-09,129.2028350830078
2020-11-10,128.4577178955078
2020-11-11,128.92129516601562
2020-11-12,131.1152801513672
2020-11-13,130.94139099121094
2020-11-16,130.62677001953125
2020-11-17,131.47958374023438
2020-11-18,131.86038208007812
2020-11-19,132.53921508789062
2020-11-20,133.7148895263672
2020-11-23,133.102294921875
2020-11-24,131.7776336669922
2020-11-25,131.37197875976562
2020-11-27,132.64688110351562
2020-11-30,132.48135375976562
2020-12-01,130.5279998779297
2020-12-02,129.491943359375
2020-12-03,130.5363006591797
2020-12-04,128.6218719482422
2020-12-07,129.78208923339844
2020-12-08,130.39541625976562
2020-12-09,129.9644775390625
2020-12-10,131.1165008544922
2020-12-11,131.58050537109375
2020-12-14,131.21583557128906
2020-12-15,130.77658081054688
2020-12-16,130.42852783203125
2020-12-17,130.0833740234375
2020-12-18,129.6934814453125
2020-12-21,130.2078399658203
2020-12-22,130.87985229492188
2020-12-23,129.9755401611328
2020-12-24,130.48989868164062
2020-12-28,130.54798889160156
2020-12-29,130.38209533691406
2020-12-30,130.66416931152344
2020-12-31,130.85496520996094
2021-01-04,130.69732666015625
2021-01-05,129.72671508789062
2021-01-06,127.0635757446289
2021-01-07,125.94361877441406
2021-01-08,125.53713989257812
2021-01-11,125.32975006103516
2021-01-12,125.23015594482422
2021-01-13,126.64053344726562
2021-01-14,125.4541244506836
2021-01-15,125.95191955566406
2021-01-19,126.35841369628906
2021-01-20,126.48292541503906
2021-01-21,125.59524536132812
2021-01-22,126.0016860961914
2021-01-25,127.48672485351562
2021-01-26,127.24612426757812
2021-01-27,127.56964874267578
2021-01-28,126.86453247070312
2021-01-29,126.1013412475586
2021-02-01,126.24750518798828
2021-02-02,125.43350219726562
2021-02-03,124.32051086425781
2021-02-04,123.98822021484375
2021-02-05,122.95004272460938
2021-02-08,123.48992156982422
2021-02-09,123.58129119873047
2021-02-10,124.4035415649414
2021-02-11,123.72251892089844
2021-02-12,122.18587493896484
2021-02-16,120.32544708251953
2021-02-17,121.08956146240234
2021-02-18,120.59951782226562
2021-02-19,118.99652099609375
2021-02-22,118.0911636352539
2021-02-23,117.75067901611328
2021-02-24,116.97821807861328
2021-02-25,115.06786346435547
2021-02-26,118.8719482421875
2021-03-01,117.3019027709961
2021-03-02,117.31025695800781
2021-03-03,116.03792572021484
2021-03-04,115.28951263427734
2021-03-05,115.5140380859375
2021-03-08,114.6159439086914
2021-03-09,116.20425415039062
2021-03-10,116.43706512451172
2021-03-11,115.5971908569336
2021-03-12,113.14404296875
2021-03-15,113.80931091308594
2021-03-16,113.35195922851562
2021-03-17,112.50370025634766
2021-03-18,111.364501953125
2021-03-19,112.05469512939453
2021-03-22,113.31036376953125
2021-03-23,114.33317565917969
2021-03-24,114.94856262207031
2021-03-25,114.04212951660156
2021-03-26,113.64301300048828
2021-03-29,112.67835998535156
2021-03-30,113.26881408691406
2021-03-31,112.63682556152344
2021-04-01,114.50619506835938
2021-04-05,114.00655364990234
2021-04-06,114.78099060058594
2021-04-07,113.98164367675781
2021-04-08,114.92256927490234
2021-04-09,114.50619506835938
2021-04-12,114.45623779296875
2021-04-13,115.31397247314453
2021-04-14,114.94755554199219
2021-04-15,116.87116241455078
2021-04-16,115.96349334716797
2021-04-19,115.63045501708984
2021-04-20,116.163330078125
2021-04-21,116.39647674560547
2021-04-22,116.90443420410156
2021-04-23,116.62965393066406
2021-04-26,116.46305847167969
2021-04-27,115.44718170166016
2021-04-28,115.5221176147461
2021-04-29,115.18073272705078
2021-04-30,115.44718170166016
2021-05-03,115.51646423339844
2021-05-04,116.3003158569336
2021-05-05,116.49208068847656
2021-05-06,116.68392944335938
2021-05-07,116.10848236083984
2021-05-10,114.93264770507812
2021-05-11,114.28215789794922
2021-05-12,113.0813217163086
2021-05-13,113.25643920898438
2021-05-14,114.3155746459961
2021-05-17,114.0737075805664
2021-05-18,113.7818374633789
2021-05-19,113.50666809082031
2021-05-20,114.44064331054688
2021-05-21,114.80757904052734
2021-05-24,115.23286437988281
2021-05-25,116.3003158569336
2021-05-26,116.10018157958984
2021-05-27,115.63310241699219
2021-05-28,115.44966888427734
2021-06-01,115.42383575439453
2021-06-02,115.69103240966797
2021-06-03,115.2567367553711
2021-06-04,116.8351821899414
2021-06-07,116.47608947753906
2021-06-08,117.29448699951172
2021-06-09,118.33000946044922
2021-06-10,119.03995513916016
2021-06-11,118.84786987304688
2021-06-14,117.93756866455078
2021-06-15,117.79558563232422
2021-06-16,117.69535827636719
2021-06-17,119.45752716064453
2021-06-18,121.70397186279297
2021-06-21,119.66626739501953
2021-06-22,119.95858001708984
2021-06-23,119.6495590209961
2021-06-24,119.84170532226562
2021-06-25,118.59728240966797
2021-06-28,119.81661224365234
2021-06-29,120.01703643798828
2021-06-30,120.55152130126953
2021-07-01,120.5582046508789
2021-07-02,121.28568267822266
2021-07-06,122.70733642578125
2021-07-07,123.79440307617188
2021-07-08,124.27937316894531
2021-07-09,122.53166961669922
2021-07-12,122.37279510498047
2021-07-13,121.43620300292969
2021-07-14,122.81600189208984
2021-07-15,124.17070770263672
2021-07-16,123.93653106689453
2021-07-19,126.65425109863281
2021-07-20,125.43344116210938
2021-07-21,123.84457397460938
2021-07-22,125.01529693603516
2021-07-23,124.17900848388672
2021-07-26,123.81109619140625
2021-07-27,125.13237762451172
2021-07-28,125.14070129394531
2021-07-29,124.4466323852539
2021-07-30,125.03205108642578
2021-08-02,126.1472396850586
2021-08-03,126.21418762207031
2021-08-04,126.47376251220703
2021-08-05,125.82905578613281
2021-08-06,123.72760772705078
2021-08-09,123.2837905883789
2021-08-10,122.71448516845703
2021-08-11,122.63914489746094
2021-08-12,122.43824768066406
2021-08-13,124.37232208251953
2021-08-16,124.67363739013672
2021-08-17,124.6233901977539
2021-08-18,125.04203796386719
2021-08-19,125.9629898071289
2021-08-20,126.04673767089844
2021-08-23,125.9629898071289
2021-08-24,124.98344421386719
2021-08-25,123.94526672363281
2021-08-26,124.2885513305664
2021-08-27,125.1341323852539
2021-08-30,125.46063232421875
2021-08-31,124.60665893554688
2021-09-01,124.81544494628906
2021-09-02,125.36029815673828
2021-09-03,124.22021484375
2021-09-07,123.17232513427734
2021-09-08,124.01066589355469
2021-09-09,125.51122283935547
2021-09-10,124.4046630859375
2021-09-13,125.15909576416016
2021-09-14,126.67642211914062
2021-09-15,126.23216247558594
2021-09-16,125.65377044677734
2021-09-17,125.05010986328125
2021-09-20,126.60099792480469
2021-09-21,126.4920654296875
2021-09-22,127.24647521972656
2021-09-23,124.37112426757812
2021-09-24,123.15559387207031
2021-09-27,122.702880859375
2021-09-28,120.79156494140625
2021-09-29,121.00114440917969
2021-09-30,120.98431396484375
2021-10-01,122.00253295898438
2021-10-04,121.69196319580078
2021-10-05,120.51680755615234
2021-10-06,121.19671630859375
2021-10-07,119.9292984008789
2021-10-08,119.08991241455078
2021-10-11,118.78772735595703
2021-10-12,120.81903839111328
2021-10-13,121.99414825439453
2021-10-14,122.44735717773438
2021-10-15,121.73395538330078
2021-10-18,122.3047103881836
2021-10-19,120.61756134033203
2021-10-20,119.80333709716797
2021-10-21,119.66067504882812
2021-10-22,120.97850799560547
2021-10-25,120.79383087158203
2021-10-26,121.7927017211914
2021-10-27,124.00860595703125
2021-10-28,123.58890533447266
2021-10-29,123.96661376953125
2021-11-01,123.07405090332031
2021-11-02,123.62034606933594
2021-11-03,122.34294128417969
2021-11-04,123.62879180908203
2021-11-05,125.47776794433594
2021-11-08,125.24242401123047
2021-11-09,126.87286376953125
2021-11-10,124.55325317382812
2021-11-11,124.368408203125
2021-11-12,123.82210540771484
2021-11-15,122.26726531982422
2021-11-16,121.9562759399414
2021-11-17,122.9227523803711
2021-11-18,123.38505554199219
2021-11-19,124.6877670288086
2021-11-22,123.225341796875
2021-11-23,121.44361114501953
2021-11-24,123.39346313476562
2021-11-26,126.51151275634766
2021-11-29,125.4945297241211
2021-11-30,127.40232849121094
2021-12-01,128.188232421875
2021-12-02,128.3480987548828
2021-12-03,129.87960815429688
2021-12-06,128.095703125
2021-12-07,127.06072235107422
2021-12-08,124.86448669433594
2021-12-09,125.56295776367188
2021-12-10,125.26004028320312
2021-12-13,127.11117553710938
2021-12-14,126.80826568603516
2021-12-15,125.58814239501953
2021-12-16,125.63700866699219
2021-12-17,127.06072235107422
2021-12-20,126.10881042480469
2021-12-21,125.62859344482422
2021-12-22,126.2098617553711
2021-12-23,125.11471557617188
2021-12-27,125.41803741455078
2021-12-28,124.92095184326172
2021-12-29,123.55626678466797
2021-12-30,124.59245300292969
2021-12-31,124.83675384521484
2022-01-03,121.55976867675781
2022-01-04,121.05433654785156
2022-01-05,120.39720916748047
2022-01-06,120.70893096923828
2022-01-07,119.84124755859375
2022-01-10,120.13610076904297
2022-01-11,120.93640899658203
2022-01-12,120.47303009033203
2022-01-13,121.54288482666016
2022-01-14,119.70645904541016
2022-01-18,118.02161407470703
2022-01-19,118.8387680053711
2022-01-20,119.57174682617188
2022-01-21,120.99541473388672
2022-01-24,120.00128936767578
2022-01-25,119.80757141113281
2022-01-26,118.35859680175781
2022-01-27,120.53205108642578
2022-01-28,120.57413482666016
2022-01-31,119.95072937011719
2022-02-01,119.55258178710938
2022-02-02,119.95751953125
2022-02-03,119.02113342285156
2022-02-04,117.2665023803711
2022-02-07,117.34243774414062
2022-02-08,116.55790710449219
2022-02-09,116.77718353271484
2022-02-10,114.92134094238281
2022-02-11,116.62539672851562
2022-02-14,115.1744155883789
2022-02-15,113.86683654785156
2022-02-16,114.54168701171875
2022-02-17,115.39372253417969
2022-02-18,116.60848999023438
2022-02-22,116.91217803955078
2022-02-23,115.30095672607422
2022-02-24,115.3768310546875
2022-02-25,115.46121978759766
2022-02-28,117.99197387695312
2022-03-01,119.35615539550781
2022-03-02,115.27621459960938
2022-03-03,116.45040893554688
2022-03-04,118.46080017089844
2022-03-07,117.55692291259766
2022-03-08,116.37438201904297
2022-03-09,115.23402404785156
2022-03-10,113.57843780517578
2022-03-11,113.9585189819336
2022-03-14,111.29771423339844
2022-03-15,111.10343170166016
2022-03-16,112.1930923461914
2022-03-17,111.35688018798828
2022-03-18,112.71681213378906
2022-03-21,110.10667419433594
2022-03-22,108.69601440429688
2022-03-23,111.07807159423828
2022-03-24,110.20807647705078
2022-03-25,108.67914581298828
2022-03-28,109.60829162597656
2022-03-29,110.43611907958984
2022-03-30,111.29771423339844
2022-03-31,111.56800842285156
2022-04-01,111.99271392822266
2022-04-04,111.21444702148438
2022-04-05,108.70182800292969
2022-04-06,107.82193756103516
2022-04-07,107.00980377197266
2022-04-08,105.85081481933594
2022-04-11,104.17571258544922
2022-04-12,104.03189849853516
2022-04-13,104.243408203125
2022-04-14,102.1537857055664
2022-04-18,101.64620208740234
2022-04-19,100.8847885131836
2022-04-20,102.91519927978516
2022-04-21,102.1537857055664
2022-04-22,101.51085662841797
2022-04-25,102.5260238647461
2022-04-26,103.55814361572266
2022-04-27,102.22993469238281
2022-04-28,102.3822250366211
2022-04-29,101.05402374267578
2022-05-02,99.30235290527344
2022-05-03,99.97180938720703
2022-05-04,100.52265930175781
2022-05-05,97.76851654052734
2022-05-06,96.327880859375
2022-05-09,97.17530059814453
2022-05-10,98.05663299560547
2022-05-11,99.9463882446289
2022-05-12,99.75996398925781
2022-05-13,98.28545379638672
2022-05-16,98.1837387084961
2022-05-17,96.99732971191406
2022-05-18,99.0650863647461
2022-05-19,99.30235290527344
2022-05-20,100.42945098876953
2022-05-23,98.77693176269531
2022-05-24,100.72606658935547
2022-05-25,101.12433624267578
2022-05-26,100.66673278808594
2022-05-27,100.91246795654297
2022-05-31,98.77693176269531
2022-06-01,98.66404724121094
2022-06-02,98.71498107910156
2022-06-03,98.50273895263672
2022-06-06,96.68600463867188
2022-06-07,97.730224609375
2022-06-08,96.86426544189453
2022-06-09,97.1868896484375
2022-06-10,96.58414459228516
2022-06-13,93.55338287353516
2022-06-14,92.3733901977539
2022-06-15,94.09672546386719
2022-06-16,94.84380340576172
2022-06-17,95.1494369506836
2022-06-21,93.53645324707031
2022-06-22,96.1087417602539
2022-06-23,96.89824676513672
2022-06-24,95.5569076538086
2022-06-27,94.74192810058594
2022-06-28,95.18339538574219
2022-06-29,96.66901397705078
2022-06-30,97.51799011230469
2022-07-01,98.51913452148438
2022-07-05,99.29322814941406
2022-07-06,97.62598419189453
2022-07-07,96.76688385009766
2022-07-08,95.69509887695312
2022-07-11,97.34528350830078
2022-07-12,97.9237060546875
2022-07-13,99.04654693603516
2022-07-14,98.23844146728516
2022-07-15,98.79135131835938
2022-07-18,97.76207733154297
2022-07-19,97.23471069335938
2022-07-20,97.48987579345703
2022-07-21,99.17414093017578
2022-07-22,100.84133911132812
2022-07-25,99.85462951660156
2022-07-26,99.93119049072266
2022-07-27,99.36978912353516
2022-07-28,100.16085052490234
2022-07-29,99.88863372802734
2022-08-01,102.29434204101562
2022-08-02,100.12982940673828
2022-08-03,101.70629119873047
2022-08-04,101.67223358154297
2022-08-05,99.25208282470703
2022-08-08,100.85417938232422
2022-08-09,100.46216583251953
2022-08-10,99.8060073852539
2022-08-11,97.47954559326172
2022-08-12,98.46813201904297
2022-08-15,98.38287353515625
2022-08-16,98.79191589355469
2022-08-17,97.76079559326172
2022-08-18,97.9056625366211
2022-08-19,96.32914733886719
2022-08-22,96.00531768798828
2022-08-23,95.47700500488281
2022-08-24,94.77818298339844
2022-08-25,96.09906768798828
2022-08-26,96.82341766357422
2022-08-29,96.02235412597656
2022-08-30,96.26097106933594
2022-08-31,95.3405990600586
2022-09-01,93.5951156616211
2022-09-02,94.12459564208984
2022-09-06,91.79324340820312
2022-09-07,93.24497985839844
2022-09-08,92.28852844238281
2022-09-09,92.49349212646484
2022-09-12,91.73346710205078
2022-09-13,91.94696807861328
2022-09-14,92.26293182373047
2022-09-15,92.20313262939453
2022-09-16,91.43460083007812
2022-09-19,91.64805603027344
2022-09-20,90.73431396484375
2022-09-21,92.25434875488281
2022-09-22,89.8974380493164
2022-09-23,90.26464080810547
2022-09-26,88.53962707519531
2022-09-27,86.20828247070312
2022-09-28,89.09468841552734
2022-09-29,88.63355255126953
2022-09-30,87.48922729492188
2022-10-03,88.87937927246094
2022-10-04,88.63114166259766
2022-10-05,87.78369903564453
2022-10-06,87.29576873779297
2022-10-07,86.44830322265625
2022-10-10,85.1043472290039
2022-10-11,85.48101043701172
2022-10-12,85.90045928955078
2022-10-13,85.0787124633789
2022-10-14,84.37677764892578
2022-10-17,83.96589660644531
2022-10-18,84.16278076171875
2022-10-19,82.6305160522461
2022-10-20,81.21810913085938
2022-10-21,79.75433349609375
2022-10-24,79.09519958496094
2022-10-25,81.39785766601562
2022-10-26,82.57059478759766
2022-10-27,83.4351577758789
2022-10-28,82.86165618896484
2022-10-31,82.27098846435547
2022-11-01,83.03985595703125
2022-11-02,82.67947387695312
2022-11-03,82.23323822021484
2022-11-04,80.85167694091797
2022-11-07,80.04502868652344
2022-11-08,80.9203109741211
2022-11-09,81.18635559082031
2022-11-10,84.30989837646484
2022-11-11,84.00093841552734
2022-11-14,83.79502868652344
2022-11-15,85.15083312988281
2022-11-16,87.012939453125
2022-11-17,86.09476470947266
2022-11-18,85.50267028808594
2022-11-21,85.86304473876953
2022-11-22,87.08158874511719
2022-11-23,88.60045623779297
2022-11-25,88.30011749267578
2022-11-28,88.5489730834961
2022-11-29,87.51065826416016
2022-11-30,88.15423583984375
2022-12-01,90.97039031982422
2022-12-02,92.11439514160156
2022-12-05,90.82416534423828
2022-12-06,91.99398803710938
2022-12-07,94.16160583496094
2022-12-08,93.90355682373047
2022-12-09,91.46070861816406
2022-12-12,91.75313568115234
2022-12-13,92.63911437988281
2022-12-14,93.0347900390625
2022-12-15,93.39779663085938
2022-12-16,92.35447692871094
2022-12-19,90.80245208740234
2022-12-20,89.19005584716797
2022-12-21,89.41425323486328
2022-12-22,89.39698791503906
2022-12-23,88.08639526367188
2022-12-27,86.34465026855469
2022-12-28,85.83592987060547
2022-12-29,86.81027221679688
2022-12-30,85.84456634521484
2023-01-03,87.48282623291016
2023-01-04,88.6813735961914
2023-01-05,89.05208587646484
2023-01-06,90.69036102294922
2023-01-09,91.17321014404297
2023-01-10,89.6642837524414
2023-01-11,91.1214599609375
2023-01-12,92.9149398803711
2023-01-13,92.04408264160156
2023-01-17,91.44913482666016
2023-01-18,93.66509246826172
2023-01-19,93.07875061035156
2023-01-20,91.56985473632812
2023-01-23,91.13874816894531
2023-01-24,92.44932556152344
2023-01-25,92.67349243164062
2023-01-26,92.24237060546875
2023-01-27,92.0095443725586
2023-01-30,91.67333984375
2023-01-31,92.40621185302734
2023-02-01,93.51704406738281
2023-02-02,93.6380844116211
2023-02-03,92.2376480102539
2023-02-06,91.55471801757812
2023-02-07,90.81990814208984
2023-02-08,91.25216674804688
2023-02-09,90.38770294189453
2023-02-10,89.37627410888672
2023-02-13,90.12837219238281
2023-02-14,89.92089080810547
2023-02-15,89.08236694335938
2023-02-16,87.82025909423828
2023-02-17,88.50318145751953
2023-02-21,86.78292846679688
2023-02-22,87.57823181152344
2023-02-23,88.43404388427734
2023-02-24,87.28431701660156
2023-02-27,87.52632904052734
2023-02-28,87.92401123046875
2023-03-01,86.97942352294922
2023-03-02,86.20816040039062
2023-03-03,88.29662322998047
2023-03-06,87.61202239990234
2023-03-07,88.1493148803711
2023-03-08,88.2359619140625
2023-03-09,88.45263671875
2023-03-10,91.50299835205078
2023-03-13,91.71098327636719
2023-03-14,90.203125
2023-03-15,91.94497680664062
2023-03-16,91.22569274902344
2023-03-17,92.59491729736328
2023-03-20,91.78031158447266
2023-03-21,90.99174499511719
2023-03-22,92.20494842529297
2023-03-23,92.20494842529297
2023-03-24,92.59491729736328
2023-03-27,90.41976928710938
2023-03-28,90.58441925048828
2023-03-29,90.40245056152344
2023-03-30,90.81839752197266
2023-03-31,92.1789321899414
2023-04-03,92.61248016357422
2023-04-04,93.07292175292969
2023-04-05,94.04594421386719
2023-04-06,94.28919219970703
2023-04-10,92.76887512207031
2023-04-11,92.95995330810547
2023-04-12,92.86442565917969
2023-04-13,92.1346435546875
2023-04-14,91.29190826416016
2023-04-17,90.20594024658203
2023-04-18,90.52737426757812
2023-04-19,90.44049072265625
2023-04-20,91.21370697021484
2023-04-21,90.70111846923828
2023-04-24,91.57862854003906
2023-04-25,92.92523956298828
2023-04-26,91.9348373413086
2023-04-27,91.0225830078125
2023-04-28,92.4908447265625
2023-05-01,89.82391357421875
2023-05-02,92.06230926513672
2023-05-03,92.5761947631836
2023-05-04,91.66165924072266
2023-05-05,91.3568344116211
2023-05-08,90.07653045654297
2023-05-09,89.75424194335938
2023-05-10,90.6252212524414
2023-05-11,91.58328247070312
2023-05-12,90.81682586669922
2023-05-15,89.87615203857422
2023-05-16,89.60617065429688
2023-05-17,89.34483337402344
2023-05-18,88.68292999267578
2023-05-19,88.05582427978516
2023-05-22,87.74229431152344
2023-05-23,87.99484252929688
2023-05-24,87.55935668945312
2023-05-25,87.34162902832031
2023-05-26,88.0470962524414
2023-05-30,88.92681121826172
2023-05-31,89.70198059082031
2023-06-01,90.05389404296875
2023-06-02,89.06709289550781
2023-06-05,88.9011459350586
2023-06-06,89.42512512207031
2023-06-07,88.09773254394531
2023-06-08,89.12821197509766
2023-06-09,89.0059585571289
2023-06-12,89.26792907714844
2023-06-13,88.38593292236328
2023-06-14,89.09329223632812
2023-06-15,89.9491195678711
2023-06-16,89.59978485107422
2023-06-20,90.21981811523438
2023-06-21,90.43818664550781
2023-06-22,89.3465347290039
2023-06-23,90.2372817993164
2023-06-26,90.33338165283203
2023-06-27,90.09757232666016
2023-06-28,90.48184204101562
2023-06-29,88.8487548828125
2023-06-30,89.896728515625
2023-07-03,89.38707733154297
2023-07-05,88.53768157958984
2023-07-06,87.28549194335938
2023-07-07,86.7601089477539
2023-07-10,86.87394714355469
2023-07-11,87.32054138183594
2023-07-12,88.29249572753906
2023-07-13,89.22069549560547
2023-07-14,88.69532012939453
2023-07-17,88.73910522460938
2023-07-18,89.14188385009766
2023-07-19,90.14889526367188
2023-07-20,89.0543212890625
2023-07-21,89.08059692382812
2023-07-24,88.75659942626953
2023-07-25,88.5902099609375
2023-07-26,88.67779541015625
2023-07-27,86.95277404785156
2023-07-28,87.39936065673828
2023-07-31,87.60950469970703
2023-08-01,86.17384338378906
2023-08-02,85.25187683105469
2023-08-03,83.2850112915039
2023-08-04,84.76013946533203
2023-08-07,83.92599487304688
2023-08-08,84.90064239501953
2023-08-09,85.33967590332031
2023-08-10,83.93476867675781
2023-08-11,83.74160766601562
2023-08-14,83.55722045898438
2023-08-15,83.04790496826172
2023-08-16,82.39815521240234
2023-08-17,82.04693603515625
2023-08-18,82.3366928100586
2023-08-21,81.23908233642578
2023-08-22,81.86255645751953
2023-08-23,83.89088439941406
2023-08-24,83.33769989013672
2023-08-25,83.60987091064453
2023-08-28,83.69771575927734
2023-08-29,84.56694793701172
2023-08-30,84.47918701171875
2023-08-31,84.85675048828125
2023-09-01,83.53482055664062
2023-09-05,82.36347961425781
2023-09-06,82.5660400390625
2023-09-07,82.7950210571289
2023-09-08,83.11207580566406
2023-09-11,82.51319122314453
2023-09-12,82.98878479003906
2023-09-13,82.97116088867188
2023-09-14,82.37228393554688
2023-09-15,81.8702621459961
2023-09-18,82.3370590209961
2023-09-19,81.72935485839844
2023-09-20,81.98477935791016
2023-09-21,79.87985229492188
2023-09-22,80.5228042602539
2023-09-25,78.54120635986328
2023-09-26,78.2681884765625
2023-09-27,77.86307525634766
2023-09-28,78.10086059570312
2023-09-29,78.10966491699219
2023-10-02,76.80210876464844
2023-10-03,75.14994812011719
2023-10-04,76.21016693115234
2023-10-05,75.83026123046875
2023-10-06,74.91141510009766
2023-10-09,76.66956329345703
2023-10-10,76.56355285644531
2023-10-11,78.16268920898438
2023-10-12,76.04232788085938
2023-10-13,77.40287780761719
2023-10-16,76.15714263916016
2023-10-17,75.31781768798828
2023-10-18,74.65520477294922
2023-10-19,73.12677001953125
2023-10-20,73.54199981689453
2023-10-23,74.42549896240234
2023-10-24,75.40618896484375
2023-10-25,73.7275161743164
2023-10-26,74.85843658447266
2023-10-27,74.54036712646484
2023-10-30,74.20462799072266
2023-10-31,73.84239959716797
2023-11-01,75.4434585571289
2023-11-02,77.16329956054688
2023-11-03,77.68637084960938
2023-11-06,76.93281555175781
2023-11-07,78.06758117675781
2023-11-08,79.3973617553711
2023-11-09,77.57111358642578
2023-11-10,78.00550842285156
2023-11-13,77.82823944091797
2023-11-14,79.5924072265625
2023-11-15,78.47537994384766
2023-11-16,79.45056915283203
2023-11-17,79.82292175292969
2023-11-20,80.31049346923828
2023-11-21,80.27503967285156
2023-11-22,80.55872344970703
2023-11-24,79.61013793945312
2023-11-27,80.93993377685547
2023-11-28,81.0995101928711
2023-11-29,82.1189956665039
2023-11-30,81.1704330444336
2023-12-01,82.69920349121094
2023-12-04,82.37014770507812
2023-12-05,84.13990783691406
2023-12-06,85.2604751586914
2023-12-07,84.77135467529297
2023-12-08,84.07767486572266
2023-12-11,83.8998031616211
2023-12-12,84.1488265991211
2023-12-13,86.12311553955078
2023-12-14,88.36344146728516
2023-12-15,88.46158599853516
2023-12-18,87.75675964355469
2023-12-19,88.22962188720703
2023-12-20,88.82738494873047
2023-12-21,88.26531982421875
2023-12-22,87.86381530761719
2023-12-26,88.1136474609375
2023-12-27,89.67495727539062
2023-12-28,89.023681640625
2023-12-29,88.22068786621094
2024-01-02,87.7121353149414
2024-01-03,88.07794952392578
2024-01-04,86.73965454101562
2024-01-05,85.90989685058594
2024-01-08,86.75747680664062
2024-01-09,86.2043228149414
2024-01-10,85.80284118652344
2024-01-11,86.28462219238281
2024-01-12,86.11510467529297
2024-01-16,84.5983657836914
2024-01-17,84.46452331542969
2024-01-18,83.6794204711914
2024-01-19,83.94705963134766
2024-01-22,84.4466781616211
2024-01-23,83.77751922607422
2024-01-24,83.28681945800781
2024-01-25,83.8310546875
2024-01-26,83.67047119140625
2024-01-29,84.63408660888672
2024-01-30,85.40135192871094
2024-01-31,86.24002075195312
2024-02-01,87.93170928955078
2024-02-02,85.9894027709961
2024-02-05,84.25296783447266
2024-02-06,85.0764389038086
2024-02-07,84.66470336914062
2024-02-08,84.17241668701172
2024-02-09,84.0023422241211
2024-02-12,84.10076904296875
2024-02-13,82.65972900390625
2024-02-14,83.08042907714844
2024-02-15,83.51004791259766
2024-02-16,83.0267105102539
2024-02-20,83.09832000732422
2024-02-21,82.507568359375
2024-02-22,82.91034698486328
2024-02-23,84.02023315429688
2024-02-26,83.76962280273438
2024-02-27,83.17889404296875
2024-02-28,83.70696258544922
2024-02-29,84.2977066040039
2024-03-01,84.82295989990234
2024-03-04,84.48175048828125
2024-03-05,85.68492889404297
2024-03-06,86.18775177001953
2024-03-07,86.10694122314453
2024-03-08,85.95430755615234
2024-03-11,85.90939331054688
2024-03-12,85.19110107421875
2024-03-13,84.77809143066406
2024-03-14,83.47613525390625
2024-03-15,83.44922637939453
2024-03-18,83.19779968261719
2024-03-19,83.4312515258789
2024-03-20,83.40433502197266
2024-03-21,83.58390045166016
2024-03-22,84.38301849365234
2024-03-25,83.96101379394531
2024-03-26,84.19445037841797
2024-03-27,85.02947235107422
2024-03-28,84.95765686035156
2024-04-01,83.37393951416016
2024-04-02,82.9145278930664
2024-04-03,82.89649200439453
2024-04-04,83.49107360839844
2024-04-05,82.32898712158203
2024-04-08,82.31996154785156
2024-04-09,83.08567810058594
2024-04-10,81.27495574951172
2024-04-11,80.9056167602539
2024-04-12,81.33804321289062
2024-04-15,80.07682800292969
2024-04-16,79.54533386230469
2024-04-17,80.42815399169922
2024-04-18,80.02278137207031
2024-04-19,80.31106567382812
2024-04-22,80.17591857910156
2024-04-23,80.20295715332031
2024-04-24,79.63540649414062
2024-04-25,79.076904296875
2024-04-26,79.49130249023438
2024-04-29,80.15792083740234
2024-04-30,79.47327423095703
2024-05-01,80.05906677246094
2024-05-02,80.402587890625
2024-05-03,81.2162094116211
2024-05-06,81.5325927734375
2024-05-07,82.0298080444336
2024-05-08,81.5325927734375
2024-05-09,81.93036651611328
2024-05-10,81.46935272216797
2024-05-13,81.6772232055664
2024-05-14,82.13827514648438
2024-05-15,83.25926208496094
2024-05-16,83.17787170410156
2024-05-17,82.61741638183594
2024-05-20,82.37332916259766
2024-05-21,82.7982177734375
2024-05-22,82.89764404296875
2024-05-23,82.36427307128906
2024-05-24,82.60836029052734
2024-05-28,81.42412567138672
2024-05-29,80.4387435913086
2024-05-30,81.2162094116211
2024-05-31,81.76761627197266
2024-06-03,83.09019470214844
2024-06-04,84.06078338623047
2024-06-05,84.67759704589844
2024-06-06,84.55059051513672
2024-06-07,82.99948120117188
2024-06-10,82.4461669921875
2024-06-11,83.298828125
2024-06-12,83.92472839355469
2024-06-13,85.15837860107422
2024-06-14,85.87496948242188
2024-06-17,85.02233123779297
2024-06-18,85.80240631103516
2024-06-20,85.23092651367188
2024-06-21,85.23092651367188
2024-06-24,85.57565307617188
2024-06-25,85.72075653076172
2024-06-26,84.4961929321289
2024-06-27,84.8318099975586
2024-06-28,83.25346374511719
2024-07-01,81.81659698486328
2024-07-02,82.45360565185547
2024-07-03,83.53646850585938
2024-07-05,84.2280502319336
2024-07-08,84.4100570678711
2024-07-09,84.03695678710938
2024-07-10,84.30086517333984
2024-07-11,85.11982727050781
2024-07-12,85.48384094238281
2024-07-15,84.50105285644531
2024-07-16,85.69313049316406
2024-07-17,85.71131134033203
2024-07-18,85.05614471435547
2024-07-19,84.55564880371094
2024-07-22,84.30995178222656
2024-07-23,84.19165802001953
2024-07-24,83.28165435791016
2024-07-25,83.96417236328125
2024-07-26,84.6193618774414
2024-07-29,85.07432556152344
2024-07-30,85.40192413330078
2024-07-31,86.2755126953125
2024-08-01,87.0196304321289
2024-08-02,89.73129272460938
2024-08-05,90.2060546875
2024-08-06,88.18829345703125
2024-08-07,87.56742858886719
2024-08-08,87.02876281738281
2024-08-09,87.88697814941406
2024-08-12,88.20655822753906
2024-08-13,88.81827545166016
2024-08-14,89.37521362304688
2024-08-15,88.65393829345703
2024-08-16,88.96435546875
2024-08-19,89.37521362304688
2024-08-20,90.08735656738281
2024-08-21,90.14215850830078
2024-08-22,89.24738311767578
2024-08-23,89.83171844482422
2024-08-26,89.60347747802734
2024-08-27,89.4482421875
2024-08-28,89.33866882324219
2024-08-29,89.04651641845703
2024-08-30,88.09700012207031
2024-09-03,89.53783416748047
2024-09-04,90.69198608398438
2024-09-05,91.2049331665039
2024-09-06,91.19577026367188
2024-09-09,91.58966064453125
2024-09-10,92.2308578491211
2024-09-11,92.15756225585938
2024-09-12,91.72704315185547
2024-09-13,91.97437286376953
2024-09-16,92.81707763671875
2024-09-17,92.36822509765625
2024-09-18,91.22325897216797
2024-09-19,90.92098236083984
2024-09-20,90.57289123535156
2024-09-23,90.38054656982422
2024-09-24,90.36222076416016
2024-09-25,89.61112213134766
2024-09-26,89.82177734375
2024-09-27,90.2889404296875
2024-09-30,89.8584213256836
2024-10-01,90.50719451904297
2024-10-02,89.74449157714844
2024-10-03,88.8990478515625
2024-10-04,87.80549621582031
2024-10-07,87.14388275146484
2024-10-08,87.2908935546875
2024-10-09,86.7946548461914
2024-10-10,86.45463562011719
2024-10-11,86.1054458618164
2024-10-14,86.16978454589844
2024-10-15,87.21739196777344
2024-10-16,87.58495330810547
2024-10-17,86.19732666015625
2024-10-18,86.26168823242188
2024-10-21,84.75458526611328
2024-10-22,84.83728790283203
2024-10-23,84.60758972167969
2024-10-24,85.14973449707031
2024-10-25,84.67186737060547
2024-10-28,84.442138671875
2024-10-29,84.57081604003906
2024-10-30,84.81893157958984
2024-10-31,84.95675659179688
2024-11-01,83.759033203125
2024-11-04,85.0591049194336
2024-11-05,85.51089477539062
2024-11-06,83.16889190673828
2024-11-07,84.21083068847656
2024-11-08,85.28040313720703
2024-11-11,84.86546325683594
2024-11-12,83.59306335449219
2024-11-13,82.80007934570312
2024-11-14,83.27954864501953
2024-11-15,83.05825805664062
2024-11-18,83.20580291748047
2024-11-19,83.62993621826172
2024-11-20,83.36253356933594
2024-11-21,83.29798889160156
2024-11-22,83.34407806396484
2024-11-25,85.50169372558594
2024-11-26,85.16976165771484
2024-11-27,85.7598648071289
2024-11-29,86.64503479003906
2024-12-02,86.85323333740234
2024-12-03,86.10377502441406
2024-12-04,87.02902221679688
2024-12-05,87.204833984375
2024-12-06,87.3343505859375
2024-12-09,86.52938842773438
2024-12-10,86.12228393554688
2024-12-11,85.30802917480469
2024-12-12,84.27177429199219
2024-12-13,83.41129302978516
2024-12-16,83.66110229492188
2024-12-17,83.86466217041016
2024-12-18,82.81597900390625
2024-12-19,81.5620346069336
2024-12-20,82.02645874023438
2024-12-23,81.27410125732422
2024-12-24,81.61779022216797
2024-12-26,81.57135009765625
2024-12-27,80.90255737304688
2024-12-30,81.55277252197266
2024-12-31,81.11619567871094
2025-01-02,81.339111328125
2025-01-03,81.07904815673828
2025-01-06,80.71681213378906
2025-01-07,79.8065185546875
2025-01-08,79.90870666503906
2025-01-10,79.37926483154297
2025-01-13,79.35139465332031
2025-01-14,79.22135925292969
2025-01-15,80.5867691040039
2025-01-16,80.84681701660156
2025-01-17,80.98616790771484
2025-01-21,81.71066284179688
2025-01-22,81.28339385986328
2025-01-23,80.65177154541016
2025-01-24,81.01403045654297
2025-01-27,81.97073364257812
2025-01-28,81.91502380371094
2025-01-29,81.74781036376953
2025-01-30,82.05432891845703
2025-01-31,81.51561737060547
2025-02-03,82.17930603027344
2025-02-04,82.43099975585938
2025-02-05,83.79192352294922
2025-02-06,83.7546615600586
2025-02-07,83.21400451660156
2025-02-10,82.96232604980469
2025-02-11,82.43099975585938
2025-02-12,81.31240844726562
2025-02-13,82.66402435302734
2025-02-14,83.1021499633789
2025-02-18,82.12337493896484
2025-02-19,82.22590637207031
2025-02-20,82.53352355957031
2025-02-21,83.53092193603516
2025-02-24,83.77330017089844
2025-02-25,85.21814727783203
2025-02-26,85.72151947021484
2025-02-27,85.11561584472656
2025-02-28,86.15962219238281
2025-03-03,86.5617446899414
2025-03-04,85.49571228027344
2025-03-05,84.8131103515625
2025-03-06,84.53255462646484
2025-03-07,84.26139831542969
2025-03-10,85.140380859375
2025-03-11,84.53255462646484
2025-03-12,84.02762603759766
2025-03-13,84.76634216308594
2025-03-14,84.31748962402344
2025-03-17,84.73828887939453
2025-03-18,84.82245635986328
2025-03-19,85.26193237304688
2025-03-20,85.31803894042969
2025-03-21,84.8131103515625
2025-03-24,83.9434585571289
2025-03-25,83.9341049194336
2025-03-26,83.38239288330078
2025-03-27,83.13927459716797
2025-03-28,84.28944396972656
2025-03-31,85.12167358398438
2025-04-01,85.85930633544922
2025-04-02,85.802978515625
2025-04-03,86.19715118408203
2025-04-04,87.13561248779297
2025-04-07,84.5079345703125
2025-04-08,82.91255187988281
2025-04-09,83.40055084228516
2025-04-10,81.10133361816406
2025-04-11,81.54241943359375
2025-04-14,82.12425231933594
2025-04-15,82.41517639160156
2025-04-16,82.87500762939453
2025-04-17,82.14301300048828
2025-04-21,80.70719146728516
2025-04-22,81.15764617919922
2025-04-23,81.94593811035156
2025-04-24,82.809326171875
2025-04-25,83.41931915283203
2025-04-28,83.94485473632812
2025-04-29,84.64869689941406
2025-04-30,83.963623046875
2025-05-01,83.53789520263672
2025-05-02,82.6336441040039
2025-05-05,82.17210388183594
2025-05-06,82.44525909423828
2025-05-07,82.79377746582031
2025-05-08,81.87068939208984
2025-05-09,81.99315643310547
2025-05-12,81.23021697998047
2025-05-13,80.9005355834961
2025-05-14,80.36365509033203
2025-05-15,81.07008361816406
2025-05-16,81.28672790527344
2025-05-19,81.05125427246094
2025-05-20,80.46725463867188
2025-05-21,79.09207916259766
2025-05-22,79.50650787353516
2025-05-23,79.63839721679688
2025-05-27,80.74983978271484
2025-05-28,80.40132141113281
2025-05-29,81.14542388916016
2025-05-30,81.26788330078125
2025-06-02,80.51155853271484
2025-06-03,80.36974334716797
2025-06-04,81.6744155883789
2025-06-05,81.73114013671875
2025-06-06,80.69117736816406
2025-06-09,80.77627563476562
2025-06-10,81.19224548339844
2025-06-11,81.43804168701172
2025-06-12,82.41181945800781
2025-06-13,81.61767578125
2025-06-16,80.79517364501953
2025-06-17,81.77840423583984
2025-06-18,81.92020416259766
2025-06-20,81.7689437866211
2025-06-23,82.03367614746094
2025-06-24,82.62928771972656
2025-06-25,82.7332763671875
2025-06-26,83.14926147460938
2025-06-27,82.61981964111328
2025-06-30,83.43289184570312
2025-07-01,83.63973999023438
2025-07-02,83.10836029052734
2025-07-03,82.52948760986328
2025-07-07,81.74186706542969
2025-07-08,81.63748931884766
2025-07-09,82.49154663085938
2025-07-10,82.54847717285156
2025-07-11,81.40974426269531
2025-07-14,81.23892974853516
2025-07-15,80.66956329345703
2025-07-16,80.78343963623047
2025-07-17,80.76446533203125
2025-07-18,80.88780975341797
2025-07-21,81.60902404785156
2025-07-22,82.10245513916016
2025-07-23,81.64697265625
2025-07-24,81.50463104248047
2025-07-25,82.01707458496094
2025-07-28,81.48566436767578
2025-07-29,82.86160278320312
2025-07-30,82.4345932006836
2025-07-31,82.48204040527344
2025-08-01,83.65464782714844
2025-08-04,83.8832778930664
2025-08-05,84.14047241210938
2025-08-06,83.65464782714844
2025-08-07,83.51177215576172
2025-08-08,83.14979553222656
2025-08-11,83.24504852294922
2025-08-12,82.825927734375
2025-08-13,83.51177215576172
2025-08-14,82.89259338378906
2025-08-15,82.302001953125
2025-08-18,82.06385803222656
2025-08-19,82.54016876220703
2025-08-20,82.72112274169922
2025-08-21,82.31153106689453
2025-08-22,82.92118835449219
2025-08-25,82.68304443359375
2025-08-26,82.63539123535156
2025-08-27,82.54016876220703
2025-08-28,83.08312225341797
2025-08-29,82.49250793457031
2025-09-02,81.87865447998047
2025-09-03,82.7774658203125
2025-09-04,83.4085464477539
2025-09-05,84.68029022216797
2025-09-08,85.80857849121094
2025-09-09,85.3209228515625
2025-09-10,85.80857849121094
2025-09-11,86.3823013305664
2025-09-12,86.00939178466797
2025-09-15,86.21019744873047
2025-09-16,86.3918685913086
2025-09-17,86.17194366455078
2025-09-18,85.28268432617188
2025-09-19,85.12013244628906
2025-09-22,84.81414794921875
2025-09-23,85.40699005126953
2025-09-24,85.08187866210938
2025-09-25,85.08187866210938
2025-09-26,85.00540161132812
2025-09-29,85.70339965820312
2025-09-30,85.45479583740234
2025-10-01,85.67548370361328
2025-10-02,85.92495727539062
2025-10-03,85.76184844970703
2025-10-06,85.08057403564453
2025-10-07,85.5699462890625
2025-10-08,85.6371078491211
2025-10-09,85.5699462890625
2025-10-10,86.95164489746094
2025-10-13,86.9036636352539
2025-10-14,87.18193054199219
2025-10-15,86.99003601074219
2025-10-16,87.64250183105469
2025-10-17,87.50817108154297
2025-10-20,87.843994140625
2025-10-21,88.2757797241211
2025-10-22,88.33334350585938
2025-10-23,87.7288589477539
2025-10-24,87.76725769042969
2025-10-27,88.06468963623047
2025-10-28,88.29498291015625
2025-10-29,87.40262603759766
2025-10-30,86.89408111572266
2025-10-31,86.63499450683594
2025-11-03,86.41832733154297
2025-11-04,86.6109390258789
2025-11-05,85.66722106933594
2025-11-06,86.4375991821289
2025-11-07,86.254638671875
2025-11-10,86.23536682128906
2025-11-11,86.63020324707031
2025-11-12,86.78427124023438
2025-11-13,86.07166290283203
2025-11-14,85.5805435180664
2025-11-17,85.79238891601562
2025-11-18,85.76350402832031
2025-11-19,85.59017181396484
2025-11-20,85.92721557617188
2025-11-21,86.18721771240234
2025-11-24,86.6783447265625
2025-11-25,86.89982604980469
2025-11-26,87.28502655029297
2025-11-28,86.87094116210938
2025-12-01,85.78951263427734
2025-12-02,85.82816314697266
2025-12-03,86.06977081298828
2025-12-04,85.60588836669922
2025-12-05,85.20964813232422
2025-12-08,84.92938995361328
2025-12-09,85.01637268066406
2025-12-10,85.3449478149414
2025-12-11,85.2289810180664
2025-12-12,84.40752410888672
2025-12-15,84.46551513671875
2025-12-16,84.92938995361328
2025-12-17,84.8520736694336
2025-12-18,85.25797271728516
2025-12-19,84.93975830078125
2025-12-22,84.75541687011719
2025-12-23,84.89124298095703
2025-12-24,85.40544128417969
2025-12-26,85.12409210205078
2025-12-29,85.44424438476562
2025-12-30,85.24051666259766
2025-12-31,84.56138610839844
2026-01-02,84.43525695800781
2026-01-05,84.85244750976562
2026-01-06,84.67779541015625
2026-01-07,85.17259979248047
2026-01-08,84.74571990966797
2026-01-09,85.30843353271484
2026-01-12,85.05616760253906
2026-01-13,85.20170593261719
2026-01-14,85.6965103149414
2026-01-15,85.67708587646484
2026-01-16,85.18230438232422
2026-01-20,84.06658935546875
2026-01-21,84.7069091796875
2026-01-22,85.07559967041016
2026-01-23,85.30843353271484
2026-01-26,85.71590423583984
2026-01-27,85.18230438232422
2026-01-28,84.98826599121094
2026-01-29,85.0076675415039
2026-01-30,84.53227233886719
2026-02-02,84.29075622558594
2026-02-03,84.49528503417969
2026-02-04,84.28102111816406
2026-02-05,85.19648742675781
2026-02-06,85.25491333007812
2026-02-09,85.23542022705078
2026-02-10,86.21907043457031
2026-02-11,85.76133728027344
2026-02-12,86.90079498291016
2026-02-13,87.37801361083984
2026-02-17,87.52409362792969
2026-02-18,87.19296264648438
2026-02-19,87.2806167602539
2026-02-20,87.07609558105469
2026-02-23,87.39747619628906
2026-02-24,87.55330657958984
2026-02-25,87.56304168701172
2026-02-26,87.91364288330078
2026-02-27,88.44929504394531
2026-03-02,87.56106567382812
2026-03-03,87.38520050048828
2026-03-04,87.1115951538086
2026-03-05,86.75982666015625
2026-03-06,86.43737030029297
2026-03-09,87.18976593017578
2026-03-10,86.26148223876953
2026-03-11,85.1475601196289
2026-03-12,84.9814453125
2026-03-13,84.561279296875
2026-03-16,85.2159423828125
2026-03-17,85.4504623413086
2026-03-18,84.97166442871094
2026-03-19,85.48955535888672
2026-03-20,83.86750793457031
2026-03-23,84.4146957397461
2026-03-24,84.04338836669922
2026-03-25,84.85441589355469
2026-03-26,84.14110565185547
2026-03-27,83.68185424804688
2026-03-30,84.7957763671875
2026-03-31,84.70783996582031
2026-04-01,84.62445831298828
2026-04-02,85.14440155029297
2026-04-06,85.0070571899414
2026-04-07,84.99724578857422
2026-04-08,85.27194213867188
2026-04-09,85.05610656738281
2026-04-10,84.85009002685547
2026-04-13,85.10516357421875
2026-04-14,85.55644226074219
2026-04-15,85.18364715576172
2026-04-16,84.64407348632812
2026-04-17,85.4190902709961
2026-04-20,85.39948272705078
2026-04-21,84.9285659790039
2026-04-22,85.09534454345703
2026-04-23,84.90895080566406
2026-04-24,85.06591796875
2026-04-27,84.64407348632812
2026-04-28,84.73236846923828
2026-04-29,84.07506561279297
2026-04-30,83.99658203125
2026-05-01,84.29692077636719
2026-05-04,83.65687561035156
2026-05-05,84.11967468261719
2026-05-06,84.75969696044922
2026-05-07,84.33629608154297
2026-05-08,84.75969696044922
2026-05-11,84.24767303466797
2026-05-12,83.68641662597656
2026-05-13,83.49933624267578
2026-05-14,83.61749267578125
2026-05-15,82.37681579589844
2026-05-18,82.2783432006836
2026-05-19,81.74662780761719
2026-05-20,82.62298583984375
2026-05-21,82.92822265625
2026-05-22,83.38117218017578
2026-05-26,83.79473114013672
2026-05-27,83.99166870117188
2026-05-28,84.42491149902344
2026-05-29,84.44461059570312
2026-06-01,84.49008178710938
2026-06-02,84.66802215576172
2026-06-03,84.33191680908203
2026-06-04,84.51973724365234
2026-06-05,84.08477783203125
2026-06-08,83.64983367919922
2026-06-09,84.14409637451172
2026-06-10,83.90684509277344
2026-06-11,84.99423217773438
2026-06-12,84.7866439819336
2026-06-15,84.73721313476562
2026-06-16,85.20182800292969
2026-06-17,85.3402328491211
2026-06-18,85.75540924072266
2026-06-22,85.10296630859375
2026-06-23,85.21170806884766
2026-06-24,86.378173828125
2026-06-25,86.34852600097656
2026-06-26,86.35841369628906
2026-06-29,86.44738006591797
2026-06-30,85.42918395996094
2026-07-01,84.85173797607422
2026-07-02,84.8418197631836
2026-07-06,84.78227996826172
2026-07-07,83.88932037353516
2026-07-08,83.7008056640625
2026-07-09,83.82978057861328
2026-07-10,83.80994415283203
2026-07-13,83.31385040283203
2026-07-14,83.4229965209961
2026-07-15,83.58174133300781
2026-07-16,83.55197143554688
2026-07-17,83.85954284667969
2026-07-20,83.2344741821289
2026-07-21,83.00627899169922
2026-07-22,82.7879867553711
2026-07-23,82.52009582519531
2026-07-24,82.59947204589844
2026-07-27,83.09556579589844
2026-07-28,83.58174133300781
2026-07-29,82.20259857177734
2026-07-30,82.15299224853516
2026-07-31,81.60728454589844
2026-08-03,81.87625885009766
2026-08-04,82.50385284423828
2026-08-05,82.68316650390625
2026-08-06,82.20499420166016
2026-08-07,82.44408416748047
2026-08-10,81.74674987792969
2026-08-11,81.87625885009766
2026-08-12,81.79656219482422
2026-08-13,82.27472686767578
2026-08-14,81.7268295288086
2026-08-17,81.03946685791016
2026-08-18,81.3482894897461
2026-08-19,82.70308685302734
2026-08-20,82.02568054199219
2026-08-21,81.7367935180664
2026-08-24,82.24484252929688
2026-08-25,83.15137481689453
2026-08-26,82.98202514648438
2026-08-27,82.81266784667969
2026-08-28,82.5636215209961
2026-08-31,82.20499420166016
2026-09-01,81.87000274658203
2026-09-02,81.94999694824219
2026-09-03,82.06999969482422
2026-09-04,82.20999908447266
