model,window,horizon,q0.01,q0.05,q0.1,q0.15,q0.2,q0.25,q0.3,q0.35,q0.4,q0.45,q0.5,q0.55,q0.6,q0.65,q0.7,q0.75,q0.8,q0.85,q0.9,q0.95,q0.99,prediction,date,forecast_origin,actual,error,abs_error,squared_error,correct_direction,interval_coverage,interval_width
r3_control_nofuture,0,1,-0.028730275,-0.017739916,-0.012678893,-0.009480601,-0.007070407,-0.0050770734,-0.0033638068,-0.0018207686,-0.00035255705,0.0009753186,0.002345059,0.0037397044,0.0051675434,0.0065775635,0.0082565285,0.010107159,0.01227279,0.014879943,0.018056024,0.023274764,0.033245627,0.002345059,2025-01-02,2024-12-31,-0.0019580514322754,0.00430311049928628,0.00430311049928628,1.8516759969067813e-05,0,1,0.030734917
r3_control_nofuture,0,2,-0.02865692,-0.017761521,-0.012784499,-0.009620332,-0.007209024,-0.005232529,-0.0034801401,-0.0019306903,-0.00043958845,0.000905612,0.002281696,0.0036640144,0.0051103365,0.006518494,0.008183758,0.0100225145,0.012163569,0.014712773,0.017711885,0.022767812,0.032266177,0.002281696,2025-01-03,2024-12-31,0.0162327110463588,-0.013951014976373171,0.013951014976373171,0.0001946308188709885,1,1,0.030496385
r3_control_nofuture,0,3,-0.028541733,-0.017834865,-0.01283001,-0.009655537,-0.007272296,-0.005310627,-0.0035749557,-0.002051861,-0.00062619534,0.00067784096,0.0020165,0.0033515869,0.0047454764,0.006111233,0.00772007,0.009528434,0.011608237,0.014114553,0.017114764,0.0221579,0.03177857,0.0020165,2025-01-06,2024-12-31,0.0114272594732095,-0.009410759368990778,0.009410759368990778,8.856239190104772e-05,1,1,0.029944774
r3_control_nofuture,0,4,-0.027913742,-0.017337343,-0.012510748,-0.009449018,-0.0071259453,-0.005235813,-0.0035347692,-0.002054872,-0.0006464459,0.00063841685,0.0019482665,0.0032635988,0.004610303,0.005965411,0.007531132,0.009280064,0.011312758,0.013713723,0.016602594,0.02145915,0.0307657,0.0019482665,2025-01-07,2024-12-31,-0.0180053379483562,0.019953604471315074,0.019953604471315074,0.0003981463313976849,0,0,0.029113341
r3_control_nofuture,0,5,-0.027403444,-0.017164703,-0.012401727,-0.00942722,-0.007182432,-0.005330548,-0.0036991145,-0.002246547,-0.00085785764,0.0004215007,0.0017014551,0.002995485,0.0043245223,0.0056312643,0.0071797445,0.008895069,0.0108789215,0.013245372,0.01613662,0.020907512,0.030174615,0.0017014551,2025-01-08,2024-12-31,0.0001747211656341,0.0015267339320114211,0.0015267339320114211,2.3309164991550547e-06,1,1,0.028538346
r3_control_nofuture,1,1,-0.025648702,-0.016220132,-0.011847343,-0.009030618,-0.0068578636,-0.005052116,-0.0034815983,-0.0020818433,-0.0007572586,0.00044431462,0.001654251,0.0028872327,0.004153651,0.0053903684,0.0068581607,0.008461522,0.010309928,0.012513081,0.015195098,0.01964399,0.028525187,0.001654251,2025-01-10,2025-01-08,-0.0158052357448569,0.017459486757808035,0.017459486757808035,0.0003048336778460741,0,0,0.027042441
r3_control_nofuture,1,2,-0.026372343,-0.01675902,-0.012322936,-0.009466241,-0.007244369,-0.005414284,-0.003778502,-0.0023538475,-0.0009772505,0.00026168372,0.0015092166,0.0027788458,0.0040757353,0.0053522894,0.006864909,0.00852738,0.010441146,0.012735628,0.01544699,0.020002984,0.028855368,0.0015092166,2025-01-13,2025-01-08,-0.0032190134119924,0.0047282300260599545,0.0047282300260599545,2.235615917933492e-05,0,1,0.027769927
r3_control_nofuture,1,3,-0.026651341,-0.017000426,-0.012477189,-0.009528724,-0.007272085,-0.0053973077,-0.0037443836,-0.0022987176,-0.0009492859,0.0002876931,0.0015368054,0.0027873162,0.0040711863,0.005346652,0.006845288,0.008516632,0.010420864,0.012699943,0.015417322,0.020000268,0.028890267,0.0015368054,2025-01-14,2025-01-08,-0.000949868357201,0.0024866737727270325,0.0024866737727270325,6.1835464519684935e-06,0,1,0.027894512
r3_control_nofuture,1,4,-0.026263306,-0.016781777,-0.012392196,-0.009529021,-0.007313649,-0.005493829,-0.0038549614,-0.0024203977,-0.0010445698,0.00020665373,0.001478694,0.0027697142,0.004085472,0.0053911563,0.006903885,0.0085904235,0.010534764,0.012825725,0.015566089,0.020165687,0.029138431,0.001478694,2025-01-15,2025-01-08,0.0227456388589107,-0.021266944828826986,0.021266944828826986,0.00045228294235237086,1,0,0.027958285
r3_control_nofuture,1,5,-0.026285738,-0.016783953,-0.012290561,-0.009428509,-0.0072468715,-0.005451006,-0.0038594126,-0.0024548948,-0.0011051176,0.00013272895,0.0013834619,0.0026493212,0.0039592534,0.005232537,0.00674187,0.008409401,0.010313494,0.01258057,0.01531918,0.019852307,0.028849402,0.0013834619,2025-01-16,2025-01-08,-0.0070306816606343,0.008414143533681355,0.008414143533681355,7.079781140539176e-05,0,1,0.02760974
r3_control_nofuture,2,1,-0.027615197,-0.017461967,-0.012763025,-0.009768125,-0.007490158,-0.005607678,-0.003978774,-0.0025311392,-0.0011620882,7.9354155e-05,0.0013263966,0.0025941143,0.0038932422,0.0051577175,0.0066530425,0.008285489,0.010177283,0.012452306,0.015232039,0.019902833,0.029113248,0.0013263966,2025-01-17,2025-01-16,0.0167374905335007,-0.015411093937814025,0.015411093937814025,0.0002375018163601282,1,0,0.027995065
r3_control_nofuture,2,2,-0.02806509,-0.017689187,-0.01299945,-0.010028139,-0.0077568563,-0.0058963127,-0.0042441543,-0.002801848,-0.0014175267,-0.00017354905,0.0010801079,0.0023489837,0.0036484397,0.0049274545,0.0064446633,0.008117396,0.010072129,0.012431434,0.015271322,0.020047355,0.029036123,0.0010801079,2025-01-21,2025-01-16,0.0058480282944156,-0.004767920419247277,0.004767920419247277,2.2733065124275128e-05,1,1,0.028270772
r3_control_nofuture,2,3,-0.027310133,-0.017092708,-0.012397427,-0.009415306,-0.007170124,-0.005319492,-0.003691787,-0.0022681525,-0.0009435974,0.0002598546,0.0014702937,0.002683435,0.0039363205,0.0051771454,0.006656457,0.008307481,0.010213327,0.012516425,0.015300548,0.019966349,0.028981026,0.0014702937,2025-01-22,2025-01-16,0.0127046313098044,-0.011234337576513072,0.011234337576513072,0.0001262103407830536,1,1,0.027697975
r3_control_nofuture,2,4,-0.027463373,-0.017201953,-0.012494907,-0.009509864,-0.007246767,-0.0054133385,-0.0037772493,-0.002356265,-0.0010059255,0.00021707639,0.0014497598,0.0026920214,0.00396033,0.0052215885,0.00668776,0.008318871,0.010214983,0.012461043,0.015170127,0.019763414,0.028643757,0.0014497598,2025-01-23,2025-01-16,0.0021238649043408,-0.0006741050875899162,0.0006741050875899162,4.544176691146085e-07,1,1,0.027665034
r3_control_nofuture,2,5,-0.02755339,-0.017227948,-0.012457666,-0.009479904,-0.007227526,-0.005386195,-0.00376494,-0.0023297993,-0.00095294625,0.00030734797,0.0015729655,0.0028448792,0.0041440246,0.005412751,0.0069139954,0.008591088,0.010522428,0.01284363,0.015683936,0.020400967,0.029631305,0.0015729655,2025-01-24,2025-01-16,-0.0056671930365897,0.007240158564474362,0.007240158564474362,5.241989603873146e-05,0,1,0.028141603
r3_control_nofuture,3,1,-0.02545645,-0.016374053,-0.012077432,-0.009395823,-0.0073831095,-0.0057389247,-0.004328923,-0.0030790851,-0.0018929781,-0.0008219383,0.0002532457,0.0013446931,0.0024598045,0.0035447911,0.004830013,0.0062352577,0.007866849,0.00984568,0.012291307,0.016501425,0.024777256,0.0002532457,2025-01-27,2025-01-24,-0.0295468110204056,0.029800056720556328,0.029800056720556328,0.0008880433805483744,0,0,0.024368739
r3_control_nofuture,3,2,-0.025716329,-0.0161419,-0.011696272,-0.008934708,-0.0068572233,-0.005170657,-0.0036853035,-0.0023901297,-0.0011491077,-3.7161983e-05,0.001092118,0.002232521,0.0033952824,0.004535319,0.0058794175,0.0073511256,0.009063169,0.011143455,0.0136447195,0.017927932,0.026072603,0.001092118,2025-01-28,2025-01-24,0.0146717071433662,-0.013579589165106279,0.013579589165106279,0.00018440524189307185,1,0,0.025340991
r3_control_nofuture,3,3,-0.025857667,-0.01625649,-0.011765314,-0.008978048,-0.0069009936,-0.005191906,-0.0036893124,-0.002367512,-0.0011315816,-3.8052676e-06,0.0011467215,0.0022917776,0.0034592212,0.004606763,0.005959731,0.00746008,0.00918472,0.011284318,0.013843246,0.018206343,0.026671663,0.0011467215,2025-01-29,2025-01-24,-0.001879765316943,0.0030264868541679483,0.0030264868541679483,9.159622678451403e-06,0,1,0.02560856
r3_control_nofuture,3,4,-0.025043467,-0.015522478,-0.011105126,-0.008370172,-0.0063056406,-0.0046389024,-0.0031423303,-0.0018425856,-0.0006025776,0.0005271684,0.0016806861,0.0028460026,0.004020497,0.0051866723,0.0065210895,0.008007815,0.009733602,0.011808347,0.014315408,0.01859541,0.026849926,0.0016806861,2025-01-30,2025-01-24,0.0042531693936366,-0.0025724832550662914,0.0025724832550662914,6.617670097596462e-06,1,1,0.025420533
r3_control_nofuture,3,5,-0.023730366,-0.014704963,-0.010458978,-0.007852055,-0.0058696787,-0.004244725,-0.0028172191,-0.0015547045,-0.00034444744,0.00076550257,0.001886345,0.0030074362,0.004144509,0.005245342,0.0065415218,0.007977193,0.009631507,0.011630768,0.014094567,0.018274598,0.026419615,0.001886345,2025-01-31,2025-01-24,-0.0014538581500055,0.0033402031304539843,0.0033402031304539843,1.1156956952694596e-05,0,1,0.024553545
r3_control_nofuture,4,1,-0.024512002,-0.015340803,-0.01102951,-0.008269595,-0.0061595147,-0.0044208313,-0.0029133894,-0.0015680953,-0.00029258605,0.0008630488,0.0020180815,0.0031911663,0.0043983986,0.0055808946,0.0069888625,0.008519024,0.010278622,0.012378661,0.01492079,0.019079417,0.026933316,0.0020180815,2025-02-03,2025-01-31,-0.0080355289256325,0.010053610415582918,0.010053610415582918,0.00010107508238831734,0,1,0.0259503
r3_control_nofuture,4,2,-0.025331667,-0.016056586,-0.011729706,-0.008954175,-0.006815571,-0.005064654,-0.0035011326,-0.0021364396,-0.0008113384,0.0003843222,0.001587453,0.002810463,0.004055464,0.005287331,0.0067466213,0.00834691,0.010190137,0.012391411,0.0149863195,0.019294843,0.027228188,0.001587453,2025-02-04,2025-01-31,0.0122007474866569,-0.010613294537632163,0.010613294537632163,0.00011264202094253271,1,1,0.026716026
r3_control_nofuture,4,3,-0.025232451,-0.016067496,-0.011683093,-0.008841179,-0.0066775787,-0.0048861685,-0.003307043,-0.0019202386,-0.00062511687,0.00056297163,0.0017607536,0.0029645278,0.004194931,0.0054152426,0.006856305,0.008454993,0.010277906,0.012453489,0.015044482,0.019336766,0.027346287,0.0017607536,2025-02-05,2025-01-31,0.0045275599157451,-0.002766806345620593,0.002766806345620593,7.65521735416638e-06,1,1,0.026727576
r3_control_nofuture,4,4,-0.025426526,-0.016237378,-0.011885857,-0.009077743,-0.0069229254,-0.0051626656,-0.0035806983,-0.0022013327,-0.00088004605,0.00032006134,0.0015394939,0.0027743806,0.0040313937,0.00528227,0.0067260154,0.008327977,0.010174798,0.012349395,0.0149431415,0.019263513,0.027235074,0.0015394939,2025-02-06,2025-01-31,0.0052061215196083,-0.0036666276086399965,0.0036666276086399965,1.3444158020441059e-05,1,1,0.026828999
r3_control_nofuture,4,5,-0.025022097,-0.015906546,-0.011550868,-0.008782206,-0.006665696,-0.004925317,-0.0033853846,-0.002024338,-0.00071713293,0.00047922396,0.001687619,0.0029020596,0.0041526053,0.0053689964,0.0068015303,0.008390661,0.010203075,0.012357492,0.014963264,0.019244678,0.027312275,0.001687619,2025-02-07,2025-01-31,-0.012693476185179,0.014381095205410067,0.014381095205410067,0.00020681589930706843,0,0,0.026514132
r3_control_nofuture,5,1,-0.026013112,-0.016644472,-0.012117041,-0.009217229,-0.0069998517,-0.005171123,-0.0035884464,-0.00219635,-0.0008885991,0.0002883334,0.0014555616,0.0026400476,0.0038663007,0.005075398,0.0065163746,0.008090965,0.009917667,0.012100868,0.01475702,0.019157426,0.027586924,0.0014555616,2025-02-10,2025-02-07,0.0120323843305453,-0.010576822723400527,0.010576822723400527,0.00011186917892224174,1,1,0.026874062
r3_control_nofuture,5,2,-0.026754033,-0.017172571,-0.012545796,-0.009566614,-0.0072789374,-0.005409229,-0.0037505399,-0.0023164023,-0.0009467995,0.00027578342,0.0014930558,0.002730376,0.0040065493,0.005267236,0.0067621027,0.008415812,0.010324029,0.012604171,0.015310101,0.019815115,0.028236648,0.0014930558,2025-02-11,2025-02-07,-0.0023834161886748,0.0038764720277663393,0.0038764720277663393,1.5027035382054874e-05,0,1,0.027855897
r3_control_nofuture,5,3,-0.027527783,-0.017723395,-0.012911245,-0.009784985,-0.0074193594,-0.0054766433,-0.0037793638,-0.0023098923,-0.00095075276,0.00028754433,0.0015250914,0.0027579828,0.0040355604,0.0053051906,0.006805255,0.008490814,0.010419887,0.012739867,0.015507402,0.020144096,0.028806042,0.0015250914,2025-02-12,2025-02-07,0.0005866681892633,0.0009384231673345408,0.0009384231673345408,8.806380409901916e-07,1,1,0.028418647
r3_control_nofuture,5,4,-0.026872767,-0.017185587,-0.01252792,-0.009522447,-0.0072311643,-0.0053692595,-0.0037066005,-0.002266624,-0.00089768926,0.00033419736,0.0015820361,0.0028409492,0.004137919,0.005429738,0.0069362065,0.008619286,0.010568703,0.012878671,0.015635686,0.020224147,0.028774848,0.0015820361,2025-02-13,2025-02-07,0.0142834775303083,-0.01270144138620817,0.01270144138620817,0.00016132661328728174,1,1,0.028163606
r3_control_nofuture,5,5,-0.026880763,-0.01715296,-0.012405235,-0.009392742,-0.0071232156,-0.0052712043,-0.0036387271,-0.0022110464,-0.00084705534,0.00038978725,0.0016230354,0.0028597945,0.004144609,0.005404521,0.0068994593,0.008568645,0.010476328,0.012745233,0.015469726,0.019925397,0.028432857,0.0016230354,2025-02-14,2025-02-07,0.0041898028200229,-0.0025667674114664384,0.0025667674114664384,6.588294944566121e-06,1,1,0.027874961
r3_control_nofuture,6,1,-0.023589006,-0.014389945,-0.01034092,-0.007819492,-0.005896054,-0.0043209083,-0.0029669239,-0.0017552362,-0.000603735,0.00042632688,0.0014683802,0.0025229286,0.0035940781,0.0046297456,0.005843347,0.007147857,0.008640087,0.010418177,0.012573134,0.016187306,0.023326084,0.0014683802,2025-02-18,2025-02-14,0.002264258246993,-0.0007958780323465415,0.0007958780323465415,6.334218423718027e-07,1,1,0.022914054
r3_control_nofuture,6,2,-0.024569983,-0.015147925,-0.010986841,-0.008380226,-0.0063836183,-0.004757492,-0.0033281206,-0.002086407,-0.00089905015,0.00015945511,0.001232683,0.0023042955,0.0033912214,0.004451384,0.0056899544,0.0070306817,0.008578035,0.010431407,0.012646368,0.016408918,0.023634957,0.001232683,2025-02-19,2025-02-14,0.0002782415312869,0.0009544414288210226,0.0009544414288210226,9.109584410499152e-07,1,1,0.023633208
r3_control_nofuture,6,3,-0.025151717,-0.015441322,-0.011094914,-0.008356663,-0.006280359,-0.0045785597,-0.0030955973,-0.0018018954,-0.000600316,0.00048744213,0.0015892617,0.0026821569,0.0038014387,0.0048903245,0.006159614,0.0075700907,0.009176294,0.011121154,0.013469884,0.0174251,0.025126813,0.0015892617,2025-02-20,2025-02-14,-0.00425376448673,0.005843026180609962,0.005843026180609962,3.4140954947293443e-05,0,1,0.024564799
r3_control_nofuture,6,4,-0.026307374,-0.016602753,-0.012229196,-0.0094341235,-0.0072996486,-0.005560265,-0.004003145,-0.0026469193,-0.001353903,-0.00017363473,0.0010284558,0.0022270572,0.0034302624,0.004615475,0.0059694145,0.0074535217,0.009167845,0.011204535,0.013648336,0.017789835,0.02568861,0.0010284558,2025-02-21,2025-02-14,-0.0209728300712964,0.022001285865153975,0.022001285865153975,0.0004840565797202241,0,0,0.025877532
r3_control_nofuture,6,5,-0.027864547,-0.017477792,-0.012719817,-0.009743729,-0.007501507,-0.005677512,-0.004087358,-0.0026888903,-0.0013548499,-0.00012544182,0.0011145729,0.002358864,0.003604551,0.0048128213,0.006229558,0.007796292,0.0095989695,0.011758386,0.0143743595,0.018701764,0.0269748,0.0011145729,2025-02-24,2025-02-14,-0.0118745394108843,0.012989112274910132,0.012989112274910132,0.00016871703769022107,0,1,0.027094178
r3_control_nofuture,7,1,-0.029599084,-0.018480165,-0.01359301,-0.010611788,-0.008374162,-0.006542341,-0.0049461694,-0.003517963,-0.002149146,-0.0008935244,0.00040451338,0.0017191214,0.0030359505,0.0042974316,0.005760601,0.0073260926,0.009095332,0.011187549,0.0137149375,0.017992761,0.026853513,0.00040451338,2025-02-25,2025-02-24,-0.0126792687616507,0.01308378214446925,0.01308378214446925,0.00017118535520393234,0,1,0.027307946
r3_control_nofuture,7,2,-0.028504299,-0.017209506,-0.01235802,-0.009401539,-0.007188352,-0.0053880317,-0.0037918962,-0.0023900717,-0.0010293896,0.00022179034,0.0015114825,0.0028212091,0.0041467557,0.0054282723,0.006924587,0.008556999,0.0104023395,0.012590414,0.015160761,0.019541388,0.028350009,0.0015114825,2025-02-26,2025-02-24,0.0024127904552501,-0.000901307933358506,0.000901307933358506,8.12355990734981e-07,1,1,0.02751878
r3_control_nofuture,7,3,-0.028291812,-0.01719458,-0.012332701,-0.009370583,-0.007172294,-0.005364573,-0.003764473,-0.0023581558,-0.0010262317,0.00021834986,0.0015180415,0.0028230967,0.004146824,0.005441551,0.0069502336,0.008619309,0.0104843825,0.012682477,0.01528698,0.01966912,0.028527103,0.0015180415,2025-02-27,2025-02-24,-0.0281644308554554,0.029682472332994047,0.029682472332994047,0.0008810491637989571,0,0,0.027619682
r3_control_nofuture,7,4,-0.0280045,-0.016713848,-0.011757771,-0.008736057,-0.006490312,-0.0046813195,-0.0030752039,-0.0016756753,-0.00032810564,0.0009160137,0.0022125542,0.003522243,0.004841814,0.006128949,0.007598216,0.009232144,0.011078006,0.013244819,0.01583806,0.02020163,0.029112848,0.0022125542,2025-02-28,2025-02-24,0.0156682540227465,-0.013455699806361611,0.013455699806361611,0.0001810558572789199,1,1,0.027595831
r3_control_nofuture,7,5,-0.027987884,-0.017102303,-0.012346558,-0.009476652,-0.0073201815,-0.0055476846,-0.003975399,-0.0025743912,-0.0012083316,7.18158e-05,0.0014011542,0.0027554901,0.0041202856,0.0054351245,0.0069637108,0.0086349305,0.010512896,0.012729858,0.015374274,0.01976424,0.028881213,0.0014011542,2025-03-03,2025-02-24,-0.0221255677697012,0.023526721977698225,0.023526721977698225,0.0005535066470159087,0,0,0.027720831
r3_control_nofuture,8,1,-0.031788677,-0.019561322,-0.013818972,-0.010252056,-0.007596333,-0.005448813,-0.0035988204,-0.0019613411,-0.0004112466,0.0010020502,0.002452876,0.0039186636,0.00540527,0.0068616895,0.008570667,0.010426688,0.012592715,0.015186021,0.018357014,0.02363867,0.035070926,0.002452876,2025-03-04,2025-03-03,-0.0030223198621168,0.0054751958152844775,0.0054751958152844775,2.9977769215708654e-05,0,1,0.032175988
r3_control_nofuture,8,2,-0.031683702,-0.02009256,-0.014773111,-0.011378193,-0.0087742405,-0.006658603,-0.004773256,-0.0031298199,-0.0015382408,-0.000100367295,0.0013640908,0.0028519626,0.0043569314,0.0058296775,0.0075565525,0.009478584,0.0117135765,0.014378897,0.017557655,0.023002835,0.034265675,0.0013640908,2025-03-05,2025-03-03,0.0129517834845731,-0.011587692655416761,0.011587692655416761,0.00013427462107639955,1,1,0.032330766
r3_control_nofuture,8,3,-0.030250276,-0.018556818,-0.013061963,-0.00962398,-0.0070394124,-0.0049119773,-0.0030415445,-0.001415327,0.00010481657,0.001511482,0.0029591995,0.004404785,0.005864973,0.007293473,0.008946964,0.0108003365,0.0128992945,0.015408782,0.0184126,0.023599429,0.034717266,0.0029591995,2025-03-06,2025-03-03,-0.0278947565539573,0.03085395603653236,0.03085395603653236,0.0009519666031042715,0,0,0.03147456
r3_control_nofuture,8,4,-0.029784536,-0.018441902,-0.013241506,-0.010035499,-0.0075808675,-0.005575181,-0.0037738304,-0.0022078792,-0.0007053671,0.0006792986,0.002103471,0.0035391813,0.0049920045,0.0064118337,0.008047306,0.00986114,0.011962185,0.014450208,0.01746286,0.02256899,0.03342028,0.002103471,2025-03-07,2025-03-03,0.0073265245917066,-0.005223053627349343,0.005223053627349343,2.7280289194167125e-05,1,1,0.030704368
r3_control_nofuture,8,5,-0.028650384,-0.017442001,-0.012365666,-0.009271046,-0.0069010244,-0.004939695,-0.0031952742,-0.0016536834,-0.00016216555,0.0012056517,0.002596266,0.003994003,0.0053892466,0.006735707,0.00829918,0.010042026,0.012006853,0.014343958,0.017132722,0.021846928,0.032166943,0.002596266,2025-03-10,2025-03-03,-0.0395274139912044,0.042123680093250175,0.042123680093250175,0.001774404424598481,0,0,0.029498387
r3_control_nofuture,9,1,-0.04187353,-0.026523627,-0.01921828,-0.014737565,-0.0114517175,-0.00880774,-0.006542204,-0.004581021,-0.0027513448,-0.0010947711,0.0005773907,0.0022532172,0.0039454186,0.00560656,0.007544239,0.009643565,0.012081794,0.014983192,0.018508416,0.024381356,0.03640499,0.0005773907,2025-03-11,2025-03-10,-0.0023932186100274,0.0029706093278355572,0.0029706093278355572,8.82451977862362e-06,0,1,0.037726697
r3_control_nofuture,9,2,-0.03979544,-0.025513984,-0.018873962,-0.01470384,-0.011584005,-0.009065385,-0.0068436656,-0.0049321493,-0.0031247695,-0.0014970654,0.00013322616,0.0017767812,0.0034488547,0.005104944,0.007061718,0.009246115,0.011797281,0.014839373,0.018477885,0.024661023,0.036809172,0.00013322616,2025-03-12,2025-03-10,0.0112176884525694,-0.011084462292609369,0.011084462292609369,0.00012286530431627893,1,1,0.037351847
r3_control_nofuture,9,3,-0.038544696,-0.023906922,-0.01692774,-0.0126543455,-0.009526258,-0.0069959797,-0.0047959136,-0.0029135942,-0.0011673779,0.00043638155,0.0020627873,0.003684516,0.005345963,0.007000056,0.008941038,0.011132349,0.013607011,0.016531864,0.01996006,0.025735162,0.037203263,0.0020627873,2025-03-13,2025-03-10,-0.018154311388248,0.020217098690086397,0.020217098690086397,0.00040873107944469313,0,0,0.036887802
r3_control_nofuture,9,4,-0.03642455,-0.022377582,-0.015975842,-0.012119388,-0.009208851,-0.0068546915,-0.0047675893,-0.0029510402,-0.0012155236,0.00037495443,0.0020035938,0.0036369734,0.0053103166,0.006956892,0.008891843,0.011061877,0.013580253,0.016569093,0.020143783,0.026073191,0.03777604,0.0020035938,2025-03-14,2025-03-10,0.0238829512030624,-0.0218793573670827,0.0218793573670827,0.000478706278796516,1,0,0.036119625
r3_control_nofuture,9,5,-0.03486908,-0.021110825,-0.014864154,-0.011150072,-0.0083598485,-0.0060704052,-0.0040407823,-0.0022561294,-0.00053020485,0.0010507259,0.002644397,0.0042452863,0.0058706207,0.007461545,0.009332198,0.011429876,0.013810424,0.016625362,0.019915795,0.025318181,0.03652499,0.002644397,2025-03-17,2025-03-10,0.0064628688912079,-0.003818471805675354,0.003818471805675354,1.4580726930737599e-05,1,1,0.03477995
r3_control_nofuture,10,1,-0.031250566,-0.01990471,-0.014591447,-0.011147962,-0.00850532,-0.0063360007,-0.0044644605,-0.0028091269,-0.0012535119,0.00014418602,0.0015400657,0.002952199,0.004398987,0.0058204457,0.007491911,0.009291108,0.011357189,0.013788793,0.016667314,0.021157963,0.029355675,0.0015400657,2025-03-18,2025-03-17,-0.0171943872655979,0.018734453008627017,0.018734453008627017,0.0003509797295324539,0,0,0.031258762
r3_control_nofuture,10,2,-0.031943873,-0.020351345,-0.014972613,-0.011503557,-0.008832649,-0.0066495077,-0.0047172816,-0.0030409652,-0.0014424411,-2.0305859e-05,0.0014014037,0.0028251347,0.004290651,0.0057394365,0.007433355,0.009274318,0.011395409,0.013871984,0.016726295,0.021291493,0.029402185,0.0014014037,2025-03-19,2025-03-17,0.0132926295578243,-0.0118912258717926,0.0118912258717926,0.00014140125273398967,1,1,0.03169891
r3_control_nofuture,10,3,-0.032186136,-0.020671038,-0.015204654,-0.0116323745,-0.008897298,-0.006666852,-0.0047020926,-0.0029991586,-0.0014106109,1.6394537e-05,0.0014363091,0.0028439732,0.0042949882,0.005732074,0.0074112583,0.00926812,0.011374085,0.013856449,0.016730724,0.021342488,0.029662566,0.0014363091,2025-03-20,2025-03-17,-0.0033952971706285,0.004831606244680178,0.004831606244680178,2.3344418903632487e-05,0,1,0.03193538
r3_control_nofuture,10,4,-0.03137448,-0.020381829,-0.01523733,-0.011841996,-0.009191491,-0.0070199757,-0.005076273,-0.0033807564,-0.0017682932,-0.00032685662,0.0011126525,0.0025416669,0.003999937,0.005459322,0.007144801,0.009012406,0.011153489,0.01363722,0.016515817,0.021174964,0.029484417,0.0011126525,2025-03-21,2025-03-17,0.0032913365921815,-0.002178684115304526,0.002178684115304526,4.746664474280266e-06,1,1,0.03175315
r3_control_nofuture,10,5,-0.031079983,-0.02003386,-0.014725358,-0.011303152,-0.008668137,-0.006506299,-0.0046004876,-0.0029195044,-0.0013215741,0.00011244236,0.0015336091,0.002945906,0.004395763,0.0058218706,0.007487965,0.0093248105,0.011406695,0.013827753,0.01666784,0.021177614,0.029543936,0.0015336091,2025-03-24,2025-03-17,0.021706929943018,-0.020173320826568048,0.020173320826568048,0.00040696287317164417,1,0,0.031393196
r3_control_nofuture,11,1,-0.032204416,-0.020313755,-0.014839465,-0.011409912,-0.008805769,-0.0066766054,-0.004850393,-0.0032392838,-0.0017222106,-0.0003553857,0.0010164612,0.0024125688,0.003843104,0.005255369,0.0069278865,0.008765604,0.010894667,0.013446493,0.016539715,0.021681475,0.031575732,0.0010164612,2025-03-25,2025-03-24,0.0056903662580989,-0.0046739050840951205,0.0046739050840951205,2.1845388735130215e-05,1,1,0.03137918
r3_control_nofuture,11,2,-0.032656137,-0.020361114,-0.014729081,-0.0112399515,-0.0086084865,-0.0064873835,-0.0046298136,-0.0030268463,-0.0015044454,-0.00014492613,0.0012181978,0.0026035346,0.004028105,0.005439314,0.007112027,0.008952575,0.011089234,0.013643427,0.016669061,0.021741508,0.031249125,0.0012181978,2025-03-26,2025-03-24,-0.0185720704216408,0.019790268172499764,0.019790268172499764,0.0003916547143394572,0,0,0.03139814
r3_control_nofuture,11,3,-0.03281577,-0.020572674,-0.014895132,-0.011340303,-0.008688532,-0.0065436536,-0.0046839933,-0.003076475,-0.0015898696,-0.00024833612,0.0010941788,0.0024372842,0.0038309197,0.005238188,0.006904225,0.008770211,0.010915728,0.01348412,0.016537912,0.0216507,0.03125199,0.0010941788,2025-03-27,2025-03-24,-0.0057142872803449,0.006808466042631802,0.006808466042631802,4.635520985367035e-05,0,1,0.031433046
r3_control_nofuture,11,4,-0.031314433,-0.019669661,-0.014285585,-0.010907093,-0.008359095,-0.0063160886,-0.0045066057,-0.0029450585,-0.0014656505,-0.00014232623,0.0011837862,0.002522734,0.0038937768,0.0052682054,0.0068719415,0.008668045,0.010750921,0.013220916,0.016179819,0.021194654,0.03071075,0.0011837862,2025-03-28,2025-03-24,-0.0266806043211972,0.027864390517831374,0.027864390517831374,0.000776424258930211,0,0,0.030465404
r3_control_nofuture,11,5,-0.03069403,-0.019218327,-0.013844799,-0.0105248,-0.0080514625,-0.0060530175,-0.0043135425,-0.0027962683,-0.0013619233,-6.609748e-05,0.0012319554,0.002535633,0.0038829856,0.0052067065,0.006780729,0.008531087,0.010542324,0.012948161,0.015876407,0.020778313,0.03032659,0.0012319554,2025-03-31,2025-03-24,-4.261839986240741e-05,0.0012745737642089116,0.0012745737642089116,1.6245382804096743e-06,0,1,0.029721206
r3_control_nofuture,12,1,-0.039011646,-0.026078222,-0.019971732,-0.016092528,-0.013168186,-0.010792144,-0.008761359,-0.0069948053,-0.0053564794,-0.0038808829,-0.0024065606,-0.0009453817,0.0005136174,0.00190944,0.0035219756,0.005251514,0.0072270827,0.009590326,0.012480686,0.017350042,0.027036114,-0.0024065606,2025-04-01,2025-03-31,0.008028885226021,-0.010435445809061118,0.010435445809061118,0.00010889852923385126,0,1,0.03245242
r3_control_nofuture,12,2,-0.03824559,-0.024866527,-0.018603072,-0.01464526,-0.01165549,-0.009234276,-0.0071143024,-0.0052899346,-0.0035713392,-0.002031503,-0.0004883056,0.0010498565,0.0025937606,0.0040875003,0.005818095,0.00769521,0.009840053,0.012386753,0.015380654,0.020388264,0.029867714,-0.0004883056,2025-04-02,2025-03-31,0.0072718289363885,-0.007760134517190762,0.007760134517190762,6.02196877248955e-05,0,1,0.033983726
r3_control_nofuture,12,3,-0.03906606,-0.025109628,-0.01849266,-0.014335858,-0.011240323,-0.008716825,-0.0065285247,-0.004639961,-0.002891256,-0.0012980984,0.00031298312,0.0019057367,0.0034994804,0.005040665,0.0068097766,0.008749069,0.010909206,0.013458953,0.016425768,0.02136968,0.0307818,0.00031298312,2025-04-03,2025-03-31,-0.0550196670342254,0.055332650150826064,0.055332650150826064,0.0030617021727137117,0,0,0.034918427
r3_control_nofuture,12,4,-0.037283212,-0.024274444,-0.01822742,-0.014354492,-0.011360247,-0.00892128,-0.0067474116,-0.0048489682,-0.0030425664,-0.0014061437,0.0002480583,0.0018791743,0.0035167679,0.005109966,0.00693818,0.00896319,0.011268387,0.013986734,0.017213445,0.022574151,0.03255704,0.0002480583,2025-04-04,2025-03-31,-0.0641214226206691,0.06436948091228688,0.06436948091228688,0.004143430072917264,0,0,0.035440866
r3_control_nofuture,12,5,-0.0382242,-0.02481821,-0.0184314,-0.014466492,-0.011468667,-0.009036112,-0.00690779,-0.0050527966,-0.0032874316,-0.0016807048,-5.625491e-05,0.001568439,0.003209735,0.004791296,0.006628165,0.008635606,0.01089645,0.013573146,0.01673822,0.021906115,0.031874906,-5.625491e-05,2025-04-07,2025-03-31,0.0024102617604426,-0.0024665166707477423,0.0024665166707477423,6.083704487076527e-06,0,1,0.03516962
r3_control_nofuture,13,1,-0.054634504,-0.03226719,-0.022041153,-0.016073743,-0.011864016,-0.008592522,-0.005881159,-0.003580961,-0.0014701148,0.0004274964,0.0023501825,0.004316474,0.006354521,0.008394514,0.01082864,0.013538921,0.016758887,0.020597124,0.025299385,0.033254337,0.05059892,0.0023501825,2025-04-08,2025-04-07,-0.0181726239501133,0.020522806455437782,0.020522806455437782,0.0004211855848073587,0,1,0.04734054
r3_control_nofuture,13,2,-0.05014084,-0.02906051,-0.01961861,-0.014064452,-0.010133034,-0.007090241,-0.004497149,-0.0023032643,-0.00022087648,0.0016633997,0.0035718216,0.0055610794,0.007635683,0.0097159855,0.012192665,0.01501102,0.018279288,0.022075279,0.026554449,0.034393165,0.051407732,0.0035718216,2025-04-09,2025-04-07,0.1133561355938327,-0.10978431398432073,0.10978431398432073,0.01205259559700792,1,0,0.04617306
r3_control_nofuture,13,3,-0.049298774,-0.027984979,-0.018409727,-0.0128731895,-0.008976217,-0.0059253303,-0.0033243834,-0.00112238,0.0009208586,0.002832782,0.004808111,0.0068131895,0.008899678,0.010992972,0.013432909,0.016258107,0.019479023,0.023274153,0.027732305,0.035726566,0.0528659,0.004808111,2025-04-10,2025-04-07,-0.0434630592648422,0.048271170381132295,0.048271170381132295,0.002330105889964304,0,0,0.046142034
r3_control_nofuture,13,4,-0.04720437,-0.027192174,-0.018507391,-0.013484709,-0.009851217,-0.006981378,-0.0044880304,-0.0023650422,-0.0003453783,0.0015064781,0.0034104595,0.0053451224,0.00737059,0.009366479,0.01173467,0.014442692,0.017612536,0.021391,0.025980974,0.03398974,0.051031753,0.0034104595,2025-04-11,2025-04-07,0.0182553268187664,-0.014844867322685525,0.014844867322685525,0.00022037008582813651,1,1,0.044488363
r3_control_nofuture,13,5,-0.047306493,-0.027194371,-0.01859875,-0.013737654,-0.010240506,-0.0074361875,-0.0050021093,-0.002902795,-0.0009054084,0.00091631955,0.0027760556,0.0046657827,0.00663611,0.008588981,0.010924511,0.013573797,0.016616235,0.020254469,0.024534691,0.03197376,0.04821363,0.0027760556,2025-04-14,2025-04-07,0.0067552995668467,-0.003979243970077844,0.003979243970077844,1.583438257340088e-05,1,1,0.04313344
r3_control_nofuture,14,1,-0.057180177,-0.03142477,-0.020904902,-0.01475693,-0.010360797,-0.0069066435,-0.003992132,-0.0014569792,0.0009081734,0.0030613258,0.0052409675,0.007490238,0.009890692,0.01239999,0.015482476,0.019017948,0.023380924,0.028717354,0.0354646,0.04725866,0.073394366,0.0052409675,2025-04-15,2025-04-14,0.0011141871880984,0.004126780309131176,0.004126780309131176,1.7030315719832806e-05,1,1,0.056369502
r3_control_nofuture,14,2,-0.058305852,-0.0323653,-0.021669209,-0.015498819,-0.011084703,-0.0076589957,-0.004739227,-0.002241738,0.00012809993,0.002249313,0.0043781707,0.006591101,0.008986805,0.011463068,0.0144977495,0.018055167,0.022327315,0.027450258,0.03360931,0.044749837,0.06899949,0.0043781707,2025-04-16,2025-04-14,-0.0306175438074634,0.03499571451379513,0.03499571451379513,0.001224700034331051,0,0,0.055278517
r3_control_nofuture,14,3,-0.06116028,-0.035762783,-0.025008602,-0.018564373,-0.013928515,-0.010293736,-0.007191526,-0.0045801504,-0.0021810336,-4.2794272e-06,0.0021771789,0.0043689692,0.0067247674,0.009171329,0.012179199,0.01573825,0.020002645,0.025216185,0.031497538,0.042931486,0.067202695,0.0021771789,2025-04-17,2025-04-14,-0.0001801269644221,0.0023573058241327933,0.0023573058241327933,5.556890748490388e-06,0,1,0.056506142
r3_control_nofuture,14,4,-0.057421237,-0.03366115,-0.023964329,-0.018066077,-0.013684286,-0.010215945,-0.0071976557,-0.004619981,-0.0022082217,-4.369422e-05,0.0021290868,0.004297956,0.0065920725,0.008963148,0.011851997,0.015230633,0.019362673,0.024431823,0.0307974,0.04244871,0.06722018,0.0021290868,2025-04-21,2025-04-14,-0.0250580153959914,0.02718710215493281,0.02718710215493281,0.0007391385235827523,0,0,0.05476173
r3_control_nofuture,14,5,-0.05738433,-0.033307884,-0.023288263,-0.017419843,-0.013116593,-0.009696423,-0.0067423442,-0.0041798875,-0.0017526911,0.0004167888,0.0025562546,0.0047070608,0.0069702975,0.009272864,0.012058955,0.015273936,0.019110786,0.023807233,0.029633421,0.040248208,0.06403042,0.0025562546,2025-04-22,2025-04-14,0.0259134332554924,-0.023357178633897257,0.023357178633897257,0.0005455577937357865,1,1,0.052921683
r3_control_nofuture,15,1,-0.06272886,-0.03758035,-0.02742215,-0.021203052,-0.016577423,-0.0128703425,-0.009760251,-0.0071041747,-0.0046612862,-0.0025094398,-0.00037760625,0.0017812469,0.0039758575,0.006146143,0.008708612,0.0115803005,0.01496334,0.019076254,0.024114985,0.032380197,0.048110154,-0.00037760625,2025-04-23,2025-04-22,0.0224248238239601,-0.02280243007523713,0.02280243007523713,0.0005199508173360788,0,1,0.051537134
r3_control_nofuture,15,2,-0.05941078,-0.03355954,-0.02330072,-0.017167106,-0.0126745505,-0.009137017,-0.0061189104,-0.003547817,-0.0011349774,0.001012355,0.0031785513,0.005399302,0.007738091,0.010085943,0.012873226,0.015998103,0.019657686,0.023971358,0.028989447,0.037230823,0.052760337,0.0031785513,2025-04-24,2025-04-22,0.0277484574523899,-0.024569906124952738,0.024569906124952738,0.0006036802869889901,1,1,0.052290168
r3_control_nofuture,15,3,-0.06274452,-0.03670456,-0.026254058,-0.019870821,-0.015198035,-0.011500319,-0.008323583,-0.0056348275,-0.0031536887,-0.0009408862,0.001267826,0.003476215,0.005791003,0.0081204055,0.01090467,0.014077543,0.017775744,0.02221781,0.027414601,0.03603632,0.051525883,0.001267826,2025-04-25,2025-04-22,0.011086321613221,-0.00981849566142125,0.00981849566142125,9.640285705334789e-05,1,1,0.05366866
r3_control_nofuture,15,4,-0.061402015,-0.0355947,-0.025389496,-0.01913242,-0.014523841,-0.010915321,-0.0077860095,-0.0051132767,-0.0026182397,-0.0003858637,0.001850056,0.0040842867,0.006408514,0.008774472,0.01155027,0.014719383,0.01842897,0.022840021,0.02801035,0.0365549,0.05220909,0.001850056,2025-04-28,2025-04-22,-0.000317395460089,0.0021674514564175924,0.0021674514564175924,4.697845815926743e-06,0,1,0.053399846
r3_control_nofuture,15,5,-0.06350126,-0.037355006,-0.026719768,-0.020421892,-0.015816322,-0.012157763,-0.009008043,-0.006279537,-0.0037166118,-0.0014402772,0.0008068935,0.0030524372,0.005383908,0.007707697,0.010463952,0.013568807,0.01718538,0.021484774,0.02658196,0.034877658,0.05072047,0.0008068935,2025-04-29,2025-04-22,0.006582719271051,-0.005775825757978718,0.005775825757978718,3.336016318653043e-05,1,1,0.05330173
r3_control_nofuture,16,1,-0.04322833,-0.02589882,-0.018392246,-0.013849691,-0.010524947,-0.007873413,-0.005641811,-0.0037319832,-0.0019768304,-0.00044766907,0.0010315498,0.0025147502,0.0040404284,0.0055401926,0.007328374,0.009289178,0.01157965,0.014344363,0.017780153,0.02374937,0.03640606,0.0010315498,2025-04-30,2025-04-29,-0.0001262823046468,0.001157832068512569,0.001157832068512569,1.3405750988760942e-06,0,1,0.036172397
r3_control_nofuture,16,2,-0.04541205,-0.027504206,-0.019753411,-0.015069945,-0.01164282,-0.008916875,-0.0065785223,-0.0046057682,-0.0027926653,-0.0012263054,0.0002963267,0.0018181589,0.0033966731,0.0049765203,0.0068609626,0.008941956,0.0114033455,0.014398799,0.018058524,0.024492605,0.037740078,0.0002963267,2025-05-01,2025-04-29,0.0129762214003989,-0.01267989469700693,0.01267989469700693,0.00016077972952718446,1,1,0.037811935
r3_control_nofuture,16,3,-0.04869862,-0.029710114,-0.021370374,-0.0162332,-0.012495811,-0.009518118,-0.0069827,-0.004835033,-0.0028859116,-0.0011638551,0.0005169667,0.0021626768,0.0038861362,0.005610989,0.007660652,0.009962547,0.012642545,0.015883768,0.01981931,0.026780471,0.041206986,0.0005169667,2025-05-02,2025-04-29,0.0147348106264559,-0.014217843942665813,0.014217843942665813,0.00020214708637799893,1,1,0.041189685
r3_control_nofuture,16,4,-0.047916405,-0.029088918,-0.020767683,-0.015629569,-0.011899971,-0.008980753,-0.00646419,-0.004324073,-0.0023417068,-0.0005964078,0.001118859,0.0028069369,0.0045396835,0.006286238,0.008332264,0.010630107,0.013336422,0.016571473,0.02054968,0.02765869,0.04224261,0.001118859,2025-05-05,2025-04-29,-0.0059502235541234,0.007069082597468255,0.007069082597468255,4.9971928769828535e-05,0,1,0.041317362
r3_control_nofuture,16,5,-0.049128957,-0.029974645,-0.021262428,-0.016026245,-0.0122613,-0.0092935,-0.006758723,-0.004585731,-0.002562052,-0.00076527474,0.0009727613,0.0026869604,0.004447825,0.006195742,0.008278515,0.010608687,0.013334366,0.016637318,0.020785859,0.02814251,0.043487664,0.0009727613,2025-05-06,2025-04-29,-0.0093452137546637,0.010317975061575406,0.010317975061575406,0.00010646060937129201,0,1,0.042048287
r3_control_nofuture,17,1,-0.033724856,-0.020701045,-0.014753795,-0.011185629,-0.008586875,-0.006517189,-0.0047582677,-0.003236847,-0.0018175823,-0.0005567247,0.0006878609,0.0019480726,0.0032455837,0.0045121354,0.0060260245,0.0076835393,0.009617317,0.0119503755,0.0148453945,0.019934047,0.03058812,0.0006878609,2025-05-07,2025-05-06,0.0039182470565704,-0.0032303861727980268,0.0032303861727980268,1.0435394825404683e-05,1,1,0.02959919
r3_control_nofuture,17,2,-0.034615688,-0.02078454,-0.014523779,-0.010785684,-0.008063629,-0.0059121354,-0.004059328,-0.002485694,-0.0010139614,0.00029476266,0.0015924489,0.0029124483,0.0042684614,0.0056063384,0.0071901176,0.008932585,0.010937239,0.013354545,0.016275939,0.02142214,0.032082736,0.0015924489,2025-05-08,2025-05-06,0.0102719106676757,-0.00867946175511476,0.00867946175511476,7.53330563584998e-05,1,1,0.030799717
r3_control_nofuture,17,3,-0.03541522,-0.021626601,-0.01525108,-0.011371725,-0.008559373,-0.00631285,-0.004391061,-0.0027546664,-0.0012690978,6.426952e-05,0.001396978,0.0027275044,0.004109869,0.005491953,0.007133418,0.008987372,0.011123104,0.013725674,0.016905801,0.02249529,0.033922598,0.001396978,2025-05-09,2025-05-06,-0.0006555760675333,0.0020525541086904263,0.0020525541086904263,4.2129783691019505e-06,0,1,0.03215688
r3_control_nofuture,17,4,-0.035344876,-0.021499995,-0.015125269,-0.011257358,-0.0084444815,-0.006227639,-0.0042848825,-0.002632734,-0.0010894638,0.0002918293,0.001681867,0.0030908622,0.004532122,0.0059638727,0.007629701,0.009500916,0.011686295,0.014318123,0.017546538,0.023241108,0.034810193,0.001681867,2025-05-12,2025-05-06,0.0399322495802159,-0.03825038252462098,0.03825038252462098,0.0014630917632798299,1,0,0.03267181
r3_control_nofuture,17,5,-0.03615654,-0.022010528,-0.015505085,-0.011610325,-0.008793274,-0.0065479963,-0.0046058055,-0.00292671,-0.0013499997,8.291495e-05,0.0015044578,0.0029255738,0.0043909084,0.0058222977,0.0075333947,0.00944999,0.011671265,0.014373464,0.017732475,0.02360695,0.03555974,0.0015044578,2025-05-13,2025-05-06,0.0151259548104088,-0.013621497021866887,0.013621497021866887,0.00018554518111672845,1,1,0.03323756
r3_control_nofuture,18,1,-0.037556987,-0.022314237,-0.015463118,-0.011371881,-0.008381358,-0.006014714,-0.0040122066,-0.002257426,-0.0006044606,0.0008594612,0.002340104,0.0038268534,0.005346706,0.0068579474,0.008655141,0.01062624,0.012932221,0.015726514,0.019175887,0.025081601,0.037814606,0.002340104,2025-05-14,2025-05-13,0.0059749636077516,-0.003634859642498962,0.003634859642498962,1.3212204620667681e-05,1,1,0.034639005
r3_control_nofuture,18,2,-0.037267763,-0.021981582,-0.015118307,-0.01102126,-0.008030998,-0.0056786053,-0.0036569831,-0.001931932,-0.00029254693,0.0011461637,0.0025910726,0.00404045,0.0055350205,0.0070052734,0.008724102,0.010616348,0.012790884,0.015387218,0.018497238,0.023965511,0.035790514,0.0025910726,2025-05-15,2025-05-13,0.0010982583778365,0.0014928142038719313,0.0014928142038719313,2.2284942472817883e-06,1,1,0.033615544
r3_control_nofuture,18,3,-0.038038637,-0.022990264,-0.016151043,-0.01202345,-0.0090368455,-0.0066751344,-0.0046544466,-0.0029279757,-0.0013430056,6.874517e-05,0.0014799119,0.0028677164,0.0042872364,0.005699871,0.007348759,0.009183854,0.011276258,0.013820888,0.016916994,0.022389343,0.034568794,0.0014799119,2025-05-16,2025-05-13,0.0043432203983596,-0.0028633085475942522,0.0028633085475942522,8.198535838726305e-06,1,1,0.03306804
r3_control_nofuture,18,4,-0.03748117,-0.022912782,-0.01625183,-0.012198752,-0.00925621,-0.006952144,-0.004936645,-0.0032326917,-0.0016494286,-0.00025259366,0.0011285146,0.0025033434,0.0038916576,0.005300292,0.0069273077,0.008751683,0.010875495,0.013415836,0.016526733,0.022049256,0.034086436,0.0011285146,2025-05-19,2025-05-13,0.0009583433256819,0.00017017132087060309,0.00017017132087060309,2.8958278446845752e-08,1,1,0.03277856
r3_control_nofuture,18,5,-0.038287416,-0.023267334,-0.016286973,-0.012114427,-0.009105836,-0.006734563,-0.004712385,-0.002976259,-0.0013543637,0.00010098785,0.0015423435,0.0029657674,0.0044083362,0.005830176,0.007517267,0.009412304,0.0116194505,0.014312188,0.017683182,0.023537897,0.03620183,0.0015423435,2025-05-20,2025-05-13,-0.0033391093596311,0.004881452884847083,0.004881452884847083,2.3828582266981913e-05,0,1,0.033970155
r3_control_nofuture,19,1,-0.026002891,-0.014859671,-0.009867188,-0.006885512,-0.0047265757,-0.0030200784,-0.0015900178,-0.00034979393,0.00079853414,0.0018109034,0.002808244,0.0038130395,0.0048634964,0.0059178756,0.007209379,0.008644525,0.01034676,0.012438291,0.015084704,0.019774744,0.030008933,0.002808244,2025-05-21,2025-05-20,-0.0139940590403456,0.016802303007938314,0.016802303007938314,0.00028231738637057293,0,0,0.024951892
r3_control_nofuture,19,2,-0.026759138,-0.015486015,-0.010458014,-0.0074421335,-0.005262209,-0.0035378076,-0.0020568063,-0.0007861586,0.0004140124,0.0014737389,0.002537232,0.0036107074,0.00474522,0.0058811028,0.0072473716,0.008774169,0.010569354,0.012779631,0.015471909,0.020304333,0.0307036,0.002537232,2025-05-22,2025-05-20,0.0018696071697671,0.0006676247225802358,0.0006676247225802358,4.457227702003368e-07,1,1,0.025929924
r3_control_nofuture,19,3,-0.02718489,-0.015963962,-0.01092817,-0.007877104,-0.005676068,-0.0039226064,-0.0024195844,-0.0011263803,5.724607e-05,0.0011270163,0.002195307,0.003253508,0.0043634963,0.005476522,0.0068109627,0.008327494,0.010103896,0.012319569,0.015085755,0.020060679,0.030935392,0.002195307,2025-05-23,2025-05-20,-0.0093039712073844,0.011499278261009984,0.011499278261009984,0.0001322334005241368,0,1,0.026013926
r3_control_nofuture,19,4,-0.027502844,-0.01590886,-0.010636717,-0.007453263,-0.0051833093,-0.0034293234,-0.0019149977,-0.0006521925,0.0005088495,0.0015409823,0.0025749607,0.0036207656,0.0047086338,0.005830409,0.0071432684,0.008642727,0.010428797,0.012621977,0.0153540205,0.020249886,0.030775031,0.0025749607,2025-05-27,2025-05-20,0.0232527545324052,-0.020677793831237617,0.020677793831237617,0.0004275711577271684,1,0,0.025990738
r3_control_nofuture,19,5,-0.026653852,-0.015569301,-0.010420675,-0.0073284134,-0.0051346147,-0.0034054564,-0.0019424121,-0.00069190096,0.00045823125,0.0014897839,0.0025053334,0.0035211863,0.0045899623,0.00566213,0.006962651,0.008445811,0.01021075,0.012403072,0.015217198,0.020241925,0.030946957,0.0025053334,2025-05-28,2025-05-20,-0.0044418334763505,0.006947166872025325,0.006947166872025325,4.826312754776613e-05,0,1,0.025637873
r3_control_nofuture,20,1,-0.028184675,-0.015706033,-0.010198561,-0.0068689766,-0.0044452935,-0.0025173817,-0.00090481096,0.0004986358,0.0018022949,0.0029378245,0.0040600635,0.0051861275,0.006371883,0.007577406,0.009051841,0.01068333,0.012623568,0.014986847,0.017934987,0.02296449,0.033827756,0.0040600635,2025-05-29,2025-05-28,0.0019639752028101,0.002096088308323094,0.002096088308323094,4.39358619628877e-06,1,1,0.028133549
r3_control_nofuture,20,2,-0.031617656,-0.018680446,-0.01298704,-0.009534417,-0.007005614,-0.0049953824,-0.0032521458,-0.0017469908,-0.00032322796,0.0009314269,0.002181263,0.0034357994,0.004751042,0.0060642203,0.007628849,0.009358432,0.011390228,0.01384608,0.016816318,0.022019168,0.033049285,0.002181263,2025-05-30,2025-05-28,-0.0015784410679426,0.003759704009973626,0.003759704009973626,1.4135374242611763e-05,0,1,0.029803358
r3_control_nofuture,20,3,-0.032869667,-0.019408222,-0.013486582,-0.009894036,-0.007276848,-0.005186476,-0.0033883876,-0.001827278,-0.00039169623,0.00090487854,0.0021934132,0.0034736772,0.00482141,0.006171291,0.0077663916,0.009569926,0.011665515,0.014224805,0.017365878,0.022822589,0.03445806,0.0021934132,2025-06-02,2025-05-28,0.0078670558887939,-0.005673642679623798,0.005673642679623798,3.219022125604871e-05,1,1,0.03085246
r3_control_nofuture,20,4,-0.03585909,-0.021662015,-0.01522235,-0.011309329,-0.008512326,-0.0063378518,-0.004457228,-0.0028722412,-0.0013986685,-8.820288e-05,0.0012192227,0.0025341106,0.0038925288,0.005278572,0.0068835453,0.008669243,0.010775227,0.013298866,0.016394958,0.021922316,0.03362696,0.0012192227,2025-06-03,2025-05-28,0.0077867852550475,-0.006567562583695173,0.006567562583695173,4.3132878290752816e-05,1,1,0.031617306
r3_control_nofuture,20,5,-0.03940819,-0.024524184,-0.017597277,-0.013418262,-0.010437922,-0.008107769,-0.0061424277,-0.0044650263,-0.0029170355,-0.001529209,-0.00018043327,0.0011661756,0.0025608852,0.003953991,0.0056186244,0.0074782125,0.009655796,0.012315102,0.01570272,0.021690417,0.034738995,-0.00018043327,2025-06-04,2025-05-28,0.0027838905447119,-0.0029643238161646845,0.0029643238161646845,8.787215687081159e-06,0,1,0.033299997
r3_control_nofuture,21,1,-0.02588544,-0.015191241,-0.010369093,-0.007530515,-0.005488674,-0.003885167,-0.002551733,-0.0014127921,-0.00037396466,0.00053411984,0.0014157637,0.0023110784,0.0032546818,0.0041991216,0.0053531257,0.0066432757,0.008165348,0.010042787,0.012380807,0.01643929,0.024974538,0.0014157637,2025-06-05,2025-06-04,-0.0075554929194903,0.008971256668299996,0.008971256668299996,8.048344620851714e-05,0,1,0.0227499
r3_control_nofuture,21,2,-0.027150689,-0.016003916,-0.010989826,-0.0080047315,-0.0058543896,-0.0041641425,-0.0027185054,-0.0014989718,-0.00036924297,0.00061535893,0.0015852347,0.0025666545,0.0035886355,0.004614798,0.00585467,0.0072454102,0.00888713,0.010912518,0.013387641,0.017674726,0.026536513,0.0015852347,2025-06-06,2025-06-04,0.0097279604898317,-0.008142725834764376,0.008142725834764376,6.63039840201392e-05,1,1,0.024377467
r3_control_nofuture,21,3,-0.02822153,-0.016670993,-0.011449395,-0.008315453,-0.0060585598,-0.004273883,-0.0027647458,-0.0014860912,-0.00033654866,0.00068842294,0.0017033182,0.0027142824,0.00377359,0.004840521,0.006132938,0.0076136887,0.009349171,0.011492038,0.01412548,0.0186648,0.028044546,0.0017033182,2025-06-09,2025-06-04,0.0014708382734977,0.00023247993495833933,0.00023247993495833933,5.4046920158233684e-08,1,1,0.025574874
r3_control_nofuture,21,4,-0.028622745,-0.016678112,-0.011274569,-0.008051037,-0.005749588,-0.0039679073,-0.0024367613,-0.001166859,-8.067756e-06,0.0010178147,0.0020393005,0.0030731729,0.004142521,0.0052293716,0.006504625,0.007955324,0.009680295,0.011784338,0.014373606,0.018869204,0.028104665,0.0020393005,2025-06-10,2025-06-04,0.0065921311245814,-0.004552830613921586,0.004552830613921586,2.072826659906161e-05,1,1,0.025648175
r3_control_nofuture,21,5,-0.027829042,-0.01627796,-0.0110204015,-0.007930361,-0.005728497,-0.003993935,-0.002514545,-0.00125177,-8.5443375e-05,0.0009548231,0.001980422,0.0029988333,0.0040584235,0.005108102,0.006380192,0.007829855,0.009517538,0.011605142,0.014243347,0.018817857,0.028259855,0.001980422,2025-06-11,2025-06-04,-0.0033752755068301,0.00535569757149208,0.00535569757149208,2.8683496477286162e-05,0,1,0.025263749
r3_control_nofuture,22,1,-0.02406945,-0.014132384,-0.009576483,-0.006797652,-0.0047376216,-0.0031003673,-0.001726225,-0.00051450054,0.0006172537,0.0016036145,0.0025883592,0.0035646888,0.004563515,0.0055516018,0.0067424066,0.008034405,0.0095443055,0.011387832,0.013678512,0.017607605,0.025768297,0.0025883592,2025-06-12,2025-06-11,0.0023450663962047,0.0002432927771825891,0.0002432927771825891,5.919137542921695e-08,1,1,0.023254994
r3_control_nofuture,22,2,-0.02503804,-0.014994703,-0.0104386825,-0.007638688,-0.0055596004,-0.0039026742,-0.0024666772,-0.0012233201,-3.7681486e-05,0.001008055,0.0020700027,0.0031207316,0.0042171213,0.0052886177,0.006552816,0.007947424,0.009574356,0.011550971,0.01392022,0.018031111,0.026305439,0.0020700027,2025-06-13,2025-06-11,-0.0126340459741755,0.014704048697660732,0.014704048697660732,0.00021620904810317826,0,0,0.024358902
r3_control_nofuture,22,3,-0.024462583,-0.01438776,-0.009782871,-0.0069240723,-0.004786838,-0.00306131,-0.0015784032,-0.0002941807,0.00087972375,0.0019278906,0.0029888684,0.004039589,0.0051329397,0.0061990544,0.007455534,0.008887704,0.010548455,0.012602614,0.015123199,0.01943818,0.028260939,0.0029888684,2025-06-16,2025-06-11,0.0138140006813333,-0.01082513228832936,0.01082513228832936,0.00011718348905983085,1,1,0.024906069
r3_control_nofuture,22,4,-0.026239855,-0.01603229,-0.011305613,-0.008400723,-0.006261006,-0.0045696246,-0.0030806414,-0.0018206034,-0.0006498557,0.00040727574,0.0014816197,0.0025551848,0.0036439984,0.0047460846,0.0060075903,0.007415786,0.009071211,0.011074492,0.01353395,0.017784817,0.026248176,0.0014816197,2025-06-17,2025-06-11,-0.0097990910258465,0.011280710689383048,0.011280710689383048,0.00012725443365756096,0,1,0.024839563
r3_control_nofuture,22,5,-0.025405481,-0.015401412,-0.010736351,-0.007889057,-0.0057782843,-0.0040745623,-0.0026074213,-0.001325669,-0.0001312684,0.00095537526,0.002036402,0.003112627,0.004187761,0.005238681,0.006480204,0.007877268,0.009526805,0.011548221,0.014079306,0.018429816,0.027254973,0.002036402,2025-06-18,2025-06-11,-0.0001701389445068,0.0022065409464837667,0.0022065409464837667,4.868822948509477e-06,0,1,0.024815656
r3_control_nofuture,23,1,-0.030330127,-0.01916199,-0.014409033,-0.0114788255,-0.009246234,-0.0074373544,-0.005896238,-0.004531543,-0.0032350372,-0.0020826303,-0.0009174088,0.00025168963,0.0014233047,0.0025574376,0.0038948567,0.0053511034,0.0070216837,0.009032214,0.01148943,0.015617822,0.023790507,-0.0009174088,2025-06-20,2025-06-18,-0.0040915768853702,0.0031741680953964943,0.0031741680953964943,1.0075343097833008e-05,1,1,0.025898464
r3_control_nofuture,23,2,-0.025235089,-0.014497463,-0.009849403,-0.0069516944,-0.0047473535,-0.002957658,-0.0013894557,-3.3991062e-05,0.0012588074,0.0024130072,0.0035947186,0.0047584134,0.0059521357,0.007100393,0.008451768,0.009931123,0.01161651,0.013649535,0.016086098,0.020209037,0.02842709,0.0035947186,2025-06-23,2025-06-18,0.010229907948158,-0.00663518930748782,0.00663518930748782,4.4025737146200694e-05,1,1,0.0259355
r3_control_nofuture,23,3,-0.031051416,-0.01949253,-0.014528584,-0.011438999,-0.009122163,-0.007246857,-0.0056175473,-0.0041968585,-0.0028882746,-0.0016975065,-0.00047889136,0.0007139444,0.0019218647,0.0030850861,0.0044366824,0.0059062014,0.0075632385,0.009540498,0.011925259,0.015953409,0.024026874,-0.00047889136,2025-06-24,2025-06-18,0.0151763313518629,-0.015655222716627323,0.015655222716627323,0.0002450859983072042,0,0,0.026453841
r3_control_nofuture,23,4,-0.025805881,-0.0149921775,-0.010286404,-0.007305671,-0.0050509963,-0.00323512,-0.0016027573,-0.00021139643,0.0010791349,0.0022375414,0.0034144572,0.0045864503,0.005764744,0.0069388086,0.008277994,0.009784377,0.011525267,0.013604267,0.016107759,0.020319559,0.028864648,0.0034144572,2025-06-25,2025-06-18,0.0025531589790425,0.0008612982191899122,0.0008612982191899122,7.418346223797141e-07,1,1,0.026394162
r3_control_nofuture,23,5,-0.029454166,-0.018347,-0.013463435,-0.010422812,-0.008143091,-0.0062843254,-0.0046748826,-0.0032704955,-0.001951941,-0.0007505917,0.00045596735,0.0016527418,0.002849468,0.004002152,0.0053609335,0.0068682274,0.008608946,0.01071357,0.013298338,0.017600907,0.02628265,0.00045596735,2025-06-26,2025-06-18,0.0093067663125734,-0.00885079895821802,0.00885079895821802,7.83366421987932e-05,1,1,0.026761774
r3_control_nofuture,24,1,-0.026326967,-0.016039569,-0.0112681445,-0.008347337,-0.0061552124,-0.004404988,-0.0029322947,-0.0016369636,-0.00042592967,0.00063732604,0.0016990035,0.0027637207,0.0038468724,0.004907078,0.0061743613,0.007551862,0.00913667,0.011045418,0.013387759,0.017282022,0.025235811,0.0016990035,2025-06-27,2025-06-26,0.0034178809242628,-0.0017188774168796321,0.0017188774168796321,2.9545395742587965e-06,1,1,0.024655905
r3_control_nofuture,24,2,-0.026399821,-0.016110642,-0.011348958,-0.008411576,-0.006212552,-0.0044511333,-0.0029297548,-0.0016223534,-0.00038209034,0.00070238166,0.0018042023,0.0028973166,0.004018566,0.005112949,0.0064035235,0.0078079794,0.00942004,0.011359708,0.013673752,0.017568111,0.025487214,0.0018042023,2025-06-30,2025-06-26,0.0064561060768522,-0.0046519037474848,0.0046519037474848,2.164020847586313e-05,1,1,0.02502271
r3_control_nofuture,24,3,-0.027589327,-0.01697128,-0.012028711,-0.008957452,-0.0066698696,-0.0048331665,-0.003258553,-0.0019019525,-0.000662985,0.00044885997,0.0015714441,0.002674191,0.0038051736,0.0049154395,0.0062232213,0.007674912,0.009336443,0.011355754,0.013799942,0.017898247,0.026287343,0.0015714441,2025-07-01,2025-06-26,-0.0084650905031401,0.010036534599183806,0.010036534599183806,0.00010073202676061365,0,1,0.025828652
r3_control_nofuture,24,4,-0.027867127,-0.01695768,-0.011847434,-0.008701219,-0.006399463,-0.0045954715,-0.0030221147,-0.0017045843,-0.0004895121,0.00059405144,0.0016870297,0.0027819097,0.0038873465,0.0050002923,0.0062761176,0.007702004,0.009359866,0.011345223,0.013735239,0.01774749,0.025833676,0.0016870297,2025-07-02,2025-06-26,0.0069411525544711,-0.00525412282859912,0.00525412282859912,2.7605806698006417e-05,1,1,0.025582673
r3_control_nofuture,24,5,-0.026672814,-0.016427696,-0.011533159,-0.008517236,-0.006291696,-0.0045029363,-0.0029736906,-0.0016485166,-0.0004204436,0.0006892322,0.0017956509,0.0028886397,0.003990276,0.0050603747,0.0063280016,0.007738645,0.009380034,0.011368068,0.013812389,0.017870652,0.026186353,0.0017956509,2025-07-03,2025-06-26,0.0097921724155832,-0.00799652149009592,0.00799652149009592,6.394435594156588e-05,1,1,0.025345549
r3_control_nofuture,25,1,-0.02123281,-0.012404726,-0.00840553,-0.0059857243,-0.004180117,-0.0027447273,-0.0015347858,-0.00046565442,0.00053581904,0.0014261114,0.0023152558,0.0032058004,0.0041000126,0.00496543,0.0059889425,0.0070939586,0.0083729755,0.009927159,0.011836763,0.015061448,0.021730721,0.0023152558,2025-07-07,2025-07-03,-0.0075615162189676,0.00987677203226821,0.00987677203226821,9.75506257773955e-05,0,1,0.020242292
r3_control_nofuture,25,2,-0.021703169,-0.012994631,-0.009060277,-0.006648862,-0.004843087,-0.0033994908,-0.0021399497,-0.0010560441,-1.7191342e-05,0.00090379006,0.001841096,0.0027677123,0.003707626,0.004624455,0.005698031,0.006863485,0.008212041,0.009838631,0.011780709,0.015097967,0.02180589,0.001841096,2025-07-08,2025-07-03,0.0005615509259662,0.0012795450487026604,0.0012795450487026604,1.6372355316594935e-06,1,1,0.020840986
r3_control_nofuture,25,3,-0.022176623,-0.013062121,-0.009030493,-0.006571578,-0.004733147,-0.0032490152,-0.001970377,-0.00085639197,0.00017090951,0.001100474,0.0020426686,0.0029748245,0.0039183884,0.004838876,0.005913428,0.0071035554,0.008453801,0.010082378,0.012041076,0.015318999,0.021954335,0.0020426686,2025-07-09,2025-07-03,0.0070538812420192,-0.00501121260326829,0.00501121260326829,2.5112251755154947e-05,1,1,0.021071568
r3_control_nofuture,25,4,-0.02361099,-0.014315145,-0.0100435065,-0.0074151913,-0.0054778,-0.003951024,-0.0026075423,-0.0014686107,-0.00040568097,0.00055422937,0.001527676,0.0025034067,0.0034765792,0.0044472376,0.0055534816,0.0067764595,0.00819901,0.009905203,0.011961934,0.015447069,0.022375673,0.001527676,2025-07-10,2025-07-03,-0.0014391960464579,0.0029668720560309426,0.0029668720560309426,8.802329796857273e-06,0,1,0.02200544
r3_control_nofuture,25,5,-0.023756657,-0.014554508,-0.0102420645,-0.0075993314,-0.005653042,-0.0040843575,-0.0027329908,-0.0015507198,-0.00044680003,0.00056070404,0.0015794518,0.0025882274,0.003590314,0.0045571057,0.005695428,0.00696238,0.008434752,0.010229979,0.012448598,0.016191386,0.02355837,0.0015794518,2025-07-11,2025-07-03,-0.0022529816590723,0.0038324334994431935,0.0038324334994431935,1.4687546527654403e-05,0,1,0.022690661
r3_control_nofuture,26,1,-0.023348453,-0.014448349,-0.010291447,-0.007732371,-0.005796429,-0.004256772,-0.0029425677,-0.0017942504,-0.0007156377,0.00023984478,0.0011928601,0.0021589773,0.0031220722,0.0040487405,0.0051392782,0.0063078944,0.0076418063,0.009251162,0.01121193,0.014518323,0.021357546,0.0011928601,2025-07-14,2025-07-11,0.0036202891275029,-0.002427429055024248,0.002427429055024248,5.892411817175912e-06,1,1,0.021503378
r3_control_nofuture,26,2,-0.023860078,-0.014566326,-0.010212766,-0.0075150896,-0.005485854,-0.003869246,-0.0024667054,-0.0012801192,-0.0001546957,0.0008363841,0.0018421948,0.0028397704,0.0038392567,0.0048083086,0.0059220614,0.0071225334,0.008466082,0.010082282,0.011999774,0.0152599225,0.02205899,0.0018421948,2025-07-15,2025-07-11,0.0009164128069556,0.0009257820119359849,0.0009257820119359849,8.5707233362424e-07,1,1,0.022212539
r3_control_nofuture,26,3,-0.024738725,-0.015310825,-0.010929488,-0.008200972,-0.006149238,-0.0044868095,-0.0030392662,-0.0017821658,-0.00062070834,0.00043363613,0.0015109743,0.0025702992,0.0036252271,0.004646948,0.0058108987,0.007074577,0.0084776785,0.01016734,0.012189144,0.015596439,0.02265707,0.0015109743,2025-07-16,2025-07-11,0.0010235374856878,0.0004874367669086975,0.0004874367669086975,2.3759460173440392e-07,1,1,0.023118632
r3_control_nofuture,26,4,-0.025477367,-0.015883656,-0.011295841,-0.008433988,-0.00630481,-0.0046217795,-0.0031368465,-0.0018793314,-0.00070441735,0.00035013858,0.0014175877,0.0024852897,0.0035390896,0.004583342,0.005757902,0.007049433,0.008525085,0.010283708,0.012391344,0.015960062,0.023115184,0.0014175877,2025-07-17,2025-07-11,0.0080599810881093,-0.0066423933440372205,0.0066423933440372205,4.412138933690997e-05,1,1,0.023687184
r3_control_nofuture,26,5,-0.02505515,-0.01571539,-0.011184781,-0.008366775,-0.0062475605,-0.004535502,-0.0030487974,-0.0017476829,-0.00053011195,0.000576318,0.0016906268,0.002787474,0.003869551,0.004910604,0.006120614,0.007452579,0.008981037,0.01082914,0.013085225,0.016864976,0.024567168,0.0016906268,2025-07-18,2025-07-11,-0.0009615542882039,0.0026521811311050105,0.0026521811311050105,7.034064752189453e-06,0,1,0.024270006
r3_control_nofuture,27,1,-0.020730909,-0.012840413,-0.009062293,-0.006719744,-0.004938551,-0.0035072835,-0.002286885,-0.0012149017,-0.00020274991,0.00069146993,0.0015895953,0.002496809,0.0034116607,0.0043074233,0.0053772656,0.006549119,0.007904988,0.009549792,0.0115609635,0.014970813,0.021828622,0.0015895953,2025-07-21,2025-07-18,0.0051713772492241,-0.003581781909031782,0.003581781909031782,1.2829161643867357e-05,1,1,0.020623256
r3_control_nofuture,27,2,-0.020287199,-0.012471275,-0.008735259,-0.0063975616,-0.004622081,-0.0031946409,-0.0019436921,-0.0008742642,0.00015203649,0.0010551977,0.0019762996,0.00290005,0.0038375778,0.004757285,0.0058402163,0.0070237336,0.008382352,0.010031344,0.011991053,0.015354576,0.022128478,0.0019762996,2025-07-22,2025-07-18,-0.0051891884854157,0.007165488050701144,0.007165488050701144,5.134421900474088e-05,0,1,0.020726312
r3_control_nofuture,27,3,-0.02062103,-0.012641599,-0.008851651,-0.0064814407,-0.004692693,-0.0032418636,-0.0019788628,-0.00089225353,0.000109042914,0.0010061443,0.0019247471,0.0028342472,0.00376269,0.0046765013,0.0057538995,0.006945547,0.008307076,0.009969359,0.011977847,0.015408941,0.022354072,0.0019247471,2025-07-23,2025-07-18,0.0045507671466579,-0.002626020011167721,0.002626020011167721,6.895981099053317e-06,1,1,0.020829499
r3_control_nofuture,27,4,-0.020733185,-0.012662075,-0.0087731,-0.00633773,-0.004518168,-0.003079041,-0.0018035674,-0.0007363455,0.00025604927,0.0011407227,0.0020314662,0.0029318894,0.0038310778,0.0047451495,0.005788157,0.006961502,0.008324629,0.009976566,0.011971221,0.015419936,0.022344835,0.0020314662,2025-07-24,2025-07-18,0.0021261623621767,-9.469613701455163e-05,9.469613701455163e-05,8.967358365478736e-09,1,1,0.02074432
r3_control_nofuture,27,5,-0.020634148,-0.012762308,-0.008937784,-0.0065518003,-0.0047599156,-0.0033100387,-0.0020561721,-0.00097086985,3.9553386e-05,0.0009481062,0.0018649541,0.0027728628,0.0036891077,0.0045860484,0.0056524323,0.0068465383,0.008240802,0.009958566,0.012102898,0.015757289,0.023073085,0.0018649541,2025-07-25,2025-07-18,0.0024042056537853,-0.0005392515230612277,0.0005392515230612277,2.907922051238538e-07,1,1,0.021040682
r3_control_nofuture,28,1,-0.016910125,-0.009998585,-0.0066947695,-0.004656101,-0.0031409988,-0.0019382436,-0.00092498393,-5.3903495e-05,0.0007466879,0.0014424322,0.0021174524,0.0028034542,0.0035138181,0.004227385,0.005089488,0.0060410723,0.0071523245,0.008496478,0.010138997,0.012944418,0.018565152,0.0021174524,2025-07-28,2025-07-25,0.0031203267012101,-0.0010028742567014283,0.0010028742567014283,1.0057567747544424e-06,1,1,0.016833767
r3_control_nofuture,28,2,-0.0173259,-0.010283768,-0.006940294,-0.0048669437,-0.0033257992,-0.0021001932,-0.0010369483,-0.00014518359,0.000698018,0.0014278636,0.0021529747,0.002886857,0.0036515805,0.004425338,0.0053470978,0.0063640177,0.00753632,0.008958842,0.010646481,0.013553256,0.01923977,0.0021529747,2025-07-29,2025-07-25,-0.0015501349141367,0.003703109631455712,0.003703109631455712,1.3713020942580058e-05,0,1,0.017586775
r3_control_nofuture,28,3,-0.01779588,-0.010648286,-0.007248245,-0.005126836,-0.0035459276,-0.0022756415,-0.0011789044,-0.00024575245,0.00061006227,0.0013719525,0.002132754,0.0028883466,0.0036776443,0.0044608177,0.0053901323,0.00643555,0.0076378575,0.009116417,0.01090147,0.013965377,0.020011265,0.002132754,2025-07-30,2025-07-25,0.0013388599672936,0.0007938941071160041,0.0007938941071160041,6.302678533135174e-07,1,1,0.018149715
r3_control_nofuture,28,4,-0.018393451,-0.010939748,-0.0073531773,-0.00511865,-0.0034697626,-0.0021828162,-0.0010591417,-0.00012595096,0.0007357582,0.0014972665,0.002260591,0.0030330252,0.0038260266,0.004640334,0.0055778143,0.0066362415,0.007871694,0.009366288,0.011160795,0.014236135,0.020106802,0.002260591,2025-07-31,2025-07-25,-0.0053132574081525,0.007573848311613479,0.007573848311613479,5.736317824733035e-05,0,1,0.018513972
r3_control_nofuture,28,5,-0.01815107,-0.010967366,-0.007459348,-0.005282303,-0.003669156,-0.0023762647,-0.0012636643,-0.00030921953,0.00056930433,0.0013510947,0.0021252339,0.0028998514,0.0037006189,0.0044975914,0.0054539233,0.006532283,0.007798686,0.00934185,0.011253703,0.014485779,0.020723771,0.0021252339,2025-08-01,2025-07-25,-0.0198953878026639,0.02202062168011413,0.02202062168011413,0.0004849077791787124,0,0,0.018713051
r3_control_nofuture,29,1,-0.026618656,-0.015141011,-0.00979805,-0.00663563,-0.004374794,-0.0026015704,-0.0011249131,0.00015339575,0.001328999,0.0023671286,0.0034048585,0.0044453545,0.0055275206,0.0066266167,0.007972501,0.0094705215,0.011274055,0.013498093,0.016295122,0.021146094,0.0313689,0.0034048585,2025-08-04,2025-08-01,0.0182834959133889,-0.014878637391271762,0.014878637391271762,0.00022137385062095017,1,0,0.026093172
r3_control_nofuture,29,2,-0.027871756,-0.016585581,-0.011340193,-0.0082081165,-0.005958627,-0.0041892636,-0.002661632,-0.0013555327,-0.00012136053,0.0009732062,0.002070058,0.0031721587,0.004339938,0.005495002,0.0068792887,0.008437184,0.010275567,0.012519205,0.015238307,0.020083247,0.030039432,0.002070058,2025-08-05,2025-08-01,-0.0068126268178385,0.008882684722186278,0.008882684722186278,7.890208787376151e-05,0,1,0.0265785
r3_control_nofuture,29,3,-0.027719775,-0.01672175,-0.011495302,-0.008348545,-0.0060761026,-0.0042726467,-0.0027317228,-0.0014045344,-0.00019824819,0.0008882953,0.0019795941,0.0030630273,0.00420429,0.005339224,0.0066916267,0.0082496675,0.010084793,0.012373792,0.015209751,0.020255176,0.030814704,0.0019795941,2025-08-06,2025-08-01,0.0125047547811291,-0.010525160662235954,0.010525160662235954,0.00011077900696587919,1,1,0.026705053
r3_control_nofuture,29,4,-0.028074365,-0.016836544,-0.011558038,-0.00840677,-0.006142053,-0.0043781246,-0.0028447225,-0.0015637776,-0.00038202852,0.00067668926,0.0017428335,0.0028196825,0.003934275,0.0050695776,0.0063945916,0.007893864,0.009683175,0.011874858,0.014608312,0.01949108,0.02955406,0.0017428335,2025-08-07,2025-08-01,0.0033784572456342,-0.001635623718829157,0.001635623718829157,2.675264949596521e-06,1,1,0.02616635
r3_control_nofuture,29,5,-0.026646439,-0.015991313,-0.01098376,-0.007997355,-0.0058402014,-0.004116683,-0.002644782,-0.0013784593,-0.00020893523,0.0008447119,0.0018733676,0.002901298,0.003961168,0.0050222566,0.0062998617,0.0077610356,0.009501397,0.01167278,0.014445521,0.01937047,0.029495077,0.0018733676,2025-08-08,2025-08-01,0.0092850904925233,-0.007411722910075472,0.007411722910075472,5.493363649573763e-05,1,1,0.02542928
r3_control_nofuture,30,1,-0.023459202,-0.015154533,-0.011090651,-0.0085829,-0.006704217,-0.0052122427,-0.0039525647,-0.002856624,-0.0018304407,-0.00092179526,-1.8251943e-05,0.0008945516,0.0018275477,0.0027478663,0.003850656,0.005061549,0.006467848,0.008164249,0.010247425,0.013771532,0.020627948,-1.8251943e-05,2025-08-11,2025-08-08,-0.002963405405463,0.0029451534620610078,0.0029451534620610078,8.67392891508994e-06,1,1,0.021338075
r3_control_nofuture,30,2,-0.021290256,-0.012758034,-0.008517875,-0.0058715707,-0.0038870831,-0.0023083116,-0.00093400385,0.00022646558,0.0013254308,0.0022885615,0.0032534497,0.0042024944,0.005176789,0.0061360784,0.0072591743,0.008487706,0.009892484,0.011582179,0.01360859,0.017061343,0.02389084,0.0032534497,2025-08-12,2025-08-08,0.0124904714913203,-0.009237021805448699,0.009237021805448699,8.532257183433473e-05,1,1,0.022126466
r3_control_nofuture,30,3,-0.024195392,-0.015362518,-0.01102336,-0.008312145,-0.006283749,-0.004651242,-0.0032271917,-0.0019961267,-0.0008550668,0.00018640806,0.0012457359,0.0022909143,0.0033524432,0.004390869,0.0055924,0.0069082966,0.00840035,0.010193855,0.012363094,0.016036682,0.023257427,0.0012457359,2025-08-13,2025-08-08,0.0004999814064566,0.0007457545051958458,0.0007457545051958458,5.561497820199008e-07,1,1,0.023386454
r3_control_nofuture,30,4,-0.02380758,-0.014744525,-0.010175613,-0.007294273,-0.0051689167,-0.0034985032,-0.0020242608,-0.00078517676,0.0003636819,0.0013984533,0.0024430812,0.0034918026,0.004549135,0.0056152623,0.0068215,0.0081707975,0.009722777,0.011575728,0.013806365,0.017565118,0.024794767,0.0024430812,2025-08-14,2025-08-08,-0.0007758709709575,0.003218952204607946,0.003218952204607946,1.0361653295550354e-05,0,1,0.023981977
r3_control_nofuture,30,5,-0.024499564,-0.015834881,-0.01141737,-0.008645199,-0.0065814815,-0.0049259197,-0.0034995459,-0.0022666103,-0.0011127655,-6.735069e-05,0.0009814217,0.002023111,0.0030827252,0.004118816,0.005348593,0.006708701,0.008278022,0.010169806,0.012519105,0.016438697,0.02394741,0.0009814217,2025-08-15,2025-08-08,-0.004406876132486,0.005388297808019056,0.005388297808019056,2.9033753267902967e-05,0,1,0.023936477
r3_control_nofuture,31,1,-0.019737175,-0.011650486,-0.00802363,-0.0057829656,-0.0040940214,-0.002744174,-0.0015974928,-0.0005941568,0.00034390116,0.0011666232,0.0019875169,0.0028064996,0.0036233654,0.00441224,0.005353664,0.006371668,0.0075524133,0.00899281,0.010767645,0.013764826,0.01992215,0.0019875169,2025-08-18,2025-08-15,-0.0003985369465204,0.0023860538265558003,0.0023860538265558003,5.693252863221577e-06,0,1,0.018791275
r3_control_nofuture,31,2,-0.020464148,-0.012343031,-0.008749823,-0.0065349746,-0.004869282,-0.0035337298,-0.0023669293,-0.0013692678,-0.0004131163,0.00043319195,0.0012960645,0.0021538706,0.0030175727,0.0038569192,0.004843915,0.005915671,0.0071498738,0.008647017,0.010437639,0.0135065215,0.019675853,0.0012960645,2025-08-19,2025-08-15,-0.0136606108387869,0.014956675305956244,0.014956675305956244,0.0002237021362078013,0,0,0.019187462
r3_control_nofuture,31,3,-0.020673964,-0.012353905,-0.008728245,-0.006499057,-0.004826154,-0.0034618233,-0.0022718287,-0.001232312,-0.00027018273,0.0006044968,0.0015000501,0.0023811238,0.0032671373,0.00412095,0.0051153917,0.006201112,0.0074317846,0.008921924,0.010728724,0.013782997,0.019987715,0.0015000501,2025-08-20,2025-08-15,-0.0059549679959681,0.0074550180675950015,0.0074550180675950015,5.557729438816791e-05,0,1,0.01945697
r3_control_nofuture,31,4,-0.021183526,-0.012722013,-0.00891059,-0.0065474375,-0.0047949036,-0.0034075081,-0.0021854634,-0.0011573859,-0.00020114728,0.0006575602,0.0015265293,0.0024013896,0.0032723863,0.004142032,0.005130349,0.0062312805,0.007512657,0.009056011,0.010935473,0.0141444905,0.020494383,0.0015265293,2025-08-21,2025-08-15,-0.0046403992151281,0.006166928533781147,0.006166928533781147,3.803100754076409e-05,0,1,0.019846063
r3_control_nofuture,31,5,-0.021065764,-0.012772768,-0.00900174,-0.0066591823,-0.0048996685,-0.003471925,-0.0022402625,-0.0011651682,-0.00016187783,0.00074959965,0.0016636315,0.002571602,0.0034743813,0.0043465192,0.0053720362,0.0065180026,0.007855114,0.009492226,0.0115297325,0.01497646,0.021792846,0.0016636315,2025-08-22,2025-08-15,0.015309536306763,-0.013645904780009694,0.013645904780009694,0.00018621071726509142,1,0,0.020531472
r3_control_nofuture,32,1,-0.028861906,-0.017895393,-0.013011788,-0.010057321,-0.007868395,-0.006120907,-0.004643889,-0.0033304729,-0.002078888,-0.0009573145,0.00018327986,0.0013350624,0.002479061,0.0035847146,0.004872004,0.006264124,0.007848797,0.009748365,0.012059541,0.015959375,0.023828313,0.00018327986,2025-08-25,2025-08-22,-0.0028887180409782,0.003071997899880297,0.003071997899880297,9.437171096868955e-06,0,1,0.02507133
r3_control_nofuture,32,2,-0.026043318,-0.015616053,-0.010958761,-0.008107401,-0.0059908405,-0.0042915395,-0.0028171022,-0.0015411889,-0.0003192773,0.00076532655,0.0018857354,0.0029990447,0.0041183364,0.0051999697,0.0064559374,0.0077954596,0.009330261,0.011166843,0.013345565,0.01709276,0.02471226,0.0018857354,2025-08-26,2025-08-22,0.0040069787420189,-0.0021212433121955013,0.0021212433121955013,4.499673189534141e-06,1,1,0.024304327
r3_control_nofuture,32,3,-0.028106842,-0.017292216,-0.012519957,-0.009593992,-0.007446848,-0.005739063,-0.004272171,-0.0029977965,-0.0018311816,-0.00077582477,0.00032470113,0.0014080649,0.002509777,0.0035772307,0.0048032072,0.0061300136,0.0076422533,0.009459101,0.011649905,0.015420839,0.02312687,0.00032470113,2025-08-27,2025-08-22,0.0015357699830635,-0.0012110688494137037,0.0012110688494137037,1.4666877580202322e-06,1,1,0.024169862
r3_control_nofuture,32,4,-0.024182241,-0.013930906,-0.009295744,-0.006374696,-0.004216636,-0.0025034333,-0.0009795224,0.00030493387,0.0014884891,0.0025363588,0.0035945235,0.004645601,0.0056928843,0.0067540347,0.007947786,0.009290857,0.010831746,0.012684833,0.014937725,0.018852845,0.027014386,0.0035945235,2025-08-28,2025-08-22,0.0062403377163577,-0.0026458141877669017,0.0026458141877669017,7.000332716188629e-06,1,1,0.024233468
r3_control_nofuture,32,5,-0.027620357,-0.017126694,-0.012289423,-0.009316134,-0.0071468865,-0.0054139113,-0.003937403,-0.0026631027,-0.0014786657,-0.00039742643,0.000694492,0.0017823912,0.0028753655,0.0039338646,0.005188144,0.0065622525,0.008147967,0.010081056,0.012496594,0.016626485,0.025003903,0.000694492,2025-08-29,2025-08-22,-0.0116429787410779,0.012337470757996858,0.012337470757996858,0.00015221318470442756,0,1,0.024786018
r3_control_nofuture,33,1,-0.018991668,-0.010663041,-0.006776615,-0.004352153,-0.002532314,-0.0010697163,0.000154101,0.0012304412,0.0022312575,0.003116251,0.0039947536,0.0048736036,0.005797884,0.0067295497,0.007867084,0.009109324,0.010583042,0.012388502,0.0146489,0.018562311,0.02675984,0.0039947536,2025-09-02,2025-08-29,-0.00841537864837,0.012410132232635708,0.012410132232635708,0.00015401138203150375,0,0,0.021425515
r3_control_nofuture,33,2,-0.024712421,-0.0155525915,-0.01128264,-0.008631823,-0.006664673,-0.005105043,-0.0037537036,-0.0025967755,-0.0014994793,-0.0005391805,0.00043069787,0.0013906867,0.0023880117,0.00338169,0.0045628375,0.00586731,0.007404433,0.009278503,0.011571836,0.015617581,0.023802854,0.00043069787,2025-09-03,2025-08-29,0.0078366488811039,-0.00740595101485407,0.00740595101485407,5.484811043441803e-05,1,1,0.022854475
r3_control_nofuture,33,3,-0.022071058,-0.012779052,-0.008432862,-0.00571947,-0.003687664,-0.002052697,-0.00065147143,0.00056487124,0.0016759728,0.0026698685,0.0036662584,0.0046534296,0.0056930957,0.006724278,0.007950003,0.00936065,0.011011866,0.013073603,0.015613937,0.020040156,0.029004201,0.0036662584,2025-09-04,2025-08-29,0.0090107767756357,-0.005344518358565788,0.005344518358565788,2.856387648504674e-05,1,1,0.0240468
r3_control_nofuture,33,4,-0.026360536,-0.016597763,-0.011963088,-0.009087849,-0.0069758245,-0.0053198743,-0.0038739312,-0.002642373,-0.0014832128,-0.0004299651,0.0006435276,0.0017142273,0.002807336,0.003915825,0.0051922863,0.006603333,0.008267889,0.010277932,0.012734933,0.017060677,0.02563418,0.0006435276,2025-09-05,2025-08-29,0.0014419101593265,-0.00079838255841226,0.00079838255841226,6.374147095769058e-07,1,1,0.02469802
r3_control_nofuture,33,5,-0.023263298,-0.013610451,-0.008889519,-0.005995502,-0.0039007277,-0.002226051,-0.00082561653,0.00039983995,0.0015385421,0.0025836192,0.0036241408,0.004687164,0.005778208,0.006872526,0.008165802,0.009633622,0.011354553,0.013461367,0.016085625,0.02065436,0.029671852,0.0036241408,2025-09-08,2025-08-29,0.0048660661333388,-0.0012419253827220108,0.0012419253827220108,1.542378656249213e-06,1,1,0.024975143
r3_control_nofuture,34,1,-0.02316056,-0.013498903,-0.00924893,-0.0067012305,-0.004846565,-0.0033779824,-0.0021464098,-0.0010801147,-9.845663e-05,0.0007697601,0.0016157178,0.0024730035,0.0033628042,0.004252577,0.0053326525,0.006515536,0.007889234,0.00954475,0.0115626175,0.014933826,0.021502933,0.0016157178,2025-09-09,2025-09-08,0.0028291034084009,-0.001213385634143836,0.001213385634143836,1.4723046971466388e-06,1,1,0.020811547
r3_control_nofuture,34,2,-0.022580253,-0.013145992,-0.0089659495,-0.0064288573,-0.004579478,-0.0031178626,-0.0018576159,-0.0007892903,0.00020602375,0.001078486,0.0019426577,0.0028067862,0.0037126183,0.0046211835,0.005701859,0.0068869465,0.008252131,0.009895587,0.011851588,0.0151374275,0.021612406,0.0019426577,2025-09-10,2025-09-08,0.000327346334867,0.0016153114143015747,0.0016153114143015747,2.6092309651729535e-06,1,1,0.020817537
r3_control_nofuture,34,3,-0.02318694,-0.013538822,-0.0093231285,-0.006755318,-0.004885827,-0.0033984226,-0.0021261955,-0.0010387729,-5.3595868e-05,0.0008304287,0.0017054218,0.0025684924,0.0034696786,0.0043675476,0.005429493,0.0066162925,0.007972775,0.009615531,0.011599982,0.014957569,0.021638162,0.0017054218,2025-09-11,2025-09-08,0.0058036357172562,-0.004098213883934748,0.004098213883934748,1.6795357038475534e-05,1,1,0.020923112
r3_control_nofuture,34,4,-0.023360156,-0.013608058,-0.009286146,-0.0066376566,-0.004717289,-0.003219448,-0.0019170997,-0.0008324187,0.00015988521,0.001025366,0.0018746834,0.002724223,0.0036029788,0.004504254,0.0055586076,0.0067525734,0.008145284,0.0098062195,0.011817043,0.015240654,0.021928295,0.0018746834,2025-09-12,2025-09-08,0.0044074641061353,-0.0025327806813048633,0.0025327806813048633,6.414977979591128e-06,1,1,0.021103188
r3_control_nofuture,34,5,-0.024324916,-0.014362798,-0.009821136,-0.0070785405,-0.005110322,-0.0035565677,-0.0022423216,-0.001116854,-9.297882e-05,0.000818376,0.0017076037,0.0025911275,0.0035119983,0.0044263555,0.005531661,0.0067757578,0.008227357,0.009989291,0.012193632,0.015894907,0.023149958,0.0017076037,2025-09-15,2025-09-08,0.0085204649444276,-0.006812861255144468,0.006812861255144468,4.641507848184865e-05,1,1,0.022014767
r3_control_nofuture,35,1,-0.017693345,-0.009951494,-0.0065587424,-0.0045091407,-0.0029794362,-0.0017674861,-0.0007517229,0.00013213337,0.00095059705,0.0016603658,0.0023618096,0.0030666783,0.003782509,0.004486825,0.005341299,0.006276458,0.007373316,0.008716717,0.010383467,0.013234202,0.019129656,0.0023618096,2025-09-16,2025-09-15,-0.0008454361703891,0.00320724577239637,0.00320724577239637,1.0286425444554389e-05,0,1,0.01694221
r3_control_nofuture,35,2,-0.01933263,-0.011197,-0.007585702,-0.005403705,-0.0037873872,-0.0025105635,-0.0014101611,-0.00048064097,0.00040014117,0.0011683196,0.0019457128,0.0027211239,0.0035122577,0.004297992,0.0052277935,0.006242142,0.007412221,0.008843352,0.010551379,0.013498172,0.019499522,0.0019457128,2025-09-17,2025-09-15,-0.0019978516169886,0.003943564453447879,0.003943564453447879,1.555170059849767e-05,0,1,0.01813708
r3_control_nofuture,35,3,-0.020391041,-0.0118616605,-0.008145869,-0.0059078615,-0.004253828,-0.002933311,-0.0018032854,-0.00083099894,5.7633384e-05,0.00086051674,0.0016766265,0.0024836457,0.0033056706,0.004110682,0.0050522033,0.006092289,0.0072817733,0.0087377485,0.010500894,0.013545512,0.019804826,0.0016766265,2025-09-18,2025-09-15,0.0089765282078724,-0.007299901704404841,0.007299901704404841,5.3288564893972706e-05,1,1,0.018646762
r3_control_nofuture,35,4,-0.021935036,-0.012938073,-0.008917857,-0.006477945,-0.004705948,-0.0033279448,-0.002131548,-0.001135774,-0.00021446316,0.000612668,0.0014419402,0.0022757752,0.0031131578,0.003957415,0.004929122,0.006011656,0.0072762077,0.008803603,0.010657277,0.013871321,0.02026909,0.0014419402,2025-09-19,2025-09-15,0.0067465512981945,-0.0053046110986107314,0.0053046110986107314,2.813889890750415e-05,1,1,0.019575134
r3_control_nofuture,35,5,-0.022279358,-0.013415458,-0.009401139,-0.006976128,-0.0052027814,-0.0037903301,-0.0025859214,-0.0015416581,-0.0005742001,0.0003059224,0.0011880267,0.0020641666,0.0029448993,0.003806122,0.0048329765,0.0059777275,0.007318185,0.008966489,0.011020238,0.014529895,0.021560058,0.0011880267,2025-09-22,2025-09-15,0.0059025168281461,-0.004714490086999059,0.004714490086999059,2.2226416780412395e-05,1,1,0.020421376
r3_control_nofuture,36,1,-0.017763812,-0.010676193,-0.007369159,-0.005375768,-0.0038981242,-0.0027346606,-0.0017548345,-0.000906653,-0.0001084439,0.0005891251,0.0012858057,0.0019944808,0.002701763,0.003391468,0.004206336,0.005092184,0.006101553,0.007314166,0.008785813,0.011265921,0.016301591,0.0012858057,2025-09-23,2025-09-22,-0.0066644197550901,0.00795022547126941,0.00795022547126941,6.320608504402093e-05,0,1,0.016154971
r3_control_nofuture,36,2,-0.017650325,-0.010573374,-0.007271492,-0.0052623493,-0.003773272,-0.0025992172,-0.001588926,-0.00074251904,6.644172e-05,0.00076774345,0.0014817053,0.0021932824,0.0029056722,0.0036043555,0.004419136,0.0052923337,0.006278671,0.00746884,0.008876866,0.011279713,0.016233549,0.0014817053,2025-09-24,2025-09-22,-0.0035167918722211,0.004998497217434513,0.004998497217434513,2.4984974432700572e-05,0,1,0.016148359
r3_control_nofuture,36,3,-0.018083286,-0.0107391225,-0.0073900223,-0.005368909,-0.0038743266,-0.0026862046,-0.0016692837,-0.00080287387,-9.377662e-06,0.00070733164,0.0014418843,0.0021656668,0.0028878367,0.0035892506,0.0043953843,0.005265756,0.0062389905,0.0074180146,0.008827726,0.011231376,0.016233578,0.0014418843,2025-09-25,2025-09-22,-0.0043206122755003,0.005762496595729592,0.005762496595729592,3.3206367015795136e-05,0,1,0.01621775
r3_control_nofuture,36,4,-0.018778194,-0.01126464,-0.007736814,-0.0055934773,-0.0040322654,-0.0028267943,-0.0017814762,-0.0009211529,-0.00012522773,0.0005794612,0.0012907493,0.0020097764,0.0027220284,0.0034428393,0.004261906,0.005173332,0.006224188,0.007488849,0.008999242,0.011562489,0.016640019,0.0012907493,2025-09-26,2025-09-22,0.004102521579534,-0.002811772286713308,0.002811772286713308,7.906063392328986e-06,1,1,0.016736057
r3_control_nofuture,36,5,-0.018149517,-0.010856925,-0.0073571354,-0.005225576,-0.0036668475,-0.002441531,-0.0014077169,-0.0005303782,0.00027192623,0.000990668,0.001719322,0.0024413099,0.003165061,0.0038715473,0.0046998747,0.005618288,0.0066750776,0.007962454,0.009535171,0.012165146,0.017524205,0.001719322,2025-09-29,2025-09-22,0.0046203877183688,-0.0029010656627905685,0.0029010656627905685,8.41618197982248e-06,1,1,0.016892307
r3_control_nofuture,37,1,-0.015105108,-0.008674031,-0.0057235355,-0.003926177,-0.002591833,-0.0015382214,-0.0006494259,0.0001157606,0.00082632736,0.0014512831,0.0020651938,0.0026910454,0.0033275872,0.0039581535,0.0047103474,0.005539787,0.0065023242,0.0076843975,0.009134244,0.011624788,0.016788905,0.0020651938,2025-09-30,2025-09-29,0.0027354917335289,-0.0006702978941576956,0.0006702978941576956,4.492992669122413e-07,1,1,0.01485778
r3_control_nofuture,37,2,-0.0151197575,-0.008776642,-0.0058944765,-0.0041299593,-0.0028159032,-0.0017740343,-0.0008681207,-0.00010762829,0.00062078313,0.001255687,0.0018878586,0.0025270164,0.0031711874,0.003822207,0.0045942655,0.005448046,0.006432877,0.00764753,0.009105632,0.011637556,0.016824363,0.0018878586,2025-10-01,2025-09-29,0.0047854513232006,-0.002897592710737722,0.002897592710737722,8.396043517320382e-06,1,1,0.015000109
r3_control_nofuture,37,3,-0.015254218,-0.00874257,-0.0058244956,-0.0040507005,-0.002730865,-0.0016748457,-0.0007665844,9.773008e-06,0.0007257303,0.0013685076,0.002014929,0.0026655858,0.0033272738,0.003984598,0.0047610174,0.005630478,0.006619464,0.007844119,0.009313694,0.01185488,0.01710303,0.002014929,2025-10-02,2025-09-29,0.0041025931387437,-0.0020876641757083553,0.0020876641757083553,4.358341710536047e-06,1,1,0.01513819
r3_control_nofuture,37,4,-0.015994692,-0.009270803,-0.006222615,-0.0043571205,-0.0029776432,-0.0018931451,-0.000942694,-0.00014718366,0.0005987141,0.0012613324,0.0019245284,0.0026020147,0.0032868735,0.003984228,0.00479202,0.0057085953,0.006778998,0.008080633,0.009651917,0.012374799,0.017726537,0.0019245284,2025-10-03,2025-09-29,-0.0042185662989068,0.006143094690007267,0.006143094690007267,3.7737612370395475e-05,0,1,0.015874531
r3_control_nofuture,37,5,-0.016127327,-0.009465232,-0.0063870316,-0.0045056655,-0.0031079226,-0.0019888538,-0.0010256957,-0.00019887788,0.0005733242,0.0012641016,0.0019661218,0.0026681828,0.0033855666,0.0040929774,0.0049405675,0.005906694,0.0070264796,0.008413035,0.01013999,0.013089001,0.01892029,0.0019661218,2025-10-06,2025-09-29,0.0074820937828216,-0.005515971943462197,0.005515971943462197,3.0425946481062126e-05,1,1,0.016527021
r3_control_nofuture,38,1,-0.015969062,-0.009123253,-0.006077746,-0.0042635924,-0.0029289904,-0.0018823646,-0.0010068425,-0.0002517742,0.0004541854,0.0010777734,0.0016969498,0.0023258233,0.002961256,0.003593279,0.004350026,0.005184449,0.006158278,0.007352261,0.008828837,0.0113953585,0.016655574,0.0016969498,2025-10-07,2025-10-06,-0.0052795830091265,0.006976532833817319,0.006976532833817319,4.867201038133111e-05,0,1,0.014906583
r3_control_nofuture,38,2,-0.015784971,-0.008762047,-0.0056167985,-0.003707693,-0.002304379,-0.0011968306,-0.00024224143,0.0005591288,0.0013258904,0.0019943481,0.0026751491,0.0033537885,0.0040441565,0.004724789,0.0055198865,0.0063919276,0.0073880455,0.0086024515,0.010047611,0.012564555,0.017770879,0.0026751491,2025-10-08,2025-10-06,0.0113986287776662,-0.008723479653550494,0.008723479653550494,7.609909726590946e-05,1,0,0.01566441
r3_control_nofuture,38,3,-0.016255433,-0.009256217,-0.006148372,-0.004261525,-0.0028629806,-0.0017464604,-0.0007886245,3.127556e-05,0.00078726537,0.001471551,0.00217403,0.0028664693,0.0035716034,0.0042605894,0.0050669885,0.00596739,0.0069932966,0.0082604345,0.009795625,0.012460257,0.01795577,0.00217403,2025-10-09,2025-10-06,-0.0012109871685766,0.0033850172266625183,0.0033850172266625183,1.1458341624802007e-05,0,1,0.015943997
r3_control_nofuture,38,4,-0.01587292,-0.008843164,-0.0056699095,-0.0037244158,-0.0022997088,-0.0011942153,-0.00022841699,0.0005705856,0.0013062095,0.0019581688,0.0026169783,0.0032819076,0.0039462913,0.0046174466,0.005379778,0.0062442813,0.007246915,0.008475039,0.0099657085,0.012556735,0.01783694,0.0026169783,2025-10-10,2025-10-06,-0.0353310488534654,0.037948027103909335,0.037948027103909335,0.0014400527610790375,0,0,0.015635617
r3_control_nofuture,38,5,-0.016013559,-0.0091283955,-0.005997167,-0.0041036587,-0.002726241,-0.0016408119,-0.000717771,6.0256105e-05,0.0007752679,0.0014174548,0.002066594,0.002715276,0.0033720331,0.004018066,0.0047905063,0.005654927,0.006659313,0.007897219,0.009430421,0.012050492,0.017365567,0.002066594,2025-10-13,2025-10-06,0.0209992440232485,-0.018932649940386362,0.018932649940386362,0.0003584452337652117,1,0,0.015427588
r3_control_nofuture,39,1,-0.0329614,-0.018788772,-0.012889285,-0.009485591,-0.0070582987,-0.0051532546,-0.003568647,-0.0021857272,-0.0008965344,0.000256019,0.0014032624,0.0025689811,0.0037659865,0.004930921,0.006321973,0.007838385,0.009589545,0.011702621,0.014332123,0.018919917,0.029140057,0.0014032624,2025-10-14,2025-10-13,-0.0066832276878474,0.008086490060907389,0.008086490060907389,6.539132150515399e-05,0,1,0.027221408
r3_control_nofuture,39,2,-0.032556586,-0.018374393,-0.012515811,-0.009113871,-0.0066773905,-0.0047639846,-0.0031226948,-0.0017118244,-0.00037580973,0.00081436615,0.0020043529,0.0032139153,0.0044570193,0.0056880973,0.007146007,0.0087505635,0.010614766,0.012879599,0.015610626,0.02041274,0.0308985,0.0020043529,2025-10-15,2025-10-13,0.0070319862665144,-0.005027633402636388,0.005027633402636388,2.5277097631305142e-05,1,1,0.028126437
r3_control_nofuture,39,3,-0.032218635,-0.018236183,-0.012381893,-0.008932969,-0.00647322,-0.004541672,-0.00291307,-0.001521372,-0.00026562484,0.0008660612,0.0020023705,0.003140483,0.0043285075,0.0055250833,0.0069491477,0.008569373,0.010437369,0.012716608,0.01550284,0.02035251,0.030860035,0.0020023705,2025-10-16,2025-10-13,-0.0037098030692389,0.005712173613016843,0.005712173613016843,3.2628927385245894e-05,0,1,0.027884733
r3_control_nofuture,39,4,-0.033838023,-0.019203631,-0.012950521,-0.00927701,-0.0066919867,-0.0047072647,-0.0030033258,-0.0015801687,-0.00026522903,0.00090016495,0.0020633535,0.0032390289,0.0044413786,0.0056574335,0.0070821256,0.008691264,0.010562118,0.012811046,0.015573593,0.020411253,0.030976754,0.0020633535,2025-10-17,2025-10-13,0.006545306134351,-0.004481952588387236,0.004481952588387236,2.0087899004551042e-05,1,1,0.028524114
r3_control_nofuture,39,5,-0.03438607,-0.01990531,-0.013669049,-0.010041941,-0.00749574,-0.0054965797,-0.0037992792,-0.0023387247,-0.0009814613,0.00025392923,0.0014856001,0.0027119098,0.0039720177,0.005196077,0.006656393,0.00829028,0.010185983,0.0124928355,0.015372122,0.020386083,0.031444635,0.0014856001,2025-10-20,2025-10-13,0.0125220215331664,-0.011036421396945944,0.011036421396945944,0.00012180259725096626,1,1,0.029041171
r3_control_nofuture,40,1,-0.02735351,-0.01610244,-0.010842756,-0.0077644004,-0.0055756527,-0.003870742,-0.0024496093,-0.001239862,-0.00013091834,0.0008461678,0.0017946195,0.0027534906,0.0037628678,0.0047713122,0.0059950794,0.0073569156,0.00896079,0.0109249065,0.01338249,0.017667694,0.026455319,0.0017946195,2025-10-21,2025-10-20,-0.0002615786773895,0.0020561981631253934,0.0020561981631253934,4.227950886040242e-06,0,1,0.024225246
r3_control_nofuture,40,2,-0.028522072,-0.016901024,-0.011504841,-0.008341765,-0.0060997657,-0.004356076,-0.0028723935,-0.0016273459,-0.00046436454,0.00054306356,0.0015310664,0.0025333664,0.0035789614,0.004632146,0.0059067113,0.007340417,0.009032904,0.011110522,0.013645775,0.01808511,0.026958456,0.0015310664,2025-10-22,2025-10-20,-0.0096806945149977,0.011211760887988309,0.011211760887988309,0.0001257035822094244,0,1,0.025150616
r3_control_nofuture,40,3,-0.028394878,-0.016886408,-0.011508465,-0.008333968,-0.006072247,-0.004296369,-0.0027992376,-0.0015345152,-0.0004004077,0.00061418395,0.0016093946,0.0026039667,0.0036527668,0.004718575,0.0060046823,0.0074743493,0.009199673,0.011329238,0.013930201,0.018478805,0.02767875,0.0016093946,2025-10-23,2025-10-20,0.0083712721530506,-0.006761877593413889,0.006761877593413889,4.57229885883128e-05,1,1,0.025438666
r3_control_nofuture,40,4,-0.028227175,-0.016706679,-0.011356034,-0.008218195,-0.005988928,-0.004260458,-0.0027733007,-0.0015394528,-0.0004085052,0.0005874534,0.0015637516,0.0025509926,0.003578411,0.004635144,0.005885916,0.007314221,0.009021105,0.011103816,0.013691065,0.018282963,0.027343936,0.0015637516,2025-10-24,2025-10-20,0.0106216704083831,-0.009057918803975074,0.009057918803975074,8.204589305940523e-05,1,1,0.0250471
r3_control_nofuture,40,5,-0.027728308,-0.016407322,-0.011135599,-0.008055449,-0.005856867,-0.004126437,-0.002661582,-0.0014221562,-0.00028742081,0.00072413904,0.0017130112,0.0026886987,0.0037124394,0.004734227,0.005978003,0.0073992163,0.009074829,0.011163561,0.013825225,0.018503403,0.027874287,0.0017130112,2025-10-27,2025-10-20,0.0176524969725718,-0.015939485791589807,0.015939485791589807,0.0002540672073002933,1,0,0.024960823
r3_control_nofuture,41,1,-0.023304112,-0.012076158,-0.007380987,-0.004714954,-0.002862163,-0.0014435896,-0.0002899092,0.0006843268,0.0015669756,0.0023379242,0.0030876012,0.0038373456,0.0046126028,0.0053921565,0.0063485843,0.007409495,0.008674066,0.010236312,0.012221945,0.01575467,0.023378203,0.0030876012,2025-10-28,2025-10-27,0.0076605908208715,-0.004572989662103562,0.004572989662103562,2.0912234449706047e-05,1,1,0.019602932
r3_control_nofuture,41,2,-0.025342729,-0.013745252,-0.008884635,-0.0061153704,-0.0041864137,-0.002706313,-0.0014586137,-0.0004202592,0.000546634,0.0013837904,0.0022207913,0.0030582377,0.0039272984,0.0047949515,0.005834329,0.0069915787,0.0083422195,0.010007849,0.012050685,0.015739735,0.023465622,0.0022207913,2025-10-29,2025-10-27,0.0044928826690138,-0.002272091370117726,0.002272091370117726,5.162399194163445e-06,1,1,0.02093532
r3_control_nofuture,41,3,-0.02720288,-0.014967846,-0.009915706,-0.0070458637,-0.005046157,-0.0034968816,-0.0022031704,-0.0011050559,-0.00010875473,0.000793453,0.0016975859,0.0025824022,0.0034950478,0.004398225,0.005467093,0.0066709626,0.008068211,0.009806292,0.011975432,0.015897885,0.024205333,0.0016975859,2025-10-30,2025-10-27,-0.0154067291234822,0.01710431504149148,0.01710431504149148,0.00029255759303859163,0,0,0.021891138
r3_control_nofuture,41,4,-0.028433237,-0.015494607,-0.010117965,-0.007059569,-0.0049394197,-0.0033234619,-0.0019450278,-0.00080609357,0.00023529294,0.0011555536,0.0020723664,0.0029858267,0.0039186897,0.0048575494,0.0059459126,0.0071759685,0.00863507,0.010439673,0.012683224,0.01669975,0.02493103,0.0020723664,2025-10-31,2025-10-27,0.0048124341897339,-0.002740067769554294,0.002740067769554294,7.507971381750244e-06,1,1,0.022801189
r3_control_nofuture,41,5,-0.026932249,-0.014773872,-0.00970342,-0.006818186,-0.0048098625,-0.0032487204,-0.0019399493,-0.00083604327,0.00016993686,0.0010812707,0.0019891826,0.0028938635,0.0038181182,0.0047280923,0.0058254255,0.0070725163,0.008548484,0.010390604,0.012749735,0.016924089,0.025441121,0.0019891826,2025-11-03,2025-10-27,0.004773297764712,-0.0027841152142518994,0.0027841152142518994,7.7512975262289e-06,1,1,0.022453155
r3_control_nofuture,42,1,-0.026608774,-0.014724562,-0.009698679,-0.0068077706,-0.004772144,-0.0032035317,-0.001898788,-0.00078415254,0.0002367908,0.0011251466,0.0019864982,0.0028513395,0.003732272,0.0045907674,0.0056208433,0.0067406036,0.008046446,0.009642225,0.011636767,0.0151713835,0.023054134,0.0019864982,2025-11-04,2025-11-03,-0.0205069305460749,0.022493428792044315,0.022493428792044315,0.0005059543388227682,0,0,0.021335445
r3_control_nofuture,42,2,-0.027310034,-0.015217196,-0.010075778,-0.007085087,-0.0049891737,-0.0033689025,-0.0020050197,-0.00086869544,0.0001813207,0.001087265,0.0019779154,0.002864277,0.0037700892,0.00466647,0.0057242806,0.0068866145,0.008231828,0.009878523,0.011896852,0.015502181,0.023473166,0.0019779154,2025-11-05,2025-11-03,0.006486962911098,-0.004509047501145598,0.004509047501145598,2.0331509367587357e-05,1,1,0.02197263
r3_control_nofuture,42,3,-0.028097175,-0.015668077,-0.01040226,-0.0073109968,-0.005128966,-0.0034323959,-0.0020140093,-0.0008208426,0.00024626474,0.0011927858,0.0021249657,0.0030354876,0.003969234,0.0048900084,0.0059757223,0.0071960203,0.008596083,0.010322864,0.012456513,0.016228016,0.02458145,0.0021249657,2025-11-06,2025-11-03,-0.0188030362399423,0.02092800189649104,0.02092800189649104,0.00043798126337953253,0,0,0.022858772
r3_control_nofuture,42,4,-0.02887675,-0.016021812,-0.0105325645,-0.0073237196,-0.0050914288,-0.0033956128,-0.0019483153,-0.000760342,0.00031754357,0.00125843,0.0021836236,0.0031040772,0.0040375805,0.004972245,0.0060522915,0.0072657624,0.008681945,0.0104012685,0.012531304,0.016331,0.024581641,0.0021836236,2025-11-07,2025-11-03,-0.0031602806656952,0.0053439042776222325,0.0053439042776222325,2.8557312928389196e-05,0,1,0.023063868
r3_control_nofuture,42,5,-0.028684763,-0.016109904,-0.010742574,-0.007609681,-0.005428004,-0.0037324768,-0.0022950857,-0.0010775527,3.244821e-05,0.0010261374,0.002003064,0.0029580172,0.003923219,0.0048624114,0.0059843967,0.007240226,0.008694424,0.010489785,0.012770308,0.016789675,0.025553536,0.002003064,2025-11-10,2025-11-03,0.0218830161265934,-0.019879952213158657,0.019879952213158657,0.0003952124999974718,1,0,0.023512881
r3_control_nofuture,43,1,-0.03585231,-0.021508612,-0.014942396,-0.0110603925,-0.008249801,-0.006027121,-0.004146313,-0.002515125,-0.0009914631,0.00036621967,0.0017117629,0.0030731878,0.004474837,0.0058572437,0.0075014113,0.009297776,0.011378741,0.013887046,0.016979184,0.022369882,0.033867277,0.0017117629,2025-11-11,2025-11-10,-0.0026671499925751,0.004378912852061143,0.004378912852061143,1.917487776594626e-05,0,1,0.03192158
r3_control_nofuture,43,2,-0.03494654,-0.020516241,-0.013824427,-0.0098441765,-0.006978503,-0.0047297063,-0.0028008418,-0.0011637452,0.00037719624,0.0017328134,0.0030771368,0.0044250744,0.0058235833,0.007207413,0.00883642,0.010644048,0.012715272,0.015201458,0.018182289,0.023466412,0.034772728,0.0030771368,2025-11-12,2025-11-10,-0.0007886429130851,0.0038657797314046592,0.0038657797314046592,1.494425293173908e-05,0,1,0.032006714
r3_control_nofuture,43,3,-0.035317052,-0.021134865,-0.014530515,-0.010555052,-0.007694136,-0.0054348274,-0.003509886,-0.0018727008,-0.00038049114,0.00095735607,0.0022874775,0.0036146487,0.0049968697,0.0063840747,0.008018274,0.009875641,0.011999028,0.014591144,0.017726423,0.023207195,0.03472626,0.0022874775,2025-11-13,2025-11-10,-0.0206272332406192,0.022914710728317397,0.022914710728317397,0.0005250839677624644,0,0,0.03225694
r3_control_nofuture,43,4,-0.03628631,-0.0222229,-0.015719157,-0.011779349,-0.008914995,-0.0066649844,-0.004693265,-0.0030165785,-0.0014480475,-5.2109477e-05,0.0013399624,0.0027265179,0.0041457554,0.0055686818,0.0072274865,0.009092228,0.011265294,0.013873892,0.017075341,0.022747846,0.034549966,0.0013399624,2025-11-14,2025-11-10,0.000755673905718,0.0005842884510058451,0.0005842884510058451,3.413929939788098e-07,1,1,0.032794498
r3_control_nofuture,43,5,-0.036194816,-0.021897225,-0.015193682,-0.011215629,-0.008388574,-0.006152788,-0.0042376947,-0.0025894037,-0.0010532947,0.00033064967,0.0017065671,0.003078028,0.004490077,0.00587761,0.0075190705,0.009356381,0.011474296,0.014046803,0.017237704,0.022828246,0.034715254,0.0017065671,2025-11-17,2025-11-10,-0.0085771562852826,0.010283723412540186,0.010283723412540186,0.00010575496722562716,0,1,0.032431386
r3_control_nofuture,44,1,-0.0397493,-0.023170955,-0.01593207,-0.011605063,-0.008503078,-0.00605299,-0.004007739,-0.0022529818,-0.00063781743,0.00077203533,0.0021475074,0.003533846,0.0050056977,0.0064868503,0.008282784,0.010271732,0.012616217,0.015450472,0.019006211,0.02529053,0.038635578,0.0021475074,2025-11-18,2025-11-17,-0.0122506503838736,0.014398157772018331,0.014398157772018331,0.00020730694722793187,0,1,0.034938283
r3_control_nofuture,44,2,-0.040313255,-0.02396659,-0.01682139,-0.0125157945,-0.009398023,-0.006923361,-0.004802167,-0.0029825387,-0.001281973,0.00020093465,0.0016622248,0.003135403,0.0046971384,0.0062683225,0.008164839,0.010283181,0.012785874,0.015830975,0.019537732,0.026205046,0.04016038,0.0016622248,2025-11-19,2025-11-17,0.0059524259622395,-0.00429020119823515,0.00429020119823515,1.8405826321338317e-05,1,1,0.036359124
r3_control_nofuture,44,3,-0.041405533,-0.024729576,-0.017282175,-0.012750052,-0.009488586,-0.006919705,-0.0047293724,-0.0028691366,-0.0011745084,0.00032724114,0.0017974988,0.0032555575,0.0048113815,0.006370012,0.008239423,0.010375036,0.01287262,0.015953165,0.019750305,0.026639134,0.041020516,0.0017974988,2025-11-20,2025-11-17,-0.0239565701060706,0.02575406889196124,0.02575406889196124,0.0006632720644918856,0,0,0.037032478
r3_control_nofuture,44,4,-0.043519724,-0.026060363,-0.01823818,-0.013474498,-0.010068992,-0.00742224,-0.0051511275,-0.0032394258,-0.0014688827,9.560143e-05,0.0016531704,0.0031970986,0.0048201247,0.006489679,0.008462971,0.01070082,0.01335717,0.016564919,0.020535361,0.027716976,0.04236984,0.0016531704,2025-11-21,2025-11-17,0.0074847628794217,-0.005831592433487762,0.005831592433487762,3.400747031031172e-05,1,1,0.03877354
r3_control_nofuture,44,5,-0.046301875,-0.02842873,-0.02015837,-0.015163809,-0.01161599,-0.008827617,-0.0064677466,-0.004446323,-0.0025791575,-0.00091261556,0.0006987301,0.002309955,0.00399744,0.0056912224,0.0077188597,0.010007769,0.01270365,0.015993271,0.020179488,0.027698252,0.04340847,0.0006987301,2025-11-24,2025-11-17,0.0252517353581003,-0.024553005241390233,0.024553005241390233,0.0006028500663837362,1,0,0.040337857
r3_control_nofuture,45,1,-0.049009554,-0.029592624,-0.020472499,-0.015251055,-0.011609772,-0.008766992,-0.006349211,-0.0042563262,-0.0023164414,-0.0005766145,0.0011111567,0.0028131271,0.0046007396,0.0063836565,0.008527348,0.010916443,0.013753443,0.01720146,0.021505263,0.029251961,0.046226934,0.0011111567,2025-11-25,2025-11-24,0.0061448514261719,-0.00503369476976508,0.00503369476976508,2.533808303516032e-05,1,1,0.041977763
r3_control_nofuture,45,2,-0.0488925,-0.029094733,-0.01980497,-0.014430028,-0.010691759,-0.007822073,-0.0053810445,-0.0033282563,-0.0014186084,0.0002671962,0.0019047782,0.0035863137,0.005341655,0.0070993905,0.009203451,0.011588117,0.014376552,0.017723685,0.021808516,0.02937289,0.045814797,0.0019047782,2025-11-26,2025-11-24,0.0087968306561573,-0.006892052473650739,0.006892052473650739,4.7500387299555277e-05,1,1,0.041613486
r3_control_nofuture,45,3,-0.049106304,-0.029414658,-0.019999621,-0.014550253,-0.010777372,-0.00786133,-0.0054130894,-0.0033670692,-0.0015237335,0.00012664305,0.0017499462,0.0033754087,0.0050787553,0.006808717,0.008871149,0.011247878,0.014014689,0.017387418,0.021521846,0.029183604,0.045385364,0.0017499462,2025-11-28,2025-11-24,0.0080744606016433,-0.006324514447920596,0.006324514447920596,3.9999483001956364e-05,1,1,0.041521467
r3_control_nofuture,45,4,-0.045121342,-0.027235724,-0.018992716,-0.014209173,-0.010771568,-0.008074957,-0.0057386453,-0.003750931,-0.0019007087,-0.00026125263,0.0013507474,0.0029731472,0.0046599754,0.00636187,0.008394,0.010715754,0.013495077,0.016892063,0.021207318,0.029178947,0.045826256,0.0013507474,2025-12-01,2025-11-24,-0.0033645861889512,0.004715333610335057,0.004715333610335057,2.2234371056755445e-05,0,1,0.040200032
r3_control_nofuture,45,5,-0.044216443,-0.026397787,-0.018174995,-0.01350918,-0.010225639,-0.0076336735,-0.0054081874,-0.0035092388,-0.0017424024,-0.00017062726,0.0013827005,0.0029367963,0.0045778085,0.006207678,0.008165819,0.0103927255,0.012995868,0.016227731,0.020287368,0.027738357,0.043493547,0.0013827005,2025-12-02,2025-11-24,0.007795608451378,-0.006412907934535694,0.006412907934535694,4.1125388176830865e-05,1,1,0.038462363
r3_control_nofuture,46,1,-0.028089905,-0.016385917,-0.011194934,-0.008147345,-0.005974637,-0.004257914,-0.0028166843,-0.0015845147,-0.00045147334,0.0005500795,0.001517748,0.0025002055,0.0035394856,0.004580335,0.0058474676,0.0072515192,0.008895194,0.010880879,0.013333487,0.017587971,0.025963562,0.001517748,2025-12-03,2025-12-02,0.002440744479132,-0.0009229964846196805,0.0009229964846196805,8.51922510620288e-07,1,1,0.024528421
r3_control_nofuture,46,2,-0.028978916,-0.016800037,-0.011428129,-0.008248178,-0.0059759375,-0.004194669,-0.0026653023,-0.001372207,-0.0001747256,0.0008759666,0.0019056945,0.002955252,0.004061527,0.005168954,0.0064979116,0.007974124,0.009693,0.011771305,0.014272552,0.018619599,0.026985394,0.0019056945,2025-12-04,2025-12-02,-0.0009305239790373,0.002836218466541961,0.002836218466541961,8.044135189953632e-06,0,1,0.02570068
r3_control_nofuture,46,3,-0.029853344,-0.017462125,-0.011948923,-0.008665809,-0.0063205976,-0.0044652084,-0.0028893002,-0.0015552125,-0.00035522814,0.0007173867,0.0017758126,0.002833659,0.003964217,0.005106952,0.0064802472,0.008048788,0.00987105,0.012097597,0.01480706,0.019477043,0.028403498,0.0017758126,2025-12-05,2025-12-02,0.0040690601080226,-0.002293247517527848,0.002293247517527848,5.2589841766476365e-06,1,1,0.026755983
r3_control_nofuture,46,4,-0.02962047,-0.017078077,-0.01152688,-0.008251572,-0.0059256265,-0.0041271076,-0.0025713088,-0.0012748644,-8.537824e-05,0.00095701334,0.0019938191,0.003046117,0.0041519725,0.0052768737,0.006603886,0.008107289,0.009876649,0.012002875,0.014620206,0.01916962,0.0278,0.0019938191,2025-12-08,2025-12-02,-0.0019203451600904,0.003914164299988223,0.003914164299988223,1.5320682167302297e-05,0,1,0.026147086
r3_control_nofuture,46,5,-0.028745923,-0.016713934,-0.01139071,-0.008256858,-0.0060226824,-0.0042576278,-0.002741192,-0.0014478639,-0.00025846058,0.000806566,0.0018435473,0.0028837405,0.0039825113,0.0050739706,0.0064004688,0.007893318,0.009636426,0.011752278,0.01440995,0.019000793,0.0278131,0.0018435473,2025-12-09,2025-12-02,0.001232585741391,0.0006109615907095702,0.0006109615907095702,3.7327406532236833e-07,1,1,0.02580066
r3_control_nofuture,47,1,-0.023290446,-0.012492683,-0.00806458,-0.0054701134,-0.003636339,-0.0022228814,-0.0010656458,-9.662571e-05,0.0007692088,0.0015080414,0.0022022626,0.0029017502,0.0036482392,0.004405741,0.005350274,0.0064032325,0.007658915,0.009200877,0.011157183,0.014623062,0.021733467,0.0022022626,2025-12-10,2025-12-09,0.0040873675112017,-0.0018851048749276003,0.0018851048749276003,3.5536203894758033e-06,1,1,0.019221764
r3_control_nofuture,47,2,-0.024453541,-0.013424297,-0.008863101,-0.006174546,-0.0042757452,-0.0028112354,-0.0015800383,-0.00056395325,0.00036277814,0.0011502258,0.0019104608,0.0026649444,0.0034671815,0.0042853435,0.0052774814,0.0063915476,0.007705198,0.009327971,0.011338928,0.014952694,0.022296092,0.0019104608,2025-12-11,2025-12-09,-0.0032396885435437,0.0051501493071546,0.0051501493071546,2.6524037885985008e-05,0,1,0.02020203
r3_control_nofuture,47,3,-0.025183696,-0.0137577085,-0.009087678,-0.00631025,-0.0043441104,-0.0028178918,-0.001544178,-0.0004833156,0.00045806682,0.0012853077,0.0020776016,0.0028564371,0.0036878749,0.0045254338,0.00552945,0.0066832905,0.008027187,0.0096965525,0.011782164,0.015502765,0.02308026,0.0020776016,2025-12-12,2025-12-09,-0.0193034256709435,0.021381027288145664,0.021381027288145664,0.0004571483278964295,0,0,0.020869842
r3_control_nofuture,47,4,-0.026584584,-0.014550968,-0.009540682,-0.00655168,-0.0044629765,-0.002882771,-0.0015464032,-0.00045794487,0.0005176354,0.0013512587,0.0021559447,0.0029537291,0.0037974187,0.0046741734,0.005716268,0.006910023,0.008335056,0.010070397,0.012248831,0.016148103,0.023854397,0.0021559447,2025-12-15,2025-12-09,-0.00503202605191,0.00718797075691946,0.00718797075691946,5.166692360232932e-05,0,1,0.021789514
r3_control_nofuture,47,5,-0.02777318,-0.0154333655,-0.010233191,-0.007161907,-0.0050320104,-0.0033878938,-0.002013977,-0.0008531694,0.00018949813,0.001111292,0.0019981444,0.002879321,0.0038062443,0.00473497,0.0058623543,0.0071462705,0.008666468,0.010539941,0.012956782,0.017223405,0.025699109,0.0019981444,2025-12-16,2025-12-09,0.0019798417903194,1.830264444558109e-05,1.830264444558109e-05,3.349867937013603e-10,1,1,0.023189973
r3_control_nofuture,48,1,-0.03191382,-0.019051744,-0.01303288,-0.009526766,-0.0070689754,-0.0051650577,-0.0035825935,-0.0022265431,-0.00097433594,0.00011809246,0.0011847204,0.0022599837,0.0033617467,0.004440765,0.0057249754,0.007117005,0.008728194,0.010670054,0.013049299,0.017168308,0.025987934,0.0011847204,2025-12-17,2025-12-16,-0.018710909603913,0.019895630033504835,0.019895630033504835,0.0003958360944300996,0,0,0.026082179
r3_control_nofuture,48,2,-0.033078004,-0.01962552,-0.013297598,-0.009589929,-0.007003538,-0.00501017,-0.0033326228,-0.0019283661,-0.00063224323,0.0004945571,0.0016015272,0.00270879,0.0038434393,0.0049696225,0.0062894463,0.0077233403,0.009375464,0.0113569945,0.013741345,0.017944857,0.026912129,0.0016015272,2025-12-18,2025-12-16,0.0143861168093265,-0.012784589597138853,0.012784589597138853,0.00016344573116727098,1,0,0.027038943
r3_control_nofuture,48,3,-0.03289733,-0.01960167,-0.013290199,-0.009527336,-0.00687861,-0.004816356,-0.00308666,-0.0016341727,-0.0003349929,0.000805908,0.0019302529,0.0030395226,0.004189663,0.005332383,0.0066700885,0.008172796,0.009896456,0.012002273,0.014559405,0.019024637,0.028539196,0.0019302529,2025-12-19,2025-12-16,0.0129512311021402,-0.011020978220419538,0.011020978220419538,0.00012146196093496179,1,1,0.027849603
r3_control_nofuture,48,4,-0.033123277,-0.020103661,-0.01390715,-0.010210077,-0.007595995,-0.005580385,-0.0038376981,-0.0023799678,-0.0010368052,0.00014790898,0.0013145786,0.0024722768,0.0036482345,0.004832308,0.0061984803,0.007713727,0.009475741,0.011576033,0.014147952,0.018711202,0.028258042,0.0013145786,2025-12-22,2025-12-16,0.0047819781064196,-0.003467399528543509,0.003467399528543509,1.2022859490543747e-05,1,1,0.028055102
r3_control_nofuture,48,5,-0.03294901,-0.019925233,-0.013670477,-0.0099815,-0.0074028387,-0.005384692,-0.0036720447,-0.0022103582,-0.00087466894,0.00031165045,0.0014760299,0.0026232228,0.003797377,0.004948789,0.0063192574,0.0078379195,0.009587804,0.0117025925,0.014351126,0.01898784,0.028846698,0.0014760299,2025-12-23,2025-12-16,0.0046723877365108,-0.003196357871067094,0.003196357871067094,1.0216703639932565e-05,1,1,0.028021604
r3_control_nofuture,49,1,-0.024814388,-0.014936761,-0.010183507,-0.0073065427,-0.0052113873,-0.003552344,-0.0021474068,-0.0009418773,0.00016497687,0.0011471934,0.0020946253,0.0030485708,0.004038057,0.005007564,0.0061732642,0.0074482863,0.00893855,0.010722895,0.012918704,0.016636042,0.0244848,0.0020946253,2025-12-24,2025-12-23,0.002921390510044,-0.0008267652475004409,0.0008267652475004409,6.835407744744652e-07,1,1,0.02310221
r3_control_nofuture,49,2,-0.025276892,-0.015278204,-0.010503621,-0.007616794,-0.0055155754,-0.0038587877,-0.0024304006,-0.0012326138,-0.000114302675,0.00086725835,0.001828846,0.0028063534,0.0038136183,0.004812753,0.0060051847,0.007318047,0.008822128,0.010631989,0.012798121,0.016524611,0.024209635,0.001828846,2025-12-26,2025-12-23,-6.422789274467806e-05,0.0018930739487589775,0.0018930739487589775,3.583728975469908e-06,0,1,0.023301743
r3_control_nofuture,49,3,-0.025625644,-0.015674062,-0.010851472,-0.007921033,-0.0057770074,-0.004064401,-0.002601592,-0.0013552015,-0.00022926676,0.00077399734,0.0017574495,0.0027358604,0.003747884,0.004752574,0.0059411936,0.00727809,0.008812708,0.010683952,0.012954632,0.016902696,0.025084866,0.0017574495,2025-12-29,2025-12-23,-0.0048523387503473,0.006609788220807715,0.006609788220807715,4.368930032392842e-05,0,1,0.023806103
r3_control_nofuture,49,4,-0.025888624,-0.015741698,-0.010859853,-0.007908483,-0.0057555786,-0.0040636277,-0.002588574,-0.0013488003,-0.0002051008,0.000806154,0.0018098182,0.002831843,0.0038878256,0.0049395794,0.006168657,0.0075464244,0.009158041,0.011076651,0.013404308,0.01742,0.025519375,0.0018098182,2025-12-30,2025-12-23,-0.002322080967224,0.00413189917171633,0.00413189917171633,1.7072590765230096e-05,0,1,0.02426416
r3_control_nofuture,49,5,-0.025818575,-0.015730433,-0.010872235,-0.00794206,-0.005796199,-0.004073921,-0.0025860688,-0.0013073205,-0.00012627238,0.00093719293,0.0019875877,0.0030289006,0.004108618,0.0051591853,0.006417744,0.007827217,0.009454622,0.01141434,0.0138385,0.017964823,0.026361383,0.0019875877,2025-12-31,2025-12-23,-0.0082999674436359,0.010287555104186972,0.010287555104186972,0.00010583379002168342,0,1,0.024710733
