model,window,horizon,q0.01,q0.05,q0.1,q0.15,q0.2,q0.25,q0.3,q0.35,q0.4,q0.45,q0.5,q0.55,q0.6,q0.65,q0.7,q0.75,q0.8,q0.85,q0.9,q0.95,q0.99,prediction,date,forecast_origin,actual,error,abs_error,squared_error,correct_direction,interval_coverage,interval_width
r6_plus_gdelt_fed_recession,0,1,-0.023706684,-0.013325614,-0.008780853,-0.005976349,-0.0038857344,-0.0021811891,-0.00072068267,0.0006074924,0.0018718189,0.0030229646,0.004224755,0.005434672,0.0066549936,0.007856691,0.009292233,0.010855436,0.0126856705,0.014892472,0.017605834,0.02202866,0.031240497,0.004224755,2025-01-02,2024-12-31,-0.0019580514322754,0.006182806302213297,0.006182806302213297,3.822709377068846e-05,0,1,0.026386686
r6_plus_gdelt_fed_recession,0,2,-0.024039334,-0.014251907,-0.010015441,-0.0073574274,-0.005328869,-0.0036543221,-0.0021471586,-0.00079221616,0.0005386255,0.0017627287,0.0030324636,0.004299339,0.0055996384,0.0068510207,0.008318874,0.00993066,0.011784494,0.013998753,0.016609978,0.021066703,0.030195247,0.0030324636,2025-01-03,2024-12-31,0.0162327110463588,-0.013200247443637108,0.013200247443637108,0.000174246532573248,1,1,0.026625419
r6_plus_gdelt_fed_recession,0,3,-0.024155006,-0.014313835,-0.01003213,-0.007360444,-0.0053474456,-0.0036809226,-0.0021978104,-0.0008681788,0.00039671233,0.0015766111,0.0028020164,0.004025536,0.0052775713,0.0064982055,0.00792828,0.009536366,0.011368612,0.0135845,0.016264731,0.020784356,0.030113274,0.0028020164,2025-01-06,2024-12-31,0.0114272594732095,-0.008625243026842594,0.008625243026842594,7.439481727209678e-05,1,1,0.026296861
r6_plus_gdelt_fed_recession,0,4,-0.025373265,-0.015086152,-0.010582883,-0.007764408,-0.0056640846,-0.003965327,-0.0024456559,-0.001121166,0.00014942908,0.0013228534,0.0025414387,0.0037695807,0.005010852,0.006234428,0.0076300385,0.009174766,0.010944825,0.013038619,0.01556486,0.019823104,0.02874722,0.0025414387,2025-01-07,2024-12-31,-0.0180053379483562,0.020546776624773073,0.020546776624773073,0.00042217002966832116,0,0,0.026147742
r6_plus_gdelt_fed_recession,0,5,-0.02563564,-0.0157587,-0.011378399,-0.008656716,-0.0066176993,-0.0049405023,-0.0034633926,-0.0021397113,-0.00086131843,0.00033872906,0.0015665,0.0028171586,0.004071999,0.005286386,0.006708255,0.008272529,0.010064389,0.0122081805,0.014827622,0.01917544,0.028379815,0.0015665,2025-01-08,2024-12-31,0.0001747211656341,0.0013917788881069378,0.0013917788881069378,1.937048473380184e-06,1,1,0.02620602
r6_plus_gdelt_fed_recession,1,1,-0.024440827,-0.015233176,-0.011004885,-0.008337068,-0.006299994,-0.00461598,-0.0031522063,-0.0018391081,-0.00059111335,0.0005538728,0.0017210722,0.0029115826,0.0041152313,0.005271732,0.006632928,0.008103207,0.009784634,0.011797844,0.014272162,0.01838775,0.026736312,0.0017210722,2025-01-10,2025-01-08,-0.0158052357448569,0.017526307988383477,0.017526307988383477,0.0003071714717036745,0,0,0.025277046
r6_plus_gdelt_fed_recession,1,2,-0.025298717,-0.0160921,-0.0118928505,-0.009232968,-0.0071790284,-0.0054831486,-0.0039607994,-0.002627271,-0.0013295677,-0.00014729926,0.0010573956,0.0022774204,0.003506727,0.0047112936,0.006132229,0.0076897126,0.009486309,0.011667514,0.01427176,0.018664686,0.027206361,0.0010573956,2025-01-13,2025-01-08,-0.0032190134119924,0.004276409007118254,0.004276409007118254,1.828767399616213e-05,0,1,0.02616461
r6_plus_gdelt_fed_recession,1,3,-0.02546771,-0.01608792,-0.0117627755,-0.008992597,-0.006886567,-0.005134356,-0.0035874036,-0.002221374,-0.00093373936,0.0002621006,0.0014872776,0.0027220617,0.0039695436,0.0051998487,0.0066348296,0.008226011,0.010031574,0.012200271,0.014801118,0.019187562,0.027811099,0.0014872776,2025-01-14,2025-01-08,-0.000949868357201,0.0024371459217936596,0.0024371459217936596,5.939680244115467e-06,0,1,0.026563894
r6_plus_gdelt_fed_recession,1,4,-0.02613784,-0.016661795,-0.012294319,-0.00948666,-0.0073321136,-0.0055653993,-0.00397765,-0.0025821018,-0.0012315761,9.964104e-06,0.0012872353,0.002582476,0.003887057,0.005159956,0.00662137,0.008240275,0.010093132,0.012288479,0.014913972,0.01933745,0.028116005,0.0012872353,2025-01-15,2025-01-08,0.0227456388589107,-0.021458403562579356,0.021458403562579356,0.0004604630834545184,1,0,0.027208291
r6_plus_gdelt_fed_recession,1,5,-0.026467321,-0.017010206,-0.01256925,-0.009751948,-0.007615935,-0.0058597047,-0.0043013906,-0.002923466,-0.0015895835,-0.00035129522,0.0009184612,0.002207959,0.0035218706,0.004783462,0.006261522,0.007887104,0.0097347405,0.011952601,0.01464605,0.019137865,0.028170504,0.0009184612,2025-01-16,2025-01-08,-0.0070306816606343,0.007949142845117323,0.007949142845117323,6.318887197207993e-05,0,1,0.027215298
r6_plus_gdelt_fed_recession,2,1,-0.028490461,-0.01833646,-0.013673889,-0.010702081,-0.008436615,-0.006571416,-0.0049783313,-0.0035564275,-0.002204539,-0.0009832578,0.0002580157,0.001512224,0.0027906308,0.0040252963,0.0054785167,0.007061259,0.008887221,0.0110978475,0.013816028,0.018456034,0.027467329,0.0002580157,2025-01-17,2025-01-16,0.0167374905335007,-0.016479474831953434,0.016479474831953434,0.00027157309073698666,1,0,0.027489917
r6_plus_gdelt_fed_recession,2,2,-0.028891448,-0.018407933,-0.013717573,-0.010755012,-0.008492465,-0.006638008,-0.0050055105,-0.003573778,-0.0022051316,-0.0009758137,0.00027993077,0.0015338061,0.0028149812,0.004062134,0.005536486,0.0071564685,0.009059808,0.011373289,0.014196737,0.018995032,0.027852856,0.00027993077,2025-01-21,2025-01-16,0.0058480282944156,-0.005568097524949737,0.005568097524949737,3.100371004735138e-05,1,1,0.02791431
r6_plus_gdelt_fed_recession,2,3,-0.02789322,-0.017347816,-0.012607846,-0.009619223,-0.0073730405,-0.0055155186,-0.0038879728,-0.002453504,-0.0011153608,0.0001100956,0.0013590163,0.0026023248,0.0038796745,0.0051282374,0.0066092783,0.008257246,0.010158834,0.012460159,0.015255459,0.019915957,0.02881835,0.0013590163,2025-01-22,2025-01-16,0.0127046313098044,-0.011345615024526497,0.011345615024526497,0.00012872298028476138,1,1,0.027863305
r6_plus_gdelt_fed_recession,2,4,-0.028257865,-0.017774023,-0.0130374385,-0.010036636,-0.0077683013,-0.0059233983,-0.004276446,-0.002837087,-0.001462155,-0.00020176556,0.0010835404,0.0023641344,0.0036603455,0.0049342224,0.0064023347,0.008022144,0.009908574,0.0121526895,0.014863145,0.019476868,0.028248284,0.0010835404,2025-01-23,2025-01-16,0.0021238649043408,-0.0010403245234084095,0.0010403245234084095,1.0822751140049343e-06,1,1,0.027900584
r6_plus_gdelt_fed_recession,2,5,-0.028359767,-0.01776028,-0.012897923,-0.009868557,-0.007593224,-0.005736965,-0.0041170553,-0.0026789298,-0.001298323,-1.7282437e-05,0.0012773052,0.0025845198,0.003898967,0.0051790867,0.006682286,0.008353148,0.010283736,0.012616085,0.01547408,0.02024414,0.02944095,0.0012773052,2025-01-24,2025-01-16,-0.0056671930365897,0.00694449822238453,0.00694449822238453,4.82260555607019e-05,0,1,0.028372003
r6_plus_gdelt_fed_recession,3,1,-0.02483884,-0.015566187,-0.011455979,-0.008900264,-0.0069671343,-0.005380389,-0.004011276,-0.002780918,-0.0016042371,-0.0005289855,0.00057081424,0.0016959776,0.0028233626,0.0039002546,0.005152371,0.0064988313,0.008034997,0.0098755825,0.012134323,0.01594551,0.023614105,0.00057081424,2025-01-27,2025-01-24,-0.0295468110204056,0.03011762526206077,0.03011762526206077,0.0009070713514259211,0,0,0.023590302
r6_plus_gdelt_fed_recession,3,2,-0.024164855,-0.014852716,-0.010763194,-0.008206569,-0.0062488574,-0.004636533,-0.003201373,-0.0019329828,-0.00070674275,0.00040688575,0.0015493862,0.002700255,0.0038579202,0.004984074,0.006294229,0.007715437,0.009350577,0.011316543,0.013669316,0.017681804,0.025579182,0.0015493862,2025-01-28,2025-01-24,0.0146717071433662,-0.013122320956840974,0.013122320956840974,0.00017219530729434783,1,0,0.02443251
r6_plus_gdelt_fed_recession,3,3,-0.025438808,-0.015479904,-0.011114612,-0.008395892,-0.0063541136,-0.004666553,-0.003176623,-0.001846292,-0.00059046585,0.0005746472,0.0017749879,0.002973167,0.004175476,0.0053450787,0.006703495,0.008200708,0.009893246,0.011920074,0.014369069,0.018467173,0.026632505,0.0017749879,2025-01-29,2025-01-24,-0.001879765316943,0.00365475322129793,0.00365475322129793,1.3357221108587595e-05,0,1,0.02548368
r6_plus_gdelt_fed_recession,3,4,-0.026050257,-0.015559394,-0.010867441,-0.007948784,-0.0057701846,-0.0040207887,-0.0024636101,-0.0011067411,0.00019286491,0.0013921796,0.0026344534,0.003879754,0.0051380405,0.006369341,0.0077717863,0.009324664,0.011097919,0.013209207,0.0157199,0.019924292,0.028316578,0.0026344534,2025-01-30,2025-01-24,0.0042531693936366,-0.0016187160392332235,0.0016187160392332235,2.6202416156708948e-06,1,1,0.026587341
r6_plus_gdelt_fed_recession,3,5,-0.026230568,-0.016026119,-0.011457827,-0.008619942,-0.006470768,-0.0047010626,-0.0031445199,-0.001750007,-0.0003964916,0.0008675483,0.002158578,0.0034560869,0.0047415057,0.005973619,0.0074008326,0.00897342,0.010759259,0.012885345,0.015444778,0.01970132,0.028213285,0.002158578,2025-01-31,2025-01-24,-0.0014538581500055,0.0036124361695946856,0.0036124361695946856,1.3049695079395925e-05,0,1,0.026902605
r6_plus_gdelt_fed_recession,4,1,-0.024258824,-0.015015118,-0.010753311,-0.008033499,-0.0059518083,-0.0042335778,-0.0027451413,-0.0014081954,-0.00013621582,0.0010227117,0.0021920325,0.003377627,0.0045880023,0.0057649733,0.007158037,0.008662024,0.010390084,0.012460347,0.014983704,0.01915152,0.027260043,0.0021920325,2025-02-03,2025-01-31,-0.0080355289256325,0.010227561449085735,0.010227561449085735,0.00010460301319482471,0,1,0.025737016
r6_plus_gdelt_fed_recession,4,2,-0.025590621,-0.016247785,-0.01198275,-0.009254668,-0.0071435715,-0.0054103537,-0.0038550044,-0.0024902811,-0.0011611807,4.457275e-05,0.001267104,0.0025028163,0.0037519843,0.0049765473,0.006418887,0.007997666,0.009817397,0.012000024,0.014593437,0.01894259,0.027147036,0.001267104,2025-02-04,2025-01-31,0.0122007474866569,-0.01093364354268312,0.01093364354268312,0.0001195445611184563,1,1,0.026576187
r6_plus_gdelt_fed_recession,4,3,-0.024870567,-0.015638147,-0.011333769,-0.008552466,-0.006429254,-0.0046661138,-0.0031106882,-0.0017362772,-0.00044494413,0.00074723497,0.001959272,0.0031760735,0.004410065,0.00562343,0.007047633,0.008628873,0.01042773,0.012581,0.015159691,0.019459862,0.027726002,0.001959272,2025-02-05,2025-01-31,0.0045275599157451,-0.002568287953921994,0.002568287953921994,6.596103014260823e-06,1,1,0.02649346
r6_plus_gdelt_fed_recession,4,4,-0.025762225,-0.01635948,-0.011988936,-0.0091849305,-0.0070403195,-0.005286259,-0.0037111118,-0.0023329603,-0.0010083702,0.00020325766,0.0014447112,0.002698151,0.0039661303,0.0052124,0.006643246,0.008219457,0.010031754,0.012167789,0.014717255,0.018996079,0.027193803,0.0014447112,2025-02-06,2025-01-31,0.0052061215196083,-0.0037614102861190848,0.0037614102861190848,1.4148207340522454e-05,1,1,0.02670619
r6_plus_gdelt_fed_recession,4,5,-0.025184292,-0.01591295,-0.01156996,-0.008815939,-0.006713172,-0.0049784216,-0.0034403908,-0.0020748642,-0.00075666537,0.00046148762,0.0017024875,0.002953758,0.0042241076,0.005450684,0.0068859826,0.00847108,0.0102777425,0.012431573,0.015041571,0.019365868,0.027797295,0.0017024875,2025-02-07,2025-01-31,-0.012693476185179,0.014395963653898482,0.014395963653898482,0.00020724376952436613,0,0,0.026611531
r6_plus_gdelt_fed_recession,5,1,-0.02536442,-0.015917664,-0.011575183,-0.00880369,-0.006668341,-0.0049018757,-0.0033747135,-0.0020123364,-0.00072432146,0.00043630938,0.0016050838,0.00278422,0.003987221,0.005160798,0.006548314,0.008051253,0.009780087,0.011849692,0.014375936,0.018584933,0.027011104,0.0016050838,2025-02-10,2025-02-07,0.0120323843305453,-0.010427300513860517,0.010427300513860517,0.00010872859600635581,1,1,0.02595112
r6_plus_gdelt_fed_recession,5,2,-0.025272649,-0.015825024,-0.011477832,-0.008679118,-0.006509316,-0.0047198883,-0.003128251,-0.0017344337,-0.00039597112,0.00080451136,0.0020186831,0.003232185,0.004479583,0.005688199,0.0071085244,0.008661285,0.010433191,0.012536889,0.015041135,0.019260887,0.027705112,0.0020186831,2025-02-11,2025-02-07,-0.0023834161886748,0.00440209931300842,0.00440209931300842,1.9378478361589204e-05,0,1,0.026518967
r6_plus_gdelt_fed_recession,5,3,-0.02660107,-0.016757168,-0.01223759,-0.009328691,-0.0071156365,-0.0052797813,-0.0036668782,-0.0022510805,-0.00092907343,0.00028081407,0.0015037167,0.0027207942,0.0039742156,0.0052097463,0.006669683,0.0083062295,0.010175992,0.012428805,0.015138749,0.019620206,0.028419666,0.0015037167,2025-02-12,2025-02-07,0.0005866681892633,0.0009170484993398628,0.0009170484993398628,8.409779501414943e-07,1,1,0.027376339
r6_plus_gdelt_fed_recession,5,4,-0.026519936,-0.016809626,-0.012390219,-0.0095245205,-0.0073192134,-0.0055097155,-0.0038758353,-0.002452778,-0.0010960693,0.00013639394,0.0013988286,0.0026604556,0.003948183,0.005214115,0.0066767526,0.008301202,0.010174423,0.012398247,0.01505791,0.019493658,0.028211461,0.0013988286,2025-02-13,2025-02-07,0.0142834775303083,-0.012884648951195413,0.012884648951195413,0.00016601417859554105,1,1,0.027448129
r6_plus_gdelt_fed_recession,5,5,-0.026040845,-0.016400317,-0.011887625,-0.009002093,-0.006817714,-0.0050186287,-0.0034357402,-0.002043571,-0.0007141918,0.0005020054,0.0017253312,0.0029568505,0.0042106495,0.0054328535,0.006868224,0.008464189,0.010282662,0.012446467,0.015049955,0.019323057,0.027945636,0.0017253312,2025-02-14,2025-02-07,0.0041898028200229,-0.002464471638362605,0.002464471638362605,6.073620456293663e-06,1,1,0.02693758
r6_plus_gdelt_fed_recession,6,1,-0.019420665,-0.0107004335,-0.0069959173,-0.0047374927,-0.0030400513,-0.0016612397,-0.00049061736,0.00056530506,0.0015664102,0.0024613435,0.0033740685,0.0042891027,0.005219629,0.0061345696,0.0072198743,0.008380403,0.009720437,0.011320335,0.013279966,0.01652748,0.023089936,0.0033740685,2025-02-18,2025-02-14,0.002264258246993,0.0011098102851460627,0.0011098102851460627,1.231678869015985e-06,1,1,0.020275883
r6_plus_gdelt_fed_recession,6,2,-0.022823561,-0.013555867,-0.009597562,-0.007185028,-0.0053604385,-0.0038813592,-0.0025772976,-0.0014325993,-0.0003187817,0.0006798979,0.0017057366,0.0027306466,0.0037630384,0.00477139,0.005936457,0.0071937907,0.008626499,0.010331874,0.012348128,0.0157698,0.022469662,0.0017057366,2025-02-19,2025-02-14,0.0002782415312869,0.0014274950890647722,0.0014274950890647722,2.0377422293040422e-06,1,1,0.021945689
r6_plus_gdelt_fed_recession,6,3,-0.023393624,-0.013852229,-0.009775078,-0.007271925,-0.0053791944,-0.0038132032,-0.002438872,-0.0012183369,-6.781984e-05,0.0009896316,0.0020786405,0.0031582585,0.0042521814,0.005323723,0.0065623056,0.007936487,0.009488113,0.011362579,0.013627021,0.017370515,0.024721144,0.0020786405,2025-02-20,2025-02-14,-0.00425376448673,0.0063324049942641465,0.0063324049942641465,4.00993530113815e-05,0,1,0.023402099
r6_plus_gdelt_fed_recession,6,4,-0.02624603,-0.016466295,-0.012322473,-0.009736361,-0.0077540213,-0.0061151925,-0.004635942,-0.0033273234,-0.002061892,-0.0008918452,0.00030984805,0.0014943802,0.0026628645,0.0038091324,0.005103332,0.006504168,0.008104952,0.010004761,0.012280824,0.016114034,0.02352591,0.00030984805,2025-02-21,2025-02-14,-0.0209728300712964,0.021282678123280264,0.021282678123280264,0.0004529523880991523,0,0,0.024603296
r6_plus_gdelt_fed_recession,6,5,-0.026252048,-0.016116269,-0.011714173,-0.009019608,-0.006972919,-0.0052851196,-0.00379875,-0.0024666893,-0.0011772623,2.9350282e-05,0.0012627898,0.0025044833,0.0037254232,0.0049003074,0.006247814,0.007721102,0.009396963,0.011397734,0.013805605,0.017781446,0.02560347,0.0012627898,2025-02-24,2025-02-14,-0.0118745394108843,0.013137329235861818,0.013137329235861818,0.00017258941945142965,0,0,0.025519777
r6_plus_gdelt_fed_recession,7,1,-0.027443977,-0.01742763,-0.013050128,-0.010319665,-0.008229731,-0.006501833,-0.004983448,-0.003617309,-0.0023043477,-0.001099738,0.000145439,0.0014032018,0.002659279,0.0038611079,0.005250784,0.0067273253,0.0083892085,0.010349683,0.01271114,0.016685551,0.024951516,0.000145439,2025-02-25,2025-02-24,-0.0126792687616507,0.01282470776198529,0.01282470776198529,0.00016447312918032575,0,1,0.025761269
r6_plus_gdelt_fed_recession,7,2,-0.02506099,-0.015124488,-0.010833842,-0.008155432,-0.0061129485,-0.004431191,-0.0029251436,-0.001593667,-0.00029516965,0.000901749,0.002136989,0.0033850214,0.0046473956,0.0058648326,0.0072734077,0.0088003455,0.0105112465,0.012528344,0.014889478,0.018912612,0.027167728,0.002136989,2025-02-26,2025-02-24,0.0024127904552501,-0.0002758014242630756,0.0002758014242630756,7.606642562554104e-08,1,1,0.02572332
r6_plus_gdelt_fed_recession,7,3,-0.02538416,-0.015457011,-0.011126215,-0.008433238,-0.0063971686,-0.004708831,-0.0032019801,-0.0018656651,-0.0005937547,0.0005932093,0.0018333945,0.0030747815,0.0043334984,0.0055643586,0.006990215,0.008564847,0.010321899,0.012394256,0.01485063,0.018953618,0.027309077,0.0018333945,2025-02-27,2025-02-24,-0.0281644308554554,0.0299978253745088,0.0299978253745088,0.0008998695271995241,0,0,0.025976844
r6_plus_gdelt_fed_recession,7,4,-0.025689267,-0.015260811,-0.0106440475,-0.007783776,-0.00564906,-0.0039295307,-0.0024018465,-0.0010690285,0.00021320418,0.001393329,0.002626245,0.0038686735,0.005125837,0.006354133,0.007755698,0.009311172,0.011059066,0.013105602,0.0155364,0.019590795,0.027916549,0.002626245,2025-02-28,2025-02-24,0.0156682540227465,-0.01304200911268514,0.01304200911268514,0.00017009400169536222,1,0,0.026180446
r6_plus_gdelt_fed_recession,7,5,-0.025698833,-0.01582049,-0.011479732,-0.008795878,-0.006760551,-0.0050735786,-0.0035687718,-0.0022201655,-0.00090366544,0.00032894243,0.0016082528,0.0029088913,0.004213163,0.0054671643,0.0069164843,0.00849094,0.010248322,0.012307819,0.01474892,0.018782247,0.02728515,0.0016082528,2025-03-03,2025-02-24,-0.0221255677697012,0.023733820527861434,0.023733820527861434,0.0005632942368487368,0,0,0.026228651
r6_plus_gdelt_fed_recession,8,1,-0.02861249,-0.01734871,-0.012284201,-0.009124928,-0.006743408,-0.004801869,-0.003119838,-0.0016122186,-0.00017139647,0.0011463818,0.0025071814,0.0038833204,0.0052746693,0.006635023,0.008220708,0.009920361,0.011884319,0.014227754,0.017095186,0.021897854,0.0323898,0.0025071814,2025-03-04,2025-03-03,-0.0030223198621168,0.005529501234610306,0.005529501234610306,3.05753839035569e-05,0,1,0.029379386
r6_plus_gdelt_fed_recession,8,2,-0.029331544,-0.018218312,-0.0134004,-0.010374108,-0.008042936,-0.0061363443,-0.004421928,-0.002909912,-0.0014311424,-8.5228996e-05,0.0013001035,0.0026995917,0.004113583,0.0054984284,0.007108613,0.008890765,0.01095766,0.013429732,0.016378568,0.021423073,0.031759646,0.0013001035,2025-03-05,2025-03-03,0.0129517834845731,-0.01165167998781297,0.01165167998781297,0.00013576164653840124,1,1,0.029778969
r6_plus_gdelt_fed_recession,8,3,-0.026436983,-0.015588476,-0.010755195,-0.007709297,-0.0053876205,-0.0034632622,-0.0017554183,-0.00024651556,0.0011819153,0.0025147854,0.003891879,0.005264294,0.0066561564,0.008013074,0.009582729,0.011345574,0.01333812,0.015732339,0.018623326,0.023640037,0.034382828,0.003891879,2025-03-06,2025-03-03,-0.0278947565539573,0.031786635548139056,0.031786635548139056,0.0010103901994702174,0,0,0.029378522
r6_plus_gdelt_fed_recession,8,4,-0.027639396,-0.0167087,-0.011817706,-0.008774011,-0.006465912,-0.0045903428,-0.0029036745,-0.0014298793,-3.779889e-06,0.0013210725,0.0026977523,0.004081148,0.005487029,0.006861556,0.008439916,0.010187547,0.012205995,0.014600331,0.017479235,0.022379495,0.032812428,0.0026977523,2025-03-07,2025-03-03,0.0073265245917066,-0.004628772268704976,0.004628772268704976,2.1425532715532215e-05,1,1,0.029296942
r6_plus_gdelt_fed_recession,8,5,-0.026935656,-0.016215067,-0.011444976,-0.008486528,-0.0062219114,-0.0043412205,-0.0026643828,-0.001165251,0.00029775756,0.0016527731,0.0030361295,0.0044319015,0.0058111777,0.007143519,0.00868364,0.0103977015,0.012341328,0.014659027,0.017426506,0.022129904,0.032428015,0.0030361295,2025-03-10,2025-03-03,-0.0395274139912044,0.04256354351241042,0.04256354351241042,0.0018116552363328553,0,0,0.02887148
r6_plus_gdelt_fed_recession,9,1,-0.03603333,-0.021658402,-0.015524723,-0.011833807,-0.009104076,-0.006904441,-0.004995534,-0.0033090913,-0.0017090291,-0.00023792859,0.001278783,0.0028014518,0.004319546,0.0058027515,0.0075072655,0.009310599,0.011378528,0.013832891,0.016831223,0.021948233,0.033145454,0.001278783,2025-03-11,2025-03-10,-0.0023932186100274,0.0036720015719175015,0.0036720015719175015,1.3483595544164601e-05,0,1,0.032355946
r6_plus_gdelt_fed_recession,9,2,-0.035107393,-0.020643536,-0.014665514,-0.011106447,-0.008473552,-0.0063673407,-0.004494096,-0.0028620497,-0.0012865905,0.00016235875,0.001652501,0.0031573258,0.0046794233,0.0061771115,0.007912327,0.00982802,0.0120061925,0.014585651,0.017651705,0.022949109,0.033832364,0.001652501,2025-03-12,2025-03-10,0.0112176884525694,-0.009565187394735967,0.009565187394735967,9.149280989641584e-05,1,1,0.03231722
r6_plus_gdelt_fed_recession,9,3,-0.032957394,-0.019078068,-0.0132289175,-0.009709524,-0.0071055153,-0.004982084,-0.003106979,-0.0014652018,9.7987475e-05,0.0015659141,0.0030928673,0.0046178047,0.0061622625,0.0076906895,0.0094613135,0.011451427,0.013664049,0.01629134,0.019397223,0.024754547,0.035930183,0.0030928673,2025-03-13,2025-03-10,-0.018154311388248,0.0212471787105141,0.0212471787105141,0.0004514426031565237,0,0,0.03262614
r6_plus_gdelt_fed_recession,9,4,-0.032978766,-0.018958507,-0.0130744185,-0.009581276,-0.0069980426,-0.004931489,-0.003093168,-0.0014860264,7.81251e-05,0.0015318807,0.0030625872,0.0046027345,0.006169835,0.007688623,0.009450376,0.011415152,0.013659168,0.016336937,0.01955807,0.025041105,0.03649983,0.0030625872,2025-03-14,2025-03-10,0.0238829512030624,-0.02082036397166477,0.02082036397166477,0.0004334875559125964,1,0,0.03263249
r6_plus_gdelt_fed_recession,9,5,-0.030668573,-0.017142138,-0.011399716,-0.008007625,-0.00550659,-0.003473621,-0.0016650627,-5.895004e-05,0.0015223473,0.0029977316,0.0045185694,0.0060726805,0.0076267747,0.009136459,0.010899834,0.01287134,0.015092424,0.017743396,0.020885846,0.02624348,0.037864137,0.0045185694,2025-03-17,2025-03-10,0.0064628688912079,-0.0019442994441077376,0.0019442994441077376,3.7803003283576575e-06,1,1,0.032285564
r6_plus_gdelt_fed_recession,10,1,-0.03209274,-0.019584542,-0.013975215,-0.010451931,-0.007796291,-0.005647191,-0.0038137692,-0.0021909256,-0.00066191633,0.0007052084,0.0020839628,0.003471787,0.004890286,0.006286058,0.007929825,0.0097042015,0.011748926,0.014186858,0.017141366,0.021954129,0.031604573,0.0020839628,2025-03-18,2025-03-17,-0.0171943872655979,0.01927835004881533,0.01927835004881533,0.000371654780604658,0,0,0.031116582
r6_plus_gdelt_fed_recession,10,2,-0.03361273,-0.02110951,-0.015560049,-0.012039584,-0.009344571,-0.007156939,-0.005234369,-0.0035698507,-0.0019860016,-0.0005879374,0.0008176741,0.002211743,0.0036417358,0.0050429273,0.0066804714,0.008475425,0.010568303,0.013055661,0.016004654,0.020932734,0.030443216,0.0008176741,2025-03-19,2025-03-17,0.0132926295578243,-0.012474955462081895,0.012474955462081895,0.0001556245137809269,1,1,0.0315647
r6_plus_gdelt_fed_recession,10,3,-0.032814555,-0.020304488,-0.01462973,-0.011031623,-0.008302463,-0.0060890964,-0.0041599297,-0.0024886122,-0.0009330086,0.0004666592,0.001872718,0.003267548,0.0047001666,0.006113527,0.0077646566,0.0096054375,0.011704437,0.014207092,0.017162727,0.022093233,0.031822763,0.001872718,2025-03-20,2025-03-17,-0.0033952971706285,0.005268015155580532,0.005268015155580532,2.7751983679426176e-05,0,1,0.03179246
r6_plus_gdelt_fed_recession,10,4,-0.033560764,-0.021507263,-0.01610624,-0.012638469,-0.009944787,-0.0077399793,-0.005776201,-0.0040728566,-0.0024617412,-0.0010212188,0.0004204248,0.0018406775,0.0032762443,0.0046999543,0.006336813,0.008154156,0.010249944,0.012715855,0.015641961,0.02057615,0.030303469,0.0004204248,2025-03-21,2025-03-17,0.0032913365921815,-0.0028709117960062885,0.0028709117960062885,8.242134540448054e-06,1,1,0.0317482
r6_plus_gdelt_fed_recession,10,5,-0.031828135,-0.01969806,-0.014193626,-0.010748902,-0.008121761,-0.0059738765,-0.0040948186,-0.002440487,-0.0008690803,0.0005511738,0.0019686176,0.0033812444,0.004807104,0.006206798,0.00783872,0.0096473,0.011722025,0.014177269,0.017120885,0.022020675,0.031852312,0.0019686176,2025-03-24,2025-03-17,0.021706929943018,-0.019738312391989272,0.019738312391989272,0.00038960097608375726,1,0,0.03131451
r6_plus_gdelt_fed_recession,11,1,-0.030097237,-0.018352456,-0.01324001,-0.01005242,-0.007611549,-0.0056158327,-0.0038968604,-0.0023651782,-0.0009129846,0.0004001023,0.0017380577,0.0031021396,0.0044799657,0.005826439,0.007409522,0.009132087,0.011109933,0.013475373,0.01635681,0.02115187,0.030917838,0.0017380577,2025-03-25,2025-03-24,0.0056903662580989,-0.003952308553456485,0.003952308553456485,1.5620742901725295e-05,1,1,0.02959682
r6_plus_gdelt_fed_recession,11,2,-0.030335963,-0.018577037,-0.013428142,-0.0102052465,-0.007726275,-0.0057082493,-0.003926433,-0.0023735436,-0.00088226213,0.00045648724,0.0018146238,0.0031792037,0.004563729,0.0059123184,0.007483955,0.009192143,0.011143673,0.013464406,0.016202731,0.020863159,0.030374378,0.0018146238,2025-03-26,2025-03-24,-0.0185720704216408,0.020386694250618148,0.020386694250618148,0.00041561730246818707,0,0,0.029630873
r6_plus_gdelt_fed_recession,11,3,-0.03142512,-0.01936733,-0.01406477,-0.010730196,-0.008203056,-0.0061470754,-0.004351433,-0.002784244,-0.0013235488,5.8965525e-06,0.0013536641,0.0026967237,0.004065465,0.0054219286,0.0070020924,0.008760445,0.010764569,0.013169216,0.01603833,0.020882415,0.030647483,0.0013536641,2025-03-27,2025-03-24,-0.0057142872803449,0.00706795137120181,0.00706795137120181,4.9955936585673544e-05,0,1,0.0301031
r6_plus_gdelt_fed_recession,11,4,-0.030789815,-0.019190978,-0.0140668675,-0.010831242,-0.008355327,-0.0063496334,-0.0045605293,-0.0030099805,-0.0015334277,-0.0001963909,0.0011535258,0.0025059101,0.0038713382,0.005221273,0.0067742886,0.008500644,0.010486146,0.012836233,0.01564914,0.020441296,0.030144913,0.0011535258,2025-03-28,2025-03-24,-0.0266806043211972,0.02783413010115229,0.02783413010115229,0.000774738798487872,0,0,0.029716007
r6_plus_gdelt_fed_recession,11,5,-0.030804865,-0.019068081,-0.013851451,-0.010608349,-0.00816294,-0.006164184,-0.00442104,-0.002891211,-0.0014374929,-0.00011187559,0.0012273277,0.002567478,0.003920679,0.0052324613,0.006761829,0.008449266,0.010378329,0.012681434,0.015486654,0.02019116,0.029886998,0.0012273277,2025-03-31,2025-03-24,-4.261839986240741e-05,0.0012699461387509691,0.0012699461387509691,1.6127631953284957e-06,0,1,0.029338105
r6_plus_gdelt_fed_recession,12,1,-0.03843469,-0.025547564,-0.019892685,-0.016318308,-0.013597587,-0.0113859605,-0.009475078,-0.0077946633,-0.0062167486,-0.0047798455,-0.0033241303,-0.0018840593,-0.00046744524,0.00086720655,0.0023812167,0.0039804517,0.0057654595,0.007877014,0.010436869,0.014729572,0.02382014,-0.0033241303,2025-04-01,2025-03-31,0.008028885226021,-0.01135301554321725,0.01135301554321725,0.00012889096192453248,0,1,0.030329555
r6_plus_gdelt_fed_recession,12,2,-0.03520769,-0.021922307,-0.016210364,-0.012698482,-0.010052697,-0.007908962,-0.0060228324,-0.0043891715,-0.0028208906,-0.0013968723,5.563756e-05,0.001519941,0.0029737807,0.004370264,0.0059590796,0.0076543447,0.009554779,0.011775842,0.014353675,0.018706704,0.027645353,5.563756e-05,2025-04-02,2025-03-31,0.0072718289363885,-0.007216191376535006,0.007216191376535006,5.207341798277818e-05,1,1,0.03056404
r6_plus_gdelt_fed_recession,12,3,-0.035501815,-0.02224242,-0.016358986,-0.012671059,-0.009911996,-0.00765804,-0.005704038,-0.0039995536,-0.0024161935,-0.0009468058,0.0005695247,0.002083639,0.0035876886,0.005034837,0.0066698464,0.008438217,0.010379152,0.012647524,0.015275705,0.019677075,0.02885386,0.0005695247,2025-04-03,2025-03-31,-0.0550196670342254,0.055589191743360696,0.055589191743360696,0.0030901582386801208,0,0,0.031634692
r6_plus_gdelt_fed_recession,12,4,-0.037725303,-0.02492923,-0.01932945,-0.01573814,-0.012940979,-0.010658206,-0.008624815,-0.0068377554,-0.005124556,-0.003577186,-0.0020037582,-0.0004596049,0.0010592171,0.0025143637,0.0041531045,0.0059396084,0.007947007,0.010296713,0.013082564,0.017722758,0.027038926,-0.0020037582,2025-04-04,2025-03-31,-0.0641214226206691,0.06211766440625498,0.06211766440625498,0.0038586042312881166,1,0,0.032412015
r6_plus_gdelt_fed_recession,12,5,-0.035200786,-0.022376454,-0.016644787,-0.013089405,-0.01040849,-0.008220867,-0.0063006487,-0.004616149,-0.0029959094,-0.0014996326,3.9437262e-05,0.0015913472,0.003141635,0.004623715,0.006314379,0.008134316,0.010142418,0.012495414,0.015236002,0.019722817,0.029220032,3.9437262e-05,2025-04-07,2025-03-31,0.0024102617604426,-0.002370824498566881,0.002370824498566881,5.620808803004903e-06,1,1,0.03188079
r6_plus_gdelt_fed_recession,13,1,-0.048261672,-0.02676024,-0.017872037,-0.012808166,-0.009235205,-0.0064568412,-0.0041061845,-0.002055212,-0.0001251992,0.0016501455,0.0034906631,0.0053720586,0.0072921054,0.009189336,0.01143237,0.013877032,0.016762981,0.020233244,0.024552139,0.031997394,0.048994973,0.0034906631,2025-04-08,2025-04-07,-0.0181726239501133,0.02166328708367491,0.02166328708367491,0.00046929800726971623,0,0,0.042424176
r6_plus_gdelt_fed_recession,13,2,-0.04723518,-0.025981097,-0.017251248,-0.012222853,-0.008662907,-0.005913047,-0.003550583,-0.001536604,0.00040517552,0.0021875207,0.004025705,0.0059216293,0.007876083,0.009813836,0.012082193,0.014641523,0.017597489,0.021067629,0.025231812,0.032701682,0.049382318,0.004025705,2025-04-09,2025-04-07,0.1133561355938327,-0.10933043043512222,0.10933043043512222,0.011953143019129099,1,0,0.04248306
r6_plus_gdelt_fed_recession,13,3,-0.042276215,-0.0203674,-0.011606917,-0.006684009,-0.0032238339,-0.00052636024,0.0018192729,0.0038619966,0.0058036842,0.0076763397,0.009674864,0.011729915,0.013875835,0.015999408,0.01842826,0.0212735,0.02445488,0.02823004,0.032670412,0.040946532,0.059405632,0.009674864,2025-04-10,2025-04-07,-0.0434630592648422,0.053137923154655625,0.053137923154655625,0.0028236388771900865,0,0,0.04427733
r6_plus_gdelt_fed_recession,13,4,-0.044617392,-0.024525667,-0.016356265,-0.011644622,-0.008257948,-0.005608292,-0.0033091828,-0.0013460997,0.0005492624,0.0023159855,0.0041841343,0.006087274,0.008072931,0.009990942,0.012237165,0.014777768,0.017704723,0.021200454,0.025456987,0.03303532,0.049964607,0.0041841343,2025-04-11,2025-04-07,0.0182553268187664,-0.014071192514242933,0.014071192514242933,0.00019799845877288634,1,1,0.041813254
r6_plus_gdelt_fed_recession,13,5,-0.04335631,-0.02432692,-0.016658004,-0.012294114,-0.009143734,-0.006600376,-0.004359447,-0.0024138608,-0.000534469,0.0012025939,0.0030195909,0.004878003,0.006790887,0.008667767,0.010882471,0.013369974,0.016193375,0.019571574,0.023559732,0.030654674,0.046857838,0.0030195909,2025-04-14,2025-04-07,0.0067552995668467,-0.003735708704751344,0.003735708704751344,1.3955519526754964e-05,1,1,0.040217735
r6_plus_gdelt_fed_recession,14,1,-0.04913147,-0.025430866,-0.016225496,-0.010986976,-0.0072851516,-0.0043647327,-0.0018572721,0.00036972523,0.0024764803,0.0044352347,0.006448768,0.008525521,0.01070487,0.012960931,0.015721714,0.018851353,0.022705277,0.027427923,0.03348552,0.044049297,0.06849163,0.006448768,2025-04-15,2025-04-14,0.0011141871880984,0.005334580891182454,0.005334580891182454,2.845775328456898e-05,1,1,0.04971102
r6_plus_gdelt_fed_recession,14,2,-0.05135231,-0.027578456,-0.018116456,-0.012723948,-0.008859104,-0.0058292653,-0.0032118761,-0.0009403591,0.0012436784,0.0032296109,0.0052461103,0.007332136,0.009562205,0.011845229,0.014633095,0.01788572,0.021769572,0.026442386,0.03211427,0.042222768,0.06471637,0.0052461103,2025-04-16,2025-04-14,-0.0306175438074634,0.03586365406795,0.03586365406795,0.0012862016831055867,0,0,0.050230727
r6_plus_gdelt_fed_recession,14,3,-0.05703117,-0.033624515,-0.024041118,-0.018292267,-0.014114866,-0.010791238,-0.0079214815,-0.0054758256,-0.0032152392,-0.0011516357,0.0009147224,0.0029790807,0.0051593604,0.0074086497,0.010166221,0.013394486,0.017242515,0.021966482,0.027718255,0.037977356,0.060344264,0.0009147224,2025-04-17,2025-04-14,-0.0001801269644221,0.0010948493544293276,0.0010948493544293276,1.1986951088943155e-06,0,1,0.051759373
r6_plus_gdelt_fed_recession,14,4,-0.0541928,-0.03220646,-0.023451097,-0.01805028,-0.0139807565,-0.0107155815,-0.007835124,-0.005346953,-0.0030033418,-0.0008912833,0.0012303294,0.0033280116,0.0054987483,0.007684836,0.010312271,0.013341331,0.016997982,0.021451103,0.027037848,0.037214614,0.05995095,0.0012303294,2025-04-21,2025-04-14,-0.0250580153959914,0.026288344787537946,0.026288344787537946,0.0006910770716684735,0,0,0.050488945
r6_plus_gdelt_fed_recession,14,5,-0.050677385,-0.029075239,-0.020229267,-0.015013816,-0.011177696,-0.008094122,-0.0054068593,-0.003042377,-0.0007635369,0.0013087543,0.0033847129,0.0054765083,0.0076421527,0.009811044,0.012413818,0.015390612,0.018913794,0.023225438,0.028589034,0.038359668,0.06145119,0.0033847129,2025-04-22,2025-04-14,0.0259134332554924,-0.022528720404817414,0.022528720404817414,0.0005075432430784366,1,1,0.0488183
r6_plus_gdelt_fed_recession,15,1,-0.054705042,-0.031915937,-0.023159426,-0.018035997,-0.01427202,-0.011257752,-0.008709401,-0.0065050665,-0.0044592754,-0.002638172,-0.0008026117,0.0010547661,0.0029132809,0.0047262055,0.00684345,0.009178642,0.011883491,0.015167274,0.019280164,0.026390662,0.041562706,-0.0008026117,2025-04-23,2025-04-22,0.0224248238239601,-0.023227435523287928,0.023227435523287928,0.000539513760988498,0,0,0.042439587
r6_plus_gdelt_fed_recession,15,2,-0.04501437,-0.022627285,-0.014283396,-0.009478299,-0.006000021,-0.0032210746,-0.0007869204,0.00134584,0.0034028841,0.0052997745,0.0072770813,0.009300291,0.0114426,0.013596641,0.01616551,0.019097101,0.02249187,0.02657971,0.031505994,0.03997623,0.05733129,0.0072770813,2025-04-24,2025-04-22,0.0277484574523899,-0.0204713761975202,0.0204713761975202,0.00041907724342039665,1,1,0.04578939
r6_plus_gdelt_fed_recession,15,3,-0.056107126,-0.031995323,-0.022512749,-0.016931953,-0.012904221,-0.009706675,-0.0069543333,-0.0045998176,-0.0024160906,-0.00043487805,0.0015762825,0.0035879705,0.005655278,0.007730561,0.01019564,0.013005287,0.01624176,0.020179514,0.024916785,0.033121213,0.049494956,0.0015762825,2025-04-25,2025-04-22,0.011086321613221,-0.009510039063571523,0.009510039063571523,9.044084299065632e-05,1,1,0.04742953
r6_plus_gdelt_fed_recession,15,4,-0.05547066,-0.031121626,-0.021725368,-0.016174667,-0.012134656,-0.008964152,-0.0062011797,-0.0038211676,-0.0015677126,0.00048827063,0.002612977,0.004737131,0.0069315135,0.009137074,0.011724858,0.0146921305,0.01815589,0.022358894,0.027419364,0.03605728,0.053478,0.002612977,2025-04-28,2025-04-22,-0.000317395460089,0.002930372515921744,0.002930372515921744,8.58708308206953e-06,0,1,0.04914473
r6_plus_gdelt_fed_recession,15,5,-0.0590764,-0.033952996,-0.024078881,-0.018365297,-0.0142083075,-0.010881987,-0.008003033,-0.005490813,-0.0030981656,-0.00093244726,0.0012542706,0.003445628,0.0056791534,0.00788103,0.01047627,0.013415898,0.016834505,0.020964291,0.025927132,0.034384277,0.05200347,0.0012542706,2025-04-29,2025-04-22,0.006582719271051,-0.005328448719324778,0.005328448719324778,2.8392365754473866e-05,1,1,0.050006013
r6_plus_gdelt_fed_recession,16,1,-0.041598275,-0.0246614,-0.017326603,-0.013022307,-0.009926992,-0.007496735,-0.0054574166,-0.0037065628,-0.0020944756,-0.0006742,0.00072273926,0.0021242702,0.0035392395,0.0049077156,0.006519642,0.008265595,0.010286967,0.01273054,0.01578762,0.02112239,0.032979842,0.00072273926,2025-04-30,2025-04-29,-0.0001262823046468,0.0008490215680844883,0.0008490215680844883,7.208376230726435e-07,0,1,0.033114225
r6_plus_gdelt_fed_recession,16,2,-0.04346201,-0.025684157,-0.017971527,-0.013472908,-0.010259528,-0.007739989,-0.00559747,-0.0037990315,-0.0021382552,-0.0006881254,0.00074496283,0.0021658777,0.003612108,0.0050318786,0.006696283,0.008514314,0.010626218,0.013181966,0.016312884,0.02189858,0.03411685,0.00074496283,2025-05-01,2025-04-29,0.0129762214003989,-0.012231258568439771,0.012231258568439771,0.00014960368616803133,1,1,0.034284413
r6_plus_gdelt_fed_recession,16,3,-0.04666525,-0.028146628,-0.019892834,-0.014935264,-0.011404735,-0.008626857,-0.0062815943,-0.0043043033,-0.0025042603,-0.0009045566,0.00067146565,0.002200535,0.0037606563,0.005292467,0.007075706,0.00906206,0.011338303,0.014106821,0.017514931,0.02360071,0.03713983,0.00067146565,2025-05-02,2025-04-29,0.0147348106264559,-0.014063344978117702,0.014063344978117702,0.00019777767197354837,1,1,0.037407763
r6_plus_gdelt_fed_recession,16,4,-0.044732936,-0.026675902,-0.018577345,-0.013701576,-0.010232326,-0.0075516533,-0.005250589,-0.0033052713,-0.0015026027,8.5707055e-05,0.0016673005,0.0032202746,0.0047957636,0.006347544,0.0081520695,0.010170951,0.012515991,0.0153347235,0.018815225,0.025004618,0.038536154,0.0016673005,2025-05-05,2025-04-29,-0.0059502235541234,0.007617524026159404,0.007617524026159404,5.802667228911578e-05,0,1,0.03739257
r6_plus_gdelt_fed_recession,16,5,-0.044595413,-0.026866678,-0.018793145,-0.013981571,-0.010558216,-0.007858024,-0.0055417228,-0.0035631023,-0.0017150143,-6.2166655e-05,0.0015609353,0.0031605158,0.004765149,0.0063305474,0.008174716,0.010231453,0.012614177,0.015505563,0.01911203,0.025456721,0.039433308,0.0015609353,2025-05-06,2025-04-29,-0.0093452137546637,0.010906149039606088,0.010906149039606088,0.0001189440868741008,0,1,0.037905175
r6_plus_gdelt_fed_recession,17,1,-0.035245463,-0.021468414,-0.015419215,-0.011819097,-0.009191476,-0.007099853,-0.0053174286,-0.0037522442,-0.0022719288,-0.0009451725,0.00041130534,0.0017810203,0.0031551388,0.0044777584,0.0060283653,0.0077013224,0.009618268,0.011929532,0.014788731,0.01970594,0.030080276,0.00041130534,2025-05-07,2025-05-06,0.0039182470565704,-0.003506941712838162,0.003506941712838162,1.2298640177244262e-05,1,1,0.030207947
r6_plus_gdelt_fed_recession,17,2,-0.035215613,-0.021033695,-0.014869807,-0.011197281,-0.008515224,-0.006386519,-0.0045450823,-0.0029632817,-0.0014579225,-0.000102662656,0.0012780182,0.002664703,0.004063312,0.0054140603,0.0069868118,0.008698622,0.010649941,0.012999994,0.015832972,0.020784391,0.031088479,0.0012780182,2025-05-08,2025-05-06,0.0102719106676757,-0.00899389243803468,0.00899389243803468,8.089010118693739e-05,1,1,0.03070278
r6_plus_gdelt_fed_recession,17,3,-0.035587944,-0.0212705,-0.014964607,-0.01115485,-0.008398196,-0.0061895,-0.004295262,-0.0026599304,-0.001153093,0.00022077229,0.001625132,0.0030265544,0.0044385875,0.0058168857,0.007416944,0.009203959,0.011219107,0.013664537,0.016633697,0.021785624,0.032561462,0.001625132,2025-05-09,2025-05-06,-0.0006555760675333,0.0022807081160358643,0.0022807081160358643,5.2016295105518614e-06,0,1,0.031598303
r6_plus_gdelt_fed_recession,17,4,-0.03615769,-0.021874305,-0.015438924,-0.0115376515,-0.008717184,-0.006490181,-0.0045356182,-0.0028647846,-0.0012907434,0.00013786391,0.001600782,0.0030676913,0.0045378874,0.0059723426,0.0076137106,0.009430843,0.011514387,0.01401763,0.017060215,0.022357255,0.033405796,0.001600782,2025-05-12,2025-05-06,0.0399322495802159,-0.038331467542503266,0.038331467542503266,0.0014693014039619814,1,0,0.03249914
r6_plus_gdelt_fed_recession,17,5,-0.03830099,-0.023473669,-0.01680656,-0.0127840135,-0.009886733,-0.0075877225,-0.0056093885,-0.003906764,-0.0022934782,-0.00081503054,0.0006828817,0.0021894686,0.0036998922,0.0051607755,0.0068722153,0.008766976,0.010930441,0.01355679,0.01678416,0.022338247,0.033876527,0.0006828817,2025-05-13,2025-05-06,0.0151259548104088,-0.014443073126366286,0.014443073126366286,0.00020860236133356401,1,1,0.03359072
r6_plus_gdelt_fed_recession,18,1,-0.034051202,-0.02020637,-0.0142729245,-0.010714748,-0.008070865,-0.005952389,-0.0041413866,-0.0025370223,-0.0010092317,0.00035787764,0.0017493754,0.0031539863,0.004564131,0.0059379023,0.007547374,0.009285975,0.0112816915,0.01368477,0.016653093,0.021805052,0.03310396,0.0017493754,2025-05-14,2025-05-13,0.0059749636077516,-0.004225588238351814,0.004225588238351814,1.7855595960097184e-05,1,1,0.030926017
r6_plus_gdelt_fed_recession,18,2,-0.03314483,-0.01909929,-0.013081579,-0.0094627,-0.0067898696,-0.0046650907,-0.0028276998,-0.0012451531,0.00026739907,0.0016138682,0.0029903671,0.0043600695,0.0057599023,0.0071171587,0.0086957,0.010433161,0.012423804,0.014821373,0.017736921,0.02287079,0.03403494,0.0029903671,2025-05-15,2025-05-13,0.0010982583778365,0.0018921087460206406,0.0018921087460206406,3.580075506767801e-06,1,1,0.0308185
r6_plus_gdelt_fed_recession,18,3,-0.035348468,-0.021323603,-0.015290714,-0.011629195,-0.008944665,-0.0067765247,-0.004903416,-0.0032760792,-0.0017679208,-0.0003973049,0.0009973227,0.0023727017,0.0037579925,0.005120038,0.006696864,0.0084340805,0.010397933,0.0127871465,0.015705993,0.020769915,0.032076903,0.0009973227,2025-05-16,2025-05-13,0.0043432203983596,-0.0033458976704335243,0.0033458976704335243,1.1195031221012485e-05,1,1,0.030996706
r6_plus_gdelt_fed_recession,18,4,-0.036765773,-0.022967516,-0.016968034,-0.013267311,-0.0105329985,-0.00834898,-0.006410419,-0.0047459733,-0.0031811146,-0.001777818,-0.00036307203,0.0010380174,0.0024278963,0.0038002406,0.0053600604,0.007081247,0.009075391,0.01147178,0.014425438,0.019641034,0.031142896,-0.00036307203,2025-05-19,2025-05-13,0.0009583433256819,-0.0013214153568594804,0.0013214153568594804,1.7461385453440678e-06,0,1,0.031393472
r6_plus_gdelt_fed_recession,18,5,-0.036738604,-0.022618009,-0.016279427,-0.012409989,-0.009585221,-0.0073285988,-0.0053948266,-0.0037288067,-0.0021639448,-0.0007412968,0.0006874554,0.0021061678,0.003524596,0.00490431,0.0065204836,0.008316533,0.010402994,0.012957261,0.016151141,0.021712704,0.03397986,0.0006874554,2025-05-20,2025-05-13,-0.0033391093596311,0.00402656476883755,0.00402656476883755,1.6213223837643792e-05,0,1,0.032430567
r6_plus_gdelt_fed_recession,19,1,-0.021264553,-0.011427616,-0.0070036165,-0.004354667,-0.0024218527,-0.00089995156,0.00037474604,0.0014889637,0.0025235135,0.0034493497,0.0043787872,0.0053026695,0.0062435735,0.007180897,0.008318614,0.009551238,0.01101158,0.0127957845,0.015045668,0.018953895,0.027432559,0.0043787872,2025-05-21,2025-05-20,-0.0139940590403456,0.018372846282221723,0.018372846282221723,0.0003375614805101486,0,0,0.022049285
r6_plus_gdelt_fed_recession,19,2,-0.0218416,-0.011924666,-0.007456109,-0.004753729,-0.0027778898,-0.0012179817,0.00012790796,0.0012761165,0.0023605293,0.0033277888,0.004315266,0.0052818963,0.0062860614,0.0072741043,0.008447761,0.009762208,0.011282308,0.013150663,0.015433065,0.019452907,0.027975095,0.004315266,2025-05-22,2025-05-20,0.0018696071697671,0.002445658750246089,0.002445658750246089,5.9812467226552624e-06,1,1,0.022889175
r6_plus_gdelt_fed_recession,19,3,-0.024426632,-0.014258935,-0.009724635,-0.0070034824,-0.0050323983,-0.0034571332,-0.0021023774,-0.000921994,0.00017050415,0.0011782701,0.0022095488,0.0032227845,0.004254829,0.00527164,0.006460358,0.0077853543,0.0093000345,0.011150346,0.0134469345,0.017478978,0.026202952,0.0022095488,2025-05-23,2025-05-20,-0.0093039712073844,0.011513520045821004,0.011513520045821004,0.0001325611438455221,0,1,0.02317157
r6_plus_gdelt_fed_recession,19,4,-0.023943666,-0.0136847915,-0.008967549,-0.006119049,-0.004062868,-0.0024598483,-0.0010618406,0.00011355092,0.0012020863,0.0021818648,0.0031759515,0.0041654445,0.005166185,0.0061750505,0.007339762,0.008655149,0.010197433,0.012077344,0.014398883,0.018503759,0.027281143,0.0031759515,2025-05-27,2025-05-20,0.0232527545324052,-0.020076802991935077,0.020076802991935077,0.00040307801837697325,1,0,0.023366433
r6_plus_gdelt_fed_recession,19,5,-0.024463238,-0.013980666,-0.008981351,-0.005998518,-0.003892953,-0.0022461936,-0.00087788654,0.00028516882,0.0013572983,0.0023356304,0.0033236714,0.0043281917,0.0053455113,0.0063535445,0.007549729,0.008898762,0.01047771,0.012408251,0.014843106,0.019073423,0.028036926,0.0033236714,2025-05-28,2025-05-20,-0.0044418334763505,0.007765504884348108,0.007765504884348108,6.0303066108834324e-05,0,1,0.023824457
r6_plus_gdelt_fed_recession,20,1,-0.022711715,-0.012213662,-0.0077283923,-0.0049965964,-0.002980329,-0.0013583632,5.347538e-06,0.0012044883,0.002322816,0.0033103311,0.0043047117,0.005303326,0.006354036,0.0074172337,0.008712762,0.010133521,0.011817741,0.013872903,0.016459035,0.02093077,0.030969832,0.0043047117,2025-05-29,2025-05-28,0.0019639752028101,0.0023407365041262593,0.0023407365041262593,5.479047381749222e-06,1,1,0.024187427
r6_plus_gdelt_fed_recession,20,2,-0.028688004,-0.016903976,-0.011814919,-0.008730612,-0.0064637996,-0.0046614227,-0.0030975319,-0.0017541404,-0.00048139133,0.0006401255,0.0017673618,0.0028937687,0.0040528,0.005199946,0.006556235,0.008048553,0.009790425,0.0119013665,0.014472855,0.019053768,0.029058464,0.0017673618,2025-05-30,2025-05-28,-0.0015784410679426,0.0033458028373952913,0.0033458028373952913,1.1194396626722381e-05,0,1,0.026287775
r6_plus_gdelt_fed_recession,20,3,-0.029128829,-0.016713532,-0.011426089,-0.008237361,-0.00590729,-0.0040403255,-0.0024384074,-0.0010470228,0.0002304592,0.0013888972,0.0025472427,0.0037034154,0.0049091214,0.0061172796,0.0075406902,0.009157231,0.011024453,0.013315711,0.016134348,0.020999443,0.031538263,0.0025472427,2025-06-02,2025-05-28,0.0078670558887939,-0.005319813210092023,0.005319813210092023,2.8300412590269597e-05,1,1,0.027560437
r6_plus_gdelt_fed_recession,20,4,-0.034363534,-0.020857457,-0.014910746,-0.011339136,-0.00878587,-0.006793118,-0.0050698994,-0.0036152243,-0.0022551962,-0.0010357032,0.00019401783,0.0014232488,0.002672729,0.003922757,0.0053572664,0.0069314106,0.008775983,0.010996327,0.013719479,0.018560905,0.028929528,0.00019401783,2025-06-03,2025-05-28,0.0077867852550475,-0.007592767421483069,0.007592767421483069,5.765011711673466e-05,1,1,0.028630225
r6_plus_gdelt_fed_recession,20,5,-0.036385454,-0.022472348,-0.016187768,-0.012412441,-0.009711027,-0.0075848727,-0.0057907733,-0.0042599323,-0.002843346,-0.001561996,-0.0002997896,0.0009608306,0.0022421493,0.003509629,0.00500829,0.0066763386,0.008621622,0.011005839,0.014024265,0.019347157,0.030979969,-0.0002997896,2025-06-04,2025-05-28,0.0027838905447119,-0.003083680138266933,0.003083680138266933,9.509083195141971e-06,0,1,0.030212034
r6_plus_gdelt_fed_recession,21,1,-0.025547698,-0.0150463125,-0.010498803,-0.0077720936,-0.005730399,-0.004089011,-0.0027047491,-0.0014774462,-0.0003243729,0.0006986073,0.0017342356,0.0027737224,0.0038239758,0.0048441365,0.0060537746,0.0073676063,0.008887961,0.010735274,0.013020128,0.016883345,0.025035681,0.0017342356,2025-06-05,2025-06-04,-0.0075554929194903,0.009289728476286493,0.009289728476286493,8.629905516312817e-05,0,1,0.023518931
r6_plus_gdelt_fed_recession,21,2,-0.025760608,-0.015195235,-0.010633045,-0.007846539,-0.0057494966,-0.0040551834,-0.0025734755,-0.0012845879,-5.4779404e-05,0.0010352622,0.0021572672,0.0032634726,0.004386668,0.005475982,0.0067621702,0.008175406,0.009819687,0.011823067,0.014237557,0.018337393,0.026935829,0.0021572672,2025-06-06,2025-06-04,0.0097279604898317,-0.007570693306766286,0.007570693306766286,5.731539714511584e-05,1,1,0.0248706
r6_plus_gdelt_fed_recession,21,3,-0.02676057,-0.01577167,-0.010989992,-0.0080525745,-0.0058603305,-0.0040916996,-0.0025607205,-0.0012371549,-1.7319748e-05,0.0010849932,0.0022250786,0.0033532449,0.0045077093,0.005633698,0.006958303,0.0084501235,0.010178311,0.012283872,0.014852083,0.019157922,0.028273432,0.0022250786,2025-06-09,2025-06-04,0.0014708382734977,0.0007542403688706165,0.0007542403688706165,5.688785340340837e-07,1,1,0.025842074
r6_plus_gdelt_fed_recession,21,4,-0.025854979,-0.014849071,-0.010031089,-0.00706838,-0.0048704147,-0.0031231071,-0.0015752343,-0.0002692833,0.0009498518,0.0020525642,0.003185221,0.0043118726,0.005442458,0.006571742,0.007861913,0.009304128,0.010984295,0.0130122285,0.0154536,0.019584779,0.028474625,0.003185221,2025-06-10,2025-06-04,0.0065921311245814,-0.003406910130526129,0.003406910130526129,1.1607036637481564e-05,1,1,0.025484689
r6_plus_gdelt_fed_recession,21,5,-0.026280114,-0.015260243,-0.010326748,-0.0073639276,-0.0052092336,-0.003485577,-0.0020168903,-0.0007501987,0.00043807118,0.0015238882,0.002621361,0.0037270985,0.0048367884,0.0059226993,0.007199268,0.008629577,0.010277062,0.0122755,0.014726555,0.018833254,0.027527688,0.002621361,2025-06-11,2025-06-04,-0.0033752755068301,0.005996636561310176,0.005996636561310176,3.595965004844193e-05,0,1,0.025053304
r6_plus_gdelt_fed_recession,22,1,-0.023839846,-0.013924366,-0.009508348,-0.00678759,-0.004749554,-0.003112297,-0.0017279815,-0.0004885264,0.0006845646,0.0017118813,0.00274937,0.0037703102,0.0047983434,0.0057989582,0.0069876183,0.008252136,0.0097075375,0.011469976,0.013642373,0.017283564,0.024896998,0.00274937,2025-06-12,2025-06-11,0.0023450663962047,0.0004043035491724115,0.0004043035491724115,1.6346135987340856e-07,1,1,0.02315072
r6_plus_gdelt_fed_recession,22,2,-0.024720453,-0.014803167,-0.010438494,-0.007735068,-0.0057015787,-0.0040672016,-0.0026410352,-0.0013951703,-0.000193557,0.0008695667,0.0019592433,0.0030328694,0.004129187,0.005187877,0.006414979,0.0077423207,0.009265187,0.011093931,0.013266139,0.016984934,0.02460788,0.0019592433,2025-06-13,2025-06-11,-0.0126340459741755,0.014593289297829437,0.014593289297829437,0.0002129640925301432,0,0,0.023704633
r6_plus_gdelt_fed_recession,22,3,-0.023689436,-0.013518034,-0.009029059,-0.006235139,-0.004135051,-0.002427003,-0.00095040165,0.00034176797,0.0015320018,0.0026028715,0.003696915,0.0047743386,0.0058765896,0.006947542,0.008188628,0.009584657,0.011176497,0.013123499,0.015493092,0.019452289,0.027626168,0.003696915,2025-06-16,2025-06-11,0.0138140006813333,-0.010117085686244127,0.010117085686244127,0.0001023554227828058,1,1,0.024522152
r6_plus_gdelt_fed_recession,22,4,-0.027108166,-0.016819187,-0.012243025,-0.009416315,-0.0073060896,-0.005612177,-0.0041052266,-0.0028086654,-0.001586942,-0.00047389406,0.000666093,0.0017976542,0.0029221938,0.004044922,0.0053063687,0.006683884,0.008273725,0.010164178,0.01244983,0.016312918,0.024107315,0.000666093,2025-06-17,2025-06-11,-0.0097990910258465,0.010465184048874724,0.010465184048874724,0.00010952007717682198,0,1,0.024692856
r6_plus_gdelt_fed_recession,22,5,-0.024936084,-0.014888385,-0.0103203375,-0.0075100837,-0.0054080635,-0.003690978,-0.0022077702,-0.0008927146,0.00034839747,0.001493603,0.0026507094,0.0038087508,0.0049506593,0.0060582333,0.00733683,0.008746037,0.010372314,0.012325742,0.014705291,0.01867142,0.026761452,0.0026507094,2025-06-18,2025-06-11,-0.0001701389445068,0.002820848301619446,0.002820848301619446,7.957185140749313e-06,0,1,0.025025629
r6_plus_gdelt_fed_recession,23,1,-0.027986092,-0.017417002,-0.012892158,-0.010124354,-0.008005539,-0.006262178,-0.004744456,-0.0033838318,-0.002085324,-0.00091344217,0.00027802744,0.0014742342,0.0026626831,0.0038019978,0.0051339404,0.0065615233,0.008190335,0.01012837,0.012487526,0.016384637,0.023991661,0.00027802744,2025-06-20,2025-06-18,-0.0040915768853702,0.0043696043225318545,0.0043696043225318545,1.9093441935489067e-05,0,1,0.025379684
r6_plus_gdelt_fed_recession,23,2,-0.025193792,-0.014947446,-0.010454944,-0.007651212,-0.0055178744,-0.0037723084,-0.0022273774,-0.0008852252,0.00039577097,0.0015515028,0.0027347277,0.0038957736,0.005080629,0.006214872,0.007543065,0.008987929,0.010623384,0.012590417,0.014923885,0.01884788,0.026623646,0.0027347277,2025-06-23,2025-06-18,0.010229907948158,-0.007495180256298993,0.007495180256298993,5.617772707441424e-05,1,1,0.02537883
r6_plus_gdelt_fed_recession,23,3,-0.029975668,-0.01904441,-0.014279165,-0.011308496,-0.009070558,-0.0072329347,-0.0056146528,-0.004187969,-0.0028638153,-0.0016508268,-0.00040595612,0.0008179369,0.002050664,0.0032311215,0.00459176,0.0060649705,0.0077231023,0.009689395,0.012052845,0.016007505,0.023832444,-0.00040595612,2025-06-24,2025-06-18,0.0151763313518629,-0.01558228746976485,0.01558228746976485,0.00024280768279039065,0,0,0.02633201
r6_plus_gdelt_fed_recession,23,4,-0.025482418,-0.015164064,-0.01060101,-0.007718651,-0.005528052,-0.0037466174,-0.002141832,-0.0007620819,0.0005275443,0.0016887488,0.002861695,0.0040236353,0.005190465,0.006346814,0.0076685776,0.009145936,0.010834888,0.012839043,0.015242668,0.019264966,0.027277282,0.002861695,2025-06-25,2025-06-18,0.0025531589790425,0.00030853591941383497,0.00030853591941383497,9.519441356854047e-08,1,1,0.025843678
r6_plus_gdelt_fed_recession,23,5,-0.02852278,-0.018023899,-0.013340761,-0.010402709,-0.008187251,-0.006354966,-0.00475136,-0.0033411651,-0.0020052085,-0.0007821519,0.00045385753,0.0016795312,0.0029032698,0.0040783375,0.0054436415,0.006945242,0.008652856,0.010701063,0.013190843,0.017308552,0.025466837,0.00045385753,2025-06-26,2025-06-18,0.0093067663125734,-0.00885290878219932,0.00885290878219932,7.837399390594186e-05,1,1,0.026531603
r6_plus_gdelt_fed_recession,24,1,-0.026298525,-0.015938772,-0.0112909945,-0.008482608,-0.0063772593,-0.0046980446,-0.0032805896,-0.0020241605,-0.00083855516,0.00021187088,0.0012722146,0.0023333724,0.0033932873,0.0044144522,0.005617167,0.006906256,0.008367041,0.010116796,0.012253056,0.015783755,0.022936465,0.0012722146,2025-06-27,2025-06-26,0.0034178809242628,-0.0021456663476608177,0.0021456663476608177,4.603884075484113e-06,1,1,0.02354405
r6_plus_gdelt_fed_recession,24,2,-0.026373763,-0.016001966,-0.011335247,-0.008480764,-0.006344689,-0.004635689,-0.003153749,-0.0018750436,-0.0006519444,0.00042079794,0.0015281006,0.0026169438,0.0037171459,0.004779945,0.0060132733,0.0073326966,0.008834775,0.010624094,0.012738377,0.016256573,0.02339021,0.0015281006,2025-06-30,2025-06-26,0.0064561060768522,-0.004928005500600454,0.004928005500600454,2.4285238213948335e-05,1,1,0.024073623
r6_plus_gdelt_fed_recession,24,3,-0.027966633,-0.01708686,-0.012192281,-0.009181286,-0.006941342,-0.0051369434,-0.0035854324,-0.0022372776,-0.0009975772,0.00012301351,0.0012685598,0.0023891933,0.0035193292,0.0046217656,0.0058943722,0.0072798384,0.008843737,0.010706414,0.012937013,0.016600015,0.024079956,0.0012685598,2025-07-01,2025-06-26,-0.0084650905031401,0.009733650337128648,0.009733650337128648,9.474394888548464e-05,0,1,0.025129294
r6_plus_gdelt_fed_recession,24,4,-0.028328162,-0.017154934,-0.012086305,-0.008995258,-0.0067303265,-0.0049482007,-0.0033877299,-0.002067226,-0.00083862885,0.00027198013,0.001393592,0.002501667,0.0035995387,0.0046992446,0.005938491,0.007302257,0.0088660745,0.010718121,0.012922833,0.016597081,0.024003604,0.001393592,2025-07-02,2025-06-26,0.0069411525544711,-0.005547560569364632,0.005547560569364632,3.077542827076924e-05,1,1,0.025009137
r6_plus_gdelt_fed_recession,24,5,-0.026634758,-0.016002294,-0.01103815,-0.008039896,-0.0058559068,-0.004109975,-0.0026317022,-0.0013537244,-0.0001655994,0.0009142541,0.0020085413,0.0030950715,0.004171853,0.005221918,0.0064410195,0.0077791344,0.009316361,0.011153551,0.013383163,0.017062698,0.024578836,0.0020085413,2025-07-03,2025-06-26,0.0097921724155832,-0.007783631161256499,0.007783631161256499,6.058491405448319e-05,1,1,0.024421312
r6_plus_gdelt_fed_recession,25,1,-0.020550579,-0.011926561,-0.008095097,-0.005777163,-0.0040436746,-0.0026618312,-0.0014937776,-0.00045951444,0.0005131511,0.0013811563,0.00225151,0.0031192387,0.0039898315,0.00483304,0.0058288514,0.0068963817,0.0081292335,0.009620589,0.011446499,0.014503209,0.020767268,0.00225151,2025-07-07,2025-07-03,-0.0075615162189676,0.009813026261664791,0.009813026261664791,9.629548441212287e-05,0,1,0.019541595
r6_plus_gdelt_fed_recession,25,2,-0.021446928,-0.012779666,-0.00892155,-0.0065554064,-0.0047801435,-0.0033580638,-0.002111426,-0.0010354432,2.8161448e-06,0.0009265261,0.0018741554,0.0028087266,0.0037523464,0.004673102,0.0057434463,0.0069025587,0.008239744,0.009841101,0.011743516,0.01494405,0.021355651,0.0018741554,2025-07-08,2025-07-03,0.0005615509259662,0.0013126044389644297,0.0013126044389644297,1.7229304131891253e-06,1,1,0.020665064
r6_plus_gdelt_fed_recession,25,3,-0.021864742,-0.012786076,-0.008800657,-0.0063616685,-0.004536538,-0.0030622522,-0.0017885971,-0.0006783728,0.00034769985,0.0012767175,0.00222215,0.0031540773,0.004098599,0.005020137,0.006093078,0.0072814384,0.008632708,0.010250602,0.012194731,0.01538377,0.021780215,0.00222215,2025-07-09,2025-07-03,0.0070538812420192,-0.004831731143486762,0.004831731143486762,2.3345625842939895e-05,1,1,0.020995388
r6_plus_gdelt_fed_recession,25,4,-0.022760373,-0.013624211,-0.009487531,-0.0069306847,-0.00503717,-0.0035363869,-0.0022130958,-0.0010871689,-3.3303455e-05,0.00092117244,0.0018887384,0.0028479882,0.0038011626,0.004751606,0.0058309035,0.007017474,0.008388447,0.010023909,0.011981748,0.015257401,0.02178882,0.0018887384,2025-07-10,2025-07-03,-0.0014391960464579,0.0033279344095078246,0.0033279344095078246,1.1075147433986194e-05,0,1,0.02146928
r6_plus_gdelt_fed_recession,25,5,-0.023130044,-0.013990128,-0.009775,-0.007198631,-0.005302597,-0.00377216,-0.0024541195,-0.0013010371,-0.00021974207,0.00077002833,0.00177142,0.002766717,0.0037504607,0.0047056735,0.005824781,0.007060903,0.008488056,0.01020887,0.012304027,0.015781004,0.022604384,0.00177142,2025-07-11,2025-07-03,-0.0022529816590723,0.004024401666643878,0.004024401666643878,1.619580877448602e-05,0,1,0.022079026
r6_plus_gdelt_fed_recession,26,1,-0.02371191,-0.014449714,-0.0103054745,-0.0077890204,-0.0058966456,-0.0043888865,-0.0031001053,-0.001970965,-0.00090786803,3.737927e-05,0.0009795402,0.0019352263,0.0028860767,0.0038005647,0.0048749065,0.0060235187,0.007333775,0.008913592,0.010837442,0.0140537545,0.020625392,0.0009795402,2025-07-14,2025-07-11,0.0036202891275029,-0.0026407489564012105,0.0026407489564012105,6.973555050734082e-06,1,1,0.021142917
r6_plus_gdelt_fed_recession,26,2,-0.024126818,-0.014574225,-0.010266656,-0.007626689,-0.005651396,-0.0040764473,-0.0027052446,-0.0015424208,-0.00043919217,0.00053551805,0.0015222484,0.0025024214,0.003482788,0.0044361725,0.0055327388,0.0067187017,0.008048231,0.009647853,0.01153562,0.014703167,0.021226173,0.0015222484,2025-07-15,2025-07-11,0.0009164128069556,0.0006058355710679052,0.0006058355710679052,3.670367391711748e-07,1,1,0.021802276
r6_plus_gdelt_fed_recession,26,3,-0.024937302,-0.015133466,-0.010782523,-0.008111949,-0.0061131325,-0.00448741,-0.0030660804,-0.0018238437,-0.00067287683,0.00037677673,0.0014455774,0.0024968358,0.0035418062,0.0045560617,0.0057084,0.006958629,0.008343886,0.0099960305,0.011964365,0.015222672,0.021890022,0.0014455774,2025-07-16,2025-07-11,0.0010235374856878,0.00042203987779580775,0.00042203987779580775,1.7811765844990034e-07,1,1,0.022746887
r6_plus_gdelt_fed_recession,26,4,-0.026543705,-0.016332278,-0.011627823,-0.008738681,-0.0066087255,-0.004926594,-0.0034485257,-0.0021945399,-0.0010214408,3.3884775e-05,0.0011018284,0.0021675958,0.0032193803,0.0042585544,0.005422567,0.0066933325,0.008138522,0.009855138,0.011901433,0.01532304,0.022129886,0.0011018284,2025-07-17,2025-07-11,0.0080599810881093,-0.006958152675025151,0.006958152675025151,4.8415888648959665e-05,1,1,0.023529256
r6_plus_gdelt_fed_recession,26,5,-0.026208209,-0.016325323,-0.011733494,-0.008906156,-0.006789091,-0.0050757416,-0.0035892127,-0.0022843748,-0.0010584797,5.5640936e-05,0.0011765583,0.002279745,0.0033627718,0.00440637,0.0056146123,0.006939804,0.008450357,0.010267336,0.012476003,0.016160596,0.023605594,0.0011765583,2025-07-18,2025-07-11,-0.0009615542882039,0.0021381126067518044,0.0021381126067518044,4.571525519150996e-06,0,1,0.024209496
r6_plus_gdelt_fed_recession,27,1,-0.02041445,-0.012465976,-0.008740502,-0.006410067,-0.004619084,-0.0031711417,-0.0019265737,-0.00082489295,0.00022264133,0.0011525197,0.002088745,0.003027884,0.003961981,0.0048682946,0.00593879,0.007092233,0.008416276,0.0100106755,0.011955224,0.015206949,0.02170072,0.002088745,2025-07-21,2025-07-18,0.0051713772492241,-0.003082632357416663,0.003082632357416663,9.502622250992215e-06,1,1,0.020695727
r6_plus_gdelt_fed_recession,27,2,-0.01964572,-0.011774327,-0.00806451,-0.0057215663,-0.0039255084,-0.0024735935,-0.0011916899,-8.919125e-05,0.0009761137,0.0019179964,0.0028828538,0.003836691,0.004797728,0.005732208,0.00681883,0.007998047,0.009333104,0.010935537,0.0128263,0.016048936,0.022554344,0.0028828538,2025-07-22,2025-07-18,-0.0051891884854157,0.008072042334275368,0.008072042334275368,6.515786744633373e-05,0,1,0.02089081
r6_plus_gdelt_fed_recession,27,3,-0.020692678,-0.012654362,-0.008900881,-0.006522975,-0.004709725,-0.0032284167,-0.0019267418,-0.00079543,0.00025701273,0.0012093419,0.002191666,0.00316067,0.004142341,0.005103079,0.0062208315,0.007444702,0.0088289725,0.010490492,0.012480937,0.015806714,0.022472948,0.002191666,2025-07-23,2025-07-18,0.0045507671466579,-0.0023591010986377756,0.0023591010986377756,5.56535799359396e-06,1,1,0.021381818
r6_plus_gdelt_fed_recession,27,4,-0.020653054,-0.012543459,-0.008683912,-0.0062383176,-0.004399872,-0.0029323022,-0.0016216713,-0.00051752006,0.0005155807,0.0014480797,0.0023908038,0.0033379167,0.0042798673,0.005230171,0.0063014994,0.007495077,0.008865264,0.010506815,0.01246699,0.015799137,0.022452122,0.0023908038,2025-07-24,2025-07-18,0.0021261623621767,0.0002646414070541425,0.0002646414070541425,7.003507432759634e-08,1,1,0.021150902
r6_plus_gdelt_fed_recession,27,5,-0.020842498,-0.0128914425,-0.009107466,-0.0067195264,-0.0049110614,-0.0034341542,-0.002147441,-0.001025005,3.1828997e-05,0.0009916391,0.0019661826,0.0029318114,0.003896583,0.004837051,0.0059419484,0.007165674,0.008581588,0.0103024,0.012420819,0.01597341,0.023056474,0.0019661826,2025-07-25,2025-07-18,0.0024042056537853,-0.00043802304562790386,0.00043802304562790386,1.9186418850114474e-07,1,1,0.021528285
r6_plus_gdelt_fed_recession,28,1,-0.01760059,-0.010259562,-0.006774125,-0.0046231966,-0.003008133,-0.00172391,-0.0006392245,0.0003158491,0.0012065847,0.0019896042,0.002772338,0.0035524766,0.0043282164,0.00508446,0.0059786933,0.0069336942,0.008035482,0.009367157,0.0109967515,0.013733449,0.019425953,0.002772338,2025-07-28,2025-07-25,0.0031203267012101,-0.00034798871132846534,0.00034798871132846534,1.21096143212046e-07,1,1,0.017770877
r6_plus_gdelt_fed_recession,28,2,-0.017938944,-0.010503535,-0.0069765197,-0.0047902754,-0.0031568243,-0.0018543161,-0.0007213214,0.00023782474,0.0011559655,0.0019599423,0.002780622,0.003587691,0.0044049476,0.0052067,0.006141482,0.007159417,0.008317844,0.009717023,0.011376898,0.0142099485,0.019942665,0.002780622,2025-07-29,2025-07-25,-0.0015501349141367,0.00433075701831954,0.00433075701831954,1.875545635172395e-05,0,1,0.018353418
r6_plus_gdelt_fed_recession,28,3,-0.018377498,-0.010776906,-0.007202196,-0.0049668443,-0.0032896225,-0.0019324296,-0.0007565587,0.00025566586,0.0011921981,0.0020336679,0.0028932726,0.0037409575,0.0046032947,0.0054437895,0.006421505,0.0075141685,0.008752843,0.010258641,0.012070895,0.015090013,0.0211891,0.0028932726,2025-07-30,2025-07-25,0.0013388599672936,0.0015544125872082911,0.0015544125872082911,2.416198491271573e-06,1,1,0.019273091
r6_plus_gdelt_fed_recession,28,4,-0.019811917,-0.011796264,-0.007943579,-0.00555413,-0.003791629,-0.0024079154,-0.00119064,-0.00016764161,0.00079110364,0.0016604102,0.0025534858,0.003446871,0.004336566,0.0052229995,0.0062216716,0.0073254122,0.008588299,0.010107297,0.011912273,0.014942033,0.020942194,0.0025534858,2025-07-31,2025-07-25,-0.0053132574081525,0.007866743207733312,0.007866743207733312,6.18856486964182e-05,0,1,0.019855853
r6_plus_gdelt_fed_recession,28,5,-0.019574182,-0.011728252,-0.007903066,-0.0055414285,-0.003796697,-0.0024000495,-0.0012034457,-0.0001655884,0.00080932,0.0017013008,0.002609647,0.0035273987,0.00443842,0.0053253598,0.0063557248,0.0074914233,0.008790689,0.010349288,0.012231213,0.015339341,0.02155634,0.002609647,2025-08-01,2025-07-25,-0.0198953878026639,0.022505034914631107,0.022505034914631107,0.0005064765965087652,0,0,0.02013428
r6_plus_gdelt_fed_recession,29,1,-0.024530519,-0.013043264,-0.007970293,-0.004973954,-0.002817355,-0.0011256384,0.00027888696,0.0015120623,0.0026556363,0.0036790655,0.0047297883,0.00577946,0.0068527614,0.007936363,0.009254042,0.010700825,0.012430121,0.014554568,0.017215578,0.02172977,0.03155558,0.0047297883,2025-08-04,2025-08-01,0.0182834959133889,-0.013553707628640107,0.013553707628640107,0.00018370299048265702,1,0,0.025185872
r6_plus_gdelt_fed_recession,29,2,-0.02741623,-0.015945543,-0.010900208,-0.007902257,-0.0057282965,-0.004013011,-0.002528869,-0.0012533899,-2.5527086e-05,0.001074773,0.0021978049,0.0033141547,0.0044674664,0.005588181,0.0069119963,0.008381196,0.01008741,0.012154871,0.014654909,0.01908044,0.028431948,0.0021978049,2025-08-05,2025-08-01,-0.0068126268178385,0.009010431678609203,0.009010431678609203,8.118787903488425e-05,0,1,0.025555117
r6_plus_gdelt_fed_recession,29,3,-0.02691159,-0.015828345,-0.010831772,-0.007832034,-0.0056475326,-0.003906388,-0.0024223742,-0.0011367428,4.4415297e-05,0.0011170825,0.0022152294,0.0033030305,0.00441759,0.0055071637,0.0067863753,0.008246236,0.009939045,0.012037376,0.014641314,0.019207977,0.02904208,0.0022152294,2025-08-06,2025-08-01,0.0125047547811291,-0.01028952534064863,0.01028952534064863,0.0001058743317358503,1,1,0.025473086
r6_plus_gdelt_fed_recession,29,4,-0.027742289,-0.016369462,-0.01123284,-0.0081683,-0.0059610857,-0.0042395387,-0.0027430947,-0.0014968283,-0.00034357444,0.0006941242,0.0017502441,0.002814758,0.0038909777,0.004969182,0.0062078414,0.007593438,0.009220929,0.011203778,0.01366636,0.01799819,0.027349224,0.0017502441,2025-08-07,2025-08-01,0.0033784572456342,-0.0016282131851029415,0.0016282131851029415,2.651078176143066e-06,1,1,0.0248992
r6_plus_gdelt_fed_recession,29,5,-0.026765293,-0.01599684,-0.011142063,-0.008226432,-0.006099287,-0.00438952,-0.002931185,-0.0016777593,-0.0005150684,0.00054254616,0.0015930843,0.002642818,0.003698648,0.004729598,0.005955839,0.00734373,0.008979847,0.011008026,0.013568523,0.018035172,0.027587991,0.0015930843,2025-08-08,2025-08-01,0.0092850904925233,-0.007692006185135828,0.007692006185135828,5.9166959152167835e-05,1,1,0.024710586
r6_plus_gdelt_fed_recession,30,1,-0.022944873,-0.014648841,-0.010694525,-0.008275247,-0.006463454,-0.005024395,-0.0038060246,-0.0027322606,-0.0017127064,-0.00080518227,0.000114182534,0.001042418,0.0019788647,0.0028910541,0.003972563,0.005149859,0.006504532,0.008134922,0.01013722,0.013502614,0.020109108,0.000114182534,2025-08-11,2025-08-08,-0.002963405405463,0.0030775879396249552,0.0030775879396249552,9.471547526124977e-06,0,1,0.020831745
r6_plus_gdelt_fed_recession,30,2,-0.020135628,-0.011810616,-0.0077758273,-0.0052583665,-0.0033614615,-0.0018521829,-0.00053741585,0.0005783782,0.0016449001,0.0025849058,0.0035399287,0.0044662044,0.005414608,0.0063379062,0.007416621,0.008600947,0.00995513,0.0115951,0.013570152,0.016913194,0.02363834,0.0035399287,2025-08-12,2025-08-08,0.0124904714913203,-0.008950542790545392,0.008950542790545392,8.011221624538409e-05,1,1,0.02134598
r6_plus_gdelt_fed_recession,30,3,-0.023433832,-0.0147396,-0.010564433,-0.007960176,-0.006007189,-0.0044362266,-0.003065609,-0.0018728534,-0.0007627236,0.00025629014,0.0013036582,0.0023423615,0.0033875864,0.0044057816,0.005574599,0.006850535,0.008291474,0.010017822,0.012097359,0.015581873,0.022527516,0.0013036582,2025-08-13,2025-08-08,0.0004999814064566,0.0008036768321555154,0.0008036768321555154,6.458964505435245e-07,1,1,0.022661792
r6_plus_gdelt_fed_recession,30,4,-0.022867933,-0.014148508,-0.009840383,-0.0071156146,-0.005090259,-0.0034828845,-0.0020541584,-0.0008491301,0.00027488504,0.0012926785,0.002322088,0.0033522632,0.00437781,0.005411892,0.0065727327,0.007868138,0.009349569,0.0111168455,0.013241681,0.016797299,0.023796437,0.002322088,2025-08-14,2025-08-08,-0.0007758709709575,0.0030979589666654886,0.0030979589666654886,9.597349759143102e-06,0,1,0.023082064
r6_plus_gdelt_fed_recession,30,5,-0.024888927,-0.016264303,-0.011981946,-0.009304227,-0.007302478,-0.005692225,-0.004307649,-0.0031097282,-0.0019825313,-0.00095452694,8.552155e-05,0.0011249082,0.0021734654,0.0031957026,0.0043982277,0.0057182936,0.007232204,0.009053992,0.01129689,0.014973539,0.022136075,8.552155e-05,2025-08-15,2025-08-08,-0.004406876132486,0.004492397680075451,0.004492397680075451,2.0181636915947296e-05,0,1,0.023278836
r6_plus_gdelt_fed_recession,31,1,-0.019881986,-0.012053059,-0.008457404,-0.0062069185,-0.0044940626,-0.0031059752,-0.0019172261,-0.00086698146,0.00012250774,0.0009933454,0.0018685648,0.0027325235,0.0035926076,0.00442173,0.005409277,0.006468291,0.0076892218,0.009173225,0.01099529,0.014009831,0.020064991,0.0018685648,2025-08-18,2025-08-15,-0.0003985369465204,0.0022671016984509348,0.0022671016984509348,5.1397501111191135e-06,0,1,0.019452695
r6_plus_gdelt_fed_recession,31,2,-0.020658283,-0.012816772,-0.009252315,-0.0070251385,-0.00532832,-0.003952884,-0.0027389461,-0.0016903278,-0.0006818499,0.00021479,0.0011356433,0.0020441478,0.0029629082,0.0038494398,0.004889046,0.0060107945,0.0072957715,0.00883803,0.010674385,0.013747484,0.01979079,0.0011356433,2025-08-19,2025-08-15,-0.0136606108387869,0.014796254177571475,0.014796254177571475,0.00021892913768730132,0,0,0.0199267
r6_plus_gdelt_fed_recession,31,3,-0.021523766,-0.013396701,-0.009746559,-0.007462145,-0.0057334653,-0.0043078833,-0.003052318,-0.0019442221,-0.0009110322,3.068114e-05,0.000999527,0.0019470644,0.0029024552,0.0038207388,0.0048852884,0.006042716,0.007348609,0.008911648,0.010797958,0.013899911,0.020058835,0.000999527,2025-08-20,2025-08-15,-0.0059549679959681,0.006954495048012968,0.006954495048012968,4.83650013728369e-05,0,1,0.020544518
r6_plus_gdelt_fed_recession,31,4,-0.021785593,-0.013531819,-0.009710272,-0.007305297,-0.0055075116,-0.004066877,-0.0027883556,-0.0017014114,-0.0006826777,0.00023741054,0.0011743743,0.0021113968,0.0030419677,0.0039665224,0.005014288,0.0061680903,0.007498717,0.009085885,0.011000822,0.014200585,0.020437466,0.0011743743,2025-08-21,2025-08-15,-0.0046403992151281,0.0058147734658232095,0.0058147734658232095,3.381159045884166e-05,0,1,0.020711094
r6_plus_gdelt_fed_recession,31,5,-0.021606402,-0.01361056,-0.0099031655,-0.007564121,-0.0057812505,-0.0043105315,-0.0030281753,-0.0018983708,-0.0008354926,0.00013559923,0.0011065823,0.0020723694,0.0030257069,0.0039478163,0.005026774,0.006219296,0.007600685,0.009273849,0.011327654,0.0147223435,0.021385727,0.0011065823,2025-08-22,2025-08-15,0.015309536306763,-0.014202953957596727,0.014202953957596727,0.00020172390112161253,1,0,0.02123082
r6_plus_gdelt_fed_recession,32,1,-0.026676584,-0.016439635,-0.011954642,-0.009225294,-0.0071686124,-0.0055043246,-0.004075788,-0.0027923356,-0.0015647411,-0.0004589241,0.00066604733,0.0017960989,0.002921546,0.004005776,0.005270745,0.00662779,0.008171348,0.010010002,0.012240521,0.015962455,0.02334942,0.00066604733,2025-08-25,2025-08-22,-0.0028887180409782,0.003554765370992608,0.003554765370992608,1.2636356842808212e-05,0,1,0.024195163
r6_plus_gdelt_fed_recession,32,2,-0.024077475,-0.014293004,-0.00994809,-0.0072761998,-0.0052643693,-0.0036384007,-0.0022149018,-0.000977313,0.00021451508,0.0012792975,0.002385974,0.0034816936,0.0045906417,0.0056623984,0.0069083585,0.0082433615,0.009764473,0.01157577,0.013703352,0.017321743,0.024592176,0.002385974,2025-08-26,2025-08-22,0.0040069787420189,-0.0016210048116600132,0.0016210048116600132,2.627656599424915e-06,1,1,0.023651442
r6_plus_gdelt_fed_recession,32,3,-0.026073359,-0.016024757,-0.011604874,-0.008885251,-0.006853429,-0.0052170544,-0.0037934221,-0.0025439817,-0.0013934716,-0.0003436088,0.0007496437,0.0018299927,0.0029288393,0.0039914334,0.0052073514,0.006522229,0.008015882,0.009795909,0.011927948,0.01555699,0.022948604,0.0007496437,2025-08-27,2025-08-22,0.0015357699830635,-0.0007861262656366933,0.0007861262656366933,6.179945055238928e-07,1,1,0.023532823
r6_plus_gdelt_fed_recession,32,4,-0.022595085,-0.013042671,-0.008763679,-0.006055037,-0.0040137623,-0.0023681105,-0.0008942123,0.00035763346,0.0015155564,0.0025440776,0.0035810375,0.0046067666,0.00563186,0.006663727,0.007833919,0.009145033,0.010649277,0.012452158,0.0146260625,0.018359795,0.026103973,0.0035810375,2025-08-28,2025-08-22,0.0062403377163577,-0.002659300204308621,0.002659300204308621,7.0718775766358735e-06,1,1,0.023389742
r6_plus_gdelt_fed_recession,32,5,-0.026476596,-0.01658187,-0.012064959,-0.009278832,-0.0072080456,-0.0055216732,-0.0040666363,-0.002802822,-0.0016242091,-0.00054575806,0.00054074475,0.0016178481,0.00269533,0.0037371998,0.004968779,0.0063216146,0.007888079,0.009791155,0.012152356,0.016153987,0.024188083,0.00054074475,2025-08-29,2025-08-22,-0.0116429787410779,0.012183723487181783,0.012183723487181783,0.00014844311801210503,0,1,0.024217315
r6_plus_gdelt_fed_recession,33,1,-0.016671304,-0.008876257,-0.005326312,-0.0030989712,-0.001409612,-4.105881e-05,0.0011038497,0.0021254404,0.0030889935,0.0039533814,0.0048377966,0.005719497,0.006626985,0.007522184,0.008596848,0.009751144,0.01111312,0.012775569,0.014860864,0.018369203,0.02569744,0.0048377966,2025-09-02,2025-08-29,-0.00841537864837,0.013253175206064673,0.013253175206064673,0.0001756466530426474,0,0,0.020187177
r6_plus_gdelt_fed_recession,33,2,-0.025228178,-0.016201973,-0.01215727,-0.009643653,-0.007759539,-0.0062655895,-0.0049650664,-0.0038481685,-0.0027738074,-0.0018307545,-0.0008531461,0.00010802387,0.0010836135,0.0020318297,0.0031468472,0.004362805,0.0057928027,0.0075299977,0.009655321,0.013307975,0.020459237,-0.0008531461,2025-09-03,2025-08-29,0.0078366488811039,-0.008689794958237615,0.008689794958237615,7.551253641621187e-05,0,1,0.021812592
r6_plus_gdelt_fed_recession,33,3,-0.019677594,-0.010821303,-0.0068239723,-0.004328881,-0.0024427949,-0.00091082894,0.00040868515,0.0015660583,0.0026322275,0.0035941722,0.0045822733,0.005556911,0.0065642055,0.0075467834,0.008695203,0.010014272,0.01153357,0.013421728,0.015735164,0.019653285,0.02750503,0.0045822733,2025-09-04,2025-08-29,0.0090107767756357,-0.0044285034674479765,0.0044285034674479765,1.961164296119875e-05,1,1,0.022559136
r6_plus_gdelt_fed_recession,33,4,-0.026044158,-0.016619656,-0.0122746,-0.009587664,-0.0075944127,-0.0060148896,-0.004624077,-0.0034265867,-0.0022895238,-0.0012481342,-0.00016833702,0.0009016887,0.001964795,0.0030218326,0.0042121913,0.0055043283,0.0070129614,0.008826056,0.0110153975,0.014764629,0.02212065,-0.00016833702,2025-09-05,2025-08-29,0.0014419101593265,-0.001610247180349535,0.001610247180349535,2.5928959818236276e-06,0,1,0.023289997
r6_plus_gdelt_fed_recession,33,5,-0.02038484,-0.011439163,-0.00722513,-0.0046212818,-0.0026980839,-0.0011311466,0.00018892635,0.0013628326,0.002464009,0.0034942138,0.0045285653,0.005585014,0.006630696,0.0076597347,0.008853174,0.010201092,0.01176954,0.013694117,0.016050067,0.02003874,0.027884826,0.0045285653,2025-09-08,2025-08-29,0.0048660661333388,-0.00033750080104528925,0.00033750080104528925,1.1390679070621191e-07,1,1,0.023275197
r6_plus_gdelt_fed_recession,34,1,-0.022522543,-0.013265339,-0.009214023,-0.0067849746,-0.0049925563,-0.0035591815,-0.0023423298,-0.0012680978,-0.00026109722,0.0006435786,0.0015479781,0.0024635848,0.0033894707,0.0042933086,0.0053720167,0.0065382863,0.0078767,0.009484846,0.0114486525,0.01473459,0.021281553,0.0015479781,2025-09-09,2025-09-08,0.0028291034084009,-0.001281125265193171,0.001281125265193171,1.6412819451162725e-06,1,1,0.020662677
r6_plus_gdelt_fed_recession,34,2,-0.021845516,-0.0127278445,-0.008702775,-0.006254461,-0.004447464,-0.0030072406,-0.0017540535,-0.00067942974,0.0003355309,0.0012369574,0.0021529244,0.0030588675,0.003989309,0.0049009426,0.0059709027,0.007130433,0.00845135,0.010038048,0.01192389,0.015109266,0.021567745,0.0021529244,2025-09-10,2025-09-08,0.000327346334867,0.0018255780910329824,0.0018255780910329824,3.332735366459628e-06,1,1,0.020626664
r6_plus_gdelt_fed_recession,34,3,-0.02271009,-0.013394207,-0.009354523,-0.006898025,-0.005093279,-0.0036356281,-0.0023686467,-0.0012704436,-0.00025562488,0.0006721851,0.0016176068,0.0025531268,0.0035029612,0.004429535,0.0055064266,0.0066869743,0.0080227,0.009629369,0.011568048,0.014836717,0.021501252,0.0016176068,2025-09-11,2025-09-08,0.0058036357172562,-0.004186028871571851,0.004186028871571851,1.7522837713633104e-05,1,1,0.020922571
r6_plus_gdelt_fed_recession,34,4,-0.02268452,-0.013307583,-0.009173371,-0.006647077,-0.0047928756,-0.0033281338,-0.0020378423,-0.0009480022,6.342103e-05,0.0009675689,0.0018744417,0.0027794468,0.0036904886,0.004608008,0.005657899,0.006833804,0.0081933765,0.009816352,0.011778333,0.015104929,0.021780241,0.0018744417,2025-09-12,2025-09-08,0.0044074641061353,-0.002533022359512976,0.002533022359512976,6.4162022737926845e-06,1,1,0.020951703
r6_plus_gdelt_fed_recession,34,5,-0.02356248,-0.01395836,-0.00955987,-0.0069004167,-0.00498169,-0.0034604403,-0.0021771323,-0.0010753268,-6.243447e-05,0.00085162587,0.0017666274,0.0026818176,0.0036172937,0.0045330226,0.005618892,0.0068268827,0.008222365,0.009913181,0.012014402,0.0155279115,0.02255558,0.0017666274,2025-09-15,2025-09-08,0.0085204649444276,-0.006753837522824994,0.006753837522824994,4.561432128471885e-05,1,1,0.021574272
r6_plus_gdelt_fed_recession,35,1,-0.015270528,-0.008499528,-0.005423365,-0.0035364623,-0.0021136694,-0.0009785604,-1.9144965e-05,0.00082503527,0.001614877,0.0023140348,0.0030139096,0.0037124974,0.0044152844,0.0050978353,0.0059179096,0.006793109,0.007808666,0.009037681,0.01055688,0.01310119,0.018403098,0.0030139096,2025-09-16,2025-09-15,-0.0008454361703891,0.003859345731948658,0.003859345731948658,1.4894549478710323e-05,0,1,0.015980246
r6_plus_gdelt_fed_recession,35,2,-0.01708684,-0.009841946,-0.006481317,-0.004412293,-0.002865594,-0.0016389021,-0.0005747637,0.00032416137,0.0011816848,0.0019385533,0.0027116193,0.0034710008,0.004244078,0.0049972255,0.0058820727,0.006845095,0.00793825,0.009262118,0.010831847,0.013479672,0.018861799,0.0027116193,2025-09-17,2025-09-15,-0.0019978516169886,0.00470947086746496,0.00470947086746496,2.2179115851501168e-05,0,1,0.017313164
r6_plus_gdelt_fed_recession,35,3,-0.018628834,-0.0111178225,-0.0076847407,-0.005584506,-0.004011711,-0.002739476,-0.0016371179,-0.0006767959,0.0002139741,0.0010342832,0.0018708337,0.0026945255,0.0035177637,0.004314746,0.0052310852,0.0062269815,0.0073474166,0.008693444,0.010315657,0.013045963,0.018645901,0.0018708337,2025-09-18,2025-09-15,0.0089765282078724,-0.007105694521319459,0.007105694521319459,5.0490894630309374e-05,1,1,0.018000398
r6_plus_gdelt_fed_recession,35,4,-0.020042006,-0.012238382,-0.008562355,-0.006288943,-0.004609465,-0.00328294,-0.0021178261,-0.0011380387,-0.00021988113,0.00061438535,0.0014566798,0.0022970485,0.0031343787,0.0039621717,0.004901004,0.005935538,0.0071275504,0.008553128,0.01026558,0.013168923,0.018961964,0.0014566798,2025-09-19,2025-09-15,0.0067465512981945,-0.0052898715218835796,0.0052898715218835796,2.79827407180349e-05,1,1,0.018827936
r6_plus_gdelt_fed_recession,35,5,-0.020332681,-0.012661784,-0.008998707,-0.0067315674,-0.0050425916,-0.00367647,-0.002500872,-0.0014740415,-0.0005108717,0.0003674649,0.0012553447,0.0021314737,0.002997699,0.0038348027,0.0048152544,0.0058985073,0.007147239,0.008667124,0.010531386,0.013662493,0.019984623,0.0012553447,2025-09-22,2025-09-15,0.0059025168281461,-0.004647172112245381,0.004647172112245381,2.1596208640831196e-05,1,1,0.019530093
r6_plus_gdelt_fed_recession,36,1,-0.017948937,-0.010971632,-0.0077311946,-0.005748053,-0.0042565097,-0.0030698464,-0.002063087,-0.0011804891,-0.00034498004,0.0003880919,0.0011218644,0.001862264,0.002595,0.0032982787,0.004124647,0.005011191,0.006013506,0.007209687,0.0086523,0.011027303,0.015688606,0.0011218644,2025-09-23,2025-09-22,-0.0066644197550901,0.00778628417638324,0.00778628417638324,6.062622127539603e-05,0,1,0.016383495
r6_plus_gdelt_fed_recession,36,2,-0.018073373,-0.011098835,-0.00785927,-0.005864838,-0.004360006,-0.0031595756,-0.0021140673,-0.0012273088,-0.0003704303,0.00037914317,0.0011475333,0.0019087052,0.002666545,0.0033986925,0.0042473148,0.0051444825,0.0061525856,0.007351658,0.008751356,0.0110761,0.015683666,0.0011475333,2025-09-24,2025-09-22,-0.0035167918722211,0.004664325173485148,0.004664325173485148,2.1755929324007252e-05,0,1,0.016610626
r6_plus_gdelt_fed_recession,36,3,-0.018765967,-0.011484011,-0.008167808,-0.0061370768,-0.0046111667,-0.0033839466,-0.0023204456,-0.0014044603,-0.00055621087,0.00021593558,0.0010122049,0.0017925648,0.0025663693,0.0033087232,0.0041547213,0.0050537307,0.0060546985,0.0072415844,0.008647751,0.01097888,0.015652595,0.0010122049,2025-09-25,2025-09-22,-0.0043206122755003,0.0053328171889227656,0.0053328171889227656,2.8438939170470107e-05,0,1,0.016815558
r6_plus_gdelt_fed_recession,36,4,-0.0199291,-0.012407651,-0.008902693,-0.0067467056,-0.0051541,-0.003907409,-0.0028153996,-0.0019007279,-0.0010393602,-0.0002606595,0.0005298836,0.0013207865,0.0020958711,0.002870403,0.003742408,0.0046910075,0.0057778633,0.0070625944,0.008580314,0.01110884,0.015971586,0.0005298836,2025-09-26,2025-09-22,0.004102521579534,-0.003572637975502944,0.003572637975502944,1.2763742104005776e-05,1,1,0.017483007
r6_plus_gdelt_fed_recession,36,5,-0.018577788,-0.011324886,-0.0077896994,-0.0056041516,-0.003993372,-0.0027182072,-0.0016421138,-0.00072201015,0.00012594654,0.0008923959,0.0016707666,0.0024396093,0.0032027608,0.0039462037,0.0048099672,0.005758063,0.0068475916,0.008160997,0.00975402,0.012384012,0.017587032,0.0016707666,2025-09-29,2025-09-22,0.0046203877183688,-0.002949621096540721,0.002949621096540721,8.700264613158086e-06,1,1,0.017543718
r6_plus_gdelt_fed_recession,37,1,-0.015007101,-0.008746113,-0.0059165508,-0.0041669146,-0.0028360817,-0.0017681808,-0.0008550816,-5.4138014e-05,0.0006981434,0.001367256,0.0020351908,0.0027142307,0.003393833,0.0040553533,0.004838575,0.0056911786,0.006673962,0.007876236,0.009347201,0.011845278,0.017027259,0.0020351908,2025-09-30,2025-09-29,0.0027354917335289,-0.0007003009165602206,0.0007003009165602206,4.90421373735085e-07,1,1,0.015263752
r6_plus_gdelt_fed_recession,37,2,-0.015399601,-0.009099643,-0.0062613194,-0.0045011435,-0.0031659538,-0.002094408,-0.0011537123,-0.0003569289,0.000412894,0.001091123,0.0017794648,0.0024708195,0.0031593428,0.003841857,0.004643913,0.005520621,0.0065257447,0.0077547324,0.009227334,0.01175637,0.016928911,0.0017794648,2025-10-01,2025-09-29,0.0047854513232006,-0.003005986551229494,0.003005986551229494,9.035955146172587e-06,1,1,0.0154886525
r6_plus_gdelt_fed_recession,37,3,-0.015505206,-0.008947281,-0.006056352,-0.004271674,-0.0029233037,-0.0018288408,-0.0008787225,-5.9347716e-05,0.00070035085,0.0013874932,0.0020866117,0.0027862093,0.0034906901,0.004182394,0.0049928147,0.0058904476,0.0069051837,0.008146714,0.00963302,0.012137829,0.01728894,0.0020866117,2025-10-02,2025-09-29,0.0041025931387437,-0.0020159814412934202,0.0020159814412934202,4.064181171639496e-06,1,1,0.015689371
r6_plus_gdelt_fed_recession,37,4,-0.01655422,-0.009783723,-0.0067372383,-0.004847149,-0.0034382688,-0.0023230421,-0.0013381784,-0.0005045397,0.00028336683,0.0009983474,0.0017245165,0.0024629796,0.0031970893,0.0039325044,0.0047726585,0.005710081,0.0067992294,0.008114317,0.009697489,0.012395614,0.017747512,0.0017245165,2025-10-03,2025-09-29,-0.0042185662989068,0.00594308280614495,0.00594308280614495,3.532023324069573e-05,0,1,0.016434727
r6_plus_gdelt_fed_recession,37,5,-0.016572654,-0.0098181935,-0.0066623418,-0.004702768,-0.0032424568,-0.0020717569,-0.0010679084,-0.00020088395,0.00061129505,0.001344535,0.0020930537,0.0028415546,0.0035935715,0.0043253233,0.0051902267,0.006166558,0.0072923144,0.008677128,0.010383147,0.013263127,0.01900772,0.0020930537,2025-10-06,2025-09-29,0.0074820937828216,-0.005389040127122704,0.005389040127122704,2.904175349173869e-05,1,1,0.017045489
r6_plus_gdelt_fed_recession,38,1,-0.0167287,-0.009814482,-0.006752404,-0.00492082,-0.003575028,-0.0025207805,-0.0016438047,-0.000883208,-0.00017330167,0.00045774755,0.001086555,0.0017194822,0.0023540845,0.0029777917,0.00372756,0.0045458,0.0055038035,0.006678136,0.008128776,0.0105824275,0.015446136,0.001086555,2025-10-07,2025-10-06,-0.0052795830091265,0.006366137964817599,0.006366137964817599,4.052771258709196e-05,0,1,0.014881181
r6_plus_gdelt_fed_recession,38,2,-0.015019978,-0.008055359,-0.0049423515,-0.0030374248,-0.0016347222,-0.00052759214,0.00042726065,0.0012270138,0.001989914,0.002658903,0.0033470197,0.0040144967,0.0046973904,0.0053645833,0.0061478238,0.007009258,0.007995378,0.009200223,0.010640825,0.0130834095,0.018046163,0.0033470197,2025-10-08,2025-10-06,0.0113986287776662,-0.008051609112722981,0.008051609112722981,6.482840930408376e-05,1,0,0.015583176
r6_plus_gdelt_fed_recession,38,3,-0.0168101,-0.009761725,-0.0066223093,-0.0046948455,-0.003263007,-0.0021182843,-0.0011327871,-0.0002820522,0.00050530554,0.001223149,0.0019635672,0.002687551,0.0034232638,0.004132014,0.0049549113,0.0058593242,0.006883245,0.008126446,0.009633557,0.012191655,0.01736446,0.0019635672,2025-10-09,2025-10-06,-0.0012109871685766,0.0031745543901138323,0.0031745543901138323,1.0077795575791005e-05,0,1,0.016255867
r6_plus_gdelt_fed_recession,38,4,-0.015964564,-0.008984897,-0.0058115683,-0.003828615,-0.002364919,-0.0012184352,-0.00020980206,0.0006352049,0.0014155739,0.0021132426,0.0028142498,0.0035091965,0.004194506,0.004883361,0.0056636147,0.0065416032,0.0075524673,0.008777556,0.010254987,0.012777241,0.017851813,0.0028142498,2025-10-10,2025-10-06,-0.0353310488534654,0.03814529868751117,0.03814529868751117,0.0014550638119594412,0,0,0.016066555
r6_plus_gdelt_fed_recession,38,5,-0.016936889,-0.009931268,-0.00668706,-0.0046981843,-0.003246788,-0.0020963112,-0.0011180692,-0.00028509437,0.00048409106,0.0011810402,0.0018826397,0.0025822339,0.0032804646,0.0039616274,0.0047690254,0.005658392,0.006684973,0.007930724,0.009458648,0.012013179,0.017122509,0.0018826397,2025-10-13,2025-10-06,0.0209992440232485,-0.019116604309663124,0.019116604309663124,0.00036544456033223073,1,0,0.016145708
r6_plus_gdelt_fed_recession,39,1,-0.03150158,-0.017833803,-0.012466397,-0.00941008,-0.007205159,-0.005470039,-0.004011694,-0.002721683,-0.0015024061,-0.00039907987,0.00071951834,0.0018617805,0.0030103922,0.0041087717,0.0053988555,0.006790537,0.008371336,0.010274591,0.012629159,0.016625188,0.025398877,0.00071951834,2025-10-14,2025-10-13,-0.0066832276878474,0.007402746030368441,0.007402746030368441,5.4800648790135714e-05,0,1,0.025095556
r6_plus_gdelt_fed_recession,39,2,-0.028993936,-0.015859835,-0.010673363,-0.0076637785,-0.005465601,-0.0037231613,-0.0022057705,-0.00088907895,0.0003770056,0.0015199094,0.0026857133,0.0038602485,0.005046005,0.0062053143,0.0075585255,0.009036083,0.01072309,0.012768887,0.015222384,0.019432267,0.028647196,0.0026857133,2025-10-15,2025-10-13,0.0070319862665144,-0.004346272917604187,0.004346272917604187,1.8890088274299614e-05,1,1,0.025895746
r6_plus_gdelt_fed_recession,39,3,-0.03013449,-0.016823009,-0.011541795,-0.008460216,-0.0062221927,-0.00443836,-0.0029125111,-0.0015810493,-0.00035945058,0.0007611045,0.0019123477,0.00306352,0.0042293156,0.0053752707,0.0067076874,0.0081967395,0.009884631,0.01193849,0.01444171,0.018709151,0.028029982,0.0019123477,2025-10-16,2025-10-13,-0.0037098030692389,0.005622150808801293,0.005622150808801293,3.160857971690503e-05,0,1,0.025983505
r6_plus_gdelt_fed_recession,39,4,-0.031240927,-0.017577812,-0.01204473,-0.008790119,-0.0064368006,-0.0045884573,-0.0029672119,-0.0015847087,-0.00028970174,0.0008777424,0.002064071,0.003259573,0.0044555124,0.0056411303,0.007001133,0.008524809,0.010267986,0.0123609025,0.014899638,0.019216355,0.02866824,0.002064071,2025-10-17,2025-10-13,0.006545306134351,-0.004481235237174138,0.004481235237174138,2.0081469250891155e-05,1,1,0.026944367
r6_plus_gdelt_fed_recession,39,5,-0.03345817,-0.019308621,-0.01354618,-0.010208515,-0.007816086,-0.005906106,-0.004264641,-0.0028339543,-0.0014837836,-0.00024028262,0.0010230591,0.0022845948,0.0035540138,0.0047668205,0.006189059,0.0077650095,0.009565122,0.011753306,0.0144323055,0.01897362,0.028978167,0.0010230591,2025-10-20,2025-10-13,0.0125220215331664,-0.011498962404382756,0.011498962404382756,0.00013222613637740806,1,1,0.027978485
r6_plus_gdelt_fed_recession,40,1,-0.028618576,-0.01706856,-0.011637117,-0.008448623,-0.006165987,-0.004381546,-0.0028970996,-0.0016236898,-0.00045028038,0.0005853822,0.0015981423,0.0026214526,0.0036840788,0.0047291964,0.0059866407,0.007378358,0.009005902,0.011000695,0.01349941,0.017858205,0.026967276,0.0015981423,2025-10-21,2025-10-20,-0.0002615786773895,0.001859720997679708,0.001859720997679708,3.4585621892108085e-06,0,1,0.025136527
r6_plus_gdelt_fed_recession,40,2,-0.030206216,-0.018168887,-0.012560661,-0.009259853,-0.006896381,-0.0050491416,-0.0034744386,-0.0021472354,-0.000903885,0.00017533783,0.0012386766,0.002308488,0.0034039742,0.004496604,0.005813213,0.007283559,0.009019065,0.0111513,0.01376282,0.018341267,0.027670683,0.0012386766,2025-10-22,2025-10-20,-0.0096806945149977,0.010919371117949883,0.010919371117949883,0.00011923266561151808,0,1,0.02632348
r6_plus_gdelt_fed_recession,40,3,-0.02998015,-0.017993668,-0.012387572,-0.009069242,-0.006686909,-0.0048122015,-0.0032271883,-0.0018865737,-0.000679153,0.00040252984,0.001475325,0.002548392,0.0036644517,0.004786099,0.0061302357,0.007658592,0.009452352,0.0116654355,0.014371446,0.019088889,0.028833313,0.001475325,2025-10-23,2025-10-20,0.0083712721530506,-0.006895947182380556,0.006895947182380556,4.755408754218233e-05,1,1,0.026759017
r6_plus_gdelt_fed_recession,40,4,-0.03010347,-0.01814454,-0.012557314,-0.009270286,-0.006910046,-0.005068777,-0.0034769718,-0.0021457123,-0.0009152243,0.00017465395,0.0012499365,0.0023296308,0.0034358022,0.0045574387,0.0058751716,0.00736454,0.009136664,0.011295722,0.013969108,0.018709937,0.028278636,0.0012499365,2025-10-24,2025-10-20,0.0106216704083831,-0.009371733882673173,0.009371733882673173,8.782939596764438e-05,1,1,0.026526421
r6_plus_gdelt_fed_recession,40,5,-0.029093256,-0.017416686,-0.011934672,-0.008724735,-0.006421841,-0.004599404,-0.0030544093,-0.001740883,-0.0005300812,0.00055530574,0.0016285782,0.0026899737,0.0037859548,0.004867232,0.0061691883,0.00765027,0.009386937,0.011548745,0.0142847,0.019077385,0.028844193,0.0016285782,2025-10-27,2025-10-20,0.0176524969725718,-0.016023918797712516,0.016023918797712516,0.0002567659736356845,1,0,0.026219372
r6_plus_gdelt_fed_recession,41,1,-0.022058634,-0.011796311,-0.007407715,-0.0048681353,-0.0030607833,-0.0016556648,-0.0005018661,0.00049473456,0.0014103886,0.0022224325,0.003026472,0.0038283307,0.0046403315,0.0054363236,0.006399326,0.0074416366,0.008666309,0.010164922,0.0120473355,0.015264783,0.022151098,0.003026472,2025-10-28,2025-10-27,0.0076605908208715,-0.004634118881933598,0.004634118881933598,2.1475057811893497e-05,1,1,0.019455051
r6_plus_gdelt_fed_recession,41,2,-0.024670027,-0.013705399,-0.0089357775,-0.006172261,-0.004207702,-0.0026822586,-0.0013891677,-0.00030805217,0.00070014,0.00157879,0.002467312,0.0033435195,0.0042363484,0.005113521,0.006154001,0.007297083,0.008612796,0.01022285,0.0121757,0.015562601,0.02259653,0.002467312,2025-10-29,2025-10-27,0.0044928826690138,-0.002025570750278296,0.002025570750278296,4.102936864382979e-06,1,1,0.021111477
r6_plus_gdelt_fed_recession,41,3,-0.028186688,-0.016249381,-0.011153195,-0.008193245,-0.0060899453,-0.0044409977,-0.0030482612,-0.0018510674,-0.0007561499,0.00024199992,0.001250502,0.002228111,0.0032164825,0.0041803997,0.005301983,0.0065362277,0.007942859,0.009648906,0.01174495,0.015373765,0.023018792,0.001250502,2025-10-30,2025-10-27,-0.0154067291234822,0.016657231078410238,0.016657231078410238,0.0002774633471995559,0,0,0.022898145
r6_plus_gdelt_fed_recession,41,4,-0.028410852,-0.01607621,-0.010734376,-0.007619534,-0.005421992,-0.0037235548,-0.0022611686,-0.0010386265,8.946151e-05,0.0010939201,0.0020982074,0.0030888722,0.00407809,0.0050582318,0.006180172,0.00742733,0.008875869,0.010641869,0.012793463,0.016502503,0.024139758,0.0020982074,2025-10-31,2025-10-27,0.0048124341897339,-0.0027142268277377257,0.0027142268277377257,7.367027272411198e-06,1,1,0.023527838
r6_plus_gdelt_fed_recession,41,5,-0.027218726,-0.01555109,-0.010440279,-0.007465198,-0.005367572,-0.003721578,-0.0023364127,-0.0011567781,-6.672216e-05,0.0009294607,0.0019331883,0.0029338333,0.0039342484,0.004903152,0.0060464726,0.0073216297,0.008799456,0.010607291,0.012857826,0.016689714,0.024530161,0.0019331883,2025-11-03,2025-10-27,0.004773297764712,-0.0028401094706514713,0.0028401094706514713,8.06622180528418e-06,1,1,0.023298105
r6_plus_gdelt_fed_recession,42,1,-0.025828773,-0.014967203,-0.010277517,-0.0075595025,-0.0056108613,-0.004104253,-0.002846884,-0.0017586286,-0.00075209956,0.00013387343,0.0010115927,0.0018975298,0.0027869549,0.0036367294,0.004645,0.005730385,0.0069766613,0.008496555,0.010371787,0.013617049,0.02055153,0.0010115927,2025-11-04,2025-11-03,-0.0205069305460749,0.021518523231319878,0.021518523231319878,0.0004630468420568533,0,0,0.020649303
r6_plus_gdelt_fed_recession,42,2,-0.025634488,-0.014595995,-0.009803157,-0.006979008,-0.004954433,-0.0033737253,-0.0020283698,-0.0008958102,0.00016542082,0.0010924883,0.0020226862,0.0029443996,0.0038688942,0.0047672717,0.005809074,0.006938165,0.008221405,0.009777005,0.011661516,0.014940429,0.021948257,0.0020226862,2025-11-05,2025-11-03,0.006486962911098,-0.004464276729508039,0.004464276729508039,1.992976671762699e-05,1,1,0.021464672
r6_plus_gdelt_fed_recession,42,3,-0.026252514,-0.014952285,-0.010051398,-0.0071300603,-0.005026788,-0.0033740709,-0.0019805306,-0.00079832226,0.00026866194,0.0012233568,0.0021813754,0.0031213039,0.0040680333,0.0049936883,0.0060723163,0.0072763828,0.0086352425,0.010294369,0.012319279,0.015758276,0.023068534,0.0021813754,2025-11-06,2025-11-03,-0.0188030362399423,0.02098441163917421,0.02098441163917421,0.00044034553184231013,0,0,0.022370677
r6_plus_gdelt_fed_recession,42,4,-0.027529374,-0.015687967,-0.010485025,-0.0074016545,-0.005225918,-0.0035558767,-0.0021174322,-0.0009262118,0.00016602414,0.0011339462,0.0021021068,0.0030629695,0.004017799,0.0049543153,0.0060202284,0.00720302,0.008560827,0.0101952925,0.012190374,0.015641516,0.022918228,0.0021021068,2025-11-07,2025-11-03,-0.0031602806656952,0.005262387475311289,0.005262387475311289,2.7692721940313122e-05,0,1,0.022675399
r6_plus_gdelt_fed_recession,42,5,-0.027242998,-0.015765795,-0.0106993895,-0.0077093737,-0.0055950745,-0.0039305794,-0.002508739,-0.0012912882,-0.00016743969,0.0008497408,0.0018679781,0.0028653282,0.0038508675,0.004791304,0.0058952603,0.007115336,0.008503897,0.0101988865,0.012305071,0.015922233,0.023565363,0.0018679781,2025-11-10,2025-11-03,0.0218830161265934,-0.02001503799146955,0.02001503799146955,0.0004006017457999695,1,0,0.023004461
r6_plus_gdelt_fed_recession,43,1,-0.030345088,-0.017276088,-0.011867907,-0.008679834,-0.006321455,-0.0044467784,-0.0028552595,-0.0014601826,-0.00014863361,0.001023802,0.002192026,0.0033675218,0.0045635225,0.0057337387,0.0071197962,0.008617756,0.010347655,0.012439815,0.015038514,0.019530669,0.029465538,0.002192026,2025-11-11,2025-11-10,-0.0026671499925751,0.004859175996770313,0.004859175996770313,2.3611591367588767e-05,0,1,0.02690642
r6_plus_gdelt_fed_recession,43,2,-0.029008064,-0.016224822,-0.010799024,-0.0075565088,-0.0051555396,-0.0032471195,-0.0015911747,-0.00017778797,0.0011691806,0.002359759,0.0035517598,0.0047359164,0.00594767,0.007141108,0.008542066,0.010107059,0.011890965,0.014075178,0.016711142,0.021316038,0.031420715,0.0035517598,2025-11-12,2025-11-10,-0.0007886429130851,0.0043404026701866355,0.0043404026701866355,1.8839095339363276e-05,0,1,0.027510166
r6_plus_gdelt_fed_recession,43,3,-0.030235587,-0.017313082,-0.0119068725,-0.008659814,-0.0062544397,-0.004324813,-0.0026672776,-0.0012373329,7.876509e-05,0.00127141,0.0024710414,0.003672699,0.004905848,0.006140347,0.0075856876,0.009225648,0.011091863,0.013389057,0.016176544,0.020971958,0.031327505,0.0024710414,2025-11-13,2025-11-10,-0.0206272332406192,0.023098274640604752,0.023098274640604752,0.0005335302913728046,0,0,0.028083418
r6_plus_gdelt_fed_recession,43,4,-0.034492847,-0.02080232,-0.015106864,-0.011682034,-0.00914906,-0.0071360837,-0.0053590513,-0.0038353512,-0.0023918962,-0.001096893,0.0002083081,0.0015085094,0.0028142482,0.004098326,0.005575944,0.007222159,0.009116328,0.011385852,0.014160032,0.018998861,0.029407352,0.0002083081,2025-11-14,2025-11-10,0.000755673905718,-0.0005473658003610087,0.0005473658003610087,2.996093194048476e-07,1,1,0.029266898
r6_plus_gdelt_fed_recession,43,5,-0.03392068,-0.020026932,-0.014116979,-0.01060965,-0.008070343,-0.006044447,-0.0042983615,-0.0027865414,-0.001361672,-5.8677397e-05,0.0012566316,0.0025743213,0.0039057024,0.0051946603,0.006702781,0.00838535,0.010314187,0.012673035,0.015582318,0.020605646,0.03159508,0.0012566316,2025-11-17,2025-11-10,-0.0085771562852826,0.009833787856150794,0.009833787856150794,9.670338359977884e-05,0,1,0.029699298
r6_plus_gdelt_fed_recession,44,1,-0.033512056,-0.017943198,-0.011745326,-0.008123368,-0.005518684,-0.00345938,-0.0017241419,-0.00020680903,0.0012101135,0.0024671329,0.0037263704,0.0049958904,0.0063131717,0.0076269815,0.009215454,0.01095387,0.012996595,0.015474796,0.018587591,0.023981214,0.036545634,0.0037263704,2025-11-18,2025-11-17,-0.0122506503838736,0.015977020783691426,0.015977020783691426,0.0002552651931225078,0,0,0.030332917
r6_plus_gdelt_fed_recession,44,2,-0.035167903,-0.019952636,-0.013935892,-0.010377631,-0.0077698953,-0.0056819166,-0.003859263,-0.0022696669,-0.0007488335,0.000608735,0.001976361,0.003353935,0.0047715595,0.0061692907,0.007831406,0.009662677,0.011788446,0.014360776,0.017494269,0.02306443,0.035742518,0.001976361,2025-11-19,2025-11-17,0.0059524259622395,-0.003976064929664131,0.003976064929664131,1.580909232490503e-05,1,1,0.031430162
r6_plus_gdelt_fed_recession,44,3,-0.035714634,-0.020248206,-0.014051389,-0.010357566,-0.0076537584,-0.005474801,-0.0035869284,-0.0019400753,-0.00040692568,0.0009877476,0.0023920196,0.0037895092,0.0052302997,0.006652521,0.008323102,0.010216571,0.012393279,0.015079662,0.01839236,0.024271462,0.037621662,0.0023920196,2025-11-20,2025-11-17,-0.0239565701060706,0.026348589716922603,0.026348589716922603,0.0006942481800707196,0,0,0.032443747
r6_plus_gdelt_fed_recession,44,4,-0.03893599,-0.02239943,-0.015664773,-0.011651268,-0.008756645,-0.006470935,-0.0044786604,-0.0027776926,-0.0011718031,0.00028005423,0.0017674069,0.003254357,0.004776833,0.00629955,0.008055475,0.01001589,0.012302419,0.015058814,0.018448537,0.024473641,0.038053647,0.0017674069,2025-11-21,2025-11-17,0.0074847628794217,-0.00571735594082414,0.00571735594082414,3.268815895407709e-05,1,1,0.03411331
r6_plus_gdelt_fed_recession,44,5,-0.04388907,-0.026573436,-0.019282589,-0.014953243,-0.011834525,-0.0093586575,-0.0072379685,-0.00540666,-0.0036876127,-0.0021242036,-0.0005712025,0.0009925497,0.0025777537,0.004128345,0.0059471703,0.007965173,0.01029297,0.013131795,0.016702503,0.023009958,0.037528876,-0.0005712025,2025-11-24,2025-11-17,0.0252517353581003,-0.025822937844853764,0.025822937844853764,0.0006668241189391808,0,0,0.03598509
r6_plus_gdelt_fed_recession,45,1,-0.039208453,-0.02299849,-0.016072651,-0.0120689,-0.0091913305,-0.0069181197,-0.004982737,-0.0032962984,-0.0017145368,-0.0002763461,0.0011615836,0.0026251103,0.0041220626,0.0055933,0.0073282868,0.009221576,0.011418927,0.014079838,0.017385093,0.02326616,0.036706746,0.0011615836,2025-11-25,2025-11-24,0.0061448514261719,-0.004983267843301237,0.004983267843301237,2.4832958398080165e-05,1,1,0.033457745
r6_plus_gdelt_fed_recession,45,2,-0.03811538,-0.021859005,-0.014950924,-0.0109577,-0.008095784,-0.0058579077,-0.0039160266,-0.002259565,-0.00068931526,0.00072221993,0.002125804,0.0035582474,0.005021261,0.0064731003,0.008178184,0.010071683,0.012238527,0.014840347,0.017984563,0.023664968,0.036523968,0.002125804,2025-11-26,2025-11-24,0.0087968306561573,-0.006671026576460765,0.006671026576460765,4.450259558384583e-05,1,1,0.032935485
r6_plus_gdelt_fed_recession,45,3,-0.037931502,-0.021996487,-0.015182478,-0.011216975,-0.008379612,-0.0061466247,-0.0042414973,-0.002618879,-0.0011288876,0.00022010074,0.0015694927,0.0029319092,0.0043438836,0.0057792035,0.0074805818,0.009408948,0.011612595,0.014288984,0.017531933,0.023297438,0.036113188,0.0015694927,2025-11-28,2025-11-24,0.0080744606016433,-0.006504967859224057,0.006504967859224057,4.231460684953801e-05,1,1,0.03271441
r6_plus_gdelt_fed_recession,45,4,-0.037429344,-0.022054555,-0.015534194,-0.011741627,-0.008986518,-0.0068138395,-0.0049089617,-0.0032811263,-0.0017419657,-0.00036511256,0.0010117402,0.002399874,0.0038140654,0.00522235,0.0068765613,0.008744061,0.010921206,0.013543069,0.016804298,0.022701582,0.035975613,0.0010117402,2025-12-01,2025-11-24,-0.0033645861889512,0.004376326372408932,0.004376326372408932,1.915223251784192e-05,0,1,0.032338493
r6_plus_gdelt_fed_recession,45,5,-0.036586255,-0.021539511,-0.015072685,-0.011348113,-0.0086789895,-0.006552731,-0.0047098952,-0.0031219935,-0.0016226758,-0.00026853522,0.001099209,0.002467291,0.0038776137,0.0052569187,0.006896696,0.008736545,0.0108496575,0.013453479,0.016737806,0.022707839,0.03620369,0.001099209,2025-12-02,2025-11-24,0.007795608451378,-0.0066963994994502785,0.0066963994994502785,4.484176625623794e-05,1,1,0.031810492
r6_plus_gdelt_fed_recession,46,1,-0.027028415,-0.016429989,-0.011531729,-0.008610068,-0.0064894967,-0.0048025004,-0.0033820376,-0.0021556527,-0.0010182883,-4.2817555e-07,0.0009989253,0.0020183045,0.0030844035,0.0041390928,0.0054109967,0.0068150284,0.008445791,0.010419816,0.012857442,0.017065298,0.025441097,0.0009989253,2025-12-03,2025-12-02,0.002440744479132,-0.001441819177885655,0.001441819177885655,2.0788425417188662e-06,1,1,0.02438917
r6_plus_gdelt_fed_recession,46,2,-0.027484242,-0.016506521,-0.011462086,-0.008425674,-0.006211081,-0.004458465,-0.0029423477,-0.0016550729,-0.00044929987,0.0006152287,0.0016722769,0.0027457837,0.0038559495,0.004961577,0.0062805605,0.00773694,0.009424402,0.011474449,0.013947864,0.018226048,0.026565822,0.0016722769,2025-12-04,2025-12-02,-0.0009305239790373,0.00260280085683544,0.00260280085683544,6.774572300343301e-06,0,1,0.02540995
r6_plus_gdelt_fed_recession,46,3,-0.028078571,-0.016879953,-0.011703214,-0.008576531,-0.0063097086,-0.004501064,-0.0029553196,-0.0016405645,-0.00044548855,0.00063018524,0.001706176,0.0027847276,0.003917378,0.005055621,0.006415973,0.007959191,0.009744484,0.0119324345,0.014596246,0.019151103,0.027965171,0.001706176,2025-12-05,2025-12-02,0.0040690601080226,-0.0023628841362463527,0.0023628841362463527,5.583221441324672e-06,1,1,0.02629946
r6_plus_gdelt_fed_recession,46,4,-0.028378582,-0.01689137,-0.01157344,-0.008387864,-0.0060927426,-0.0043063997,-0.002753841,-0.0014529568,-0.00024702627,0.00081992365,0.0018943164,0.0029851256,0.004115655,0.0052539185,0.006584385,0.008083661,0.00983548,0.011948012,0.014532888,0.018982684,0.027549708,0.0018943164,2025-12-08,2025-12-02,-0.0019203451600904,0.003814661563285662,0.003814661563285662,1.4551642842409011e-05,0,1,0.026106328
r6_plus_gdelt_fed_recession,46,5,-0.027426366,-0.016497357,-0.011428107,-0.008393544,-0.006197456,-0.004446579,-0.002931858,-0.0016318928,-0.00042343297,0.00066753384,0.0017486045,0.0028345948,0.003964282,0.005072151,0.0064051603,0.007901858,0.009637364,0.011748662,0.014378474,0.018879678,0.027618824,0.0017486045,2025-12-09,2025-12-02,0.001232585741391,0.000516018725747648,0.000516018725747648,2.662753253222264e-07,1,1,0.02580658
r6_plus_gdelt_fed_recession,47,1,-0.02565322,-0.013911269,-0.009160015,-0.006390411,-0.004415823,-0.0028857212,-0.0016234738,-0.0005500686,0.0004244991,0.0012735507,0.0020942881,0.0029162657,0.0037672138,0.004613888,0.005650962,0.0067915544,0.008133325,0.0097740665,0.011828486,0.015385208,0.022913031,0.0020942881,2025-12-10,2025-12-09,0.0040873675112017,-0.0019930793874301514,0.0019930793874301514,3.972365444598947e-06,1,1,0.020988502
r6_plus_gdelt_fed_recession,47,2,-0.025884116,-0.014362122,-0.009700357,-0.00696142,-0.004999387,-0.0034679847,-0.002164227,-0.0010728131,-6.0249877e-05,0.000817026,0.0016817236,0.002541048,0.0034292,0.004314466,0.0053806743,0.0065705385,0.0079573905,0.009664464,0.011750011,0.015430173,0.023071539,0.0016817236,2025-12-11,2025-12-09,-0.0032396885435437,0.004921412175462131,0.004921412175462131,2.4220297800786904e-05,0,1,0.021450367
r6_plus_gdelt_fed_recession,47,3,-0.026225757,-0.014392791,-0.009656992,-0.006858374,-0.004861221,-0.0032929296,-0.0019753806,-0.00086707383,0.0001295557,0.0010178108,0.0018906788,0.0027542412,0.0036540753,0.0045510344,0.0056205913,0.0068366136,0.008235995,0.009961513,0.012079358,0.015781103,0.02352611,0.0018906788,2025-12-12,2025-12-09,-0.0193034256709435,0.021194104444577637,0.021194104444577637,0.00044919006320766553,0,0,0.02173635
r6_plus_gdelt_fed_recession,47,4,-0.02719628,-0.014996745,-0.010031159,-0.007085573,-0.0049922457,-0.0033848688,-0.0020089387,-0.0008746514,0.00015914161,0.0010555689,0.0019431564,0.0028266662,0.00374078,0.004668575,0.0057577714,0.0069963625,0.008452547,0.010222428,0.012412118,0.01626323,0.024191273,0.0019431564,2025-12-15,2025-12-09,-0.00503202605191,0.0069751824079019595,0.0069751824079019595,4.8653169623504976e-05,0,1,0.022443276
r6_plus_gdelt_fed_recession,47,5,-0.028789587,-0.016021658,-0.010732355,-0.0076405387,-0.005481919,-0.0038057442,-0.0023986534,-0.001206426,-0.00012098724,0.0008492094,0.0018087258,0.002771338,0.0037632228,0.0047409986,0.005908791,0.007233695,0.008774389,0.010666417,0.013057103,0.017206874,0.025748923,0.0018087258,2025-12-16,2025-12-09,0.0019798417903194,-0.00017111602720709359,0.00017111602720709359,2.9280694767138792e-08,1,1,0.023789458
r6_plus_gdelt_fed_recession,48,1,-0.029004065,-0.01689254,-0.011739889,-0.008706095,-0.0064807893,-0.0047275564,-0.0032449113,-0.0019417066,-0.00072050607,0.00035600225,0.0014315755,0.0025108475,0.0035820934,0.0046128347,0.0058201044,0.0071070218,0.008575432,0.010350857,0.012533294,0.016296022,0.02474555,0.0014315755,2025-12-17,2025-12-16,-0.018710909603913,0.020142485114563874,0.020142485114563874,0.00040571970659042725,0,0,0.024273183
r6_plus_gdelt_fed_recession,48,2,-0.029309181,-0.01701467,-0.0117607685,-0.008649181,-0.0063665994,-0.00456813,-0.0030166851,-0.0016921359,-0.00043508294,0.0006736806,0.0017928402,0.0029049413,0.0040136413,0.005089454,0.006335825,0.0076812585,0.009206775,0.0110457055,0.013251104,0.017127955,0.0258165,0.0017928402,2025-12-18,2025-12-16,0.0143861168093265,-0.01259327661536941,0.01259327661536941,0.00015859061591121004,1,0,0.025011873
r6_plus_gdelt_fed_recession,48,3,-0.029490523,-0.017165236,-0.011852944,-0.00865661,-0.0063077062,-0.004436737,-0.0028403434,-0.0014752027,-0.00023521692,0.0008685088,0.001981617,0.0030783117,0.0041783173,0.0052547553,0.0064979205,0.0078809485,0.009448236,0.011374052,0.01372554,0.017802656,0.026988469,0.001981617,2025-12-19,2025-12-16,0.0129512311021402,-0.010969614150614988,0.010969614150614988,0.00012033243461337259,1,1,0.025578484
r6_plus_gdelt_fed_recession,48,4,-0.031223312,-0.018554403,-0.013037954,-0.0097405305,-0.0073507824,-0.0054809777,-0.003844468,-0.0024683531,-0.0011873645,-4.00109e-05,0.0011179849,0.0022729724,0.0034156116,0.0045424537,0.005813652,0.007208867,0.008807923,0.01071779,0.013047543,0.017127769,0.02621391,0.0011179849,2025-12-22,2025-12-16,0.0047819781064196,-0.003663993225726343,0.003663993225726343,1.3424846358168532e-05,1,1,0.026085498
r6_plus_gdelt_fed_recession,48,5,-0.031053822,-0.018542992,-0.013025684,-0.009754796,-0.007404572,-0.005534868,-0.0039276364,-0.0025378861,-0.0012454229,-7.82517e-05,0.00109967,0.002265105,0.0034208116,0.004527412,0.0058164,0.007231023,0.0088396445,0.010789133,0.013202297,0.017381214,0.026778165,0.00109967,2025-12-23,2025-12-16,0.0046723877365108,-0.003572717779908644,0.003572717779908644,1.2764312334875352e-05,1,1,0.02622798
r6_plus_gdelt_fed_recession,49,1,-0.02452103,-0.014547589,-0.00994406,-0.0071653337,-0.0051210416,-0.0035048777,-0.0021458901,-0.000977206,9.612931e-05,0.0010452708,0.0019661952,0.0028906732,0.003840465,0.004764007,0.0058774655,0.0070963586,0.008518575,0.010238005,0.012378531,0.016024807,0.023649061,0.0019661952,2025-12-24,2025-12-23,0.002921390510044,-0.0009551953290318463,0.0009551953290318463,9.123981166042571e-07,1,1,0.022322591
r6_plus_gdelt_fed_recession,49,2,-0.024762107,-0.014827986,-0.010282169,-0.0075390856,-0.005516105,-0.0039148326,-0.0025343525,-0.0013753183,-0.000286653,0.0006666947,0.0016124537,0.0025684359,0.0035421054,0.0045053535,0.0056568393,0.0069230357,0.008379574,0.010151302,0.012294799,0.01599672,0.02354594,0.0016124537,2025-12-26,2025-12-23,-6.422789274467806e-05,0.0016766816142083584,0.0016766816142083584,2.8112612354243463e-06,0,1,0.02257697
r6_plus_gdelt_fed_recession,49,3,-0.025526345,-0.015375779,-0.010708188,-0.007882392,-0.0058059394,-0.0041437447,-0.0027257935,-0.0015154432,-0.00041890383,0.00056712993,0.0015477159,0.002524819,0.0035200184,0.0045025274,0.005663313,0.00696214,0.008448476,0.010261798,0.01247523,0.016319524,0.024208952,0.0015477159,2025-12-29,2025-12-23,-0.0048523387503473,0.006400054609834953,0.006400054609834953,4.0960699008869634e-05,0,1,0.023183417
r6_plus_gdelt_fed_recession,49,4,-0.026579414,-0.01602125,-0.011119786,-0.008159945,-0.005999633,-0.0043055615,-0.002830701,-0.0015936168,-0.00044706016,0.00057364005,0.0015998938,0.0026400413,0.003701106,0.0047513526,0.0059762388,0.0073483647,0.00895319,0.010877749,0.0132240625,0.017268732,0.025346389,0.0015998938,2025-12-30,2025-12-23,-0.002322080967224,0.003921974756031094,0.003921974756031094,1.5381885986945156e-05,0,1,0.024343848
r6_plus_gdelt_fed_recession,49,5,-0.02696998,-0.016287368,-0.011329242,-0.008334949,-0.0061405776,-0.004379994,-0.002863696,-0.0015536626,-0.00033141283,0.00078277354,0.0018955781,0.0030013886,0.004127537,0.005212209,0.006498455,0.007938219,0.009598871,0.011609625,0.014089724,0.018297859,0.026736574,0.0018955781,2025-12-31,2025-12-23,-0.0082999674436359,0.010195545556089123,0.010195545556089123,0.00010394914918628867,0,1,0.025418967
