model,window,horizon,q0.01,q0.05,q0.1,q0.15,q0.2,q0.25,q0.3,q0.35,q0.4,q0.45,q0.5,q0.55,q0.6,q0.65,q0.7,q0.75,q0.8,q0.85,q0.9,q0.95,q0.99,prediction,date,forecast_origin,actual,error,abs_error,squared_error,correct_direction,interval_coverage,interval_width
r3_control_nofuture,0,1,-0.0166253,-0.010586282,-0.0077129593,-0.005893152,-0.004485392,-0.0033264311,-0.0023088066,-0.0014001006,-0.00052357954,0.00025236176,0.0010367092,0.0018438558,0.0026450783,0.003422066,0.004321453,0.0052922885,0.0063800765,0.007673864,0.009220847,0.011800524,0.016939862,0.0010367092,2024-01-02,2023-12-29,-0.0170669491911452,0.018103658365659015,0.018103658365659015,0.0003277424462204956,0,0,0.016933806
r3_control_nofuture,0,2,-0.016967239,-0.010895893,-0.008031167,-0.0062054577,-0.004784129,-0.0036141803,-0.0025569508,-0.0016451377,-0.0007391359,5.9366543e-05,0.00087061955,0.0017049114,0.0025274362,0.0033392932,0.00428364,0.0052947006,0.006432536,0.007796779,0.009387873,0.012029854,0.01722772,0.00087061955,2024-01-03,2023-12-29,-0.0106379771259205,0.01150859667719915,0.01150859667719915,0.00013244779747843932,0,0,0.01741904
r3_control_nofuture,0,3,-0.017463671,-0.01124813,-0.008285301,-0.0063968333,-0.0049341093,-0.0037114997,-0.002619579,-0.001658823,-0.0007510539,7.487927e-05,0.0009240819,0.0017859675,0.0026397996,0.0034789792,0.0044518276,0.005507059,0.006684082,0.008111329,0.009781192,0.012516187,0.017885556,0.0009240819,2024-01-04,2023-12-29,-0.0051596905664556,0.006083772457299409,0.006083772457299409,3.7012287312194886e-05,0,1,0.018066492
r3_control_nofuture,0,4,-0.018026797,-0.011596482,-0.008494924,-0.006520753,-0.0050019496,-0.003770033,-0.0026495506,-0.0016896232,-0.0007671445,7.298345e-05,0.00092924305,0.001803693,0.0026572193,0.0035162838,0.0044703027,0.0055177403,0.0067077205,0.008115276,0.009768655,0.012519916,0.017738305,0.00092924305,2024-01-05,2023-12-29,0.0011852617737993,-0.000256018726077616,0.000256018726077616,6.554558810240538e-08,1,1,0.018263578
r3_control_nofuture,0,5,-0.017256077,-0.011202049,-0.008280365,-0.0064218203,-0.0049791858,-0.0037702336,-0.002690763,-0.0017307701,-0.00080136384,4.37747e-05,0.00091349066,0.0017784531,0.0026415368,0.0034729037,0.004437728,0.005491438,0.006685061,0.008129124,0.009886556,0.012759149,0.018306907,0.00091349066,2024-01-08,2023-12-29,0.0204572928663409,-0.019543802208646262,0.019543802208646262,0.0003819602047706865,1,0,0.018166922
r3_control_nofuture,1,1,-0.023522241,-0.015372092,-0.011476521,-0.008994687,-0.0070499815,-0.0054252082,-0.0039838958,-0.002676398,-0.001405523,-0.00024377667,0.00094612816,0.002165597,0.003377489,0.004540166,0.0058810934,0.007324877,0.008934854,0.010821365,0.013052437,0.016632494,0.023878232,0.00094612816,2024-01-09,2024-01-08,0.0019736065701812,-0.0010274784113510939,0.0010274784113510939,1.0557118857925676e-06,1,1,0.024528958
r3_control_nofuture,1,2,-0.023669776,-0.015386686,-0.011450427,-0.008926782,-0.006939601,-0.0052840007,-0.003780479,-0.0024539921,-0.0011304526,6.1845625e-05,0.0012876688,0.0025381218,0.003765721,0.0049514365,0.0063152444,0.007768749,0.009381035,0.011257044,0.013411788,0.01693344,0.02403435,0.0012876688,2024-01-10,2024-01-08,0.006754656172611,-0.00546698734562117,0.00546698734562117,2.9887950637182007e-05,1,1,0.024862215
r3_control_nofuture,1,3,-0.023719158,-0.015420817,-0.011471158,-0.0089403065,-0.006979044,-0.005332997,-0.0038615444,-0.002557249,-0.00131475,-0.00017185307,0.0010072922,0.0022039402,0.0033946778,0.004563044,0.005920339,0.0074015325,0.009046962,0.010991653,0.013253346,0.016887272,0.024160909,0.0010072922,2024-01-11,2024-01-08,0.0020786482571301,-0.0010713560702887313,0.0010713560702887313,1.147803829344513e-06,1,1,0.024724504
r3_control_nofuture,1,4,-0.02374268,-0.015358604,-0.011353651,-0.008801127,-0.0068268627,-0.0052033598,-0.0037169803,-0.0024251519,-0.0011832899,-4.84396e-05,0.0011105718,0.0022972375,0.0034650122,0.004615673,0.0059065507,0.007329548,0.008924792,0.010788628,0.012955765,0.01645107,0.023439253,0.0011105718,2024-01-12,2024-01-08,0.0005126444927324,0.0005979272930975612,0.0005979272930975612,3.5751704783097693e-07,1,1,0.024309415
r3_control_nofuture,1,5,-0.022994839,-0.014996635,-0.011152092,-0.008719361,-0.006832379,-0.005247746,-0.0038261965,-0.0025535792,-0.0013217082,-0.00018817709,0.0009910564,0.002167979,0.0033510248,0.004476294,0.005788883,0.007225614,0.0088250805,0.01071737,0.012942486,0.0164719,0.023676818,0.0009910564,2024-01-16,2024-01-08,-9.749324927383718e-05,0.0010885496896719342,0.0010885496896719342,1.1849404268848644e-06,0,1,0.024094578
r3_control_nofuture,2,1,-0.019825244,-0.012338555,-0.00900185,-0.0069033136,-0.0052879187,-0.0039486936,-0.002771851,-0.0017108993,-0.0006908721,0.00021874324,0.0011393942,0.0020752626,0.00300953,0.0039167814,0.0049702334,0.006111306,0.0073954985,0.008920724,0.010741972,0.013725448,0.019743023,0.0011393942,2024-01-17,2024-01-16,-0.0056566548529702,0.0067960490934240395,0.0067960490934240395,4.618628328022971e-05,0,1,0.019743823
r3_control_nofuture,2,2,-0.019953132,-0.012457747,-0.009150235,-0.0070631467,-0.0054507777,-0.004112713,-0.0029044643,-0.0018423412,-0.00079131336,0.00014455733,0.0010966291,0.0020658744,0.0030279993,0.0039599407,0.005043437,0.0062078405,0.0075181713,0.009067771,0.010873041,0.013847458,0.019808223,0.0010966291,2024-01-18,2024-01-16,0.0140943716396457,-0.012997742567664986,0.012997742567664986,0.00016894131185529038,1,0,0.020023275
r3_control_nofuture,2,3,-0.020137826,-0.012616912,-0.009247703,-0.0071319058,-0.0055118306,-0.0041597937,-0.0029566712,-0.0018953214,-0.0008965725,1.3842888e-05,0.0009446796,0.0018860125,0.002827833,0.0037485617,0.0048254346,0.006013679,0.007345252,0.008948064,0.010830635,0.013907128,0.02006952,0.0009446796,2024-01-19,2024-01-16,0.019636767276067,-0.018692087673086385,0.018692087673086385,0.000349394141578348,1,0,0.020078339
r3_control_nofuture,2,4,-0.020442866,-0.01265959,-0.009184983,-0.0070112934,-0.0053543383,-0.004000683,-0.0027710577,-0.0017115966,-0.0007043524,0.00021335167,0.0011450873,0.0020927987,0.0030267595,0.003958422,0.0050001536,0.006156581,0.007473945,0.009026841,0.010858117,0.013885375,0.019854667,0.0011450873,2024-01-22,2024-01-16,0.001305183935429,-0.00016009663649185811,0.00016009663649185811,2.5630933016006155e-08,1,1,0.0200431
r3_control_nofuture,2,5,-0.020023558,-0.012526363,-0.009200869,-0.0071396073,-0.0055577853,-0.004225501,-0.0030377908,-0.0019768411,-0.0009518805,-7.503564e-06,0.00095865363,0.0019225103,0.00288676,0.0038141264,0.004899239,0.0060921353,0.007440345,0.0090612145,0.01101789,0.014183595,0.02046983,0.00095865363,2024-01-23,2024-01-16,0.0041409169109138,-0.003182263278362368,0.003182263278362368,1.0126799572813606e-05,1,1,0.02021876
r3_control_nofuture,3,1,-0.019138014,-0.01185763,-0.008584599,-0.006566408,-0.005009741,-0.0037208607,-0.002593487,-0.0015792206,-0.00059006136,0.00029235665,0.0011935899,0.0021121684,0.0030256659,0.0039130663,0.0049378574,0.0060549625,0.0073026707,0.008779249,0.010558659,0.0134991165,0.019564195,0.0011935899,2024-01-24,2024-01-23,0.0055338310321763,-0.004340241152045115,0.004340241152045115,1.8837693257905908e-05,1,1,0.019143257
r3_control_nofuture,3,2,-0.019355081,-0.011993208,-0.008722999,-0.0066841985,-0.0051007294,-0.0037960468,-0.0026220093,-0.0015928918,-0.00056960987,0.00033668042,0.0012697722,0.0022177335,0.0031509653,0.004061511,0.0051179957,0.006253641,0.0075358804,0.009048372,0.010810185,0.013723645,0.019667683,0.0012697722,2024-01-25,2024-01-23,0.0012205792486691,4.919293448095311e-05,4.919293448095311e-05,2.419944802847345e-09,1,1,0.019533183
r3_control_nofuture,3,3,-0.019512264,-0.012097475,-0.008763822,-0.006695322,-0.0051014796,-0.003771708,-0.0025903927,-0.0015531728,-0.0005723363,0.00031982313,0.001248694,0.0021880288,0.003130439,0.0040571988,0.0051379474,0.006329824,0.007662517,0.009249429,0.011094342,0.01406943,0.020059368,0.001248694,2024-01-26,2024-01-23,-0.0059754650354733,0.007224159060453368,0.007224159060453368,5.218847413073049e-05,0,1,0.019858163
r3_control_nofuture,3,4,-0.020227809,-0.0125654405,-0.009101987,-0.0069543202,-0.0052969544,-0.0039350456,-0.0026828211,-0.0015977051,-0.0005544654,0.00040653604,0.001386124,0.0023728227,0.0033305325,0.0042798272,0.005328354,0.006479773,0.007787199,0.009329972,0.011130627,0.0140833305,0.020061262,0.001386124,2024-01-29,2024-01-23,0.0101884130329533,-0.00880228909074203,0.00880228909074203,7.748029323699615e-05,1,1,0.020232614
r3_control_nofuture,3,5,-0.019497998,-0.012177261,-0.008883854,-0.0068599167,-0.005294818,-0.003983501,-0.002818228,-0.0017861536,-0.00078802597,0.00013183965,0.0010815165,0.0020228904,0.0029573129,0.0038580105,0.004909027,0.006064665,0.007379046,0.008956795,0.010855223,0.013931355,0.020162944,0.0010815165,2024-01-30,2024-01-23,-0.0066789407276258,0.00776045722818823,0.00776045722818823,6.022469639053894e-05,0,1,0.019739076
r3_control_nofuture,4,1,-0.018352143,-0.011631839,-0.008494381,-0.006536282,-0.0050202664,-0.00377101,-0.0026616359,-0.0016697991,-0.0007077465,0.00015525892,0.0010328515,0.0019315075,0.0028222904,0.0036871217,0.004683794,0.005761585,0.006972747,0.008410843,0.010132715,0.013027142,0.01897167,0.0010328515,2024-01-31,2024-01-30,-0.0197803987310363,0.020813250251030736,0.020813250251030736,0.000433191386012031,0,0,0.018627096
r3_control_nofuture,4,2,-0.018106213,-0.011349255,-0.008226346,-0.006265126,-0.0047420207,-0.0034900256,-0.0023608042,-0.0013837549,-0.00041529178,0.00044370253,0.0013134583,0.002206813,0.003081911,0.0039371965,0.0049250307,0.00598824,0.007175872,0.008590201,0.010258416,0.013071686,0.018846225,0.0013134583,2024-02-01,2024-01-30,0.0117065281406813,-0.01039306982744715,0.01039306982744715,0.00010801590043819234,1,0,0.018484762
r3_control_nofuture,4,3,-0.018364837,-0.011512508,-0.008328243,-0.006348713,-0.004825631,-0.0035616374,-0.002433401,-0.0014473348,-0.0005144937,0.00033285792,0.0012067142,0.0020914965,0.0029625352,0.0038137585,0.004798611,0.0058819535,0.0070928494,0.008571268,0.010326614,0.013264961,0.019275386,0.0012067142,2024-02-02,2024-01-30,0.0167594396282977,-0.015552725434029711,0.015552725434029711,0.00024188726842631466,1,0,0.018654857
r3_control_nofuture,4,4,-0.01902973,-0.011891582,-0.008561884,-0.0064942758,-0.004909487,-0.0036195563,-0.0024464182,-0.0014412472,-0.00047869343,0.0003994282,0.0012981993,0.0022204532,0.0031185055,0.0040063965,0.0049922173,0.006080018,0.0073188846,0.008793133,0.010537464,0.013469669,0.019320836,0.0012981993,2024-02-05,2024-01-30,-0.0013061926757222,0.0026043919670632066,0.0026043919670632066,6.7828575181033585e-06,0,1,0.019099347
r3_control_nofuture,4,5,-0.018630406,-0.011791486,-0.008637355,-0.006683515,-0.005164495,-0.0038880056,-0.0027415513,-0.0017202647,-0.00072796573,0.00017849119,0.0011173075,0.0020498326,0.0029725626,0.0038558252,0.004883008,0.0060172,0.0072991443,0.008855356,0.010741801,0.013846546,0.020057905,0.0011173075,2024-02-06,2024-01-30,-0.0020092537027132,0.003126561162648746,0.003126561162648746,9.775384703783478e-06,0,1,0.019379156
r3_control_nofuture,5,1,-0.02229113,-0.01461028,-0.0108709615,-0.008475778,-0.0066121267,-0.0050502187,-0.0036580057,-0.002409428,-0.0012052171,-0.000110616646,0.0009895575,0.0021159456,0.0032488045,0.004345034,0.005618932,0.0069963746,0.008536513,0.010322953,0.012439737,0.015855754,0.022421474,0.0009895575,2024-02-07,2024-02-06,0.0102375547573073,-0.009247997280593046,0.009247997280593046,8.552545370185638e-05,1,1,0.023310699
r3_control_nofuture,5,2,-0.022966422,-0.015124121,-0.011349905,-0.008899413,-0.006971855,-0.0053578177,-0.0038868499,-0.002589079,-0.0013047917,-0.00014977946,0.0010134589,0.002210498,0.0033978322,0.00454814,0.005888801,0.0073334114,0.00895147,0.01082952,0.012991244,0.016482329,0.022995228,0.0010134589,2024-02-08,2024-02-06,0.0018503278650485,-0.0008368689257793149,0.0008368689257793149,7.003495989350244e-07,1,1,0.02434115
r3_control_nofuture,5,3,-0.0230939,-0.015293985,-0.011448023,-0.008946436,-0.0070040897,-0.005357478,-0.0038857993,-0.0025847855,-0.0013613134,-0.00022766556,0.00093186856,0.0021084943,0.0032833586,0.004434525,0.00577156,0.007238042,0.008866004,0.010770884,0.012972113,0.01646722,0.02298812,0.00093186856,2024-02-09,2024-02-06,0.0097948712109051,-0.008863002648430254,0.008863002648430254,7.85528159460817e-05,1,1,0.024420135
r3_control_nofuture,5,4,-0.022112144,-0.014472051,-0.010770839,-0.008395883,-0.006547464,-0.005006479,-0.0035858515,-0.0023438772,-0.001150242,-5.705477e-05,0.0010479502,0.0021730014,0.003291542,0.004392886,0.005632633,0.0070015406,0.008543325,0.010334122,0.012431797,0.015812531,0.02211737,0.0010479502,2024-02-12,2024-02-06,-0.0039202253810345,0.004968175619023926,0.004968175619023926,2.468276898146377e-05,0,1,0.023202635
r3_control_nofuture,5,5,-0.021884182,-0.014275544,-0.010582899,-0.008238291,-0.0064217225,-0.0048913783,-0.0035211106,-0.0023001055,-0.001112528,-2.2459979e-05,0.0010941467,0.0021996922,0.0033210204,0.0043890537,0.0056350892,0.0069984235,0.0085074585,0.010285724,0.012394863,0.015723364,0.022073219,0.0010941467,2024-02-13,2024-02-06,-0.0157200014103491,0.0168141481584225,0.0168141481584225,0.0002827155782933827,0,0,0.022977762
r3_control_nofuture,6,1,-0.021512525,-0.013460543,-0.009654802,-0.007273736,-0.0054479823,-0.003936163,-0.0026058205,-0.0014005695,-0.00023001275,0.00083446363,0.0019297475,0.0030407677,0.0041378206,0.0051915343,0.006404199,0.007696171,0.009138679,0.010820563,0.012822494,0.01600631,0.02228674,0.0019297475,2024-02-14,2024-02-13,0.0108383092060217,-0.00890856168321309,0.00890856168321309,7.936247126361243e-05,1,1,0.022477295
r3_control_nofuture,6,2,-0.021224689,-0.013325332,-0.009648398,-0.0073309597,-0.00554139,-0.004059646,-0.0027242354,-0.0015469583,-0.00036940427,0.0006898325,0.0017788691,0.0028831498,0.0039658947,0.005012375,0.0062193503,0.0075087254,0.008948125,0.010625663,0.012556367,0.015678491,0.021712936,0.0017788691,2024-02-15,2024-02-13,0.0029733146952136,-0.001194445620444282,0.001194445620444282,1.4267003401985259e-06,1,1,0.022204764
r3_control_nofuture,6,3,-0.021033395,-0.013160019,-0.009468346,-0.0071668746,-0.0054111523,-0.003946139,-0.002637396,-0.0014799553,-0.00037770846,0.00063296687,0.0016807695,0.002734771,0.0037784744,0.004792637,0.0059633283,0.007241638,0.008654871,0.010333843,0.012282205,0.015368788,0.021431569,0.0016807695,2024-02-16,2024-02-13,-0.0091089905818626,0.010789760073803337,0.010789760073803337,0.0001164189224502406,0,1,0.02175055
r3_control_nofuture,6,4,-0.021565888,-0.013538461,-0.009751434,-0.007377998,-0.005566642,-0.0040771975,-0.00271327,-0.0015309858,-0.0003932377,0.0006540919,0.0017273603,0.0028115138,0.0038707098,0.0049158754,0.0060798773,0.00735241,0.008775813,0.010425047,0.012339653,0.015387686,0.021327639,0.0017273603,2024-02-20,2024-02-13,-0.0075767262223666,0.009304086523086338,0.009304086523086338,8.656602602907681e-05,0,1,0.022091087
r3_control_nofuture,6,5,-0.021696424,-0.013807721,-0.0100868475,-0.0077628167,-0.0059632626,-0.004444952,-0.0030892445,-0.0018693468,-0.00067850854,0.00042866945,0.0015737149,0.0027130265,0.0038375845,0.004905977,0.0061331526,0.0074641067,0.008937964,0.010664255,0.012686272,0.015835779,0.022025254,0.0015737149,2024-02-21,2024-02-13,-0.0040098848492255,0.005583599742536762,0.005583599742536762,3.117658608485659e-05,0,1,0.02277312
r3_control_nofuture,7,1,-0.020783214,-0.013174321,-0.009596076,-0.007299246,-0.0055091917,-0.0040158615,-0.0027132027,-0.0015278447,-0.00038376488,0.00064510875,0.0017041527,0.0027821977,0.0038464624,0.0048661646,0.006047625,0.007319463,0.008752372,0.010454189,0.012500547,0.015788779,0.02241556,0.0017041527,2024-02-22,2024-02-21,0.0288554292019735,-0.027151276528490604,0.027151276528490604,0.0007371918171265648,1,0,0.022096623
r3_control_nofuture,7,2,-0.021816362,-0.014271366,-0.010793221,-0.0085693365,-0.006828115,-0.005375274,-0.004065692,-0.0029073383,-0.0017570755,-0.0007241388,0.00035365135,0.0014423724,0.002522431,0.003579675,0.0048235715,0.0061681974,0.0077077267,0.009552694,0.0117221605,0.015244302,0.021988252,0.00035365135,2024-02-23,2024-02-21,-0.0029491160121863,0.0033027673662756793,0.0033027673662756793,1.0908272275735588e-05,0,1,0.022515383
r3_control_nofuture,7,3,-0.02185442,-0.014214015,-0.01064064,-0.008340788,-0.0065566334,-0.005041143,-0.0036781847,-0.0024595985,-0.0012968687,-0.0002250922,0.00089464535,0.0020129343,0.0031208105,0.0041924044,0.0054345387,0.0067835967,0.008301221,0.010124337,0.012279334,0.01576778,0.022682177,0.00089464535,2024-02-26,2024-02-21,-0.0005267371637885,0.0014213825091857935,0.0014213825091857935,2.0203282374193023e-06,0,1,0.022919973
r3_control_nofuture,7,4,-0.021843389,-0.014101666,-0.010441075,-0.0080774445,-0.006236197,-0.0047112573,-0.0033104403,-0.0020862482,-0.00090602995,0.00018879001,0.0013173245,0.0024588963,0.0035750307,0.004682292,0.005919483,0.0072760065,0.008822493,0.010643684,0.012777245,0.016223608,0.02296809,0.0013173245,2024-02-27,2024-02-21,0.002402307425953,-0.0010849829598809772,0.0010849829598809772,1.1771880232320862e-06,1,1,0.023218319
r3_control_nofuture,7,5,-0.021015702,-0.013585386,-0.010005749,-0.007698097,-0.0058909734,-0.004358379,-0.0029856886,-0.001742892,-0.000538248,0.00057648023,0.0017226617,0.0028658109,0.0039966237,0.0050736032,0.006316058,0.007671865,0.009203757,0.011039032,0.0132201975,0.016706545,0.02359949,0.0017226617,2024-02-28,2024-02-21,-0.0053386145066858,0.007061276168601281,0.007061276168601281,4.986162112925639e-05,0,1,0.023225946
r3_control_nofuture,8,1,-0.020627202,-0.013313312,-0.009791506,-0.00754911,-0.005817691,-0.004370596,-0.0030912869,-0.001934427,-0.0008185186,0.00018682974,0.0012083148,0.0022541857,0.0033136555,0.004349286,0.005567134,0.0068928455,0.00839721,0.010181002,0.012328417,0.01591765,0.023168122,0.0012083148,2024-02-29,2024-02-28,0.0085328340446164,-0.007324519256088614,0.007324519256088614,5.3648582332812896e-05,1,1,0.022119924
r3_control_nofuture,8,2,-0.02103838,-0.013612976,-0.010064887,-0.007790421,-0.0060203425,-0.0045455843,-0.003209025,-0.0020270234,-0.00085915835,0.00018973998,0.0012618934,0.0023587798,0.00346235,0.0045450428,0.005816617,0.0071953856,0.008760859,0.010622379,0.012802732,0.016462917,0.023669628,0.0012618934,2024-03-01,2024-02-28,0.0149445932169848,-0.013682699789985351,0.013682699789985351,0.00018721627354286518,1,0,0.02286762
r3_control_nofuture,8,3,-0.021457437,-0.0139452,-0.01031808,-0.007992231,-0.0061992076,-0.0046900143,-0.0033373213,-0.002139904,-0.0010071995,3.143144e-05,0.0011040383,0.002192223,0.0032999385,0.004396221,0.005690485,0.0071211914,0.00873743,0.010682318,0.012973213,0.016731052,0.024072306,0.0011040383,2024-03-04,2024-02-28,-0.0035745526098149,0.00467859093495329,0.00467859093495329,2.18892131366271e-05,0,1,0.023291294
r3_control_nofuture,8,4,-0.021554159,-0.013930535,-0.01029815,-0.007967432,-0.006170165,-0.004678345,-0.0033118804,-0.002118447,-0.00096847094,8.988031e-05,0.0011769705,0.0022862921,0.0033919264,0.004498327,0.005749825,0.007141981,0.008736652,0.010624316,0.0128759565,0.016602695,0.023822563,0.0011769705,2024-03-05,2024-02-28,-0.0181125786910815,0.019289549236283992,0.019289549236283992,0.0003720867097390243,0,0,0.023174107
r3_control_nofuture,8,5,-0.020970698,-0.013629255,-0.010081965,-0.007834484,-0.00609889,-0.0046360013,-0.003323801,-0.0021454885,-0.0010035096,4.9554073e-05,0.001133854,0.0022242723,0.0033288198,0.004396269,0.0056518717,0.007035748,0.008606852,0.010493649,0.012780919,0.016544491,0.023979919,0.001133854,2024-03-06,2024-02-28,0.0062640692089783,-0.005130215173690204,0.005130215173690204,2.631910772836121e-05,1,1,0.022862883
r3_control_nofuture,9,1,-0.02384226,-0.015221934,-0.011307422,-0.008806065,-0.00685064,-0.0052108965,-0.0037683584,-0.002467464,-0.0012227606,-8.650735e-05,0.0010582351,0.0022285038,0.003417972,0.004576837,0.0059360703,0.0074156034,0.009089533,0.011068089,0.013446211,0.017332848,0.024945531,0.0010582351,2024-03-07,2024-03-06,0.0150641053201408,-0.014005870254129252,0.014005870254129252,0.00019616440157550262,1,0,0.024753634
r3_control_nofuture,9,2,-0.024430364,-0.015696168,-0.011738695,-0.009200601,-0.007207917,-0.0055430764,-0.004035503,-0.0027117773,-0.0014091518,-0.00023741991,0.00095352775,0.0021748904,0.0034008012,0.004603167,0.0060170037,0.007555592,0.009305233,0.011375389,0.013792854,0.017746098,0.025194746,0.00095352775,2024-03-08,2024-03-06,-0.0145401973295111,0.01549372507902717,0.01549372507902717,0.0002400555168244755,0,0,0.025531549
r3_control_nofuture,9,3,-0.024921421,-0.016133543,-0.012074995,-0.009436815,-0.0073847584,-0.0056572743,-0.004122114,-0.0027690404,-0.0014959327,-0.00032801158,0.0008683507,0.0020818545,0.0033159838,0.0045414446,0.005985848,0.007587825,0.0093885325,0.01151685,0.014002484,0.017993517,0.025443222,0.0008683507,2024-03-11,2024-03-06,-0.0037196586741538,0.004588009349017704,0.004588009349017704,2.1049829786673856e-05,0,1,0.02607748
r3_control_nofuture,9,4,-0.024385396,-0.01563989,-0.011632962,-0.009042799,-0.0070314454,-0.005370271,-0.003853321,-0.002526838,-0.0012518965,-8.935487e-05,0.0010944855,0.0023000557,0.0035079697,0.004704157,0.0060710143,0.0075927833,0.009328139,0.011366527,0.013780137,0.017705388,0.025123414,0.0010944855,2024-03-12,2024-03-06,0.014233305615606,-0.013138820098946085,0.013138820098946085,0.0001726285935924696,1,0,0.0254131
r3_control_nofuture,9,5,-0.02448168,-0.01576985,-0.011687904,-0.009096053,-0.0071059177,-0.0054421215,-0.0039584152,-0.0026316934,-0.0013467877,-0.00015955744,0.0010554087,0.0022748974,0.0035141367,0.004702592,0.0060955943,0.0076318267,0.009351854,0.011402905,0.013844827,0.017767742,0.025342934,0.0010554087,2024-03-13,2024-03-06,-0.0077157608772787,0.008771169612106933,0.008771169612106933,7.693341636434809e-05,0,1,0.02553273
r3_control_nofuture,10,1,-0.02411962,-0.016195452,-0.012276739,-0.009708177,-0.007688643,-0.0059716115,-0.0044398685,-0.003058856,-0.0017329842,-0.0005227671,0.0006960616,0.0019440516,0.0032181074,0.004456251,0.005900337,0.0074612643,0.009224478,0.0112776235,0.013699386,0.017568942,0.024794484,0.0006960616,2024-03-14,2024-03-13,-0.0025244495915104,0.003220511178005889,0.003220511178005889,1.0371692247660878e-05,0,1,0.025976125
r3_control_nofuture,10,2,-0.024284909,-0.016227374,-0.0122380555,-0.009612159,-0.007548914,-0.005805926,-0.0042210976,-0.0028218306,-0.0014535411,-0.0002271313,0.0010081202,0.002273247,0.0035561165,0.004810876,0.0062768,0.00785599,0.009641703,0.011718023,0.014110129,0.017953603,0.024862492,0.0010081202,2024-03-15,2024-03-13,-0.0119580167050068,0.012966136954032323,0.012966136954032323,0.00016812070751072263,0,1,0.026348185
r3_control_nofuture,10,3,-0.024796175,-0.01668139,-0.01259109,-0.00987711,-0.0077620945,-0.0059658648,-0.004348113,-0.0029182145,-0.0015726738,-0.00033647666,0.00091741,0.002177238,0.0034590126,0.004714143,0.0061759753,0.0077750846,0.009578691,0.011704208,0.014172885,0.018101098,0.025205804,0.00091741,2024-03-18,2024-03-13,0.0094920628039333,-0.008574652791598714,0.008574652791598714,7.352467049647161e-05,1,1,0.026763976
r3_control_nofuture,10,4,-0.023772566,-0.015885573,-0.012020922,-0.009459654,-0.0074483543,-0.0057526673,-0.0041822027,-0.0027945,-0.0014568671,-0.00022981007,0.0010056277,0.0022527075,0.0035119317,0.00476757,0.0061883493,0.007755431,0.009535659,0.011603457,0.014010672,0.017859505,0.02475434,0.0010056277,2024-03-19,2024-03-13,0.0024884904089846,-0.0014828627284147128,0.0014828627284147128,2.1988818713215263e-06,1,1,0.026031595
r3_control_nofuture,10,5,-0.023636743,-0.015775207,-0.011826913,-0.009273064,-0.0072881607,-0.005601068,-0.0040811496,-0.0027125436,-0.0013858386,-0.00017383025,0.0010495248,0.0022673947,0.0035187812,0.0047304565,0.0061486713,0.007695711,0.0094204135,0.011440303,0.013813148,0.01754804,0.024496173,0.0010495248,2024-03-20,2024-03-13,0.0117870052784771,-0.010737480523259966,0.010737480523259966,0.00011529348798738711,1,1,0.025640061
r3_control_nofuture,11,1,-0.019369833,-0.012153202,-0.008914289,-0.006901598,-0.0053438474,-0.0040574055,-0.0029410943,-0.0019277213,-0.0009423972,-4.257e-05,0.0008878961,0.0018580335,0.0028277452,0.0037583492,0.004842973,0.0060196775,0.0073439525,0.008919312,0.010815683,0.013884593,0.019925453,0.0008878961,2024-03-21,2024-03-20,0.0047209805204958,-0.0038330844115890836,0.0038330844115890836,1.4692536106367232e-05,1,1,0.019729972
r3_control_nofuture,11,2,-0.02001323,-0.012615712,-0.009320828,-0.007253553,-0.0056447135,-0.004309443,-0.0031095345,-0.0020499537,-0.0009912809,-3.7758786e-05,0.0009619378,0.001980744,0.0029869871,0.0039798766,0.005138383,0.0063794632,0.0077948403,0.009485408,0.011458043,0.014664305,0.020795485,0.0009619378,2024-03-22,2024-03-20,0.0011431779553215,-0.00018124013012600876,0.00018124013012600876,3.2847984768092586e-08,1,1,0.020778872
r3_control_nofuture,11,3,-0.02049378,-0.012818561,-0.009366351,-0.0071988367,-0.0055300607,-0.004127597,-0.00286825,-0.0017421001,-0.0006599618,0.0003417069,0.0013945437,0.002457814,0.0035061135,0.0045200344,0.0056892866,0.0069510057,0.00835899,0.010037065,0.01201613,0.015197016,0.021465924,0.0013945437,2024-03-25,2024-03-20,-0.0036358060284306,0.005030349708793003,0.005030349708793003,2.5304418192753854e-05,0,1,0.02138248
r3_control_nofuture,11,4,-0.021322623,-0.013331116,-0.009672111,-0.007344896,-0.005560495,-0.004097966,-0.002759545,-0.0015890836,-0.00045337778,0.00060991157,0.0017162459,0.0028369601,0.0039327242,0.0050195777,0.0062294165,0.007547743,0.009042124,0.01079932,0.012833522,0.016081026,0.022282805,0.0017162459,2024-03-26,2024-03-20,-0.0032430167689116,0.004959262666025877,0.004959262666025877,2.4594286190638085e-05,0,1,0.022505634
r3_control_nofuture,11,5,-0.020946963,-0.013237941,-0.00967412,-0.0074333204,-0.005695468,-0.0042336197,-0.002928846,-0.0017410922,-0.0005776998,0.0005121895,0.0016541707,0.002797585,0.003933035,0.005011156,0.006254973,0.0075992174,0.009110488,0.010898689,0.012991188,0.016303508,0.022793103,0.0016541707,2024-03-27,2024-03-20,0.0034002987641521,-0.001746128077773025,0.001746128077773025,3.048963263987319e-06,1,1,0.022665307
r3_control_nofuture,12,1,-0.020017276,-0.013154391,-0.009909898,-0.007827472,-0.0061907195,-0.004810341,-0.0036026319,-0.0024949247,-0.0014166569,-0.00043822016,0.0005817088,0.0016264594,0.0026820186,0.0037080194,0.004909084,0.006217036,0.007690031,0.009431514,0.011508226,0.014882795,0.021394506,0.0005817088,2024-03-28,2024-03-27,-0.0018449842882695,0.002426693083194862,0.002426693083194862,5.888839320025786e-06,0,1,0.021418124
r3_control_nofuture,12,2,-0.02001717,-0.012919904,-0.009596136,-0.0074394797,-0.005741552,-0.004311353,-0.0030173988,-0.0018604915,-0.0007171124,0.00031329005,0.0013913019,0.0024810603,0.003582404,0.004640132,0.005870255,0.007189591,0.00868503,0.010439262,0.012475871,0.015751593,0.02192409,0.0013913019,2024-04-01,2024-03-27,0.0021148406068655,-0.0007235387439700112,0.0007235387439700112,5.235083140257013e-07,1,1,0.022072006
r3_control_nofuture,12,3,-0.020398187,-0.013159436,-0.009716043,-0.007483167,-0.00574178,-0.0042682053,-0.0029453475,-0.0017705504,-0.00065603823,0.00036882953,0.001449448,0.0025392405,0.0036462587,0.004712793,0.005959949,0.007334524,0.008880286,0.010718771,0.012863978,0.016224355,0.022607505,0.001449448,2024-04-02,2024-03-27,-0.0086677369629234,0.010117185019442431,0.010117185019442431,0.00010235743271763035,0,1,0.02258002
r3_control_nofuture,12,4,-0.020254882,-0.013012968,-0.009597254,-0.0073851184,-0.0056676124,-0.0042436006,-0.0029324512,-0.0017824417,-0.00067799835,0.0003487126,0.0014098354,0.0024800964,0.0035337154,0.004579727,0.005752739,0.0070452895,0.008515272,0.010236721,0.01226725,0.015526595,0.02173354,0.0014098354,2024-04-03,2024-03-27,0.0022419148819517,-0.0008320794669907194,0.0008320794669907194,6.923562393875597e-07,1,1,0.021864504
r3_control_nofuture,12,5,-0.019809414,-0.012826025,-0.00945709,-0.007316668,-0.005661426,-0.0042642565,-0.0030168113,-0.0018881981,-0.00079363404,0.00022757979,0.0012785192,0.002335211,0.0033874465,0.004398024,0.0055829966,0.006878627,0.008343607,0.010101768,0.01220252,0.015534241,0.021960216,0.0012785192,2024-04-04,2024-03-27,-0.0154087761451287,0.01668729530989954,0.01668729530989954,0.0002784658247597952,0,0,0.021659609
r3_control_nofuture,13,1,-0.021175703,-0.013723726,-0.010065325,-0.0077274614,-0.0059307558,-0.0044238707,-0.0030984292,-0.0019000552,-0.0007449845,0.000298911,0.0013620837,0.0024476044,0.0035366965,0.00459513,0.0058295773,0.0071630212,0.008682983,0.010472236,0.012618936,0.016145768,0.023109863,0.0013620837,2024-04-05,2024-04-04,0.0117149877342529,-0.010352904021660178,0.010352904021660178,0.0001071826216817075,1,1,0.022684261
r3_control_nofuture,13,2,-0.02189239,-0.014412917,-0.010794698,-0.008474596,-0.0066785333,-0.0051744143,-0.0038141278,-0.002604038,-0.0014122003,-0.00033953667,0.0007647299,0.001894013,0.0030393985,0.0041606463,0.005482474,0.006917505,0.008559654,0.010500475,0.012756633,0.016471755,0.023495832,0.0007647299,2024-04-08,2024-04-04,0.0002950999857528,0.00046962993502189823,0.00046962993502189823,2.2055227586867236e-07,1,1,0.02355133
r3_control_nofuture,13,3,-0.022182472,-0.014620016,-0.010890577,-0.0084961075,-0.006643971,-0.005072353,-0.0036550658,-0.002388942,-0.001190694,-9.108384e-05,0.0010426798,0.0021888814,0.003355225,0.0044985674,0.005840803,0.0073162466,0.008985928,0.0109800445,0.013311776,0.017092783,0.024350064,0.0010426798,2024-04-09,2024-04-04,0.0036927005446055,-0.0026500207774811453,0.0026500207774811453,7.022610121081774e-06,1,1,0.024202354
r3_control_nofuture,13,4,-0.021736884,-0.014265895,-0.01063709,-0.008298522,-0.00647992,-0.004959481,-0.0035541332,-0.0023168365,-0.0011254246,-2.010027e-05,0.00111007,0.0022540293,0.0033939113,0.004534055,0.0058200974,0.0072308257,0.008844552,0.010739896,0.012983858,0.016690146,0.023704061,0.00111007,2024-04-10,2024-04-04,-0.0087667266369534,0.009876796672746288,0.009876796672746288,9.755111251477215e-05,0,1,0.023620948
r3_control_nofuture,13,5,-0.021080576,-0.013837277,-0.010291814,-0.008027907,-0.0062628826,-0.0047586183,-0.0034056625,-0.0021779223,-0.0009858859,0.000112945505,0.0012306676,0.0023481091,0.0034711475,0.0045643863,0.0058405036,0.007244317,0.008839641,0.010744234,0.013029436,0.01675331,0.02390885,0.0012306676,2024-04-11,2024-04-04,0.0158419405204379,-0.014611272942381445,0.014611272942381445,0.00021348929699676814,1,0,0.023321249
r3_control_nofuture,14,1,-0.019740798,-0.012739868,-0.009479588,-0.007371669,-0.005699669,-0.0042971945,-0.0030557916,-0.001918491,-0.00081616174,0.00019125937,0.0012254255,0.0022928203,0.0033527433,0.004362099,0.0055271285,0.0067707617,0.008153784,0.00977269,0.011687021,0.014741148,0.020866882,0.0012254255,2024-04-12,2024-04-11,-0.0160701797613913,0.01729560527392121,0.01729560527392121,0.0002991379617912912,0,0,0.021166608
r3_control_nofuture,14,2,-0.020040307,-0.012881659,-0.0095560895,-0.007389748,-0.0056623183,-0.004217398,-0.0029007797,-0.0017349774,-0.00058078486,0.00046554467,0.001547684,0.0026442239,0.0037266957,0.004774976,0.0059794276,0.0072518964,0.00866764,0.010324427,0.012236455,0.015327107,0.02147884,0.001547684,2024-04-15,2024-04-11,-0.0165879204196408,0.018135604381330273,0.018135604381330273,0.0003289001462761258,0,0,0.021792546
r3_control_nofuture,14,3,-0.020693883,-0.0133357225,-0.009913527,-0.007673692,-0.005910766,-0.0044185934,-0.0030756076,-0.0018770494,-0.0007366149,0.00031442835,0.0014056653,0.0025065225,0.0036033879,0.004667588,0.005893105,0.0072225654,0.008700141,0.010461378,0.012526576,0.015823936,0.0222918,0.0014056653,2024-04-16,2024-04-11,9.27860295714043e-05,0.0013128792721464136,0.0013128792721464136,1.7236519832316967e-06,1,1,0.022440104
r3_control_nofuture,14,4,-0.021260947,-0.013719051,-0.010155265,-0.007819731,-0.005997673,-0.004491984,-0.0031114644,-0.0018996478,-0.000732452,0.0003447067,0.0014508491,0.0025817782,0.003693846,0.0047897184,0.006014919,0.0073574334,0.008859459,0.010609617,0.012645777,0.015901377,0.022211352,0.0014508491,2024-04-17,2024-04-11,-0.0122763090176749,0.01372715813259212,0.01372715813259212,0.00018843487039718997,0,0,0.022801042
r3_control_nofuture,14,5,-0.021030726,-0.0137206195,-0.010228179,-0.007966043,-0.006190124,-0.004693363,-0.0033492527,-0.0021339634,-0.00095447956,0.00014328549,0.0012868671,0.0024398237,0.0035946984,0.0046934322,0.0059748804,0.0073621785,0.00890869,0.010731697,0.012875599,0.016231498,0.02287388,0.0012868671,2024-04-18,2024-04-11,-0.0057226542197993,0.0070095212944677075,0.0070095212944677075,4.913338877759624e-05,0,1,0.023103777
r3_control_nofuture,15,1,-0.021839391,-0.014537676,-0.011048223,-0.008785785,-0.0070190863,-0.0055328426,-0.0042266315,-0.0030230323,-0.0018527275,-0.0007819306,0.00033409064,0.0014813624,0.0026209035,0.0037023365,0.004963069,0.0063090655,0.007820113,0.009612838,0.0117581785,0.015220259,0.022031028,0.00033409064,2024-04-19,2024-04-18,-0.0209062759032611,0.021240366543796678,0.021240366543796678,0.0004511531709148372,0,0,0.022806402
r3_control_nofuture,15,2,-0.021061515,-0.013473603,-0.009853112,-0.007480902,-0.0056155645,-0.004052121,-0.0026404527,-0.001374712,-0.000130223,0.0010071348,0.002192244,0.003388109,0.0045814025,0.0057184626,0.007022246,0.0084002875,0.009941309,0.0117516685,0.013859447,0.01728111,0.024016822,0.002192244,2024-04-22,2024-04-18,0.0100065289745747,-0.007814285040897026,0.007814285040897026,6.106305070038704e-05,1,1,0.023712559
r3_control_nofuture,15,3,-0.022550361,-0.01493155,-0.01128523,-0.008904844,-0.007058249,-0.0054891706,-0.0040663523,-0.0027853053,-0.0015595327,-0.00041790307,0.0007848856,0.0019872466,0.0031892362,0.0043370416,0.0056652273,0.0070997146,0.008707847,0.0106384,0.012935205,0.016603373,0.023718674,0.0007848856,2024-04-23,2024-04-18,0.0148124916293676,-0.014027606025433074,0.014027606025433074,0.00019677373080476628,1,0,0.024220435
r3_control_nofuture,15,4,-0.022667883,-0.014743772,-0.010902232,-0.008375531,-0.0064292396,-0.0048182327,-0.003333428,-0.002025338,-0.0007664437,0.00041133084,0.0016366951,0.0028763106,0.004094196,0.0052931155,0.006625916,0.0080791535,0.009723027,0.011649409,0.013921621,0.017537968,0.024487123,0.0016366951,2024-04-24,2024-04-18,0.0033820175275029,-0.0017453224107445535,0.0017453224107445535,3.04615031744718e-06,1,1,0.024823852
r3_control_nofuture,15,5,-0.022346543,-0.014837785,-0.0111576365,-0.008759323,-0.006883883,-0.0052881343,-0.0038610175,-0.0025458175,-0.0012619966,-5.539274e-05,0.0011919998,0.0024461732,0.0036896437,0.004868181,0.006232735,0.0076982463,0.009350903,0.011303897,0.01362998,0.017278375,0.024437098,0.0011919998,2024-04-25,2024-04-18,-0.0048415635298979,0.006033563293148251,0.006033563293148251,3.640388601242597e-05,0,1,0.024787616
r3_control_nofuture,16,1,-0.022533929,-0.014621617,-0.010787625,-0.008345457,-0.006438629,-0.0048522307,-0.0034724444,-0.002212376,-0.0009940292,0.0001097933,0.0012577749,0.0024366172,0.003601716,0.004706233,0.005991443,0.0073700175,0.008922498,0.010760281,0.012973021,0.016599178,0.023948448,0.0012577749,2024-04-26,2024-04-25,0.0153138191522939,-0.014056044266550044,0.014056044266550044,0.00019757238042321439,1,0,0.023760647
r3_control_nofuture,16,2,-0.023072606,-0.0148546845,-0.01088702,-0.008325586,-0.0063225785,-0.0046576094,-0.0031637293,-0.0018383279,-0.00052861904,0.0006536395,0.0018857376,0.0031317023,0.004374193,0.0055664247,0.0069505163,0.008418075,0.010070605,0.012005504,0.014267965,0.017994681,0.025468634,0.0018857376,2024-04-29,2024-04-25,0.0040521896083778,-0.0021664519666632865,0.0021664519666632865,4.693514123859222e-06,1,1,0.025154985
r3_control_nofuture,16,3,-0.024742959,-0.016397621,-0.012294327,-0.009608544,-0.0075153587,-0.00573845,-0.0041399477,-0.0027116805,-0.0013527775,-9.14323e-05,0.0012370902,0.0025745095,0.003921011,0.0052236672,0.006734036,0.008382826,0.010235064,0.01243722,0.015037444,0.01920042,0.027358182,0.0012370902,2024-04-30,2024-04-25,-0.019036275761379,0.020273365972740647,0.020273365972740647,0.0004110093678646783,0,0,0.027331771
r3_control_nofuture,16,4,-0.024807725,-0.016530536,-0.012462431,-0.009768817,-0.007672564,-0.0059242425,-0.004304449,-0.0028779574,-0.0014979786,-0.00020474021,0.0011405534,0.0025048088,0.0038465501,0.005173196,0.0066517396,0.008271498,0.010117414,0.012280818,0.014850124,0.019043757,0.027207708,0.0011405534,2024-05-01,2024-04-25,-0.0072567917457458,0.00839734513355907,0.00839734513355907,7.051540529210821e-05,0,1,0.027312554
r3_control_nofuture,16,5,-0.025006635,-0.016877968,-0.012797042,-0.010141385,-0.008077912,-0.006350465,-0.004812871,-0.0034177648,-0.0020598553,-0.0007827667,0.0005369481,0.0018730925,0.0032210287,0.0045086704,0.00600891,0.0076416153,0.009496352,0.011715016,0.014404949,0.018740717,0.027147371,0.0005369481,2024-05-02,2024-04-25,0.0126826158542947,-0.01214566776108156,0.01214566776108156,0.00014751724536257594,1,1,0.027201992
r3_control_nofuture,17,1,-0.02290148,-0.014611822,-0.010733433,-0.008242788,-0.006301441,-0.004665208,-0.0032283813,-0.001907825,-0.00062924006,0.00054308696,0.0017551378,0.002998032,0.004233994,0.005410918,0.006771578,0.008231245,0.009869018,0.011795084,0.014092385,0.017754473,0.025152108,0.0017551378,2024-05-03,2024-05-02,0.0198990764515872,-0.018143938640172302,0.018143938640172302,0.00032920250937833753,1,0,0.024825819
r3_control_nofuture,17,2,-0.024115201,-0.015811196,-0.011991616,-0.009531949,-0.007593381,-0.0059595304,-0.00446694,-0.0031260233,-0.0017892388,-0.00056683517,0.00070698047,0.0020049922,0.0032983657,0.004560367,0.006032272,0.007611451,0.00940113,0.011515254,0.013964865,0.017890498,0.025428478,0.00070698047,2024-05-06,2024-05-02,0.0108938268725553,-0.010186846401987358,0.010186846401987358,0.00010377183961768277,1,1,0.025956482
r3_control_nofuture,17,3,-0.025029998,-0.01647781,-0.012489482,-0.009884101,-0.007855828,-0.0061255493,-0.004552578,-0.003136043,-0.0017723837,-0.0005055703,0.0008200541,0.002161584,0.0035108654,0.0048242942,0.0063518444,0.007997325,0.009835621,0.011995725,0.014505674,0.018481573,0.026147116,0.0008200541,2024-05-07,2024-05-02,0.0001591035319077,0.0006609505586741343,0.0006609505586741343,4.368556410116502e-07,1,1,0.026995156
r3_control_nofuture,17,4,-0.025072724,-0.016551252,-0.012647067,-0.010084856,-0.008077088,-0.0063799787,-0.0047965967,-0.0033694704,-0.0019658701,-0.00064048625,0.0007360711,0.0021324197,0.0035071562,0.004864595,0.0063846414,0.008035224,0.009898729,0.012054937,0.014570866,0.018573686,0.02629006,0.0007360711,2024-05-08,2024-05-02,-0.0005907326853162,0.0013268037732018481,0.0013268037732018481,1.7604082525826612e-06,0,1,0.027217932
r3_control_nofuture,17,5,-0.02500415,-0.016525071,-0.012523107,-0.009950004,-0.007946514,-0.006242754,-0.004707299,-0.003293754,-0.0018955239,-0.00057979824,0.00079411454,0.0021808045,0.0035733553,0.004898374,0.006427663,0.00807682,0.009918783,0.012089402,0.014647115,0.018657645,0.026535142,0.00079411454,2024-05-09,2024-05-02,0.0021790466308748,-0.0013849320858871214,0.0013849320858871214,1.918036882519653e-06,1,1,0.027170222
r3_control_nofuture,18,1,-0.02165267,-0.014025651,-0.010339372,-0.007941396,-0.006054683,-0.004465641,-0.003066361,-0.0017868106,-0.0005462595,0.0005726536,0.0017244932,0.0028946197,0.0040595303,0.0051783947,0.0064777075,0.00786659,0.00943393,0.011275244,0.013474568,0.01698998,0.023862528,0.0017244932,2024-05-10,2024-05-09,0.0023555673614074,-0.0006310741372336157,0.0006310741372336157,3.9825456668515235e-07,1,1,0.02381394
r3_control_nofuture,18,2,-0.022343066,-0.01468615,-0.011009167,-0.00862538,-0.0067418795,-0.0051623373,-0.0037324952,-0.0024589703,-0.0011984345,-6.248825e-05,0.0011167873,0.0023097945,0.0035083313,0.0046714474,0.0060240757,0.007472426,0.00911814,0.0110591175,0.013310071,0.01694794,0.023810608,0.0011167873,2024-05-13,2024-05-09,0.0023046522064865,-0.001187864890208877,0.001187864890208877,1.4110229973909472e-06,1,1,0.024319239
r3_control_nofuture,18,3,-0.022882326,-0.015219336,-0.011475429,-0.009018563,-0.00709427,-0.0054594753,-0.0039797034,-0.00265634,-0.0013935128,-0.0002322417,0.0009750978,0.0021810525,0.0033925963,0.0045641134,0.005918616,0.007384539,0.009030829,0.010995076,0.013307996,0.017045137,0.02424938,0.0009750978,2024-05-14,2024-05-09,0.0064115164177649,-0.005436418597136465,0.005436418597136465,2.9554647163291213e-05,1,1,0.024783425
r3_control_nofuture,18,4,-0.02254083,-0.014973309,-0.011323839,-0.008918081,-0.0070190756,-0.005420763,-0.0039359475,-0.0026226302,-0.0013470135,-0.00016161636,0.0010544768,0.002280497,0.0034850878,0.004687667,0.006029164,0.007492982,0.0091544455,0.0110933995,0.013371477,0.017062997,0.024057873,0.0010544768,2024-05-15,2024-05-09,0.0155095059537017,-0.014455029123524692,0.014455029123524692,0.00020894786696194702,1,0,0.024695316
r3_control_nofuture,18,5,-0.022285355,-0.01480438,-0.011122319,-0.008733692,-0.006853293,-0.0052559697,-0.0038201252,-0.002514434,-0.001239754,-5.4120494e-05,0.0011634197,0.0023847555,0.0035998425,0.004770258,0.0061233104,0.007590295,0.009247468,0.011213108,0.013552496,0.017268015,0.024402814,0.0011634197,2024-05-16,2024-05-09,-0.0020333278090901,0.003196747494416617,0.003196747494416617,1.0219194543058917e-05,0,1,0.024674814
r3_control_nofuture,19,1,-0.021185985,-0.01399246,-0.010522497,-0.008292842,-0.006563049,-0.00511696,-0.0038634327,-0.0027242238,-0.0016211772,-0.0006280537,0.00039683425,0.0014413879,0.0024972083,0.0035125436,0.004700253,0.0059860814,0.007442682,0.009172012,0.0112529,0.014651749,0.021313187,0.00039683425,2024-05-17,2024-05-16,-0.0004870146444328,0.0008838488942738493,0.0008838488942738493,7.81188867909106e-07,0,1,0.021775397
r3_control_nofuture,19,2,-0.021453105,-0.013940465,-0.010374785,-0.00808671,-0.006302067,-0.0048171123,-0.0034895183,-0.0023136358,-0.001162459,-0.00013505685,0.00093334983,0.0020117564,0.0030965349,0.0041493983,0.0053757364,0.006681407,0.008170545,0.009935485,0.0120113725,0.015390415,0.021841181,0.00093334983,2024-05-20,2024-05-16,0.0069484749223746,-0.006015125091344827,0.006015125091344827,3.6181729864526114e-05,1,1,0.022386158
r3_control_nofuture,19,3,-0.021936677,-0.014299286,-0.010635054,-0.00828477,-0.0064671356,-0.0049290545,-0.003548146,-0.0023208177,-0.0011576832,-9.603152e-05,0.0010092738,0.0021099327,0.0032172995,0.004283414,0.0055223927,0.006866715,0.008386263,0.010210466,0.012377463,0.015861278,0.022604207,0.0010092738,2024-05-21,2024-05-16,0.0019545843605798,-0.0009453105521302933,0.0009453105521302933,8.9361203996888e-07,1,1,0.023012517
r3_control_nofuture,19,4,-0.021629455,-0.01411855,-0.0105564715,-0.008249811,-0.0064458046,-0.0049406523,-0.003544015,-0.0023120923,-0.0011257284,-2.3036846e-05,0.0011077314,0.0022454388,0.0033625863,0.0044732587,0.005716645,0.0070772907,0.008635826,0.010474048,0.012635346,0.016135529,0.022773635,0.0011077314,2024-05-22,2024-05-16,-0.0001974148019734,0.0013051461703661059,0.0013051461703661059,1.7034065260213122e-06,0,1,0.023191817
r3_control_nofuture,19,5,-0.021185458,-0.013720618,-0.010086537,-0.007767915,-0.005954924,-0.0044200253,-0.0030445305,-0.0017988756,-0.0005941726,0.00052159606,0.0016623796,0.0028002393,0.0039263186,0.005004364,0.006257375,0.007622894,0.009177128,0.011029734,0.013238565,0.016751986,0.023561632,0.0016623796,2024-05-23,2024-05-16,-0.0045086411694564,0.00617102076583878,0.00617102076583878,3.808149729241344e-05,0,1,0.023325102
r3_control_nofuture,20,1,-0.019628823,-0.012548016,-0.0092206495,-0.007104482,-0.00546277,-0.004094623,-0.0028922644,-0.0018090273,-0.00076151505,0.00018401165,0.001148188,0.0021292502,0.0031129427,0.0040665073,0.0051747225,0.00637539,0.007726439,0.009320138,0.011240714,0.014416364,0.020907054,0.001148188,2024-05-24,2024-05-23,0.0094119212395924,-0.008263733218558398,0.008263733218558398,6.828928670750554e-05,1,1,0.020461364
r3_control_nofuture,20,2,-0.019726267,-0.012575796,-0.00924171,-0.00711857,-0.005470823,-0.004103514,-0.0028793537,-0.0018103828,-0.00076077896,0.00017497048,0.0011293638,0.002099559,0.0030668427,0.004006759,0.0051109414,0.006306629,0.0076642935,0.00927346,0.0111733945,0.014316185,0.020516489,0.0011293638,2024-05-28,2024-05-23,0.0037706365135123,-0.002641272733602391,0.002641272733602391,6.976321653271448e-06,1,1,0.020415105
r3_control_nofuture,20,3,-0.019708825,-0.012579613,-0.009182814,-0.007002437,-0.005319039,-0.0039163963,-0.0026737077,-0.0015880838,-0.0005690783,0.00035306212,0.0013003363,0.0022561643,0.0032170203,0.0041501145,0.0052463436,0.0064609274,0.0078251995,0.0094549265,0.011379293,0.014520351,0.020784743,0.0013003363,2024-05-29,2024-05-23,-0.0070733574482396,0.008373693775643384,0.008373693775643384,7.011874744824876e-05,0,1,0.020562107
r3_control_nofuture,20,4,-0.019556686,-0.012418467,-0.009027136,-0.006863224,-0.005188463,-0.0038133636,-0.002559714,-0.0014772955,-0.00045066763,0.00048058448,0.001427689,0.0023824675,0.0033268465,0.004257132,0.0053072716,0.006476904,0.007805801,0.009370774,0.01123505,0.014323595,0.020525359,0.001427689,2024-05-30,2024-05-23,-0.0107711564625525,0.012198845447684181,0.012198845447684181,0.00014881183025648506,0,0,0.020262185
r3_control_nofuture,20,5,-0.019405859,-0.01243085,-0.009094492,-0.006991127,-0.005367052,-0.004010222,-0.002801065,-0.0017287736,-0.00069387705,0.00025149318,0.0012161543,0.0021782133,0.003139942,0.0040602325,0.005139281,0.00633782,0.007684414,0.009301228,0.011262518,0.014473553,0.020930262,0.0012161543,2024-05-31,2024-05-23,-0.0018619076874313,0.003078062000146234,0.003078062000146234,9.474465676744235e-06,0,1,0.020357009
r3_control_nofuture,21,1,-0.01751066,-0.010338786,-0.007075651,-0.0050258813,-0.0034616832,-0.0021673045,-0.0010609094,-5.3234282e-05,0.0009083953,0.0017762356,0.0026662229,0.0035720565,0.0044687646,0.0053201835,0.0063136863,0.0073819044,0.008599372,0.010059507,0.011846723,0.014784811,0.02078471,0.0026662229,2024-06-03,2024-05-31,0.0053548725513676,-0.0026886496884682967,0.0026886496884682967,7.228837147300669e-06,1,1,0.018922374
r3_control_nofuture,21,2,-0.020286698,-0.012871785,-0.009613872,-0.0075778565,-0.0060059386,-0.004702455,-0.003530392,-0.0024871738,-0.0014563529,-0.0005207775,0.00045781818,0.0014413956,0.0024214636,0.0033823806,0.004513243,0.0057363505,0.007158379,0.008875745,0.010914755,0.014248921,0.020559864,0.00045781818,2024-06-04,2024-05-31,0.0027327972037918,-0.0022749790204423547,0.0022749790204423547,5.175529543452856e-06,1,1,0.020528626
r3_control_nofuture,21,3,-0.020503413,-0.012973604,-0.009564014,-0.0074068806,-0.0057528843,-0.004356326,-0.003098678,-0.0019686425,-0.0008869506,0.00011657487,0.0011725598,0.0022256153,0.0032715774,0.004269725,0.005428779,0.006685194,0.008107082,0.009812583,0.011865944,0.015207492,0.02174468,0.0011725598,2024-06-05,2024-05-31,0.0199593069872059,-0.018786747185716785,0.018786747185716785,0.00035294186982003756,1,0,0.021429958
r3_control_nofuture,21,4,-0.020751957,-0.01304369,-0.009520928,-0.007260891,-0.00551311,-0.0040654805,-0.002732977,-0.0015491555,-0.00040589966,0.0006681638,0.0017855605,0.0029023457,0.0039962633,0.0050746924,0.0062804376,0.007598342,0.009100079,0.010867656,0.012956326,0.01633362,0.022838052,0.0017855605,2024-06-06,2024-05-31,-0.0003452879114659,0.0021308484225185083,0.0021308484225185083,4.5405149997496155e-06,0,1,0.022477254
r3_control_nofuture,21,5,-0.020545036,-0.0129742315,-0.009431473,-0.007180298,-0.0054286052,-0.0039441343,-0.002614687,-0.001392293,-0.00019244239,0.00093745894,0.0021037827,0.0032742987,0.004419923,0.005504587,0.0067451335,0.008088918,0.009605889,0.011403298,0.0135453455,0.016967969,0.023658607,0.0021037827,2024-06-07,2024-05-31,-0.0008851905684832,0.0029889732930723093,0.0029889732930723093,8.933961346699524e-06,0,1,0.02297682
r3_control_nofuture,22,1,-0.018308772,-0.011537634,-0.008261636,-0.00615063,-0.0044928584,-0.0031188256,-0.0019288507,-0.0008531307,0.0001817359,0.0010981158,0.0020376125,0.0029833284,0.003922247,0.004821487,0.005873506,0.006998257,0.008265171,0.009766072,0.011580545,0.014535677,0.02047272,0.0020376125,2024-06-10,2024-06-07,0.0040310251949269,-0.0019934127064335765,0.0019934127064335765,3.973694218170836e-06,1,1,0.019842181
r3_control_nofuture,22,2,-0.01891581,-0.012033308,-0.00873337,-0.0065977485,-0.0049115587,-0.003514978,-0.0022641625,-0.0011626877,-7.495715e-05,0.00089069165,0.0018932763,0.0028914204,0.0038896855,0.00484937,0.005958829,0.00714293,0.008477925,0.010057119,0.011891199,0.014901237,0.02083016,0.0018932763,2024-06-11,2024-06-07,0.0068392896749828,-0.00494601332627274,0.00494601332627274,2.446304782366753e-05,1,1,0.02062457
r3_control_nofuture,22,3,-0.019103471,-0.012223878,-0.008889074,-0.0067136595,-0.005014059,-0.003591476,-0.002322103,-0.0012025988,-0.00014630076,0.00081015826,0.0018009114,0.0027845497,0.0037720734,0.0047265724,0.0058283815,0.0070318063,0.008376367,0.0099827545,0.011878959,0.014955216,0.021051725,0.0018009114,2024-06-12,2024-06-07,0.0130127183814316,-0.011211806996796926,0.011211806996796926,0.0001257046161334245,1,0,0.020768033
r3_control_nofuture,22,4,-0.019583758,-0.012641548,-0.009237715,-0.0070061763,-0.0052700723,-0.0038424195,-0.0025385995,-0.0014070842,-0.0003306663,0.0006540996,0.0016599701,0.0026687193,0.003656397,0.0046442887,0.005749163,0.006960879,0.008339326,0.009953975,0.011856186,0.014985311,0.021123953,0.0016599701,2024-06-13,2024-06-07,0.0054055571014231,-0.0037455869529565726,0.0037455869529565726,1.4029421622158502e-05,1,1,0.021093901
r3_control_nofuture,22,5,-0.019653853,-0.0128154075,-0.009420769,-0.0072240955,-0.0055057923,-0.004069416,-0.0027950346,-0.0016484103,-0.0005449711,0.00047496578,0.0015198523,0.0025649476,0.003598229,0.004591583,0.0057425206,0.007003044,0.008446696,0.010170389,0.012254078,0.015608976,0.022181895,0.0015198523,2024-06-14,2024-06-07,0.0051678075157375,-0.003647955197867837,0.003647955197867837,1.3307577125650971e-05,1,1,0.021674847
r3_control_nofuture,23,1,-0.017801335,-0.010775102,-0.00750476,-0.0054810434,-0.0039302805,-0.002659512,-0.0015780875,-0.0006063337,0.000338007,0.0011699742,0.0020304786,0.0029045774,0.003756542,0.0045598475,0.005495586,0.0064950227,0.0076259705,0.008972218,0.010611504,0.013355313,0.018768376,0.0020304786,2024-06-17,2024-06-14,0.0121755571934956,-0.010145078635923831,0.010145078635923831,0.00010292262052907814,1,0,0.018116264
r3_control_nofuture,23,2,-0.016042292,-0.0089347735,-0.005612915,-0.0035058921,-0.0018767442,-0.0005416641,0.00063402485,0.0016598803,0.0026601683,0.0035427331,0.0044600666,0.0053681717,0.006275649,0.0071426807,0.008143619,0.009216715,0.010423673,0.011868957,0.013580117,0.016444981,0.022062583,0.0044600666,2024-06-18,2024-06-14,0.0003090351354374,0.004151031421493142,0.004151031421493142,1.7231061862223374e-05,1,1,0.019193033
r3_control_nofuture,23,3,-0.020990474,-0.0135016255,-0.009978844,-0.0077358517,-0.0060264613,-0.0045986096,-0.0033244132,-0.0021963846,-0.001129542,-0.00014948274,0.00088343816,0.0018943882,0.0028989955,0.0038656322,0.004966928,0.0061492915,0.0074764923,0.009056982,0.010951886,0.014075251,0.020038864,0.00088343816,2024-06-20,2024-06-14,-0.0077377387138488,0.008621176872629137,0.008621176872629137,7.432469066915551e-05,0,1,0.02093073
r3_control_nofuture,23,4,-0.018878467,-0.011115966,-0.0073381024,-0.0048818523,-0.0030199508,-0.0015084918,-0.00014082273,0.0010208595,0.0021057148,0.0030978024,0.0041179806,0.0051363865,0.0061236224,0.007104836,0.008175637,0.009341549,0.010668412,0.012236843,0.014084378,0.017149506,0.023190778,0.0041179806,2024-06-21,2024-06-14,-0.0026829141811473,0.006800894780550681,0.006800894780550681,4.62521698161215e-05,0,1,0.021422481
r3_control_nofuture,23,5,-0.019489802,-0.012297573,-0.00881361,-0.006586546,-0.0048585003,-0.0034068967,-0.0021199249,-0.00094931386,0.00017910718,0.0012268077,0.0022991747,0.003359748,0.0043959934,0.005377019,0.0065103997,0.0077254046,0.009120518,0.01077719,0.012781819,0.0160433,0.02233287,0.0022991747,2024-06-24,2024-06-14,-0.0114499662770023,0.013749140943407024,0.013749140943407024,0.0001890388766816714,0,0,0.02159543
r3_control_nofuture,24,1,-0.016858516,-0.010471698,-0.0073894067,-0.00540955,-0.003861573,-0.0025720415,-0.0014420227,-0.0004128334,0.00058715616,0.0014824594,0.002410793,0.0033467095,0.0042665442,0.005145379,0.0061653852,0.0072535253,0.008482687,0.00994404,0.01170881,0.014588699,0.020423146,0.002410793,2024-06-25,2024-06-24,0.0113707171419311,-0.008959924163450641,0.008959924163450641,8.028024101478667e-05,1,1,0.019098217
r3_control_nofuture,24,2,-0.017101012,-0.010656104,-0.0075506754,-0.0055304286,-0.00394311,-0.002624378,-0.001435154,-0.0003813015,0.0006651236,0.0016052043,0.0025840402,0.0035576937,0.004528389,0.005455194,0.0065214946,0.007658062,0.00893714,0.010440994,0.012197971,0.015093332,0.020927764,0.0025840402,2024-06-26,2024-06-24,0.002062997015441,0.0005210431495065097,0.0005210431495065097,2.71485963647663e-07,1,1,0.019748647
r3_control_nofuture,24,3,-0.01783457,-0.011423936,-0.008358081,-0.006361903,-0.0047938596,-0.0034603844,-0.0022485107,-0.0011572674,-0.000107530504,0.00086034706,0.0018825103,0.0029053143,0.003924756,0.004899917,0.0060263737,0.0072479434,0.008623988,0.0102684945,0.012223927,0.015361968,0.021580162,0.0018825103,2024-06-27,2024-06-24,0.0025780422021512,-0.0006955319424036947,0.0006955319424036947,4.837646829038565e-07,1,1,0.02058201
r3_control_nofuture,24,4,-0.01856781,-0.012058712,-0.00894648,-0.0069006463,-0.005299813,-0.003964645,-0.0027208286,-0.0016226609,-0.0005550571,0.00045495268,0.0015076597,0.002573294,0.0036147395,0.004646274,0.0057795323,0.0070068487,0.008399975,0.010035377,0.0119579425,0.015083885,0.02121155,0.0015076597,2024-06-28,2024-06-24,-0.0052043907849335,0.006712050460486941,0.006712050460486941,4.5051621384122955e-05,0,1,0.020904422
r3_control_nofuture,24,5,-0.018203726,-0.011963438,-0.008903971,-0.0069127334,-0.005350719,-0.0040261284,-0.0028421432,-0.0017626703,-0.00070698746,0.00027942535,0.0013023283,0.0023310164,0.0033479594,0.0043296153,0.005463933,0.0066902633,0.008077397,0.009729381,0.011701848,0.014874576,0.021178065,0.0013023283,2024-07-01,2024-06-24,0.005847944174195,-0.004545615864219436,0.004545615864219436,2.0662623585043408e-05,1,1,0.02060582
r3_control_nofuture,25,1,-0.017746793,-0.011158857,-0.008128653,-0.006210151,-0.0047204234,-0.003491306,-0.002434366,-0.0014794595,-0.0005599321,0.000265682,0.001110379,0.0019761627,0.0028432815,0.0036781398,0.0046624937,0.005735756,0.006962982,0.008446737,0.010261664,0.013294024,0.019212972,0.001110379,2024-07-02,2024-07-01,0.0104448486921998,-0.009334469690142785,0.009334469690142785,8.713232439619433e-05,1,0,0.018390317
r3_control_nofuture,25,2,-0.018135564,-0.011386027,-0.008281539,-0.0062904563,-0.0047253584,-0.0034310461,-0.0022721444,-0.0012523301,-0.00024434493,0.00065210485,0.0015824963,0.0025129905,0.0034422358,0.0043444205,0.005395662,0.0065189824,0.007815514,0.009373767,0.011218911,0.014288162,0.020255273,0.0015824963,2024-07-03,2024-07-01,0.0083025148628878,-0.006720018529020488,0.006720018529020488,4.5158649030378687e-05,1,1,0.01950045
r3_control_nofuture,25,3,-0.01881694,-0.0118073765,-0.008603378,-0.0065602046,-0.0049805986,-0.003657344,-0.0024752854,-0.0014274395,-0.0004323891,0.0004828432,0.0014383061,0.0023901854,0.0033408252,0.0042584287,0.005315614,0.0064647337,0.0077684997,0.009344866,0.011241938,0.014385501,0.020520704,0.0014383061,2024-07-05,2024-07-01,0.0103729930589949,-0.008934686996512602,0.008934686996512602,7.982863172565139e-05,1,1,0.019845316
r3_control_nofuture,25,4,-0.019049823,-0.012014301,-0.008741491,-0.0066284398,-0.004991605,-0.0036486795,-0.002421463,-0.001354852,-0.00033472257,0.00060662837,0.00156944,0.0025401916,0.0034911386,0.004447386,0.0055206064,0.0067064045,0.008071728,0.009703863,0.011648689,0.014872541,0.021021156,0.00156944,2024-07-08,2024-07-01,0.0023753208108132,-0.000805880804534745,0.000805880804534745,6.494438711175678e-07,1,1,0.020390179
r3_control_nofuture,25,5,-0.0187926,-0.0119858775,-0.008729759,-0.006645779,-0.0050274236,-0.0036794136,-0.0024860068,-0.0014164306,-0.00038743275,0.0005646111,0.0015410351,0.0025205202,0.0035003345,0.0044466346,0.0055552106,0.006774109,0.008183987,0.009894127,0.011978257,0.01537453,0.021911362,0.0015410351,2024-07-09,2024-07-01,0.0008642258651357,0.0006768092682782705,0.0006768092682782705,4.580707856273679e-07,1,1,0.020708017
r3_control_nofuture,26,1,-0.016685333,-0.01024961,-0.0072511667,-0.005348821,-0.0038629847,-0.0026317916,-0.0015661472,-0.0006052812,0.0003197365,0.0011410243,0.001983233,0.0028341415,0.0036824578,0.004507269,0.005471781,0.006516044,0.007693475,0.009092532,0.010780957,0.013526975,0.019101856,0.001983233,2024-07-10,2024-07-09,0.0103725280723069,-0.008389295043284088,0.008389295043284088,7.038027132327097e-05,1,1,0.018032122
r3_control_nofuture,26,2,-0.0170263,-0.01054994,-0.007531571,-0.0056055477,-0.0040938305,-0.0028427264,-0.0017224792,-0.00073965744,0.00023573718,0.0010970646,0.0019918494,0.0028882287,0.0037843913,0.0046505374,0.0056566177,0.0067378813,0.00796137,0.0094122095,0.0110981725,0.013872555,0.019455377,0.0019918494,2024-07-11,2024-07-09,-0.0221741563573891,0.024166005750041613,0.024166005750041613,0.0005839958339110443,0,0,0.018629745
r3_control_nofuture,26,3,-0.017419584,-0.010895138,-0.007820369,-0.005836902,-0.0042998902,-0.0030177848,-0.0018813158,-0.000885932,5.2928575e-05,0.00090456527,0.0017902844,0.0026723915,0.0035588357,0.0044230665,0.005428008,0.006531937,0.007775138,0.00926862,0.011035343,0.013898428,0.019638877,0.0017902844,2024-07-12,2024-07-09,0.0058576497713022,-0.004067365359320499,0.004067365359320499,1.654346096620037e-05,1,1,0.018855711
r3_control_nofuture,26,4,-0.01755613,-0.010975631,-0.00784358,-0.0058135623,-0.0042536473,-0.0029820122,-0.0018265706,-0.00083450635,0.00010660605,0.00096406427,0.0018404763,0.0027221723,0.003586199,0.0044584223,0.0054345857,0.00651584,0.007747301,0.009202722,0.010913892,0.0137149785,0.019293813,0.0018404763,2024-07-15,2024-07-09,0.0026841077380502,-0.0008436314421394245,0.0008436314421394245,7.117140101662453e-07,1,1,0.018757472
r3_control_nofuture,26,5,-0.01739644,-0.01097295,-0.007861095,-0.005870018,-0.0043348093,-0.0030597488,-0.001937099,-0.0009371147,2.0626583e-05,0.0009030616,0.001803899,0.0027035652,0.0035954944,0.0044568116,0.005460373,0.006562614,0.007821321,0.009331396,0.011149229,0.014046495,0.019860618,0.001803899,2024-07-16,2024-07-09,0.0003829186513691,0.0014209802996696182,0.0014209802996696182,2.019185012049158e-06,1,1,0.019010324
r3_control_nofuture,27,1,-0.017342351,-0.010626823,-0.007533099,-0.005592895,-0.004096663,-0.0028590648,-0.0017874059,-0.0008250342,9.7712735e-05,0.00092914863,0.001774977,0.002633722,0.0034947854,0.004325448,0.0053073517,0.0063697146,0.007587186,0.009048197,0.010832397,0.013792872,0.019737644,0.001774977,2024-07-17,2024-07-16,-0.029794370584094,0.031569347545408674,0.031569347545408674,0.0009966237044428006,0,0,0.018365497
r3_control_nofuture,27,2,-0.017070198,-0.010469671,-0.0074099884,-0.00545973,-0.003935829,-0.0026749505,-0.0015415491,-0.0005464144,0.0004318697,0.0013054397,0.0022045241,0.0030978406,0.0039963983,0.0048694746,0.0058858288,0.006980544,0.008226656,0.009713821,0.01147474,0.014437066,0.02040665,0.0022045241,2024-07-18,2024-07-16,-0.004743676701299,0.00694820082161491,0.00694820082161491,4.8277494657490105e-05,0,1,0.018884728
r3_control_nofuture,27,3,-0.018250024,-0.011319177,-0.008118432,-0.0060795513,-0.0045168074,-0.0032173614,-0.002062731,-0.0010467975,-7.9706544e-05,0.0008084938,0.00173292,0.0026516893,0.0035841076,0.004483739,0.0055370065,0.0066997316,0.008026261,0.009630321,0.011556026,0.014739174,0.02102494,0.00173292,2024-07-19,2024-07-16,-0.0089031217281975,0.010636041675441727,0.010636041675441727,0.00011312538252173327,0,0,0.019674458
r3_control_nofuture,27,4,-0.019047184,-0.011758467,-0.008365095,-0.0061826096,-0.004519139,-0.0031715492,-0.001952088,-0.00090074097,0.00010057108,0.0010237242,0.0019754386,0.0029353406,0.0038873835,0.004832682,0.0058934935,0.0070677893,0.008412252,0.010015769,0.011911785,0.015045337,0.021193072,0.0019754386,2024-07-22,2024-07-16,0.0147878761272966,-0.012812437569731388,0.012812437569731388,0.00016415855647826437,1,0,0.02027688
r3_control_nofuture,27,5,-0.0187354,-0.011776898,-0.008481028,-0.0063924002,-0.0047913846,-0.003463355,-0.0022917828,-0.0012460691,-0.00023663417,0.0006976997,0.0016542556,0.0026132786,0.0035705771,0.0044987346,0.005584946,0.0067827026,0.008149385,0.009791909,0.011781594,0.015017388,0.021387536,0.0016542556,2024-07-23,2024-07-16,-0.0035310198962501,0.005185275449398787,0.005185275449398787,2.6887081486137792e-05,0,1,0.020262621
r3_control_nofuture,28,1,-0.020615496,-0.013771591,-0.010444902,-0.008266509,-0.006555859,-0.005136414,-0.003912716,-0.002802344,-0.0017354639,-0.00077323767,0.00021209742,0.0012113894,0.0022173035,0.0031872028,0.004332736,0.005582013,0.007013491,0.008742335,0.010857512,0.014371287,0.021251183,0.00021209742,2024-07-24,2024-07-23,-0.0365294029938423,0.03674150041792476,0.03674150041792476,0.0013499378529603654,0,0,0.021302413
r3_control_nofuture,28,2,-0.020619525,-0.013525784,-0.010136332,-0.007923214,-0.0061885198,-0.0047443924,-0.0034535509,-0.002309157,-0.001187964,-0.00017919566,0.0008703918,0.0019286566,0.002990175,0.004018649,0.005219409,0.006506544,0.008000307,0.009779017,0.011891594,0.015361372,0.021936793,0.0008703918,2024-07-25,2024-07-23,-0.0110889450329933,0.011959336817694797,0.011959336817694797,0.0001430257371190703,0,0,0.022027927
r3_control_nofuture,28,3,-0.020746168,-0.0133358715,-0.009810967,-0.007527,-0.0057477877,-0.004253989,-0.002918635,-0.0017294072,-0.0006024529,0.00043576164,0.0015247093,0.0026176104,0.0037202477,0.004779033,0.0060150344,0.007368326,0.00891618,0.010766091,0.012974605,0.016516294,0.023345293,0.0015247093,2024-07-26,2024-07-23,0.0102037800890201,-0.008679070807508495,0.008679070807508495,7.532627008174616e-05,1,1,0.022785572
r3_control_nofuture,28,4,-0.021325117,-0.013755819,-0.010120196,-0.0077633825,-0.0059592337,-0.004482514,-0.003136288,-0.001963107,-0.0008318814,0.00023214729,0.0013371467,0.0024611712,0.0035673194,0.0046608946,0.005874902,0.007195507,0.008716503,0.010510366,0.012636573,0.016130418,0.022843067,0.0013371467,2024-07-29,2024-07-23,0.0020067570237607,-0.0006696102880105613,0.0006696102880105613,4.4837793780958687e-07,1,1,0.02275677
r3_control_nofuture,28,5,-0.020362483,-0.013256554,-0.009755644,-0.0075199907,-0.0057953554,-0.0043661515,-0.0031098956,-0.0019777142,-0.0008845194,0.00013526157,0.001186315,0.0022357493,0.0032799267,0.004286399,0.005465041,0.006751805,0.008223879,0.0099995425,0.012164518,0.01571389,0.022608338,0.001186315,2024-07-30,2024-07-23,-0.0138266339117445,0.015012948881999399,0.015012948881999399,0.000225388634133527,0,0,0.021920163
r3_control_nofuture,29,1,-0.027049556,-0.017969122,-0.01362088,-0.010835336,-0.008683716,-0.0069169863,-0.0053967237,-0.0040482557,-0.0027650408,-0.0016114571,-0.00044894533,0.0007237589,0.0019187622,0.0030921064,0.004486559,0.006017202,0.0077845477,0.009928886,0.01257377,0.01711058,0.026350474,-0.00044894533,2024-07-31,2024-07-30,0.0291643139836853,-0.029613259311347232,0.029613259311347232,0.0008769451270410935,0,0,0.02619465
r3_control_nofuture,29,2,-0.026165329,-0.016817639,-0.012393354,-0.009567377,-0.0073770178,-0.00557608,-0.0039761732,-0.0025749383,-0.0012137193,5.1019015e-06,0.0012485251,0.0024974286,0.0037687924,0.005006039,0.006448686,0.008011299,0.009799964,0.011936508,0.014482642,0.018839758,0.027751794,0.0012485251,2024-08-01,2024-07-30,-0.0245196482808217,0.025768173387169798,0.025768173387169798,0.0006639987597112458,0,0,0.026875995
r3_control_nofuture,29,3,-0.026826221,-0.017275615,-0.012788915,-0.009937791,-0.0077615897,-0.005959783,-0.004368319,-0.0029714303,-0.001654033,-0.00044992275,0.0007817555,0.0020069971,0.0032532336,0.0044746203,0.005901077,0.007477883,0.009277652,0.011468984,0.014121569,0.01864681,0.027910022,0.0007817555,2024-08-02,2024-07-30,-0.0240211757316096,0.024802931218578506,0.024802931218578506,0.0006151853970335362,0,0,0.026910484
r3_control_nofuture,29,4,-0.027042584,-0.017525109,-0.013045028,-0.01017985,-0.007982372,-0.006199934,-0.0045849225,-0.0031857612,-0.0018430521,-0.0006152396,0.0006411419,0.0019101822,0.0031828638,0.004446431,0.005883958,0.0074700615,0.009296379,0.011480601,0.01410443,0.01860742,0.027681297,0.0006411419,2024-08-05,2024-07-30,-0.0302695887937359,0.03091073069545994,0.03091073069545994,0.0009554732721272494,0,0,0.027149457
r3_control_nofuture,29,5,-0.02654262,-0.017243924,-0.012786581,-0.009962631,-0.0078118504,-0.0060510123,-0.0045046117,-0.003141311,-0.0018366153,-0.0006462431,0.000560028,0.0017703928,0.003001261,0.00420334,0.005626037,0.007198559,0.009010965,0.0112039475,0.013897411,0.018431554,0.027587391,0.000560028,2024-08-06,2024-07-30,0.009509719941637,-0.008949691928795061,0.008949691928795061,8.009698562033945e-05,1,1,0.026683992
r3_control_nofuture,30,1,-0.041877445,-0.019849775,-0.010803624,-0.005605812,-0.0018968915,0.001144209,0.003822511,0.0063444646,0.008795984,0.011127999,0.013586089,0.016094565,0.018700242,0.021364925,0.02464317,0.028338872,0.03285912,0.038255412,0.04498201,0.05505295,0.072492905,0.013586089,2024-08-07,2024-08-06,-0.010888897153498,0.02447498616850502,0.02447498616850502,0.000599024947948512,0,0,0.055785634
r3_control_nofuture,30,2,-0.053541012,-0.032581072,-0.02293488,-0.01698488,-0.0125944065,-0.009076523,-0.006026281,-0.0033672412,-0.00081060175,0.0014954195,0.0038767057,0.006342279,0.008940015,0.011578127,0.01477385,0.018387958,0.02268114,0.027754826,0.033544566,0.043142952,0.05982984,0.0038767057,2024-08-08,2024-08-06,0.0301323640255076,-0.026255658371542128,0.026255658371542128,0.0006893595965231302,1,1,0.056479447
r3_control_nofuture,30,3,-0.056529686,-0.035510242,-0.025733745,-0.01966687,-0.015178105,-0.011544455,-0.008338577,-0.0055812886,-0.0030102062,-0.0006542043,0.0017684425,0.004213134,0.00674743,0.009297516,0.012369836,0.015860066,0.019938521,0.024831494,0.03052463,0.040084433,0.056269024,0.0017684425,2024-08-09,2024-08-06,0.0052087864695436,-0.0034403440166583896,0.0034403440166583896,1.1835966952957182e-05,1,1,0.056258373
r3_control_nofuture,30,4,-0.05516427,-0.035135318,-0.026153082,-0.020384734,-0.015943779,-0.012304133,-0.0090714125,-0.0062641883,-0.0036127174,-0.0011953053,0.0012423848,0.0036742042,0.00617911,0.008747513,0.011821778,0.0153503,0.019563062,0.024644481,0.030689407,0.040921602,0.05843,0.0012423848,2024-08-12,2024-08-06,0.0021512723179761,-0.0009088875377777643,0.0009088875377777643,8.26076556327727e-07,1,1,0.05684249
r3_control_nofuture,30,5,-0.054189205,-0.033639856,-0.024111504,-0.018258628,-0.01379463,-0.010161502,-0.007000942,-0.004204642,-0.0015336392,0.00089651434,0.0033569024,0.005858795,0.008464042,0.011067083,0.014193448,0.017724132,0.021889111,0.026849626,0.032797705,0.042529155,0.060600802,0.0033569024,2024-08-13,2024-08-06,0.0245098471011494,-0.02115294470670565,0.02115294470670565,0.00044744706976494655,1,1,0.05690921
r3_control_nofuture,31,1,-0.041482072,-0.025263803,-0.018216642,-0.01381984,-0.010499194,-0.007778677,-0.0054423115,-0.0033761824,-0.0014249864,0.00034100472,0.0021391935,0.0039702184,0.005846931,0.007722817,0.009957103,0.012429051,0.015330024,0.018818406,0.023111673,0.030255154,0.04532565,0.0021391935,2024-08-14,2024-08-13,0.0003244697833657,0.0018147236881554392,0.0018147236881554392,3.2932220643524797e-06,1,1,0.041328315
r3_control_nofuture,31,2,-0.042793922,-0.026847152,-0.020004444,-0.015734162,-0.012442032,-0.009743421,-0.007348451,-0.005262989,-0.0032678626,-0.0014887182,0.00030820133,0.0021198192,0.003990608,0.0058635124,0.00808897,0.010569017,0.0134926755,0.01703145,0.021261036,0.028469445,0.042955317,0.00030820133,2024-08-15,2024-08-13,0.0249491187089989,-0.02464091738084611,0.02464091738084611,0.0006071748093696839,1,0,0.04126548
r3_control_nofuture,31,3,-0.044017486,-0.02777053,-0.02070017,-0.01622264,-0.012835093,-0.010051833,-0.007602322,-0.0054795244,-0.0034907798,-0.0016874387,0.00012453954,0.0019324608,0.003818772,0.005719547,0.0079802135,0.010526091,0.013470851,0.017030206,0.021268478,0.028469501,0.043046657,0.00012453954,2024-08-16,2024-08-13,0.0012850176666923,-0.0011604781270086898,0.0011604781270086898,1.3467094832655967e-06,1,1,0.041968647
r3_control_nofuture,31,4,-0.042744223,-0.026923897,-0.020177662,-0.015863987,-0.012528671,-0.009808157,-0.0073723225,-0.0052414536,-0.0032024842,-0.0013569642,0.00050098717,0.002351776,0.0042359247,0.0061359615,0.008355086,0.010843282,0.013756309,0.017214248,0.021360418,0.028462596,0.043076444,0.00050098717,2024-08-19,2024-08-13,0.0130504057266293,-0.012549418559159142,0.012549418559159142,0.00015748790617296793,1,1,0.041538082
r3_control_nofuture,31,5,-0.04270182,-0.026617926,-0.019547267,-0.01518634,-0.011882087,-0.009188573,-0.0068159066,-0.004718878,-0.0027009384,-0.00086835894,0.00096203276,0.0027989105,0.0046834354,0.0065417183,0.00873936,0.011169627,0.013986336,0.017357994,0.021419616,0.028231286,0.04263785,0.00096203276,2024-08-20,2024-08-13,-0.0021008067465434,0.0030628395084338414,0.0030628395084338414,9.380985854423255e-06,0,1,0.040966883
r3_control_nofuture,32,1,-0.03551293,-0.021948462,-0.015881285,-0.01208563,-0.009221567,-0.0068843155,-0.004886186,-0.0031412584,-0.0015048756,-6.403116e-05,0.0013550894,0.0027888864,0.004296819,0.0058071017,0.0076260776,0.009633626,0.011990261,0.014835646,0.018364515,0.024614204,0.037583973,0.0013550894,2024-08-21,2024-08-20,0.0046532628493828,-0.0032981734857407633,0.0032981734857407633,1.0877948342043377e-05,1,1,0.0342458
r3_control_nofuture,32,2,-0.03679507,-0.022762904,-0.016496964,-0.012598774,-0.009653933,-0.0072725797,-0.0051915264,-0.00339909,-0.001706144,-0.00023009407,0.0012373602,0.0027137469,0.004275984,0.0058471006,0.0077273427,0.00980863,0.012266478,0.0152297355,0.018811122,0.025207108,0.038215965,0.0012373602,2024-08-22,2024-08-20,-0.0159817904917877,0.017219150670280663,0.017219150670280663,0.000296499149805827,0,1,0.035308085
r3_control_nofuture,32,3,-0.038804907,-0.024285072,-0.017664919,-0.01347132,-0.010333138,-0.0078008855,-0.0055941213,-0.0037059216,-0.0019659423,-0.00042582687,0.0010987668,0.0026191284,0.004238564,0.0058609284,0.007801269,0.009994879,0.012565057,0.01569331,0.019498248,0.026300192,0.03990666,0.0010987668,2024-08-23,2024-08-20,0.0107870242118279,-0.009688257405292477,0.009688257405292477,9.386233155120452e-05,1,1,0.03716317
r3_control_nofuture,32,4,-0.038358707,-0.024016898,-0.017594451,-0.013501314,-0.010410127,-0.007932188,-0.005734107,-0.0038414611,-0.002061258,-0.00047541352,0.0011120966,0.0026905017,0.0043229233,0.0060117915,0.007979748,0.010198417,0.012832787,0.015987922,0.019853838,0.026827699,0.040669654,0.0011120966,2024-08-26,2024-08-20,-0.0097557605018517,0.01086785709556695,0.01086785709556695,0.0001181103178496649,0,1,0.037448287
r3_control_nofuture,32,5,-0.038887706,-0.024368174,-0.017714372,-0.013614419,-0.010567575,-0.008107058,-0.0059591956,-0.0040779654,-0.002296934,-0.0007023568,0.0008577424,0.0024219244,0.0040571606,0.0057007154,0.0076609426,0.009855051,0.012431271,0.015550292,0.0194916,0.02652439,0.040513262,0.0008577424,2024-08-27,2024-08-20,0.0029829053211684,-0.002125162934298314,0.002125162934298314,4.5163174973154195e-06,1,1,0.03720597
r3_control_nofuture,33,1,-0.027205331,-0.017551513,-0.012929392,-0.010021076,-0.00781796,-0.0060205027,-0.004472643,-0.0031065084,-0.0018050749,-0.0006327615,0.0005421424,0.0017481905,0.0029890933,0.004210557,0.0056544906,0.0072294157,0.009036797,0.011199736,0.0138248205,0.018201396,0.026843488,0.0005421424,2024-08-28,2024-08-27,-0.0114123649541218,0.011954507382579537,0.011954507382579537,0.00014291024676014866,0,1,0.026754212
r3_control_nofuture,33,2,-0.027489185,-0.017611464,-0.012868237,-0.009865773,-0.0075810477,-0.005728168,-0.004095012,-0.0026820344,-0.0013227762,-0.00011367316,0.0011028361,0.0023335195,0.0035900534,0.0048392043,0.0063052415,0.007901011,0.009735464,0.011938273,0.014544485,0.018948946,0.027530564,0.0011028361,2024-08-29,2024-08-27,-0.0014649357143088,0.0025677718184186835,0.0025677718184186835,6.593452111465192e-06,0,1,0.027412722
r3_control_nofuture,33,3,-0.027992638,-0.017862292,-0.013014385,-0.009935512,-0.0076199956,-0.0057275146,-0.0040709237,-0.0026317048,-0.0012908572,-7.745938e-05,0.001146488,0.0023714346,0.0036326153,0.004886297,0.0063556726,0.007983142,0.009846048,0.012099678,0.014793641,0.019326143,0.02823568,0.001146488,2024-08-30,2024-08-27,0.0118489158720935,-0.010702427864004136,0.010702427864004136,0.00011454196218421213,1,1,0.027808025
r3_control_nofuture,33,4,-0.028419547,-0.018227052,-0.013322139,-0.010194195,-0.007839206,-0.0059493883,-0.004261706,-0.0028081378,-0.0014268494,-0.0001847992,0.0010609721,0.0023185983,0.0035911067,0.0048831305,0.006365431,0.008012852,0.009909252,0.012162005,0.014854523,0.019415151,0.028218098,0.0010609721,2024-09-03,2024-08-27,-0.0308312591444439,0.03189223125108692,0.03189223125108692,0.0010171144141728054,0,0,0.028176662
r3_control_nofuture,33,5,-0.028608192,-0.018490484,-0.013470445,-0.010319356,-0.007959981,-0.006054287,-0.0043988293,-0.0029461537,-0.0015684267,-0.00032415183,0.00092295767,0.0021687942,0.0034559406,0.004720262,0.0062177097,0.00786926,0.009759786,0.012021114,0.014780396,0.019402381,0.028500427,0.00092295767,2024-09-04,2024-08-27,-0.0026020203528452,0.003524978020926126,0.003524978020926126,1.2425470048012268e-05,0,1,0.02825084
r3_control_nofuture,34,1,-0.02959169,-0.016555343,-0.010789733,-0.007299316,-0.0047546774,-0.002700353,-0.0009686961,0.0005929979,0.0020699662,0.0033995218,0.004780068,0.0061677955,0.0075701093,0.008952713,0.010608744,0.012418425,0.014526862,0.017037606,0.020120867,0.025081838,0.03466824,0.004780068,2024-09-05,2024-09-04,0.0009332427669125,0.003846825295333346,0.003846825295333346,1.4798064852816483e-05,1,1,0.0309106
r3_control_nofuture,34,2,-0.032932628,-0.019506976,-0.013683953,-0.010138816,-0.00750341,-0.0053689424,-0.0034793701,-0.0017958984,-0.00015119626,0.0013482489,0.0029051295,0.00446944,0.0060787313,0.007647481,0.009493794,0.011523405,0.013882737,0.016689116,0.019966241,0.02541404,0.035448007,0.0029051295,2024-09-06,2024-09-04,-0.0271525961984591,0.030057725653489065,0.030057725653489065,0.0009034668714604147,0,0,0.033650193
r3_control_nofuture,34,3,-0.033761196,-0.020408232,-0.01445422,-0.010791733,-0.008093244,-0.0058872616,-0.003943721,-0.0022277518,-0.00060298026,0.0009089317,0.002494112,0.0040779393,0.00570687,0.007299194,0.009165506,0.011266682,0.0136689,0.016546678,0.019984856,0.025696773,0.036387548,0.002494112,2024-09-09,2024-09-04,0.0127777372376423,-0.010283625347669018,0.010283625347669018,0.00010575295029122073,1,1,0.034439076
r3_control_nofuture,34,4,-0.032581717,-0.019493217,-0.013677281,-0.010072072,-0.007391774,-0.0052369917,-0.0033016691,-0.0016107932,8.203613e-06,0.001504235,0.0030603209,0.0046210987,0.006205446,0.0077772373,0.009588101,0.011603242,0.013931611,0.016695008,0.019990852,0.02552641,0.03595824,0.0030603209,2024-09-10,2024-09-04,0.0091992764674486,-0.006138955609536298,0.006138955609536298,3.7686775975857177e-05,1,1,0.033668134
r3_control_nofuture,34,5,-0.031530805,-0.01863194,-0.012709561,-0.00911098,-0.006463877,-0.0043091346,-0.0024331084,-0.00075718167,0.0008512656,0.0023500551,0.0038608005,0.0053967964,0.006936522,0.0084231105,0.010163388,0.0120911,0.014303632,0.016925698,0.020065408,0.025220275,0.035499845,0.0038608005,2024-09-11,2024-09-04,0.0214830063013686,-0.01762220577433241,0.01762220577433241,0.0003105421363529145,1,0,0.03277497
r3_control_nofuture,35,1,-0.03761691,-0.024145624,-0.017848851,-0.0137375565,-0.010550419,-0.0079003675,-0.0056042043,-0.0035766922,-0.0016682459,4.8665446e-05,0.001774681,0.0035333238,0.005345115,0.0071438467,0.009275327,0.011620863,0.014343152,0.01755791,0.02139072,0.027444681,0.03893371,0.001774681,2024-09-12,2024-09-11,0.0097681635559316,-0.007993482522365005,0.007993482522365005,6.38957628353548e-05,1,1,0.03923957
r3_control_nofuture,35,2,-0.038364936,-0.024899516,-0.018604249,-0.014484529,-0.011253981,-0.0085854195,-0.0062097907,-0.0041495026,-0.0021830266,-0.00043820392,0.0013062734,0.0030707018,0.0048922915,0.0067087617,0.00885681,0.011227301,0.013977739,0.017217552,0.020973438,0.027100421,0.038304925,0.0013062734,2024-09-13,2024-09-11,0.0044699288416126,-0.003163655449210964,0.003163655449210964,1.0008715801322227e-05,1,1,0.039577685
r3_control_nofuture,35,3,-0.03919514,-0.025394611,-0.018874163,-0.014614445,-0.011351543,-0.008650412,-0.0062611527,-0.004188593,-0.0022506341,-0.00049339107,0.0012676067,0.0030221934,0.0048423344,0.0066616703,0.008805583,0.011201584,0.013953791,0.017212225,0.021023884,0.027259037,0.038834903,0.0012676067,2024-09-16,2024-09-11,-0.0044277024774063,0.00569530921915505,0.00569530921915505,3.2436547101792505e-05,0,1,0.039898045
r3_control_nofuture,35,4,-0.037927095,-0.024486654,-0.018282335,-0.0142149795,-0.01104332,-0.008435252,-0.0060933707,-0.004044932,-0.0020957594,-0.00033845357,0.0014252851,0.0031886967,0.0049995594,0.0068250904,0.008952271,0.011320748,0.014070753,0.01727662,0.021015432,0.02712015,0.038398452,0.0014252851,2024-09-17,2024-09-11,0.0005281350600621,0.0008971500650891765,0.0008971500650891765,8.048782392895137e-07,1,1,0.039297767
r3_control_nofuture,35,5,-0.03764095,-0.024119148,-0.01773582,-0.013682969,-0.010570244,-0.008002684,-0.005728773,-0.0037205224,-0.0018038593,-7.601653e-05,0.0016429848,0.003363775,0.0051545366,0.006922285,0.009015381,0.01133189,0.013983744,0.017074695,0.02068821,0.02642909,0.037497215,0.0016429848,2024-09-18,2024-09-11,-0.0043388068103512,0.005981791614117212,0.005981791614117212,3.5781830914723e-05,0,1,0.03842403
r3_control_nofuture,36,1,-0.02786409,-0.017992862,-0.013115444,-0.010011645,-0.00766828,-0.00574268,-0.0040763495,-0.0026077633,-0.0012225917,1.6941398e-05,0.0012447899,0.0024921976,0.003784834,0.005069514,0.006606383,0.008297356,0.010263674,0.0126296235,0.01552661,0.02044512,0.029977195,0.0012447899,2024-09-19,2024-09-18,0.0249697612256658,-0.02372497130491852,0.02372497130491852,0.0005628742634192071,1,0,0.028642055
r3_control_nofuture,36,2,-0.028249003,-0.018306972,-0.01338141,-0.010247598,-0.007877575,-0.0059446553,-0.0042375023,-0.0027584266,-0.0013413063,-8.2241604e-05,0.0011719451,0.002449638,0.0037708464,0.005082768,0.006646062,0.00837235,0.010373178,0.012780264,0.015653236,0.020564832,0.029829139,0.0011719451,2024-09-20,2024-09-18,-0.0019051132202338,0.0030770583488236684,0.0030770583488236684,9.46828808206544e-06,0,1,0.029034646
r3_control_nofuture,36,3,-0.028413003,-0.01851724,-0.01349733,-0.010272696,-0.007858055,-0.005882876,-0.004153119,-0.0026587374,-0.0012815829,-3.7761405e-05,0.0012003935,0.0024425867,0.003737695,0.0050322283,0.0065749134,0.008301299,0.010290781,0.012709911,0.015613543,0.020563463,0.029992677,0.0012003935,2024-09-23,2024-09-18,0.0026471967615146,-0.0014468032207298836,0.0014468032207298836,2.0932395595143643e-06,1,1,0.029110873
r3_control_nofuture,36,4,-0.027527438,-0.017791195,-0.013007016,-0.009949327,-0.0076348856,-0.0057535507,-0.0040679844,-0.0026149526,-0.0012423425,-9.455078e-06,0.0012196728,0.0024586185,0.0037319744,0.0050241402,0.0065296004,0.00822147,0.010194956,0.012554155,0.015425909,0.020346096,0.029603932,0.0012196728,2024-09-24,2024-09-18,0.0048118793229339,-0.0035922064735320683,0.0035922064735320683,1.2903947348485698e-05,1,1,0.028432924
r3_control_nofuture,36,5,-0.027071271,-0.017559897,-0.012786865,-0.009784308,-0.007528818,-0.005685399,-0.0040609823,-0.0026371437,-0.001285744,-6.559654e-05,0.0011480643,0.0023630024,0.0036385367,0.0048990627,0.0064026867,0.008079676,0.0100092655,0.012337741,0.015217101,0.020081744,0.029385488,0.0011480643,2024-09-25,2024-09-18,0.000926757325306,0.0002213069462409003,0.0002213069462409003,4.8976764454472735e-08,1,1,0.028003966
r3_control_nofuture,37,1,-0.023115726,-0.0142471185,-0.010145106,-0.0076395036,-0.005773725,-0.0042774365,-0.003010353,-0.0018962171,-0.0008474778,9.119202e-05,0.0010240718,0.0019697817,0.002947053,0.003917806,0.005084163,0.0063617863,0.007851691,0.009651975,0.011869798,0.01569203,0.023367371,0.0010240718,2024-09-26,2024-09-25,0.0074849740375311,-0.006460902211862884,0.006460902211862884,4.174325739125471e-05,1,1,0.022014905
r3_control_nofuture,37,2,-0.023016594,-0.013746875,-0.009464254,-0.0068307514,-0.004864188,-0.003290068,-0.00191799,-0.000734917,0.00039176136,0.0013934881,0.0024071638,0.0034174505,0.004468119,0.0055026733,0.006721025,0.008056926,0.009595102,0.011448475,0.013667739,0.017503055,0.025196629,0.0024071638,2024-09-27,2024-09-25,-0.0055724098200927,0.007979573667330524,0.007979573667330524,6.367359591235471e-05,0,1,0.023131993
r3_control_nofuture,37,3,-0.024186622,-0.014778753,-0.010455989,-0.0077817743,-0.005795616,-0.0041848836,-0.0027908375,-0.0015831128,-0.00046423974,0.00055493833,0.0015924398,0.002619858,0.0036832201,0.004730975,0.00596623,0.007352293,0.008946435,0.010903378,0.013295154,0.017392734,0.025633696,0.0015924398,2024-09-30,2024-09-25,0.0027080673636387,-0.0011156275314728628,0.0011156275314728628,1.2446247889802334e-06,1,1,0.023751143
r3_control_nofuture,37,4,-0.02466305,-0.015221576,-0.010817098,-0.008076282,-0.006048849,-0.0044434504,-0.0030215303,-0.0018092011,-0.0006732646,0.0003553616,0.0013962784,0.0024452894,0.0035130442,0.0045900475,0.005833347,0.007226388,0.008850373,0.0108161885,0.013204834,0.017304784,0.025362926,0.0013962784,2024-10-01,2024-09-25,-0.014030414175874,0.015426692560946947,0.015426692560946947,0.00023798284336997588,0,0,0.024021933
r3_control_nofuture,37,5,-0.024283696,-0.015056406,-0.010622251,-0.007894891,-0.005895567,-0.0042927093,-0.0029104697,-0.0017105866,-0.00059158937,0.00042454174,0.0014424582,0.0024563246,0.0034932704,0.004512457,0.005732473,0.007096913,0.00868185,0.010613335,0.013018699,0.01711978,0.025235193,0.0014424582,2024-10-02,2024-09-25,0.0014119968862908,3.0461361475098625e-05,3.0461361475098625e-05,9.278945429166227e-10,1,1,0.02364095
r3_control_nofuture,38,1,-0.026714457,-0.016663857,-0.012025423,-0.009146417,-0.0069817277,-0.0052118637,-0.003698096,-0.0023408174,-0.0010403218,0.0001306298,0.0013298969,0.002546994,0.0037840279,0.004985988,0.0064002974,0.007930688,0.009682278,0.011776309,0.0143134575,0.018566603,0.026773186,0.0013298969,2024-10-03,2024-10-02,-0.0007471515157409,0.002077048370908945,0.002077048370908945,4.314129935095502e-06,0,1,0.02633888
r3_control_nofuture,38,2,-0.027987864,-0.017346842,-0.012475154,-0.009449227,-0.007167883,-0.005321202,-0.003694732,-0.0022700818,-0.0008932593,0.000343982,0.0016208276,0.002897346,0.0042089755,0.0054946877,0.0069947485,0.008625609,0.010505374,0.012764379,0.015428347,0.019907394,0.02829803,0.0016208276,2024-10-04,2024-10-02,0.011827792498676,-0.010206964906697986,0.010206964906697986,0.00010418213260656424,1,1,0.027903501
r3_control_nofuture,38,3,-0.028259637,-0.017616844,-0.012676764,-0.009580043,-0.007261824,-0.0053611323,-0.0036879655,-0.0022235757,-0.0008480848,0.00040409784,0.0016976704,0.0029849766,0.00431094,0.005606249,0.0071131447,0.008787153,0.010699726,0.013006457,0.015778705,0.020445945,0.02931765,0.0016976704,2024-10-07,2024-10-02,-0.0107694552724787,0.012467125708011628,0.012467125708011628,0.00015542922341936442,0,1,0.02845547
r3_control_nofuture,38,4,-0.028179977,-0.017768176,-0.0129085565,-0.009825934,-0.0074940743,-0.00560656,-0.0039094593,-0.0024253356,-0.0010121223,0.00027805503,0.0015915264,0.0029023471,0.004220787,0.0055445004,0.007059128,0.008735469,0.010667519,0.012959601,0.01569846,0.020376045,0.029131547,0.0015915264,2024-10-08,2024-10-02,0.0148242932004164,-0.013232766762865616,0.013232766762865616,0.00017510611620040096,1,1,0.028607018
r3_control_nofuture,38,5,-0.028603189,-0.018004874,-0.012949823,-0.009822085,-0.007478009,-0.0055657504,-0.003894463,-0.00240607,-0.0009851297,0.00032597937,0.0016489272,0.0029818213,0.00432731,0.005644395,0.007190952,0.008890284,0.0108456025,0.013175885,0.016016021,0.020732738,0.029697126,0.0016489272,2024-10-09,2024-10-02,0.0078375309487488,-0.0061886037248801325,0.0061886037248801325,3.829881606360025e-05,1,1,0.028965846
r3_control_nofuture,39,1,-0.028345078,-0.017845808,-0.012823936,-0.009670023,-0.0072901295,-0.005335583,-0.0036486099,-0.0021339674,-0.0006847135,0.0006182968,0.0019473424,0.0032881922,0.0046499865,0.0059728795,0.007522538,0.009194844,0.011111313,0.013388273,0.016129615,0.020611366,0.029317984,0.0019473424,2024-10-10,2024-10-09,-0.0011361303118323,0.0030834727299665124,0.0030834727299665124,9.507804076447137e-06,0,1,0.02895355
r3_control_nofuture,39,2,-0.02889288,-0.018369382,-0.013419349,-0.010305218,-0.007947923,-0.00602815,-0.004331608,-0.0028408905,-0.0014023586,-0.00011274975,0.0012100217,0.0025408552,0.0039047357,0.0052419147,0.006816058,0.008527873,0.010528429,0.012925053,0.015758103,0.020472832,0.029226407,0.0012100217,2024-10-11,2024-10-09,0.001561909034448,-0.00035188736447158676,0.00035188736447158676,1.2382471727475935e-07,1,1,0.029177452
r3_control_nofuture,39,3,-0.02787374,-0.017476778,-0.012501802,-0.009399235,-0.007081419,-0.005173962,-0.0034805806,-0.0019920734,-0.00059781387,0.00067275064,0.001969897,0.003258762,0.004577465,0.0058634398,0.007368827,0.009026655,0.010927083,0.013206695,0.015945371,0.02049319,0.029233735,0.001969897,2024-10-14,2024-10-09,0.0083563491624497,-0.006386452207034094,0.006386452207034094,4.078677179273065e-05,1,1,0.028447174
r3_control_nofuture,39,4,-0.026999405,-0.016520089,-0.011484694,-0.0083414,-0.005995922,-0.0041024787,-0.0024156473,-0.00096413435,0.00040702638,0.0016434959,0.0028949599,0.0041547255,0.005429207,0.0067138323,0.008184008,0.009814538,0.01170606,0.013932673,0.016561741,0.020945506,0.029383067,0.0028949599,2024-10-15,2024-10-09,-0.0134569946556891,0.01635195453386555,0.01635195453386555,0.00026738641707760617,0,0,0.028046435
r3_control_nofuture,39,5,-0.02627931,-0.016342402,-0.011481369,-0.008472376,-0.0061948807,-0.004318811,-0.002674758,-0.0012131444,0.00017864781,0.0014549798,0.0027357568,0.004018839,0.005321908,0.0065984605,0.008091715,0.009739257,0.011627455,0.01385852,0.016538864,0.020909261,0.029420452,0.0027357568,2024-10-16,2024-10-09,0.0001222665331015,0.002613490270202457,0.002613490270202457,6.830331392442913e-06,1,1,0.028020233
r3_control_nofuture,40,1,-0.020470189,-0.0125634,-0.009122096,-0.0070219026,-0.005438325,-0.0041562007,-0.0030636685,-0.0020848075,-0.0011479085,-0.0003009974,0.000564995,0.0014509578,0.0023435291,0.0032037236,0.0042240666,0.0053379755,0.0066274637,0.008204319,0.010162442,0.0134892715,0.020367526,0.000564995,2024-10-17,2024-10-16,0.0006923525051118,-0.00012735751614879204,0.00012735751614879204,1.6219936919589824e-08,1,1,0.019284539
r3_control_nofuture,40,2,-0.021087248,-0.01284623,-0.009293504,-0.0071128192,-0.005464523,-0.0041256063,-0.00294651,-0.0019176902,-0.00092181086,-2.669543e-05,0.00090225565,0.0018319141,0.0027674166,0.0036840616,0.0047677835,0.0059422506,0.0073177363,0.008996388,0.011019375,0.014456712,0.021300863,0.00090225565,2024-10-18,2024-10-16,0.0065333420562323,-0.005631086408416536,0.005631086408416536,3.1709134139053446e-05,1,1,0.02031288
r3_control_nofuture,40,3,-0.021748148,-0.013179921,-0.0094680395,-0.007188426,-0.0054794955,-0.0040678433,-0.0028273398,-0.0017290328,-0.0006920956,0.0002626804,0.0012629548,0.0022573236,0.003261134,0.004225935,0.005348156,0.0065773143,0.007980838,0.009688338,0.011759563,0.015225235,0.022229673,0.0012629548,2024-10-21,2024-10-16,0.0019194174349852,-0.0006564626494966542,0.0006564626494966542,4.3094321018416706e-07,1,1,0.021227602
r3_control_nofuture,40,4,-0.022318797,-0.013459865,-0.009554729,-0.007138045,-0.0053195613,-0.0038524056,-0.0025289622,-0.001374872,-0.0002676756,0.00075873244,0.001828918,0.0029052943,0.00396739,0.0050201323,0.0062013133,0.0075044753,0.009001918,0.010794098,0.012929866,0.016480332,0.023509024,0.001828918,2024-10-22,2024-10-16,0.0010894103333772,0.0007395076673059884,0.0007395076673059884,5.468715900043444e-07,1,1,0.022484595
r3_control_nofuture,40,5,-0.021834446,-0.013256497,-0.00939192,-0.0070181866,-0.005225553,-0.0037504872,-0.0024576518,-0.0012980943,-0.0001791257,0.00086512446,0.0019411941,0.003026918,0.004107427,0.0051388494,0.006336268,0.0076388908,0.009125127,0.010907633,0.013059116,0.016619887,0.023837648,0.0019411941,2024-10-23,2024-10-16,-0.0154425967025768,0.017383790761904043,0.017383790761904043,0.0003021961812536604,0,0,0.022451036
r3_control_nofuture,41,1,-0.024147244,-0.015399665,-0.011156302,-0.0084029455,-0.006284556,-0.004523704,-0.0029858514,-0.0016099166,-0.00030065747,0.0008817713,0.0020733625,0.0032779714,0.004510776,0.005719193,0.007153231,0.008704167,0.010498568,0.0126493,0.015268356,0.019599428,0.027946746,0.0020733625,2024-10-24,2024-10-23,0.0080761984099533,-0.0060028359402801434,0.0060028359402801434,3.6034039325918994e-05,1,1,0.026424658
r3_control_nofuture,41,2,-0.024950614,-0.016157312,-0.011907306,-0.009154109,-0.007027351,-0.0052677817,-0.0036908113,-0.0023091873,-0.0009689736,0.00023572164,0.0014567928,0.002686799,0.0039532324,0.0051975884,0.0066659614,0.008276336,0.010135949,0.012366969,0.0150069725,0.01945531,0.027755452,0.0014567928,2024-10-25,2024-10-23,0.0060752024991495,-0.004618409683561086,0.004618409683561086,2.132970800521081e-05,1,1,0.026914278
r3_control_nofuture,41,3,-0.024559762,-0.015863106,-0.011589196,-0.008804645,-0.006671252,-0.004891505,-0.0033103018,-0.0019183373,-0.00061261945,0.000574057,0.0017718945,0.0029703476,0.0042107273,0.005430105,0.0068673706,0.008472541,0.010310596,0.012540303,0.015216805,0.019704726,0.028194822,0.0017718945,2024-10-28,2024-10-23,0.0001614440574514,0.0016104504589719447,0.0016104504589719447,2.5935506808029473e-06,1,1,0.026806
r3_control_nofuture,41,4,-0.024713231,-0.016150346,-0.012010802,-0.009293482,-0.0071762535,-0.0054189926,-0.0038160658,-0.0024057576,-0.0010518036,0.00018562865,0.0014438904,0.0027089126,0.003992792,0.005274327,0.006747449,0.0083818305,0.0102751665,0.012521626,0.015218612,0.01977979,0.028277125,0.0014438904,2024-10-29,2024-10-23,0.0095625422878311,-0.008118651898776086,0.008118651898776086,6.591250865350055e-05,1,1,0.027229413
r3_control_nofuture,41,5,-0.024715178,-0.016040692,-0.011745978,-0.008982003,-0.0068487707,-0.005066963,-0.0034864387,-0.0020726568,-0.0007131405,0.0005312484,0.0017800131,0.0030382522,0.0043214755,0.005576229,0.007047786,0.008681318,0.010553893,0.012793573,0.015510431,0.020021986,0.028565736,0.0017800131,2024-10-30,2024-10-23,-0.0075862980500124,0.00936631113814931,0.00936631113814931,8.772778433661983e-05,0,1,0.027256409
r3_control_nofuture,42,1,-0.021684054,-0.013757391,-0.009790722,-0.0073007904,-0.0054268492,-0.0038895796,-0.0025412978,-0.0013483269,-0.00021621841,0.00080757367,0.0018266063,0.002856798,0.0039017478,0.0049230265,0.006127091,0.0074276356,0.008920175,0.01068759,0.0128168175,0.016321708,0.02321818,0.0018266063,2024-10-31,2024-10-30,-0.0255667698496819,0.027393376191319572,0.027393376191319572,0.000750397059159154,0,0,0.022607539
r3_control_nofuture,42,2,-0.022189068,-0.014163705,-0.010160468,-0.007634038,-0.005720216,-0.004160815,-0.0027671556,-0.0015583383,-0.00038119173,0.0006709396,0.0017218817,0.002793012,0.0038717303,0.004929655,0.0061729113,0.0075274175,0.0090632215,0.010885314,0.013014703,0.016575698,0.023484094,0.0017218817,2024-11-01,2024-10-30,0.0073716168159564,-0.005649735136697159,0.005649735136697159,3.1919507114830465e-05,1,1,0.02317517
r3_control_nofuture,42,3,-0.022238262,-0.014325239,-0.010336009,-0.007815475,-0.0059217885,-0.004352987,-0.00296387,-0.0017507377,-0.0006137063,0.00042116072,0.0014620236,0.002509499,0.0035776764,0.004644607,0.005901698,0.0072888704,0.008857748,0.010727767,0.012940463,0.01660599,0.023674788,0.0014620236,2024-11-04,2024-10-30,-0.0029174050699765,0.0043794286588052424,0.0043794286588052424,1.9179395377564683e-05,0,1,0.02327647
r3_control_nofuture,42,4,-0.021751475,-0.013870068,-0.009953111,-0.0075001298,-0.0056338143,-0.004108797,-0.0027325542,-0.0015454255,-0.00041558594,0.0006047001,0.0016277145,0.0026681907,0.0037167813,0.0047652805,0.00596436,0.0072918134,0.008808814,0.010590048,0.012711769,0.016255802,0.023064027,0.0016277145,2024-11-05,2024-10-30,0.0126762782206442,-0.011048563731057549,0.011048563731057549,0.0001220707605192403,1,1,0.02266488
r3_control_nofuture,42,5,-0.021047708,-0.013469799,-0.009704389,-0.0073587457,-0.0055631734,-0.004073919,-0.0027469418,-0.0015750474,-0.0004502606,0.00057016424,0.0016022531,0.0026336038,0.0036921848,0.004721704,0.00592806,0.0072605787,0.008761884,0.010543743,0.012704662,0.016262114,0.023202958,0.0016022531,2024-11-06,2024-10-30,0.0268007970537103,-0.025198543991991063,0.025198543991991063,0.0006349666193163089,1,0,0.022409052
r3_control_nofuture,43,1,-0.02533982,-0.015714325,-0.011235027,-0.008439241,-0.006298459,-0.004540704,-0.003019701,-0.0016468258,-0.00032685103,0.0008733101,0.002106924,0.0033622852,0.004634696,0.005877438,0.0073386244,0.00893096,0.010757681,0.012930049,0.015554262,0.019906014,0.028714089,0.002106924,2024-11-07,2024-11-06,0.0156215202930996,-0.013514596217466313,0.013514596217466313,0.00018264431092115477,1,0,0.026789289
r3_control_nofuture,43,2,-0.025226982,-0.0155421,-0.011058507,-0.008270047,-0.006143458,-0.0044072308,-0.0028734833,-0.0015290098,-0.00021619198,0.00096778077,0.0021817654,0.0034141734,0.0046646222,0.0058881324,0.0073146354,0.008864857,0.0106382435,0.012747266,0.015215747,0.019402632,0.027703656,0.0021817654,2024-11-08,2024-11-06,0.0011677931609067,0.001013972229653331,0.001013972229653331,1.0281396825081475e-06,1,1,0.026274253
r3_control_nofuture,43,3,-0.024617627,-0.01519641,-0.010820703,-0.008105584,-0.006056438,-0.0043750964,-0.0028945922,-0.0015907129,-0.00036622246,0.0007517771,0.0018960973,0.0030474795,0.004216467,0.005369139,0.0067112017,0.008201948,0.009901162,0.011953051,0.0144138625,0.018583816,0.026968908,0.0018960973,2024-11-11,2024-11-06,-0.0005836062531648,0.0024797035779533703,0.0024797035779533703,6.148929834514746e-06,0,1,0.025234565
r3_control_nofuture,43,4,-0.024827234,-0.015381771,-0.010927826,-0.008158035,-0.0060679493,-0.0043801963,-0.002872884,-0.0015782272,-0.00034848717,0.0007667588,0.0018943909,0.0030424432,0.004196321,0.0053548906,0.006682599,0.008164749,0.009876894,0.011904787,0.014332897,0.018440848,0.02658876,0.0018943909,2024-11-12,2024-11-06,-0.0018116410991537,0.0037060320081549313,0.0037060320081549313,1.3734673245468873e-05,0,1,0.025260724
r3_control_nofuture,43,5,-0.024259763,-0.0151244,-0.010805955,-0.008121697,-0.0060747415,-0.004393655,-0.0029206502,-0.001617945,-0.00037554512,0.00076651375,0.0019326827,0.0031035906,0.004295215,0.0054497467,0.006807072,0.008308754,0.010030745,0.012089509,0.014588383,0.0187434,0.027092312,0.0019326827,2024-11-13,2024-11-06,-0.0012875739376203,0.003220256639938134,0.003220256639938134,1.0370052827065641e-05,0,1,0.02539434
r3_control_nofuture,44,1,-0.021658521,-0.013376114,-0.009613282,-0.007204085,-0.0053412113,-0.003792514,-0.002446223,-0.0012331296,-7.4022915e-05,0.00096904277,0.0020303684,0.0031092092,0.0042029284,0.0052626133,0.006515868,0.007878561,0.0094498135,0.011333991,0.013643321,0.017489348,0.025312006,0.0020303684,2024-11-14,2024-11-13,-0.006973895626482,0.00900426405515932,0.00900426405515932,8.107677117503416e-05,0,1,0.023256604
r3_control_nofuture,44,2,-0.02161043,-0.013478995,-0.009802128,-0.007443597,-0.0056181177,-0.0041032145,-0.0027518612,-0.0015614774,-0.00040911883,0.00062382885,0.0016800427,0.0027372031,0.0038207285,0.004873947,0.006119873,0.0074800723,0.009053646,0.010950591,0.013221561,0.017061628,0.024599526,0.0016800427,2024-11-15,2024-11-13,-0.0241144133712629,0.02579445608234947,0.02579445608234947,0.0006653539645842556,0,0,0.02302369
r3_control_nofuture,44,3,-0.021657193,-0.013384135,-0.009625622,-0.007217729,-0.0053765355,-0.003847369,-0.0024951464,-0.0013012477,-0.00018358254,0.00083597057,0.0018740159,0.0029100627,0.0039747464,0.0050085243,0.0062255072,0.0075773043,0.009126442,0.0109985415,0.013271646,0.017073164,0.024712719,0.0018740159,2024-11-18,2024-11-13,0.0069235426903708,-0.005049526790995719,0.005049526790995719,2.5497720812983523e-05,1,1,0.022897268
r3_control_nofuture,44,4,-0.022498822,-0.013906296,-0.009958144,-0.007426717,-0.0055140248,-0.0039628767,-0.002571133,-0.0013710532,-0.0002336197,0.00080583425,0.0018671668,0.0029407186,0.0040275673,0.0051045967,0.0063325213,0.0076961215,0.009275064,0.011152818,0.0134150935,0.017225979,0.024911752,0.0018671668,2024-11-19,2024-11-13,0.0068562415831182,-0.004989074746372163,0.004989074746372163,2.4890866824888466e-05,1,1,0.023373239
r3_control_nofuture,44,5,-0.022129264,-0.01391557,-0.010093137,-0.007671254,-0.0058414303,-0.0043321345,-0.0030068797,-0.0018305291,-0.00070937,0.00032224727,0.0013655545,0.002413671,0.0034847166,0.004530283,0.0057747974,0.007160628,0.008763463,0.010709846,0.013121494,0.017166063,0.025278145,0.0013655545,2024-11-20,2024-11-13,-0.000576160887249,0.0019417154062466692,0.0019417154062466692,3.7702587188556677e-06,0,1,0.02321463
r3_control_nofuture,45,1,-0.023810087,-0.015047938,-0.010832763,-0.008176144,-0.006171642,-0.004528272,-0.0031078714,-0.0018586712,-0.0006878397,0.000364677,0.0013976314,0.002447937,0.003543816,0.004619501,0.0059057022,0.0073123127,0.008939714,0.010889841,0.013263,0.0172327,0.024904327,0.0013976314,2024-11-21,2024-11-20,0.0035907995257502,-0.0021931681618069807,0.0021931681618069807,4.8099865859638105e-06,1,1,0.024095763
r3_control_nofuture,45,2,-0.024593946,-0.015461512,-0.011094097,-0.008344259,-0.006268885,-0.004579484,-0.0030836756,-0.0017918746,-0.00055836723,0.0005360149,0.0016212437,0.002725213,0.003869413,0.00500739,0.006360721,0.007847652,0.009561758,0.011619969,0.014067071,0.018187065,0.02597393,0.0016212437,2024-11-22,2024-11-20,0.0016026458841688,1.8597776169422976e-05,1.8597776169422976e-05,3.458772784479571e-10,1,1,0.025161168
r3_control_nofuture,45,3,-0.025090542,-0.015820112,-0.011354904,-0.008529874,-0.0064138835,-0.0046774666,-0.0031511611,-0.0018264903,-0.0006000055,0.00050804735,0.001610507,0.0027168524,0.003872589,0.005021306,0.006390016,0.007924574,0.00969751,0.011846269,0.0144272,0.018756028,0.026940525,0.001610507,2024-11-25,2024-11-20,0.0015804473419747,3.005968247739017e-05,3.005968247739017e-05,9.035845106415177e-10,1,1,0.025782105
r3_control_nofuture,45,4,-0.02505611,-0.015765944,-0.011364746,-0.008580272,-0.0064807427,-0.0047793165,-0.0032578432,-0.0019413373,-0.0006958158,0.000421729,0.0015394771,0.0026675588,0.0038332671,0.0050081164,0.006374624,0.007906882,0.009687209,0.011807155,0.014351213,0.01865547,0.02662721,0.0015394771,2024-11-26,2024-11-20,0.0053548774606623,-0.0038154003135003394,0.0038154003135003394,1.4557279552258488e-05,1,1,0.025715958
r3_control_nofuture,45,5,-0.024798278,-0.01565396,-0.011216252,-0.008461561,-0.006404063,-0.0047246744,-0.0032467162,-0.0019496821,-0.0007234791,0.0003818074,0.0014777898,0.0025761407,0.003730381,0.0048694313,0.006232141,0.007755141,0.009497024,0.011591756,0.014155158,0.018446093,0.026548617,0.0014777898,2024-11-27,2024-11-20,-0.0079045753583149,0.009382365190593987,0.009382365190593987,8.802877656966974e-05,0,1,0.02537141
r3_control_nofuture,46,1,-0.023192879,-0.014733372,-0.010565889,-0.007928366,-0.005942298,-0.004313439,-0.0029154036,-0.0016855432,-0.0005337425,0.0005048494,0.0015365038,0.0025813445,0.0036697437,0.00474597,0.0060372017,0.0074589495,0.009115256,0.011103069,0.013539148,0.017625269,0.02547663,0.0015365038,2024-11-29,2024-11-27,0.0087484624416391,-0.007211958658211922,0.007211958658211922,5.20123476877579e-05,1,1,0.024105037
r3_control_nofuture,46,2,-0.023328172,-0.014869673,-0.010679284,-0.008007365,-0.0059992094,-0.0043613594,-0.0029189608,-0.0016703662,-0.00048059924,0.0005738785,0.0016298007,0.002695297,0.003806383,0.004902564,0.0062089963,0.0076509407,0.009325476,0.011329955,0.013727725,0.017784884,0.025357451,0.0016298007,2024-12-02,2024-11-27,0.0108289466149276,-0.00919914596277381,0.00919914596277381,8.462428644441767e-05,1,1,0.024407009
r3_control_nofuture,46,3,-0.02390033,-0.015370909,-0.011069065,-0.008312647,-0.0062517757,-0.0045719836,-0.0031048262,-0.0018388566,-0.0006716972,0.0003842516,0.0014381697,0.0024932036,0.0036004023,0.0047011366,0.0060195243,0.007505995,0.009229307,0.011314411,0.01382967,0.018043637,0.025880503,0.0014381697,2024-12-03,2024-11-27,0.0030614775243059,-0.0016233077841654618,0.0016233077841654618,2.6351281621321815e-06,1,1,0.024898734
r3_control_nofuture,46,4,-0.023449173,-0.014895059,-0.010660686,-0.0079524815,-0.0059273774,-0.0043013003,-0.00285891,-0.0016254981,-0.00046939752,0.000566989,0.001603031,0.002645769,0.0037279448,0.0048223995,0.006099078,0.0075394576,0.009223735,0.011232238,0.013663803,0.01776982,0.025377093,0.001603031,2024-12-04,2024-11-27,0.0122872249071843,-0.010684193958284613,0.010684193958284613,0.00011415200053824542,1,1,0.024324488
r3_control_nofuture,46,5,-0.023310877,-0.014909865,-0.010664268,-0.007996839,-0.006014684,-0.004398549,-0.0029918773,-0.0017584816,-0.0005954198,0.00045698864,0.0014999866,0.002542743,0.003634255,0.0047133574,0.0060014743,0.0074473815,0.009109238,0.011108048,0.013564812,0.017646851,0.025326531,0.0014999866,2024-12-05,2024-11-27,-0.0027747847993229,0.004274771424599406,0.004274771424599406,1.8273670732571636e-05,0,1,0.02422908
r3_control_nofuture,47,1,-0.020881807,-0.013172845,-0.009507909,-0.007177148,-0.005384815,-0.0039088037,-0.0026259297,-0.0014825943,-0.00039399462,0.00058169547,0.0015602943,0.002550988,0.0035625445,0.004546688,0.0057105646,0.0069689183,0.008416259,0.010144249,0.0122352075,0.015718237,0.022549892,0.0015602943,2024-12-06,2024-12-05,0.0089096200303785,-0.007349325728198091,0.007349325728198091,5.40125886591544e-05,1,1,0.021743117
r3_control_nofuture,47,2,-0.02139493,-0.013504148,-0.009768464,-0.007388941,-0.0055616302,-0.0040680207,-0.0027456263,-0.0015943754,-0.00048649148,0.000501463,0.0015005663,0.0025050677,0.003526502,0.0045294706,0.0057081357,0.006985341,0.008459377,0.01022449,0.012324297,0.015855996,0.022621857,0.0015005663,2024-12-09,2024-12-05,-0.0078179759762592,0.009318542233423082,0.009318542233423082,8.683522935608964e-05,0,1,0.02209276
r3_control_nofuture,47,3,-0.021384947,-0.013392671,-0.009591918,-0.0071732476,-0.0053367913,-0.003823466,-0.002491735,-0.0013285978,-0.00024831062,0.000725786,0.001707972,0.0026880284,0.0036948384,0.0046837227,0.0058501177,0.007143626,0.008627479,0.010422432,0.012586748,0.016191155,0.023134133,0.001707972,2024-12-10,2024-12-05,-0.0034133704339085,0.005121342461269893,0.005121342461269893,2.6228148605605967e-05,0,1,0.022178667
r3_control_nofuture,47,4,-0.022197096,-0.014037421,-0.010143374,-0.00765404,-0.0057621477,-0.004226759,-0.0028491758,-0.0016561947,-0.00052439293,0.0005051603,0.0015445795,0.0025926973,0.0036471314,0.004701805,0.005905576,0.0072357096,0.008776545,0.010598554,0.012787581,0.016464835,0.023474386,0.0015445795,2024-12-11,2024-12-05,0.0177440083495202,-0.016199428835217886,0.016199428835217886,0.0002624214945872887,1,0,0.022930956
r3_control_nofuture,47,5,-0.02227371,-0.014076675,-0.0101327,-0.007655223,-0.005772682,-0.0042256704,-0.002863792,-0.0016534028,-0.0004979271,0.0005628508,0.0016283151,0.0026974636,0.0037779883,0.004830683,0.006068974,0.0074407915,0.00901786,0.0109090675,0.013218139,0.017031888,0.02433152,0.0016283151,2024-12-12,2024-12-05,-0.0064745265181275,0.008102841594359457,0.008102841594359457,6.56560419032817e-05,0,1,0.023350839
r3_control_nofuture,48,1,-0.025500372,-0.016004458,-0.011395929,-0.008556508,-0.0064555313,-0.004742642,-0.0032531891,-0.0019383321,-0.000694179,0.00043861644,0.0015648133,0.0027043524,0.0038660679,0.004981703,0.0062950617,0.0077105854,0.009338748,0.011269202,0.013603021,0.017472995,0.025026064,0.0015648133,2024-12-13,2024-12-12,0.0076251659607724,-0.006060352648629312,0.006060352648629312,3.672787422574832e-05,1,1,0.024998952
r3_control_nofuture,48,2,-0.026144838,-0.01628448,-0.011534736,-0.008603603,-0.0064243525,-0.00466936,-0.0031201488,-0.0017817556,-0.0004937489,0.0006613255,0.001816684,0.0029902295,0.004174774,0.0053270794,0.006679576,0.008149382,0.009820289,0.011794989,0.014128146,0.018026533,0.025485596,0.001816684,2024-12-16,2024-12-12,0.0142979052873088,-0.012481221256381082,0.012481221256381082,0.00015578088405073895,1,0,0.02566288
r3_control_nofuture,48,3,-0.026029924,-0.016379446,-0.011649145,-0.008719473,-0.0065534757,-0.0047758752,-0.0032150003,-0.0018605802,-0.00060123776,0.00054800167,0.0017069918,0.0028675017,0.0040477877,0.005206707,0.0065651843,0.008062526,0.00975692,0.011770907,0.014172576,0.018175518,0.025838587,0.0017069918,2024-12-17,2024-12-12,-0.0044134140110699,0.0061204058214215104,0.0061204058214215104,3.745936741889031e-05,0,1,0.025821721
r3_control_nofuture,48,4,-0.025398415,-0.016003521,-0.011532471,-0.008776918,-0.006684551,-0.0049643517,-0.003410686,-0.002057433,-0.000766587,0.00040948828,0.0015963946,0.0027949777,0.004007014,0.0051995357,0.006570017,0.008081347,0.0098170815,0.01185252,0.014283638,0.018334625,0.025961136,0.0015963946,2024-12-18,2024-12-12,-0.0367438987484373,0.03834029332550092,0.03834029332550092,0.0014699780922854506,0,0,0.025816109
r3_control_nofuture,48,5,-0.025378495,-0.015914835,-0.011397475,-0.008653213,-0.0065803295,-0.004876406,-0.0033633902,-0.0020319812,-0.0007564251,0.00041180913,0.0015940977,0.0027803136,0.003995984,0.005174226,0.006554651,0.008080556,0.009794731,0.011818164,0.01425138,0.018230949,0.02584905,0.0015940977,2024-12-19,2024-12-12,-0.0044632525653369,0.006057350268100874,0.006057350268100874,3.669149227046174e-05,0,1,0.025648855
r3_control_nofuture,49,1,-0.036509395,-0.02329814,-0.017246027,-0.01344915,-0.010582927,-0.008237641,-0.006234202,-0.0044869063,-0.0028425981,-0.0013738499,0.00010523794,0.001608979,0.0031485152,0.004649804,0.0064155404,0.008351675,0.010585063,0.013247774,0.016465424,0.021776527,0.03226496,0.00010523794,2024-12-20,2024-12-19,0.0086947341857844,-0.008589496248252036,0.008589496248252036,7.377944579873579e-05,1,1,0.03371145
r3_control_nofuture,49,2,-0.034953173,-0.02152662,-0.015482049,-0.011657573,-0.008765327,-0.0064266277,-0.0043762806,-0.0026042238,-0.00091175165,0.00060166855,0.0021255938,0.0036776485,0.0052704816,0.006834423,0.008676621,0.010708144,0.013048313,0.015791124,0.019009335,0.02432034,0.034697086,0.0021255938,2024-12-23,2024-12-19,0.0096954651734969,-0.007569871339871583,0.007569871339871583,5.7302952102209194e-05,1,1,0.034491383
r3_control_nofuture,49,3,-0.034654047,-0.021166872,-0.014966471,-0.01104403,-0.00811625,-0.005732087,-0.0036566583,-0.001870344,-0.00021852145,0.0012908557,0.0028277163,0.0043594786,0.005930189,0.0074736835,0.009273257,0.011304448,0.013618048,0.016354272,0.019566957,0.02495123,0.035577524,0.0028277163,2024-12-24,2024-12-19,0.0134687641467139,-0.01064104785390048,0.01064104785390048,0.00011323189942900003,1,1,0.034533426
r3_control_nofuture,49,4,-0.032629546,-0.020089692,-0.014476195,-0.010949155,-0.008242228,-0.0060336813,-0.004058733,-0.0023388737,-0.0007040434,0.0007781059,0.0022783924,0.0037844386,0.005327902,0.0068572997,0.00864193,0.01064174,0.012943308,0.015634136,0.018806303,0.0240326,0.034360364,0.0022783924,2024-12-26,2024-12-19,-0.0006796836714989,0.0029580761074817236,0.0029580761074817236,8.750214257654225e-06,0,1,0.033282496
r3_control_nofuture,49,5,-0.032213382,-0.01976567,-0.014084003,-0.010616024,-0.008002602,-0.0058617303,-0.0039716465,-0.002311016,-0.0007257918,0.00071268296,0.0021527759,0.0036001168,0.0050972076,0.0065583354,0.008288689,0.010207912,0.01236951,0.014899571,0.017858407,0.022683017,0.03261657,0.0021527759,2024-12-27,2024-12-19,-0.0133821959071922,0.01553497178714153,0.01553497178714153,0.00024133534842728333,0,1,0.03194241
