model,window,horizon,q0.01,q0.05,q0.1,q0.15,q0.2,q0.25,q0.3,q0.35,q0.4,q0.45,q0.5,q0.55,q0.6,q0.65,q0.7,q0.75,q0.8,q0.85,q0.9,q0.95,q0.99,prediction,date,forecast_origin,actual,error,abs_error,squared_error,correct_direction,interval_coverage,interval_width
r4_plus_uncertainty,0,1,-0.018229978,-0.011837992,-0.008634789,-0.00657871,-0.004977719,-0.0036519985,-0.002498457,-0.0014607086,-0.0004580736,0.0004315896,0.0013440902,0.002269826,0.0031862664,0.00406426,0.0050805416,0.006167084,0.0073794955,0.008817737,0.010538733,0.013347204,0.018936329,0.0013440902,2024-01-02,2023-12-29,-0.0170669491911452,0.018411039402350383,0.018411039402350383,0.00033896637187489834,0,0,0.019173522
r4_plus_uncertainty,0,2,-0.018608548,-0.012204356,-0.009022327,-0.0069575114,-0.005339542,-0.0039997688,-0.0027910017,-0.001735933,-0.00068613375,0.00024409484,0.0012067204,0.0021727711,0.003130536,0.004056597,0.0051282537,0.006271519,0.007556452,0.009081382,0.010856458,0.01375315,0.019419044,0.0012067204,2024-01-03,2023-12-29,-0.0106379771259205,0.011844697490200545,0.011844697490200545,0.00014029685863436309,0,0,0.019878786
r4_plus_uncertainty,0,3,-0.019044053,-0.0124928625,-0.00919083,-0.0070350477,-0.005355818,-0.003950377,-0.0026983602,-0.0015977288,-0.00055710366,0.00038815668,0.0013699834,0.0023565048,0.0033407295,0.0042921393,0.005391387,0.0065914234,0.007932544,0.009541201,0.011420976,0.01441286,0.02025689,0.0013699834,2024-01-04,2023-12-29,-0.0051596905664556,0.006529673989956853,0.006529673989956853,4.263664241511905e-05,0,1,0.020611808
r4_plus_uncertainty,0,4,-0.019527487,-0.01282893,-0.009421669,-0.007200927,-0.0054862346,-0.004087393,-0.0028129672,-0.0017181826,-0.0006707008,0.00029216224,0.001281381,0.0022792406,0.0032544215,0.004223174,0.005293785,0.0064634616,0.0077842167,0.009338872,0.011142592,0.014080869,0.019762198,0.001281381,2024-01-05,2023-12-29,0.0011852617737993,9.611922882801316e-05,9.611922882801316e-05,9.238906150491956e-09,1,1,0.020564262
r4_plus_uncertainty,0,5,-0.018782442,-0.012467604,-0.009230355,-0.007121302,-0.005479397,-0.0041006417,-0.0028747278,-0.0017820512,-0.0007269789,0.00023968202,0.0012309076,0.002216749,0.0031847318,0.0041133626,0.0051824907,0.0063490304,0.00766543,0.009244228,0.011133684,0.014154284,0.020084018,0.0012309076,2024-01-08,2023-12-29,0.0204572928663409,-0.01922638523989084,0.01922638523989084,0.0003696538893926923,1,0,0.020364039
r4_plus_uncertainty,1,1,-0.019822983,-0.012784246,-0.009401078,-0.007257477,-0.0055926237,-0.0042158645,-0.003015928,-0.0019228529,-0.0008573386,0.00011674719,0.0011246434,0.0021583603,0.0031865519,0.0041689547,0.005308633,0.0065228986,0.007890828,0.0095136855,0.011465519,0.014631797,0.020812789,0.0011246434,2024-01-09,2024-01-08,0.0019736065701812,-0.0008489631987407299,0.0008489631987407299,7.207385128160921e-07,1,1,0.020866597
r4_plus_uncertainty,1,2,-0.019437093,-0.012239472,-0.00871246,-0.006429947,-0.004641783,-0.0031680914,-0.0018381322,-0.0006694178,0.0004880384,0.0015312039,0.0026128856,0.0036852455,0.004746528,0.0057764477,0.0069526127,0.008203589,0.009600513,0.011257753,0.013172896,0.016298877,0.022472274,0.0026128856,2024-01-10,2024-01-08,0.006754656172611,-0.004141770619221212,0.004141770619221212,1.715426386224406e-05,1,1,0.021885356
r4_plus_uncertainty,1,3,-0.019955652,-0.012692258,-0.009193034,-0.006921769,-0.0051453942,-0.0036555748,-0.0023147026,-0.0011197845,2.057866e-05,0.0010691371,0.0021529235,0.0032355082,0.0043198057,0.00536617,0.006565746,0.0078698285,0.00932427,0.011059587,0.013109269,0.016400935,0.022785723,0.0021529235,2024-01-11,2024-01-08,0.0020786482571301,7.427523744730786e-05,7.427523744730786e-05,5.5168108978539634e-09,1,1,0.022302303
r4_plus_uncertainty,1,4,-0.02072221,-0.0134504335,-0.00984371,-0.0074843043,-0.0056509674,-0.0041367426,-0.0027445909,-0.0015257843,-0.00035106286,0.00074250216,0.0018580415,0.0029799682,0.0040745516,0.0051622265,0.0063737486,0.007694816,0.009181869,0.010927773,0.012957132,0.016236333,0.022559712,0.0018580415,2024-01-12,2024-01-08,0.0005126444927324,0.0013453970125969108,0.0013453970125969108,1.8100931215046923e-06,1,1,0.022800842
r4_plus_uncertainty,1,5,-0.020834576,-0.01383712,-0.010324931,-0.008022276,-0.0062130014,-0.0046832473,-0.0033160357,-0.0020770056,-0.00087287615,0.0002447294,0.0014016313,0.0025525335,0.0036872022,0.004773983,0.0060279076,0.0073802536,0.008909621,0.01072012,0.012869922,0.016285494,0.022898074,0.0014016313,2024-01-16,2024-01-08,-9.749324927383718e-05,0.001499124527259708,0.001499124527259708,2.247374348231643e-06,0,1,0.023194853
r4_plus_uncertainty,2,1,-0.019822799,-0.01272782,-0.009292029,-0.007076564,-0.0053461785,-0.0039042507,-0.0026432949,-0.0014948612,-0.00038538035,0.00060132984,0.0016158973,0.0026352985,0.003642577,0.00460795,0.005723425,0.006911336,0.008236696,0.00979829,0.011649612,0.014583175,0.020442156,0.0016158973,2024-01-17,2024-01-16,-0.0056566548529702,0.007272552139653521,0.007272552139653521,5.289001462397901e-05,0,1,0.020941641
r4_plus_uncertainty,2,2,-0.019875342,-0.012789391,-0.009404609,-0.007217819,-0.005505889,-0.004080181,-0.0027936252,-0.0016545766,-0.000519449,0.0004934352,0.001545583,0.0025947355,0.003634252,0.0046281638,0.005772116,0.0069835973,0.008339339,0.00992486,0.011750717,0.014686121,0.020525517,0.001545583,2024-01-18,2024-01-16,0.0140943716396457,-0.012548788625269239,0.012548788625269239,0.00015747209596168665,1,0,0.021155326
r4_plus_uncertainty,2,3,-0.019844122,-0.012769528,-0.00934735,-0.0071388134,-0.0054280492,-0.0039964207,-0.002718743,-0.0015897935,-0.000520444,0.00045014816,0.0014539156,0.0024568252,0.003458794,0.0044221617,0.0055361525,0.006751013,0.008101272,0.009704711,0.011577111,0.014548938,0.020478092,0.0014539156,2024-01-19,2024-01-16,0.019636767276067,-0.018182851665157537,0.018182851665157537,0.0003306160946771222,1,0,0.02092446
r4_plus_uncertainty,2,4,-0.020378163,-0.013079784,-0.009527436,-0.00723457,-0.0054705464,-0.0040214625,-0.0027004448,-0.0015619668,-0.00048030444,0.00051225186,0.0015245911,0.002540361,0.003531036,0.0045157885,0.0056055933,0.0067996345,0.008146098,0.00970933,0.011525514,0.014443304,0.020244924,0.0015245911,2024-01-22,2024-01-16,0.001305183935429,0.00021940718453095044,0.00021940718453095044,4.8139512623798535e-08,1,1,0.02105295
r4_plus_uncertainty,2,5,-0.019950133,-0.012975424,-0.009592379,-0.007421686,-0.005735859,-0.004307003,-0.0030319889,-0.0018863439,-0.00077934854,0.00024384253,0.0012929706,0.0023376662,0.0033624643,0.0043441667,0.0054770554,0.006705524,0.008087982,0.009720089,0.011656562,0.01470166,0.020819606,0.0012929706,2024-01-23,2024-01-16,0.0041409169109138,-0.002847946297337328,0.002847946297337328,8.110798112517397e-06,1,1,0.02124894
r4_plus_uncertainty,3,1,-0.018835813,-0.011992322,-0.008758774,-0.0067123165,-0.005094036,-0.0037449307,-0.0025686817,-0.0015071476,-0.00047099288,0.00045338238,0.001408609,0.0023785403,0.0033411256,0.004268217,0.005344863,0.0065059843,0.0078037307,0.009343862,0.01121145,0.014291637,0.020603672,0.001408609,2024-01-24,2024-01-23,0.0055338310321763,-0.0041252220526307665,0.0041252220526307665,1.7017456983511196e-05,1,1,0.019970223
r4_plus_uncertainty,3,2,-0.018856196,-0.011960858,-0.0087268185,-0.0066569955,-0.005018803,-0.0036597664,-0.002436725,-0.0013640834,-0.00029814243,0.0006462453,0.0016342415,0.002622118,0.0035974185,0.0045460537,0.005642718,0.0068146614,0.008140288,0.009710256,0.011554776,0.014630661,0.020894298,0.0016342415,2024-01-25,2024-01-23,0.0012205792486691,0.00041366229876642216,0.00041366229876642216,1.7111649742072072e-07,1,1,0.020281594
r4_plus_uncertainty,3,3,-0.019223042,-0.0121789565,-0.008840943,-0.0066994466,-0.005018872,-0.0036091856,-0.0023515015,-0.0012445648,-0.00019075182,0.0007638656,0.0017647069,0.0027662485,0.0037717402,0.0047454396,0.0058706347,0.00710543,0.008491685,0.01015261,0.012111303,0.015290591,0.021706412,0.0017647069,2024-01-26,2024-01-23,-0.0059754650354733,0.007740171953511728,0.007740171953511728,5.991026186992955e-05,0,1,0.020952247
r4_plus_uncertainty,3,4,-0.020285679,-0.012923023,-0.0093822945,-0.007098029,-0.0053183907,-0.003854614,-0.0025151586,-0.0013567114,-0.00024227604,0.0007920154,0.001859325,0.0029304791,0.003972449,0.0050023664,0.006138796,0.007376292,0.008783872,0.010442531,0.01237318,0.015537537,0.021928035,0.001859325,2024-01-29,2024-01-23,0.0101884130329533,-0.008329088048700847,0.008329088048700847,6.937370772301129e-05,1,1,0.021755476
r4_plus_uncertainty,3,5,-0.019592946,-0.01264003,-0.009299902,-0.0071591605,-0.0054813614,-0.004063366,-0.00279846,-0.0016678352,-0.0005720368,0.00044272834,0.0014921726,0.0025378494,0.0035668253,0.004557382,0.0056998553,0.006942993,0.008363103,0.010062044,0.012093523,0.0153970225,0.0220443,0.0014921726,2024-01-30,2024-01-23,-0.0066789407276258,0.00817111332367064,0.00817111332367064,6.676709294826785e-05,0,1,0.021393426
r4_plus_uncertainty,4,1,-0.017134858,-0.01061991,-0.0075297807,-0.0055314475,-0.003949157,-0.00263526,-0.0014821257,-0.000442458,0.000562427,0.0014459846,0.002347838,0.0032532017,0.0041409754,0.005001465,0.005998754,0.007060477,0.008264295,0.009700576,0.01141733,0.014217858,0.019928018,0.002347838,2024-01-31,2024-01-30,-0.0197803987310363,0.022128236631779187,0.022128236631779187,0.0004896588564320143,0,0,0.018947111
r4_plus_uncertainty,4,2,-0.016399382,-0.010043345,-0.0070641492,-0.005128783,-0.0035966828,-0.002328368,-0.0011858629,-0.0001883916,0.0007991777,0.0016699698,0.0025652878,0.003455495,0.0043408605,0.005200465,0.006194679,0.0072639864,0.008467077,0.009898774,0.011571528,0.014319025,0.019905241,0.0025652878,2024-02-01,2024-01-30,0.0117065281406813,-0.009141240388604317,0.009141240388604317,8.356227584225081e-05,1,0,0.018635677
r4_plus_uncertainty,4,3,-0.016908688,-0.010341429,-0.0072806883,-0.0052964245,-0.0037312743,-0.002418569,-0.0012419629,-0.00020440685,0.0007737923,0.0016456634,0.0025421723,0.0034342813,0.004332792,0.0052090087,0.006224196,0.007341475,0.008589006,0.010086822,0.011853413,0.014673174,0.020306924,0.0025421723,2024-02-02,2024-01-30,0.0167594396282977,-0.014217267302522672,0.014217267302522672,0.00020213068955138031,1,0,0.0191341
r4_plus_uncertainty,4,4,-0.01815204,-0.011483317,-0.008306166,-0.0062395805,-0.004631009,-0.0033074832,-0.0020905603,-0.0010390519,-3.1149742e-05,0.00089716574,0.0018474441,0.0028103525,0.003746162,0.00468101,0.0057159225,0.0068416055,0.008121139,0.00962147,0.011379581,0.014270676,0.020037992,0.0018474441,2024-02-05,2024-01-30,-0.0013061926757222,0.003153636777890283,0.003153636777890283,9.945424926862206e-06,0,1,0.019685747
r4_plus_uncertainty,4,5,-0.01838583,-0.011880488,-0.008799995,-0.0067961784,-0.005214963,-0.0038789215,-0.0026795825,-0.0015970413,-0.00054401637,0.00042247513,0.0014208369,0.0024234394,0.0034071135,0.004358438,0.0054593375,0.006659115,0.008018663,0.009639121,0.011579909,0.014699474,0.020933354,0.0014208369,2024-02-06,2024-01-30,-0.0020092537027132,0.0034300905984174694,0.0034300905984174694,1.1765521513351914e-05,0,1,0.020379905
r4_plus_uncertainty,5,1,-0.021642039,-0.013866653,-0.010150322,-0.0077794264,-0.005925627,-0.0043827635,-0.0030250428,-0.0017986546,-0.0006146701,0.0004514471,0.0015390109,0.0026396958,0.0037257732,0.004760422,0.0059661996,0.0072494405,0.008690574,0.010385242,0.01241842,0.01568121,0.022195593,0.0015390109,2024-02-07,2024-02-06,0.0102375547573073,-0.008698543853509256,0.008698543853509256,7.566466517142365e-05,1,1,0.022568742
r4_plus_uncertainty,5,2,-0.022098316,-0.014123172,-0.010337274,-0.007895818,-0.0059832013,-0.0043916064,-0.002956155,-0.0016880269,-0.00043370758,0.00069132796,0.0018511647,0.0030184416,0.004171807,0.005270218,0.006534943,0.007875988,0.009361888,0.011100794,0.013114334,0.016406,0.022977144,0.0018511647,2024-02-08,2024-02-06,0.0018503278650485,8.368708051720471e-07,8.368708051720471e-07,7.003527445493103e-13,1,1,0.023451608
r4_plus_uncertainty,5,3,-0.02286636,-0.014918818,-0.011118019,-0.008660799,-0.0067604617,-0.00515443,-0.0037148295,-0.0024334923,-0.001216914,-9.3819894e-05,0.0010759456,0.0022393265,0.0033906063,0.0045003067,0.0057834755,0.007174706,0.008729133,0.01058417,0.01278083,0.01630382,0.023299634,0.0010759456,2024-02-09,2024-02-06,0.0097948712109051,-0.008718925649153378,0.008718925649153378,7.601966447546465e-05,1,1,0.02389885
r4_plus_uncertainty,5,4,-0.022270733,-0.014217411,-0.010350437,-0.007864087,-0.005951766,-0.004380197,-0.0029412834,-0.0016984915,-0.0005144874,0.0005720273,0.001681254,0.0027998365,0.0038945673,0.0049690343,0.0061651897,0.0074708243,0.00894081,0.010667315,0.012687832,0.015950162,0.022466687,0.001681254,2024-02-12,2024-02-06,-0.0039202253810345,0.005601479393544681,0.005601479393544681,3.1376571396305684e-05,0,1,0.023038268
r4_plus_uncertainty,5,5,-0.021475691,-0.013810482,-0.010120276,-0.007762413,-0.005937473,-0.004405754,-0.0030376695,-0.0018129234,-0.0006303189,0.00045859377,0.0015771511,0.0026821923,0.0037768234,0.0048181987,0.006019291,0.007325965,0.008789849,0.010528115,0.012590519,0.015845655,0.022444306,0.0015771511,2024-02-13,2024-02-06,-0.0157200014103491,0.017297152534714727,0.017297152534714727,0.0002991914858091881,0,0,0.022710796
r4_plus_uncertainty,6,1,-0.020772684,-0.012731639,-0.008931094,-0.0065114805,-0.0046395324,-0.003094758,-0.0017495399,-0.00053405453,0.0006356924,0.0016863808,0.0027614217,0.003839667,0.0049010017,0.0059172255,0.0070996196,0.008348272,0.009758177,0.011416559,0.013411337,0.016570255,0.022741817,0.0027614217,2024-02-14,2024-02-13,0.0108383092060217,-0.008076887480867777,0.008076887480867777,6.523611137859863e-05,1,1,0.02234243
r4_plus_uncertainty,6,2,-0.020935401,-0.013135096,-0.009519926,-0.0072068744,-0.0053981952,-0.0038958094,-0.002539121,-0.0013380289,-0.00013650063,0.00094144646,0.0020573768,0.0031767609,0.004278214,0.0053408677,0.0065664486,0.007869694,0.009336561,0.011060025,0.013056758,0.016283017,0.022399073,0.0020573768,2024-02-15,2024-02-13,0.0029733146952136,-0.0009159379118724308,0.0009159379118724308,8.389422584052287e-07,1,1,0.022576684
r4_plus_uncertainty,6,3,-0.020755047,-0.01282933,-0.00915281,-0.0067927875,-0.004957635,-0.0034106183,-0.0020240531,-0.0007908788,0.00037790378,0.0014419856,0.0025393735,0.0036310675,0.0047199475,0.0057721343,0.0069857496,0.008314766,0.0097944,0.011554432,0.013624121,0.016881637,0.023090895,0.0025393735,2024-02-16,2024-02-13,-0.0091089905818626,0.011648364050470265,0.011648364050470265,0.00013568438505228803,0,1,0.022776932
r4_plus_uncertainty,6,4,-0.022302601,-0.014238061,-0.010420738,-0.007962261,-0.0060758847,-0.004518769,-0.0030897344,-0.0018432353,-0.0006413746,0.00047900388,0.001629647,0.0027877726,0.003917335,0.0050342185,0.0062755207,0.0076159053,0.009127013,0.010878209,0.012925262,0.016201556,0.022398774,0.001629647,2024-02-20,2024-02-13,-0.0075767262223666,0.009206373206295578,0.009206373206295578,8.475730761359713e-05,0,1,0.023346
r4_plus_uncertainty,6,5,-0.022561608,-0.014595633,-0.010793787,-0.008352686,-0.0064541963,-0.004853493,-0.0034259283,-0.0021345261,-0.0008769502,0.0002985349,0.0015127647,0.002727808,0.0039244783,0.0050710863,0.006384182,0.0078024482,0.009389153,0.011245728,0.013436599,0.016873095,0.023462772,0.0015127647,2024-02-21,2024-02-13,-0.0040098848492255,0.005522649569471696,0.005522649569471696,3.0499658267185905e-05,0,1,0.024230387
r4_plus_uncertainty,7,1,-0.018132057,-0.011056644,-0.0077590435,-0.0056604696,-0.0040399097,-0.0026897546,-0.0015274222,-0.00046551126,0.0005557963,0.001470313,0.0024135725,0.0033649646,0.004304339,0.0052026105,0.006254285,0.0073812082,0.008665839,0.010209006,0.0120888855,0.015168055,0.021289384,0.0024135725,2024-02-22,2024-02-21,0.0288554292019735,-0.0264418566912691,0.0264418566912691,0.0006991717852816125,1,0,0.01984793
r4_plus_uncertainty,7,2,-0.020575197,-0.01324147,-0.009868796,-0.007745341,-0.0061010174,-0.004739621,-0.0035155988,-0.0024270096,-0.0013451293,-0.0003691965,0.0006578264,0.001683504,0.0027055827,0.003703762,0.004875131,0.0061404957,0.0076058125,0.009368498,0.011450953,0.014858625,0.021210868,0.0006578264,2024-02-23,2024-02-21,-0.0029491160121863,0.003606942383211594,0.003606942383211594,1.3010033355808134e-05,0,1,0.021319749
r4_plus_uncertainty,7,3,-0.020171618,-0.012584379,-0.009081841,-0.0068586664,-0.005144737,-0.0036897107,-0.0023780777,-0.0012004263,-7.3709e-05,0.0009630701,0.002046243,0.0031156978,0.004182873,0.005204636,0.006383306,0.007674513,0.009135164,0.010898676,0.013005373,0.01640828,0.022888388,0.002046243,2024-02-26,2024-02-21,-0.0005267371637885,0.002572980218580785,0.002572980218580785,6.620227205208024e-06,0,1,0.022087215
r4_plus_uncertainty,7,4,-0.021155354,-0.01334836,-0.009668956,-0.0073143253,-0.0055009937,-0.0040069106,-0.0026385554,-0.001437951,-0.00027568694,0.0008123641,0.0019372881,0.0030553688,0.004146995,0.005235544,0.0064481087,0.0077752843,0.00929272,0.0110897245,0.013215558,0.016678065,0.023226071,0.0019372881,2024-02-27,2024-02-21,0.002402307425953,-0.00046501933350369265,0.00046501933350369265,2.1624298053221853e-07,1,1,0.022884514
r4_plus_uncertainty,7,5,-0.021061033,-0.013306856,-0.009516981,-0.0070909886,-0.005224774,-0.0036660505,-0.0022939194,-0.0010515018,0.00014916531,0.0012688513,0.0024158596,0.0035735455,0.004707298,0.005796507,0.0070479703,0.00841615,0.0099758515,0.011844055,0.014079691,0.017674785,0.024485173,0.0024158596,2024-02-28,2024-02-21,-0.0053386145066858,0.00775447411280281,0.00775447411280281,6.013186876612893e-05,0,1,0.023596672
r4_plus_uncertainty,8,1,-0.020495635,-0.013326014,-0.009805526,-0.007537445,-0.005759182,-0.004266805,-0.0029528877,-0.0017480539,-0.0005741825,0.00047665343,0.0015696015,0.0026746143,0.0037699684,0.0048205894,0.00604198,0.0073488583,0.008815456,0.010545545,0.012620659,0.015973303,0.022718122,0.0015696015,2024-02-29,2024-02-28,0.0085328340446164,-0.006963232570286571,0.006963232570286571,4.848660782789973e-05,1,1,0.022426184
r4_plus_uncertainty,8,2,-0.0208472,-0.013593102,-0.010075172,-0.0077953674,-0.006001854,-0.004501626,-0.0031429064,-0.001929005,-0.00071704737,0.00037096813,0.0015122519,0.0026566046,0.0037948024,0.004886858,0.0061516115,0.0074966126,0.00901392,0.01080248,0.012877692,0.016276976,0.02301902,0.0015122519,2024-03-01,2024-02-28,0.0149445932169848,-0.013432341306231253,0.013432341306231253,0.00018042779296708632,1,0,0.022952864
r4_plus_uncertainty,8,3,-0.02108434,-0.01383736,-0.010283024,-0.007983062,-0.006189984,-0.0046718367,-0.0032999613,-0.0020744894,-0.00090245844,0.00016930382,0.0012991668,0.0024286432,0.0035561135,0.0046408926,0.005896483,0.0072571263,0.00878491,0.01061663,0.012777725,0.016263397,0.02321678,0.0012991668,2024-03-04,2024-02-28,-0.0035745526098149,0.00487371942889561,0.00487371942889561,2.3753141071594555e-05,0,1,0.02306075
r4_plus_uncertainty,8,4,-0.0211279,-0.013936187,-0.010457729,-0.008194952,-0.006424137,-0.004935301,-0.0035529586,-0.0023357559,-0.0011563692,-5.3665513e-05,0.0010858797,0.0022359958,0.0033551517,0.0044716015,0.0057124137,0.0070667304,0.008603879,0.010405635,0.012529316,0.015974304,0.022752302,0.0010858797,2024-03-05,2024-02-28,-0.0181125786910815,0.019198458437906,0.019198458437906,0.00036858080639200414,0,0,0.022987045
r4_plus_uncertainty,8,5,-0.020702552,-0.013700128,-0.010233815,-0.007991718,-0.0062276777,-0.004731636,-0.0033939837,-0.002184551,-0.0010105029,8.110248e-05,0.0012103273,0.0023435573,0.0034622555,0.004535402,0.0057769935,0.007122184,0.008650031,0.010467205,0.0126387905,0.016105723,0.023062384,0.0012103273,2024-03-06,2024-02-28,0.0062640692089783,-0.005053741948782091,0.005053741948782091,2.5540307684879805e-05,1,1,0.022872604
r4_plus_uncertainty,9,1,-0.02188227,-0.013547881,-0.009762879,-0.007363124,-0.005506347,-0.003964809,-0.0026336084,-0.0014349885,-0.00029719312,0.00072956074,0.0017752557,0.002835961,0.0038959156,0.0049156137,0.006114055,0.0074126595,0.008893133,0.010672206,0.012849885,0.016433414,0.023759134,0.0017752557,2024-03-07,2024-03-06,0.0150641053201408,-0.013288849660545669,0.013288849660545669,0.00017659352530058472,1,0,0.022612765
r4_plus_uncertainty,9,2,-0.022795118,-0.014539755,-0.010824185,-0.008457271,-0.0066088955,-0.005068659,-0.0036813496,-0.0024590795,-0.0012576787,-0.00017852854,0.0009380571,0.0020635515,0.0031923752,0.004288803,0.0055808546,0.006984999,0.008593403,0.010531983,0.01282866,0.016634371,0.024094243,0.0009380571,2024-03-08,2024-03-06,-0.0145401973295111,0.015478254414078945,0.015478254414078945,0.00023957635970695435,0,0,0.023652844
r4_plus_uncertainty,9,3,-0.023529567,-0.015096209,-0.011257875,-0.008799867,-0.0069013652,-0.0053032497,-0.0038770866,-0.0026096967,-0.0014038987,-0.0002941275,0.000854773,0.0020014234,0.0031528017,0.0042698234,0.0055754897,0.007014127,0.008645054,0.010624309,0.0129947215,0.016899925,0.024584357,0.000854773,2024-03-11,2024-03-06,-0.0037196586741538,0.004574431655410046,0.004574431655410046,2.0925424970017493e-05,0,1,0.024252597
r4_plus_uncertainty,9,4,-0.02352349,-0.014851062,-0.010884459,-0.008347064,-0.00639884,-0.0048029455,-0.00335863,-0.0021024842,-0.0009030263,0.00019598959,0.0013265011,0.0024708668,0.0036069518,0.0047267047,0.0059971414,0.007407734,0.009024807,0.010955241,0.013257858,0.017041355,0.024463657,0.0013265011,2024-03-12,2024-03-06,0.014233305615606,-0.012906804478960325,0.012906804478960325,0.00016658560185811032,1,0,0.024142317
r4_plus_uncertainty,9,5,-0.023083173,-0.014681032,-0.010785567,-0.008314901,-0.0064228214,-0.0048397067,-0.0034317994,-0.0021685248,-0.00094874704,0.00018306554,0.0013457923,0.002516483,0.0036838662,0.0047988947,0.006092595,0.007519371,0.009133784,0.01108766,0.013444924,0.017260075,0.02484642,0.0013457923,2024-03-13,2024-03-06,-0.0077157608772787,0.009061553196904316,0.009061553196904316,8.211174634032682e-05,0,1,0.024230491
r4_plus_uncertainty,10,1,-0.023788683,-0.015914774,-0.0120081175,-0.009490023,-0.0075315884,-0.0058949646,-0.00445844,-0.0031600534,-0.0019073569,-0.00077053567,0.0003924241,0.0015718094,0.0027631312,0.003910514,0.0052439463,0.006682599,0.008304191,0.010218586,0.012502831,0.016230406,0.023438541,0.0003924241,2024-03-14,2024-03-13,-0.0025244495915104,0.0029168736797146795,0.0029168736797146795,8.508152063412254e-06,0,1,0.02451095
r4_plus_uncertainty,10,2,-0.023509802,-0.01539635,-0.011379747,-0.008779645,-0.006759572,-0.0050731916,-0.0035576257,-0.0022207396,-0.0009058957,0.00026866712,0.0014743102,0.0026884442,0.0039028479,0.005075079,0.0064290473,0.007875743,0.00950792,0.011420997,0.013650079,0.017304314,0.024224376,0.0014743102,2024-03-15,2024-03-13,-0.0119580167050068,0.013432326883316479,0.013432326883316479,0.0001804274055002666,0,0,0.025029827
r4_plus_uncertainty,10,3,-0.023751965,-0.015539643,-0.011463268,-0.008823045,-0.0067881974,-0.005080141,-0.003553425,-0.0022112615,-0.0009462874,0.00021596244,0.0014155251,0.0026139496,0.0038227239,0.004993288,0.0063523273,0.007842251,0.0095283585,0.011538608,0.013904257,0.01768538,0.024809925,0.0014155251,2024-03-18,2024-03-13,0.0094920628039333,-0.00807653770653335,0.00807653770653335,6.523046132505498e-05,1,1,0.025367524
r4_plus_uncertainty,10,4,-0.02339502,-0.01537883,-0.011459087,-0.008915039,-0.0069369855,-0.0052840863,-0.0037592556,-0.0024217428,-0.0011351175,4.8482616e-05,0.0012477433,0.0024429709,0.0036273985,0.0048011453,0.0061176857,0.007567249,0.009219124,0.011164294,0.0134463925,0.01714417,0.024077993,0.0012477433,2024-03-19,2024-03-13,0.0024884904089846,-0.0012407471479378923,0.0012407471479378923,1.539453485116014e-06,1,1,0.02490548
r4_plus_uncertainty,10,5,-0.022813734,-0.014836777,-0.010849528,-0.008311496,-0.0063550384,-0.0047039655,-0.0032309159,-0.0019076179,-0.00062968384,0.0005483016,0.001749544,0.0029455437,0.004139644,0.005288875,0.0066173216,0.008069052,0.0096936915,0.011618922,0.013893993,0.017516505,0.024513444,0.001749544,2024-03-20,2024-03-13,0.0117870052784771,-0.010037461223275987,0.010037461223275987,0.00010075062780876908,1,1,0.02474352
r4_plus_uncertainty,11,1,-0.019800395,-0.0126112,-0.009319193,-0.007269622,-0.005687141,-0.0043796985,-0.003258531,-0.0022327607,-0.0012333181,-0.00032126333,0.0006351638,0.0016259344,0.002615321,0.0035643924,0.004676299,0.005878708,0.0072405688,0.008864229,0.010819194,0.013958361,0.019852364,0.0006351638,2024-03-21,2024-03-20,0.0047209805204958,-0.004085816720170555,0.004085816720170555,1.669389827082527e-05,1,1,0.020138387
r4_plus_uncertainty,11,2,-0.020086644,-0.012778974,-0.009450162,-0.00734838,-0.005710805,-0.00435133,-0.0031335542,-0.0020500282,-0.0009716587,-5.7171565e-07,0.0010306159,0.0020647286,0.003096089,0.004100875,0.005274038,0.0065214224,0.007957514,0.009671962,0.011669116,0.014879582,0.020815624,0.0010306159,2024-03-22,2024-03-20,0.0011431779553215,-0.00011256207516742683,0.00011256207516742683,1.2670220765997448e-08,1,1,0.021119278
r4_plus_uncertainty,11,3,-0.020640366,-0.013051812,-0.009578765,-0.007386771,-0.0056998446,-0.004283757,-0.0030108963,-0.0018681732,-0.0007725596,0.00023896692,0.0013153657,0.002387045,0.0034570233,0.004480452,0.005660443,0.00692967,0.008355408,0.010046718,0.012050756,0.015238754,0.021261778,0.0013153657,2024-03-25,2024-03-20,-0.0036358060284306,0.004951171690297563,0.004951171690297563,2.4514101106804027e-05,0,1,0.021629522
r4_plus_uncertainty,11,4,-0.020826599,-0.01306566,-0.009423095,-0.0070826574,-0.005286242,-0.0038093124,-0.002458468,-0.0012764065,-0.00014066143,0.00092610647,0.0020313137,0.0031371627,0.0042115897,0.0052849953,0.0064755105,0.0077676205,0.00923593,0.010959824,0.012953678,0.016136136,0.022052439,0.0020313137,2024-03-26,2024-03-20,-0.0032430167689116,0.005274330490002155,0.005274330490002155,2.7818562117766373e-05,0,1,0.022376772
r4_plus_uncertainty,11,5,-0.020670453,-0.013178958,-0.00959055,-0.007301314,-0.005519132,-0.004014092,-0.0026837662,-0.0014705923,-0.00029134814,0.00081376464,0.0019593188,0.003104964,0.004226412,0.005295502,0.0065248064,0.0078391805,0.00932884,0.011084976,0.013143556,0.016385749,0.022560451,0.0019593188,2024-03-27,2024-03-20,0.0034002987641521,-0.0014409800033696198,0.0014409800033696198,2.0764233701111095e-06,1,1,0.022734106
r4_plus_uncertainty,12,1,-0.019531293,-0.0127646625,-0.00956913,-0.0075083342,-0.005882303,-0.0045177164,-0.0033287918,-0.002238953,-0.0011737593,-0.00021141692,0.0007949917,0.001821351,0.0028488683,0.003840041,0.0050011734,0.0062521934,0.007660404,0.00933329,0.011329097,0.01454421,0.020665988,0.0007949917,2024-03-28,2024-03-27,-0.0018449842882695,0.002639975964499484,0.002639975964499484,6.96947309313498e-06,0,1,0.020898227
r4_plus_uncertainty,12,2,-0.01954169,-0.012584716,-0.009320155,-0.0071943603,-0.0055107963,-0.0040957034,-0.0028164093,-0.0016745573,-0.0005432511,0.00047491747,0.0015470148,0.0026156488,0.003685787,0.004709521,0.0058909804,0.007139249,0.008547098,0.010202572,0.012126782,0.0152280405,0.021155987,0.0015470148,2024-04-01,2024-03-27,0.0021148406068655,-0.0005678258004458889,0.0005678258004458889,3.224261396520145e-07,1,1,0.021446936
r4_plus_uncertainty,12,3,-0.020242013,-0.0130500775,-0.009677696,-0.0074944864,-0.0057891337,-0.004341275,-0.0030347544,-0.0018630903,-0.00073903083,0.0002968762,0.0013903109,0.0024775416,0.003569081,0.004611863,0.0058169765,0.007120593,0.00858082,0.010322232,0.012370566,0.015598561,0.021784618,0.0013903109,2024-04-02,2024-03-27,-0.0086677369629234,0.010058047898599497,0.010058047898599497,0.00010116432753052177,0,1,0.022048261
r4_plus_uncertainty,12,4,-0.020579994,-0.013238624,-0.00977105,-0.0075166966,-0.0057656714,-0.004319251,-0.0029896921,-0.0018218614,-0.00069782924,0.00035217628,0.0014388461,0.0025281098,0.003590261,0.004645445,0.0058185104,0.0070961765,0.008547583,0.010247264,0.012237998,0.015419635,0.021420795,0.0014388461,2024-04-03,2024-03-27,0.0022419148819517,-0.0008030687687914473,0.0008030687687914473,6.44919447408211e-07,1,1,0.022009049
r4_plus_uncertainty,12,5,-0.019970339,-0.012979344,-0.0095946435,-0.007410483,-0.0057077305,-0.004267883,-0.0029836232,-0.0018171773,-0.00068391016,0.00037434546,0.0014611966,0.0025504495,0.0036184783,0.0046441006,0.005833164,0.007120059,0.0085825585,0.010326158,0.0123981,0.015659215,0.02191737,0.0014611966,2024-04-04,2024-03-27,-0.0154087761451287,0.016869972719511184,0.016869972719511184,0.0002845959795570516,0,0,0.021992743
r4_plus_uncertainty,13,1,-0.020356996,-0.012860082,-0.009268665,-0.0069691334,-0.0051868805,-0.0037120217,-0.0024317903,-0.0012798307,-0.00017460811,0.000812708,0.0018193428,0.0028371736,0.0038401112,0.0048050885,0.0059309546,0.007138477,0.008520063,0.010175066,0.012193067,0.015541149,0.0224167,0.0018193428,2024-04-05,2024-04-04,0.0117149877342529,-0.009895644893789976,0.009895644893789976,9.792378786399163e-05,1,1,0.021461733
r4_plus_uncertainty,13,2,-0.021385841,-0.014026331,-0.010579707,-0.008367827,-0.0066279704,-0.0051769502,-0.0038653007,-0.0027024264,-0.0015501154,-0.00051367516,0.00056750263,0.0016564291,0.0027382227,0.003793838,0.005028992,0.0063627935,0.007887243,0.00971797,0.011871721,0.015466474,0.022542836,0.00056750263,2024-04-08,2024-04-04,0.0002950999857528,0.000272402647450021,0.000272402647450021,7.420320233778043e-08,1,1,0.022451427
r4_plus_uncertainty,13,3,-0.021713339,-0.014127323,-0.010561192,-0.008281458,-0.0065048677,-0.0049977326,-0.0036366968,-0.0024110363,-0.0012383871,-0.00015622625,0.0009704103,0.0020966635,0.0032162748,0.004302062,0.0055612493,0.00692692,0.008464031,0.010314527,0.01251487,0.016127322,0.023401313,0.0009704103,2024-04-09,2024-04-04,0.0036927005446055,-0.002722290245118088,0.002722290245118088,7.4108641786651e-06,1,1,0.023076061
r4_plus_uncertainty,13,4,-0.022304995,-0.014559461,-0.010873545,-0.008496953,-0.006649993,-0.0051236367,-0.0037204386,-0.0024941193,-0.0013099129,-0.00020751133,0.0009312177,0.0020829341,0.0032098936,0.0043270923,0.005574784,0.006929561,0.008477211,0.0103135565,0.012491346,0.016120443,0.023290636,0.0009312177,2024-04-10,2024-04-04,-0.0087667266369534,0.009697944321363913,0.009697944321363913,9.405012406027457e-05,0,1,0.02336489
r4_plus_uncertainty,13,5,-0.021336928,-0.013969971,-0.010443075,-0.008155369,-0.0063559227,-0.004831203,-0.0034642536,-0.0022239548,-0.0010173339,9.887622e-05,0.0012447195,0.0023897788,0.0035188755,0.0046062223,0.005860699,0.0072376407,0.008811952,0.010715962,0.013014743,0.016805895,0.02432013,0.0012447195,2024-04-11,2024-04-04,0.0158419405204379,-0.014597221030960325,0.014597221030960325,0.00021307886182671043,1,0,0.023457818
r4_plus_uncertainty,14,1,-0.018333774,-0.0114412485,-0.008189194,-0.0061471662,-0.0045727207,-0.003276676,-0.0021556795,-0.0011309638,-0.00013543895,0.000766888,0.0017010085,0.0026601586,0.0036093998,0.0045096143,0.005554771,0.0066652675,0.007913185,0.0093883,0.011160243,0.014025742,0.01964399,0.0017010085,2024-04-12,2024-04-11,-0.0160701797613913,0.017771188289862294,0.017771188289862294,0.0003158151332337387,0,0,0.019349437
r4_plus_uncertainty,14,2,-0.018299503,-0.0113107655,-0.007978424,-0.0058478597,-0.0041925255,-0.0028306087,-0.0016108309,-0.00053452945,0.00053228124,0.0014908725,0.0024935089,0.0034897488,0.0044794776,0.005437431,0.0065365103,0.007698834,0.009013723,0.010570088,0.012380678,0.015332064,0.021096993,0.0024935089,2024-04-15,2024-04-11,-0.0165879204196408,0.01908142927824702,0.01908142927824702,0.0003641009433007426,0,0,0.020359103
r4_plus_uncertainty,14,3,-0.019039208,-0.011723948,-0.008256759,-0.006020828,-0.0042888424,-0.0028390759,-0.0015493936,-0.00040197573,0.00067913596,0.0016708176,0.0027006017,0.0037238153,0.0047517307,0.00574185,0.006871747,0.008114558,0.00951345,0.011200385,0.013212314,0.016436983,0.022573963,0.0027006017,2024-04-16,2024-04-11,9.27860295714043e-05,0.0026078156748472548,0.0026078156748472548,6.8007025939790425e-06,1,1,0.021469072
r4_plus_uncertainty,14,4,-0.020527245,-0.013038192,-0.009405628,-0.0070602116,-0.0052613113,-0.0037834817,-0.0024359478,-0.0012562549,-0.000118923286,0.000947629,0.0020437515,0.003146157,0.00422139,0.005290252,0.006477601,0.0077719335,0.0092321895,0.0109461,0.012946806,0.01616091,0.022205887,0.0020437515,2024-04-17,2024-04-11,-0.0122763090176749,0.014320060551749446,0.014320060551749446,0.00020506413420577063,0,0,0.022352435
r4_plus_uncertainty,14,5,-0.020601604,-0.013331229,-0.009796793,-0.007524372,-0.005751013,-0.004250622,-0.0029123407,-0.0016923698,-0.00050643564,0.00060928153,0.0017640459,0.002924631,0.00406776,0.0051583378,0.0064195627,0.0077749407,0.009306978,0.011114978,0.013251665,0.016620986,0.023013862,0.0017640459,2024-04-18,2024-04-11,-0.0057226542197993,0.0074867001316403945,0.0074867001316403945,5.60506788611043e-05,0,1,0.023048457
r4_plus_uncertainty,15,1,-0.022227,-0.014838301,-0.0113282325,-0.009069862,-0.0073197163,-0.005863415,-0.0045958916,-0.003440086,-0.0023204973,-0.0013074232,-0.00026034506,0.00080720574,0.0018718007,0.0028887668,0.0040869317,0.0053735706,0.006842833,0.008614263,0.0107591115,0.014253923,0.021002091,-0.00026034506,2024-04-19,2024-04-18,-0.0209062759032611,0.0206459308475394,0.0206459308475394,0.00042625446056137895,1,0,0.022087343
r4_plus_uncertainty,15,2,-0.0203674,-0.012669058,-0.00894685,-0.0065172603,-0.004628274,-0.0030662236,-0.0016704688,-0.00043851417,0.0007618293,0.0018434832,0.0029633355,0.004074146,0.0051865405,0.006251911,0.007480427,0.00879776,0.010284409,0.0120594865,0.014151709,0.017579336,0.024264375,0.0029633355,2024-04-22,2024-04-18,0.0100065289745747,-0.007043193488445773,0.007043193488445773,4.9606574515684937e-05,1,1,0.023098558
r4_plus_uncertainty,15,3,-0.022951942,-0.015069704,-0.011364686,-0.008987561,-0.007163986,-0.005622977,-0.0042308643,-0.0029791682,-0.0017814848,-0.0006687055,0.0004980839,0.001656001,0.0028180373,0.0039322064,0.005222699,0.0066180737,0.008184094,0.010058773,0.01229702,0.015850304,0.022615911,0.0004980839,2024-04-23,2024-04-18,0.0148124916293676,-0.014314407743608485,0.014314407743608485,0.00020490226905027855,1,0,0.023661707
r4_plus_uncertainty,15,4,-0.023000425,-0.014836182,-0.0108767925,-0.008310752,-0.006354779,-0.0047498737,-0.003279733,-0.0019898978,-0.0007503853,0.00040633345,0.001602432,0.0028076582,0.0039893296,0.0051579964,0.0064592413,0.0078765685,0.009483612,0.011373434,0.013598179,0.01715768,0.023894632,0.001602432,2024-04-24,2024-04-18,0.0033820175275029,-0.0017795855354340133,0.0017795855354340133,3.166924677925964e-06,1,1,0.024474971
r4_plus_uncertainty,15,5,-0.02251974,-0.014814697,-0.011026428,-0.008570563,-0.0066610733,-0.0050457995,-0.0036098715,-0.0022912303,-0.0010086528,0.00019404065,0.0014296519,0.0026666836,0.0038857618,0.005042864,0.00638089,0.007819791,0.0094484985,0.011377821,0.013681018,0.017319478,0.024353879,0.0014296519,2024-04-25,2024-04-18,-0.0048415635298979,0.006271215393770905,0.006271215393770905,3.9328142515069163e-05,0,1,0.024707446
r4_plus_uncertainty,16,1,-0.023877913,-0.015695542,-0.01176919,-0.00930075,-0.007392184,-0.005809893,-0.0044286028,-0.003171623,-0.0019540295,-0.0008476424,0.000300829,0.0014780544,0.0026412592,0.0037484334,0.005034405,0.006415045,0.00797791,0.00983441,0.012069081,0.015683707,0.022619141,0.000300829,2024-04-26,2024-04-25,0.0153138191522939,-0.015012990144537936,0.015012990144537936,0.0002253898730799932,1,0,0.02383827
r4_plus_uncertainty,16,2,-0.022558581,-0.014243828,-0.010198515,-0.007600736,-0.0055829585,-0.0039157933,-0.0024200343,-0.0011001483,0.00019484005,0.0013633918,0.002574215,0.0037830577,0.004994954,0.006154067,0.0075001726,0.008933463,0.010556733,0.01247585,0.014729317,0.018403068,0.025518432,0.002574215,2024-04-29,2024-04-25,0.0040521896083778,-0.0014779746637618397,0.0014779746637618397,2.1844091067219232e-06,1,1,0.024927832
r4_plus_uncertainty,16,3,-0.025634896,-0.017028077,-0.012878702,-0.010217961,-0.008178031,-0.006453301,-0.0048992494,-0.0035025629,-0.0021719642,-0.00093249546,0.00036215785,0.0016567527,0.0029545564,0.0042027435,0.0056358743,0.0071857767,0.008922746,0.010993437,0.0134583125,0.01739967,0.024890384,0.00036215785,2024-04-30,2024-04-25,-0.019036275761379,0.019398433612138104,0.019398433612138104,0.0003762992266045294,0,0,0.026337015
r4_plus_uncertainty,16,4,-0.025340255,-0.016568061,-0.012207793,-0.009376869,-0.0072201164,-0.005449945,-0.0038268648,-0.0024142547,-0.0010616806,0.00019316145,0.0014822015,0.0027795255,0.0040620184,0.005335749,0.006754729,0.008311603,0.010083009,0.012162702,0.014628775,0.018620713,0.026157938,0.0014822015,2024-05-01,2024-04-25,-0.0072567917457458,0.00873899325306084,0.00873899325306084,7.637000307704288e-05,0,1,0.026836568
r4_plus_uncertainty,16,5,-0.026497485,-0.018111823,-0.013902202,-0.011160473,-0.009043972,-0.0072742933,-0.005707958,-0.004288557,-0.0029115977,-0.0016210431,-0.00029702915,0.0010377167,0.0023845495,0.0036760084,0.005178443,0.006807402,0.008663512,0.010880857,0.013570193,0.017838541,0.025774345,-0.00029702915,2024-05-02,2024-04-25,0.0126826158542947,-0.012979645007738573,0.012979645007738573,0.00016847118452691288,0,1,0.027472395
r4_plus_uncertainty,17,1,-0.018994011,-0.011898217,-0.008441717,-0.006213594,-0.0044891946,-0.003047949,-0.0017982638,-0.00064739876,0.00046655274,0.0014779245,0.0025226232,0.0035840955,0.00463968,0.0056421733,0.0068076034,0.008056704,0.009476207,0.011171874,0.013231244,0.016557591,0.023113549,0.0025226232,2024-05-03,2024-05-02,0.0198990764515872,-0.017376453285145282,0.017376453285145282,0.0003019411287708363,1,0,0.02167296
r4_plus_uncertainty,17,2,-0.021816598,-0.0144998925,-0.010938483,-0.008627577,-0.0068253404,-0.005331146,-0.003982971,-0.002773464,-0.0015698192,-0.00047062928,0.00068279926,0.001844006,0.0030040455,0.004133892,0.0054453434,0.0068462347,0.008449822,0.0103592165,0.012602018,0.016230186,0.023065709,0.00068279926,2024-05-06,2024-05-02,0.0108938268725553,-0.01021102761056064,0.01021102761056064,0.00010426508486363173,1,1,0.0235405
r4_plus_uncertainty,17,3,-0.022639882,-0.0149441445,-0.011194889,-0.008756897,-0.0068713897,-0.0052709775,-0.0038233835,-0.002510595,-0.0012420337,-5.517513e-05,0.0011959602,0.0024507206,0.003707235,0.0049162987,0.0063000233,0.0077832625,0.009450136,0.011411967,0.0137291895,0.017409492,0.02447426,0.0011959602,2024-05-07,2024-05-02,0.0001591035319077,0.0010368566805912032,0.0010368566805912032,1.0750717760866085e-06,1,1,0.024924079
r4_plus_uncertainty,17,4,-0.024195991,-0.016478945,-0.012767906,-0.010318454,-0.008409194,-0.0067946003,-0.005291211,-0.0039330195,-0.0025973925,-0.0013213312,8.4980275e-06,0.0013473375,0.002657602,0.0039552636,0.005392097,0.0069340654,0.008680216,0.010709325,0.013092119,0.016933532,0.024143418,8.4980275e-06,2024-05-08,2024-05-02,-0.0005907326853162,0.0005992307127712617,0.0005992307127712617,3.590774471283543e-07,0,1,0.025860026
r4_plus_uncertainty,17,5,-0.023895008,-0.016302321,-0.012519739,-0.010036772,-0.008088602,-0.0064447746,-0.0049829367,-0.0036372172,-0.0023176663,-0.0010705146,0.00023003535,0.0015464943,0.0028612644,0.00412996,0.005593474,0.0071698437,0.0089583825,0.011080488,0.013614378,0.017636707,0.025293076,0.00023003535,2024-05-09,2024-05-02,0.0021790466308748,-0.0019490112791690625,0.0019490112791690625,3.798644966328225e-06,1,1,0.026134117
r4_plus_uncertainty,18,1,-0.020950917,-0.013432552,-0.009733,-0.007335113,-0.0054574553,-0.0038912974,-0.0025266714,-0.0012845667,-8.0695376e-05,0.0009976678,0.0021094244,0.0032206415,0.0043150526,0.005357722,0.0065670274,0.007840641,0.009277737,0.010975899,0.013013335,0.01626981,0.022504127,0.0021094244,2024-05-10,2024-05-09,0.0023555673614074,-0.0002461429174919136,0.0002461429174919136,6.058633583143098e-08,1,1,0.022746336
r4_plus_uncertainty,18,2,-0.021665748,-0.014302794,-0.0107394345,-0.008426522,-0.006605439,-0.005085094,-0.0037099186,-0.0024848962,-0.0012698246,-0.00017625571,0.00097359833,0.0021116342,0.0032534653,0.0043527586,0.005623604,0.006975923,0.008514183,0.0103330985,0.012442548,0.015839597,0.022124432,0.00097359833,2024-05-13,2024-05-09,0.0023046522064865,-0.0013310538734108575,0.0013310538734108575,1.7717044139220472e-06,1,1,0.023181982
r4_plus_uncertainty,18,3,-0.022385119,-0.014826164,-0.011174279,-0.008798893,-0.006948929,-0.005383809,-0.0039655846,-0.0026926787,-0.0014674978,-0.0003377534,0.00084983197,0.0020235751,0.0032020519,0.0043311086,0.005623063,0.0070083234,0.008550779,0.010369147,0.012501357,0.015885685,0.022264842,0.00084983197,2024-05-14,2024-05-09,0.0064115164177649,-0.005561684452012954,0.005561684452012954,3.093233394376263e-05,1,1,0.023675635
r4_plus_uncertainty,18,4,-0.022821147,-0.015223851,-0.0115207555,-0.00910052,-0.0072132726,-0.0056370413,-0.0041825785,-0.0029005257,-0.0016544808,-0.0004904675,0.000715206,0.0019183424,0.0030925446,0.0042614406,0.0055525634,0.006945069,0.008515109,0.010337427,0.012457527,0.01589112,0.02228626,0.000715206,2024-05-15,2024-05-09,0.0155095059537017,-0.014794299925739433,0.014794299925739433,0.0002188713102927338,1,0,0.023978282
r4_plus_uncertainty,18,5,-0.022512997,-0.015100876,-0.011416039,-0.009013136,-0.007125887,-0.005533628,-0.0041125636,-0.002823391,-0.001566266,-0.000388103,0.0008242881,0.0020438668,0.0032356763,0.004389134,0.005706607,0.007122802,0.008723886,0.010612838,0.012851313,0.016406253,0.02312937,0.0008242881,2024-05-16,2024-05-09,-0.0020333278090901,0.00285761592492678,0.00285761592492678,8.165968774395137e-06,0,1,0.024267353
r4_plus_uncertainty,19,1,-0.019575221,-0.012925717,-0.009726557,-0.0076502347,-0.006006319,-0.004629678,-0.0034271276,-0.0023297924,-0.0012626122,-0.0002981769,0.0007045745,0.0017286126,0.00275076,0.0037301579,0.004867901,0.0060853595,0.0074548535,0.009076227,0.011017277,0.014164824,0.020226043,0.0007045745,2024-05-17,2024-05-16,-0.0004870146444328,0.0011915891595445445,0.0011915891595445445,1.419884725144074e-06,0,1,0.020743834
r4_plus_uncertainty,19,2,-0.019789606,-0.01296973,-0.0097139105,-0.007593846,-0.0059053674,-0.004496501,-0.0032286348,-0.0021085632,-0.0010042945,-1.6529812e-05,0.0010166006,0.0020535048,0.0030870843,0.004086621,0.0052407747,0.0064601535,0.007836592,0.009462434,0.0113684675,0.014480579,0.020380175,0.0010166006,2024-05-20,2024-05-16,0.0069484749223746,-0.005931874282815271,0.005931874282815271,3.518713250712519e-05,1,1,0.021082379
r4_plus_uncertainty,19,3,-0.02042332,-0.013384529,-0.010023998,-0.007834369,-0.006115186,-0.004655552,-0.0033382934,-0.0021619624,-0.0010387652,-9.52807e-06,0.0010690159,0.0021439516,0.0032186168,0.004252797,0.00544155,0.0067169685,0.008139345,0.009831818,0.011829315,0.015006852,0.021064918,0.0010690159,2024-05-21,2024-05-16,0.0019545843605798,-0.0008855684208598251,0.0008855684208598251,7.842314280241643e-07,1,1,0.021853313
r4_plus_uncertainty,19,4,-0.02072183,-0.013756066,-0.0104063945,-0.008195863,-0.0064468924,-0.004984851,-0.003626006,-0.0024270506,-0.0012654131,-0.00018043537,0.0009382183,0.0020624036,0.0031564063,0.0042423443,0.0054496545,0.0067557404,0.008238409,0.009976,0.012007704,0.015287407,0.021406213,0.0009382183,2024-05-22,2024-05-16,-0.0001974148019734,0.0011356331217619751,0.0011356331217619751,1.289662587242849e-06,0,1,0.0224141
r4_plus_uncertainty,19,5,-0.020227082,-0.01332824,-0.009931523,-0.007701396,-0.005929644,-0.0044266125,-0.0030767303,-0.0018543045,-0.0006662416,0.0004359375,0.0015721533,0.0027082216,0.0038211567,0.0048876414,0.006113237,0.007438278,0.008943066,0.010727275,0.012846622,0.016205275,0.022599157,0.0015721533,2024-05-23,2024-05-16,-0.0045086411694564,0.006080794467640676,0.006080794467640676,3.697606135768945e-05,0,1,0.022778146
r4_plus_uncertainty,20,1,-0.018821755,-0.011952298,-0.008679936,-0.0065854806,-0.0049543837,-0.0035919799,-0.0024002357,-0.0013200461,-0.00027265813,0.00066837197,0.0016393261,0.0026184279,0.0035889905,0.0045178016,0.0055933283,0.006741587,0.0080334395,0.00956587,0.011405006,0.014377577,0.020357236,0.0016393261,2024-05-24,2024-05-23,0.0094119212395924,-0.007772595136560765,0.007772595136560765,6.0413235156888054e-05,1,1,0.020084942
r4_plus_uncertainty,20,2,-0.019127414,-0.012286741,-0.009074027,-0.007020064,-0.0054210015,-0.004092867,-0.0029029052,-0.0018582528,-0.00083036785,8.777628e-05,0.0010422411,0.0019956136,0.0029472618,0.0038675817,0.0049480274,0.0061111576,0.0074415645,0.0090312725,0.010900753,0.013938078,0.019806886,0.0010422411,2024-05-28,2024-05-23,0.0037706365135123,-0.002728395399320589,0.002728395399320589,7.444141455033756e-06,1,1,0.01997478
r4_plus_uncertainty,20,3,-0.018938242,-0.011975259,-0.008664543,-0.0065393667,-0.004892292,-0.003512553,-0.0022847718,-0.0012011891,-0.00017581595,0.000752199,0.001713699,0.002670385,0.0036271873,0.004541234,0.005603073,0.006768409,0.008073923,0.009633858,0.011474742,0.014425132,0.02030489,0.001713699,2024-05-29,2024-05-23,-0.0070733574482396,0.008787056410942948,0.008787056410942948,7.721236036909355e-05,0,1,0.020139284
r4_plus_uncertainty,20,4,-0.019416327,-0.012366118,-0.008975703,-0.0067996085,-0.005120007,-0.0037420066,-0.0024869477,-0.0014008323,-0.00036772544,0.00058150676,0.0015557822,0.0025317126,0.0034891898,0.004430452,0.0054842182,0.006638121,0.007950366,0.009492372,0.011304835,0.014260181,0.020141756,0.0015557822,2024-05-30,2024-05-23,-0.0107711564625525,0.01232693862327422,0.01232693862327422,0.0001519534158219697,0,0,0.020280538
r4_plus_uncertainty,20,5,-0.018934276,-0.012183911,-0.008911711,-0.006817715,-0.005191439,-0.0038261977,-0.0026104124,-0.0015250216,-0.0004778265,0.0004855991,0.001473696,0.0024620767,0.00343294,0.004365224,0.0054453188,0.0066360785,0.007985153,0.009597247,0.011531752,0.014649196,0.02086621,0.001473696,2024-05-31,2024-05-23,-0.0018619076874313,0.00333560365850302,0.00333560365850302,1.112625176661873e-05,0,1,0.020443462
r4_plus_uncertainty,21,1,-0.017411977,-0.010338388,-0.006912166,-0.0046857507,-0.0029577587,-0.0015211736,-0.0002886231,0.0008292647,0.0018878498,0.0028348868,0.0038050576,0.004772166,0.0057313247,0.006651996,0.007739095,0.0089022685,0.010241188,0.01184325,0.013792781,0.016881203,0.022817252,0.0038050576,2024-06-03,2024-05-31,0.0053548725513676,-0.0015498149400511576,0.0015498149400511576,2.4019263484057734e-06,1,1,0.020704947
r4_plus_uncertainty,21,2,-0.020664312,-0.013554154,-0.010210275,-0.008048825,-0.0063577564,-0.0049471995,-0.003675473,-0.0025473617,-0.0014351264,-0.00043406972,0.0006130264,0.0016511783,0.0026914196,0.0037007022,0.004881009,0.0061488524,0.007610547,0.009360954,0.011408589,0.0147022,0.020684887,0.0006130264,2024-06-04,2024-05-31,0.0027327972037918,-0.0021197708246498436,0.0021197708246498436,4.4934283490366785e-06,1,1,0.021618864
r4_plus_uncertainty,21,3,-0.020611173,-0.013429752,-0.0100067835,-0.007799282,-0.0060892687,-0.0046458035,-0.0033438206,-0.0021755479,-0.0010570181,-2.739433e-05,0.001050658,0.0021157118,0.0031783513,0.004194958,0.005366365,0.006629773,0.00804779,0.009729386,0.011730191,0.014927256,0.020950962,0.001050658,2024-06-05,2024-05-31,0.0199593069872059,-0.0189086490452461,0.0189086490452461,0.0003575370087162863,1,0,0.021736976
r4_plus_uncertainty,21,4,-0.020502493,-0.013175288,-0.00959983,-0.0072779986,-0.005485729,-0.0040089237,-0.0026667018,-0.0014893275,-0.00036341645,0.00068314845,0.0017606469,0.0028359215,0.0038881018,0.0049308143,0.006095906,0.0073615084,0.008796871,0.010476229,0.012436817,0.015604318,0.021582114,0.0017606469,2024-06-06,2024-05-31,-0.0003452879114659,0.0021059348451556133,0.0021059348451556133,4.434961572040597e-06,0,1,0.022036647
r4_plus_uncertainty,21,5,-0.019635197,-0.01254132,-0.008979022,-0.006666304,-0.004869647,-0.0033639972,-0.0020373885,-0.00083844824,0.00031767524,0.0013960722,0.0025019,0.0036142238,0.0047027557,0.005749117,0.006942731,0.00823344,0.00969712,0.011422968,0.01346256,0.016680108,0.022860661,0.0025019,2024-06-07,2024-05-31,-0.0008851905684832,0.0033870906434867046,0.0033870906434867046,1.147238302719518e-05,0,1,0.02244158
r4_plus_uncertainty,22,1,-0.018419962,-0.011510235,-0.008152569,-0.0059901923,-0.004294737,-0.0028928318,-0.0016716042,-0.00057116465,0.00048595897,0.0014297827,0.00239504,0.0033587539,0.004307715,0.0052113095,0.006268925,0.0073847226,0.008640761,0.010119983,0.0118984915,0.014732323,0.02017487,0.00239504,2024-06-10,2024-06-07,0.0040310251949269,-0.0016359853049654188,0.0016359853049654188,2.6764479180627942e-06,1,1,0.02005106
r4_plus_uncertainty,22,2,-0.018740723,-0.011892976,-0.008606138,-0.006478292,-0.004797106,-0.0034015127,-0.0021413597,-0.0010292319,7.5700926e-05,0.0010679229,0.002100668,0.0031245085,0.004144989,0.005122782,0.0062439996,0.0074292137,0.008744674,0.010288958,0.012054866,0.01491659,0.02038683,0.002100668,2024-06-11,2024-06-07,0.0068392896749828,-0.004738621758744492,0.004738621758744492,2.245453617244674e-05,1,1,0.020661004
r4_plus_uncertainty,22,3,-0.019203007,-0.012301347,-0.009006263,-0.006869162,-0.0051992047,-0.0037868326,-0.0025054105,-0.0013594528,-0.00025912526,0.0007570781,0.0018178837,0.0028670628,0.0039095352,0.0049108844,0.006045172,0.0072610457,0.008596315,0.010160552,0.011983064,0.014894644,0.020456491,0.0018178837,2024-06-12,2024-06-07,0.0130127183814316,-0.011194834690612455,0.011194834690612455,0.00012532432375014007,1,0,0.020989327
r4_plus_uncertainty,22,4,-0.019656368,-0.012656631,-0.009227397,-0.006981908,-0.005228723,-0.00377905,-0.002450936,-0.0012914046,-0.00018292677,0.0008377317,0.0018820652,0.0029269615,0.003942911,0.0049542906,0.006072238,0.0072825532,0.008639972,0.010213365,0.012036762,0.014989768,0.020601293,0.0018820652,2024-06-13,2024-06-07,0.0054055571014231,-0.003523491897450939,0.003523491897450939,1.241499515140242e-05,1,1,0.021264158
r4_plus_uncertainty,22,5,-0.01961855,-0.012898989,-0.009569389,-0.0073840977,-0.005643964,-0.004170765,-0.0028533097,-0.0016579424,-0.00050020276,0.00056806824,0.0016666653,0.0027608483,0.003831014,0.004858697,0.0060283286,0.0072868187,0.008707482,0.010375757,0.012353624,0.015505732,0.021500126,0.0016666653,2024-06-14,2024-06-07,0.0051678075157375,-0.003501142205697384,0.003501142205697384,1.2257996744515544e-05,1,1,0.021923013
r4_plus_uncertainty,23,1,-0.018355591,-0.011723546,-0.008599121,-0.006644966,-0.0051397956,-0.0039045457,-0.0028413516,-0.001885582,-0.0009527026,-0.00011981116,0.00073875266,0.001615046,0.0024770063,0.0032896702,0.0042389464,0.0052514947,0.00640449,0.007784386,0.009469034,0.012281509,0.01764274,0.00073875266,2024-06-17,2024-06-14,0.0121755571934956,-0.01143680453687933,0.01143680453687933,0.0001308004980147836,1,0,0.018068155
r4_plus_uncertainty,23,2,-0.015287966,-0.008584207,-0.005410822,-0.0033768946,-0.0017923808,-0.00048902875,0.00066596037,0.0016766516,0.0026649735,0.0035483872,0.0044654794,0.0053735967,0.006283287,0.007153533,0.008154973,0.009230759,0.010437213,0.011884568,0.013592875,0.016460096,0.022026535,0.0044654794,2024-06-18,2024-06-14,0.0003090351354374,0.004156444268296807,0.004156444268296807,1.727602895545738e-05,1,1,0.019003697
r4_plus_uncertainty,23,3,-0.021315215,-0.01413383,-0.010675754,-0.008454157,-0.0067556095,-0.005333768,-0.004055561,-0.0029168313,-0.0018331597,-0.0008308281,0.00022426521,0.0012604555,0.0022842651,0.003267343,0.0043766713,0.005556047,0.0068677776,0.008415548,0.010262378,0.013276106,0.018956903,0.00022426521,2024-06-20,2024-06-14,-0.0077377387138488,0.00796200392557627,0.00796200392557627,6.339350651089194e-05,0,1,0.020938132
r4_plus_uncertainty,23,4,-0.018773006,-0.011512168,-0.007877834,-0.0054923277,-0.0036635455,-0.0021665955,-0.0008052038,0.00035941112,0.0014574258,0.0024583125,0.003473323,0.004476208,0.0054427297,0.0064059026,0.0074609723,0.008606754,0.009902786,0.011431759,0.013240835,0.016258834,0.022057936,0.003473323,2024-06-21,2024-06-14,-0.0026829141811473,0.006156237252522789,0.006156237252522789,3.789925710934934e-05,0,1,0.021118669
r4_plus_uncertainty,23,5,-0.019698504,-0.012851343,-0.009415291,-0.0071780956,-0.0054242024,-0.0039425255,-0.0026273937,-0.0014301657,-0.00027639885,0.0007898836,0.0018769433,0.002947089,0.0039941,0.0049885586,0.006132879,0.0073565478,0.008755736,0.010412982,0.0124180075,0.015686743,0.021822786,0.0018769433,2024-06-24,2024-06-14,-0.0114499662770023,0.013326909556060041,0.013326909556060041,0.00017760651831540445,0,0,0.021833299
r4_plus_uncertainty,24,1,-0.017800817,-0.011302011,-0.008125773,-0.006071621,-0.0044540144,-0.003102792,-0.0019152154,-0.0008332038,0.000219821,0.0011614892,0.0021347995,0.0031112176,0.004065487,0.0049733943,0.006023282,0.0071302056,0.0083771,0.009852457,0.011625494,0.014498806,0.02014743,0.0021347995,2024-06-25,2024-06-24,0.0113707171419311,-0.009235917650316996,0.009235917650316996,8.530217484343703e-05,1,1,0.019751266
r4_plus_uncertainty,24,2,-0.018057855,-0.011440315,-0.008206962,-0.006094836,-0.004430399,-0.0030493485,-0.0018040036,-0.00070206134,0.00038913335,0.0013659553,0.0023854082,0.003391028,0.004394989,0.0053493446,0.0064420686,0.0075981226,0.008891982,0.010408638,0.0121659245,0.015036795,0.020680286,0.0023854082,2024-06-26,2024-06-24,0.002062997015441,0.00032241113645380777,0.00032241113645380777,1.0394894090943586e-07,1,1,0.020372886
r4_plus_uncertainty,24,3,-0.018674787,-0.012081009,-0.008902018,-0.0068351785,-0.005212735,-0.0038325968,-0.002575819,-0.0014429224,-0.00035338197,0.0006479552,0.0017003053,0.0027428148,0.0037816465,0.0047765523,0.0059136497,0.007132025,0.008486299,0.010084365,0.011970548,0.014981125,0.020860285,0.0017003053,2024-06-27,2024-06-24,0.0025780422021512,-0.0008777369386393633,0.0008777369386393633,7.704221334520014e-07,1,1,0.020872567
r4_plus_uncertainty,24,4,-0.019641452,-0.01290667,-0.009619431,-0.0074689575,-0.005793596,-0.0044049923,-0.0031181397,-0.0019862955,-0.00088910013,0.00013926002,0.0012045887,0.0022774022,0.0033230581,0.0043601613,0.005497162,0.0067174383,0.008093815,0.00969748,0.011568842,0.01462404,0.020527206,0.0012045887,2024-06-28,2024-06-24,-0.0052043907849335,0.006408979468255572,0.006408979468255572,4.107501782452147e-05,0,1,0.021188274
r4_plus_uncertainty,24,5,-0.019051136,-0.012649399,-0.009471966,-0.007393767,-0.0057569537,-0.004372342,-0.003137366,-0.0020159488,-0.0009271648,8.415303e-05,0.0011233545,0.0021667415,0.0031927628,0.004186498,0.00533115,0.006561283,0.007958859,0.0096173,0.011597641,0.014785923,0.021024294,0.0011233545,2024-07-01,2024-06-24,0.005847944174195,-0.004724589636782476,0.004724589636782476,2.232174723599237e-05,1,1,0.021069607
r4_plus_uncertainty,25,1,-0.018556029,-0.011737101,-0.008597161,-0.006610401,-0.0050697727,-0.0037986406,-0.0027064516,-0.0017153942,-0.00075610646,0.000108882785,0.0010044442,0.0019204211,0.0028335229,0.003708124,0.00473312,0.00583982,0.007095798,0.008603601,0.010432362,0.013429604,0.019146308,0.0010044442,2024-07-02,2024-07-01,0.0104448486921998,-0.009440404489791606,0.009440404489791606,8.912123693087751e-05,1,0,0.019029522
r4_plus_uncertainty,25,2,-0.018565258,-0.01168107,-0.008501211,-0.006463116,-0.0048594177,-0.003532836,-0.002344197,-0.0012961861,-0.0002579356,0.0006686213,0.0016360381,0.002598147,0.0035573635,0.0044818893,0.0055527417,0.0066865953,0.007982958,0.009529705,0.011342609,0.014318397,0.020033808,0.0016360381,2024-07-03,2024-07-01,0.0083025148628878,-0.0066664767942058445,0.0066664767942058445,4.444191284768503e-05,1,1,0.01984382
r4_plus_uncertainty,25,3,-0.01917076,-0.012005134,-0.008738018,-0.00665869,-0.005049566,-0.0037026352,-0.0024932914,-0.0014188599,-0.00039209425,0.0005546352,0.001548386,0.0025346836,0.0035197567,0.004464633,0.0055426713,0.006700243,0.007997488,0.009545304,0.01138571,0.014372229,0.020120993,0.001548386,2024-07-05,2024-07-01,0.0103729930589949,-0.008824607112914811,0.008824607112914811,7.787369069730667e-05,1,1,0.020123728
r4_plus_uncertainty,25,4,-0.019599073,-0.012340734,-0.008938161,-0.0067515504,-0.0050653927,-0.0036858546,-0.0024275829,-0.0013361743,-0.000293597,0.00067037035,0.0016584133,0.0026500588,0.0036173244,0.0045889486,0.005673292,0.0068582846,0.008211156,0.009810363,0.011691274,0.014761657,0.020548223,0.0016584133,2024-07-08,2024-07-01,0.0023753208108132,-0.0007169074844454643,0.0007169074844454643,5.139563412539237e-07,1,1,0.020629436
r4_plus_uncertainty,25,5,-0.019157812,-0.012239868,-0.008934009,-0.006801906,-0.0051380573,-0.0037464953,-0.0025130373,-0.001404007,-0.0003350731,0.000654853,0.0016706976,0.0026867713,0.0036925096,0.0046635964,0.005790673,0.007015858,0.008428436,0.0101249125,0.012169609,0.015437084,0.021641163,0.0016706976,2024-07-09,2024-07-01,0.0008642258651357,0.0008064717224065359,0.0008064717224065359,6.503966390413647e-07,1,1,0.021103617
r4_plus_uncertainty,26,1,-0.016905596,-0.010327559,-0.0071624974,-0.005129843,-0.003548016,-0.002242679,-0.0011136993,-9.668083e-05,0.00087968964,0.001748036,0.0026373062,0.0035295465,0.0044135004,0.0052626273,0.0062598903,0.007321189,0.0085175345,0.009938693,0.011651445,0.014385717,0.01978551,0.0026373062,2024-07-10,2024-07-09,0.0103725280723069,-0.007735221844026833,0.007735221844026833,5.983365697630988e-05,1,1,0.018813942
r4_plus_uncertainty,26,2,-0.017310254,-0.010818799,-0.0076952754,-0.005669918,-0.004071217,-0.0027480444,-0.0015561243,-0.0005020312,0.00054975523,0.0014894697,0.0024686411,0.00344122,0.004410423,0.005342209,0.0064121354,0.007551727,0.0088209445,0.0103174625,0.012039547,0.014855195,0.020393886,0.0024686411,2024-07-11,2024-07-09,-0.0221741563573891,0.024642797506269225,0.024642797506269225,0.0006072674689349888,0,0,0.019734822
r4_plus_uncertainty,26,3,-0.017697837,-0.011163553,-0.008023339,-0.005979432,-0.004390572,-0.0030519383,-0.0018546623,-0.0007912285,0.00022271049,0.0011552006,0.0021253505,0.003090593,0.004054646,0.004988974,0.00606181,0.007222078,0.008510359,0.010037654,0.011832492,0.014705558,0.020308645,0.0021253505,2024-07-12,2024-07-09,0.0058576497713022,-0.003732299245699502,0.003732299245699502,1.3930057659449073e-05,1,1,0.01985583
r4_plus_uncertainty,26,4,-0.0182073,-0.011687429,-0.008530994,-0.0064622164,-0.0048502116,-0.0035164536,-0.0022909972,-0.0012226352,-0.0001974419,0.0007484787,0.0017171886,0.0026947884,0.0036524269,0.004610085,0.00568056,0.0068527255,0.008178177,0.009732578,0.011546769,0.014492689,0.020139482,0.0017171886,2024-07-15,2024-07-09,0.0026841077380502,-0.0009669191096597688,0.0009669191096597688,9.3493256462524e-07,1,1,0.020077763
r4_plus_uncertainty,26,5,-0.017930122,-0.011544382,-0.0083807,-0.0063168537,-0.0046985773,-0.0033402669,-0.0021311613,-0.0010422515,6.2253093e-06,0.0009756779,0.001971356,0.002968043,0.003955948,0.004907745,0.0060060406,0.0072020944,0.008560809,0.010175988,0.012102059,0.015159592,0.021127142,0.001971356,2024-07-16,2024-07-09,0.0003829186513691,0.0015884374536902853,0.0015884374536902853,2.523133544286077e-06,1,1,0.02048276
r4_plus_uncertainty,27,1,-0.017164765,-0.010583464,-0.0075356266,-0.005623627,-0.0041495957,-0.0029253485,-0.0018602884,-0.00088784215,5.9030834e-05,0.00091807015,0.0018091744,0.0027129636,0.0036110873,0.0044704685,0.0054777996,0.006555538,0.0077813887,0.009245297,0.011017885,0.013914209,0.019390412,0.0018091744,2024-07-17,2024-07-16,-0.029794370584094,0.031603545011856624,0.031603545011856624,0.0009987840573164478,0,0,0.018553512
r4_plus_uncertainty,27,2,-0.016874187,-0.010299224,-0.0072245975,-0.0052615944,-0.0037295255,-0.0024615522,-0.001318671,-0.00030410266,0.0006994031,0.0016043029,0.002553114,0.003487597,0.0044297543,0.005334559,0.006381393,0.0074957707,0.008761182,0.010263342,0.012017818,0.014913691,0.020477785,0.002553114,2024-07-18,2024-07-16,-0.004743676701299,0.0072967906703418975,0.0072967906703418975,5.324315408678856e-05,0,1,0.019242415
r4_plus_uncertainty,27,3,-0.017992139,-0.011185119,-0.008051604,-0.0060634324,-0.004539729,-0.0032571377,-0.0020978851,-0.0010557307,-5.4427306e-05,0.0008737357,0.0018521117,0.002818618,0.00379367,0.004727322,0.005806085,0.006971782,0.008288575,0.009857103,0.011725953,0.014751462,0.020503355,0.0018521117,2024-07-19,2024-07-16,-0.0089031217281975,0.010755233386278913,0.010755233386278913,0.00011567504519332856,0,0,0.019777557
r4_plus_uncertainty,27,4,-0.018380305,-0.011399185,-0.008120259,-0.0059993844,-0.0043728785,-0.0030378918,-0.0018106916,-0.00073702505,0.00029480545,0.0012599762,0.002258916,0.0032562676,0.00423478,0.005210315,0.0062890733,0.0074642734,0.008798408,0.010377722,0.012231549,0.015257191,0.020961918,0.002258916,2024-07-22,2024-07-16,0.0147878761272966,-0.012528960207486067,0.012528960207486067,0.00015697484388076932,1,0,0.020351809
r4_plus_uncertainty,27,5,-0.018545028,-0.0118380375,-0.008618381,-0.0065498333,-0.004945958,-0.0036017369,-0.0024114456,-0.0013335412,-0.0002879775,0.00068998383,0.0016919363,0.0026986222,0.003691897,0.0046545905,0.0057689655,0.0069736056,0.0083508305,0.009988498,0.0119599365,0.0151223,0.021065442,0.0016919363,2024-07-23,2024-07-16,-0.0035310198962501,0.00522295617869112,0.00522295617869112,2.7279271244527748e-05,0,1,0.020578317
r4_plus_uncertainty,28,1,-0.020046638,-0.012960934,-0.00952281,-0.007305685,-0.005573217,-0.004132685,-0.0028803279,-0.0017375095,-0.00063196407,0.00036920287,0.0014011795,0.0024479213,0.0034901882,0.004486067,0.005642713,0.0068757576,0.008269111,0.009927759,0.011924132,0.015159344,0.02139457,0.0014011795,2024-07-24,2024-07-23,-0.0365294029938423,0.03793058246396416,0.03793058246396416,0.0014387290860555858,0,0,0.021446941
r4_plus_uncertainty,28,2,-0.020771516,-0.013640719,-0.010204224,-0.007976159,-0.0062357313,-0.004792466,-0.0035014758,-0.002359368,-0.0012412766,-0.00023503928,0.00081146584,0.0018558106,0.002905061,0.003921356,0.0051022805,0.0063633732,0.007815149,0.009538061,0.0115751345,0.014900134,0.021132827,0.00081146584,2024-07-25,2024-07-23,-0.0110889450329933,0.011900410874245657,0.011900410874245657,0.00014161977897586428,0,0,0.021779358
r4_plus_uncertainty,28,3,-0.020906758,-0.013465377,-0.00991845,-0.0076314365,-0.0058476306,-0.0043434864,-0.0029943576,-0.0017835732,-0.0006304247,0.00042709365,0.0015273623,0.0026213168,0.0037201834,0.0047736936,0.005992369,0.007310569,0.008800354,0.010570923,0.012670499,0.016003784,0.022353189,0.0015273623,2024-07-26,2024-07-23,0.0102037800890201,-0.00867641781873938,0.00867641781873938,7.528022616533823e-05,1,1,0.02258895
r4_plus_uncertainty,28,4,-0.021729767,-0.014280399,-0.010679457,-0.008350698,-0.0065547484,-0.005068433,-0.003705902,-0.0025074356,-0.0013451244,-0.00025755202,0.00086514046,0.0019959155,0.0031067948,0.004207626,0.0054307897,0.006750763,0.00825808,0.010019301,0.012091295,0.015474199,0.021815673,0.00086514046,2024-07-29,2024-07-23,0.0020067570237607,-0.001141616559603834,0.001141616559603834,1.3032883691616943e-06,1,1,0.022770751
r4_plus_uncertainty,28,5,-0.02079425,-0.013609108,-0.010071592,-0.0077962247,-0.0060265562,-0.0045477077,-0.003242725,-0.002060528,-0.0009170248,0.0001501395,0.0012451618,0.0023411554,0.0034231544,0.0044694524,0.005680148,0.0069957846,0.008493701,0.010282834,0.012438401,0.015911764,0.022497814,0.0012451618,2024-07-30,2024-07-23,-0.0138266339117445,0.015071795663029696,0.015071795663029696,0.00022715902450812076,0,0,0.022509992
r4_plus_uncertainty,29,1,-0.02655529,-0.017407741,-0.013173861,-0.010481604,-0.00838983,-0.0066654035,-0.0051772846,-0.0038371868,-0.0025503868,-0.0013898894,-0.00019895472,0.0010020452,0.0022123712,0.003388639,0.0047739283,0.0062809517,0.00800415,0.010092632,0.012655481,0.01700831,0.025775695,-0.00019895472,2024-07-31,2024-07-30,0.0291643139836853,-0.029363268700010107,0.029363268700010107,0.0008622015487489932,0,0,0.025829341
r4_plus_uncertainty,29,2,-0.025235418,-0.016008915,-0.011773956,-0.009060794,-0.0069365767,-0.005181308,-0.0036149747,-0.0022292538,-0.0008715268,0.0003520198,0.0016167746,0.00287889,0.0041555064,0.005384046,0.006805921,0.008338649,0.010078937,0.012158318,0.014625087,0.018849941,0.027471613,0.0016167746,2024-08-01,2024-07-30,-0.0245196482808217,0.02613642287337031,0.02613642287337031,0.0006831126006156347,0,0,0.026399042
r4_plus_uncertainty,29,3,-0.0255805,-0.016177008,-0.011895762,-0.009181333,-0.00709377,-0.0053542443,-0.0038106479,-0.0024439744,-0.0011467278,4.3879903e-05,0.0012774422,0.0025106184,0.003759198,0.0049777497,0.0063968683,0.007966449,0.009746715,0.011915045,0.014527283,0.018901408,0.027761301,0.0012774422,2024-08-02,2024-07-30,-0.0240211757316096,0.025298617938238222,0.025298617938238222,0.0006400200695849487,0,0,0.026423045
r4_plus_uncertainty,29,4,-0.026619256,-0.017177675,-0.012865062,-0.010119581,-0.007993372,-0.0062517286,-0.004659483,-0.0032698945,-0.0019303093,-0.00069360435,0.00058162026,0.0018685394,0.0031453152,0.0044051073,0.005827241,0.0073851636,0.00917107,0.011302876,0.013854957,0.018199284,0.026907979,0.00058162026,2024-08-05,2024-07-30,-0.0302695887937359,0.030851209054809012,0.030851209054809012,0.0009517971001435296,0,0,0.026720019
r4_plus_uncertainty,29,5,-0.026274795,-0.016956603,-0.012655281,-0.009924569,-0.007821481,-0.006086174,-0.0045532584,-0.0031888722,-0.0018761809,-0.00066406,0.000579002,0.0018331396,0.0030902298,0.0043108626,0.005738167,0.0073107136,0.009121052,0.011310877,0.013989218,0.018447975,0.027390992,0.000579002,2024-08-06,2024-07-30,0.009509719941637,-0.008930717919359437,0.008930717919359437,7.975772255516775e-05,1,1,0.026644498
r4_plus_uncertainty,30,1,-0.023975795,-0.007263653,-0.0008406064,0.003252269,0.0064693755,0.009297741,0.01182854,0.014262577,0.01656836,0.018806271,0.021212917,0.023616102,0.026066061,0.028545508,0.031592693,0.034977306,0.039141502,0.044072356,0.05041716,0.06020712,0.07842618,0.021212917,2024-08-07,2024-08-06,-0.010888897153498,0.03210181397473938,0.03210181397473938,0.0010305264604687724,0,0,0.051257767
r4_plus_uncertainty,30,2,-0.04430299,-0.023843193,-0.015475253,-0.0105657885,-0.0070288163,-0.004195462,-0.0016985901,0.0005351972,0.00274607,0.0048091467,0.007019732,0.009329321,0.01175213,0.0141640175,0.017051985,0.020298164,0.024092993,0.028607707,0.033825267,0.042815764,0.059773818,0.007019732,2024-08-08,2024-08-06,0.0301323640255076,-0.023112631878052386,0.023112631878052386,0.0005341937523303633,1,1,0.04930052
r4_plus_uncertainty,30,3,-0.05087184,-0.029649166,-0.020645414,-0.015375465,-0.011558329,-0.00848481,-0.0057762126,-0.0034264943,-0.0012076672,0.0008623119,0.0030329763,0.005244131,0.007502041,0.009760352,0.012459621,0.015545055,0.019112697,0.023469469,0.028689297,0.037746113,0.05422283,0.0030329763,2024-08-09,2024-08-06,0.0052087864695436,-0.002175810173744583,0.002175810173744583,4.734149912170433e-06,1,1,0.049334712
r4_plus_uncertainty,30,4,-0.049182322,-0.028765142,-0.02053191,-0.015592188,-0.011899775,-0.00889353,-0.0062073916,-0.0038394302,-0.0015489827,0.0005954008,0.0028140505,0.0050422708,0.0073121525,0.009581787,0.012266648,0.015331746,0.018961633,0.023441149,0.028945636,0.03859727,0.05649054,0.0028140505,2024-08-12,2024-08-06,0.0021512723179761,0.0006627782130387001,0.0006627782130387001,4.3927495967877253e-07,1,1,0.049477547
r4_plus_uncertainty,30,5,-0.0446925,-0.023492755,-0.014608861,-0.009529074,-0.005863495,-0.002916475,-0.00033715973,0.0020048863,0.004337102,0.0065626055,0.008889643,0.011317922,0.013799763,0.01621312,0.019073926,0.022338655,0.026167681,0.030815592,0.03648019,0.046128232,0.06535828,0.008889643,2024-08-13,2024-08-06,0.0245098471011494,-0.015620204557058651,0.015620204557058651,0.00024399079040435584,1,1,0.05108905
r4_plus_uncertainty,31,1,-0.03483024,-0.02060986,-0.014690318,-0.011150545,-0.008512383,-0.0063659064,-0.0045254137,-0.0028665962,-0.0012662567,0.00019812613,0.0017271729,0.0032884032,0.00485673,0.0063867425,0.008179323,0.010128753,0.012371529,0.015067729,0.018403158,0.024058232,0.036512982,0.0017271729,2024-08-14,2024-08-13,0.0003244697833657,0.0014027030886858967,0.0014027030886858967,1.9675759550089546e-06,1,1,0.033093475
r4_plus_uncertainty,31,2,-0.036274258,-0.022081427,-0.0162579,-0.01278178,-0.010162654,-0.008032909,-0.006160859,-0.0045154886,-0.0029209526,-0.001479665,1.9949977e-05,0.0015175955,0.0030386744,0.0045347353,0.0062840804,0.0082040215,0.010449216,0.013184392,0.016506739,0.022273857,0.034375213,1.9949977e-05,2024-08-15,2024-08-13,0.0249491187089989,-0.02492916873171274,0.02492916873171274,0.0006214634536542042,1,0,0.03276464
r4_plus_uncertainty,31,3,-0.0388071,-0.024078496,-0.017874334,-0.014098546,-0.011293377,-0.009004653,-0.0070045004,-0.0052579455,-0.0036094713,-0.0021020651,-0.0005412241,0.0010031356,0.0025695285,0.0041052504,0.005885997,0.007858263,0.010109758,0.012859253,0.01620016,0.022000946,0.034551654,-0.0005412241,2024-08-16,2024-08-13,0.0012850176666923,-0.0018262417528838051,0.0018262417528838051,3.3351589399761132e-06,0,1,0.034074493
r4_plus_uncertainty,31,4,-0.038477834,-0.023991344,-0.018043634,-0.014355394,-0.011534481,-0.009232781,-0.007159288,-0.0053388914,-0.0035728791,-0.0019503946,-0.0002736685,0.0013945887,0.0030521373,0.004691403,0.006568004,0.008647941,0.011054529,0.013930628,0.017389687,0.0233727,0.03630639,-0.0002736685,2024-08-19,2024-08-13,0.0130504057266293,-0.013324074224895788,0.013324074224895788,0.0001775309539505323,0,1,0.035433322
r4_plus_uncertainty,31,5,-0.03803577,-0.023247343,-0.017008793,-0.013241418,-0.010406339,-0.008096906,-0.0060662874,-0.004262521,-0.0025087048,-0.0008701529,0.0008163919,0.0025302141,0.0042480803,0.005916813,0.007861578,0.009993103,0.012453754,0.015421191,0.018989919,0.025007688,0.038304027,0.0008163919,2024-08-20,2024-08-13,-0.0021008067465434,0.002917198643931203,0.002917198643931203,8.510047928154048e-06,0,1,0.03599871
r4_plus_uncertainty,32,1,-0.032147937,-0.020042095,-0.014564385,-0.011129339,-0.008506146,-0.006365467,-0.004526467,-0.0029063215,-0.0013767147,-1.3218261e-05,0.00134883,0.002725591,0.0041432776,0.0055381544,0.00720042,0.00901677,0.011122968,0.013658205,0.016792173,0.022260632,0.03387278,0.00134883,2024-08-21,2024-08-20,0.0046532628493828,-0.003304432904764754,0.003304432904764754,1.091927682209203e-05,1,1,0.03135656
r4_plus_uncertainty,32,2,-0.03250724,-0.02016435,-0.014591072,-0.011098747,-0.008428749,-0.006259619,-0.00435083,-0.0027010152,-0.0011244745,0.00026812922,0.0016693762,0.0030733794,0.004526476,0.005955548,0.0076433793,0.009493626,0.01162953,0.014189846,0.017262736,0.022677584,0.034089494,0.0016693762,2024-08-22,2024-08-20,-0.0159817904917877,0.01765116664901188,0.01765116664901188,0.00031156368407118923,0,0,0.03185381
r4_plus_uncertainty,32,3,-0.033698626,-0.021087037,-0.015322207,-0.011662218,-0.008901004,-0.006659869,-0.00470038,-0.003014957,-0.0014498074,-4.4416403e-05,0.0013684158,0.002778883,0.0042513385,0.0057114623,0.007439948,0.009382814,0.011619451,0.014336033,0.017621895,0.023362253,0.035231754,0.0013684158,2024-08-23,2024-08-20,0.0107870242118279,-0.009418608437050368,0.009418608437050368,8.871018489047638e-05,1,1,0.0329441
r4_plus_uncertainty,32,4,-0.03381264,-0.0211691,-0.015421908,-0.011772645,-0.009014039,-0.0068011624,-0.0048293127,-0.0031343726,-0.0015333778,-9.77419e-05,0.0013572898,0.0028129457,0.004297971,0.005799483,0.0075296056,0.009466376,0.011728285,0.014429767,0.01770758,0.023480872,0.035404824,0.0013572898,2024-08-26,2024-08-20,-0.0097557605018517,0.01111305034790691,0.01111305034790691,0.00012349988803511387,0,1,0.03312949
r4_plus_uncertainty,32,5,-0.0341817,-0.021469062,-0.0156162605,-0.0119776055,-0.009263151,-0.0070648845,-0.0051427493,-0.0034628198,-0.0018641799,-0.00041777862,0.0010244751,0.0024707364,0.003956415,0.005425548,0.0071612536,0.0090948185,0.011337451,0.014048283,0.017428145,0.023294257,0.0354123,0.0010244751,2024-08-27,2024-08-20,0.0029829053211684,-0.001958430232825376,0.001958430232825376,3.835448976844456e-06,1,1,0.033044405
r4_plus_uncertainty,33,1,-0.025177231,-0.016401185,-0.012254483,-0.009630792,-0.0076155895,-0.005961029,-0.0045322715,-0.0032538013,-0.0020268257,-0.00091506727,0.00021211995,0.0013605481,0.0025264127,0.003657462,0.00498975,0.0064354837,0.008089788,0.010075623,0.012499511,0.016539475,0.024317797,0.00021211995,2024-08-28,2024-08-27,-0.0114123649541218,0.011624484904569032,0.011624484904569032,0.0001351286492965533,0,1,0.024753995
r4_plus_uncertainty,33,2,-0.024997279,-0.01601298,-0.011753489,-0.009045935,-0.0069530043,-0.0052397046,-0.0037176623,-0.002388048,-0.0010970403,6.0747843e-05,0.0012404844,0.0024205837,0.0036092112,0.004766514,0.006114115,0.0075658658,0.0092213275,0.01120237,0.013542772,0.017477684,0.02502038,0.0012404844,2024-08-29,2024-08-27,-0.0014649357143088,0.002705420130793633,0.002705420130793633,7.319298084103438e-06,0,1,0.025296262
r4_plus_uncertainty,33,3,-0.02563144,-0.01638349,-0.012029217,-0.009256045,-0.00714601,-0.0054055955,-0.0038720663,-0.002524945,-0.0012604328,-0.00010096654,0.0010862132,0.0022715358,0.0034745652,0.004651546,0.00601972,0.0075244764,0.009232946,0.011290866,0.013744397,0.017815819,0.02564086,0.0010862132,2024-08-30,2024-08-27,0.0118489158720935,-0.010762702711787284,0.010762702711787284,0.00011583576966231337,1,1,0.025773615
r4_plus_uncertainty,33,4,-0.02602349,-0.016749697,-0.012339947,-0.0095120715,-0.00735454,-0.0056055086,-0.0040274705,-0.0026589623,-0.001350915,-0.00015919458,0.001049533,0.0022648084,0.00347627,0.0046834154,0.006053413,0.007566878,0.0092966035,0.011351369,0.01379782,0.017898396,0.025675656,0.001049533,2024-09-03,2024-08-27,-0.0308312591444439,0.031880792165148886,0.031880792165148886,0.0010163849090774185,0,0,0.026137765
r4_plus_uncertainty,33,5,-0.026171913,-0.016989024,-0.012522192,-0.009690714,-0.0075434214,-0.0057861344,-0.0042507327,-0.002894367,-0.0015968169,-0.0004084336,0.0007990321,0.0020080544,0.0032321503,0.004418987,0.005810736,0.007337884,0.00907819,0.011163391,0.013696826,0.017878652,0.025902782,0.0007990321,2024-09-04,2024-08-27,-0.0026020203528452,0.003401052455649831,0.003401052455649831,1.1567157806081746e-05,0,1,0.026219018
r4_plus_uncertainty,34,1,-0.028416023,-0.016585886,-0.011341558,-0.008149479,-0.0057971366,-0.003887159,-0.002264458,-0.00079507974,0.0006099212,0.0018723392,0.0031929384,0.004519445,0.0058370885,0.007112777,0.008616133,0.010231749,0.012085699,0.014293764,0.01700232,0.021466158,0.030130146,0.0031929384,2024-09-05,2024-09-04,0.0009332427669125,0.0022596956316573223,0.0022596956316573223,5.106224347731185e-06,1,1,0.028343879
r4_plus_uncertainty,34,2,-0.029281754,-0.017276974,-0.012051289,-0.008836587,-0.0064296434,-0.004466422,-0.0027232026,-0.0011638683,0.0003632042,0.0017562427,0.0032148496,0.0046636276,0.0061410517,0.007554766,0.009196938,0.010976754,0.013025811,0.0154610295,0.01831391,0.023087457,0.032048687,0.0032148496,2024-09-06,2024-09-04,-0.0271525961984591,0.0303674458232419,0.0303674458232419,0.000922181765827532,0,0,0.030365199
r4_plus_uncertainty,34,3,-0.030563965,-0.018358257,-0.012986604,-0.009696302,-0.0072670486,-0.0052769976,-0.0035195423,-0.001954151,-0.00046850555,0.0009130658,0.002370779,0.0038220333,0.0053012483,0.0067326985,0.008395734,0.010254889,0.012373128,0.014922554,0.017988501,0.023092046,0.032761402,0.002370779,2024-09-09,2024-09-04,0.0127777372376423,-0.010406958300749553,0.010406958300749553,0.00010830478107354002,1,1,0.030975105
r4_plus_uncertainty,34,4,-0.030032186,-0.01742504,-0.011871422,-0.00847356,-0.0059770914,-0.0039847745,-0.002202516,-0.000657473,0.00081346347,0.0021703285,0.0035897214,0.0050084814,0.0064372234,0.007848225,0.00945682,0.01124133,0.013287879,0.015723137,0.018630652,0.023515785,0.032744974,0.0035897214,2024-09-10,2024-09-04,0.0091992764674486,-0.005609555070883163,0.005609555070883163,3.1467108093271e-05,1,1,0.030502073
r4_plus_uncertainty,34,5,-0.02898751,-0.01678163,-0.011207669,-0.00784094,-0.0053945044,-0.0034119522,-0.001706182,-0.00019095495,0.0012573695,0.002611676,0.003982735,0.005385115,0.0067742,0.008118356,0.009679713,0.011401134,0.013378458,0.01572699,0.01855301,0.023181075,0.032336816,0.003982735,2024-09-11,2024-09-04,0.0214830063013686,-0.017500271434928303,0.017500271434928303,0.00030625950029616753,1,0,0.029760677
r4_plus_uncertainty,35,1,-0.03268741,-0.020315753,-0.014645026,-0.0110519,-0.0083061075,-0.0060469913,-0.004105091,-0.0023656026,-0.0007205325,0.0007674851,0.0022773747,0.0038102204,0.005375478,0.0069134296,0.00872511,0.010693026,0.012957786,0.015636098,0.018881468,0.02410569,0.03433128,0.0022773747,2024-09-12,2024-09-11,0.0097681635559316,-0.007490788822692187,0.007490788822692187,5.61119171861702e-05,1,1,0.033526495
r4_plus_uncertainty,35,2,-0.034275685,-0.02173842,-0.016012961,-0.012401223,-0.009610933,-0.0073203384,-0.005289075,-0.003512966,-0.0018083263,-0.0002874527,0.001257243,0.0028002637,0.0043808403,0.005929461,0.0077427425,0.009713006,0.0119733745,0.014643882,0.017777491,0.02298715,0.032852285,0.001257243,2024-09-13,2024-09-11,0.0044699288416126,-0.0032126858574741705,0.0032126858574741705,1.0321350418814547e-05,1,1,0.033790454
r4_plus_uncertainty,35,3,-0.035638493,-0.022907076,-0.016959557,-0.013163712,-0.010286835,-0.00791341,-0.0058269803,-0.004003975,-0.0022979155,-0.00074690103,0.00081473065,0.002363387,0.003948446,0.00550652,0.0073222136,0.009321945,0.01160065,0.014327404,0.017581955,0.022982169,0.03350304,0.00081473065,2024-09-16,2024-09-11,-0.0044277024774063,0.005242433128151632,0.005242433128151632,2.7483105103141706e-05,0,1,0.03454151
r4_plus_uncertainty,35,4,-0.034195725,-0.022140488,-0.016588334,-0.012977899,-0.010167649,-0.007852088,-0.005757248,-0.0039225603,-0.0021712603,-0.00058203423,0.001024707,0.002618773,0.004235612,0.0058406577,0.0076937927,0.009747405,0.012113769,0.014898354,0.01818407,0.023637896,0.034147397,0.001024707,2024-09-17,2024-09-11,0.0005281350600621,0.0004965719276020035,0.0004965719276020035,2.4658367928236937e-07,1,1,0.034772404
r4_plus_uncertainty,35,5,-0.033419613,-0.021218773,-0.015503478,-0.011864226,-0.009071426,-0.006754688,-0.0047046654,-0.0028863847,-0.0011445874,0.00044732544,0.0020500065,0.0036576316,0.0052945707,0.0068918862,0.008758648,0.010810674,0.013157252,0.015923988,0.019194959,0.024462147,0.03490299,0.0020500065,2024-09-18,2024-09-11,-0.0043388068103512,0.006388813339667506,0.006388813339667506,4.081693588911347e-05,0,1,0.034698438
r4_plus_uncertainty,36,1,-0.026470605,-0.01682833,-0.012203163,-0.009280042,-0.0070652785,-0.0052465945,-0.0036809407,-0.0022892058,-0.0009734832,0.00020175846,0.0013781693,0.002567178,0.0037880982,0.0049951016,0.0064335465,0.008008674,0.009836621,0.012047117,0.014768073,0.01940786,0.02855108,0.0013781693,2024-09-19,2024-09-18,0.0249697612256658,-0.023591591942394963,0.023591591942394963,0.000556563210376475,1,0,0.026971236
r4_plus_uncertainty,36,2,-0.02643368,-0.016970959,-0.01240447,-0.009504665,-0.0072990116,-0.005494382,-0.0038997545,-0.00251,-0.0011753001,9.9696335e-06,0.0012031597,0.0024020327,0.003638151,0.0048524765,0.006295566,0.007884049,0.00972198,0.011941611,0.014602009,0.019189395,0.028062103,0.0012031597,2024-09-20,2024-09-18,-0.0019051132202338,0.0031082729054804463,0.0031082729054804463,9.661360454943855e-06,0,1,0.027006479
r4_plus_uncertainty,36,3,-0.026683422,-0.017121566,-0.012452611,-0.009487016,-0.0072571645,-0.005426329,-0.0038239122,-0.0024315338,-0.0011422337,2.1718792e-05,0.0011884877,0.0023552056,0.003571405,0.0047795353,0.0062165684,0.007828119,0.009684937,0.0119535215,0.01468961,0.019340897,0.028347185,0.0011884877,2024-09-23,2024-09-18,0.0026471967615146,-0.0014587090156931242,0.0014587090156931242,2.1278319924644034e-06,1,1,0.027142221
r4_plus_uncertainty,36,4,-0.026471917,-0.017008282,-0.012505323,-0.00964145,-0.0074669532,-0.0056925216,-0.004096791,-0.002718323,-0.0014121089,-0.00023057265,0.00095768715,0.002149363,0.0033662212,0.004589238,0.0060076467,0.007595259,0.009446773,0.011676175,0.014395797,0.01908937,0.028075103,0.00095768715,2024-09-24,2024-09-18,0.0048118793229339,-0.0038541921703842755,0.0038541921703842755,1.4854797286251451e-05,1,1,0.026901118
r4_plus_uncertainty,36,5,-0.026480298,-0.017080534,-0.012475972,-0.0095785055,-0.0074013732,-0.0056199087,-0.004061161,-0.0026974585,-0.0014051512,-0.0002304397,0.0009431126,0.002119459,0.0033340654,0.004530581,0.0059503135,0.007535413,0.009366439,0.01159547,0.014368514,0.019091519,0.028256346,0.0009431126,2024-09-25,2024-09-18,0.000926757325306,1.6355269235162283e-05,1.6355269235162283e-05,2.6749483175464584e-10,1,1,0.026844487
r4_plus_uncertainty,37,1,-0.021990892,-0.013678582,-0.009879077,-0.00754187,-0.00577265,-0.004335027,-0.003101888,-0.0019899448,-0.00092440925,3.80064e-05,0.0010178103,0.0020095217,0.003007405,0.0039746705,0.005114575,0.006339586,0.007745254,0.009431186,0.011491694,0.01497276,0.021806605,0.0010178103,2024-09-26,2024-09-25,0.0074849740375311,-0.006467163726362668,0.006467163726362668,4.182420666358106e-05,1,1,0.02137077
r4_plus_uncertainty,37,2,-0.021645708,-0.013084932,-0.009122028,-0.0066507305,-0.0047728596,-0.0032503782,-0.0019085029,-0.00073595566,0.00039743335,0.0014150857,0.0024637,0.0034982678,0.004551554,0.005567556,0.006744412,0.008015855,0.009462676,0.011192825,0.013241995,0.016726462,0.023609933,0.0024637,2024-09-27,2024-09-25,-0.0055724098200927,0.0080361098370532,0.0080361098370532,6.457906131318322e-05,0,1,0.022364024
r4_plus_uncertainty,37,3,-0.02274255,-0.01401348,-0.010008285,-0.007505559,-0.00561658,-0.004062823,-0.0026989123,-0.0014947086,-0.00036486692,0.00067229534,0.0017466296,0.0028088083,0.0038868026,0.004935897,0.0061552166,0.007501051,0.009023211,0.010858688,0.013071683,0.016732335,0.023912948,0.0017466296,2024-09-30,2024-09-25,0.0027080673636387,-0.0009614377660195242,0.0009614377660195242,9.243625779286133e-07,1,1,0.023079969
r4_plus_uncertainty,37,4,-0.023690974,-0.014830581,-0.010692242,-0.008101007,-0.006157188,-0.0045907954,-0.0031842287,-0.001967257,-0.00081146334,0.00025388377,0.0013437484,0.0024324832,0.0035133772,0.004586838,0.0058015087,0.007135835,0.008669731,0.0105032055,0.012699772,0.016396744,0.023575224,0.0013437484,2024-10-01,2024-09-25,-0.014030414175874,0.015374162591694301,0.015374162591694301,0.00023636487539585243,0,0,0.023392014
r4_plus_uncertainty,37,5,-0.023426117,-0.014728486,-0.010590761,-0.008017214,-0.0060877637,-0.0045085484,-0.0031331992,-0.0019152815,-0.00075937563,0.00031066476,0.0013985691,0.0024806212,0.0035509001,0.004583638,0.005788789,0.0071120895,0.008633315,0.010465902,0.0127151245,0.016465386,0.023770703,0.0013985691,2024-10-02,2024-09-25,0.0014119968862908,-1.3427796930264935e-05,1.3427796930264935e-05,1.8030573040043242e-10,1,1,0.023305885
r4_plus_uncertainty,38,1,-0.025491824,-0.015466349,-0.011110695,-0.0084731,-0.0064972965,-0.0048904605,-0.003515063,-0.0022651127,-0.0010579582,3.765826e-05,0.0011746952,0.002325934,0.0034794363,0.004582476,0.0058680754,0.007239837,0.008791591,0.010639519,0.0128813945,0.01661098,0.024000358,0.0011746952,2024-10-03,2024-10-02,-0.0007471515157409,0.0019218467234782862,0.0019218467234782862,3.6934948285442243e-06,0,1,0.02399209
r4_plus_uncertainty,38,2,-0.02585697,-0.015547169,-0.011066668,-0.008329713,-0.006260886,-0.004587098,-0.0031069808,-0.0017993618,-0.00052405964,0.0006302283,0.0018375977,0.003033166,0.0042434726,0.0054102205,0.006755541,0.008195376,0.009835696,0.0117898695,0.014086088,0.017940339,0.025515515,0.0018375977,2024-10-04,2024-10-02,0.011827792498676,-0.009990194804428039,0.009990194804428039,9.980399223042099e-05,1,1,0.025152756
r4_plus_uncertainty,38,3,-0.026479911,-0.015964521,-0.011372278,-0.00855565,-0.006451833,-0.0047294125,-0.0032077793,-0.0018616347,-0.00058649655,0.0005865162,0.0018156016,0.0030319449,0.0042605526,0.0054436736,0.0068005007,0.008282506,0.009948812,0.011932831,0.014308316,0.018229716,0.02599539,0.0018156016,2024-10-07,2024-10-02,-0.0107694552724787,0.01258505687374407,0.01258505687374407,0.00015838365651537289,0,1,0.025680594
r4_plus_uncertainty,38,4,-0.026875297,-0.01618935,-0.011411838,-0.008454894,-0.0062532555,-0.0044903345,-0.002914427,-0.0015454714,-0.0002496706,0.00093547837,0.0021533915,0.0033625776,0.0045589907,0.005750916,0.0070946803,0.008567386,0.010246656,0.012225825,0.014564981,0.018462963,0.026030032,0.0021533915,2024-10-08,2024-10-02,0.0148242932004164,-0.012670901716245247,0.012670901716245247,0.00016055175030274676,1,0,0.025976818
r4_plus_uncertainty,38,5,-0.026615683,-0.016276002,-0.011581148,-0.008696013,-0.0065312507,-0.004759441,-0.0032124466,-0.0018248023,-0.00049507513,0.00074326375,0.0020072907,0.0032751812,0.0045273947,0.005736951,0.00713244,0.008643405,0.010365168,0.012400708,0.014844458,0.01880644,0.02656192,0.0020072907,2024-10-09,2024-10-02,0.0078375309487488,-0.005830240227809164,0.005830240227809164,3.3991701113964256e-05,1,1,0.026425606
r4_plus_uncertainty,39,1,-0.025281899,-0.015412542,-0.010943112,-0.008131079,-0.0059788036,-0.0042062467,-0.0026629758,-0.0012610623,8.836575e-05,0.0013099145,0.0025644433,0.0038281782,0.0050919917,0.006305317,0.0077131586,0.009210838,0.010915204,0.012935305,0.015366132,0.01934719,0.027160477,0.0025644433,2024-10-10,2024-10-09,-0.0011361303118323,0.003700573587164751,0.003700573587164751,1.3694244874021391e-05,0,1,0.026309244
r4_plus_uncertainty,39,2,-0.025992721,-0.016074179,-0.011642645,-0.0088644065,-0.006726061,-0.0049697123,-0.003402303,-0.002010913,-0.0006540142,0.00057873747,0.0018551254,0.0031337175,0.004424041,0.005675748,0.007127458,0.008689252,0.010491442,0.012632227,0.015147954,0.019342793,0.027247952,0.0018551254,2024-10-11,2024-10-09,0.001561909034448,0.000293216383484868,0.000293216383484868,8.597584754394517e-08,1,1,0.0267906
r4_plus_uncertainty,39,3,-0.025434595,-0.015527771,-0.011078528,-0.008294254,-0.006181349,-0.004422377,-0.0028453916,-0.0014373654,-0.00010640081,0.0011249064,0.0024004513,0.0036707758,0.004947499,0.0061809174,0.0076028258,0.009155672,0.01091293,0.0129981395,0.015493416,0.019598557,0.027516605,0.0024004513,2024-10-14,2024-10-09,0.0083563491624497,-0.005955897822668416,0.005955897822668416,3.5472718874066376e-05,1,1,0.026571944
r4_plus_uncertainty,39,4,-0.0251137,-0.01509026,-0.0104424395,-0.0075087007,-0.0052940105,-0.0034905304,-0.0018694744,-0.0004645798,0.0008667951,0.0020778528,0.0033160504,0.00455766,0.0057980283,0.0070273024,0.008419519,0.009951997,0.011713175,0.013783411,0.016225874,0.020292824,0.028154124,0.0033160504,2024-10-15,2024-10-09,-0.0134569946556891,0.01677304505105863,0.01677304505105863,0.00028133504028484237,0,0,0.026668314
r4_plus_uncertainty,39,5,-0.024989042,-0.01530983,-0.010762228,-0.007908181,-0.0057254904,-0.0039128694,-0.0023163427,-0.00088432303,0.0004890131,0.0017628483,0.0030599043,0.004362888,0.0056599793,0.006915081,0.00836459,0.009952942,0.011761273,0.013894914,0.016446713,0.020595947,0.028666165,0.0030599043,2024-10-16,2024-10-09,0.0001222665331015,0.0029376377907893055,0.0029376377907893055,8.62971578987347e-06,1,1,0.027208941
r4_plus_uncertainty,40,1,-0.020558521,-0.0128637785,-0.0093247425,-0.0071302676,-0.005455839,-0.0040816264,-0.0028986908,-0.0018193704,-0.00077333034,0.00017497665,0.0011594606,0.0021598823,0.003159807,0.0041168393,0.005234183,0.006429902,0.0077832453,0.009402474,0.011363366,0.014604297,0.020931218,0.0011594606,2024-10-17,2024-10-16,0.0006923525051118,0.00046710812795002627,0.00046710812795002627,2.181900031969781e-07,1,1,0.02068811
r4_plus_uncertainty,40,2,-0.020604163,-0.0127751725,-0.009190124,-0.0069370973,-0.005210057,-0.003794679,-0.0025382387,-0.0014294953,-0.0003499136,0.00062125124,0.0016387491,0.0026438455,0.003659645,0.004636755,0.0057699005,0.0069748345,0.008355683,0.010006834,0.011953128,0.015202949,0.021477804,0.0016387491,2024-10-18,2024-10-16,0.0065333420562323,-0.004894592907535639,0.004894592907535639,2.3957039730498183e-05,1,1,0.021143252
r4_plus_uncertainty,40,3,-0.021675466,-0.013476369,-0.009735044,-0.007395047,-0.005627537,-0.00415913,-0.0028576902,-0.001697054,-0.00059575983,0.00041779457,0.0014841822,0.0025336752,0.003596961,0.004614058,0.0057800836,0.0070471065,0.008475675,0.0101789255,0.01222111,0.015548028,0.021943191,0.0014841822,2024-10-21,2024-10-16,0.0019194174349852,-0.00043523523738459697,0.00043523523738459697,1.8942971186122647e-07,1,1,0.021956153
r4_plus_uncertainty,40,4,-0.022095023,-0.013555421,-0.00957825,-0.0070911567,-0.0052180625,-0.0037023663,-0.0023368523,-0.0011472857,-9.399373e-06,0.0010420749,0.0021355846,0.0032235743,0.0042969473,0.0053616636,0.006550329,0.007847043,0.009325133,0.011068717,0.013114713,0.01646499,0.022819458,0.0021355846,2024-10-22,2024-10-16,0.0010894103333772,0.0010461742631673041,0.0010461742631673041,1.0944805889136516e-06,1,1,0.022692963
r4_plus_uncertainty,40,5,-0.021261228,-0.013076832,-0.009159322,-0.006712829,-0.0048652203,-0.0033393423,-0.0020126733,-0.0008212897,0.00032398902,0.0013963139,0.002494979,0.0036050952,0.0046971175,0.005747107,0.006949786,0.008244889,0.009716366,0.011452171,0.013518323,0.016862769,0.02341348,0.002494979,2024-10-23,2024-10-16,-0.0154425967025768,0.017937575653867048,0.017937575653867048,0.00032175662033820385,0,0,0.022677645
r4_plus_uncertainty,41,1,-0.022466913,-0.013641581,-0.009500166,-0.00687967,-0.004882488,-0.0032467828,-0.0018440629,-0.00058340165,0.0006156269,0.0016958524,0.002796805,0.0039000935,0.00501178,0.0060882526,0.007357578,0.008716311,0.010282781,0.0121736955,0.014497563,0.018388782,0.026215004,0.002796805,2024-10-24,2024-10-23,0.0080761984099533,-0.005279393411883299,0.005279393411883299,2.7871994797436777e-05,1,1,0.02399773
r4_plus_uncertainty,41,2,-0.023761734,-0.015163118,-0.011191353,-0.008662948,-0.006706133,-0.00509247,-0.0036498904,-0.0023787383,-0.0011407749,-2.2268854e-05,0.001131026,0.0022774471,0.003445343,0.0045775734,0.0059030517,0.007345883,0.009013254,0.011019837,0.0134203825,0.01750533,0.025387825,0.001131026,2024-10-25,2024-10-23,0.0060752024991495,-0.004944176541274547,0.004944176541274547,2.444488167128954e-05,1,1,0.024611736
r4_plus_uncertainty,41,3,-0.023902582,-0.015138464,-0.01106954,-0.008479599,-0.0064905994,-0.0048212013,-0.0033324151,-0.0020028667,-0.00073801074,0.00042748917,0.0016305237,0.0028237484,0.004029046,0.0051904474,0.0065337033,0.008011421,0.009676337,0.011677261,0.014093598,0.018134456,0.026116235,0.0016305237,2024-10-28,2024-10-23,0.0001614440574514,0.0014690796502662572,0.0014690796502662572,2.1581950188264283e-06,1,1,0.025163138
r4_plus_uncertainty,41,4,-0.025290303,-0.016484903,-0.012392333,-0.009752249,-0.007702363,-0.0060011833,-0.004448392,-0.0030750278,-0.0017499432,-0.0005276117,0.0007366441,0.0019947803,0.0032436817,0.004469037,0.005855861,0.007373646,0.009118419,0.011186743,0.013676081,0.017908057,0.026089689,0.0007366441,2024-10-29,2024-10-23,0.0095625422878311,-0.00882589820373142,0.00882589820373142,7.789647910262949e-05,1,1,0.026068414
r4_plus_uncertainty,41,5,-0.02417125,-0.015409067,-0.011216264,-0.008522054,-0.006426349,-0.004673482,-0.0031245463,-0.0017268774,-0.00037291308,0.00088592176,0.0021712373,0.0034709722,0.004757284,0.005995854,0.0074206595,0.008986873,0.0107733365,0.0129122585,0.015499221,0.019802434,0.02826722,0.0021712373,2024-10-30,2024-10-23,-0.0075862980500124,0.009757535304527689,0.009757535304527689,9.520949521910427e-05,0,1,0.026715485
r4_plus_uncertainty,42,1,-0.022282803,-0.013946818,-0.009858936,-0.0072938055,-0.0053577637,-0.0037726278,-0.0024051263,-0.0011865648,-3.2507814e-05,0.0010061588,0.0020572464,0.0031152335,0.0041905153,0.00523962,0.006483089,0.007830953,0.009387117,0.011254394,0.013537485,0.017317561,0.024839373,0.0020572464,2024-10-31,2024-10-30,-0.0255667698496819,0.027624016247862624,0.027624016247862624,0.0007630862736621783,0,0,0.023396421
r4_plus_uncertainty,42,2,-0.022717366,-0.014412718,-0.010338554,-0.0077662254,-0.0058152303,-0.004221795,-0.00280837,-0.0015739801,-0.00037755643,0.00069259264,0.0017818899,0.002873565,0.0039896937,0.005073919,0.0063558826,0.007757188,0.0093679605,0.011300288,0.01358886,0.017449005,0.024989981,0.0017818899,2024-11-01,2024-10-30,0.0073716168159564,-0.0055897268800009945,0.0055897268800009945,3.1245046593005655e-05,1,1,0.023927413
r4_plus_uncertainty,42,3,-0.022871166,-0.014598422,-0.010502451,-0.007903313,-0.0059477836,-0.0043342477,-0.002912101,-0.0016670255,-0.000500867,0.00056274474,0.0016437173,0.0027219013,0.003828823,0.0049172523,0.006203524,0.0076322546,0.009269044,0.01125241,0.013638387,0.017617216,0.025450733,0.0016437173,2024-11-04,2024-10-30,-0.0029174050699765,0.004561122358947447,0.004561122358947447,2.0803837173290324e-05,0,1,0.024140839
r4_plus_uncertainty,42,4,-0.02258196,-0.014367729,-0.010321852,-0.0077570155,-0.005818786,-0.0042396476,-0.0028202513,-0.0015971593,-0.00043943583,0.0006151722,0.0016840186,0.0027629107,0.0038547697,0.0049454626,0.006193842,0.0075822035,0.009186156,0.011097512,0.013393034,0.017252686,0.024810763,0.0016840186,2024-11-05,2024-10-30,0.0126762782206442,-0.010992259577071273,0.010992259577071273,0.00012082977060971514,1,1,0.023714885
r4_plus_uncertainty,42,5,-0.02217485,-0.01414365,-0.01015628,-0.0076388903,-0.005727669,-0.004152066,-0.0027680446,-0.0015481892,-0.00038440863,0.00067783013,0.0017504729,0.0028269535,0.003919943,0.004989505,0.0062457463,0.0076440666,0.009248282,0.011180372,0.013537033,0.017422142,0.02510889,0.0017504729,2024-11-06,2024-10-30,0.0268007970537103,-0.02505032412065633,0.02505032412065633,0.0006275187385499364,1,0,0.023693314
r4_plus_uncertainty,43,1,-0.023993134,-0.014761607,-0.01052569,-0.007870217,-0.0058163116,-0.0041235136,-0.002656391,-0.0013185539,-2.4136738e-05,0.0011572021,0.0023807948,0.00362292,0.0048765456,0.006093694,0.0075211497,0.009063268,0.010825679,0.012925677,0.015467728,0.019687386,0.02811405,0.0023807948,2024-11-07,2024-11-06,0.0156215202930996,-0.01324072544757815,0.01324072544757815,0.0001753168103781436,1,0,0.025993418
r4_plus_uncertainty,43,2,-0.023254221,-0.014221876,-0.01003553,-0.0073859794,-0.005335561,-0.0036512364,-0.0021543072,-0.0008307623,0.0004677291,0.0016439736,0.002861182,0.004073495,0.0053068027,0.0065000197,0.00788058,0.009372894,0.011068704,0.013080118,0.0154364165,0.019436702,0.02745946,0.002861182,2024-11-08,2024-11-06,0.0011677931609067,0.0016933888116416657,0.0016933888116416657,2.8675656673931727e-06,1,1,0.025471946
r4_plus_uncertainty,43,3,-0.02325087,-0.014222136,-0.01008618,-0.0074870065,-0.0055060387,-0.0038739645,-0.0024292842,-0.0011470981,6.60161e-05,0.0011863561,0.00234454,0.0035053364,0.004683682,0.005838205,0.007175006,0.008652911,0.010325715,0.012323054,0.014705254,0.018699393,0.02672051,0.00234454,2024-11-11,2024-11-06,-0.0005836062531648,0.002928146340670975,0.002928146340670975,8.574040992384821e-06,0,1,0.024791434
r4_plus_uncertainty,43,4,-0.024081977,-0.014914614,-0.010602257,-0.007873181,-0.0058047837,-0.0041290782,-0.0026219347,-0.0013173707,-7.135596e-05,0.0010680768,0.0022329087,0.0034078048,0.004586429,0.0057603223,0.0070966594,0.008584252,0.010294806,0.012318284,0.014716868,0.018750146,0.026762852,0.0022329087,2024-11-12,2024-11-06,-0.0018116410991537,0.004044549836068096,0.004044549836068096,1.6358383376438466e-05,0,1,0.025319126
r4_plus_uncertainty,43,5,-0.023891915,-0.014928308,-0.010709158,-0.008040634,-0.006001206,-0.0043157525,-0.0028395501,-0.0015242319,-0.0002605348,0.00091081124,0.0021133819,0.0033203205,0.004532763,0.0057055354,0.0070752315,0.008584835,0.0103210015,0.012396768,0.014911281,0.019060237,0.027429206,0.0021133819,2024-11-13,2024-11-06,-0.0012875739376203,0.0034009558039859713,0.0034009558039859713,1.1566500380665865e-05,0,1,0.025620438
r4_plus_uncertainty,44,1,-0.021182707,-0.013104315,-0.009335532,-0.0069313147,-0.005070225,-0.0035238713,-0.0021802355,-0.000960878,0.00021227764,0.0012678769,0.0023514759,0.0034441492,0.004533533,0.005578302,0.0068024397,0.008111054,0.0096056955,0.011388233,0.013548797,0.017049873,0.023940189,0.0023514759,2024-11-14,2024-11-13,-0.006973895626482,0.00932537150603198,0.00932537150603198,8.696255372551314e-05,0,1,0.022884328
r4_plus_uncertainty,44,2,-0.021354256,-0.013543123,-0.009932258,-0.0076129637,-0.0058058808,-0.004299179,-0.0029444462,-0.0017381891,-0.0005591097,0.0005056255,0.0016110278,0.0027077743,0.0038178777,0.00488572,0.00613702,0.0074875685,0.009033194,0.010883157,0.013065777,0.016661895,0.023559045,0.0016110278,2024-11-15,2024-11-13,-0.0241144133712629,0.025725441121449522,0.025725441121449522,0.0006617983208931661,0,0,0.022998035
r4_plus_uncertainty,44,3,-0.022055412,-0.013874755,-0.01010601,-0.0076962444,-0.0058495104,-0.0042999154,-0.002913496,-0.0016697469,-0.0004887765,0.00060098263,0.0017329713,0.0028571533,0.0039928826,0.0050875214,0.006354426,0.0077302754,0.009279206,0.011110739,0.01329229,0.016821371,0.02375875,0.0017329713,2024-11-18,2024-11-13,0.0069235426903708,-0.005190571403969647,0.005190571403969647,2.6942031499707435e-05,1,1,0.0233983
r4_plus_uncertainty,44,4,-0.022820609,-0.014414461,-0.0104673905,-0.007935818,-0.006013285,-0.0044359546,-0.003006082,-0.0017571409,-0.00055864896,0.0005508764,0.0016941949,0.0028409897,0.003981446,0.005105667,0.0063703107,0.0077488385,0.00932238,0.011168077,0.013343684,0.016927712,0.023987122,0.0016941949,2024-11-19,2024-11-13,0.0068562415831182,-0.005162046727018416,0.005162046727018416,2.664672641192154e-05,1,1,0.023811076
r4_plus_uncertainty,44,5,-0.022378402,-0.014346164,-0.010536332,-0.008095894,-0.0062316917,-0.0046820454,-0.0033178716,-0.002092023,-0.000909316,0.00019423221,0.0013271198,0.002471658,0.0036178548,0.004728632,0.006022704,0.007435195,0.009046612,0.010966267,0.013286108,0.017055424,0.02453001,0.0013271198,2024-11-20,2024-11-13,-0.000576160887249,0.001903280654914863,0.001903280654914863,3.62247725137315e-06,0,1,0.02382244
r4_plus_uncertainty,45,1,-0.02367761,-0.01474987,-0.010623671,-0.00802089,-0.006031895,-0.004401748,-0.002997127,-0.0017456792,-0.00056350837,0.00049950264,0.0015645947,0.0026419812,0.0037504924,0.004830417,0.006110635,0.0074966396,0.00908944,0.010999135,0.013331165,0.017255401,0.025075728,0.0015645947,2024-11-21,2024-11-20,0.0035907995257502,-0.0020262048415815035,0.0020262048415815035,4.105506060048325e-06,1,1,0.023954835
r4_plus_uncertainty,45,2,-0.024231605,-0.015104335,-0.01087791,-0.008201381,-0.0061489157,-0.004471504,-0.0029847338,-0.0016901346,-0.00045089796,0.0006547284,0.0017696165,0.0028836015,0.0040296875,0.005153819,0.0064767436,0.007917338,0.0095689,0.011548524,0.013904997,0.01792868,0.025848128,0.0017696165,2024-11-22,2024-11-20,0.0016026458841688,0.00016697061723703515,0.00016697061723703515,2.78791870205165e-08,1,1,0.024782907
r4_plus_uncertainty,45,3,-0.024767956,-0.015331099,-0.010981418,-0.008222106,-0.0061297575,-0.004407529,-0.002892186,-0.0015706052,-0.00033759768,0.00078071444,0.0019093055,0.0030342871,0.0041969316,0.005334076,0.0066738045,0.008171804,0.009891504,0.011975888,0.014493768,0.018726507,0.02705265,0.0019093055,2024-11-25,2024-11-20,0.0015804473419747,0.00032885811598238886,0.00032885811598238886,1.0814766044748632e-07,1,1,0.025475185
r4_plus_uncertainty,45,4,-0.025414374,-0.015991027,-0.011635206,-0.0088578705,-0.006748543,-0.005034994,-0.0034980439,-0.0021637173,-0.00089453347,0.00025568227,0.0014233994,0.002592637,0.0037852777,0.004973289,0.0063411044,0.00785958,0.009616494,0.011708784,0.014213567,0.01848266,0.02670322,0.0014233994,2024-11-26,2024-11-20,0.0053548774606623,-0.003931478030893976,0.003931478030893976,1.5456519507401977e-05,1,1,0.025848772
r4_plus_uncertainty,45,5,-0.025349561,-0.015939504,-0.011479077,-0.00869187,-0.006606723,-0.00490306,-0.0034091119,-0.0020926313,-0.000843873,0.0002951281,0.0014361388,0.0025849259,0.0037614265,0.00491504,0.0062768734,0.007789656,0.009519102,0.011595563,0.014138836,0.018415721,0.026784452,0.0014361388,2024-11-27,2024-11-20,-0.0079045753583149,0.009340714116750746,0.009340714116750746,8.724894021086667e-05,0,1,0.025617912
r4_plus_uncertainty,46,1,-0.023811061,-0.015111769,-0.010955185,-0.008336196,-0.0063462453,-0.0047121476,-0.003318508,-0.0020769052,-0.00090061617,0.0001520497,0.0012157899,0.0022861604,0.00338742,0.0044641756,0.0057471106,0.0071515143,0.00877675,0.01073702,0.01314093,0.017237375,0.02525161,0.0012157899,2024-11-29,2024-11-27,0.0087484624416391,-0.0075326725088814845,0.0075326725088814845,5.674115512605888e-05,1,1,0.024096115
r4_plus_uncertainty,46,2,-0.024053045,-0.015127618,-0.010898544,-0.008220728,-0.006190124,-0.004528858,-0.0030652757,-0.001784726,-0.0005571963,0.0005339643,0.0016514666,0.0027653107,0.003916731,0.005037194,0.0063579474,0.007801258,0.009480932,0.011494524,0.013909046,0.0180328,0.025917955,0.0016514666,2024-12-02,2024-11-27,0.0108289466149276,-0.00917748002364392,0.00917748002364392,8.422613958438321e-05,1,1,0.024807591
r4_plus_uncertainty,46,3,-0.024462609,-0.015312411,-0.010944824,-0.008175687,-0.0060968753,-0.004393534,-0.0029001671,-0.0016009966,-0.00039390556,0.00070238113,0.0018242355,0.0029386994,0.004095697,0.0052272286,0.006566748,0.008076148,0.00982642,0.0119488295,0.014529863,0.018849723,0.02710986,0.0018242355,2024-12-03,2024-11-27,0.0030614775243059,-0.0012372419806972344,0.0012372419806972344,1.5307677187996156e-06,1,1,0.025474686
r4_plus_uncertainty,46,4,-0.024597751,-0.015270842,-0.010822314,-0.008012025,-0.005920794,-0.0042454395,-0.002757855,-0.0014821191,-0.00028045266,0.0008074435,0.0019176436,0.0030264994,0.004159034,0.0052935956,0.006598017,0.008055748,0.009760023,0.011799303,0.014262543,0.018440822,0.026384236,0.0019176436,2024-12-04,2024-11-27,0.0122872249071843,-0.010369581318216678,0.010369581318216678,0.00010752821671510833,1,1,0.025084857
r4_plus_uncertainty,46,5,-0.024167031,-0.015120653,-0.010732313,-0.008001636,-0.005971859,-0.0043127947,-0.0028701515,-0.0015933802,-0.00038250163,0.00072943105,0.0018429186,0.002961779,0.0040991055,0.00521479,0.0065279966,0.007994477,0.009688598,0.011728602,0.0142300865,0.018403823,0.026425028,0.0018429186,2024-12-05,2024-11-27,-0.0027747847993229,0.004617703372270283,0.004617703372270283,2.1323184434276346e-05,0,1,0.0249624
r4_plus_uncertainty,47,1,-0.019670768,-0.011630274,-0.00795823,-0.005632409,-0.0038276266,-0.0023324732,-0.0010264255,0.00016142323,0.0013068873,0.002341615,0.0034024722,0.004467482,0.0055428874,0.0065950844,0.007835234,0.0091561135,0.0106770685,0.012488986,0.014676797,0.018234463,0.025002731,0.0034024722,2024-12-06,2024-12-05,0.0089096200303785,-0.005507147789528171,0.005507147789528171,3.0328676775705015e-05,1,1,0.022635028
r4_plus_uncertainty,47,2,-0.02064641,-0.012726459,-0.00913057,-0.006841968,-0.0050607743,-0.0035887912,-0.0022674215,-0.0010938698,5.6360732e-05,0.001096398,0.002172634,0.0032422594,0.0043294765,0.0053822584,0.006608573,0.007943042,0.009483557,0.011326572,0.013498739,0.017105602,0.023766201,0.002172634,2024-12-09,2024-12-05,-0.0078179759762592,0.00999060998180577,0.00999060998180577,9.981228780855708e-05,0,1,0.02262931
r4_plus_uncertainty,47,3,-0.019605678,-0.011513066,-0.007774423,-0.005387132,-0.0035505493,-0.002029695,-0.0006860483,0.0005045147,0.00161936,0.0026305113,0.003664691,0.004685303,0.005728525,0.0067433706,0.007921007,0.0092424145,0.0107479915,0.012568757,0.014761652,0.018370127,0.025176758,0.003664691,2024-12-10,2024-12-05,-0.0034133704339085,0.007078061435085334,0.007078061435085334,5.009895367884226e-05,0,1,0.022536075
r4_plus_uncertainty,47,4,-0.021061955,-0.012777262,-0.00887669,-0.006378617,-0.0044830833,-0.0029365344,-0.0015465154,-0.0003434578,0.0007995482,0.0018452745,0.002922248,0.0040003145,0.0050787926,0.006150822,0.007353775,0.008670357,0.010184577,0.011965148,0.014078992,0.017586648,0.024351522,0.002922248,2024-12-11,2024-12-05,0.0177440083495202,-0.014821760254246228,0.014821760254246228,0.0002196845770343532,1,0,0.022955682
r4_plus_uncertainty,47,5,-0.02153526,-0.013411621,-0.00964243,-0.0072409688,-0.005385478,-0.0038393938,-0.0024688283,-0.0012436104,-6.578362e-05,0.0010246356,0.0021326072,0.0032485211,0.0043540597,0.0054253573,0.006669605,0.008038784,0.009612209,0.011485187,0.01374904,0.017448807,0.024525015,0.0021326072,2024-12-12,2024-12-05,-0.0064745265181275,0.008607133676400959,0.008607133676400959,7.40827501234355e-05,0,1,0.02339147
r4_plus_uncertainty,48,1,-0.024306523,-0.015230548,-0.011138832,-0.008582797,-0.006640669,-0.0050476417,-0.003666076,-0.0024296616,-0.0012470214,-0.00017460843,0.0009134935,0.0020177606,0.0031292606,0.004188846,0.0054292437,0.0067593856,0.008278267,0.010092311,0.01228956,0.015956791,0.02298299,0.0009134935,2024-12-13,2024-12-12,0.0076251659607724,-0.006711672450902377,0.006711672450902377,4.5046547088201925e-05,1,1,0.023428392
r4_plus_uncertainty,48,2,-0.023506984,-0.014293926,-0.010129697,-0.0075219898,-0.0055284062,-0.0039017417,-0.0024561046,-0.0011892705,4.125631e-05,0.0011499233,0.002280933,0.0034211455,0.004566398,0.005672398,0.006955767,0.008335954,0.009886656,0.01172486,0.013908198,0.017594682,0.024725514,0.002280933,2024-12-16,2024-12-12,0.0142979052873088,-0.012016972203342425,0.012016972203342425,0.00014440762093590452,1,0,0.024037894
r4_plus_uncertainty,48,3,-0.024711378,-0.015289478,-0.011044549,-0.008383857,-0.006382603,-0.004723139,-0.003249572,-0.0019493497,-0.0007247452,0.00040371506,0.0015638797,0.002723528,0.0038927598,0.0050358633,0.006370673,0.007835637,0.009488268,0.011474736,0.013864806,0.017817678,0.02534916,0.0015638797,2024-12-17,2024-12-12,-0.0044134140110699,0.005977293672331936,0.005977293672331936,3.57280396452994e-05,0,1,0.024909355
r4_plus_uncertainty,48,4,-0.025627136,-0.016000018,-0.0116936425,-0.00898093,-0.00691987,-0.0052314876,-0.0036970044,-0.0023535183,-0.0010595659,0.00013351976,0.0013597424,0.0025913967,0.0038225888,0.005026252,0.0063951714,0.007895302,0.009611234,0.011641916,0.0140726,0.018128397,0.025718523,0.0013597424,2024-12-18,2024-12-12,-0.0367438987484373,0.03810364111607744,0.03810364111607744,0.0014518874663028273,0,0,0.025766242
r4_plus_uncertainty,48,5,-0.025952695,-0.016218925,-0.01179056,-0.009042185,-0.006968937,-0.005268243,-0.0037645048,-0.0024277566,-0.0011332594,7.176318e-05,0.0013067096,0.0025554649,0.0038154135,0.0050311843,0.006446681,0.008005436,0.0097639905,0.011862914,0.01439911,0.01855059,0.026412997,0.0013067096,2024-12-19,2024-12-12,-0.0044632525653369,0.005769962165949421,0.005769962165949421,3.329246339648773e-05,0,1,0.02618967
r4_plus_uncertainty,49,1,-0.03527398,-0.022730302,-0.017226009,-0.013778578,-0.011153977,-0.009014383,-0.00720051,-0.005601123,-0.0040895813,-0.0027353,-0.0013585406,2.6360969e-05,0.0014267768,0.002779076,0.004355113,0.006066049,0.008023444,0.010377675,0.013291306,0.018288696,0.028702518,-0.0013585406,2024-12-20,2024-12-19,0.0086947341857844,-0.010053274798057319,0.010053274798057319,0.00010106833416525443,0,1,0.030517314
r4_plus_uncertainty,49,2,-0.03146456,-0.018776292,-0.0133859,-0.010039354,-0.0075045866,-0.0054467693,-0.003635459,-0.0020458992,-0.0005053872,0.000893089,0.00232905,0.0037856698,0.0052683437,0.0067066294,0.008383743,0.010222902,0.012331071,0.014824428,0.017783431,0.022805598,0.03296299,0.00232905,2024-12-23,2024-12-19,0.0096954651734969,-0.007366415075882373,0.007366415075882373,5.42640710701871e-05,1,1,0.031169333
r4_plus_uncertainty,49,3,-0.028870875,-0.016536284,-0.01122837,-0.007888933,-0.0053631994,-0.003290297,-0.0014734593,0.000120145036,0.0016137605,0.0030121966,0.0044730017,0.0059369104,0.007427692,0.008868543,0.010525141,0.012403616,0.014524473,0.017075015,0.020121045,0.025396757,0.036343496,0.0044730017,2024-12-24,2024-12-19,0.0134687641467139,-0.008995762450544524,0.008995762450544524,8.092374206662683e-05,1,1,0.031349413
r4_plus_uncertainty,49,4,-0.029744087,-0.018002918,-0.012976363,-0.009811697,-0.007382197,-0.00539438,-0.0036043301,-0.0020343615,-0.0005182375,0.0008853784,0.0023385154,0.0037912722,0.0052633835,0.0067033335,0.008363695,0.010218453,0.012343951,0.01486101,0.01785162,0.022884129,0.03323545,0.0023385154,2024-12-26,2024-12-19,-0.0006796836714989,0.0030181990332698878,0.0030181990332698878,9.109525404431285e-06,0,1,0.030827984
r4_plus_uncertainty,49,5,-0.029804125,-0.018076474,-0.012876795,-0.009681545,-0.0072853756,-0.005319625,-0.0035889028,-0.0020620818,-0.00059204455,0.00076700276,0.002157543,0.0035662036,0.004996981,0.0063770083,0.007996025,0.0097819315,0.011799769,0.014192372,0.01702317,0.02175458,0.031814087,0.002157543,2024-12-27,2024-12-19,-0.0133821959071922,0.015539738994570344,0.015539738994570344,0.0002414834880193701,0,0,0.029899966
