model,window,horizon,q0.01,q0.05,q0.1,q0.15,q0.2,q0.25,q0.3,q0.35,q0.4,q0.45,q0.5,q0.55,q0.6,q0.65,q0.7,q0.75,q0.8,q0.85,q0.9,q0.95,q0.99,prediction,date,forecast_origin,actual,error,abs_error,squared_error,correct_direction,interval_coverage,interval_width
r5_plus_fed,0,1,-0.016807523,-0.010616845,-0.0076848255,-0.0058292234,-0.0043947166,-0.0032167619,-0.0021889466,-0.0012678443,-0.00037901202,0.00040609212,0.0012074199,0.0020271433,0.0028380835,0.0036220618,0.0045295083,0.005505178,0.0065999627,0.007905892,0.009469096,0.01207061,0.017303647,0.0012074199,2024-01-02,2023-12-29,-0.0170669491911452,0.0182743690950941,0.0182743690950941,0.0003339525658237304,0,0,0.01715392
r5_plus_fed,0,2,-0.016951494,-0.010772643,-0.007887693,-0.0060488204,-0.004617601,-0.0034424139,-0.0023860815,-0.001473365,-0.00056765706,0.000228561,0.0010463706,0.0018772888,0.00270188,0.003509116,0.00444771,0.005453763,0.006588842,0.007953848,0.009547229,0.012188305,0.017423792,0.0010463706,2024-01-03,2023-12-29,-0.0106379771259205,0.011684347724408056,0.011684347724408056,0.0001365239817448797,0,0,0.017434921
r5_plus_fed,0,3,-0.017308401,-0.010957756,-0.007974308,-0.006081126,-0.0046183392,-0.0034041116,-0.0023219548,-0.0013739909,-0.0004784201,0.00033301985,0.0011727219,0.0020206256,0.0028653408,0.0036905704,0.00464556,0.005682942,0.0068376847,0.00823754,0.009875213,0.012541868,0.01783181,0.0011727219,2024-01-04,2023-12-29,-0.0051596905664556,0.006332412418072698,0.006332412418072698,4.0099447032561315e-05,0,1,0.01784952
r5_plus_fed,0,4,-0.01790024,-0.011352334,-0.008226647,-0.0062415013,-0.004718263,-0.0034881642,-0.0023726337,-0.0014221362,-0.0005149535,0.00031022332,0.0011539112,0.0020108644,0.0028459218,0.0036873582,0.0046211006,0.0056474986,0.0068164864,0.008204535,0.009832796,0.012537066,0.017766595,0.0011539112,2024-01-05,2023-12-29,0.0011852617737993,-3.1350542713641906e-05,3.1350542713641906e-05,9.828565284398856e-10,1,1,0.018059444
r5_plus_fed,0,5,-0.017303066,-0.011107943,-0.00812899,-0.006233464,-0.004767528,-0.003546822,-0.0024636793,-0.001506721,-0.0005856042,0.00025017414,0.0011082583,0.001963817,0.0028105273,0.0036295324,0.004577816,0.0056151855,0.006795458,0.008224551,0.009961081,0.012790044,0.018352222,0.0011082583,2024-01-08,2023-12-29,0.0204572928663409,-0.019349034602201606,0.019349034602201606,0.00037438514003719503,1,0,0.018090071
r5_plus_fed,1,1,-0.022285301,-0.014323087,-0.010567247,-0.0081816735,-0.0063177217,-0.004766771,-0.003397518,-0.002153202,-0.00094207027,0.00016241049,0.0012968375,0.0024546208,0.0036021334,0.00470282,0.005971939,0.00732604,0.008836771,0.010611284,0.01271779,0.01610666,0.022952331,0.0012968375,2024-01-09,2024-01-08,0.0019736065701812,-0.0006767691052749249,0.0006767691052749249,4.580164218546223e-07,1,1,0.023285037
r5_plus_fed,1,2,-0.022155467,-0.0141384965,-0.010369764,-0.00794985,-0.0060458826,-0.004465876,-0.0030303798,-0.0017628567,-0.00049651746,0.0006437441,0.0018183975,0.0030005076,0.0041613583,0.005280977,0.006558645,0.00791442,0.009412667,0.011162807,0.013177606,0.016493743,0.023257706,0.0018183975,2024-01-10,2024-01-08,0.006754656172611,-0.004936258624561311,0.004936258624561311,2.436664920855593e-05,1,1,0.02354737
r5_plus_fed,1,3,-0.022140684,-0.014083248,-0.010315992,-0.0079161655,-0.0060604294,-0.004512084,-0.0031290054,-0.0019034698,-0.00073175645,0.00034246437,0.0014503589,0.002568366,0.0036804872,0.004764428,0.0060154493,0.0073807617,0.008897846,0.010708844,0.012835076,0.016280482,0.02322937,0.0014503589,2024-01-11,2024-01-08,0.0020786482571301,-0.0006282893671330945,0.0006282893671330945,3.9474752885250445e-07,1,1,0.023151068
r5_plus_fed,1,4,-0.02269725,-0.0144884875,-0.01059588,-0.008118939,-0.006214091,-0.0046564923,-0.0032350419,-0.0020030516,-0.00082105177,0.00026056342,0.0013620458,0.0024825388,0.003582531,0.004671746,0.0058909217,0.0072317636,0.0087336805,0.010493052,0.012545503,0.015875023,0.022564773,0.0013620458,2024-01-12,2024-01-08,0.0005126444927324,0.0008494012684654054,0.0008494012684654054,7.214825148706396e-07,1,1,0.023141384
r5_plus_fed,1,5,-0.022110915,-0.014290997,-0.010559423,-0.00819122,-0.0063579497,-0.0048223794,-0.0034473904,-0.002215349,-0.0010241958,7.321675e-05,0.0012119602,0.0023478274,0.0034786244,0.004556845,0.0058076186,0.0071696225,0.008690582,0.010491724,0.012625046,0.016026314,0.022959143,0.0012119602,2024-01-16,2024-01-08,-9.749324927383718e-05,0.0013094534671893125,0.0013094534671893125,1.714668382734112e-06,0,1,0.023184469
r5_plus_fed,2,1,-0.019226363,-0.012076465,-0.008801422,-0.0067229453,-0.0051113195,-0.0037704757,-0.0025918798,-0.001518566,-0.00047854354,0.0004463612,0.00139399,0.0023531066,0.0032993474,0.0042083277,0.0052539017,0.0063727493,0.0076194317,0.0090929745,0.01084397,0.013686899,0.019426763,0.00139399,2024-01-17,2024-01-16,-0.0056566548529702,0.007050644862061995,0.007050644862061995,4.9711592970921204e-05,0,1,0.019645393
r5_plus_fed,2,2,-0.019372746,-0.012152691,-0.008890671,-0.0068166847,-0.005202528,-0.0038621,-0.0026516328,-0.0015816862,-0.0005150328,0.00043376285,0.001413521,0.0024000856,0.003373113,0.004306602,0.0053792815,0.006518029,0.0077914144,0.009289369,0.011024004,0.013864818,0.019584931,0.001413521,2024-01-18,2024-01-16,0.0140943716396457,-0.012680850632011001,0.012680850632011001,0.0001608039727513738,1,0,0.019914676
r5_plus_fed,2,3,-0.019384684,-0.012182102,-0.008876514,-0.0067858226,-0.0051761866,-0.0038293374,-0.0026252838,-0.0015608008,-0.00055350095,0.0003610555,0.0013050991,0.0022523839,0.0031926562,0.0041004904,0.0051514707,0.0063016666,0.00758097,0.00911818,0.010923583,0.013845313,0.019732138,0.0013050991,2024-01-19,2024-01-16,0.019636767276067,-0.01833166816501663,0.01833166816501663,0.00033605005771228423,1,0,0.019800097
r5_plus_fed,2,4,-0.01984763,-0.012368636,-0.00893787,-0.006773372,-0.0051131523,-0.0037507392,-0.0025073006,-0.0014338394,-0.00041250692,0.00052376615,0.0014801753,0.0024443427,0.0033808444,0.0043125204,0.005340086,0.006467406,0.007744792,0.009237094,0.010984203,0.0138448905,0.01954201,0.0014801753,2024-01-22,2024-01-16,0.001305183935429,0.00017499136320964183,0.00017499136320964183,3.062197719796879e-08,1,1,0.019922074
r5_plus_fed,2,5,-0.019219995,-0.012105711,-0.008866117,-0.0068415045,-0.0052722273,-0.003940408,-0.0027458977,-0.001671902,-0.0006326644,0.00032665388,0.0013104525,0.002289071,0.0032500182,0.004169351,0.005232322,0.0063891723,0.007695223,0.009251139,0.011117985,0.01410636,0.020083265,0.0013104525,2024-01-23,2024-01-16,0.0041409169109138,-0.002830464441289221,0.002830464441289221,8.0115289534027e-06,1,1,0.019984102
r5_plus_fed,3,1,-0.018769534,-0.011570166,-0.008280611,-0.006238917,-0.004660824,-0.0033558428,-0.0022171994,-0.0011931338,-0.00019802658,0.0006849952,0.0015865528,0.0024985354,0.003401207,0.004276776,0.005288345,0.006377494,0.0075942073,0.009034169,0.010766734,0.013629421,0.01950924,0.0015865528,2024-01-24,2024-01-23,0.0055338310321763,-0.003947278206419929,0.003947278206419929,1.5581005238877734e-05,1,1,0.019047346
r5_plus_fed,3,2,-0.018780548,-0.011560404,-0.008304724,-0.0062636556,-0.004675653,-0.0033700385,-0.0021953974,-0.001167812,-0.00014737128,0.00075457175,0.0016862081,0.0026225299,0.0035470633,0.0044434364,0.0054759346,0.0065808347,0.007820144,0.009283004,0.010984198,0.01382049,0.019631919,0.0016862081,2024-01-25,2024-01-23,0.0012205792486691,0.00046562881786142577,0.00046562881786142577,2.168101960230288e-07,1,1,0.019288922
r5_plus_fed,3,3,-0.018949123,-0.011685165,-0.0083697075,-0.0063050394,-0.0047119325,-0.0033869925,-0.0022094974,-0.0011764806,-0.00019671362,0.0006882459,0.0016067687,0.00252753,0.0034499934,0.0043506576,0.0053929915,0.0065420647,0.007823825,0.009362087,0.011163844,0.014100485,0.02002845,0.0016067687,2024-01-26,2024-01-23,-0.0059754650354733,0.0075822337311108835,0.0075822337311108835,5.749026835319567e-05,0,1,0.019533552
r5_plus_fed,3,4,-0.019751195,-0.012168307,-0.008682927,-0.006514787,-0.0048457533,-0.0034845166,-0.002243074,-0.0011752999,-0.0001558345,0.0007773948,0.0017309833,0.0026902654,0.0036216085,0.004545693,0.0055674408,0.0066873087,0.00795771,0.009458599,0.011211927,0.014106987,0.019946512,0.0017309833,2024-01-29,2024-01-23,0.0101884130329533,-0.008457429771002986,0.008457429771002986,7.152811833144762e-05,1,1,0.019894853
r5_plus_fed,3,5,-0.01900576,-0.011840897,-0.008567312,-0.006545028,-0.0049783583,-0.0036634568,-0.002491853,-0.0014534438,-0.00045180443,0.00046715332,0.0014113493,0.0023489583,0.0032729383,0.004164716,0.005198893,0.0063326703,0.007623949,0.00917294,0.01104641,0.014095723,0.02020796,0.0014113493,2024-01-30,2024-01-23,-0.0066789407276258,0.008090290007431819,0.008090290007431819,6.545279240435114e-05,0,1,0.01961372
r5_plus_fed,4,1,-0.017989548,-0.0111027155,-0.007921791,-0.005926998,-0.004378586,-0.0031026464,-0.0019758127,-0.0009657295,1.4995458e-05,0.00088307983,0.0017679195,0.0026632946,0.00354183,0.0043941694,0.005374752,0.0064234626,0.007604956,0.009009841,0.010691199,0.0134995105,0.019286564,0.0017679195,2024-01-31,2024-01-30,-0.0197803987310363,0.021548318246295863,0.021548318246295863,0.0004643300192436472,0,0,0.01861299
r5_plus_fed,4,2,-0.017617738,-0.010750985,-0.0076191053,-0.00563823,-0.0040958086,-0.0028283906,-0.0016864998,-0.00069266185,0.00029779994,0.0011714934,0.0020639764,0.0029673467,0.0038548524,0.004714831,0.005701417,0.0067612273,0.007944559,0.009348663,0.010994336,0.013751323,0.019431042,0.0020639764,2024-02-01,2024-01-30,0.0117065281406813,-0.009642551772745762,0.009642551772745762,9.297880469008245e-05,1,0,0.01861344
r5_plus_fed,4,3,-0.01786384,-0.010944385,-0.007783097,-0.005807059,-0.004275457,-0.0029965353,-0.0018468337,-0.00083674595,0.0001214825,0.0009852552,0.0018780534,0.0027732844,0.003657986,0.004517587,0.0055070817,0.006593879,0.00780697,0.009278362,0.011026559,0.013910681,0.0197867,0.0018780534,2024-02-02,2024-01-30,0.0167594396282977,-0.014881386212731017,0.014881386212731017,0.0002214556556124608,1,0,0.018809658
r5_plus_fed,4,4,-0.018779207,-0.011603883,-0.008293838,-0.0062256088,-0.0046362164,-0.0033350238,-0.002143922,-0.0011208361,-0.0001403375,0.00075934094,0.0016825533,0.0026213333,0.0035296017,0.004431657,0.005424308,0.0065077636,0.0077412473,0.009198231,0.010919854,0.01380256,0.019607516,0.0016825533,2024-02-05,2024-01-30,-0.0013061926757222,0.0029887459996392907,0.0029887459996392907,8.932602650359863e-06,0,1,0.019213691
r5_plus_fed,4,5,-0.018541,-0.0116620315,-0.008535051,-0.006584036,-0.0050571184,-0.0037664047,-0.0026036273,-0.0015592297,-0.00054237584,0.0003881259,0.0013483418,0.0023040494,0.003239604,0.0041398373,0.00518087,0.0063223867,0.007617638,0.00917849,0.011068806,0.014162647,0.02035765,0.0013483418,2024-02-06,2024-01-30,-0.0020092537027132,0.003357595517886826,0.003357595517886826,1.1273447661733704e-05,0,1,0.019603856
r5_plus_fed,5,1,-0.022135254,-0.014346329,-0.010623387,-0.008259942,-0.006421116,-0.0048892885,-0.0035312788,-0.0023085286,-0.0011272898,-5.7458237e-05,0.0010263113,0.0021318994,0.003230972,0.0042840936,0.005505201,0.0068175783,0.008284372,0.009998059,0.012038219,0.015328432,0.021780027,0.0010263113,2024-02-07,2024-02-06,0.0102375547573073,-0.009211243450093099,0.009211243450093099,8.484700589688302e-05,1,1,0.022661606
r5_plus_fed,5,2,-0.022611123,-0.014584139,-0.0107795205,-0.008336226,-0.0064271493,-0.004840876,-0.0034058362,-0.0021455972,-0.00090022443,0.00021684928,0.0013530324,0.002515312,0.0036610337,0.0047607906,0.0060336585,0.0073931175,0.008905026,0.010666552,0.012698402,0.015990563,0.02235312,0.0013530324,2024-02-08,2024-02-06,0.0018503278650485,-0.0004972954437278232,0.0004972954437278232,2.473027583524525e-07,1,1,0.023477923
r5_plus_fed,5,3,-0.023009874,-0.0150341205,-0.011193901,-0.008716948,-0.006802856,-0.005186271,-0.0037433545,-0.0024685757,-0.0012673677,-0.00015756159,0.0009877136,0.0021455386,0.0032982165,0.0044249776,0.005736179,0.0071716527,0.008768258,0.010650188,0.0128377965,0.01628298,0.022854365,0.0009877136,2024-02-09,2024-02-06,0.0097948712109051,-0.008807157636473264,0.008807157636473264,7.756602563368934e-05,1,1,0.024031699
r5_plus_fed,5,4,-0.022272028,-0.014340426,-0.0105591165,-0.008144602,-0.0062792315,-0.0047367117,-0.0033199622,-0.002090534,-0.00091404025,0.00016285936,0.0012571161,0.0023674043,0.0034595255,0.00452867,0.005724924,0.0070409216,0.008520534,0.010249548,0.012273587,0.0155310985,0.021818629,0.0012571161,2024-02-12,2024-02-06,-0.0039202253810345,0.005177341472472138,0.005177341472472138,2.6804864722579968e-05,0,1,0.022832703
r5_plus_fed,5,5,-0.021743763,-0.014037105,-0.010349085,-0.008015588,-0.0062101413,-0.004697326,-0.003344157,-0.0021396657,-0.0009709585,0.00010202036,0.0012034012,0.0022928636,0.0033845697,0.0044210316,0.0056253094,0.0069425753,0.0084027285,0.010134295,0.012188727,0.015422066,0.02177497,0.0012034012,2024-02-13,2024-02-06,-0.0157200014103491,0.016923402657388537,0.016923402657388537,0.00028640155750410536,0,0,0.022537813
r5_plus_fed,6,1,-0.020700403,-0.012938986,-0.00924487,-0.006917821,-0.005123212,-0.003634308,-0.0023260857,-0.0011384093,1.6602658e-05,0.001060588,0.002137856,0.0032262541,0.0042970143,0.005322385,0.0065039787,0.007757255,0.009157775,0.010796019,0.01275753,0.01589757,0.02214719,0.002137856,2024-02-14,2024-02-13,0.0108383092060217,-0.00870045311371771,0.00870045311371771,7.569788438400019e-05,1,1,0.0220024
r5_plus_fed,6,2,-0.020468079,-0.012825142,-0.009243649,-0.006973446,-0.005209325,-0.0037473734,-0.0024278592,-0.0012642734,-9.840261e-05,0.0009454717,0.0020263188,0.0031136102,0.0041803285,0.0052090385,0.006391449,0.0076486208,0.0090526035,0.010696599,0.012598193,0.015697187,0.021757776,0.0020263188,2024-02-15,2024-02-13,0.0029733146952136,-0.0009469958899213514,0.0009469958899213514,8.968012155279323e-07,1,1,0.021841843
r5_plus_fed,6,3,-0.020379543,-0.0127020115,-0.009088109,-0.006813853,-0.0050640963,-0.003596432,-0.0022811028,-0.0011171567,-9.3154085e-06,0.0010007324,0.0020487728,0.0030963281,0.004135332,0.0051409206,0.006298131,0.007561819,0.0089610685,0.010628497,0.012577192,0.015669797,0.021765025,0.0020487728,2024-02-16,2024-02-13,-0.0091089905818626,0.011157763341598185,0.011157763341598185,0.0001244956827871123,0,0,0.021665301
r5_plus_fed,6,4,-0.021180391,-0.013379976,-0.009676005,-0.0073373513,-0.005544567,-0.00406594,-0.0027066674,-0.0015236945,-0.0003834986,0.0006717937,0.0017552945,0.0028467136,0.003906799,0.0049561015,0.006121134,0.007387684,0.008809652,0.010461351,0.012386732,0.015482089,0.021521108,0.0017552945,2024-02-20,2024-02-13,-0.0075767262223666,0.009332020728804676,0.009332020728804676,8.708661088284016e-05,0,1,0.022062737
r5_plus_fed,6,5,-0.021288626,-0.013630373,-0.009978503,-0.007677609,-0.005891588,-0.004384062,-0.0030347183,-0.0018175031,-0.00063091924,0.0004738293,0.0016167421,0.002756055,0.0038765562,0.0049448516,0.006167871,0.0074903956,0.008964574,0.010696989,0.012742765,0.0159578,0.022282133,0.0016167421,2024-02-21,2024-02-13,-0.0040098848492255,0.005626626961899319,0.005626626961899319,3.165893096837236e-05,0,1,0.022721268
r5_plus_fed,7,1,-0.020164968,-0.012993281,-0.00968787,-0.007576494,-0.0059235115,-0.0045435037,-0.0033350587,-0.0022297495,-0.0011534917,-0.00017714177,0.0008351569,0.0018714039,0.0028976665,0.0038807057,0.0050163097,0.0062358943,0.007600346,0.0092231035,0.011174463,0.014379011,0.020720147,0.0008351569,2024-02-22,2024-02-21,0.0288554292019735,-0.028020272318860413,0.028020272318860413,0.0007851356608230951,1,0,0.020862333
r5_plus_fed,7,2,-0.020470748,-0.013285529,-0.010000359,-0.007895895,-0.006239238,-0.0048629893,-0.0036208385,-0.0025245831,-0.0014336408,-0.00045316565,0.00057583046,0.0016145596,0.0026475391,0.0036597454,0.0048446194,0.0061163553,0.0075709973,0.00931405,0.011367703,0.014738301,0.02117533,0.00057583046,2024-02-23,2024-02-21,-0.0029491160121863,0.0035249464736436717,0.0035249464736436717,1.2425247642052957e-05,0,1,0.021368062
r5_plus_fed,7,3,-0.02081037,-0.013426257,-0.010044398,-0.007876676,-0.006194658,-0.0047651227,-0.003477716,-0.0023278825,-0.0012279047,-0.00021031252,0.00086050015,0.0019306669,0.0029932333,0.00402381,0.005215572,0.0065092975,0.007966343,0.009719849,0.011803887,0.015190423,0.021776345,0.00086050015,2024-02-26,2024-02-21,-0.0005267371637885,0.0013872373132173444,0.0013872373132173444,1.9244273631824763e-06,0,1,0.021848284
r5_plus_fed,7,4,-0.021160902,-0.01364391,-0.010144234,-0.007890178,-0.0061363704,-0.004687885,-0.0033563313,-0.0021878208,-0.0010527435,5.574024e-06,0.0011032175,0.002212405,0.0032939946,0.0043753255,0.005582797,0.006909185,0.008422058,0.010209479,0.0123133,0.015745271,0.022262324,0.0011032175,2024-02-27,2024-02-21,0.002402307425953,-0.0012990899452488117,0.0012990899452488117,1.6876346858465608e-06,1,1,0.022457533
r5_plus_fed,7,5,-0.020247493,-0.012809277,-0.009164467,-0.0068227174,-0.0050207525,-0.0035201474,-0.0021991418,-0.0010158387,0.0001254381,0.0011850363,0.0022780236,0.003381015,0.0044767484,0.005526952,0.006737978,0.0080609,0.009556725,0.011350152,0.013487255,0.016934669,0.023546595,0.0022780236,2024-02-28,2024-02-21,-0.0053386145066858,0.007616638138929076,0.007616638138929076,5.801317653938898e-05,0,1,0.022651723
r5_plus_fed,8,1,-0.020720653,-0.013307135,-0.009752657,-0.007499297,-0.0057544485,-0.004294669,-0.0030104052,-0.0018382882,-0.0006996711,0.00032027898,0.0013738816,0.00244653,0.0035187548,0.0045573395,0.005769593,0.0070817485,0.008560862,0.010311975,0.012418222,0.015891364,0.022868423,0.0013738816,2024-02-29,2024-02-28,0.0085328340446164,-0.007158952454063772,0.007158952454063772,5.125060023954571e-05,1,1,0.022170879
r5_plus_fed,8,2,-0.02103181,-0.01349478,-0.009927018,-0.0076445835,-0.005865565,-0.0043829293,-0.0030428553,-0.0018499066,-0.00066422543,0.00039755512,0.0015015528,0.0026194123,0.0037350424,0.0048139496,0.006071056,0.0074197133,0.0089489445,0.010758839,0.012870286,0.016375946,0.023282373,0.0015015528,2024-03-01,2024-02-28,0.0149445932169848,-0.013443040456383757,0.013443040456383757,0.00018071533671197042,1,0,0.022797303
r5_plus_fed,8,3,-0.021427492,-0.013815685,-0.010174356,-0.007851527,-0.0060594566,-0.004550254,-0.0031953822,-0.001993179,-0.0008520377,0.0001914583,0.0012870926,0.0023918939,0.0035060854,0.00459302,0.005865502,0.0072631543,0.008840611,0.010737083,0.012970438,0.016575174,0.023606755,0.0012870926,2024-03-04,2024-02-28,-0.0035745526098149,0.004861645180961686,0.004861645180961686,2.3635593865567985e-05,0,1,0.023144795
r5_plus_fed,8,4,-0.021443611,-0.013795448,-0.010202476,-0.007905611,-0.0061314693,-0.004651326,-0.0032866276,-0.0020920096,-0.00093989435,0.00013258914,0.0012419105,0.0023656427,0.003468173,0.0045695896,0.0058008735,0.0071597556,0.008712805,0.010548534,0.012728853,0.016287452,0.023188936,0.0012419105,2024-03-05,2024-02-28,-0.0181125786910815,0.01935448919525871,0.01935448919525871,0.00037459625200938617,0,0,0.02293133
r5_plus_fed,8,5,-0.020795977,-0.013438021,-0.009903907,-0.007671238,-0.0059423647,-0.0044801673,-0.0031757043,-0.002000496,-0.0008623294,0.00019282682,0.0012818791,0.0023750246,0.0034628771,0.004507643,0.005726547,0.0070597064,0.008576816,0.01039765,0.01259532,0.01615672,0.023204133,0.0012818791,2024-03-06,2024-02-28,0.0062640692089783,-0.004982190065188889,0.004982190065188889,2.4822217845666867e-05,1,1,0.022499226
r5_plus_fed,9,1,-0.022306502,-0.013944747,-0.010142019,-0.007710791,-0.005821447,-0.0042423587,-0.0028653874,-0.0016211572,-0.00043558347,0.00064116245,0.0017329613,0.002843508,0.0039579542,0.0050329897,0.00629522,0.0076608276,0.009210673,0.011058195,0.013297757,0.016951844,0.024223164,0.0017329613,2024-03-07,2024-03-06,0.0150641053201408,-0.013331144045457325,0.013331144045457325,0.0001777194015607323,1,0,0.023439776
r5_plus_fed,9,2,-0.023246646,-0.014923354,-0.01116906,-0.008765014,-0.0068765194,-0.005297979,-0.0038647815,-0.002599094,-0.0013484351,-0.00021922478,0.0009391976,0.0021187197,0.0032989087,0.0044540768,0.0058125313,0.0072879335,0.008969096,0.01098131,0.013337956,0.01720209,0.024578925,0.0009391976,2024-03-08,2024-03-06,-0.0145401973295111,0.015479394934986884,0.015479394934986884,0.00023961166755329759,0,0,0.024507016
r5_plus_fed,9,3,-0.02389897,-0.015430686,-0.01155774,-0.009054609,-0.0071110385,-0.0054670647,-0.0039971825,-0.0026879855,-0.001445276,-0.0002988153,0.0008825887,0.0020728882,0.0032735548,0.0044538584,0.0058351373,0.007355065,0.00906477,0.011109442,0.013521337,0.01743279,0.024884664,0.0008825887,2024-03-11,2024-03-06,-0.0037196586741538,0.004602247350330765,0.004602247350330765,2.1180680673626544e-05,0,1,0.025079077
r5_plus_fed,9,4,-0.02380623,-0.015198271,-0.0112613,-0.008723349,-0.006760804,-0.0051427213,-0.0036693541,-0.0023778372,-0.0011337278,5.1924726e-06,0.0011708362,0.0023562307,0.0035347817,0.004701002,0.006027901,0.007498935,0.009179248,0.011163533,0.013519569,0.017374184,0.02472097,0.0011708362,2024-03-12,2024-03-06,0.014233305615606,-0.013062469459371855,0.013062469459371855,0.00017062810837702245,1,0,0.02478087
r5_plus_fed,9,5,-0.023338217,-0.0149422195,-0.01101654,-0.0085217105,-0.006604882,-0.004997248,-0.003560632,-0.002267866,-0.001015971,0.00014471018,0.0013324653,0.0025285373,0.0037305919,0.004876985,0.0062097404,0.0076751322,0.009320783,0.01129966,0.013680707,0.017530113,0.024989992,0.0013324653,2024-03-13,2024-03-06,-0.0077157608772787,0.009048226203692212,0.009048226203692212,8.187039743318238e-05,0,1,0.024697248
r5_plus_fed,10,1,-0.024606245,-0.016425028,-0.012382159,-0.00975863,-0.007713673,-0.0059825764,-0.0044405344,-0.0030479464,-0.0017077873,-0.00048471498,0.0007551303,0.0020213379,0.003308938,0.0045529474,0.00600027,0.0075589884,0.009316192,0.011362928,0.013776428,0.01763409,0.024885193,0.0007551303,2024-03-14,2024-03-13,-0.0025244495915104,0.003279579904847249,0.003279579904847249,1.0755644352277892e-05,0,1,0.026158586
r5_plus_fed,10,2,-0.024778103,-0.01639031,-0.012252258,-0.009552169,-0.0074511175,-0.0056852554,-0.0040861904,-0.0026751547,-0.0012951795,-5.7062018e-05,0.0011982793,0.0024781511,0.0037744548,0.0050356956,0.006503525,0.008079291,0.009858,0.011925062,0.014310269,0.018149326,0.02513204,0.0011982793,2024-03-15,2024-03-13,-0.0119580167050068,0.013156296027131817,0.013156296027131817,0.00017308812515352443,0,1,0.026562527
r5_plus_fed,10,3,-0.02524891,-0.016776571,-0.0125472825,-0.00977798,-0.007639119,-0.0058282143,-0.0041976515,-0.002757796,-0.0014009258,-0.00014995295,0.0011265418,0.002405506,0.0037015877,0.004962903,0.0064256187,0.00802354,0.00982338,0.011946708,0.014416148,0.018344235,0.025524942,0.0011265418,2024-03-18,2024-03-13,0.0094920628039333,-0.008365521047839797,0.008365521047839797,6.998194240185065e-05,1,1,0.026963431
r5_plus_fed,10,4,-0.024323763,-0.016094554,-0.012086708,-0.009466946,-0.0074228984,-0.005701058,-0.0041083884,-0.0027001947,-0.0013426342,-9.4841e-05,0.0011650313,0.0024315903,0.0037041334,0.004968615,0.0063946834,0.007963124,0.009743229,0.011812192,0.014217379,0.018062556,0.025028028,0.0011650313,2024-03-19,2024-03-13,0.0024884904089846,-0.0013234590699427113,0.0013234590699427113,1.7515439098136264e-06,1,1,0.026304087
r5_plus_fed,10,5,-0.024019562,-0.015822073,-0.011748271,-0.009150942,-0.0071428176,-0.0054384232,-0.0039028171,-0.00251963,-0.0011788853,5.1297335e-05,0.0012968832,0.0025390754,0.0038077515,0.0050349347,0.0064638434,0.0080179535,0.009743881,0.011762174,0.014122916,0.017833732,0.024805868,0.0012968832,2024-03-20,2024-03-13,0.0117870052784771,-0.010490122062349347,0.010490122062349347,0.00011004266088298853,1,1,0.025871187
r5_plus_fed,11,1,-0.019918118,-0.012715986,-0.009454573,-0.007429028,-0.0058697974,-0.004585715,-0.0034806966,-0.002476093,-0.0014996175,-0.0006081955,0.0003153895,0.0012718413,0.0022300507,0.0031560247,0.004243117,0.0054256087,0.0067678136,0.008372094,0.010309558,0.013431097,0.019427896,0.0003153895,2024-03-21,2024-03-20,0.0047209805204958,-0.004405591011881483,0.004405591011881483,1.940923216397091e-05,1,1,0.019764131
r5_plus_fed,11,2,-0.020117136,-0.012731815,-0.009414568,-0.0073320623,-0.0057183136,-0.004382689,-0.0031851756,-0.0021258024,-0.0010712128,-0.000120483746,0.000878775,0.0018888796,0.0028897424,0.0038724286,0.005018755,0.0062429872,0.0076436647,0.009316096,0.011265104,0.014396694,0.020303532,0.000878775,2024-03-22,2024-03-20,0.0011431779553215,-0.0002644029286722634,0.0002644029286722634,6.990890869047e-08,1,1,0.020679671
r5_plus_fed,11,3,-0.020538064,-0.012877457,-0.009417697,-0.0072524073,-0.0055942703,-0.004205563,-0.002960348,-0.0018458168,-0.00077598175,0.00021414622,0.0012608606,0.0023100125,0.0033506001,0.0043534883,0.005507712,0.0067501827,0.008138863,0.009786794,0.011733243,0.014827823,0.02083243,0.0012608606,2024-03-25,2024-03-20,-0.0036358060284306,0.004896666618694801,0.004896666618694801,2.3977343974639978e-05,0,1,0.02115094
r5_plus_fed,11,4,-0.02086022,-0.012972163,-0.009342042,-0.0070360946,-0.0052742315,-0.0038310448,-0.0025116634,-0.0013577191,-0.00024381379,0.00079798297,0.0018787843,0.0029683316,0.00403044,0.005086482,0.0062597427,0.00753563,0.008977649,0.010670108,0.012620074,0.015712373,0.021591783,0.0018787843,2024-03-26,2024-03-20,-0.0032430167689116,0.005121801039868712,0.005121801039868712,2.623284589200022e-05,0,1,0.021962116
r5_plus_fed,11,5,-0.020714456,-0.013086764,-0.009528623,-0.0072944537,-0.0055674077,-0.004116515,-0.0028274073,-0.0016555409,-0.0005107881,0.0005618661,0.0016797709,0.0028006237,0.003907079,0.004959219,0.0061707655,0.00747115,0.008931205,0.01065199,0.012659639,0.015815344,0.0219596,0.0016797709,2024-03-27,2024-03-20,0.0034002987641521,-0.0017205278828419947,0.0017205278828419947,2.9602161956367566e-06,1,1,0.022188261
r5_plus_fed,12,1,-0.01973017,-0.01294056,-0.009711242,-0.0076460135,-0.0060222875,-0.00465693,-0.0034623314,-0.0023645195,-0.0012866119,-0.0003138148,0.00071022555,0.0017542003,0.002800867,0.0038196605,0.005011837,0.0063037253,0.0077559096,0.009476631,0.011521864,0.014838637,0.02119347,0.00071022555,2024-03-28,2024-03-27,-0.0018449842882695,0.002555209835933368,0.002555209835933368,6.529097305650629e-06,0,1,0.021233106
r5_plus_fed,12,2,-0.019694885,-0.012620578,-0.009285562,-0.0071248016,-0.0054233354,-0.003993312,-0.0026977726,-0.0015357481,-0.00037787127,0.0006655198,0.0017680882,0.0028748512,0.0039897743,0.0050539705,0.00628137,0.0075861486,0.00905428,0.010770326,0.012749163,0.015942836,0.022033628,0.0017680882,2024-04-01,2024-03-27,0.0021148406068655,-0.00034675240580460875,0.00034675240580460875,1.2023723093128407e-07,1,1,0.022034725
r5_plus_fed,12,3,-0.020243919,-0.013028213,-0.009587488,-0.007364673,-0.0056333053,-0.004165982,-0.0028424098,-0.0016614841,-0.0005305234,0.00051169185,0.0016219451,0.0027350923,0.003861962,0.004945314,0.0062020835,0.0075784805,0.009122133,0.010958288,0.013100454,0.016456258,0.022815743,0.0016219451,2024-04-02,2024-03-27,-0.0086677369629234,0.01028968202557563,0.01028968202557563,0.0001058775561874542,0,1,0.022687942
r5_plus_fed,12,4,-0.020143332,-0.012856828,-0.009400955,-0.0071763373,-0.0054536546,-0.004028496,-0.0027155166,-0.0015639623,-0.00045503158,0.0005798865,0.0016563243,0.0027399282,0.0037975518,0.0048517385,0.006021608,0.0073032593,0.008757094,0.010461665,0.012459082,0.015668668,0.021769322,0.0016563243,2024-04-03,2024-03-27,0.0022419148819517,-0.0005855906285341483,0.0005855906285341483,3.429163842270189e-07,1,1,0.021860037
r5_plus_fed,12,5,-0.01941782,-0.012504671,-0.009174764,-0.0070669614,-0.005434375,-0.004054438,-0.0028217218,-0.0017039669,-0.0006159227,0.00040144898,0.0014510304,0.002509191,0.0035530827,0.0045581404,0.005728332,0.006999899,0.0084396545,0.010163966,0.012217092,0.015472979,0.021746786,0.0014510304,2024-04-04,2024-03-27,-0.0154087761451287,0.016859806518702003,0.016859806518702003,0.00028425307584806653,0,0,0.021391857
r5_plus_fed,13,1,-0.02062691,-0.013184203,-0.009568461,-0.007260561,-0.0054837964,-0.0040026526,-0.002704827,-0.0015338385,-0.0004051246,0.0006077057,0.0016405156,0.0026882542,0.003733048,0.0047504366,0.005936161,0.0072129,0.008671575,0.010401652,0.012487971,0.015933061,0.02286958,0.0016405156,2024-04-05,2024-04-04,0.0117149877342529,-0.010074472099462837,0.010074472099462837,0.00010149498808285513,1,1,0.022056432
r5_plus_fed,13,2,-0.02120096,-0.013838524,-0.010324488,-0.008072538,-0.0063225916,-0.0048618866,-0.0035410952,-0.0023684253,-0.001209653,-0.00016922879,0.00090720993,0.0019997978,0.0031019894,0.0041787983,0.005442357,0.00681287,0.008379606,0.0102416575,0.012416879,0.016027398,0.023038873,0.00090720993,2024-04-08,2024-04-04,0.0002950999857528,0.0006121099489139528,0.0006121099489139528,3.7467858955944195e-07,1,1,0.022741366
r5_plus_fed,13,3,-0.021380862,-0.013900619,-0.010286499,-0.007977742,-0.0061910725,-0.0046793637,-0.0033160972,-0.0020975806,-0.00093982846,0.00012100171,0.0012168898,0.0023198759,0.0034336864,0.004522393,0.0057942043,0.007190253,0.008770229,0.010674986,0.012921782,0.01659425,0.02384708,0.0012168898,2024-04-09,2024-04-04,0.0036927005446055,-0.0024758107198872632,0.0024758107198872632,6.129638720708688e-06,1,1,0.023208281
r5_plus_fed,13,4,-0.021372596,-0.013895802,-0.010306448,-0.008006382,-0.0062226835,-0.0047413525,-0.0033766786,-0.0021817826,-0.00103224,3.354551e-05,0.0011286511,0.0022370263,0.0033355649,0.0044335895,0.005666811,0.007016313,0.00856032,0.010386259,0.012555048,0.016158948,0.023161186,0.0011286511,2024-04-10,2024-04-04,-0.0087667266369534,0.009895377722263085,0.009895377722263085,9.791850026626055e-05,0,1,0.022861496
r5_plus_fed,13,5,-0.020427091,-0.013292306,-0.009854129,-0.007657211,-0.0059414096,-0.00448229,-0.0031714742,-0.0019855958,-0.00083474396,0.00022348284,0.001300657,0.002378648,0.0034535206,0.0045017395,0.005721869,0.0070663197,0.0086022895,0.010450594,0.012682749,0.016347462,0.023513377,0.001300657,2024-04-11,2024-04-04,0.0158419405204379,-0.014541283468822483,0.014541283468822483,0.00021144892492065,1,0,0.022536878
r5_plus_fed,14,1,-0.01919065,-0.012102242,-0.008823372,-0.0067374785,-0.005110493,-0.003757956,-0.0025721046,-0.0014858588,-0.00043156245,0.00052759505,0.0015147071,0.0025311806,0.0035366642,0.0044912053,0.0055933604,0.0067649744,0.008070789,0.009600343,0.0114178555,0.014315853,0.020121789,0.0015147071,2024-04-12,2024-04-11,-0.0160701797613913,0.01758488687128218,0.01758488687128218,0.00030922824627579234,0,0,0.020241227
r5_plus_fed,14,2,-0.019348059,-0.012194487,-0.008898247,-0.006777759,-0.005110875,-0.0037265504,-0.002472434,-0.001361511,-0.00025619657,0.0007417048,0.0017795094,0.0028257223,0.0038576263,0.004859521,0.006010483,0.007223259,0.008581698,0.010177633,0.012019558,0.0149925575,0.020874325,0.0017795094,2024-04-15,2024-04-11,-0.0165879204196408,0.018367429778680167,0.018367429778680167,0.00033736247667474694,0,0,0.020917805
r5_plus_fed,14,3,-0.020041643,-0.01262528,-0.009219851,-0.0070277527,-0.005323654,-0.0038889046,-0.0026024526,-0.0014541376,-0.00036038648,0.00064918457,0.0017021693,0.0027624837,0.0038178477,0.004839846,0.006010926,0.007280494,0.008695273,0.010380357,0.012359273,0.015492887,0.021595767,0.0017021693,2024-04-16,2024-04-11,9.27860295714043e-05,0.0016093832760735252,0.0016093832760735252,2.5901145293051526e-06,1,1,0.021579124
r5_plus_fed,14,4,-0.020924155,-0.013309803,-0.009733701,-0.0074204756,-0.005636733,-0.004168956,-0.002828598,-0.001654818,-0.000524377,0.0005238429,0.0015988252,0.0026923083,0.003762585,0.004822904,0.006006785,0.007299228,0.008749116,0.010441187,0.012406764,0.015538348,0.02155801,0.0015988252,2024-04-17,2024-04-11,-0.0122763090176749,0.013875134230242945,0.013875134230242945,0.0001925193499072595,0,0,0.022140466
r5_plus_fed,14,5,-0.020801982,-0.013411803,-0.009900551,-0.0076509323,-0.00589911,-0.0044242605,-0.0031059668,-0.0019116232,-0.00075234484,0.000330881,0.0014562433,0.0025881517,0.0037126236,0.0047835833,0.0060251364,0.0073618144,0.008855068,0.010611935,0.012677012,0.015903328,0.022266546,0.0014562433,2024-04-18,2024-04-11,-0.0057226542197993,0.007178897555068692,0.007178897555068692,5.153657010617124e-05,0,1,0.022577563
r5_plus_fed,15,1,-0.021255823,-0.014199885,-0.010877141,-0.008741353,-0.007089172,-0.005710502,-0.0045076697,-0.003406168,-0.0023370814,-0.001365476,-0.00035895687,0.00067054894,0.0016957168,0.0026767247,0.0038309644,0.0050701117,0.006481622,0.008183093,0.010241944,0.0135867195,0.020086687,-0.00035895687,2024-04-19,2024-04-18,-0.0209062759032611,0.02054731903729478,0.02054731903729478,0.0004221923196203765,1,0,0.021119084
r5_plus_fed,15,2,-0.01969428,-0.012327013,-0.008806241,-0.006514919,-0.004733261,-0.0032554243,-0.0019284792,-0.0007510543,0.0004018454,0.0014479833,0.002533603,0.003619775,0.0047013005,0.005738998,0.006931203,0.008198941,0.0096224705,0.011312621,0.013293282,0.016513625,0.022849945,0.002533603,2024-04-22,2024-04-18,0.0100065289745747,-0.007472925980639353,0.007472925980639353,5.584462271211463e-05,1,1,0.022099523
r5_plus_fed,15,3,-0.022228375,-0.014666937,-0.011132884,-0.008866587,-0.0071283127,-0.0056574317,-0.0043209908,-0.0031182112,-0.001960776,-0.00088251376,0.00025317512,0.0013851407,0.0025183288,0.0036036011,0.004855961,0.006205314,0.00771279,0.009514744,0.011658358,0.015048032,0.021553027,0.00025317512,2024-04-23,2024-04-18,0.0148124916293676,-0.01455931650600573,0.01455931650600573,0.00021197369712205088,1,0,0.022791242
r5_plus_fed,15,4,-0.022186063,-0.014338182,-0.010554791,-0.008095109,-0.006218483,-0.0046731923,-0.0032514497,-0.0019980685,-0.0007870937,0.000347096,0.0015268244,0.0027177818,0.0038837302,0.0050351233,0.0063112634,0.0076953797,0.009258277,0.011084359,0.013229217,0.016634323,0.023146983,0.0015268244,2024-04-24,2024-04-18,0.0033820175275029,-0.0018551930960090217,0.0018551930960090217,3.4417414234795393e-06,1,1,0.023784008
r5_plus_fed,15,5,-0.021979608,-0.014551845,-0.010925863,-0.008583595,-0.0067607416,-0.005213051,-0.00382881,-0.002550637,-0.0012980371,-0.00011857832,0.0010992279,0.0023242463,0.0035328115,0.004679938,0.006002585,0.0074169966,0.009004356,0.010876859,0.013103601,0.01659788,0.023377666,0.0010992279,2024-04-25,2024-04-18,-0.0048415635298979,0.005940791457523079,0.005940791457523079,3.529300314177919e-05,0,1,0.024029464
r5_plus_fed,16,1,-0.02280578,-0.014476481,-0.010547094,-0.008047894,-0.006096334,-0.0044677462,-0.003047019,-0.0017619513,-0.00053109985,0.000578329,0.001720383,0.0028823477,0.0040305043,0.005118306,0.0063898154,0.007746648,0.009285515,0.0111178635,0.013332923,0.016932972,0.024148986,0.001720383,2024-04-26,2024-04-25,0.0153138191522939,-0.01359343620388786,0.01359343620388786,0.0001847815078291692,1,0,0.023880016
r5_plus_fed,16,2,-0.022946116,-0.014423812,-0.010372805,-0.007754162,-0.0057042725,-0.0039984016,-0.0024642292,-0.0011098163,0.00021367506,0.0014023036,0.0026301655,0.0038566138,0.005085516,0.006256424,0.007618213,0.009074224,0.010717048,0.012660234,0.014947317,0.018695842,0.026166456,0.0026301655,2024-04-29,2024-04-25,0.0040521896083778,-0.001422024063107953,0.001422024063107953,2.022152436058051e-06,1,1,0.025320122
r5_plus_fed,16,3,-0.025228579,-0.01641027,-0.0121949185,-0.009459016,-0.007336571,-0.00553595,-0.003918441,-0.002476502,-0.001109219,0.00015446023,0.001472919,0.0027870168,0.004109594,0.0053767134,0.006848462,0.008464425,0.010286227,0.012469182,0.015075303,0.019260617,0.027409485,0.001472919,2024-04-30,2024-04-25,-0.019036275761379,0.020509194776592847,0.020509194776592847,0.0004206270703842233,0,0,0.02727022
r5_plus_fed,16,4,-0.02529573,-0.016313022,-0.011996224,-0.009178766,-0.007000869,-0.0051993355,-0.0035428342,-0.0020958574,-0.0007114423,0.00057406037,0.0019049882,0.0032469376,0.0045754137,0.00588267,0.0073464857,0.008956592,0.010793159,0.012952119,0.015498659,0.019626824,0.027652252,0.0019049882,2024-05-01,2024-04-25,-0.0072567917457458,0.009161779941492938,0.009161779941492938,8.393821169634234e-05,0,1,0.027494881
r5_plus_fed,16,5,-0.025027845,-0.016390568,-0.012180603,-0.009464259,-0.007358552,-0.0055886097,-0.004006776,-0.0025725542,-0.0011811655,0.00012054655,0.0014511176,0.0027932562,0.004137636,0.0054192897,0.0069048693,0.008526407,0.010357014,0.012535698,0.015149779,0.01932282,0.027441222,0.0014511176,2024-05-02,2024-04-25,0.0126826158542947,-0.011231498285645349,0.011231498285645349,0.00012614655374045442,1,1,0.027330382
r5_plus_fed,17,1,-0.021821793,-0.013835218,-0.010080594,-0.007694628,-0.0058516664,-0.004310374,-0.002967206,-0.0017293568,-0.0005275948,0.00056858954,0.0017076253,0.0028742997,0.0040291245,0.0051188446,0.006374695,0.007720133,0.009230875,0.011020402,0.013170832,0.016625794,0.023576183,0.0017076253,2024-05-03,2024-05-02,0.0198990764515872,-0.018191451109054207,0.018191451109054207,0.00033092889345310954,1,0,0.023251425
r5_plus_fed,17,2,-0.02311633,-0.0151095465,-0.011409403,-0.009036714,-0.007183897,-0.0056380867,-0.0042406097,-0.0029864102,-0.0017404463,-0.0006043718,0.0005879529,0.0017941981,0.0029975493,0.004166714,0.0055299127,0.0069898525,0.0086562475,0.010639439,0.012967776,0.016711218,0.023878139,0.0005879529,2024-05-06,2024-05-02,0.0108938268725553,-0.010305873967220767,0.010305873967220767,0.00010621103822823872,1,1,0.024377178
r5_plus_fed,17,3,-0.02405862,-0.015675928,-0.011762126,-0.009235433,-0.0072817206,-0.005623602,-0.0041244687,-0.0027717736,-0.0014679051,-0.00025660897,0.0010167705,0.0022978452,0.00358074,0.0048142285,0.006237713,0.007767409,0.009484415,0.011516164,0.013904247,0.01769366,0.025108468,0.0010167705,2024-05-07,2024-05-02,0.0001591035319077,0.000857666957606174,0.000857666957606174,7.355926101694307e-07,1,1,0.025666375
r5_plus_fed,17,4,-0.02472598,-0.01633188,-0.012480553,-0.009965904,-0.008010855,-0.006363903,-0.0048317458,-0.0034516563,-0.0020981242,-0.00081215496,0.0005288332,0.0018829867,0.0032099432,0.004517166,0.005971759,0.0075433897,0.009323282,0.011391024,0.013811406,0.017683122,0.0251695,0.0005288332,2024-05-08,2024-05-02,-0.0005907326853162,0.0011195658738984119,0.0011195658738984119,1.2534277459979146e-06,0,1,0.026291959
r5_plus_fed,17,5,-0.024392819,-0.016157476,-0.012242774,-0.009726786,-0.007777499,-0.006130866,-0.004659157,-0.0033091207,-0.0019835797,-0.0007330716,0.000572723,0.0018943528,0.0032173796,0.004482827,0.0059467205,0.0075255455,0.009305118,0.011417767,0.013929686,0.017903125,0.02570077,0.000572723,2024-05-09,2024-05-02,0.0021790466308748,-0.0016063236436029546,0.0016063236436029546,2.5802756479978717e-06,1,1,0.02617246
r5_plus_fed,18,1,-0.020459952,-0.0126188,-0.0088296095,-0.0063866656,-0.00448981,-0.0029133582,-0.0015460267,-0.00030042196,0.00090012385,0.0019722765,0.003081269,0.0041916436,0.0052843885,0.0063334955,0.0075553027,0.008853323,0.010328107,0.012071831,0.014167341,0.017481683,0.023941297,0.003081269,2024-05-10,2024-05-09,0.0023555673614074,0.0007257017351757281,0.0007257017351757281,5.266430084370626e-07,1,1,0.02299695
r5_plus_fed,18,2,-0.021518158,-0.013945062,-0.010363933,-0.00805923,-0.0062548285,-0.004745831,-0.0033806397,-0.0021622037,-0.0009507655,0.00013959274,0.0012846461,0.0024265416,0.003568484,0.0046723993,0.005954372,0.0073257373,0.008891282,0.010746918,0.012902513,0.01635879,0.022804545,0.0012846461,2024-05-13,2024-05-09,0.0023046522064865,-0.001020006103327907,0.001020006103327907,1.0404124508261808e-06,1,1,0.023266446
r5_plus_fed,18,3,-0.022344638,-0.014591935,-0.0109020155,-0.008518272,-0.006668952,-0.005106729,-0.0036940982,-0.0024258539,-0.0012076402,-8.599216e-05,0.0010940146,0.0022634517,0.0034350492,0.0045624124,0.005861145,0.007260462,0.00882639,0.010685649,0.012875095,0.016358092,0.023000116,0.0010940146,2024-05-14,2024-05-09,0.0064115164177649,-0.005317501801081774,0.005317501801081774,2.8275825404507915e-05,1,1,0.02377711
r5_plus_fed,18,4,-0.02235695,-0.014579249,-0.010878754,-0.00848058,-0.0066158227,-0.0050583915,-0.0036208627,-0.0023515916,-0.0011186977,3.3742166e-05,0.001226816,0.0024222392,0.0035867651,0.0047484357,0.006035143,0.007428759,0.009004953,0.0108370995,0.012979728,0.016436594,0.022989195,0.001226816,2024-05-15,2024-05-09,0.0155095059537017,-0.01428268997656789,0.01428268997656789,0.00020399523296675288,1,0,0.023858482
r5_plus_fed,18,5,-0.021939797,-0.014317932,-0.010621975,-0.008246598,-0.0063890717,-0.004819536,-0.0034165594,-0.0021404752,-0.00089428324,0.00027408023,0.0014759602,0.002685006,0.0038654115,0.0050017857,0.00630143,0.0077011352,0.009283041,0.011152413,0.013372886,0.016884875,0.023650512,0.0014759602,2024-05-16,2024-05-09,-0.0020333278090901,0.003509288058171354,0.003509288058171354,1.2315102675224073e-05,0,1,0.023994861
r5_plus_fed,19,1,-0.020331623,-0.013279956,-0.009895539,-0.0077183032,-0.0060164286,-0.0045903306,-0.0033467792,-0.0022116685,-0.0011089796,-0.000115692266,0.0009140749,0.001962067,0.0030147543,0.0040296074,0.0052127065,0.0064865295,0.007923371,0.009624925,0.011664045,0.014972893,0.02138732,0.0009140749,2024-05-17,2024-05-16,-0.0004870146444328,0.0014010895324200264,0.0014010895324200264,1.963051877856968e-06,0,1,0.021559585
r5_plus_fed,19,2,-0.020463992,-0.013172415,-0.009718118,-0.007490677,-0.0057404516,-0.0042817704,-0.0029710375,-0.0018101695,-0.0006676235,0.00035318438,0.0014166484,0.0024849903,0.0035558748,0.0045908494,0.0057897847,0.007064961,0.008510564,0.0102171125,0.012219119,0.015471596,0.021658206,0.0014166484,2024-05-20,2024-05-16,0.0069484749223746,-0.005531826533534342,0.005531826533534342,3.060110479711457e-05,1,1,0.021937236
r5_plus_fed,19,3,-0.020783193,-0.01334658,-0.0097993715,-0.0075201113,-0.00574735,-0.004247886,-0.0028975818,-0.0016979142,-0.0005559218,0.0004837492,0.0015678348,0.0026479284,0.0037327313,0.0047773747,0.005986641,0.0073000956,0.008775763,0.010546323,0.012641296,0.015976105,0.022364745,0.0015678348,2024-05-21,2024-05-16,0.0019545843605798,-0.0003867496051740164,0.0003867496051740164,1.4957525710225757e-07,1,1,0.022440668
r5_plus_fed,19,4,-0.020887874,-0.013521593,-0.0100171175,-0.007748398,-0.005972203,-0.004492987,-0.003121976,-0.0019148744,-0.00075198105,0.00032885856,0.001442054,0.002561266,0.003657075,0.0047449274,0.005958503,0.007283576,0.008794972,0.010573504,0.012658069,0.016014349,0.022343526,0.001442054,2024-05-22,2024-05-16,-0.0001974148019734,0.0016394688557419155,0.0016394688557419155,2.6878581289477056e-06,0,1,0.022675186
r5_plus_fed,19,5,-0.02033532,-0.0130874785,-0.009578571,-0.007330006,-0.005561444,-0.004063179,-0.002715996,-0.0014980058,-0.00031894352,0.00077076035,0.0018860047,0.0029996054,0.00409358,0.0051421914,0.006357138,0.0076795276,0.009185222,0.010978232,0.01311489,0.016499573,0.02299583,0.0018860047,2024-05-23,2024-05-16,-0.0045086411694564,0.0063946458679191845,0.0063946458679191845,4.08914957760959e-05,0,1,0.02269346
r5_plus_fed,20,1,-0.019097762,-0.012050297,-0.008740539,-0.006646155,-0.00502888,-0.0036839084,-0.002505646,-0.0014418038,-0.00041322567,0.00051278784,0.0014624512,0.0024232483,0.0033839948,0.004314098,0.0053934446,0.006560593,0.007878101,0.009443041,0.011327132,0.014406953,0.020658989,0.0014624512,2024-05-24,2024-05-23,0.0094119212395924,-0.007949470057286587,0.007949470057286587,6.319407419169602e-05,1,1,0.02006767
r5_plus_fed,20,2,-0.019054292,-0.012094052,-0.008856067,-0.0068001905,-0.00520983,-0.0038924795,-0.002715012,-0.0016863041,-0.00067490624,0.00022563885,0.0011490677,0.0020823893,0.0030139075,0.0039195637,0.004986242,0.006144536,0.007467826,0.009050104,0.0109200915,0.013994779,0.020030016,0.0011490677,2024-05-28,2024-05-23,0.0037706365135123,-0.0026215688583065733,0.0026215688583065733,6.87262327884283e-06,1,1,0.019776158
r5_plus_fed,20,3,-0.019004516,-0.011992147,-0.008684801,-0.006585872,-0.004971783,-0.0036262735,-0.0024317827,-0.0013832648,-0.0003939559,0.0005020605,0.0014265464,0.002353163,0.003277939,0.0041693677,0.005209442,0.0063610463,0.00765869,0.009225826,0.011085086,0.014117719,0.020228306,0.0014265464,2024-05-29,2024-05-23,-0.0070733574482396,0.00849990381698755,0.00849990381698755,7.224836489803952e-05,0,1,0.019769887
r5_plus_fed,20,4,-0.019074218,-0.012038351,-0.008713425,-0.006605102,-0.0049777576,-0.0036406768,-0.0024223519,-0.0013693965,-0.00036946876,0.00054024265,0.0014694476,0.0024046365,0.003326862,0.00423655,0.005261557,0.0064001777,0.007699716,0.009238046,0.0110654095,0.014072567,0.020101408,0.0014694476,2024-05-30,2024-05-23,-0.0107711564625525,0.01224060408928479,0.01224060408928479,0.00014983238847061554,0,0,0.019778835
r5_plus_fed,20,5,-0.01886015,-0.012003108,-0.0087400405,-0.006689361,-0.0051028873,-0.0037746187,-0.0025927522,-0.0015430504,-0.0005300341,0.00039646338,0.0013420748,0.002287002,0.0032258895,0.0041273353,0.0051807105,0.006352221,0.007675801,0.009272099,0.01120471,0.014344451,0.020631434,0.0013420748,2024-05-31,2024-05-23,-0.0018619076874313,0.0032039825165850163,0.0032039825165850163,1.0265503966582454e-05,0,1,0.01994475
r5_plus_fed,21,1,-0.015757987,-0.009090918,-0.0060140663,-0.004048578,-0.002536097,-0.0012794796,-0.00020880433,0.0007643819,0.0016852515,0.0025095572,0.0033538274,0.004202245,0.00504453,0.0058504576,0.0068016,0.007823664,0.008999174,0.010409931,0.012136179,0.014921577,0.020488093,0.0033538274,2024-06-03,2024-05-31,0.0053548725513676,-0.0020010451512345864,0.0020010451512345864,4.004181697279449e-06,1,1,0.018150246
r5_plus_fed,21,2,-0.019138865,-0.0122239245,-0.009098169,-0.007113257,-0.005575528,-0.004297926,-0.0031521358,-0.0021358521,-0.0011358554,-0.00023574912,0.0007047711,0.0016433077,0.002579667,0.0034924126,0.004564418,0.005716922,0.0070524462,0.008659364,0.010552801,0.013608951,0.019331768,0.0007047711,2024-06-04,2024-05-31,0.0027327972037918,-0.002028026121409151,0.002028026121409151,4.112889949117844e-06,1,1,0.01965097
r5_plus_fed,21,3,-0.019874644,-0.012698474,-0.009426823,-0.007352127,-0.0057624266,-0.0044270116,-0.0032285908,-0.002156724,-0.001132603,-0.00018801488,0.0008054312,0.0017909005,0.0027730712,0.0037145151,0.004806732,0.005987408,0.0073205903,0.008912814,0.01082225,0.013882224,0.019744312,0.0008054312,2024-06-05,2024-05-31,0.0199593069872059,-0.019153875766991086,0.019153875766991086,0.00036687095689732835,1,0,0.020249072
r5_plus_fed,21,4,-0.019920282,-0.01254585,-0.009100743,-0.0068922965,-0.005200165,-0.0038102474,-0.0025473824,-0.0014396526,-0.00038032018,0.0006085206,0.0016304997,0.0026506963,0.0036487356,0.0046385643,0.0057449844,0.0069526453,0.008325429,0.00993639,0.011829577,0.014877551,0.02071569,0.0016304997,2024-06-06,2024-05-31,-0.0003452879114659,0.0019757876376272606,0.0019757876376272606,3.9037367890007114e-06,0,1,0.02093032
r5_plus_fed,21,5,-0.019279925,-0.012103197,-0.008663178,-0.006466603,-0.004772775,-0.003352928,-0.0020979876,-0.0009579466,0.0001488452,0.0011863777,0.0022536307,0.0033266474,0.004377132,0.005380606,0.0065288213,0.007772115,0.0091819335,0.010851449,0.012840878,0.015979195,0.022066083,0.0022536307,2024-06-07,2024-05-31,-0.0008851905684832,0.0031388212326827905,0.0031388212326827905,9.852198730740312e-06,0,1,0.021504056
r5_plus_fed,22,1,-0.018465158,-0.01143671,-0.008128692,-0.006014543,-0.004356075,-0.0029859887,-0.0017953747,-0.000723353,0.00030541688,0.0012190097,0.0021543119,0.0030969717,0.004028416,0.004919003,0.0059609334,0.0070713405,0.008320347,0.009796705,0.011575667,0.014444743,0.020197028,0.0021543119,2024-06-10,2024-06-07,0.0040310251949269,-0.001876713331221384,0.001876713331221384,3.522052927584064e-06,1,1,0.01970436
r5_plus_fed,22,2,-0.018950598,-0.011878887,-0.008597263,-0.006490714,-0.0048260046,-0.0034452407,-0.0022023008,-0.0011095492,-2.5292975e-05,0.00094223453,0.001945448,0.002948416,0.0039431537,0.0049013654,0.0060072145,0.0071823103,0.008493385,0.010041535,0.0118295,0.0147590935,0.02057412,0.001945448,2024-06-11,2024-06-07,0.0068392896749828,-0.004893841683380677,0.004893841683380677,2.394968642199422e-05,1,1,0.020426763
r5_plus_fed,22,3,-0.019466318,-0.012306034,-0.008961047,-0.0068044737,-0.005123239,-0.003712311,-0.0024456708,-0.0013230025,-0.0002534265,0.0007257058,0.0017458829,0.0027618213,0.0037728413,0.0047511896,0.0058749053,0.0070924046,0.0084424,0.010049005,0.011932197,0.014968684,0.02099523,0.0017458829,2024-06-12,2024-06-07,0.0130127183814316,-0.011266835471686621,0.011266835471686621,0.0001269415815460559,1,0,0.020893244
r5_plus_fed,22,4,-0.020052504,-0.012699532,-0.009200078,-0.006934283,-0.0051778466,-0.0037390376,-0.0024281493,-0.0012912505,-0.00020757446,0.00078424904,0.0018001664,0.0028230539,0.0038208244,0.0048169945,0.005928404,0.007143611,0.008516085,0.010119231,0.0119921975,0.015043324,0.02102792,0.0018001664,2024-06-13,2024-06-07,0.0054055571014231,-0.003605390658432797,0.003605390658432797,1.2998841799914477e-05,1,1,0.021192275
r5_plus_fed,22,5,-0.019833738,-0.012716568,-0.009303716,-0.0071077445,-0.0053876583,-0.0039461753,-0.0026615532,-0.00150307,-0.00038328557,0.0006508905,0.0017164225,0.0027821707,0.0038334895,0.0048415423,0.0059997067,0.007260629,0.008689996,0.010384422,0.012407234,0.015635112,0.02198119,0.0017164225,2024-06-14,2024-06-07,0.0051678075157375,-0.003451385016580012,0.003451385016580012,1.191205853267301e-05,1,1,0.02171095
r5_plus_fed,23,1,-0.0180731,-0.011270251,-0.0081161,-0.006148323,-0.0046242313,-0.0033690715,-0.002289519,-0.0013150503,-0.00036373874,0.00048025238,0.001355668,0.002249016,0.0031249633,0.0039543877,0.004917586,0.005942064,0.0070940703,0.008460818,0.0101098865,0.012817258,0.018006414,0.001355668,2024-06-17,2024-06-14,0.0121755571934956,-0.010819889245704083,0.010819889245704083,0.00011707000328930287,1,0,0.018225987
r5_plus_fed,23,2,-0.017338432,-0.010382023,-0.0071061417,-0.005025866,-0.003409844,-0.0020782263,-0.00089946575,0.00013759237,0.0011527892,0.002050979,0.0029883084,0.0039284816,0.004859078,0.0057491846,0.0067668646,0.007834865,0.009022821,0.010424031,0.012047254,0.014722927,0.019884711,0.0029883084,2024-06-18,2024-06-14,0.0003090351354374,0.002679273299868553,0.002679273299868553,7.178505415388525e-06,1,1,0.019153396
r5_plus_fed,23,3,-0.021251401,-0.013978265,-0.010584606,-0.008411322,-0.006748555,-0.0053579253,-0.004113152,-0.0030097784,-0.0019651104,-0.0010098183,-3.9796578e-07,0.0009870996,0.001971907,0.0029225703,0.0040061786,0.005159335,0.006446704,0.007968515,0.009777013,0.012706451,0.018212274,-3.9796578e-07,2024-06-20,2024-06-14,-0.0077377387138488,0.007737340748071134,0.007737340748071134,5.986644185176198e-05,1,1,0.02036162
r5_plus_fed,23,4,-0.018887304,-0.011495551,-0.007907527,-0.005580072,-0.003808972,-0.0023682094,-0.001059622,5.619251e-05,0.0011055007,0.0020663147,0.00304899,0.004026234,0.0049664155,0.005907147,0.006931085,0.008036688,0.009285135,0.010750946,0.012465829,0.015288377,0.0207738,0.00304899,2024-06-21,2024-06-14,-0.0026829141811473,0.005731904102955543,0.005731904102955543,3.2854724645478586e-05,0,1,0.020373356
r5_plus_fed,23,5,-0.018840687,-0.011996282,-0.008620279,-0.0064468062,-0.0047593494,-0.0033473126,-0.0021036828,-0.0009799732,9.560521e-05,0.0010879628,0.0021007531,0.0030996222,0.0040744217,0.005001786,0.0060673207,0.0072041857,0.008501481,0.010039819,0.011892371,0.014893625,0.020649528,0.0021007531,2024-06-24,2024-06-14,-0.0114499662770023,0.013550719409256185,0.013550719409256185,0.0001836219965083923,0,0,0.02051265
r5_plus_fed,24,1,-0.017339783,-0.0109288925,-0.007853644,-0.0058763116,-0.0043183,-0.0030146744,-0.0018650022,-0.0008156613,0.00021012966,0.0011299923,0.002086815,0.003053416,0.0040026396,0.0049121454,0.005963944,0.007087468,0.008352913,0.009853573,0.011659583,0.014621981,0.020536559,0.002086815,2024-06-25,2024-06-24,0.0113707171419311,-0.00928390218332891,0.00928390218332891,8.619083974961929e-05,1,1,0.019513227
r5_plus_fed,24,2,-0.01741942,-0.010920865,-0.007787238,-0.005746945,-0.0041385177,-0.002801586,-0.001596358,-0.00053027936,0.0005284332,0.0014760892,0.0024639233,0.0034462991,0.004426313,0.0053610946,0.0064349705,0.0075781983,0.008861073,0.010370173,0.012129156,0.015049429,0.020891555,0.0024639233,2024-06-26,2024-06-24,0.002062997015441,0.0004009262861067657,0.0004009262861067657,1.6074188689136414e-07,1,1,0.019916393
r5_plus_fed,24,3,-0.018012067,-0.011527336,-0.008443142,-0.006440632,-0.0048676687,-0.0035305205,-0.0023160614,-0.0012254008,-0.000176611,0.00078847905,0.0018085074,0.0028273622,0.0038425303,0.0048150974,0.005935475,0.007148567,0.008511799,0.010142389,0.012080295,0.015211632,0.021393606,0.0018085074,2024-06-27,2024-06-24,0.0025780422021512,-0.0007695348341826406,0.0007695348341826406,5.921838610205042e-07,1,1,0.020523436
r5_plus_fed,24,4,-0.018735025,-0.012159754,-0.009015286,-0.0069573363,-0.0053512156,-0.004017056,-0.002777332,-0.00168764,-0.0006297899,0.00036774948,0.0014061766,0.002458694,0.003487511,0.0045091417,0.005631036,0.0068453588,0.008222357,0.009841674,0.011744148,0.014865555,0.020954693,0.0014061766,2024-06-28,2024-06-24,-0.0052043907849335,0.0066105673827447815,0.0066105673827447815,4.369960112180919e-05,0,1,0.020759434
r5_plus_fed,24,5,-0.018263841,-0.011978847,-0.00890392,-0.006907395,-0.005344455,-0.0040244474,-0.0028478554,-0.001780592,-0.0007402712,0.00022912072,0.001233173,0.0022436418,0.0032433425,0.0042129974,0.005334721,0.006549038,0.007925816,0.009570014,0.011538553,0.0147222215,0.020980181,0.001233173,2024-07-01,2024-06-24,0.005847944174195,-0.004614771221997508,0.004614771221997508,2.1296113431376377e-05,1,1,0.020442473
r5_plus_fed,25,1,-0.017625073,-0.010973625,-0.007979157,-0.006089478,-0.004615399,-0.003394231,-0.002338649,-0.0013781115,-0.00044550118,0.00039259827,0.0012597363,0.002148164,0.003032389,0.0038837611,0.0048776083,0.0059539312,0.007170981,0.008627464,0.010387493,0.0132811405,0.01886515,0.0012597363,2024-07-02,2024-07-01,0.0104448486921998,-0.009185112441113804,0.009185112441113804,8.436629055590358e-05,1,0,0.01836665
r5_plus_fed,25,2,-0.017727334,-0.010980288,-0.007952147,-0.006016452,-0.0044889636,-0.003222964,-0.0020857945,-0.0010825063,-8.6550135e-05,0.00079980004,0.001724472,0.002646695,0.0035657224,0.0044523524,0.0054799644,0.006572852,0.007823479,0.009317575,0.011069175,0.013940774,0.019466931,0.001724472,2024-07-03,2024-07-01,0.0083025148628878,-0.006578042826302588,0.006578042826302588,4.327064742467094e-05,1,1,0.019021321
r5_plus_fed,25,3,-0.01814243,-0.011132688,-0.008011255,-0.0060365926,-0.0045051603,-0.0032227647,-0.0020754698,-0.0010594111,-9.107613e-05,0.0007944678,0.0017201432,0.00264108,0.0035583237,0.004441958,0.005453935,0.006548309,0.007775821,0.009251825,0.011008274,0.013865108,0.019401776,0.0017201432,2024-07-05,2024-07-01,0.0103729930589949,-0.0086528498097365,0.0086528498097365,7.487180982985699e-05,1,1,0.01901953
r5_plus_fed,25,4,-0.018658284,-0.0115759075,-0.0083452035,-0.0062855687,-0.0046939375,-0.003392922,-0.0022056815,-0.0011771156,-0.0001952087,0.0007086927,0.0016337393,0.002564674,0.0034717785,0.004384606,0.005404504,0.00652635,0.0078092106,0.009332874,0.011129931,0.014067693,0.019664625,0.0016337393,2024-07-08,2024-07-01,0.0023753208108132,-0.0007415814790760395,0.0007415814790760395,5.499430901086064e-07,1,1,0.019475134
r5_plus_fed,25,5,-0.018313628,-0.011509504,-0.00833869,-0.006323073,-0.00475859,-0.0034541336,-0.002298024,-0.0012621796,-0.0002673606,0.00065118563,0.0015958853,0.0025411863,0.0034782519,0.00438205,0.0054344777,0.006584808,0.007910098,0.009508298,0.011439514,0.014539375,0.020513859,0.0015958853,2024-07-09,2024-07-01,0.0008642258651357,0.0007316593948949273,0.0007316593948949273,5.353254701380111e-07,1,1,0.019778203
r5_plus_fed,26,1,-0.016271828,-0.009973152,-0.0070236307,-0.0051618908,-0.003710606,-0.0025103712,-0.0014700845,-0.0005333106,0.00036820077,0.0011683495,0.0019877222,0.0028179828,0.003643643,0.004444713,0.0053788126,0.0063881576,0.0075234147,0.008874946,0.010506533,0.013180247,0.018534517,0.0019877222,2024-07-10,2024-07-09,0.0103725280723069,-0.008384805835643798,0.008384805835643798,7.030496890144628e-05,1,1,0.017530164
r5_plus_fed,26,2,-0.01663149,-0.010294619,-0.007325626,-0.0054338872,-0.003949484,-0.002722507,-0.0016213104,-0.0006575197,0.00029987865,0.0011459532,0.0020224233,0.002901123,0.0037757712,0.004621477,0.005600963,0.0066536115,0.007840034,0.009252393,0.010896174,0.013616286,0.019023022,0.0020224233,2024-07-11,2024-07-09,-0.0221741563573891,0.024196579673182377,0.024196579673182377,0.0005854744678806626,0,0,0.0182218
r5_plus_fed,26,3,-0.017042989,-0.010619648,-0.0075807143,-0.0056290524,-0.004118397,-0.0028606441,-0.0017448165,-0.00076765404,0.00015498226,0.0009915705,0.0018601355,0.0027270736,0.0035944225,0.0044409325,0.0054212008,0.0064976187,0.007706969,0.009167319,0.010896436,0.013711814,0.019266762,0.0018601355,2024-07-12,2024-07-09,0.0058576497713022,-0.0039975143035791885,0.0039975143035791885,1.5980120607320205e-05,1,1,0.01847715
r5_plus_fed,26,4,-0.017331362,-0.010796106,-0.0076696286,-0.0056546824,-0.004109338,-0.00285249,-0.001712129,-0.0007341122,0.00019350869,0.0010361369,0.001896888,0.0027634734,0.003611393,0.0044650193,0.0054175546,0.0064728996,0.007673382,0.009097904,0.010774835,0.013536764,0.018942393,0.001896888,2024-07-15,2024-07-09,0.0026841077380502,-0.0007872197203957812,0.0007872197203957812,6.197148881800121e-07,1,1,0.018444464
r5_plus_fed,26,5,-0.017084228,-0.010742849,-0.00767255,-0.0057136193,-0.004204749,-0.0029507524,-0.0018434012,-0.00085765775,8.824968e-05,0.0009564491,0.001845597,0.002732423,0.0036107441,0.0044578323,0.0054414906,0.0065236203,0.0077576404,0.009245524,0.011045072,0.013930086,0.019590657,0.001845597,2024-07-16,2024-07-09,0.0003829186513691,0.001462678405302877,0.001462678405302877,2.139428117339367e-06,1,1,0.018717622
r5_plus_fed,27,1,-0.017124545,-0.010388719,-0.007323868,-0.0054169074,-0.0039565777,-0.0027501413,-0.0017047285,-0.00076298136,0.00014303741,0.0009606892,0.0017969008,0.002647129,0.0034948548,0.0043088337,0.005269291,0.0063028336,0.007487154,0.008907536,0.0106400065,0.013504259,0.019125288,0.0017969008,2024-07-17,2024-07-16,-0.029794370584094,0.03159127134447641,0.03159127134447641,0.0009980084251603363,0,0,0.017963875
r5_plus_fed,27,2,-0.016894044,-0.0102508925,-0.007210391,-0.0052862866,-0.003789823,-0.0025551245,-0.0014448822,-0.00046909135,0.00048935314,0.0013479281,0.0022348948,0.0031128654,0.0039953776,0.004849587,0.005844259,0.006912932,0.008128173,0.009581892,0.011298645,0.0141640715,0.019833649,0.0022348948,2024-07-18,2024-07-16,-0.004743676701299,0.006978571483603764,0.006978571483603764,4.870045995176764e-05,0,1,0.018509036
r5_plus_fed,27,3,-0.018004403,-0.011054503,-0.007898644,-0.005906787,-0.0043896856,-0.0031259577,-0.0020004127,-0.0010056095,-5.72477e-05,0.00081518106,0.0017240415,0.0026236596,0.0035354702,0.0044134595,0.005438489,0.00656166,0.007833878,0.009367624,0.011204351,0.014222218,0.020100052,0.0017240415,2024-07-19,2024-07-16,-0.0089031217281975,0.010627163260922596,0.010627163260922596,0.000112936598974303,0,0,0.019102994
r5_plus_fed,27,4,-0.018634735,-0.011425832,-0.008112717,-0.0059892493,-0.00437241,-0.003058367,-0.0018655481,-0.0008314592,0.00015395565,0.0010626029,0.00199699,0.002935911,0.003862173,0.0047812816,0.0058099637,0.0069456203,0.008240719,0.00978359,0.011608817,0.014624761,0.020471284,0.00199699,2024-07-22,2024-07-16,0.0147878761272966,-0.012790886066862855,0.012790886066862855,0.00016360676637546632,1,0,0.019721534
r5_plus_fed,27,5,-0.018697333,-0.011724573,-0.008453051,-0.006384925,-0.0048025497,-0.0034893472,-0.002329728,-0.0012923824,-0.00029149256,0.00063678785,0.0015854605,0.0025376866,0.0034830475,0.0043982137,0.0054677376,0.006641752,0.007984245,0.009596914,0.011556538,0.014736338,0.020885529,0.0015854605,2024-07-23,2024-07-16,-0.0035310198962501,0.005116480397041769,0.005116480397041769,2.6178371653312698e-05,0,1,0.020009588
r5_plus_fed,28,1,-0.020508677,-0.013486429,-0.010134024,-0.007964321,-0.0062692557,-0.0048661823,-0.0036528343,-0.0025535175,-0.0014946159,-0.00053860317,0.00044379558,0.0014404824,0.0024369524,0.0033942251,0.004514972,0.0057257605,0.0071065524,0.008770532,0.010790927,0.014106815,0.020504199,0.00044379558,2024-07-24,2024-07-23,-0.0365294029938423,0.0369731985733279,0.0369731985733279,0.0013670174127427361,0,0,0.020924952
r5_plus_fed,28,2,-0.021109488,-0.013896536,-0.01049027,-0.008294061,-0.0065851277,-0.005167881,-0.0039037997,-0.002789429,-0.0017026075,-0.0007271484,0.00028931757,0.0013042395,0.0023186733,0.0033055432,0.004458603,0.0056938534,0.007126516,0.008839058,0.010881571,0.0142311435,0.02048801,0.00028931757,2024-07-25,2024-07-23,-0.0110889450329933,0.011378262602688713,0.011378262602688713,0.00012946485985574453,0,0,0.021371841
r5_plus_fed,28,3,-0.021402417,-0.01377033,-0.010190424,-0.007893188,-0.00610932,-0.0046085874,-0.0032660752,-0.002067136,-0.0009259267,0.00012280379,0.001218783,0.002310432,0.0034022243,0.0044438406,0.0056501,0.0069550974,0.008437041,0.010210239,0.012324713,0.01571088,0.022199824,0.001218783,2024-07-26,2024-07-23,0.0102037800890201,-0.008984997118338313,0.008984997118338313,8.073017321654779e-05,1,1,0.022515137
r5_plus_fed,28,4,-0.02188504,-0.014239715,-0.010630297,-0.008300423,-0.0065076263,-0.0050289575,-0.0036712317,-0.0024772459,-0.0013167126,-0.00022423337,0.00091039255,0.0020564855,0.0031783427,0.0042846524,0.005508691,0.006830361,0.0083437,0.010121941,0.01221704,0.015647665,0.02209395,0.00091039255,2024-07-29,2024-07-23,0.0020067570237607,-0.0010963644688181816,0.0010963644688181816,1.2020150484869735e-06,1,1,0.022847336
r5_plus_fed,28,5,-0.02118051,-0.0137924915,-0.010213687,-0.007942216,-0.006191478,-0.004737827,-0.003452117,-0.0022903788,-0.0011622709,-0.00010589813,0.0009824961,0.0020736032,0.0031535383,0.0041957884,0.005405419,0.0067182477,0.008208199,0.009995375,0.01214931,0.015642695,0.022245264,0.0009824961,2024-07-30,2024-07-23,-0.0138266339117445,0.014809129984282698,0.014809129984282698,0.00021931033089138085,0,0,0.022362996
r5_plus_fed,29,1,-0.028974483,-0.018943332,-0.014257086,-0.011308203,-0.009048314,-0.0071956725,-0.0055990703,-0.004173839,-0.0028080745,-0.0015810957,-0.00032776955,0.000937732,0.0022170024,0.003467163,0.004942347,0.0065519395,0.008395562,0.010627649,0.013362082,0.018057737,0.027597317,-0.00032776955,2024-07-31,2024-07-30,0.0291643139836853,-0.02949208353418015,0.02949208353418015,0.00086978299118706,0,0,0.027619168
r5_plus_fed,29,2,-0.02767261,-0.017482447,-0.012791415,-0.009818121,-0.007527052,-0.0056490474,-0.003983954,-0.0025209081,-0.0010957777,0.00018239289,0.0014945467,0.0028136042,0.004152126,0.005447092,0.006955344,0.008593923,0.010465561,0.0127077205,0.015377736,0.019973658,0.02933862,0.0014945467,2024-08-01,2024-07-30,-0.0245196482808217,0.026014194934524556,0.026014194934524556,0.000676738338091443,0,0,0.028169151
r5_plus_fed,29,3,-0.02777233,-0.017476376,-0.012737403,-0.009764355,-0.0075088614,-0.005644148,-0.0040006787,-0.0025605941,-0.0012058112,3.1387783e-05,0.0013109428,0.0025941632,0.0039043901,0.0051923716,0.0067007965,0.008386835,0.01031118,0.012661522,0.015491997,0.02027822,0.02993884,0.0013109428,2024-08-02,2024-07-30,-0.0240211757316096,0.025332118542569716,0.025332118542569716,0.0006417162298548044,0,0,0.0282294
r5_plus_fed,29,4,-0.028206656,-0.018018031,-0.013359541,-0.0104368245,-0.008195027,-0.0063658343,-0.0047029513,-0.0032578195,-0.0018690283,-0.0005932152,0.0007212291,0.0020510103,0.003379358,0.0046956204,0.0061900658,0.007839121,0.009736982,0.012010472,0.014749045,0.019464104,0.028951485,0.0007212291,2024-08-05,2024-07-30,-0.0302695887937359,0.03099081791761885,0.03099081791761885,0.0009604307952030055,0,0,0.028108586
r5_plus_fed,29,5,-0.027845692,-0.017748011,-0.0131101655,-0.010229361,-0.008033831,-0.0062297974,-0.004638754,-0.003229233,-0.0018763026,-0.00063234323,0.0006359003,0.0019161424,0.0032080538,0.0044656023,0.0059460616,0.0075847544,0.009473929,0.011767637,0.014584193,0.019343216,0.028930068,0.0006359003,2024-08-06,2024-07-30,0.009509719941637,-0.008873819639778218,0.008873819639778218,7.874467499931362e-05,1,1,0.02769436
r5_plus_fed,30,1,-0.027420796,-0.010042953,-0.003287216,0.0008750161,0.00406104,0.006825042,0.009309047,0.011697,0.013976985,0.016168179,0.018479686,0.02078917,0.023155214,0.025566654,0.028534677,0.031835284,0.035879333,0.040646173,0.046665534,0.05571344,0.07193575,0.018479686,2024-08-07,2024-08-06,-0.010888897153498,0.029368583383919067,0.029368583383919067,0.0008625136899782071,0,0,0.04995275
r5_plus_fed,30,2,-0.0452334,-0.025655713,-0.017309342,-0.012313744,-0.008684041,-0.005768356,-0.0032048014,-0.000931085,0.0012976491,0.003353943,0.0055197533,0.0077763367,0.010141951,0.0125141535,0.01536092,0.018555721,0.022288822,0.02669694,0.03173976,0.04021277,0.055579107,0.0055197533,2024-08-08,2024-08-06,0.0301323640255076,-0.02461261070350233,0.02461261070350233,0.0006057806056421574,1,1,0.0490491
r5_plus_fed,30,3,-0.049689412,-0.02992708,-0.021187963,-0.015945436,-0.012104237,-0.0089964215,-0.006249889,-0.0038673116,-0.0016213187,0.0004638577,0.002626564,0.0048253946,0.00707708,0.009331415,0.012017657,0.015063519,0.018575186,0.022811525,0.027805023,0.036313057,0.05128585,0.002626564,2024-08-09,2024-08-06,0.0052087864695436,-0.002582222581500435,0.002582222581500435,6.66787346041077e-06,1,1,0.048992984
r5_plus_fed,30,4,-0.047669016,-0.029144313,-0.021362925,-0.016538672,-0.012860462,-0.00982836,-0.007105779,-0.0047009448,-0.0023849048,-0.00023888703,0.0019543269,0.004153737,0.0063981637,0.008655698,0.011327418,0.0143665215,0.017949317,0.022299686,0.027551457,0.03658025,0.052760553,0.0019543269,2024-08-12,2024-08-06,0.0021512723179761,-0.00019694544619355868,0.00019694544619355868,3.8787508776379916e-08,1,1,0.04891438
r5_plus_fed,30,5,-0.044329964,-0.025171623,-0.016740793,-0.011761825,-0.008097893,-0.005132975,-0.0025398354,-0.00020948838,0.0020789956,0.004223573,0.0064477595,0.0087464675,0.011119388,0.013448377,0.016219694,0.019359637,0.023021922,0.027413625,0.032714773,0.04156223,0.0587235,0.0064477595,2024-08-13,2024-08-06,0.0245098471011494,-0.018062087644216854,0.018062087644216854,0.0003262390100673712,1,1,0.04945557
r5_plus_fed,31,1,-0.03772439,-0.022897445,-0.01662272,-0.012762588,-0.009844034,-0.0074449023,-0.0053780614,-0.003525078,-0.001752852,-0.0001410672,0.0015258405,0.003226186,0.0049539777,0.006658943,0.008670418,0.010876168,0.013431138,0.016501885,0.020267572,0.026530925,0.039637495,0.0015258405,2024-08-14,2024-08-13,0.0003244697833657,0.0012013707058280971,0.0012013707058280971,1.4432915728219004e-06,1,1,0.03689029
r5_plus_fed,31,2,-0.03861702,-0.023861058,-0.017714294,-0.013970346,-0.011118297,-0.008784189,-0.006722489,-0.004920233,-0.003189225,-0.00163674,-4.104781e-05,0.0015574017,0.003196444,0.0048211957,0.006738021,0.00885526,0.011338274,0.014347246,0.017972117,0.024146352,0.03640279,-4.104781e-05,2024-08-15,2024-08-13,0.0249491187089989,-0.024990166518644434,0.024990166518644434,0.0006245084226295772,0,0,0.03568641
r5_plus_fed,31,3,-0.039907515,-0.024926554,-0.018502552,-0.014509239,-0.011512571,-0.009060989,-0.006912423,-0.005045046,-0.0032917138,-0.0017023543,-8.1602775e-05,0.0015302037,0.0031937442,0.0048433077,0.0067811636,0.008943213,0.01141952,0.014418394,0.01800556,0.024091078,0.03646529,-8.1602775e-05,2024-08-16,2024-08-13,0.0012850176666923,-0.0013666204417184127,0.0013666204417184127,1.8676514317226297e-06,0,1,0.036508113
r5_plus_fed,31,4,-0.038987376,-0.02438457,-0.018293047,-0.014453302,-0.011502205,-0.009092925,-0.006924259,-0.0050230576,-0.0031899551,-0.001517802,0.00019679667,0.0019077184,0.0036293103,0.005346556,0.0073290886,0.009536004,0.012101847,0.015148142,0.018782604,0.024949007,0.03759969,0.00019679667,2024-08-19,2024-08-13,0.0130504057266293,-0.01285360905933286,0.01285360905933286,0.00016521526585016377,1,1,0.037075654
r5_plus_fed,31,5,-0.03870443,-0.023952164,-0.017600216,-0.013707986,-0.010768749,-0.008370191,-0.0062548597,-0.0043800496,-0.002566633,-0.00089244026,0.00080587366,0.0025250833,0.004264394,0.005965712,0.007963254,0.0101589,0.012693748,0.015734745,0.019367853,0.025400352,0.038086023,0.00080587366,2024-08-20,2024-08-13,-0.0021008067465434,0.0029066804031888174,0.0029066804031888174,8.448790966281907e-06,0,1,0.036968067
r5_plus_fed,32,1,-0.033281405,-0.020526538,-0.014828857,-0.011277463,-0.008592185,-0.0063991845,-0.0045243343,-0.002878698,-0.0013310079,3.666914e-05,0.0013927538,0.0027574832,0.0041871616,0.005617052,0.0073411283,0.009243981,0.01147706,0.014185596,0.01755353,0.023504106,0.035924762,0.0013927538,2024-08-21,2024-08-20,0.0046532628493828,-0.003260509054593486,0.003260509054593486,1.0630919295086108e-05,1,1,0.032382388
r5_plus_fed,32,2,-0.034134533,-0.021093497,-0.015286986,-0.0116760805,-0.008939371,-0.0067222775,-0.004776761,-0.0030939654,-0.0014989631,-0.000100471254,0.0013008527,0.0027031573,0.0041840277,0.005659022,0.0074247555,0.009384685,0.011694053,0.014491757,0.017872987,0.023875577,0.036147125,0.0013008527,2024-08-22,2024-08-20,-0.0159817904917877,0.017282643237559108,0.017282643237559108,0.0002986897572767476,0,0,0.03315997
r5_plus_fed,32,3,-0.035613347,-0.022153769,-0.016058577,-0.0122206295,-0.009343848,-0.007019993,-0.004995493,-0.0032586176,-0.0016547156,-0.00022974366,0.0011919313,0.002608871,0.004116671,0.0056195264,0.007416258,0.009454444,0.01183564,0.014742164,0.018279985,0.024548115,0.03719307,0.0011919313,2024-08-23,2024-08-20,0.0107870242118279,-0.009595092900786783,0.009595092900786783,9.206580777472892e-05,1,1,0.034338564
r5_plus_fed,32,4,-0.03540436,-0.022034634,-0.016061554,-0.012293916,-0.009456926,-0.007184623,-0.005167449,-0.00343318,-0.0018005254,-0.00034077722,0.0011318075,0.0025979234,0.0041094236,0.005660747,0.007464352,0.009494284,0.011899296,0.014786285,0.01832478,0.024661828,0.03745442,0.0011318075,2024-08-26,2024-08-20,-0.0097557605018517,0.010887567955782078,0.010887567955782078,0.00011853913599177273,0,1,0.034386333
r5_plus_fed,32,5,-0.03551791,-0.022126377,-0.016034767,-0.012302982,-0.009536911,-0.0073020793,-0.0053513926,-0.0036475975,-0.0020354204,-0.0005832799,0.0008428512,0.0022761277,0.0037625344,0.0052502584,0.007024001,0.009010663,0.011342531,0.014176,0.01775844,0.024104727,0.03691415,0.0008428512,2024-08-27,2024-08-20,0.0029829053211684,-0.0021400541419821454,0.0021400541419821454,4.579831730614937e-06,1,1,0.033793207
r5_plus_fed,33,1,-0.02524026,-0.016287504,-0.012087785,-0.009443755,-0.007432623,-0.0057855877,-0.0043635154,-0.0031013065,-0.001894299,-0.0008026691,0.00029548138,0.0014204124,0.0025710776,0.0036963294,0.005024989,0.006471806,0.008129977,0.010119044,0.012539351,0.016570827,0.024308052,0.00029548138,2024-08-28,2024-08-27,-0.0114123649541218,0.011707846336758154,0.011707846336758154,0.00013707366584514132,0,1,0.024627136
r5_plus_fed,33,2,-0.02515717,-0.016046647,-0.011775743,-0.00907668,-0.0070125745,-0.0053304364,-0.0038423417,-0.0025534607,-0.0013101908,-0.00020146836,0.0009167376,0.002043799,0.0031870734,0.0043161274,0.0056453357,0.007092899,0.008760176,0.010771974,0.013166374,0.01719088,0.024785174,0.0009167376,2024-08-29,2024-08-27,-0.0014649357143088,0.002381673311744513,0.002381673311744513,5.672367763876076e-06,0,1,0.024942117
r5_plus_fed,33,3,-0.025554186,-0.016179493,-0.011802422,-0.009030315,-0.0069368184,-0.005219778,-0.0037175622,-0.0024073059,-0.0011858961,-7.480889e-05,0.0010506648,0.0021760636,0.003328945,0.0044660387,0.005795781,0.0072686053,0.0089512635,0.010989965,0.013430832,0.017514907,0.025326265,0.0010506648,2024-08-30,2024-08-27,0.0118489158720935,-0.010798251061629714,0.010798251061629714,0.00011660222598998724,1,1,0.025233254
r5_plus_fed,33,4,-0.02611677,-0.016652783,-0.0121874735,-0.009347456,-0.0072049526,-0.0054800482,-0.0039369394,-0.0026064562,-0.0013410655,-0.00019753986,0.0009537,0.0021164038,0.003286222,0.004462517,0.0058090594,0.007305772,0.0090257665,0.011074517,0.013527279,0.017652417,0.025399853,0.0009537,2024-09-03,2024-08-27,-0.0308312591444439,0.031784959130428614,0.031784959130428614,0.0010102836269230172,0,0,0.025714751
r5_plus_fed,33,5,-0.026365995,-0.01698369,-0.012441037,-0.009588536,-0.007450208,-0.0057138638,-0.004201096,-0.0028711339,-0.0016050801,-0.000451367,0.0007118513,0.0018770067,0.0030709212,0.0042349803,0.005610539,0.007127167,0.008860825,0.010941328,0.013480274,0.01770137,0.025752187,0.0007118513,2024-09-04,2024-08-27,-0.0026020203528452,0.0033138716404783808,0.0033138716404783808,1.0981745249566874e-05,0,1,0.025921311
r5_plus_fed,34,1,-0.02947117,-0.017316705,-0.011974374,-0.008715674,-0.0063116187,-0.0043573817,-0.0026991635,-0.0011975074,0.00023851075,0.0015322714,0.0028878362,0.004254159,0.0056159617,0.006935847,0.008487811,0.010166138,0.012090388,0.014390542,0.017215202,0.021889864,0.031179696,0.0028878362,2024-09-05,2024-09-04,0.0009332427669125,0.001954593424890717,0.001954593424890717,3.820435456626022e-06,1,1,0.029189575
r5_plus_fed,34,2,-0.03139908,-0.018781422,-0.013378881,-0.010087625,-0.007629404,-0.0056310175,-0.0038619514,-0.0022849294,-0.00074282195,0.0006644114,0.0021407986,0.003615954,0.005124294,0.0065800687,0.008286078,0.010152013,0.012324921,0.014930162,0.017993784,0.023105085,0.032692637,0.0021407986,2024-09-06,2024-09-04,-0.0271525961984591,0.02929339480443759,0.02929339480443759,0.0008581029791686512,0,0,0.031372666
r5_plus_fed,34,3,-0.031793933,-0.01920864,-0.013685925,-0.01029124,-0.007785828,-0.0057335813,-0.003929721,-0.0023310287,-0.000819652,0.00058422075,0.0020652346,0.003542247,0.005051058,0.006511315,0.008212674,0.010120418,0.012298592,0.014922343,0.018081132,0.023342423,0.03350208,0.0020652346,2024-09-09,2024-09-04,0.0127777372376423,-0.010712502652908457,0.010712502652908457,0.00011475771308857072,1,1,0.031767055
r5_plus_fed,34,4,-0.030683562,-0.01813342,-0.012598225,-0.009186084,-0.006668902,-0.004653057,-0.002850397,-0.0012844075,0.00020608574,0.0015816088,0.0030199913,0.0044642244,0.0059181387,0.0073573664,0.0090027945,0.010833977,0.012943831,0.015456464,0.018465282,0.02351956,0.033302125,0.0030199913,2024-09-10,2024-09-04,0.0091992764674486,-0.006179285136646159,0.006179285136646159,3.818356479997615e-05,1,1,0.031063508
r5_plus_fed,34,5,-0.029496284,-0.01740367,-0.011912388,-0.008573777,-0.0061249556,-0.004130422,-0.0024021629,-0.000863631,0.00061226025,0.0019946177,0.00339858,0.004832525,0.0062553724,0.007627423,0.009227931,0.010993415,0.013024054,0.015443201,0.018353492,0.02313252,0.032773927,0.00339858,2024-09-11,2024-09-04,0.0214830063013686,-0.01808442629038823,0.01808442629038823,0.00032704647425248505,1,0,0.030265879
r5_plus_fed,35,1,-0.036907617,-0.023225706,-0.01685831,-0.012781271,-0.009675946,-0.007114014,-0.004915074,-0.002971903,-0.0011450745,0.0004982281,0.002157179,0.0038499888,0.0055935886,0.007323868,0.0093749,0.0116334455,0.014253379,0.017355772,0.021073367,0.026921302,0.038011692,0.002157179,2024-09-12,2024-09-11,0.0097681635559316,-0.00761098461568013,0.00761098461568013,5.792708682011961e-05,1,1,0.037931677
r5_plus_fed,35,2,-0.038310822,-0.02455973,-0.018207563,-0.014130983,-0.010982035,-0.00839291,-0.0060939942,-0.0040999195,-0.0021984396,-0.000512387,0.0011785708,0.0028855377,0.004643934,0.006394241,0.008464719,0.010748268,0.013400174,0.016535494,0.020184677,0.02612347,0.036902037,0.0011785708,2024-09-13,2024-09-11,0.0044699288416126,-0.003291358051396273,0.003291358051396273,1.0833037822491071e-05,1,1,0.03839224
r5_plus_fed,35,3,-0.0396094,-0.025396006,-0.018673288,-0.014352687,-0.011088958,-0.008406977,-0.006053115,-0.0040174043,-0.0021210257,-0.00040478702,0.0013155937,0.003026748,0.004800892,0.0065696407,0.008650949,0.01097933,0.013650742,0.016821561,0.020546578,0.026625864,0.037887916,0.0013155937,2024-09-16,2024-09-11,-0.0044277024774063,0.005743296196888722,0.005743296196888722,3.298545120519645e-05,0,1,0.039219864
r5_plus_fed,35,4,-0.03787531,-0.024282051,-0.018036189,-0.013995144,-0.010864278,-0.008296456,-0.0059938994,-0.0039828997,-0.0020676209,-0.00033784914,0.001402309,0.0031392486,0.0049226177,0.0067127747,0.008799768,0.011121852,0.013816388,0.016969077,0.02064524,0.02664055,0.037706036,0.001402309,2024-09-17,2024-09-11,0.0005281350600621,0.0008741739879274472,0.0008741739879274472,7.641801611689767e-07,1,1,0.03868143
r5_plus_fed,35,5,-0.037400328,-0.023747442,-0.017339393,-0.013316785,-0.0102461055,-0.0077169915,-0.005478304,-0.0035025077,-0.0016150788,9.106146e-05,0.0017886767,0.0034906105,0.0052526523,0.0069884383,0.009040776,0.011311541,0.013910602,0.016947534,0.020491522,0.02610666,0.03691816,0.0017886767,2024-09-18,2024-09-11,-0.0043388068103512,0.006127483526738472,0.006127483526738472,3.754605437045134e-05,0,1,0.037830915
r5_plus_fed,36,1,-0.027551923,-0.017650181,-0.0127961375,-0.009734685,-0.007436455,-0.0055546677,-0.003934582,-0.0025059856,-0.001161304,4.002062e-05,0.0012323974,0.002441782,0.003694757,0.0049409484,0.0064327223,0.008075882,0.00999042,0.012298975,0.015132478,0.019948622,0.02932229,0.0012323974,2024-09-19,2024-09-18,0.0249697612256658,-0.023737363832342318,0.023737363832342318,0.0005634624417089932,1,0,0.027928617
r5_plus_fed,36,2,-0.027625239,-0.017801158,-0.01296392,-0.009902851,-0.0076015936,-0.005726861,-0.0040765423,-0.0026449496,-0.001278587,-6.6832756e-05,0.0011419413,0.0023682415,0.0036408068,0.004899823,0.00640414,0.008067323,0.009996822,0.0123216985,0.015099857,0.019863538,0.028916366,0.0011419413,2024-09-20,2024-09-18,-0.0019051132202338,0.0030470545115138907,0.0030470545115138907,9.284541196137155e-06,0,1,0.028063778
r5_plus_fed,36,3,-0.02785524,-0.01802379,-0.013086109,-0.009945977,-0.0076048365,-0.005692859,-0.004022937,-0.0025805044,-0.0012526986,-5.5487268e-05,0.0011365865,0.0023324045,0.003585292,0.0048361127,0.0063308408,0.008010708,0.009950969,0.012316885,0.01515907,0.01999171,0.029215274,0.0011365865,2024-09-23,2024-09-18,0.0026471967615146,-0.0015106102257925829,0.0015106102257925829,2.281943254269118e-06,1,1,0.028245179
r5_plus_fed,36,4,-0.02701765,-0.017373335,-0.012685824,-0.009710463,-0.0074651362,-0.0056416164,-0.004008802,-0.002604134,-0.0012797624,-8.8387635e-05,0.0011011714,0.0022975327,0.0035308716,0.0047789686,0.0062351264,0.007873633,0.00978813,0.012086391,0.014887173,0.019697303,0.028774189,0.0011011714,2024-09-24,2024-09-18,0.0048118793229339,-0.0037107079579261418,0.0037107079579261418,1.3769353549016397e-05,1,1,0.027572997
r5_plus_fed,36,5,-0.026724096,-0.017259143,-0.012543245,-0.0095910365,-0.007383461,-0.005580715,-0.0040010433,-0.002621627,-0.0013187214,-0.0001414771,0.0010264196,0.0021950807,0.0034203534,0.0046333605,0.0060818116,0.0077012554,0.009570294,0.011836137,0.014643931,0.019402782,0.0285357,0.0010264196,2024-09-25,2024-09-18,0.000926757325306,9.966224815749958e-05,9.966224815749958e-05,9.932563707807028e-09,1,1,0.027187176
r5_plus_fed,37,1,-0.021824801,-0.013584538,-0.009754086,-0.007396611,-0.005627197,-0.004197242,-0.0029805205,-0.0018961941,-0.0008681194,5.674828e-05,0.0009872585,0.0019272772,0.002891316,0.0038447054,0.0049848002,0.0062271813,0.0076687057,0.009407684,0.011539179,0.015170885,0.022322671,0.0009872585,2024-09-26,2024-09-25,0.0074849740375311,-0.006497715530592285,0.006497715530592285,4.222030711650018e-05,1,1,0.021293264
r5_plus_fed,37,2,-0.021384481,-0.012861939,-0.008900639,-0.006435698,-0.0045771888,-0.0030763615,-0.001755786,-0.00060685433,0.00049711304,0.001485323,0.0024968411,0.0034985086,0.0045355232,0.005545686,0.006726805,0.008017137,0.009494263,0.011269199,0.013384072,0.016997656,0.024125688,0.0024968411,2024-09-27,2024-09-25,-0.0055724098200927,0.008069250950870892,0.008069250950870892,6.51128109081308e-05,0,1,0.02228471
r5_plus_fed,37,3,-0.02245246,-0.013708107,-0.009677013,-0.007167256,-0.0052907174,-0.0037598638,-0.0024255463,-0.0012611229,-0.00017458363,0.0008187018,0.0018415258,0.0028529651,0.00389521,0.0049141874,0.0061115157,0.0074546426,0.00899411,0.010876633,0.013168162,0.017022192,0.02459939,0.0018415258,2024-09-30,2024-09-25,0.0027080673636387,-0.0008665415836016546,0.0008665415836016546,7.508943161108634e-07,1,1,0.022845175
r5_plus_fed,37,4,-0.023148404,-0.014265451,-0.010102842,-0.0075113834,-0.0055889934,-0.0040578377,-0.0026952857,-0.0015272159,-0.00042885588,0.00057474675,0.00159982,0.0026285043,0.0036670677,0.0047054873,0.0058955834,0.0072221616,0.008762567,0.010621785,0.012868135,0.016678633,0.024072567,0.00159982,2024-10-01,2024-09-25,-0.014030414175874,0.015630234157367057,0.015630234157367057,0.00024430421981412386,0,0,0.022970978
r5_plus_fed,37,5,-0.022636345,-0.014008187,-0.009872886,-0.007326337,-0.0054462003,-0.0039236993,-0.002603897,-0.0014473718,-0.00036021043,0.0006366852,0.0016403696,0.0026404639,0.0036453423,0.004626192,0.005789917,0.0070857327,0.008586488,0.0104127405,0.012678572,0.016495641,0.023920314,0.0016403696,2024-10-02,2024-09-25,0.0014119968862908,0.00022837276368569185,0.00022837276368569185,5.215411919344085e-08,1,1,0.022551458
r5_plus_fed,38,1,-0.026702033,-0.01660106,-0.012052298,-0.009241032,-0.007125031,-0.0053907624,-0.003903263,-0.0025646351,-0.0012781722,-0.000115753035,0.001079443,0.0022931376,0.003524869,0.004721987,0.0061304225,0.0076550255,0.009398261,0.011485242,0.014019248,0.018263366,0.02651905,0.001079443,2024-10-03,2024-10-02,-0.0007471515157409,0.00182659454300627,0.00182659454300627,3.336447624540284e-06,0,1,0.026071545
r5_plus_fed,38,2,-0.027321829,-0.016778452,-0.012066366,-0.009146351,-0.006938844,-0.005145574,-0.0035596222,-0.0021668111,-0.00081668806,0.00040040683,0.0016614568,0.0029218183,0.004211411,0.0054710153,0.0069394,0.008532848,0.010363086,0.012564486,0.015165558,0.019535096,0.027876226,0.0016614568,2024-10-04,2024-10-02,0.011827792498676,-0.010166335726549743,0.010166335726549743,0.00010335438210492168,1,1,0.027231924
r5_plus_fed,38,3,-0.027610617,-0.016970612,-0.012172764,-0.009190471,-0.006958795,-0.0051265396,-0.0035090072,-0.002088303,-0.0007498894,0.00047113578,0.001737239,0.0029976096,0.0042884815,0.005546255,0.0070085814,0.008630685,0.010480073,0.012715053,0.015407701,0.019929744,0.028693875,0.001737239,2024-10-07,2024-10-02,-0.0107694552724787,0.012506694228162706,0.012506694228162706,0.00015641740051675835,0,1,0.027580466
r5_plus_fed,38,4,-0.0277167,-0.017155128,-0.012365055,-0.009363286,-0.007101327,-0.0052732974,-0.0036291403,-0.0021912034,-0.00082214794,0.0004307562,0.0017105464,0.0029893182,0.004271306,0.0055558635,0.0070223967,0.008644198,0.010508994,0.012723559,0.015370481,0.019862771,0.02840602,0.0017105464,2024-10-08,2024-10-02,0.0148242932004164,-0.013113746764628125,0.013113746764628125,0.00017197035420679464,1,1,0.027735535
r5_plus_fed,38,5,-0.027922284,-0.017307388,-0.01239504,-0.009378686,-0.0071174437,-0.0052682078,-0.0036493244,-0.002202688,-0.0008186976,0.0004623576,0.0017594348,0.003065566,0.0043771574,0.0056567267,0.0071541406,0.008795009,0.010677825,0.012923205,0.015652755,0.020164933,0.028855763,0.0017594348,2024-10-09,2024-10-02,0.0078375309487488,-0.006078096131389949,0.006078096131389949,3.694325258241747e-05,1,1,0.028047796
r5_plus_fed,39,1,-0.026176939,-0.016317856,-0.011832025,-0.009011985,-0.006854289,-0.0050716125,-0.0035260478,-0.0021234206,-0.00077282917,0.00044479436,0.0016976423,0.0029603397,0.004230457,0.005457345,0.006885185,0.008410397,0.010143032,0.012199081,0.014666622,0.018703934,0.026466286,0.0016976423,2024-10-10,2024-10-09,-0.0011361303118323,0.0028337725748573453,0.0028337725748573453,8.030267006013629e-06,0,1,0.026498646
r5_plus_fed,39,2,-0.026355095,-0.01642321,-0.011968171,-0.009171039,-0.0070262393,-0.0052692145,-0.0037079724,-0.0023282464,-0.000992499,0.00020967703,0.0014584018,0.0027037691,0.003972861,0.0052083945,0.0066507324,0.0082062315,0.010013678,0.012171289,0.014713157,0.018911542,0.026662672,0.0014584018,2024-10-11,2024-10-09,0.001561909034448,-0.00010350724269661527,0.00010350724269661527,1.0713749290656016e-08,1,1,0.026681328
r5_plus_fed,39,3,-0.025754489,-0.015793392,-0.011284262,-0.00847573,-0.006353591,-0.0045969617,-0.0030287034,-0.0016379744,-0.00032766012,0.0008707596,0.0021117118,0.003340094,0.004590983,0.0058011604,0.007204257,0.008741011,0.010487692,0.012570579,0.015063747,0.019146625,0.026913919,0.0021117118,2024-10-14,2024-10-09,0.0083563491624497,-0.006244637390290958,0.006244637390290958,3.899549613621987e-05,1,1,0.02634801
r5_plus_fed,39,4,-0.025260516,-0.0151825035,-0.010516879,-0.0075971065,-0.0054006465,-0.0036190408,-0.002019966,-0.00063803315,0.00067203376,0.0018630642,0.0030820232,0.004301345,0.0055207834,0.0067420187,0.008125885,0.009650666,0.011411041,0.013482375,0.015918994,0.019952202,0.02763687,0.0030820232,2024-10-15,2024-10-09,-0.0134569946556891,0.016539017890727023,0.016539017890727023,0.0002735391127897885,0,0,0.026435874
r5_plus_fed,39,5,-0.024756523,-0.015044072,-0.010454086,-0.007610986,-0.005453103,-0.003674591,-0.00211456,-0.0007221063,0.0006066422,0.0018346233,0.0030744579,0.004322237,0.005567346,0.006782797,0.008193367,0.0097418,0.011517459,0.013617058,0.016129646,0.020199375,0.028018137,0.0030744579,2024-10-16,2024-10-09,0.0001222665331015,0.002952191335832178,0.002952191335832178,8.715433683362578e-06,1,1,0.026583731
r5_plus_fed,40,1,-0.020149188,-0.012613354,-0.009195015,-0.007086609,-0.0054909284,-0.0041952482,-0.0030929856,-0.002098301,-0.0011442493,-0.00028585887,0.00059650856,0.0014904337,0.0023898734,0.003258783,0.0042886795,0.005408666,0.0066969246,0.0082670525,0.010203798,0.01345943,0.01998977,0.00059650856,2024-10-17,2024-10-16,0.0006923525051118,-9.58439467379017e-05,9.58439467379017e-05,9.186062126297736e-09,1,1,0.019398812
r5_plus_fed,40,2,-0.020294534,-0.01250482,-0.0089806765,-0.006788797,-0.005124275,-0.003769718,-0.002576496,-0.0015347068,-0.0005282785,0.00037171645,0.0013100868,0.0022381828,0.0031746142,0.004082151,0.0051452545,0.006286272,0.0076113464,0.009217344,0.011137071,0.014363648,0.020702552,0.0013100868,2024-10-18,2024-10-16,0.0065333420562323,-0.00522325524713358,0.00522325524713358,2.7282395376708472e-05,1,1,0.020117749
r5_plus_fed,40,3,-0.021365283,-0.013188585,-0.009494858,-0.007198108,-0.0054724026,-0.0040492066,-0.0027994504,-0.0016934652,-0.0006505117,0.00030459225,0.0013081265,0.002294153,0.0032920395,0.004248505,0.00535197,0.006557924,0.00792731,0.009580772,0.01158057,0.014877117,0.021375755,0.0013081265,2024-10-21,2024-10-16,0.0019194174349852,-0.0006112909434907233,0.0006112909434907233,3.736766175937786e-07,1,1,0.021075428
r5_plus_fed,40,4,-0.021591643,-0.013088558,-0.009171267,-0.006731384,-0.004903293,-0.0034359246,-0.0021201568,-0.000981274,0.000101424754,0.0010987385,0.002135118,0.0031700414,0.004191668,0.005204345,0.0063368897,0.0075816093,0.009007147,0.010706457,0.012717756,0.01603298,0.022487322,0.002135118,2024-10-22,2024-10-16,0.0010894103333772,0.0010457076705574218,0.0010457076705574218,1.0935045322626293e-06,1,1,0.021889023
r5_plus_fed,40,5,-0.020793809,-0.012665188,-0.008807512,-0.0064197863,-0.0046300064,-0.0031638765,-0.0018914727,-0.0007557295,0.0003330832,0.00134972,0.0023904606,0.0034411931,0.0044769356,0.005470743,0.00661653,0.00785712,0.00927012,0.010955977,0.012983325,0.016302558,0.022923093,0.0023904606,2024-10-23,2024-10-16,-0.0154425967025768,0.017833057279438895,0.017833057279438895,0.00031801793193174854,0,0,0.021790836
r5_plus_fed,41,1,-0.02245419,-0.013508685,-0.009331318,-0.0066778637,-0.0046577454,-0.0030033556,-0.0015690012,-0.00028879417,0.000928827,0.0020234417,0.0031311589,0.0042396174,0.005358501,0.0064551504,0.007759201,0.009157689,0.010776933,0.012716012,0.015079372,0.01894855,0.026491294,0.0031311589,2024-10-24,2024-10-23,0.0080761984099533,-0.004945039527201239,0.004945039527201239,2.4453415925582656e-05,1,1,0.02441069
r5_plus_fed,41,2,-0.023340628,-0.014521198,-0.0104433205,-0.007837761,-0.005820609,-0.0041559837,-0.0026588878,-0.0013370432,-3.4462893e-05,0.001143647,0.0023457287,0.0035554217,0.0047836797,0.005979192,0.007375268,0.008900646,0.010641102,0.012714252,0.015148735,0.019224308,0.02695287,0.0023457287,2024-10-25,2024-10-23,0.0060752024991495,-0.0037294738112074724,0.0037294738112074724,1.390897490848239e-05,1,1,0.025592055
r5_plus_fed,41,3,-0.023548948,-0.014819771,-0.010724733,-0.008086009,-0.006061345,-0.0043648193,-0.0028535076,-0.0015154378,-0.0002485197,0.00091308774,0.0021036633,0.0032948975,0.0045081787,0.00570042,0.007095386,0.008649254,0.010408804,0.01252481,0.015060658,0.019260444,0.027256018,0.0021036633,2024-10-28,2024-10-23,0.0001614440574514,0.001942219225017515,0.001942219225017515,3.772215518027637e-06,1,1,0.02578539
r5_plus_fed,41,4,-0.02430247,-0.015570782,-0.0115234405,-0.008897029,-0.0068530873,-0.0051559317,-0.0036038621,-0.0022374303,-0.00091933855,0.0002992527,0.0015534244,0.0028190631,0.0040830374,0.00533579,0.0067558945,0.008320859,0.010117948,0.012235828,0.014770968,0.01902859,0.02710102,0.0015534244,2024-10-29,2024-10-23,0.0095625422878311,-0.008009117886622341,0.008009117886622341,6.414596932181391e-05,1,1,0.026294408
r5_plus_fed,41,5,-0.023943018,-0.015215872,-0.011100624,-0.008481463,-0.006447827,-0.004749152,-0.00323604,-0.0018749943,-0.0005525785,0.0006704607,0.0019144655,0.0031756414,0.004448731,0.005681311,0.0071136537,0.008689579,0.01048059,0.012607891,0.015161054,0.019359047,0.027490152,0.0019144655,2024-10-30,2024-10-23,-0.0075862980500124,0.009500763500694145,0.009500763500694145,9.026450709612207e-05,0,1,0.026261678
r5_plus_fed,42,1,-0.02268909,-0.014270735,-0.010172336,-0.0076166904,-0.005700986,-0.0041290447,-0.002761049,-0.0015503692,-0.00040148105,0.00063425803,0.0016700855,0.002715189,0.003780578,0.004825459,0.0060671987,0.007413788,0.008968014,0.010822411,0.013069575,0.01676083,0.023849705,0.0016700855,2024-10-31,2024-10-30,-0.0255667698496819,0.02723685532546197,0.02723685532546197,0.0007418462880201461,0,0,0.023241911
r5_plus_fed,42,2,-0.023088792,-0.014595179,-0.010477037,-0.007898775,-0.0059537077,-0.004369527,-0.0029595515,-0.0017335992,-0.00054453977,0.0005182496,0.0015852405,0.0026671877,0.0037671656,0.00484428,0.006120827,0.0075172046,0.009113808,0.011024853,0.01327542,0.017019462,0.024129909,0.0015852405,2024-11-01,2024-10-30,0.0073716168159564,-0.005786376340122984,0.005786376340122984,3.3482151149535056e-05,1,1,0.023752458
r5_plus_fed,42,3,-0.023240514,-0.014812699,-0.010693807,-0.008112396,-0.0061851824,-0.004591856,-0.0031850862,-0.0019552729,-0.0008034094,0.0002437554,0.0012985265,0.0023540063,0.0034366255,0.0045136632,0.0057886643,0.0071996823,0.008808008,0.010744355,0.0130612925,0.016912747,0.024263551,0.0012985265,2024-11-04,2024-10-30,-0.0029174050699765,0.004215931604787162,0.004215931604787162,1.7774079296243257e-05,0,1,0.0237551
r5_plus_fed,42,4,-0.022923654,-0.014475368,-0.01040156,-0.007860717,-0.005944345,-0.004384637,-0.0029818893,-0.0017729038,-0.0006258207,0.00041279756,0.0014582563,0.0025206327,0.0035957338,0.0046722195,0.0059096776,0.0072857654,0.008867203,0.010738711,0.012977152,0.016719589,0.023792174,0.0014582563,2024-11-05,2024-10-30,0.0126762782206442,-0.011218021948045099,0.011218021948045099,0.00012584401642682156,1,1,0.023378711
r5_plus_fed,42,5,-0.02217882,-0.0140892835,-0.010156495,-0.0077137984,-0.00586061,-0.004333006,-0.0029818492,-0.0017916397,-0.00065313245,0.0003812589,0.0014215873,0.0024664835,0.0035414803,0.0045927055,0.0058338996,0.0072140023,0.008787883,0.010672694,0.012971756,0.016752845,0.023986027,0.0014215873,2024-11-06,2024-10-30,0.0268007970537103,-0.025379209744841535,0.025379209744841535,0.0006441042872726596,1,0,0.02312825
r5_plus_fed,43,1,-0.02517935,-0.0157026,-0.011201109,-0.0083730845,-0.0061989883,-0.004414335,-0.0028734484,-0.0014798373,-0.00014148187,0.0010750648,0.0023291735,0.0036039124,0.004896528,0.0061658733,0.007662758,0.009300949,0.0111908475,0.013455355,0.016211167,0.02084986,0.030097602,0.0023291735,2024-11-07,2024-11-06,0.0156215202930996,-0.013292346795243937,0.013292346795243937,0.00017668648332503175,1,1,0.027412277
r5_plus_fed,43,2,-0.024898596,-0.015496158,-0.01100277,-0.008168019,-0.005991745,-0.004213975,-0.0026439396,-0.0012661614,7.8802695e-05,0.0012888815,0.0025301105,0.0037766758,0.0050504776,0.006290484,0.0077354135,0.009309041,0.011108885,0.013251083,0.015772386,0.020138219,0.028860161,0.0025301105,2024-11-08,2024-11-06,0.0011677931609067,0.0013623173733738386,0.0013623173733738386,1.8559086257961948e-06,1,1,0.026775155
r5_plus_fed,43,3,-0.024402892,-0.015211075,-0.010840731,-0.008101775,-0.0060321325,-0.0043392023,-0.0028513663,-0.0015410506,-0.00030932156,0.000820422,0.0019751252,0.0031352886,0.004319531,0.0054906225,0.006855364,0.008374592,0.010110006,0.012206311,0.014731594,0.019083044,0.027810011,0.0019751252,2024-11-11,2024-11-06,-0.0005836062531648,0.002558731420683654,0.002558731420683654,6.54710648319379e-06,0,1,0.025572326
r5_plus_fed,43,4,-0.024708336,-0.01551924,-0.011084343,-0.008282482,-0.0061648116,-0.0044591045,-0.0029338135,-0.0016224354,-0.00037670124,0.0007536588,0.0018968107,0.0030554566,0.004227154,0.005404311,0.0067549925,0.008268453,0.0100231515,0.012114902,0.014631437,0.018974977,0.027538842,0.0018968107,2024-11-12,2024-11-06,-0.0018116410991537,0.003708451817034426,0.003708451817034426,1.3752614879265935e-05,0,1,0.02571578
r5_plus_fed,43,5,-0.024312949,-0.015371853,-0.0110265985,-0.008288703,-0.0062154746,-0.0045164227,-0.0030364061,-0.0017302209,-0.00048624817,0.0006561009,0.0018184802,0.0029857736,0.004176476,0.0053376956,0.0067075975,0.008231604,0.009997266,0.012130205,0.014755091,0.019193737,0.027983332,0.0018184802,2024-11-13,2024-11-06,-0.0012875739376203,0.0031060541405484856,0.0031060541405484856,9.647572324018392e-06,0,1,0.02578169
r5_plus_fed,44,1,-0.021350695,-0.013205939,-0.009552428,-0.0072251908,-0.0054161097,-0.0039045308,-0.0025831223,-0.0013866065,-0.00023344485,0.00080799614,0.0018767475,0.002964023,0.0040576523,0.005115349,0.006360959,0.0077110217,0.00925767,0.011108416,0.013363227,0.017093964,0.024647454,0.0018767475,2024-11-14,2024-11-13,-0.006973895626482,0.008850643094968427,0.008850643094968427,7.83338831945123e-05,0,1,0.022915654
r5_plus_fed,44,2,-0.021308815,-0.013295652,-0.009717792,-0.0074310494,-0.00565082,-0.004168381,-0.002837547,-0.001661671,-0.0005155259,0.00051708234,0.0015837407,0.002652267,0.0037374739,0.00479028,0.0060322713,0.0073865354,0.008943628,0.010818988,0.01305444,0.016796956,0.024141762,0.0015837407,2024-11-15,2024-11-13,-0.0241144133712629,0.02569815406850522,0.02569815406850522,0.0006603951225286314,0,0,0.022772232
r5_plus_fed,44,3,-0.021802539,-0.013478096,-0.009755348,-0.007385139,-0.005570883,-0.0040558605,-0.0027092258,-0.001513301,-0.0003821539,0.00065685133,0.001729002,0.0027978097,0.0038854536,0.0049430705,0.0061814124,0.007547622,0.009100921,0.010967296,0.013217178,0.016937135,0.024388025,0.001729002,2024-11-18,2024-11-13,0.0069235426903708,-0.0051945407007826586,0.0051945407007826586,2.6983253092087594e-05,1,1,0.022972526
r5_plus_fed,44,4,-0.022694785,-0.013972597,-0.010035889,-0.007529874,-0.0056371265,-0.004097261,-0.002709473,-0.0015049713,-0.0003537609,0.00070741854,0.0018024012,0.0029097064,0.0040202015,0.005114191,0.0063554947,0.0077247275,0.009301775,0.011173271,0.013406453,0.017128743,0.024619669,0.0018024012,2024-11-19,2024-11-13,0.0068562415831182,-0.0050538404316101074,0.0050538404316101074,2.5541303108177038e-05,1,1,0.023442343
r5_plus_fed,44,5,-0.022244066,-0.013938489,-0.010136546,-0.0077435873,-0.005938744,-0.004448398,-0.0031356104,-0.00196527,-0.00083746936,0.00020978763,0.0012819234,0.0023637945,0.0034598424,0.0045253546,0.005786047,0.007179937,0.008782468,0.010720859,0.01309429,0.017029911,0.02492499,0.0012819234,2024-11-20,2024-11-13,-0.000576160887249,0.0018580842688607048,0.0018580842688607048,3.4524771501876202e-06,0,1,0.023230836
r5_plus_fed,45,1,-0.022923773,-0.01420229,-0.010104273,-0.0075638583,-0.0056591355,-0.004109037,-0.0027790568,-0.001609223,-0.0005129246,0.0004710877,0.0014416404,0.0024276418,0.003457128,0.004469798,0.0056817792,0.0070082233,0.008543718,0.010393076,0.012662292,0.016533557,0.02420766,0.0014416404,2024-11-21,2024-11-20,0.0035907995257502,-0.0021491590956201354,0.0021491590956201354,4.6188848182867585e-06,1,1,0.022766566
r5_plus_fed,45,2,-0.02355027,-0.014500057,-0.01025461,-0.0076088486,-0.005617716,-0.0040045064,-0.0025789668,-0.0013471243,-0.00016782782,0.00087751553,0.0019183748,0.0029721665,0.0040646186,0.0051474227,0.0064313994,0.007842745,0.009467037,0.0114243105,0.013763796,0.017781176,0.025643146,0.0019183748,2024-11-22,2024-11-20,0.0016026458841688,0.0003157289094352163,0.0003157289094352163,9.968474425315101e-08,1,1,0.024018407
r5_plus_fed,45,3,-0.024186503,-0.014837502,-0.010483986,-0.007771611,-0.0057491753,-0.0040950077,-0.0026459938,-0.0013908884,-0.00022653386,0.0008296815,0.0018873278,0.0029513012,0.0040609143,0.0051619466,0.0064704795,0.007947899,0.009655862,0.011740081,0.014262738,0.018542474,0.026826866,0.0018873278,2024-11-25,2024-11-20,0.0015804473419747,0.0003068804166206473,0.0003068804166206473,9.417559010526207e-08,1,1,0.024746723
r5_plus_fed,45,4,-0.024772301,-0.015419383,-0.011093233,-0.008392634,-0.006366628,-0.0047279284,-0.0032626386,-0.0019947898,-0.00079230615,0.00029241655,0.0013844012,0.0024829563,0.0036160282,0.004755726,0.006079761,0.0075650644,0.009294374,0.01136815,0.013878724,0.018191256,0.02633548,0.0013844012,2024-11-26,2024-11-20,0.0053548774606623,-0.003970476232383425,0.003970476232383425,1.5764681511921675e-05,1,1,0.024971956
r5_plus_fed,45,5,-0.024890805,-0.015519233,-0.011075771,-0.008355529,-0.006344087,-0.004710552,-0.0032800427,-0.0020257428,-0.00083948765,0.0002364685,0.0013083501,0.0023864843,0.003512723,0.0046238285,0.005950902,0.007437747,0.009145507,0.011218164,0.013782658,0.018145194,0.026499024,0.0013083501,2024-11-27,2024-11-20,-0.0079045753583149,0.009212925483642607,0.009212925483642607,8.487799596715137e-05,0,1,0.02485843
r5_plus_fed,46,1,-0.02295781,-0.014475865,-0.010296344,-0.0076815384,-0.0057310425,-0.004139781,-0.0027818654,-0.0015882042,-0.00047072233,0.0005321894,0.0015291318,0.0025369388,0.0035860878,0.0046228105,0.0058663506,0.00723945,0.008839373,0.010766621,0.013141622,0.017181423,0.025089694,0.0015291318,2024-11-29,2024-11-27,0.0087484624416391,-0.007219330658466612,0.007219330658466612,5.211873515627597e-05,1,1,0.023437966
r5_plus_fed,46,2,-0.023185143,-0.014665449,-0.010463581,-0.007812786,-0.0058368817,-0.0042316075,-0.0028235104,-0.0016058178,-0.0004455446,0.0005800324,0.0016100972,0.0026472684,0.0037267576,0.004789984,0.0060588224,0.007458647,0.009091229,0.011053408,0.013414711,0.017460234,0.02517077,0.0016100972,2024-12-02,2024-11-27,0.0108289466149276,-0.00921884937240834,0.00921884937240834,8.498718375115363e-05,1,1,0.023878291
r5_plus_fed,46,3,-0.02354767,-0.01494748,-0.010662448,-0.007956928,-0.0059516868,-0.0043209568,-0.0028994863,-0.0016735245,-0.0005429677,0.00047970883,0.0015032031,0.0025252826,0.0035948255,0.0046550916,0.0059247734,0.0073577715,0.009023397,0.0110462895,0.013506561,0.017668081,0.025615387,0.0015032031,2024-12-03,2024-11-27,0.0030614775243059,-0.0015582744601026375,0.0015582744601026375,2.4282192930081666e-06,1,1,0.02416901
r5_plus_fed,46,4,-0.023298936,-0.014617948,-0.010345601,-0.007653717,-0.0056615314,-0.00407103,-0.0026666962,-0.0014718235,-0.00035641785,0.0006414386,0.0016385408,0.0026390844,0.0036769942,0.0047259154,0.0059495987,0.007330427,0.008947179,0.010886754,0.013249833,0.017285477,0.024920328,0.0016385408,2024-12-04,2024-11-27,0.0122872249071843,-0.010648684141913708,0.010648684141913708,0.0001133944739542445,1,1,0.023595434
r5_plus_fed,46,5,-0.023073548,-0.014603343,-0.010343223,-0.0077001173,-0.005755351,-0.0041781934,-0.0028131895,-0.0016238443,-0.0005050566,0.0005052413,0.0015069335,0.0025082724,0.0035537388,0.004590709,0.0058297394,0.007222398,0.008827278,0.010767268,0.013170792,0.01721466,0.024964841,0.0015069335,2024-12-05,2024-11-27,-0.0027747847993229,0.004281718276098785,0.004281718276098785,1.833311139587835e-05,0,1,0.023514014
r5_plus_fed,47,1,-0.020364586,-0.012389541,-0.008732841,-0.0064304164,-0.004666282,-0.0032181249,-0.0019660932,-0.00084203924,0.00023222016,0.0011888751,0.002157711,0.0031306972,0.0041161347,0.005072886,0.006202149,0.0074143065,0.008807289,0.010477931,0.012510213,0.015878616,0.022488583,0.002157711,2024-12-06,2024-12-05,0.0089096200303785,-0.006751909072106281,0.006751909072106281,4.5588276117991106e-05,1,1,0.021243054
r5_plus_fed,47,2,-0.020965388,-0.013052967,-0.0094621675,-0.007187116,-0.005437549,-0.004004075,-0.0027322413,-0.001617179,-0.00053957966,0.0004197689,0.0014002486,0.0023727184,0.0033637355,0.0043276823,0.005464349,0.006701694,0.008140565,0.009875351,0.011943961,0.015408161,0.02196573,0.0014002486,2024-12-09,2024-12-05,-0.0078179759762592,0.009218224589467732,0.009218224589467732,8.497566458186754e-05,0,1,0.021406129
r5_plus_fed,47,3,-0.020647645,-0.012541309,-0.008862188,-0.0065372745,-0.004764558,-0.0033014507,-0.0020147238,-0.0008841285,0.00016960443,0.0011186507,0.002081016,0.003034661,0.004014427,0.0049705487,0.0060961647,0.007347638,0.008778989,0.010506574,0.0125844935,0.015988704,0.02251015,0.002081016,2024-12-10,2024-12-05,-0.0034133704339085,0.005494386512499847,0.005494386512499847,3.018828314874023e-05,0,1,0.021446683
r5_plus_fed,47,4,-0.021905739,-0.013617325,-0.009795482,-0.007377995,-0.0055521447,-0.0040692827,-0.0027412835,-0.0015939274,-0.000505868,0.00048714085,0.0014959913,0.0025067665,0.0035163553,0.0045250216,0.005668821,0.006925661,0.008379513,0.010100539,0.01216801,0.015634228,0.022300396,0.0014959913,2024-12-11,2024-12-05,0.0177440083495202,-0.016248017098088794,0.016248017098088794,0.0002639980596197858,1,0,0.021963492
r5_plus_fed,47,5,-0.021592613,-0.013465856,-0.009679148,-0.007304037,-0.0055035725,-0.0040221466,-0.0027226896,-0.001570682,-0.0004726915,0.0005374792,0.00155454,0.002576681,0.0035978863,0.0045942757,0.00576179,0.007056892,0.008553683,0.010355735,0.012575665,0.016250102,0.023334976,0.00155454,2024-12-12,2024-12-05,-0.0064745265181275,0.008029066527365326,0.008029066527365326,6.44659093008583e-05,0,1,0.022254813
r5_plus_fed,48,1,-0.024697406,-0.01541698,-0.011078914,-0.008394844,-0.0063900845,-0.0047442913,-0.0033167193,-0.0020466335,-0.00083911535,0.00025674864,0.0013546294,0.0024693506,0.0036021776,0.0046852054,0.0059582265,0.0073271934,0.008896116,0.010763006,0.013020305,0.016763674,0.023880176,0.0013546294,2024-12-13,2024-12-12,0.0076251659607724,-0.006270536554066901,0.006270536554066901,3.931962867588921e-05,1,1,0.02409922
r5_plus_fed,48,2,-0.02506829,-0.015468314,-0.011000602,-0.0082299,-0.006148264,-0.004459014,-0.0029622128,-0.0016581665,-0.00039969955,0.0007283684,0.0018651346,0.0030177583,0.0041800793,0.0053086095,0.0066300128,0.008056092,0.009673823,0.011589158,0.013857387,0.01763838,0.024770262,0.0018651346,2024-12-16,2024-12-12,0.0142979052873088,-0.012432770712835895,0.012432770712835895,0.00015457378759795,1,0,0.024857989
r5_plus_fed,48,3,-0.025701992,-0.016016973,-0.011472182,-0.008649735,-0.0065543205,-0.004825942,-0.003301013,-0.0019677617,-0.0007237715,0.00041306176,0.0015646128,0.0027190507,0.0038959403,0.0050563132,0.006421782,0.007928129,0.00963755,0.011680992,0.014127069,0.018164871,0.0256579,0.0015646128,2024-12-17,2024-12-12,-0.0044134140110699,0.005978026856028802,0.005978026856028802,3.57368050914016e-05,0,1,0.025599252
r5_plus_fed,48,4,-0.02575894,-0.01612777,-0.011705789,-0.0089568775,-0.0068749012,-0.005162956,-0.0036109902,-0.0022538227,-0.00095363753,0.00023669004,0.0014454753,0.0026613798,0.0038896324,0.005097715,0.006486252,0.008016492,0.009773697,0.011846963,0.014326575,0.018455252,0.026003057,0.0014454753,2024-12-18,2024-12-12,-0.0367438987484373,0.03818937401568367,0.03818937401568367,0.001458428287709775,0,0,0.026032364
r5_plus_fed,48,5,-0.025971998,-0.016189981,-0.011641838,-0.008861782,-0.0067700334,-0.005050686,-0.003527514,-0.0021785842,-0.00087805674,0.00032144133,0.0015392073,0.0027664867,0.0040180525,0.00523194,0.006653702,0.008224198,0.0099944575,0.012094755,0.014625281,0.018758168,0.026448485,0.0015392073,2024-12-19,2024-12-12,-0.0044632525653369,0.0060024598617828655,0.0060024598617828655,3.602952439231438e-05,0,1,0.026267119
r5_plus_fed,49,1,-0.034892466,-0.022869514,-0.017392576,-0.013935522,-0.011306901,-0.00915393,-0.0073237433,-0.0057210107,-0.0042110765,-0.002861694,-0.001504464,-0.00013524655,0.0012630941,0.0026207033,0.0042124824,0.005950175,0.007946646,0.01034038,0.013289711,0.018328104,0.028561978,-0.001504464,2024-12-20,2024-12-19,0.0086947341857844,-0.01019919814433837,0.01019919814433837,0.00010402364278747527,0,1,0.030682288
r5_plus_fed,49,2,-0.03164105,-0.019333068,-0.013885699,-0.010465335,-0.0078734355,-0.0057687364,-0.0039133136,-0.0022923704,-0.00072664954,0.00068767386,0.0021244735,0.0035875551,0.0050813328,0.00653946,0.00825094,0.010134369,0.012304343,0.014866033,0.017894588,0.02298673,0.0330044,0.0021244735,2024-12-23,2024-12-19,0.0096954651734969,-0.007570991720928845,0.007570991720928845,5.731991563837312e-05,1,1,0.031780288
r5_plus_fed,49,3,-0.02995093,-0.017811622,-0.012361305,-0.008911013,-0.006312532,-0.0041807955,-0.0023129,-0.00068413606,0.00083500484,0.0022481014,0.0037086643,0.005169057,0.0066576344,0.008103086,0.009771254,0.011656265,0.013792493,0.016334323,0.019349847,0.024519078,0.034924816,0.0037086643,2024-12-24,2024-12-19,0.0134687641467139,-0.009760099818854022,0.009760099818854022,9.525954847399432e-05,1,1,0.031711154
r5_plus_fed,49,4,-0.02960466,-0.01818872,-0.013121039,-0.009922961,-0.007472277,-0.005466448,-0.0036629587,-0.002083039,-0.0005650985,0.0008298537,0.0022598617,0.0036949506,0.005156872,0.006595004,0.00826053,0.01012067,0.012258012,0.014770414,0.017752089,0.022738209,0.032740243,0.0022598617,2024-12-26,2024-12-19,-0.0006796836714989,0.002939545349383956,0.002939545349383956,8.640926861084843e-06,0,1,0.030873127
r5_plus_fed,49,5,-0.029766904,-0.018349942,-0.013135102,-0.009932895,-0.007532029,-0.0055658757,-0.0038333773,-0.0023093703,-0.0008481998,0.0004927019,0.0018491312,0.0032187775,0.004626786,0.0059904326,0.007598552,0.009370526,0.011364715,0.01371487,0.016493887,0.021115588,0.030700127,0.0018491312,2024-12-27,2024-12-19,-0.0133821959071922,0.015231327100204198,0.015231327100204198,0.00023199332523341482,0,0,0.029628988
