model,window,horizon,q0.01,q0.05,q0.1,q0.15,q0.2,q0.25,q0.3,q0.35,q0.4,q0.45,q0.5,q0.55,q0.6,q0.65,q0.7,q0.75,q0.8,q0.85,q0.9,q0.95,q0.99,prediction,date,forecast_origin,actual,error,abs_error,squared_error,correct_direction,interval_coverage,interval_width
r7_all_external,0,1,-0.017464563,-0.011239184,-0.008250364,-0.006346658,-0.0048696944,-0.0036524704,-0.0026018962,-0.0016544489,-0.000734783,8.216427e-05,0.00093156996,0.001802999,0.0026699586,0.003507671,0.0044855564,0.005545207,0.0067393836,0.008174528,0.009906006,0.012746597,0.018491011,0.00093156996,2024-01-02,2023-12-29,-0.0170669491911452,0.01799851914831956,0.01799851914831956,0.0003239466915324258,0,0,0.01815637
r7_all_external,0,2,-0.017889978,-0.011687268,-0.008749826,-0.0068593696,-0.0053729294,-0.004145603,-0.0030410134,-0.00207108,-0.0011059814,-0.000248516,0.0006504239,0.0015527925,0.0024527344,0.0033338014,0.004366598,0.0054775667,0.006751944,0.00828656,0.010102867,0.013081098,0.018975748,0.0006504239,2024-01-03,2023-12-29,-0.0106379771259205,0.011288401054084445,0.011288401054084445,0.00012742799835785483,0,0,0.018852692
r7_all_external,0,3,-0.018322885,-0.011787911,-0.008659949,-0.0066383695,-0.0050653913,-0.003745575,-0.002569948,-0.0015293662,-0.00053816964,0.00036322544,0.0013031834,0.0022462478,0.0031952579,0.0041150926,0.005186812,0.0063602244,0.007679473,0.009268969,0.011141691,0.01410197,0.020015065,0.0013031834,2024-01-04,2023-12-29,-0.0051596905664556,0.006462873946969983,0.006462873946969983,4.176873965442337e-05,0,1,0.019801639
r7_all_external,0,4,-0.019133735,-0.012438162,-0.009184584,-0.007075914,-0.005448642,-0.0041251625,-0.0029157829,-0.0018722162,-0.0008678548,6.372509e-05,0.0010298258,0.002004918,0.0029566893,0.0039116745,0.004974086,0.006132039,0.007453888,0.00902122,0.0108571965,0.0138413645,0.019722106,0.0010298258,2024-01-05,2023-12-29,0.0011852617737993,-0.00015543600443446615,0.00015543600443446615,2.416035147455138e-08,1,1,0.02004178
r7_all_external,0,5,-0.018506015,-0.012190162,-0.009038257,-0.0069844564,-0.005386467,-0.0040441286,-0.0028549356,-0.0017896375,-0.00076525006,0.00017854471,0.0011420269,0.0021067767,0.0030549983,0.0039691557,0.0050335415,0.0061989077,0.007533954,0.009152658,0.011111613,0.0142663,0.020516336,0.0011420269,2024-01-08,2023-12-29,0.0204572928663409,-0.019315266009799267,0.019315266009799267,0.00037307950102930687,1,0,0.020149872
r7_all_external,1,1,-0.015423283,-0.009105472,-0.006190202,-0.004342392,-0.0029170106,-0.0017235426,-0.00068383745,0.00027481426,0.0012038979,0.0020497444,0.0029200811,0.0037972443,0.004667035,0.0054946584,0.0064650117,0.0074925674,0.008664934,0.010069147,0.011783769,0.014569031,0.020122038,0.0029200811,2024-01-09,2024-01-08,0.0019736065701812,0.0009464745702922849,0.0009464745702922849,8.958141122099653e-07,1,1,0.01797397
r7_all_external,1,2,-0.016549278,-0.009722403,-0.0065068076,-0.0044468855,-0.0028558688,-0.0015508983,-0.00037786132,0.0006554894,0.001672913,0.0025999804,0.0035689569,0.0045217914,0.0054799085,0.0064063296,0.007475627,0.008618977,0.009914277,0.011469329,0.013277864,0.01620527,0.021947578,0.0035689569,2024-01-10,2024-01-08,0.006754656172611,-0.0031856993113385454,0.0031856993113385454,1.0148680102262883e-05,1,1,0.019784672
r7_all_external,1,3,-0.018919084,-0.011645655,-0.00823311,-0.006061873,-0.0043984437,-0.003013467,-0.0017750092,-0.0006608241,0.0003982791,0.001378593,0.0023999228,0.0034163008,0.004441836,0.0054274434,0.006549105,0.0077697667,0.009138851,0.010770957,0.012718366,0.015840953,0.021858633,0.0023999228,2024-01-11,2024-01-08,0.0020786482571301,0.00032127455709009007,0.00032127455709009007,1.0321734103343354e-07,1,1,0.020951476
r7_all_external,1,4,-0.020201292,-0.01298582,-0.009524538,-0.007281123,-0.00554319,-0.0040991274,-0.0027605754,-0.0015788123,-0.0004340571,0.0006379643,0.0017361792,0.0028348241,0.0038983067,0.0049638473,0.006141069,0.0074222144,0.008876874,0.010598036,0.012620632,0.015895808,0.022092544,0.0017361792,2024-01-12,2024-01-08,0.0005126444927324,0.0012235347342770156,0.0012235347342770156,1.4970372459823271e-06,1,1,0.02214517
r7_all_external,1,5,-0.021089831,-0.013978451,-0.01050093,-0.008253313,-0.0064966143,-0.005008638,-0.0036764669,-0.002456184,-0.0012714536,-0.00016349349,0.0009789797,0.002120644,0.00324632,0.0043309936,0.0055825533,0.00692702,0.008468121,0.0103061395,0.0125138685,0.016026696,0.022629779,0.0009789797,2024-01-16,2024-01-08,-9.749324927383718e-05,0.0010764729970162517,0.0010764729970162517,1.158794113305151e-06,0,1,0.023014799
r7_all_external,2,1,-0.019428344,-0.0123217525,-0.008885729,-0.006656715,-0.0049111387,-0.0034531557,-0.0021852278,-0.0010244494,9.522173e-05,0.0010959195,0.002122578,0.0031577647,0.004181267,0.0051626246,0.0063007767,0.007511149,0.008872318,0.010487537,0.012411019,0.015475684,0.021514516,0.002122578,2024-01-17,2024-01-16,-0.0056566548529702,0.007779232831268268,0.007779232831268268,6.0516463443082116e-05,0,1,0.021296747
r7_all_external,2,2,-0.019822385,-0.012813275,-0.009479735,-0.0073141535,-0.0056103324,-0.0041878573,-0.002904015,-0.001757004,-0.00061662216,0.0004068577,0.0014755408,0.0025423241,0.0036051802,0.00463145,0.0058156117,0.0070795473,0.008511115,0.01020663,0.012171129,0.015332782,0.0214193,0.0014755408,2024-01-18,2024-01-16,0.0140943716396457,-0.012618830834968989,0.012618830834968989,0.00015923489164156414,1,0,0.021650864
r7_all_external,2,3,-0.019694293,-0.012541771,-0.0091144005,-0.0068736714,-0.0051284563,-0.0036611669,-0.0023503199,-0.0011793725,-7.2888186e-05,0.00092990126,0.0019696457,0.0030087112,0.0040561417,0.0050694025,0.0062442264,0.0075302515,0.008979975,0.010698772,0.012716883,0.015870078,0.02200398,0.0019696457,2024-01-19,2024-01-16,0.019636767276067,-0.017667121544915895,0.017667121544915895,0.0003121271836828314,1,0,0.021831283
r7_all_external,2,4,-0.02065661,-0.013294834,-0.009720515,-0.0073849754,-0.005589056,-0.004106908,-0.0027545379,-0.001578112,-0.00045696486,0.00058292947,0.0016463752,0.002717177,0.003764251,0.0048143473,0.005976322,0.007240658,0.008680609,0.010352881,0.012297314,0.015428793,0.021524016,0.0016463752,2024-01-22,2024-01-16,0.001305183935429,0.000341191231754578,0.000341191231754578,1.1641145662620616e-07,1,1,0.02201783
r7_all_external,2,5,-0.020287745,-0.013206006,-0.009778297,-0.007550318,-0.005811448,-0.0043322314,-0.0030155526,-0.001818635,-0.0006643045,0.0004114404,0.0015217157,0.0026335076,0.0037250335,0.004775697,0.005987267,0.007292351,0.008773324,0.010518798,0.012600863,0.015915409,0.022481848,0.0015217157,2024-01-23,2024-01-16,0.0041409169109138,-0.0026192012494029747,0.0026192012494029747,6.860215184874103e-06,1,1,0.02237916
r7_all_external,3,1,-0.019636549,-0.012191924,-0.008820928,-0.0067157885,-0.0050631403,-0.0036948712,-0.0025066817,-0.001436778,-0.00039915286,0.00052554166,0.0014767246,0.0024504084,0.0034105254,0.0043286798,0.005399812,0.0065649683,0.007883883,0.009457189,0.011384198,0.01456162,0.021070238,0.0014767246,2024-01-24,2024-01-23,0.0055338310321763,-0.0040571064000919305,0.0040571064000919305,1.6460112341666902e-05,1,1,0.020205125
r7_all_external,3,2,-0.020451708,-0.012959531,-0.009617994,-0.007513587,-0.005860137,-0.004488976,-0.0032618272,-0.0021834516,-0.0011207934,-0.00017266076,0.00082007353,0.0018285909,0.0028263133,0.0038040646,0.004953096,0.0061853845,0.007599516,0.009300289,0.011309159,0.014644265,0.021296412,0.00082007353,2024-01-25,2024-01-23,0.0012205792486691,-0.0004005057167285205,0.0004005057167285205,1.604048291322259e-07,1,1,0.020927154
r7_all_external,3,3,-0.021739421,-0.013977334,-0.01045934,-0.008220886,-0.006468677,-0.004997807,-0.0036784352,-0.002501984,-0.0013800348,-0.00035565882,0.0007257868,0.0018065854,0.0028886641,0.003940443,0.0051606963,0.0064830747,0.007982896,0.009779893,0.011919075,0.015425201,0.02246712,0.0007257868,2024-01-26,2024-01-23,-0.0059754650354733,0.006701251819205774,0.006701251819205774,4.490677594440869e-05,0,1,0.022378415
r7_all_external,3,4,-0.02254384,-0.0142578995,-0.010437334,-0.0079917135,-0.006095838,-0.004539272,-0.0031144666,-0.001875118,-0.00068269484,0.00042781988,0.0015728303,0.002729026,0.00385076,0.0049638497,0.006190563,0.0075168046,0.009036744,0.01083005,0.012919986,0.016366074,0.023282928,0.0015728303,2024-01-29,2024-01-23,0.0101884130329533,-0.008615582779672601,0.008615582779672601,7.422826663339106e-05,1,1,0.02335732
r7_all_external,3,5,-0.021611484,-0.013949905,-0.010404844,-0.008149092,-0.006390319,-0.004913903,-0.0036003955,-0.0024260804,-0.0012904183,-0.00023126953,0.0008739046,0.00198281,0.00309117,0.004165126,0.0054104226,0.006757544,0.008302529,0.010151031,0.012368324,0.015994653,0.023269078,0.0008739046,2024-01-30,2024-01-23,-0.0066789407276258,0.007552845344663424,0.007552845344663424,5.7045472800403964e-05,0,1,0.022773169
r7_all_external,4,1,-0.014015325,-0.008081874,-0.0052951635,-0.0034742062,-0.002030422,-0.0008196571,0.00023147602,0.001193285,0.0021292928,0.0029494702,0.0038007747,0.0046499213,0.00549261,0.00631077,0.007270332,0.008295565,0.00946265,0.010848003,0.012510417,0.01516211,0.020512173,0.0038007747,2024-01-31,2024-01-30,-0.0197803987310363,0.023581173422662728,0.023581173422662728,0.0005560717399896951,0,0,0.01780558
r7_all_external,4,2,-0.016090108,-0.009977519,-0.0070638987,-0.0051559885,-0.0036472843,-0.0024039387,-0.0012913242,-0.00031213733,0.00066636,0.0015326885,0.0024317838,0.0033437766,0.0042477883,0.005131525,0.0061603356,0.007256697,0.0085070105,0.009987728,0.011701237,0.014458899,0.019757414,0.0024317838,2024-02-01,2024-01-30,0.0117065281406813,-0.009274744315522228,0.009274744315522228,8.602088211831187e-05,1,0,0.018765137
r7_all_external,4,3,-0.01643876,-0.009978881,-0.0069280663,-0.004951362,-0.0034021107,-0.002103909,-0.0009411982,9.202905e-05,0.0010669766,0.0019458596,0.0028577799,0.0037702569,0.004682965,0.0055803536,0.006620062,0.007758254,0.009047026,0.010573818,0.012373772,0.015181619,0.020558579,0.0028577799,2024-02-02,2024-01-30,0.0167594396282977,-0.013901659777114404,0.013901659777114404,0.0001932561445586405,1,0,0.01930184
r7_all_external,4,4,-0.018265534,-0.011750323,-0.008604304,-0.0065432447,-0.004954565,-0.0036465193,-0.0024449737,-0.0014077091,-0.00040540818,0.0005410132,0.001514641,0.0025100035,0.0034725876,0.004449762,0.005525901,0.0066807973,0.008007911,0.009554024,0.011352466,0.014258767,0.019800318,0.001514641,2024-02-05,2024-01-30,-0.0013061926757222,0.0028208336617102803,0.0028208336617102803,7.957102547037829e-06,0,1,0.019956771
r7_all_external,4,5,-0.018355018,-0.01204997,-0.009034028,-0.007064691,-0.005499605,-0.004171649,-0.0029935655,-0.0019207645,-0.00087611226,9.1811016e-05,0.0010922775,0.0020936136,0.0030827476,0.0040441994,0.0051564253,0.0063539017,0.007722545,0.009345349,0.0112761045,0.014330076,0.020236447,0.0010922775,2024-02-06,2024-01-30,-0.0020092537027132,0.003101531169964024,0.003101531169964024,9.619495598258408e-06,0,1,0.020310134
r7_all_external,5,1,-0.022017669,-0.014619484,-0.011025546,-0.008697239,-0.0068429476,-0.0052744807,-0.0038784242,-0.0026010699,-0.0013543905,-0.00021120123,0.0009656964,0.002172286,0.003373157,0.0045223795,0.0058627515,0.00731367,0.008943426,0.010866456,0.013172639,0.016931556,0.024456365,0.0009656964,2024-02-07,2024-02-06,0.0102375547573073,-0.009271858347031304,0.009271858347031304,8.596735720741406e-05,1,1,0.024198186
r7_all_external,5,2,-0.022632586,-0.014919804,-0.01120414,-0.008791567,-0.006881583,-0.005278093,-0.0038230552,-0.0025264097,-0.0012359997,-6.088495e-05,0.001161117,0.0024112163,0.0036468054,0.0048406487,0.0062330193,0.007717717,0.009394682,0.0113767935,0.013679223,0.017484313,0.02494414,0.001161117,2024-02-08,2024-02-06,0.0018503278650485,-0.0006892108747877201,0.0006892108747877201,4.7501162992565444e-07,1,1,0.024883363
r7_all_external,5,3,-0.022925414,-0.015398265,-0.011739378,-0.009332908,-0.007451599,-0.0058497186,-0.004402016,-0.0031012625,-0.0018579474,-0.0006980238,0.00052000646,0.0017410506,0.002954543,0.004135796,0.0055163866,0.007013385,0.008716701,0.010760374,0.013214051,0.017224487,0.025234777,0.00052000646,2024-02-09,2024-02-06,0.0097948712109051,-0.009274864748439129,0.009274864748439129,8.602311610183884e-05,1,1,0.024953429
r7_all_external,5,4,-0.021629868,-0.014010702,-0.010214104,-0.007723456,-0.0057919663,-0.0041977563,-0.0027339694,-0.0014637099,-0.0002463167,0.000880535,0.0020284562,0.0032016565,0.0043507563,0.005490176,0.0067618242,0.008160323,0.00975469,0.011641389,0.013864875,0.017526656,0.024901068,0.0020284562,2024-02-12,2024-02-06,-0.0039202253810345,0.0059486815716354915,0.0059486815716354915,3.53868124407157e-05,0,1,0.02407898
r7_all_external,5,5,-0.020915354,-0.013728493,-0.010163603,-0.007829887,-0.0059998455,-0.004455389,-0.0030697333,-0.0018212654,-0.00060799555,0.00051193486,0.0016735406,0.0028220937,0.003970131,0.0050672926,0.0063431226,0.007737296,0.009313905,0.011210405,0.013488373,0.017181821,0.024586188,0.0016735406,2024-02-13,2024-02-06,-0.0157200014103491,0.01739354197646567,0.01739354197646567,0.0003025353024870733,0,0,0.023651976
r7_all_external,6,1,-0.01958327,-0.012138431,-0.008610107,-0.0063644,-0.0046176277,-0.0031581088,-0.0018749918,-0.0006992584,0.00045139974,0.0014973037,0.0025850679,0.0036827722,0.0047697374,0.0058148704,0.007025591,0.008310923,0.009753566,0.011454408,0.013492031,0.016762802,0.023168933,0.0025850679,2024-02-14,2024-02-13,0.0108383092060217,-0.008253241326613103,0.008253241326613103,6.811599239531441e-05,1,1,0.022102138
r7_all_external,6,2,-0.018829247,-0.01137446,-0.007832274,-0.0055502304,-0.0037727584,-0.0023088846,-0.0009976792,0.00015871043,0.001312596,0.0023543565,0.0034418711,0.0045292326,0.005612628,0.0066607823,0.007865881,0.009156065,0.010610644,0.012321664,0.014316363,0.017549237,0.023700533,0.0034418711,2024-02-15,2024-02-13,0.0029733146952136,0.0004685564486639061,0.0004685564486639061,2.195451455845317e-07,1,1,0.022148637
r7_all_external,6,3,-0.018568305,-0.010890474,-0.0072414894,-0.0048794574,-0.0030508577,-0.0015293512,-0.00017963687,0.0010110453,0.002134968,0.0031693336,0.004243796,0.0053185215,0.0063952166,0.0074345875,0.008630834,0.009951003,0.011424994,0.013190197,0.015276839,0.018600328,0.024991734,0.004243796,2024-02-16,2024-02-13,-0.0091089905818626,0.013352786807499798,0.013352786807499798,0.00017829691552654066,0,0,0.02251833
r7_all_external,6,4,-0.021248527,-0.013663913,-0.010087524,-0.007786434,-0.006021241,-0.0045630895,-0.0032153586,-0.0020340201,-0.000883001,0.00020811276,0.0013436712,0.0024962854,0.0036210138,0.0047422634,0.005985446,0.0073279706,0.008848196,0.010612765,0.012678712,0.015985694,0.022245575,0.0013436712,2024-02-20,2024-02-13,-0.0075767262223666,0.008920397454828529,0.008920397454828529,7.95734907521113e-05,0,1,0.022766236
r7_all_external,6,5,-0.021313561,-0.01390471,-0.010335408,-0.008037654,-0.0062420685,-0.0047230935,-0.003366489,-0.0021398263,-0.0009421768,0.0001845755,0.0013542885,0.0025302027,0.003699256,0.004828792,0.006131802,0.0075413478,0.009128234,0.01099685,0.013209832,0.016679203,0.023339026,0.0013542885,2024-02-21,2024-02-13,-0.0040098848492255,0.005364173391868689,0.005364173391868689,2.8774356178032038e-05,0,1,0.02354524
r7_all_external,7,1,-0.013851169,-0.0069505945,-0.0036718433,-0.0015477608,8.726772e-05,0.0014518724,0.0026199373,0.0036892334,0.0047028475,0.005630277,0.0065979837,0.0075568873,0.008510604,0.009439089,0.010539396,0.011709335,0.013065705,0.014680095,0.016630914,0.019686095,0.025608491,0.0065979837,2024-02-22,2024-02-21,0.0288554292019735,-0.022257445551110328,0.022257445551110328,0.0004953938824606409,1,0,0.020302758
r7_all_external,7,2,-0.01982715,-0.012852171,-0.0095665,-0.007472076,-0.0058575016,-0.00452609,-0.0033317409,-0.0022753137,-0.0012197546,-0.00026026941,0.0007581483,0.0017752805,0.0027886492,0.0037708615,0.0049224803,0.006160881,0.0076030684,0.009320459,0.011352877,0.014648151,0.020554645,0.0007581483,2024-02-23,2024-02-21,-0.0029491160121863,0.0037072643345338516,0.0037072643345338516,1.3743808846106722e-05,0,1,0.020919377
r7_all_external,7,3,-0.01908826,-0.012002325,-0.008652237,-0.006522813,-0.0048861457,-0.0034992977,-0.0022518784,-0.0011249463,-4.058896e-05,0.0009690942,0.002036309,0.0030880284,0.004138052,0.0051431665,0.006293549,0.0075411815,0.008964072,0.010659966,0.012694125,0.015957484,0.02200389,0.002036309,2024-02-26,2024-02-21,-0.0005267371637885,0.002563046266338649,0.002563046266338649,6.569206163392488e-06,0,1,0.021346362
r7_all_external,7,4,-0.018905168,-0.011653975,-0.008178417,-0.005939456,-0.004213047,-0.0027887207,-0.001488264,-0.0003520123,0.00074768567,0.0017794354,0.002846439,0.003910512,0.0049495497,0.00599505,0.0071571353,0.008426299,0.009895553,0.011630156,0.013681895,0.017009629,0.023131894,0.002846439,2024-02-27,2024-02-21,0.002402307425953,0.0004441314774085588,0.0004441314774085588,1.972527692251092e-07,1,1,0.021860313
r7_all_external,7,5,-0.018841578,-0.011381549,-0.007589255,-0.005161624,-0.00331386,-0.0017856285,-0.00047070687,0.0007043105,0.0018260147,0.002875008,0.003946778,0.005040604,0.0061135776,0.0071591223,0.008355336,0.00966379,0.011163656,0.012951839,0.015074759,0.018501163,0.02484428,0.003946778,2024-02-28,2024-02-21,-0.0053386145066858,0.009285392405504054,0.009285392405504054,8.621851212419236e-05,0,1,0.022664014
r7_all_external,8,1,-0.019222744,-0.011724485,-0.008053291,-0.005668853,-0.003819323,-0.0022851229,-0.0009565038,0.0002553585,0.0014248326,0.0024565083,0.0035256771,0.0045862515,0.0056394003,0.006657395,0.007857855,0.009143588,0.0106051685,0.012351129,0.014464666,0.017830908,0.024666548,0.0035256771,2024-02-29,2024-02-28,0.0085328340446164,-0.005007156907539546,0.005007156907539546,2.5071620296720988e-05,1,1,0.022517957
r7_all_external,8,2,-0.020034036,-0.012760286,-0.009237489,-0.0069438987,-0.005142484,-0.0036425574,-0.002292948,-0.0010771628,0.00014390351,0.001240817,0.0023928718,0.0035401203,0.004690957,0.0057947705,0.00706943,0.00842713,0.009958213,0.011764548,0.013856405,0.017288698,0.024157507,0.0023928718,2024-03-01,2024-02-28,0.0149445932169848,-0.012551721445977024,0.012551721445977024,0.00015754571125739956,1,0,0.023093894
r7_all_external,8,3,-0.020914288,-0.013579907,-0.010040594,-0.0077285646,-0.0059240903,-0.004393161,-0.0030143901,-0.0017721871,-0.000582032,0.00051261863,0.0016693845,0.002826226,0.003986849,0.0051092017,0.0064008306,0.0077988897,0.009377864,0.011263718,0.013500127,0.017079305,0.024243867,0.0016693845,2024-03-04,2024-02-28,-0.0035745526098149,0.00524393714894225,0.00524393714894225,2.749887682205657e-05,0,1,0.02354072
r7_all_external,8,4,-0.022279033,-0.015056663,-0.011675552,-0.009444152,-0.007701792,-0.0062401253,-0.0048806453,-0.0036722037,-0.0024949766,-0.0013838125,-0.00022699827,0.0009483518,0.002098968,0.0032631506,0.004561307,0.0059790206,0.007606592,0.009521528,0.011795599,0.015493205,0.0226725,-0.00022699827,2024-03-05,2024-02-28,-0.0181125786910815,0.017885580425947328,0.017885580425947328,0.0003198939871730302,1,0,0.02347115
r7_all_external,8,5,-0.021399794,-0.0143103255,-0.010832307,-0.008557109,-0.006762344,-0.005241791,-0.0038937766,-0.002667084,-0.0014782986,-0.0003628269,0.000790381,0.0019571825,0.0031163332,0.0042407266,0.0055394415,0.006937505,0.008541453,0.010447028,0.01274845,0.016442792,0.023870211,0.000790381,2024-03-06,2024-02-28,0.0062640692089783,-0.005473688219776933,0.005473688219776933,2.9961262727324766e-05,1,1,0.023580756
r7_all_external,9,1,-0.021555662,-0.0134362625,-0.009756261,-0.007432105,-0.005628093,-0.004127897,-0.0028288418,-0.0016580604,-0.00054057327,0.00047263768,0.0015115592,0.0025655387,0.003626007,0.0046522096,0.005857746,0.0071710073,0.00867076,0.010479939,0.012692869,0.016352274,0.023919392,0.0015115592,2024-03-07,2024-03-06,0.0150641053201408,-0.013552546080552123,0.013552546080552123,0.0001836715052654887,1,0,0.022449128
r7_all_external,9,2,-0.022275135,-0.014190345,-0.010541186,-0.008220427,-0.0064126877,-0.004908661,-0.0035615824,-0.0023803134,-0.0012198424,-0.00018047536,0.0008984384,0.001983181,0.0030755666,0.0041406816,0.005399136,0.006775797,0.008365955,0.010289248,0.012577867,0.016392935,0.02397658,0.0008984384,2024-03-08,2024-03-06,-0.0145401973295111,0.015438635718924159,0.015438635718924159,0.00023835147286164088,0,0,0.023119053
r7_all_external,9,3,-0.02269822,-0.014482732,-0.010752564,-0.008376274,-0.0065447926,-0.0050123762,-0.0036515654,-0.0024516094,-0.0013107728,-0.0002628878,0.0008265944,0.0019133072,0.003010247,0.0040766243,0.0053272555,0.006717306,0.008306257,0.010242883,0.012567696,0.016410626,0.024111103,0.0008265944,2024-03-11,2024-03-06,-0.0037196586741538,0.004546253093931193,0.004546253093931193,2.066841719407894e-05,0,1,0.023320261
r7_all_external,9,4,-0.022784118,-0.014350364,-0.010495022,-0.008032583,-0.0061445497,-0.0046055443,-0.0032169013,-0.0020177788,-0.0008732964,0.00017722746,0.0012626522,0.0023623547,0.0034591286,0.0045431126,0.005775942,0.007152379,0.008740168,0.010646623,0.012919836,0.016661666,0.024126723,0.0012626522,2024-03-12,2024-03-06,0.014233305615606,-0.012970653393538882,0.012970653393538882,0.00016823784945532174,1,0,0.023414858
r7_all_external,9,5,-0.02252512,-0.014247125,-0.010408178,-0.007982412,-0.006136359,-0.004596708,-0.0032385602,-0.002029288,-0.00086751883,0.0002101395,0.0013180331,0.002432359,0.003545153,0.0046142144,0.0058601336,0.0072460114,0.008822735,0.010743131,0.013061317,0.01683782,0.024454046,0.0013180331,2024-03-13,2024-03-06,-0.0077157608772787,0.009033793963414683,0.009033793963414683,8.160943337342757e-05,0,1,0.023469495
r7_all_external,10,1,-0.022245305,-0.015043318,-0.011524327,-0.009232905,-0.007426907,-0.0059219985,-0.004606128,-0.0034024399,-0.0022270968,-0.0011596346,-4.6111876e-05,0.0010894383,0.0022296326,0.0033250991,0.0045983815,0.00596712,0.007501917,0.009315575,0.011470945,0.014951165,0.021655217,-4.6111876e-05,2024-03-14,2024-03-13,-0.0025244495915104,0.0024783377153653947,0.0024783377153653947,6.142157831402564e-06,1,1,0.02299527
r7_all_external,10,2,-0.021333002,-0.013953157,-0.010364532,-0.008020322,-0.006174174,-0.0046305773,-0.0032407623,-0.0020011063,-0.0007696884,0.00033945346,0.0014994876,0.0026646643,0.0038207811,0.004931912,0.006209433,0.007555583,0.009070032,0.010846539,0.012903196,0.016255325,0.022680348,0.0014994876,2024-03-15,2024-03-13,-0.0119580167050068,0.013457504257798633,0.013457504257798633,0.00018110442084866835,0,0,0.023267727
r7_all_external,10,3,-0.021216579,-0.013665756,-0.010007518,-0.007631604,-0.005781057,-0.0042255614,-0.002831928,-0.0015915051,-0.00041322177,0.00066931575,0.001800846,0.0029317476,0.004063139,0.0051538507,0.0064179124,0.0077860206,0.009328308,0.011170101,0.013336521,0.016749566,0.023266805,0.001800846,2024-03-18,2024-03-13,0.0094920628039333,-0.007691216844709492,0.007691216844709492,5.915481655234304e-05,1,1,0.02334404
r7_all_external,10,4,-0.021742202,-0.014137548,-0.01043836,-0.008034408,-0.0061849984,-0.0046609044,-0.0032653525,-0.0020473357,-0.0008725085,0.00022206869,0.0013486196,0.0024837595,0.0035940027,0.004703184,0.005932425,0.0072719003,0.00878994,0.0105659105,0.012637025,0.015963545,0.022260021,0.0013486196,2024-03-19,2024-03-13,0.0024884904089846,-0.001139870826853095,0.001139870826853095,1.2993055019107584e-06,1,1,0.023075385
r7_all_external,10,5,-0.020735012,-0.013348103,-0.009638461,-0.0072466945,-0.005395207,-0.0038466472,-0.0024837023,-0.0012549184,-7.23495e-05,0.001029277,0.0021649643,0.0033021546,0.0044244453,0.0055038696,0.006742268,0.008078278,0.009581779,0.011350734,0.013442291,0.016751816,0.023200803,0.0021649643,2024-03-20,2024-03-13,0.0117870052784771,-0.009622040947163133,0.009622040947163133,9.2583671988884e-05,1,1,0.023080751
r7_all_external,11,1,-0.018857138,-0.011960085,-0.008669531,-0.006614114,-0.0050457316,-0.0037545706,-0.0026370205,-0.0016130367,-0.0006101871,0.00030805988,0.0012766949,0.0022734476,0.0032616847,0.004205973,0.005316163,0.006510709,0.007862549,0.009473957,0.0114220865,0.01453044,0.020368995,0.0012766949,2024-03-21,2024-03-20,0.0047209805204958,-0.003444285583817986,0.003444285583817986,1.1863103182896406e-05,1,1,0.020091617
r7_all_external,11,2,-0.019264122,-0.01240315,-0.009170671,-0.0071144006,-0.0055436706,-0.0042505786,-0.0030914187,-0.0020547905,-0.0010240991,-8.36323e-05,0.000929481,0.0019418073,0.0029571427,0.0039442894,0.0050950176,0.0063207042,0.0077416007,0.009438622,0.0114267245,0.014630356,0.020505829,0.000929481,2024-03-22,2024-03-20,0.0011431779553215,-0.00021369695468200184,0.00021369695468200184,4.566638844036155e-08,1,1,0.020597395
r7_all_external,11,3,-0.019545257,-0.012347579,-0.008954769,-0.006822767,-0.005197773,-0.0038296646,-0.0025984508,-0.0014834667,-0.0004168789,0.00056610384,0.0016154558,0.0026567592,0.003703176,0.00470258,0.0058553596,0.0071055903,0.008522337,0.010204505,0.012212556,0.015357224,0.021189775,0.0016154558,2024-03-25,2024-03-20,-0.0036358060284306,0.005251261868213553,0.005251261868213553,2.7575751208553698e-05,0,1,0.021167325
r7_all_external,11,4,-0.01905381,-0.011715014,-0.008196199,-0.005942794,-0.0042345184,-0.0028299685,-0.0015408411,-0.0004012577,0.0007035515,0.0017379781,0.0028184692,0.0038865975,0.004920267,0.0059645236,0.007131316,0.008413646,0.009883535,0.01162235,0.013655077,0.01688228,0.022681864,0.0028184692,2024-03-26,2024-03-20,-0.0032430167689116,0.006061485959881663,0.006061485959881663,3.6741612041842527e-05,0,1,0.021851275
r7_all_external,11,5,-0.015950924,-0.008484783,-0.004851438,-0.0025464455,-0.0008067282,0.0006465326,0.0019001586,0.0030517706,0.0041564438,0.00521232,0.0062737633,0.007351533,0.008403388,0.009416559,0.010584352,0.011855555,0.013308986,0.015041629,0.017088816,0.020322047,0.026396345,0.0062737633,2024-03-27,2024-03-20,0.0034002987641521,0.0028734644901327587,0.0028734644901327587,8.256798176053914e-06,1,1,0.021940254
r7_all_external,12,1,-0.01913736,-0.012924268,-0.00992258,-0.007997503,-0.0065133013,-0.0052791853,-0.0042209425,-0.0032510012,-0.0022954966,-0.0014290875,-0.0005186218,0.00041059864,0.0013538974,0.0022755216,0.003368773,0.0045630424,0.0059262207,0.0075732186,0.009566553,0.012815314,0.018919947,-0.0005186218,2024-03-28,2024-03-27,-0.0018449842882695,0.001326362469641338,0.001326362469641338,1.7592374008730692e-06,1,1,0.019489132
r7_all_external,12,2,-0.018996421,-0.012704342,-0.0096912,-0.007740256,-0.006217654,-0.0049559227,-0.0038233255,-0.002804323,-0.0017909501,-0.0008745351,0.00010328315,0.0010741901,0.0020534534,0.0029987276,0.0041082003,0.0052955314,0.0066817976,0.00834336,0.010317474,0.013506617,0.01937213,0.00010328315,2024-04-01,2024-03-27,0.0021148406068655,-0.0020115574572095916,0.0020115574572095916,4.046363403655517e-06,1,1,0.020008674
r7_all_external,12,3,-0.019186342,-0.012505166,-0.009315672,-0.007278809,-0.005711513,-0.0043896423,-0.0032036477,-0.002132816,-0.0011044224,-0.00015221164,0.0008624915,0.0018751672,0.0028971594,0.0038741243,0.00500552,0.0062251817,0.0076107797,0.009268511,0.011234811,0.014340389,0.020204233,0.0008624915,2024-04-02,2024-03-27,-0.0086677369629234,0.009530228454639755,0.009530228454639755,9.082525439762525e-05,0,1,0.020550482
r7_all_external,12,4,-0.020303981,-0.013554301,-0.010329275,-0.008248322,-0.006653777,-0.0053352444,-0.004125285,-0.003056508,-0.0020196873,-0.0010377015,-7.08882e-06,0.0010306528,0.00204247,0.0030673214,0.0042028353,0.005437198,0.0068691196,0.008551996,0.010554784,0.013772738,0.01962605,-7.08882e-06,2024-04-03,2024-03-27,0.0022419148819517,-0.0022490037019360465,0.0022490037019360465,5.058017651322041e-06,0,1,0.02088406
r7_all_external,12,5,-0.019703498,-0.013227845,-0.010019829,-0.007956913,-0.0063493666,-0.004990201,-0.0037881117,-0.0026900717,-0.0016262315,-0.00061685493,0.0004228634,0.0014779092,0.0025207652,0.003538452,0.004723406,0.0060053905,0.007484098,0.009261953,0.011410694,0.01481872,0.021070546,0.0004228634,2024-04-04,2024-03-27,-0.0154087761451287,0.01583163955125788,0.01583163955125788,0.0002506408108809528,0,0,0.021430522
r7_all_external,13,1,-0.020640485,-0.013360745,-0.0099228555,-0.007718898,-0.005997061,-0.004552592,-0.0032881643,-0.0021299045,-0.0010041706,1.798349e-05,0.0010770205,0.00215357,0.003219036,0.0042421073,0.0054339366,0.0067132916,0.008165985,0.009900421,0.012010544,0.015500963,0.022472275,0.0010770205,2024-04-05,2024-04-04,0.0117149877342529,-0.010637967193419426,0.010637967193419426,0.00011316634600826798,1,1,0.0219334
r7_all_external,13,2,-0.02069694,-0.013521719,-0.010175318,-0.008002748,-0.0062857936,-0.004842164,-0.0035330518,-0.002356269,-0.0011900166,-0.00012766928,0.0009908195,0.0021175903,0.0032454496,0.004331682,0.005595481,0.0069449516,0.008482966,0.010317097,0.012472887,0.01605512,0.023120848,0.0009908195,2024-04-08,2024-04-04,0.0002950999857528,0.0006957195494653793,0.0006957195494653793,4.840256915083103e-07,1,1,0.022648204
r7_all_external,13,3,-0.022024632,-0.014606928,-0.011157012,-0.008942416,-0.0072213514,-0.0057588043,-0.0044304808,-0.00322832,-0.0020747632,-0.001007379,0.00012179586,0.0012483238,0.0023830736,0.0034835918,0.0047714366,0.006167443,0.0077578044,0.009676474,0.011978982,0.015715182,0.02305028,0.00012179586,2024-04-09,2024-04-04,0.0036927005446055,-0.003570904681226707,0.003570904681226707,1.2751360242406811e-05,1,1,0.023135994
r7_all_external,13,4,-0.021669801,-0.014042539,-0.01047562,-0.008167196,-0.006381115,-0.0049055177,-0.0035444843,-0.0023493406,-0.0011940163,-0.00011005628,0.0010207611,0.0021595778,0.003273859,0.004390862,0.0056345584,0.0069896663,0.008539946,0.010375508,0.012557373,0.016154233,0.023204736,0.0010207611,2024-04-10,2024-04-04,-0.0087667266369534,0.00978748772728418,0.00978748772728418,9.579491601173844e-05,0,1,0.023032993
r7_all_external,13,5,-0.020921106,-0.013424961,-0.009777983,-0.0074246502,-0.005608338,-0.004085172,-0.002750012,-0.0015383291,-0.00036871168,0.000726065,0.0018500306,0.002982932,0.0040984876,0.005181237,0.0064242426,0.0077789384,0.0093323495,0.011199508,0.013446356,0.017094579,0.024297513,0.0018500306,2024-04-11,2024-04-04,0.0158419405204379,-0.013991909902649466,0.013991909902649466,0.00019577354272386018,1,0,0.023224339
r7_all_external,14,1,-0.019466262,-0.012224693,-0.008993304,-0.007033834,-0.005572849,-0.0043937056,-0.0033875704,-0.0024690733,-0.0015782963,-0.0007634349,9.0590154e-05,0.00097606005,0.0018676096,0.0027204037,0.0037324487,0.0048247008,0.006071804,0.007567418,0.009392136,0.0123549085,0.018057298,9.0590154e-05,2024-04-12,2024-04-11,-0.0160701797613913,0.016160769915677775,0.016160769915677775,0.00026117048426747586,0,0,0.01838544
r7_all_external,14,2,-0.018824138,-0.011384126,-0.007982933,-0.0058685057,-0.0042693475,-0.0029752196,-0.0018320682,-0.0008253504,0.0001624448,0.0010587348,0.0020016942,0.0029487675,0.0039029599,0.004826662,0.005897481,0.0070393262,0.008344911,0.009909472,0.011732609,0.01469385,0.020359827,0.0020016942,2024-04-15,2024-04-11,-0.0165879204196408,0.01858961459039893,0.01858961459039893,0.0003455737706195727,0,0,0.019715542
r7_all_external,14,3,-0.019282587,-0.011269726,-0.0075983116,-0.0053116144,-0.0035947044,-0.0021864516,-0.0009525693,0.00014372665,0.0011648992,0.0021066559,0.0030981626,0.00408836,0.005103953,0.006087122,0.007214205,0.008463111,0.009868021,0.011558806,0.013576403,0.016778328,0.022798724,0.0030981626,2024-04-16,2024-04-11,9.27860295714043e-05,0.0030053765600233174,0.0030053765600233174,9.032288267537588e-06,1,1,0.021174714
r7_all_external,14,4,-0.021048572,-0.013040086,-0.009318004,-0.00697811,-0.005212216,-0.003767962,-0.0024568576,-0.00130788,-0.00020386369,0.0008312446,0.0019024884,0.0029829598,0.004040871,0.0051000803,0.006274259,0.0075534284,0.009000547,0.010707728,0.012706539,0.015907189,0.021863656,0.0019024884,2024-04-17,2024-04-11,-0.0122763090176749,0.014178797427216448,0.014178797427216448,0.00020103829648203977,0,0,0.022024542
r7_all_external,14,5,-0.02207755,-0.014155049,-0.010468828,-0.008152446,-0.006361852,-0.004856442,-0.0035169935,-0.0022905846,-0.0011059437,1.7161627e-05,0.001178647,0.0023499904,0.0035105727,0.0046159807,0.0058970633,0.0072719487,0.008828616,0.010674015,0.012861962,0.016335892,0.022864483,0.001178647,2024-04-18,2024-04-11,-0.0057226542197993,0.006901301262051423,0.006901301262051423,4.762795910959257e-05,0,1,0.023330789
r7_all_external,15,1,-0.02150424,-0.014414853,-0.010982242,-0.008785314,-0.0071098586,-0.005713236,-0.004487403,-0.0033554505,-0.0022441002,-0.0012355256,-0.0001793592,0.0009022417,0.00197692,0.002995172,0.004190394,0.0054651923,0.006911692,0.008646519,0.010739787,0.014153759,0.020818641,-0.0001793592,2024-04-19,2024-04-18,-0.0209062759032611,0.02072691670867132,0.02072691670867132,0.0004296050762481984,1,0,0.02172203
r7_all_external,15,2,-0.015637863,-0.008543162,-0.005100286,-0.0028264439,-0.001064159,0.00039363862,0.0016970756,0.0028571435,0.0039801,0.0050143767,0.0060853446,0.0071293726,0.008206098,0.009234069,0.010436034,0.011751287,0.013235951,0.015036714,0.01719288,0.020750016,0.027901098,0.0060853446,2024-04-22,2024-04-18,0.0100065289745747,-0.003921184384328022,0.003921184384328022,1.537568697589793e-05,1,1,0.022293165
r7_all_external,15,3,-0.022872875,-0.015358681,-0.011744701,-0.009422135,-0.0076671937,-0.0061862096,-0.004839837,-0.0036154203,-0.0024472713,-0.0013577056,-0.00021341664,0.00092021195,0.002069238,0.0031698996,0.004439322,0.0058078608,0.007344642,0.0091694165,0.011363319,0.014866798,0.02154051,-0.00021341664,2024-04-23,2024-04-18,0.0148124916293676,-0.015025908271877001,0.015025908271877001,0.00022577791939486168,0,0,0.02310802
r7_all_external,15,4,-0.020032305,-0.012613837,-0.008890595,-0.0064224256,-0.0045401338,-0.002975281,-0.0015242521,-0.00023803214,0.0009945078,0.002145641,0.0033345753,0.0045348126,0.0057170866,0.006900228,0.008220435,0.009659372,0.011295044,0.0132010635,0.015463638,0.019121991,0.026191873,0.0033345753,2024-04-24,2024-04-18,0.0033820175275029,-4.744219480169384e-05,4.744219480169384e-05,2.2507618476018665e-09,1,1,0.024354234
r7_all_external,15,5,-0.023426795,-0.016041392,-0.012319189,-0.009889403,-0.008002286,-0.0064051775,-0.004987816,-0.003670833,-0.0023950625,-0.0011957407,3.305587e-05,0.001278409,0.0025262046,0.0037241925,0.0051294053,0.0066341357,0.008360974,0.010404566,0.012867449,0.016758636,0.024211632,3.305587e-05,2024-04-25,2024-04-18,-0.0048415635298979,0.004874619398596184,0.004874619398596184,2.3761914281170224e-05,0,1,0.025186637
r7_all_external,16,1,-0.022984844,-0.014275569,-0.010012294,-0.0073153283,-0.005265069,-0.0035803423,-0.0021242925,-0.00081185217,0.000443381,0.0015799898,0.002752987,0.00393268,0.0050961655,0.0062026363,0.007500428,0.008896454,0.010500736,0.012417636,0.0147462,0.018438766,0.025755761,0.002752987,2024-04-26,2024-04-25,0.0153138191522939,-0.012560832182867626,0.012560832182867626,0.0001577745051261631,1,0,0.024758495
r7_all_external,16,2,-0.024417974,-0.01590118,-0.011762966,-0.00912236,-0.0070874197,-0.0053941216,-0.003866729,-0.0024977964,-0.0011430373,0.00010073581,0.0014016414,0.0027109392,0.0040217107,0.0052716564,0.0067277392,0.00827544,0.010048362,0.012144964,0.014599627,0.018557217,0.026122425,0.0014016414,2024-04-29,2024-04-25,0.0040521896083778,-0.00265054820225893,0.00265054820225893,7.025405772498046e-06,1,1,0.026362594
r7_all_external,16,3,-0.026881691,-0.01816536,-0.013847672,-0.011041815,-0.008905076,-0.007100921,-0.0054752333,-0.004013853,-0.0026277641,-0.001339178,1.1134223e-05,0.0013535272,0.0027028378,0.0039924667,0.0054855365,0.007102851,0.008938799,0.011123823,0.013745253,0.017960725,0.026072942,1.1134223e-05,2024-04-30,2024-04-25,-0.019036275761379,0.019047409984693002,0.019047409984693002,0.0003628038271249827,0,0,0.027592925
r7_all_external,16,4,-0.022985661,-0.01405438,-0.009633286,-0.006710193,-0.0044765566,-0.0026260684,-0.00093873765,0.00052201876,0.001905396,0.0031825437,0.004501937,0.005841011,0.007180603,0.008489242,0.009949228,0.011546569,0.013374628,0.015528518,0.018079165,0.022273036,0.030653983,0.004501937,2024-05-01,2024-04-25,-0.0072567917457458,0.011758728702985905,0.011758728702985905,0.00013826770071042458,0,1,0.027712451
r7_all_external,16,5,-0.026980039,-0.018444406,-0.014147717,-0.011351351,-0.00919993,-0.0073933965,-0.005790041,-0.004343638,-0.0029435304,-0.0016276592,-0.00027129083,0.0011039276,0.0024981955,0.0038344308,0.00538157,0.007047713,0.008928742,0.011154504,0.013832083,0.018125495,0.026524954,-0.00027129083,2024-05-02,2024-04-25,0.0126826158542947,-0.012953906686028195,0.012953906686028195,0.00016780369843032598,0,1,0.027979799
r7_all_external,17,1,-0.017630484,-0.01076072,-0.0073325243,-0.005091234,-0.003363365,-0.0019189026,-0.0006650683,0.00049297325,0.001613923,0.0026366669,0.0036959508,0.0047586365,0.0058220085,0.0068335007,0.008012801,0.009276357,0.010718636,0.012448794,0.014553746,0.017927678,0.024644256,0.0036959508,2024-05-03,2024-05-02,0.0198990764515872,-0.016203125608193397,0.016203125608193397,0.00026254127947489264,1,0,0.02188627
r7_all_external,17,2,-0.02232779,-0.015251681,-0.011718868,-0.009403531,-0.007611124,-0.0061260452,-0.004790554,-0.003587959,-0.00238627,-0.0012829937,-0.00012443578,0.001049057,0.002220825,0.0033602489,0.004675092,0.0060819937,0.0077089737,0.009643711,0.011924524,0.015630066,0.022541268,-0.00012443578,2024-05-06,2024-05-02,0.0108938268725553,-0.011018262657083331,0.011018262657083331,0.00012140211198047703,0,1,0.023643393
r7_all_external,17,3,-0.021990592,-0.014603845,-0.010894502,-0.008457398,-0.0065688696,-0.00496989,-0.0035333026,-0.00222363,-0.0009672026,0.00020836457,0.001455179,0.002716743,0.003982902,0.00520984,0.0066087786,0.0081158355,0.00982974,0.011849853,0.014246485,0.018071957,0.025393382,0.001455179,2024-05-07,2024-05-02,0.0001591035319077,0.0012960754180742278,0.0012960754180742278,1.6798114893362844e-06,1,1,0.025140986
r7_all_external,17,4,-0.025704151,-0.018359466,-0.014796112,-0.012423272,-0.0105757965,-0.0090315435,-0.007615559,-0.006337704,-0.005079468,-0.0038876545,-0.0026212481,-0.001327231,-4.1652354e-05,0.0012516004,0.0026988282,0.004270242,0.0060888194,0.008223723,0.010768304,0.014865501,0.022295425,-0.0026212481,2024-05-08,2024-05-02,-0.0005907326853162,-0.0020305154463017036,0.0020305154463017036,4.122992977669806e-06,1,1,0.025564415
r7_all_external,17,5,-0.024343744,-0.017073208,-0.013388896,-0.010955689,-0.009024383,-0.0073997173,-0.005956734,-0.004632669,-0.0033410059,-0.0021128124,-0.0008274014,0.00048585172,0.0018104966,0.0030953942,0.004565733,0.0061355736,0.0079229465,0.010035092,0.0125661325,0.01661117,0.024311233,-0.0008274014,2024-05-09,2024-05-02,0.0021790466308748,-0.0030064480416630976,0.0030064480416630976,9.038729827219874e-06,0,1,0.025955029
r7_all_external,18,1,-0.019489925,-0.011892423,-0.008150128,-0.0057373825,-0.0038725513,-0.0023213055,-0.0009736054,0.00025488005,0.0014347299,0.0024986763,0.0035899475,0.004672961,0.0057425476,0.0067649963,0.007966679,0.009241341,0.01070579,0.012449461,0.014555449,0.017891165,0.024183486,0.0035899475,2024-05-10,2024-05-09,0.0023555673614074,0.0012343801137130253,0.0012343801137130253,1.5236942651301813e-06,1,1,0.022705577
r7_all_external,18,2,-0.022254843,-0.014890961,-0.011339618,-0.009063462,-0.007300372,-0.005832734,-0.0045097144,-0.003322596,-0.0021449046,-0.0010726086,5.8938283e-05,0.0011812015,0.0023092234,0.0033971604,0.004665574,0.006022992,0.0075954567,0.009464225,0.0116571095,0.015157516,0.021443015,5.8938283e-05,2024-05-13,2024-05-09,0.0023046522064865,-0.002245713923013247,0.002245713923013247,5.0432310240155474e-06,1,1,0.022996727
r7_all_external,18,3,-0.022817526,-0.0151817035,-0.011496053,-0.009133615,-0.0073246597,-0.0058023646,-0.0044232626,-0.003181392,-0.0019842756,-0.0008740811,0.00029570024,0.0014520884,0.0026175734,0.0037341176,0.0050187293,0.006402817,0.007968122,0.00981716,0.01200844,0.015470595,0.021855341,0.00029570024,2024-05-14,2024-05-09,0.0064115164177649,-0.006115816174323512,0.006115816174323512,3.740320747811708e-05,1,1,0.023504492
r7_all_external,18,4,-0.02246096,-0.014613387,-0.010748183,-0.008260191,-0.0063630827,-0.0047953627,-0.003365047,-0.0021105558,-0.00089317857,0.0002529518,0.0014431959,0.002635734,0.0037999284,0.0049598403,0.0062430887,0.0076261978,0.009196847,0.011021539,0.013148366,0.016573489,0.022893615,0.0014431959,2024-05-15,2024-05-09,0.0155095059537017,-0.014066310098456707,0.014066310098456707,0.00019786107978594513,1,0,0.023896549
r7_all_external,18,5,-0.02223331,-0.014768909,-0.011084181,-0.008720412,-0.0068764766,-0.005317637,-0.0039252574,-0.0026546163,-0.0014145251,-0.00023930403,0.00096945,0.0021876348,0.0033786395,0.004525336,0.0058330074,0.007230944,0.008815405,0.01068636,0.012910619,0.016446995,0.023096202,0.00096945,2024-05-16,2024-05-09,-0.0020333278090901,0.0030027777985877618,0.0030027777985877618,9.016674507691566e-06,0,1,0.0239948
r7_all_external,19,1,-0.019322291,-0.01287132,-0.00974681,-0.00771174,-0.0061023887,-0.004744513,-0.0035521,-0.0024571354,-0.0013877682,-0.00041650573,0.00059841,0.0016294078,0.0026598005,0.0036478692,0.004796328,0.0060224216,0.0073965807,0.0090201935,0.0109595405,0.014064439,0.019978091,0.00059841,2024-05-17,2024-05-16,-0.0004870146444328,0.0010854246724657586,0.0010854246724657586,1.1781467195973994e-06,0,1,0.020706352
r7_all_external,19,2,-0.019367373,-0.012807585,-0.009656327,-0.0075976467,-0.00596096,-0.0045857774,-0.0033462567,-0.0022412573,-0.0011504593,-0.0001684475,0.0008660102,0.001905158,0.0029486972,0.0039522233,0.00511395,0.006341434,0.0077253897,0.009360009,0.0112695545,0.014345059,0.020110656,0.0008660102,2024-05-20,2024-05-16,0.0069484749223746,-0.006082464719348365,0.006082464719348365,3.699637706211758e-05,1,1,0.020925881
r7_all_external,19,3,-0.02064867,-0.013875346,-0.010612668,-0.008474401,-0.006797279,-0.0053676404,-0.004077212,-0.0029186504,-0.0018149512,-0.0008014728,0.00026967155,0.0013377236,0.0024150521,0.0034518773,0.0046489527,0.0059314137,0.0073725507,0.00908634,0.011108644,0.014289675,0.02024778,0.00026967155,2024-05-21,2024-05-16,0.0019545843605798,-0.0016849128077652568,0.0016849128077652568,2.8389311697714013e-06,1,1,0.02172131
r7_all_external,19,4,-0.020784788,-0.01409357,-0.010932605,-0.008842128,-0.0071860664,-0.005792193,-0.004489395,-0.0033308107,-0.0022003017,-0.001135104,-2.7932576e-05,0.0010886041,0.0021759858,0.003260951,0.0044690566,0.0057760216,0.0072669797,0.009013836,0.0110604735,0.014338964,0.020353159,-2.7932576e-05,2024-05-22,2024-05-16,-0.0001974148019734,0.00016948222606956708,0.00016948222606956708,2.8724224953495842e-08,1,1,0.021993078
r7_all_external,19,5,-0.01961316,-0.012971149,-0.009695935,-0.007547098,-0.005842669,-0.004390627,-0.003090399,-0.001907985,-0.00076306204,0.00030985096,0.0014169075,0.00252871,0.003621069,0.00466838,0.005871102,0.007159219,0.008626319,0.010360418,0.012424254,0.015677959,0.021863913,0.0014169075,2024-05-23,2024-05-16,-0.0045086411694564,0.005925548698803045,0.005925548698803045,3.511212738188646e-05,0,1,0.022120189
r7_all_external,20,1,-0.017293096,-0.010663733,-0.007502707,-0.0054869796,-0.0039188415,-0.002614622,-0.0014819549,-0.00045189733,0.0005441266,0.0014365544,0.002358157,0.003282507,0.004197082,0.0050733015,0.0060922485,0.0071753697,0.008396433,0.009841239,0.011581949,0.014383073,0.020025773,0.002358157,2024-05-24,2024-05-23,0.0094119212395924,-0.007053764284722772,0.007053764284722772,4.9755590584430556e-05,1,1,0.019084657
r7_all_external,20,2,-0.017882375,-0.011349388,-0.008302826,-0.0063656755,-0.0048606275,-0.003618375,-0.002506037,-0.0015239692,-0.0005563165,0.0003114901,0.0012200235,0.0021229004,0.0030288487,0.0039030164,0.0049325866,0.0060400646,0.0073148087,0.008837372,0.010634142,0.013542994,0.01915508,0.0012200235,2024-05-28,2024-05-23,0.0037706365135123,-0.0025506130211611256,0.0025506130211611256,6.505626783716684e-06,1,1,0.01893697
r7_all_external,20,3,-0.017093103,-0.010407989,-0.007214078,-0.0051584677,-0.0035594911,-0.0022274093,-0.0010473593,-7.724273e-06,0.00097004516,0.00184374,0.0027459683,0.0036351632,0.0045384974,0.0054015676,0.006413,0.0075331116,0.008798778,0.010310158,0.012102048,0.01494864,0.02056287,0.0027459683,2024-05-29,2024-05-23,-0.0070733574482396,0.009819325737912929,0.009819325737912929,9.641915794723929e-05,0,1,0.019316126
r7_all_external,20,4,-0.017847179,-0.011081886,-0.007804587,-0.0056940587,-0.0040731053,-0.0027503558,-0.0015482481,-0.00051226286,0.00047180787,0.0013768503,0.0023066837,0.0032308926,0.0041351793,0.0050325026,0.006037634,0.007135611,0.008386781,0.009852527,0.011571686,0.014365679,0.019925341,0.0023066837,2024-05-30,2024-05-23,-0.0107711564625525,0.013077840150045705,0.013077840150045705,0.00017102990299014748,0,0,0.019376272
r7_all_external,20,5,-0.017670019,-0.011149529,-0.007932566,-0.0058623785,-0.0042640255,-0.0029286547,-0.0017550269,-0.0007066449,0.00029646925,0.0012212526,0.0021674696,0.003115185,0.0040416047,0.004935218,0.00596741,0.00709723,0.008378428,0.009897646,0.011718029,0.014649383,0.020503659,0.0021674696,2024-05-31,2024-05-23,-0.0018619076874313,0.004029377276470983,0.004029377276470983,1.6235881236140717e-05,0,1,0.019650595
r7_all_external,21,1,-0.015076403,-0.008880465,-0.0059034764,-0.0039654025,-0.0024549589,-0.0011854924,-8.464913e-05,0.00092869083,0.0018936179,0.0027696309,0.0036690554,0.0045724795,0.00547342,0.006324963,0.0073280632,0.008399259,0.009632703,0.011116757,0.012937847,0.015877629,0.021685885,0.0036690554,2024-06-03,2024-05-31,0.0053548725513676,-0.0016858171397754742,0.0016858171397754742,2.841979428760761e-06,1,1,0.018841323
r7_all_external,21,2,-0.020476395,-0.013859276,-0.010755218,-0.008760592,-0.00721538,-0.005927901,-0.004769462,-0.003731924,-0.0027117457,-0.0017845444,-0.00080811145,0.0001611113,0.0011336864,0.002074682,0.003179592,0.0043679364,0.005755573,0.007421877,0.0094006015,0.012621396,0.018523969,-0.00080811145,2024-06-04,2024-05-31,0.0027327972037918,-0.0035409086539610357,0.0035409086539610357,1.2538034095696153e-05,0,1,0.02015582
r7_all_external,21,3,-0.019502437,-0.012816939,-0.009621656,-0.0075706593,-0.0059821364,-0.004633544,-0.0034120195,-0.0023062942,-0.0012433666,-0.0002625647,0.0007682176,0.0017914367,0.0028107415,0.0037811233,0.0049011167,0.0061098128,0.0074821403,0.009110865,0.011067661,0.014197889,0.020212997,0.0007682176,2024-06-05,2024-05-31,0.0199593069872059,-0.01919108937980459,0.01919108937980459,0.0003682979115836485,1,0,0.020689316
r7_all_external,21,4,-0.019617336,-0.012651305,-0.009267111,-0.007085576,-0.005405081,-0.004020019,-0.0027590953,-0.0016427133,-0.0005658705,0.00044636676,0.0014960621,0.002544568,0.0035738628,0.004594036,0.0057320166,0.006969022,0.008378307,0.010034056,0.0119770095,0.015124137,0.021078246,0.0014960621,2024-06-06,2024-05-31,-0.0003452879114659,0.0018413500598282982,0.0018413500598282982,3.3905700428296774e-06,0,1,0.02124412
r7_all_external,21,5,-0.018544205,-0.01156843,-0.00801109,-0.0057204766,-0.0039639627,-0.00250549,-0.0012362304,-8.952519e-05,0.0010105813,0.002044352,0.0031090956,0.0041887327,0.005257727,0.0062850327,0.0074549527,0.008717442,0.0101477,0.011834904,0.013831002,0.017023012,0.023195285,0.0031090956,2024-06-07,2024-05-31,-0.0008851905684832,0.003994286186611976,0.003994286186611976,1.5954322140559243e-05,0,1,0.021842092
r7_all_external,22,1,-0.015109579,-0.008691318,-0.005572122,-0.0035461518,-0.0019601597,-0.00064494717,0.00049411424,0.0015267489,0.0025088773,0.0033869115,0.00429436,0.005192223,0.0060883434,0.0069487696,0.007973128,0.009055538,0.010288908,0.011750912,0.0135143725,0.016290791,0.02177175,0.00429436,2024-06-10,2024-06-07,0.0040310251949269,0.0002633348615926085,0.0002633348615926085,6.934524932999829e-08,1,1,0.019086495
r7_all_external,22,2,-0.017389918,-0.010796493,-0.007543704,-0.0054127933,-0.0037469715,-0.002365552,-0.0011270667,-3.509049e-05,0.0010404281,0.0020106742,0.003015574,0.004009568,0.0050074826,0.005965835,0.007072481,0.008256131,0.009574995,0.011135494,0.0129324645,0.015828745,0.021361865,0.003015574,2024-06-11,2024-06-07,0.0068392896749828,-0.0038237156071517604,0.0038237156071517604,1.4620801044375956e-05,1,1,0.020476168
r7_all_external,22,3,-0.017973145,-0.011317817,-0.008066584,-0.0059403963,-0.0042795185,-0.0028725076,-0.0016054666,-0.00047105353,0.00061308977,0.0016106907,0.0026440753,0.0036678608,0.0046964083,0.0056894287,0.0068262503,0.008072068,0.00945347,0.011087525,0.013011579,0.016060738,0.021795068,0.0026440753,2024-06-12,2024-06-07,0.0130127183814316,-0.010368643067848583,0.010368643067848583,0.00010750875906844447,1,0,0.021078164
r7_all_external,22,4,-0.019144356,-0.012282296,-0.008889782,-0.0066647097,-0.004936345,-0.003500436,-0.002186608,-0.0010345079,6.9662055e-05,0.0010970422,0.0021518706,0.0032091155,0.004246251,0.005274933,0.0064167036,0.007654318,0.009047,0.010664625,0.012554753,0.015598989,0.02137326,0.0021518706,2024-06-13,2024-06-07,0.0054055571014231,-0.003253686467016295,0.003253686467016295,1.058647562564498e-05,1,1,0.021444535
r7_all_external,22,5,-0.019637235,-0.012990211,-0.009692981,-0.0075269924,-0.005808632,-0.0043549812,-0.003054459,-0.0018704379,-0.00072183064,0.0003495132,0.0014543165,0.002568468,0.0036673462,0.0047242385,0.005932447,0.0072359284,0.008711752,0.010442507,0.012501924,0.015780956,0.022061452,0.0014543165,2024-06-14,2024-06-07,0.0051678075157375,-0.0037134909704596665,0.0037134909704596665,1.3790015187685475e-05,1,1,0.022194905
r7_all_external,23,1,-0.017986735,-0.011443298,-0.008361664,-0.0064313924,-0.004957331,-0.0037474674,-0.0026918892,-0.0017413604,-0.0007997197,4.9778202e-05,0.0009346071,0.001837408,0.0027305414,0.0035799698,0.0045672925,0.0056224028,0.0068191895,0.008240221,0.009944065,0.01275395,0.01799438,0.0009346071,2024-06-17,2024-06-14,0.0121755571934956,-0.011240950076990096,0.011240950076990096,0.00012635895863338364,1,0,0.018305728
r7_all_external,23,2,-0.012568248,-0.006093161,-0.0030567814,-0.0010933978,0.00042446444,0.001668318,0.0027683978,0.003726338,0.0046551027,0.0054960605,0.006374601,0.0072345175,0.008115566,0.008960271,0.009938328,0.011005864,0.012199387,0.013645126,0.015367784,0.018240824,0.023784768,0.006374601,2024-06-18,2024-06-14,0.0003090351354374,0.006065565673630088,0.006065565673630088,3.679108694111962e-05,1,1,0.018424565
r7_all_external,23,3,-0.020781565,-0.013862837,-0.01058951,-0.0085032545,-0.00693077,-0.005627199,-0.004460881,-0.0034149964,-0.0024221612,-0.001501932,-0.00052535394,0.00043967707,0.0014056016,0.0023415647,0.0034063554,0.004539459,0.005814983,0.007317224,0.009110337,0.01200461,0.017321592,-0.00052535394,2024-06-20,2024-06-14,-0.0077377387138488,0.0072123847717823686,0.0072123847717823686,5.201849409623821e-05,1,1,0.019699847
r7_all_external,23,4,-0.016833447,-0.01006691,-0.006770835,-0.0046106433,-0.0029501694,-0.0015791941,-0.00032057567,0.0007629699,0.0017914951,0.0027364504,0.0036968233,0.004652854,0.005574897,0.0065092803,0.0075333593,0.008642739,0.009914102,0.01140549,0.013174914,0.016116487,0.021679508,0.0036968233,2024-06-21,2024-06-14,-0.0026829141811473,0.006379737440962874,0.006379737440962874,4.070104981562352e-05,0,1,0.019945748
r7_all_external,23,5,-0.019170914,-0.012536949,-0.009295579,-0.007220119,-0.0056138807,-0.004253745,-0.0030460972,-0.0019444574,-0.0008888941,9.657885e-05,0.0011080763,0.0021146396,0.003111146,0.0040656207,0.005168558,0.0063400967,0.0076859817,0.009274332,0.011194214,0.014318544,0.02016495,0.0011080763,2024-06-24,2024-06-14,-0.0114499662770023,0.01255804258399358,0.01255804258399358,0.00015770443354139614,0,0,0.020489793
r7_all_external,24,1,-0.016570807,-0.010647154,-0.0076994617,-0.005809937,-0.0043417765,-0.0031190775,-0.0020391187,-0.0010573844,-9.527989e-05,0.0007772328,0.0016880448,0.002612742,0.003518729,0.0043881675,0.0053978027,0.006470152,0.0076922583,0.009146612,0.010899012,0.0137508055,0.019302933,0.0016880448,2024-06-25,2024-06-24,0.0113707171419311,-0.00968267239086811,0.00968267239086811,9.375414462887956e-05,1,0,0.018598475
r7_all_external,24,2,-0.01644309,-0.010514509,-0.00758815,-0.005677957,-0.004195735,-0.0029633534,-0.0018510484,-0.00085901155,0.00012293452,0.0010181849,0.0019660655,0.0029114918,0.0038544387,0.0047621676,0.005805152,0.006912752,0.008170533,0.009657613,0.011394893,0.014234421,0.019795205,0.0019660655,2024-06-26,2024-06-24,0.002062997015441,-9.693152109736163e-05,9.693152109736163e-05,9.395719782248263e-09,1,1,0.018983044
r7_all_external,24,3,-0.01813939,-0.011973009,-0.008990902,-0.007071591,-0.0055877347,-0.0043264995,-0.0031750975,-0.0021261033,-0.0011139204,-0.00017307745,0.0008293064,0.0018232712,0.002820713,0.003780026,0.0048801186,0.0060616857,0.0073976982,0.008977788,0.010869668,0.013878763,0.01967797,0.0008293064,2024-06-27,2024-06-24,0.0025780422021512,-0.0017487358292441872,0.0017487358292441872,3.0580770004823548e-06,1,1,0.01986057
r7_all_external,24,4,-0.017531341,-0.011216485,-0.00808688,-0.0060399976,-0.0044689043,-0.0031665466,-0.0019669142,-0.00091083045,0.00011533243,0.001079358,0.002086545,0.0030958634,0.004078281,0.0050612255,0.006143507,0.0073080207,0.008630261,0.010188323,0.012021355,0.015007835,0.020803006,0.002086545,2024-06-28,2024-06-24,-0.0052043907849335,0.007290935892819695,0.007290935892819695,5.315774619320652e-05,0,1,0.020108234
r7_all_external,24,5,-0.018757839,-0.012713255,-0.009685563,-0.0077198464,-0.006190857,-0.0048969616,-0.0037471503,-0.0026943805,-0.0016680561,-0.0006940793,0.0003145978,0.0013327334,0.002342798,0.003324611,0.0044655027,0.005689258,0.007090799,0.008767502,0.010772725,0.014000559,0.020272922,0.0003145978,2024-07-01,2024-06-24,0.005847944174195,-0.005533346377080598,0.005533346377080598,3.0617922128750984e-05,1,1,0.020458288
r7_all_external,25,1,-0.019309208,-0.012772636,-0.009772418,-0.007864754,-0.006393994,-0.005186258,-0.004150226,-0.003209546,-0.0023028313,-0.0014787493,-0.00063449447,0.00022331305,0.0010886978,0.0019271196,0.0029233375,0.0040066238,0.0052438723,0.006733017,0.0085325865,0.01145376,0.016919915,-0.00063449447,2024-07-02,2024-07-01,0.0104448486921998,-0.011079343162632201,0.011079343162632201,0.0001227518449153649,0,0,0.018305004
r7_all_external,25,2,-0.01791499,-0.011324566,-0.00823812,-0.0062453877,-0.004681397,-0.003387802,-0.0022278,-0.0011992278,-0.00018066692,0.0007363744,0.0016889048,0.0026412276,0.0035904348,0.0045061335,0.00556433,0.006682394,0.0079596955,0.009475734,0.011246429,0.01414014,0.019638026,0.0016889048,2024-07-03,2024-07-01,0.0083025148628878,-0.006613610035427153,0.006613610035427153,4.373983770070275e-05,1,1,0.01948455
r7_all_external,25,3,-0.01876227,-0.011859306,-0.008686861,-0.0066698855,-0.005110168,-0.0038010462,-0.0026267767,-0.001577547,-0.00057647587,0.00035239855,0.0013265589,0.002298295,0.0032672184,0.004197619,0.0052579707,0.006395369,0.007672203,0.009193664,0.01100207,0.013927418,0.01947404,0.0013265589,2024-07-05,2024-07-01,0.0103729930589949,-0.009046434180349599,0.009046434180349599,8.183797137939751e-05,1,1,0.01968893
r7_all_external,25,4,-0.019661749,-0.0126618035,-0.009382231,-0.007272631,-0.00564582,-0.0043097558,-0.0030879949,-0.002022617,-0.0010014467,-5.436095e-05,0.0009186247,0.0019043335,0.0028650912,0.0038325167,0.0049109966,0.0060885577,0.00744031,0.009041452,0.010933885,0.014010733,0.019678066,0.0009186247,2024-07-08,2024-07-01,0.0023753208108132,-0.0014566961210106728,0.0014566961210106728,2.1219635889675406e-06,1,1,0.020316117
r7_all_external,25,5,-0.019263703,-0.012533923,-0.009309089,-0.0072267754,-0.005597828,-0.004231588,-0.0030166858,-0.0019221904,-0.00087272574,0.00010448304,0.001106086,0.0021106945,0.0031151152,0.004081702,0.0052075824,0.006425908,0.007825936,0.00950579,0.011533288,0.014789,0.02088051,0.001106086,2024-07-09,2024-07-01,0.0008642258651357,0.00024186008909830403,0.00024186008909830403,5.8496302698639565e-08,1,1,0.020842377
r7_all_external,26,1,-0.015869789,-0.0095152,-0.006539208,-0.0046411557,-0.0031641566,-0.0019342343,-0.00086567807,0.000106749474,0.0010442814,0.0018815133,0.0027446542,0.0036131316,0.00447359,0.005296247,0.0062619084,0.0072906883,0.008452818,0.009838619,0.011512774,0.014202613,0.019493341,0.0027446542,2024-07-10,2024-07-09,0.0103725280723069,-0.007627873878786355,0.007627873878786355,5.818445991067119e-05,1,1,0.018051982
r7_all_external,26,2,-0.017103422,-0.0106778685,-0.0076777562,-0.0057576336,-0.004256213,-0.0030108665,-0.001891504,-0.0008952599,9.369163e-05,0.0009802455,0.0019128252,0.0028441332,0.0037762437,0.004676872,0.005723128,0.0068381066,0.008108717,0.009620174,0.011377964,0.014233979,0.01969055,0.0019128252,2024-07-11,2024-07-09,-0.0221741563573891,0.024086981516186306,0.024086981516186306,0.0005801826785611007,0,0,0.01905572
r7_all_external,26,3,-0.01773365,-0.011053045,-0.007944959,-0.005965817,-0.004441375,-0.0031533332,-0.0019960897,-0.00095947017,2.8992887e-05,0.00093933946,0.0018959213,0.0028447262,0.0037939951,0.004708721,0.0057586115,0.006888127,0.008157257,0.009663485,0.0114473235,0.014287523,0.019794285,0.0018959213,2024-07-12,2024-07-09,0.0058576497713022,-0.003961728466480232,0.003961728466480232,1.5695292442119814e-05,1,1,0.019392282
r7_all_external,26,4,-0.018536143,-0.011695151,-0.008448272,-0.0063754795,-0.00478994,-0.003487658,-0.0023015935,-0.0012695754,-0.0002816338,0.0006376482,0.0015870468,0.0025459388,0.0034825122,0.004423744,0.0054693045,0.0066026235,0.007895689,0.0094091315,0.011181668,0.014063784,0.01955785,0.0015870468,2024-07-15,2024-07-09,0.0026841077380502,-0.0010970609620833175,0.0010970609620833175,1.2035427545271741e-06,1,1,0.01962994
r7_all_external,26,5,-0.018019792,-0.011480518,-0.008328209,-0.006304008,-0.0047235163,-0.0033936247,-0.0022134746,-0.0011434518,-0.00011521194,0.000844983,0.0018294565,0.00281805,0.0037941984,0.0047343476,0.0058165938,0.006984545,0.008322576,0.00991609,0.011826341,0.014887421,0.02083507,0.0018294565,2024-07-16,2024-07-09,0.0003829186513691,0.0014465378865928598,0.0014465378865928598,2.0924718573485373e-06,1,1,0.02015455
r7_all_external,27,1,-0.017611884,-0.011091061,-0.0080231875,-0.006099633,-0.0046266736,-0.003403137,-0.0023389389,-0.0013622809,-0.0004095462,0.00045848492,0.0013644127,0.0022863415,0.0032088428,0.0040927446,0.0051335134,0.0062589464,0.007539665,0.009072024,0.010925068,0.013946878,0.019688737,0.0013644127,2024-07-17,2024-07-16,-0.029794370584094,0.03115878330161519,0.03115878330161519,0.0009708697768370136,0,0,0.018948255
r7_all_external,27,2,-0.015775396,-0.009370342,-0.0063254507,-0.0043771733,-0.0028636754,-0.0016126249,-0.0004944439,0.00049570715,0.001468621,0.0023465143,0.003266852,0.004170919,0.005087807,0.0059686853,0.0069971187,0.008102714,0.00936828,0.010879742,0.012659498,0.015597092,0.021289017,0.003266852,2024-07-18,2024-07-16,-0.004743676701299,0.008010528817511249,0.008010528817511249,6.416857193617817e-05,0,1,0.018984947
r7_all_external,27,3,-0.017902292,-0.011241777,-0.0081094485,-0.006122435,-0.004602256,-0.0033235154,-0.0021716354,-0.0011337688,-0.00014465314,0.00077714014,0.0017510273,0.0027177553,0.003696149,0.0046330113,0.0057189343,0.006891836,0.008225532,0.009812813,0.011714382,0.014780311,0.020649232,0.0017510273,2024-07-19,2024-07-16,-0.0089031217281975,0.01065414903101401,0.01065414903101401,0.00011351089157505679,0,0,0.01982383
r7_all_external,27,4,-0.017819753,-0.0110901,-0.007885836,-0.0058070626,-0.004210268,-0.0028880006,-0.0016696972,-0.0006000652,0.0004251321,0.0013854178,0.0023736546,0.0033626328,0.004331639,0.005303453,0.006387249,0.0075759185,0.008934831,0.010547418,0.012445258,0.015528301,0.021391565,0.0023736546,2024-07-22,2024-07-16,0.0147878761272966,-0.012414221499124084,0.012414221499124084,0.0001541128954293146,1,0,0.020331094
r7_all_external,27,5,-0.018552538,-0.011918405,-0.008654082,-0.006552465,-0.0049233916,-0.0035486156,-0.002338133,-0.0012406972,-0.00018388394,0.00080519496,0.0018190276,0.0028327336,0.0038387594,0.0048071165,0.0059305844,0.0071411706,0.008533122,0.010188421,0.012188101,0.01537405,0.021457473,0.0018190276,2024-07-23,2024-07-16,-0.0035310198962501,0.005350047484021516,0.005350047484021516,2.862300808128495e-05,0,1,0.020842183
r7_all_external,28,1,-0.020536093,-0.013870866,-0.01057558,-0.008437226,-0.0067832028,-0.0054130047,-0.004214903,-0.0031211083,-0.0020543323,-0.0010821825,-7.164606e-05,0.0009587517,0.0019914869,0.0029802741,0.0041324818,0.005365781,0.0067609837,0.0084333345,0.010446815,0.013763707,0.020193605,-7.164606e-05,2024-07-24,2024-07-23,-0.0365294029938423,0.03645775693025374,0.03645775693025374,0.0013291680403854649,1,0,0.021022394
r7_all_external,28,2,-0.020808449,-0.013963525,-0.010594577,-0.008385387,-0.0066681,-0.0052435175,-0.0039631817,-0.002816989,-0.0016870914,-0.0006549199,0.00042207667,0.0015141338,0.0026093624,0.0036651818,0.004873678,0.0061517768,0.0076095467,0.009327795,0.011347013,0.01469409,0.021141903,0.00042207667,2024-07-25,2024-07-23,-0.0110889450329933,0.011511021704377575,0.011511021704377575,0.0001325036206786516,0,0,0.02194159
r7_all_external,28,3,-0.021200344,-0.014058065,-0.010594822,-0.00835985,-0.006628725,-0.0051611383,-0.0038361019,-0.002626894,-0.0014771506,-0.00040773174,0.00071305694,0.0018388409,0.002971496,0.0040598465,0.005306464,0.006646899,0.008158495,0.009957995,0.012105507,0.01555212,0.022155007,0.00071305694,2024-07-26,2024-07-23,0.0102037800890201,-0.009490723146106418,0.009490723146106418,9.007382583604011e-05,1,1,0.022700328
r7_all_external,28,4,-0.023409562,-0.016206654,-0.012729958,-0.010475897,-0.008734315,-0.0072808336,-0.0059377467,-0.0047340523,-0.0035540788,-0.0024457355,-0.0012796711,-0.000100070145,0.0010572493,0.002201629,0.0034648185,0.004817444,0.0063743885,0.0081959395,0.010373182,0.013966062,0.020583102,-0.0012796711,2024-07-29,2024-07-23,0.0020067570237607,-0.003286428118141019,0.003286428118141019,1.080060977570792e-05,0,1,0.02310314
r7_all_external,28,5,-0.022437876,-0.015506955,-0.012038543,-0.009793464,-0.008035326,-0.0065550343,-0.0052495115,-0.0040489747,-0.0028858269,-0.0017823201,-0.00064360874,0.00050630537,0.001654885,0.0027646818,0.0040449426,0.005421665,0.006997807,0.0088849645,0.011170811,0.014869471,0.021787135,-0.00064360874,2024-07-30,2024-07-23,-0.0138266339117445,0.013183025169350947,0.013183025169350947,0.00017379215261574058,1,0,0.023209354
r7_all_external,29,1,-0.028232932,-0.019814847,-0.015864033,-0.013270441,-0.011232273,-0.009544571,-0.008087789,-0.00677544,-0.005517587,-0.0043781702,-0.0032182997,-0.0020705983,-0.0009053134,0.00023840717,0.0015882789,0.0030438523,0.0046984493,0.0066847047,0.009085426,0.013037711,0.020670425,-0.0032182997,2024-07-31,2024-07-30,0.0291643139836853,-0.03238261369294576,0.03238261369294576,0.0010486336695865583,0,0,0.02494946
r7_all_external,29,2,-0.022751022,-0.014499534,-0.0105849495,-0.00802711,-0.006019187,-0.0043516867,-0.0028555272,-0.0015180261,-0.00020514731,0.0009933423,0.0022310386,0.0034616725,0.004715262,0.005927739,0.007329588,0.0088452855,0.010567121,0.01261286,0.015025045,0.019039935,0.026866559,0.0022310386,2024-08-01,2024-07-30,-0.0245196482808217,0.02675068692200627,0.02675068692200627,0.0007155992507991972,0,0,0.025609994
r7_all_external,29,3,-0.023300631,-0.01480174,-0.0108663,-0.008319552,-0.0063331057,-0.0046604,-0.00316736,-0.0018268941,-0.00055149384,0.00062951667,0.0018498227,0.0030691158,0.00430841,0.0055142404,0.006913388,0.008459745,0.010213911,0.012344199,0.014895633,0.019070016,0.027167358,0.0018498227,2024-08-02,2024-07-30,-0.0240211757316096,0.025870998431633253,0.025870998431633253,0.0006693085598495702,0,0,0.025761932
r7_all_external,29,4,-0.026067967,-0.017426224,-0.01342202,-0.010826367,-0.008792633,-0.007115071,-0.005569821,-0.004207555,-0.0028805966,-0.0016517233,-0.00037989672,0.0008998998,0.0021657154,0.0034122346,0.0048123547,0.006337794,0.008076668,0.0101294415,0.012560762,0.016575856,0.024231529,-0.00037989672,2024-08-05,2024-07-30,-0.0302695887937359,0.029889692071001926,0.029889692071001926,0.0008933936920993154,1,0,0.025982782
r7_all_external,29,5,-0.025412137,-0.01697943,-0.01300029,-0.010414383,-0.008401159,-0.006726972,-0.005243396,-0.003914547,-0.0026308838,-0.001433581,-0.00020258338,0.0010485899,0.0023096078,0.0035333182,0.0049595954,0.006504071,0.008266293,0.010357516,0.012876923,0.01693647,0.024732701,-0.00020258338,2024-08-06,2024-07-30,0.009509719941637,-0.009712303323543153,0.009712303323543153,9.432883584850737e-05,0,1,0.025877213
r7_all_external,30,1,-0.027864322,-0.010592802,-0.0038245276,0.00026286312,0.003328296,0.0059373006,0.008286565,0.010517515,0.012641321,0.014711084,0.01690687,0.019093057,0.021288285,0.023503875,0.026192078,0.029114885,0.032688115,0.036902823,0.042260446,0.050538965,0.06765095,0.01690687,2024-08-07,2024-08-06,-0.010888897153498,0.027795767682553596,0.027795767682553596,0.0007726047010624909,0,0,0.046084974
r7_all_external,30,2,-0.040623534,-0.022492282,-0.014778396,-0.010212141,-0.006905784,-0.004244839,-0.0018762928,0.00022922433,0.0023102462,0.0042695142,0.006327997,0.008466037,0.0106828455,0.012892631,0.015519993,0.018483903,0.021884019,0.025918126,0.03057841,0.038514435,0.054520965,0.006327997,2024-08-08,2024-08-06,0.0301323640255076,-0.02380436706373516,0.02380436706373516,0.0005666478913050393,1,1,0.045356806
r7_all_external,30,3,-0.04586172,-0.027881147,-0.020154595,-0.01555278,-0.012182338,-0.009426739,-0.0069619995,-0.004794861,-0.0027199734,-0.00076311384,0.0012707813,0.0033413386,0.005443087,0.007565083,0.010098223,0.012987001,0.01631195,0.020351265,0.025134336,0.033257864,0.048845757,0.0012707813,2024-08-09,2024-08-06,0.0052087864695436,-0.003938005198383951,0.003938005198383951,1.5507884942499023e-05,1,1,0.04528893
r7_all_external,30,4,-0.043963745,-0.026918085,-0.019893795,-0.015571181,-0.012255895,-0.009503038,-0.0070079016,-0.0047828667,-0.00261,-0.0005773043,0.0015173745,0.0036385364,0.005791531,0.0079216715,0.010426554,0.013256877,0.01653897,0.020518463,0.025323417,0.033528723,0.049786653,0.0015173745,2024-08-12,2024-08-06,0.0021512723179761,-0.0006338977838162012,0.0006338977838162012,4.0182640032709136e-07,1,1,0.045217212
r7_all_external,30,5,-0.04153998,-0.024474548,-0.01715925,-0.012778381,-0.009474534,-0.0067447443,-0.0043096,-0.0021226543,3.901421e-05,0.002067416,0.0041940287,0.0063874805,0.008642284,0.010831879,0.013398844,0.016265674,0.019538505,0.023476368,0.028169438,0.036137987,0.053263746,0.0041940287,2024-08-13,2024-08-06,0.0245098471011494,-0.020315818425593216,0.020315818425593216,0.0004127324783016728,1,1,0.045328688
r7_all_external,31,1,-0.03461633,-0.020100094,-0.013842638,-0.010048753,-0.007212055,-0.004911689,-0.0029303369,-0.0011470322,0.00056268694,0.0021320158,0.0037686587,0.005435202,0.007116875,0.00879024,0.010769381,0.01294114,0.015481664,0.01855892,0.022376878,0.028738469,0.042483933,0.0037686587,2024-08-14,2024-08-13,0.0003244697833657,0.0034441889477670458,0.0034441889477670458,1.186243750792067e-05,1,1,0.036219515
r7_all_external,31,2,-0.036791656,-0.022646086,-0.016622227,-0.012961371,-0.010169652,-0.007892576,-0.005871211,-0.0040944796,-0.0023617805,-0.00079941534,0.000820723,0.0024449849,0.0040903417,0.005711274,0.007605369,0.009690786,0.01211758,0.015048099,0.01854919,0.024592146,0.037195787,0.000820723,2024-08-15,2024-08-13,0.0249491187089989,-0.02412839569597785,0.02412839569597785,0.0005821794788616823,1,0,0.03517142
r7_all_external,31,3,-0.038684327,-0.024194136,-0.017860351,-0.013961154,-0.011042036,-0.008664304,-0.006583797,-0.004767421,-0.003051743,-0.0014861438,0.0001224589,0.0017210599,0.00334969,0.0049588424,0.0068314127,0.008916357,0.011293826,0.014180935,0.017653251,0.023643885,0.036349233,0.0001224589,2024-08-16,2024-08-13,0.0012850176666923,-0.0011625587598480416,0.0011625587598480416,1.3515428700994167e-06,1,1,0.035513602
r7_all_external,31,4,-0.03768866,-0.023396006,-0.017292945,-0.013499941,-0.010604524,-0.008257986,-0.0061583365,-0.0043304097,-0.002561625,-0.0009383193,0.00074159924,0.0024253926,0.0041114152,0.005784809,0.0077027017,0.009830523,0.0123001775,0.01523179,0.018751128,0.024779836,0.03771717,0.00074159924,2024-08-19,2024-08-13,0.0130504057266293,-0.012308806482563717,0.012308806482563717,0.00015150671702520257,1,1,0.036044072
r7_all_external,31,5,-0.036789604,-0.022709226,-0.01660252,-0.012871095,-0.010039753,-0.007722473,-0.0056789005,-0.0038684055,-0.0021078356,-0.0004772938,0.0011995283,0.0028983774,0.0046012937,0.0062558823,0.008187673,0.010302764,0.012745824,0.015681695,0.019206408,0.025165413,0.038241707,0.0011995283,2024-08-20,2024-08-13,-0.0021008067465434,0.003300335088656299,0.003300335088656299,1.089221169741598e-05,0,1,0.03580893
r7_all_external,32,1,-0.030442687,-0.018460745,-0.013261712,-0.010051962,-0.0076110745,-0.0056279567,-0.003925017,-0.0024187532,-0.0009914193,0.00028225506,0.0015644461,0.0028540068,0.0041858577,0.005509773,0.007099027,0.008848624,0.010892195,0.013380898,0.016483722,0.02197068,0.034101594,0.0015644461,2024-08-21,2024-08-20,0.0046532628493828,-0.003088816711164755,0.003088816711164755,9.540788675170654e-06,1,1,0.029745433
r7_all_external,32,2,-0.030098325,-0.018180355,-0.013025185,-0.009836387,-0.0074030748,-0.0054331617,-0.0036983434,-0.0021951273,-0.0007553552,0.00051932485,0.0018121963,0.003102731,0.0044450206,0.005767384,0.007342693,0.009089533,0.011122046,0.013594332,0.016589563,0.021930052,0.03357242,0.0018121963,2024-08-22,2024-08-20,-0.0159817904917877,0.01779398682847431,0.01779398682847431,0.0003166259672519173,0,0,0.029614748
r7_all_external,32,3,-0.03104878,-0.018750116,-0.013420407,-0.010109341,-0.0076203765,-0.005610914,-0.0038677407,-0.0023667985,-0.0009766218,0.00027020567,0.0015294297,0.0027923728,0.004122925,0.005449667,0.0070357337,0.008845552,0.010945228,0.013521685,0.016662035,0.022189185,0.034003843,0.0015294297,2024-08-23,2024-08-20,0.0107870242118279,-0.009257594521846857,0.009257594521846857,8.570305633092892e-05,1,1,0.030082442
r7_all_external,32,4,-0.03192902,-0.019409308,-0.013968099,-0.010593997,-0.008072591,-0.0060665393,-0.004290294,-0.002773738,-0.0013441934,-5.6904624e-05,0.0012591165,0.0025826115,0.003930863,0.005295397,0.006877117,0.008657676,0.010759628,0.0132952435,0.016415842,0.021961357,0.03386869,0.0012591165,2024-08-26,2024-08-20,-0.0097557605018517,0.01101487695776429,0.01101487695776429,0.00012132751439468669,0,1,0.03038394
r7_all_external,32,5,-0.031805784,-0.019479321,-0.01403498,-0.010722098,-0.008277009,-0.006308253,-0.004594384,-0.0031085042,-0.0017029707,-0.0004253576,0.0008519834,0.0021405758,0.00345917,0.00476025,0.0063106096,0.008054374,0.01009768,0.01260715,0.015789133,0.021428121,0.033534996,0.0008519834,2024-08-27,2024-08-20,0.0029829053211684,-0.0021309219420614315,0.0021309219420614315,4.540828323158863e-06,1,1,0.029824112
r7_all_external,33,1,-0.02404073,-0.015557436,-0.011688946,-0.009313709,-0.007526163,-0.006081802,-0.004843148,-0.0037420308,-0.0026878538,-0.0017255006,-0.0007485588,0.0002468984,0.0012619672,0.0022574007,0.0034445305,0.004750376,0.006262617,0.008104039,0.010393281,0.014297909,0.02212104,-0.0007485588,2024-08-28,2024-08-27,-0.0114123649541218,0.01066380616928676,0.01066380616928676,0.00011371676201611836,1,1,0.022082226
r7_all_external,33,2,-0.022914926,-0.014272364,-0.010290275,-0.007819951,-0.0059428494,-0.0044193217,-0.003072193,-0.0018960793,-0.0007511168,0.0002878808,0.0013526542,0.0024227304,0.0034949677,0.004539604,0.0057571447,0.007070027,0.0085742315,0.0103892125,0.012553899,0.01627565,0.02379703,0.0013526542,2024-08-29,2024-08-27,-0.0014649357143088,0.0028175899022488612,0.0028175899022488612,7.938812857254748e-06,0,1,0.022844173
r7_all_external,33,3,-0.023932634,-0.014902722,-0.010825816,-0.008317769,-0.0064366343,-0.0048889597,-0.0035258075,-0.0023198295,-0.0011802878,-0.00011951523,0.0009796215,0.0020818857,0.0031878916,0.0042669526,0.0055174455,0.0068864347,0.008445657,0.010336857,0.012615489,0.016463425,0.024223525,0.0009796215,2024-08-30,2024-08-27,0.0118489158720935,-0.010869294326681853,0.010869294326681853,0.00011814155916003832,1,1,0.023441304
r7_all_external,33,4,-0.024846911,-0.015671756,-0.011456451,-0.008832821,-0.006864288,-0.005278941,-0.0038529579,-0.0026153098,-0.0014269435,-0.00032998226,0.00079476205,0.0019331978,0.003059879,0.004181004,0.0054442887,0.0068388465,0.008439604,0.010359108,0.012676556,0.01660938,0.02434734,0.00079476205,2024-09-03,2024-08-27,-0.0308312591444439,0.03162602119145158,0.03162602119145158,0.0010002052164021446,0,0,0.024133008
r7_all_external,33,5,-0.025221713,-0.01614426,-0.011902281,-0.009275863,-0.0073102694,-0.005711171,-0.004319958,-0.0030906056,-0.0019139944,-0.0008235922,0.00029652694,0.0014239973,0.0025671474,0.0036730748,0.0049720816,0.0063990913,0.008034574,0.010018377,0.012463647,0.016579509,0.024693169,0.00029652694,2024-09-04,2024-08-27,-0.0026020203528452,0.0028985472905907117,0.0028985472905907117,8.401576395790756e-06,0,1,0.024365928
r7_all_external,34,1,-0.026557095,-0.015969187,-0.0113691585,-0.008598656,-0.006551178,-0.0048709186,-0.0034176332,-0.0020863754,-0.00079802354,0.00038357175,0.0016336874,0.0029066063,0.0041698916,0.0053760586,0.006779113,0.008275634,0.009968317,0.011971584,0.014415239,0.018462038,0.026500477,0.0016336874,2024-09-05,2024-09-04,0.0009332427669125,0.0007004446435911259,0.0007004446435911259,4.906226987354993e-07,1,1,0.025784397
r7_all_external,34,2,-0.025837867,-0.015129126,-0.010487336,-0.0076404884,-0.005503701,-0.0037528228,-0.0021861487,-0.0007777128,0.0006067435,0.0018890287,0.003239917,0.0045914007,0.0059620766,0.007281136,0.00880708,0.010447518,0.012321315,0.0145573625,0.017184466,0.021567034,0.030046426,0.003239917,2024-09-06,2024-09-04,-0.0271525961984591,0.030392513301660252,0.030392513301660252,0.0009237048647915953,0,0,0.027671803
r7_all_external,34,3,-0.02810299,-0.017043326,-0.012244744,-0.009354127,-0.0072194105,-0.005453068,-0.0038690416,-0.0024359294,-0.0010605878,0.00023278635,0.0015935642,0.002951636,0.0043235663,0.0056469897,0.007176712,0.00886507,0.010779117,0.013089067,0.015879503,0.020511728,0.029502714,0.0015935642,2024-09-09,2024-09-04,0.0127777372376423,-0.011184173066298259,0.011184173066298259,0.0001250857271769114,1,1,0.028124247
r7_all_external,34,4,-0.027227782,-0.015707916,-0.010674232,-0.007619788,-0.0053718174,-0.0035641852,-0.0019322208,-0.0004980337,0.0008813151,0.0021632721,0.0035013233,0.0048395274,0.00617926,0.007498809,0.009001418,0.010670274,0.012573621,0.014838781,0.017543428,0.022041034,0.030599935,0.0035013233,2024-09-10,2024-09-04,0.0091992764674486,-0.005697953182867296,0.005697953182867296,3.246667047414755e-05,1,1,0.028217658
r7_all_external,34,5,-0.025424002,-0.014168596,-0.009038019,-0.005950357,-0.0036895915,-0.0018467298,-0.00025054364,0.0011841615,0.0025680405,0.0038698744,0.005182962,0.0065251198,0.007852382,0.009131604,0.010618464,0.012257813,0.014125789,0.016350005,0.019019281,0.023356106,0.032054234,0.005182962,2024-09-11,2024-09-04,0.0214830063013686,-0.0163000443680538,0.0163000443680538,0.00026569144640052237,1,0,0.0280573
r7_all_external,35,1,-0.030022036,-0.01830472,-0.012947385,-0.009605231,-0.007061972,-0.00497993,-0.003178582,-0.0015513549,-5.8257137e-06,0.0014092328,0.0028687515,0.0043463614,0.0058412235,0.0072943536,0.008998814,0.0108378725,0.01295261,0.0154619515,0.018533038,0.02347583,0.03339744,0.0028687515,2024-09-12,2024-09-11,0.0097681635559316,-0.006899412026327403,0.006899412026327403,4.76018863090312e-05,1,1,0.031480424
r7_all_external,35,2,-0.03189562,-0.020167397,-0.014836472,-0.01150476,-0.008931697,-0.0068185315,-0.0049359836,-0.0032772836,-0.0016684501,-0.00021571782,0.0012865816,0.0027793588,0.004295863,0.005763162,0.0074688126,0.009319596,0.011440483,0.013957344,0.016940912,0.02190565,0.031537507,0.0012865816,2024-09-13,2024-09-11,0.0044699288416126,-0.003183347217313312,0.003183347217313312,1.0133699505976406e-05,1,1,0.031777386
r7_all_external,35,3,-0.033192486,-0.021283725,-0.015745439,-0.012256408,-0.009615304,-0.0074271006,-0.0054991823,-0.003794976,-0.002187064,-0.0007058417,0.0008132742,0.0023308336,0.0038636127,0.005344751,0.0070670047,0.008960347,0.011114311,0.013703731,0.016819956,0.021974357,0.032202672,0.0008132742,2024-09-16,2024-09-11,-0.0044277024774063,0.005240976656060255,0.005240976656060255,2.7467836309368535e-05,0,1,0.032565393
r7_all_external,35,4,-0.032785837,-0.021180168,-0.015875094,-0.012474755,-0.009836927,-0.0076546767,-0.005673828,-0.0039314446,-0.0022540232,-0.00071044953,0.00087758503,0.0024546694,0.0040308563,0.005569719,0.0073296977,0.00927446,0.011497831,0.014125004,0.017244324,0.022409156,0.032676775,0.00087758503,2024-09-17,2024-09-11,0.0005281350600621,0.0003494499691674217,0.0003494499691674217,1.2211528095111198e-07,1,1,0.033119418
r7_all_external,35,5,-0.031293705,-0.019864671,-0.014565535,-0.011216481,-0.008632425,-0.006475317,-0.0045534763,-0.0028398666,-0.0011822827,0.00036344465,0.0019449652,0.003544828,0.0051556025,0.0067118183,0.008518782,0.010497458,0.012744164,0.015401627,0.018537486,0.023581725,0.033804934,0.0019449652,2024-09-18,2024-09-11,-0.0043388068103512,0.006283772027613706,0.006283772027613706,3.9485790895020474e-05,0,1,0.03310302
r7_all_external,36,1,-0.019184507,-0.010670803,-0.00695597,-0.004630755,-0.0028584613,-0.0013903134,-0.00012608303,0.0010316744,0.0021433812,0.0031434945,0.004172827,0.005209257,0.0062618055,0.0073004076,0.008532119,0.009864903,0.011416185,0.013305318,0.015649475,0.01960705,0.027925743,0.004172827,2024-09-19,2024-09-18,0.0249697612256658,-0.020796934108520737,0.020796934108520737,0.0004325124683141532,1,0,0.022605445
r7_all_external,36,2,-0.026219035,-0.016789317,-0.012709151,-0.010180435,-0.008258528,-0.0066954927,-0.0053059817,-0.0040735747,-0.0028677196,-0.0017835755,-0.00065731537,0.00045809097,0.001584433,0.0026743736,0.003944042,0.005321495,0.006939203,0.008894489,0.01126566,0.015349293,0.023406867,-0.00065731537,2024-09-20,2024-09-18,-0.0019051132202338,0.0012477978542636652,0.0012477978542636652,1.556999485105007e-06,1,1,0.02397481
r7_all_external,36,3,-0.022973932,-0.013553177,-0.009363122,-0.0067420895,-0.004746392,-0.0030946727,-0.001640651,-0.000347935,0.000865102,0.0019739014,0.0031213458,0.004271676,0.005448353,0.0065895678,0.007912635,0.009391433,0.011099396,0.013204511,0.015796563,0.020229151,0.029261658,0.0031213458,2024-09-23,2024-09-18,0.0026471967615146,0.0004741490080993811,0.0004741490080993811,2.2481728188162695e-07,1,1,0.025159685
r7_all_external,36,4,-0.028106991,-0.018369647,-0.014184261,-0.011556968,-0.00953987,-0.0078723505,-0.0063507413,-0.0050054374,-0.0036953045,-0.0024795579,-0.0012116228,4.740333e-05,0.0012913272,0.0025192925,0.003892471,0.005384517,0.0071220375,0.009205979,0.011759085,0.016136456,0.02476829,-0.0012116228,2024-09-24,2024-09-18,0.0048118793229339,-0.006023502169246721,0.006023502169246721,3.628257838291995e-05,0,1,0.025943346
r7_all_external,36,5,-0.026426801,-0.016900646,-0.012616121,-0.009933981,-0.007881856,-0.0061762664,-0.004666711,-0.003301714,-0.0019822298,-0.00074280566,0.00052876334,0.0018208928,0.0031107026,0.0043566492,0.0057883696,0.00734585,0.009141016,0.011309534,0.013990121,0.018573701,0.027737685,0.00052876334,2024-09-25,2024-09-18,0.000926757325306,-0.0003979939859168844,0.0003979939859168844,1.5839921282600918e-07,1,1,0.026606243
r7_all_external,37,1,-0.019650484,-0.01178244,-0.008150114,-0.0059531624,-0.004308116,-0.0029806495,-0.001842548,-0.0008230527,0.00014980685,0.0010304165,0.0019253731,0.002832029,0.0037436122,0.0046348525,0.0056863986,0.006819568,0.008130892,0.009717077,0.01167505,0.015027646,0.021838175,0.0019253731,2024-09-26,2024-09-25,0.0074849740375311,-0.005559600936855457,0.005559600936855457,3.090916257708408e-05,1,1,0.019825164
r7_all_external,37,2,-0.019242382,-0.011303639,-0.0075887158,-0.005300197,-0.003585239,-0.0022049546,-0.0009941666,5.5486627e-05,0.0010636561,0.0019723033,0.0029056077,0.0038251015,0.0047656354,0.0056858663,0.006764794,0.007951058,0.009315182,0.010978531,0.012974158,0.016406165,0.023322359,0.0029056077,2024-09-27,2024-09-25,-0.0055724098200927,0.008478017509264728,0.008478017509264728,7.187678088739931e-05,0,1,0.020562874
r7_all_external,37,3,-0.020281274,-0.012067237,-0.008333428,-0.0060444814,-0.004332251,-0.0029283487,-0.0016994517,-0.0006187898,0.00039893418,0.0013340384,0.0022955337,0.003252335,0.0042262156,0.0051845014,0.0063079353,0.007565811,0.00900401,0.0107668415,0.012915098,0.016523434,0.023762574,0.0022955337,2024-09-30,2024-09-25,0.0027080673636387,-0.00041253370283943517,0.00041253370283943517,1.701840559784154e-07,1,1,0.021248527
r7_all_external,37,4,-0.02191368,-0.013389061,-0.009389615,-0.0069368635,-0.0051280847,-0.003687094,-0.002404991,-0.0013070776,-0.00026652624,0.0006931127,0.0016770177,0.0026694422,0.0036605266,0.0046509695,0.005780206,0.0070332712,0.008485371,0.010243393,0.012374837,0.015981141,0.023078265,0.0016770177,2024-10-01,2024-09-25,-0.014030414175874,0.0157074318348229,0.0157074318348229,0.00024672341484560786,0,0,0.021764452
r7_all_external,37,5,-0.021933092,-0.013658323,-0.009729507,-0.007312763,-0.00552167,-0.0040649776,-0.0027960497,-0.0016756895,-0.00061210606,0.0003725969,0.0013830578,0.0023939656,0.0033994731,0.00437334,0.005515055,0.0067762895,0.008231413,0.010000248,0.012188557,0.015894856,0.0232518,0.0013830578,2024-10-02,2024-09-25,0.0014119968862908,-2.8939090825807557e-05,2.8939090825807557e-05,8.374709778243391e-10,1,1,0.021918064
r7_all_external,38,1,-0.025471738,-0.01650713,-0.012632735,-0.010248631,-0.008457297,-0.0069966074,-0.005740407,-0.004602704,-0.003506691,-0.0025072286,-0.0014763742,-0.0004363244,0.0006197969,0.0016439031,0.002851701,0.004157204,0.005647755,0.0074397773,0.009630984,0.01330123,0.020623438,-0.0014763742,2024-10-03,2024-10-02,-0.0007471515157409,-0.0007292227062247706,0.0007292227062247706,5.317657552737781e-07,1,1,0.022263719
r7_all_external,38,2,-0.024066247,-0.014901837,-0.010910321,-0.008436641,-0.0065589426,-0.0050298246,-0.0036700966,-0.0024624488,-0.0012895288,-0.00021744426,0.00090267416,0.0020157378,0.0031462065,0.0042402213,0.0055046724,0.0068591833,0.008408311,0.01025851,0.012449022,0.016111359,0.023393415,0.00090267416,2024-10-04,2024-10-02,0.011827792498676,-0.010925118337778268,0.010925118337778268,0.000119358210694459,1,1,0.023359343
r7_all_external,38,3,-0.025477713,-0.015904788,-0.011720639,-0.00913629,-0.007200001,-0.005600798,-0.0041829925,-0.002913918,-0.0017138952,-0.00060387177,0.00055892626,0.0017155427,0.0028838648,0.0040070657,0.005290174,0.006684255,0.008250753,0.01010916,0.012345064,0.016032865,0.023460124,0.00055892626,2024-10-07,2024-10-02,-0.0107694552724787,0.01132838153071487,0.01132838153071487,0.00012833222810544178,0,1,0.024065703
r7_all_external,38,4,-0.025949258,-0.016212294,-0.011883529,-0.009184516,-0.0071537346,-0.005505152,-0.004018372,-0.002710419,-0.0014637338,-0.00030754635,0.0008870847,0.0020781728,0.003253831,0.0044156583,0.0057174265,0.007124873,0.008725961,0.010601072,0.012829937,0.016539434,0.023850763,0.0008870847,2024-10-08,2024-10-02,0.0148242932004164,-0.013937208506302817,0.013937208506302817,0.0001942457809481596,1,0,0.024713466
r7_all_external,38,5,-0.026400987,-0.016773568,-0.0124293575,-0.009739082,-0.0077030426,-0.0060306024,-0.0045638615,-0.0032408282,-0.0019743028,-0.0007841566,0.0004355664,0.0016688411,0.0028974959,0.004084848,0.0054589584,0.006937992,0.008616826,0.010599613,0.012986411,0.016859256,0.024556825,0.0004355664,2024-10-09,2024-10-02,0.0078375309487488,-0.007401964535532508,0.007401964535532508,5.478907898528097e-05,1,1,0.025415769
r7_all_external,39,1,-0.021932516,-0.012624319,-0.008551964,-0.0060463278,-0.0041703414,-0.002634001,-0.0012954836,-8.167722e-05,0.0010845676,0.0021468159,0.0032415944,0.0043487367,0.0054556374,0.006510601,0.007729245,0.009022802,0.010499115,0.012241374,0.014363664,0.017894277,0.025285276,0.0032415944,2024-10-10,2024-10-09,-0.0011361303118323,0.004377724726990334,0.004377724726990334,1.916447378530259e-05,0,1,0.022915628
r7_all_external,39,2,-0.026351834,-0.016528042,-0.012363306,-0.009826298,-0.007901769,-0.006330655,-0.0049232068,-0.0036670212,-0.0024395282,-0.0013158991,-0.0001460528,0.0010284352,0.0022076443,0.0033504227,0.004676827,0.0060973135,0.007756987,0.009738135,0.012108014,0.01610529,0.023781821,-0.0001460528,2024-10-11,2024-10-09,0.001561909034448,-0.0017079618345669232,0.0017079618345669232,2.9171336283372097e-06,0,1,0.02447132
r7_all_external,39,3,-0.026257692,-0.016286565,-0.011980152,-0.009354751,-0.007401038,-0.005776619,-0.0043170154,-0.0030020317,-0.0017538617,-0.00059421896,0.00060880353,0.00180796,0.0030076688,0.004167622,0.00550212,0.0069491207,0.008591294,0.010539806,0.01290041,0.016800398,0.024570504,0.00060880353,2024-10-14,2024-10-09,0.0083563491624497,-0.007747545632691694,0.007747545632691694,6.002446333064014e-05,1,1,0.024880562
r7_all_external,39,4,-0.025456857,-0.015222761,-0.010644245,-0.007811173,-0.0057022707,-0.003982512,-0.0024365997,-0.0010827585,0.00021888636,0.0014220088,0.0026683682,0.0039186883,0.0051641217,0.006393807,0.007777095,0.0092791505,0.011006325,0.013034326,0.015447306,0.019512549,0.027652241,0.0026683682,2024-10-15,2024-10-09,-0.0134569946556891,0.01612536282013903,0.01612536282013903,0.0002600273260811222,0,0,0.026091551
r7_all_external,39,5,-0.025770383,-0.015876824,-0.011429947,-0.008681932,-0.006579701,-0.004819113,-0.0032545216,-0.0018310338,-0.00045340625,0.00083931506,0.0021656228,0.0034943772,0.004813007,0.0060833264,0.007534638,0.0091073215,0.010888566,0.012991476,0.015521006,0.019706193,0.028166411,0.0021656228,2024-10-16,2024-10-09,0.0001222665331015,0.002043356243272721,0.002043356243272721,4.175304736921607e-06,1,1,0.026950952
r7_all_external,40,1,-0.022179889,-0.014629133,-0.011362488,-0.0093828635,-0.007901924,-0.006704574,-0.005689686,-0.0047703036,-0.0038945726,-0.0030973577,-0.0022849278,-0.0014698858,-0.00064652914,0.00014653802,0.0010902891,0.002113102,0.0032870662,0.004712987,0.006450927,0.009320396,0.014982463,-0.0022849278,2024-10-17,2024-10-16,0.0006923525051118,-0.0029772802644313437,0.0029772802644313437,8.864197772972372e-06,0,1,0.017813414
r7_all_external,40,2,-0.020913405,-0.013262812,-0.0098801665,-0.007796115,-0.0062211948,-0.004943354,-0.0038206363,-0.0028297207,-0.0018792743,-0.0010215059,-0.00012330792,0.0007647568,0.0016630336,0.00253048,0.0035487246,0.0046333172,0.005902818,0.007432583,0.009269351,0.0123211555,0.018284896,-0.00012330792,2024-10-18,2024-10-16,0.0065333420562323,-0.006656649980018642,0.006656649980018642,4.431098895648219e-05,0,1,0.019149518
r7_all_external,40,3,-0.022892587,-0.014505142,-0.010833464,-0.008601845,-0.006949933,-0.005588641,-0.0043943203,-0.0033236137,-0.0023191585,-0.0013930766,-0.00041445473,0.00055414834,0.0015377017,0.0024809847,0.0035630711,0.0047355834,0.006067712,0.0076568886,0.009575941,0.012688998,0.018727498,-0.00041445473,2024-10-21,2024-10-16,0.0019194174349852,-0.002333872162418822,0.002333872162418822,5.446959270513509e-06,0,1,0.020409405
r7_all_external,40,4,-0.023081962,-0.014321904,-0.010376625,-0.007962868,-0.006158618,-0.004705524,-0.0033957325,-0.0022495459,-0.0011514969,-0.0001342966,0.00092656515,0.001981613,0.003015854,0.004044739,0.0051903576,0.006435321,0.007857216,0.009535641,0.01152189,0.014773796,0.02101389,0.00092656515,2024-10-22,2024-10-16,0.0010894103333772,-0.00016284518730350105,0.00016284518730350105,2.651855502791234e-08,1,1,0.021898516
r7_all_external,40,5,-0.022208804,-0.013711816,-0.009784605,-0.0073758583,-0.0055649704,-0.0040680813,-0.0027686325,-0.0015913049,-0.00046239165,0.00060271507,0.0016939444,0.0027980208,0.0038905474,0.0049311365,0.0061263917,0.0074052336,0.0088592125,0.010588051,0.012663079,0.016047228,0.022694059,0.0016939444,2024-10-23,2024-10-16,-0.0154425967025768,0.017136541149319333,0.017136541149319333,0.00029366104256231475,0,0,0.022447685
r7_all_external,41,1,-0.022826925,-0.0136302635,-0.009454576,-0.0068370462,-0.0048483047,-0.0032272823,-0.0018202625,-0.00055663346,0.00064880046,0.0017422943,0.0028616535,0.0039820345,0.00511016,0.0062064277,0.0075038867,0.008882476,0.010474071,0.012387399,0.014737099,0.018633837,0.026521627,0.0028616535,2024-10-24,2024-10-23,0.0080761984099533,-0.0052145449553515355,0.0052145449553515355,2.7191479091382147e-05,1,1,0.024191676
r7_all_external,41,2,-0.0238263,-0.0147640705,-0.010703247,-0.008144069,-0.0061637517,-0.0045298375,-0.0030595101,-0.0017542378,-0.0004629396,0.00071840355,0.0019375253,0.0031641603,0.0044050943,0.0056120697,0.00701843,0.008553013,0.010301888,0.012399098,0.014876762,0.019052245,0.027228177,0.0019375253,2024-10-25,2024-10-23,0.0060752024991495,-0.00413767715227431,0.00413767715227431,1.7120372216452842e-05,1,1,0.02558001
r7_all_external,41,3,-0.02439103,-0.015350858,-0.011230579,-0.008608293,-0.0066000996,-0.0049110656,-0.0034019803,-0.00205478,-0.0007699095,0.0004208099,0.0016536864,0.002886744,0.0041314606,0.005348892,0.0067688464,0.008339422,0.0101092495,0.012236731,0.014794851,0.019029988,0.027419616,0.0016536864,2024-10-28,2024-10-23,0.0001614440574514,0.001492242341188875,0.001492242341188875,2.226787204836855e-06,1,1,0.02602543
r7_all_external,41,4,-0.0253643,-0.01632754,-0.012239151,-0.009603769,-0.007547662,-0.0058353497,-0.004264988,-0.0028735367,-0.0015190733,-0.00026092667,0.0010473432,0.002363145,0.0036645744,0.0049420833,0.006385757,0.007968338,0.009777743,0.011916617,0.014487093,0.018819693,0.027357403,0.0010473432,2024-10-29,2024-10-23,0.0095625422878311,-0.00851519903932968,0.00851519903932968,7.250861467940109e-05,1,1,0.026726244
r7_all_external,41,5,-0.024548613,-0.015513642,-0.011350103,-0.00870329,-0.006637354,-0.0049116802,-0.0033680545,-0.0019715782,-0.0006029557,0.00067659776,0.001993166,0.0033299262,0.004663925,0.00594764,0.0074271103,0.009045424,0.010874083,0.01305492,0.015663208,0.019982949,0.028667059,0.001993166,2024-10-30,2024-10-23,-0.0075862980500124,0.009579464099954773,0.009579464099954773,9.17661324423223e-05,0,1,0.027013311
r7_all_external,42,1,-0.022607312,-0.014163838,-0.010057695,-0.007492787,-0.005563083,-0.0039802985,-0.0026075009,-0.0013774354,-0.0002019807,0.00085801596,0.0019383073,0.0030276487,0.004134521,0.0052152285,0.0064971987,0.00788256,0.009478832,0.011389042,0.013716625,0.017580058,0.025232986,0.0019383073,2024-10-31,2024-10-30,-0.0255667698496819,0.027505077158273803,0.027505077158273803,0.0007565292694825953,0,0,0.02377432
r7_all_external,42,2,-0.023438608,-0.014908321,-0.0107606575,-0.008168498,-0.006209912,-0.0046141474,-0.0032022994,-0.0019621672,-0.00075747,0.00032902142,0.0014418592,0.0025615823,0.0037071386,0.0048196027,0.006136803,0.007569219,0.009214525,0.011188098,0.013521479,0.017461708,0.025122402,0.0014418592,2024-11-01,2024-10-30,0.0073716168159564,-0.0059297576414366225,0.0059297576414366225,3.516202568617602e-05,1,1,0.024282137
r7_all_external,42,3,-0.023775429,-0.015384834,-0.011262854,-0.008671875,-0.006732451,-0.0051261717,-0.0037052326,-0.0024527512,-0.0012719929,-0.00019246584,0.00091249944,0.0020128721,0.0031390944,0.0042414065,0.0055424636,0.0069744876,0.008616032,0.010610314,0.013024462,0.017101582,0.0252055,0.00091249944,2024-11-04,2024-10-30,-0.0029174050699765,0.0038299045094134423,0.0038299045094134423,1.466816855122542e-05,0,1,0.024287317
r7_all_external,42,4,-0.022922626,-0.014752883,-0.010782727,-0.008273123,-0.0063627614,-0.004791254,-0.003364838,-0.002125872,-0.00093993684,0.00015373377,0.0012676207,0.002395058,0.003526601,0.0046568625,0.0059445556,0.007366213,0.009006577,0.010953592,0.013295437,0.017259093,0.025017548,0.0012676207,2024-11-05,2024-10-30,0.0126762782206442,-0.01140865750905683,0.01140865750905683,0.0001301574661589588,1,1,0.024078164
r7_all_external,42,5,-0.022222742,-0.014243075,-0.010314715,-0.007847669,-0.0059678378,-0.004416857,-0.003050713,-0.0018400445,-0.00067671854,0.00039438467,0.0014825056,0.0025826397,0.0037030147,0.004798617,0.006083754,0.007504192,0.009130272,0.01108677,0.013470569,0.017420478,0.025222022,0.0014825056,2024-11-06,2024-10-30,0.0268007970537103,-0.02531829146957465,0.02531829146957465,0.0006410158829383365,1,0,0.023785284
r7_all_external,43,1,-0.02585189,-0.016575743,-0.012238328,-0.009502397,-0.007409809,-0.0056872265,-0.004191611,-0.0028247356,-0.0015034387,-0.00028016942,0.0009877294,0.0022783661,0.0035864504,0.0048581352,0.0063416455,0.007936945,0.009746469,0.011884384,0.01445797,0.018692613,0.027067877,0.0009877294,2024-11-07,2024-11-06,0.0156215202930996,-0.014633790886183995,0.014633790886183995,0.00021414783570056174,1,0,0.026696298
r7_all_external,43,2,-0.02330291,-0.014394987,-0.010212831,-0.0075684944,-0.0055379774,-0.0038653205,-0.0023699373,-0.0010354856,0.00027626334,0.0014907506,0.002757019,0.004033543,0.005335748,0.0066137835,0.008089285,0.009671381,0.011470399,0.013588421,0.01606412,0.020197801,0.028310047,0.002757019,2024-11-08,2024-11-06,0.0011677931609067,0.0015892257367757284,0.0015892257367757284,2.525638442430357e-06,1,1,0.026276952
r7_all_external,43,3,-0.023733495,-0.014772016,-0.010615603,-0.008004714,-0.0060272533,-0.0043900544,-0.0029252649,-0.0016049221,-0.00034405163,0.00083891896,0.002068203,0.0033029066,0.004556447,0.005785954,0.0072095776,0.008777336,0.010547318,0.012646363,0.015146021,0.019263744,0.027437061,0.002068203,2024-11-11,2024-11-06,-0.0005836062531648,0.002651809195774587,0.002651809195774587,7.032092010794661e-06,0,1,0.025761623
r7_all_external,43,4,-0.023841018,-0.014878628,-0.010562394,-0.00781253,-0.0057321703,-0.004035525,-0.002503507,-0.001160162,0.00013500266,0.0013391876,0.0025780494,0.0038311859,0.005093869,0.006348191,0.007780251,0.009363442,0.011180595,0.013320199,0.015828472,0.019972626,0.028054053,0.0025780494,2024-11-12,2024-11-06,-0.0018116410991537,0.004389690531639996,0.004389690531639996,1.926938296356983e-05,0,1,0.026390865
r7_all_external,43,5,-0.02319129,-0.014647094,-0.0105157755,-0.007876692,-0.005845515,-0.0041490663,-0.0026459512,-0.0012945083,1.7100363e-05,0.0012453183,0.0025110901,0.003786752,0.0050706994,0.0063186437,0.007775305,0.0093649365,0.011181303,0.013324135,0.015881924,0.020037908,0.028282229,0.0025110901,2024-11-13,2024-11-06,-0.0012875739376203,0.003798664070959467,0.003798664070959467,1.4429848723998349e-05,0,1,0.0263977
r7_all_external,44,1,-0.020453664,-0.012344686,-0.00852135,-0.0060919127,-0.004228208,-0.0026913215,-0.0013631805,-0.00016203453,0.0009891391,0.0020162812,0.003070437,0.0041246824,0.0051868404,0.006215707,0.007440305,0.008763564,0.0102955485,0.012144528,0.014403859,0.018056218,0.02536627,0.003070437,2024-11-14,2024-11-13,-0.006973895626482,0.010044332510199774,0.010044332510199774,0.0001008886155754561,0,1,0.02292521
r7_all_external,44,2,-0.020708147,-0.013115433,-0.009563643,-0.007285584,-0.005523606,-0.0040560043,-0.0027406448,-0.0015670211,-0.00041879504,0.0006191489,0.0016958168,0.0027632564,0.003851505,0.0048999456,0.006136919,0.007480867,0.009023797,0.010877941,0.0130741,0.01671461,0.023871876,0.0016958168,2024-11-15,2024-11-13,-0.0241144133712629,0.025810230125626377,0.025810230125626377,0.0006661679791377914,0,0,0.022637744
r7_all_external,44,3,-0.02143579,-0.013462302,-0.009785186,-0.0074521587,-0.005670747,-0.0041754986,-0.0028450359,-0.0016457493,-0.00050779025,0.00054520724,0.0016356382,0.0027218421,0.0038283733,0.0048988485,0.006144599,0.007510491,0.00906301,0.010912654,0.013127637,0.016734838,0.023945494,0.0016356382,2024-11-18,2024-11-13,0.0069235426903708,-0.00528790450831932,0.00528790450831932,2.796193408910379e-05,1,1,0.022912823
r7_all_external,44,4,-0.022738323,-0.014483362,-0.010643338,-0.008195353,-0.006340817,-0.0048170057,-0.0034345053,-0.0022280528,-0.001063825,1.8594903e-05,0.0011351359,0.0022612284,0.0033849021,0.004488576,0.005738551,0.007103345,0.008673505,0.010527876,0.012731985,0.016389657,0.023698242,0.0011351359,2024-11-19,2024-11-13,0.0068562415831182,-0.0057211056987214685,0.0057211056987214685,3.273105041594326e-05,1,1,0.023375323
r7_all_external,44,5,-0.022721928,-0.014794353,-0.011031685,-0.008627903,-0.006812529,-0.005312092,-0.0039979657,-0.0028285966,-0.0017074378,-0.0006592298,0.0004176722,0.0015141045,0.0026249767,0.0037037665,0.0049711526,0.0063645886,0.007967965,0.009896205,0.012254701,0.016143722,0.023992606,0.0004176722,2024-11-20,2024-11-13,-0.000576160887249,0.0009938331013472747,0.0009938331013472747,9.877042333335424e-07,0,1,0.023286387
r7_all_external,45,1,-0.023519635,-0.014236953,-0.010233558,-0.007772267,-0.0059063146,-0.004382056,-0.0030577942,-0.0018708862,-0.000733464,0.0002971749,0.0013438691,0.0024062693,0.003489636,0.0045454428,0.0057907873,0.0071367305,0.008678291,0.010531586,0.012804301,0.016673045,0.024518523,0.0013438691,2024-11-21,2024-11-20,0.0035907995257502,-0.0022469303872411648,0.0022469303872411648,5.048696165107731e-06,1,1,0.023037858
r7_all_external,45,2,-0.022747265,-0.013367125,-0.0092863655,-0.006760806,-0.0048388494,-0.0032745167,-0.0018836602,-0.00066512276,0.00052204035,0.0015917454,0.0026830712,0.0037842437,0.004910862,0.006013916,0.0073069185,0.008721339,0.010330739,0.012277913,0.014594786,0.01860771,0.026699508,0.0026830712,2024-11-22,2024-11-20,0.0016026458841688,0.0010804253025972284,0.0010804253025972284,1.1673188344923127e-06,1,1,0.023881152
r7_all_external,45,3,-0.023494283,-0.013865587,-0.009740508,-0.0071924115,-0.0052614883,-0.0036661876,-0.002259171,-0.0010210357,0.00014091434,0.0012046783,0.002295768,0.0033965744,0.004525709,0.005637788,0.0069428105,0.008397218,0.010061991,0.012096177,0.014556708,0.018762905,0.0271944,0.002295768,2024-11-25,2024-11-20,0.0015804473419747,0.0007153205464520806,0.0007153205464520806,5.116834841765032e-07,1,1,0.024297215
r7_all_external,45,4,-0.026346225,-0.016618563,-0.012497578,-0.009943319,-0.008005552,-0.006428343,-0.0050086803,-0.0037689218,-0.0025800099,-0.0015012629,-0.00039369508,0.0007241986,0.0018503771,0.0029806283,0.0042783516,0.0057253647,0.0074099954,0.00943708,0.0119169215,0.016191151,0.024486722,-0.00039369508,2024-11-26,2024-11-20,0.0053548774606623,-0.005748572542246456,0.005748572542246456,3.3046086273469876e-05,0,1,0.024414498
r7_all_external,45,5,-0.025991054,-0.01620625,-0.0118876,-0.009265311,-0.0073085027,-0.005718778,-0.0043241265,-0.0030924664,-0.0019169224,-0.00083276955,0.00027416763,0.0013964749,0.0025427118,0.003661786,0.0049725124,0.006419387,0.008070561,0.010077203,0.012570556,0.016834298,0.02533508,0.00027416763,2024-11-27,2024-11-20,-0.0079045753583149,0.008178742987273722,0.008178742987273722,6.689183685187909e-05,0,1,0.024458155
r7_all_external,46,1,-0.022619404,-0.014562339,-0.010937991,-0.008681684,-0.006971606,-0.005584915,-0.004412639,-0.0033663756,-0.0023742297,-0.0014824232,-0.0005758556,0.000335838,0.0012697622,0.0021878243,0.0032908462,0.004505262,0.0059227515,0.0076719383,0.009850467,0.013637404,0.021145195,-0.0005758556,2024-11-29,2024-11-27,0.0087484624416391,-0.009324318048805987,0.009324318048805987,8.694290707528909e-05,0,1,0.020788457
r7_all_external,46,2,-0.021410119,-0.013195122,-0.009531024,-0.007241452,-0.0054958006,-0.00406472,-0.0027987205,-0.0016816312,-0.00060129224,0.00036929362,0.0013733021,0.0023695165,0.0033798937,0.0043585664,0.005506142,0.0067512607,0.008195414,0.009945434,0.012060531,0.015748134,0.023078796,0.0013733021,2024-12-02,2024-11-27,0.0108289466149276,-0.009455644539847026,0.009455644539847026,8.940921366393887e-05,1,1,0.021591555
r7_all_external,46,3,-0.022553574,-0.013922359,-0.01012581,-0.0077958573,-0.0060484223,-0.004603198,-0.003327374,-0.0021924246,-0.0011192607,-0.00012987014,0.0009004638,0.0019215901,0.0029587545,0.0039648954,0.005145422,0.006447533,0.007939169,0.009759512,0.011983613,0.015735347,0.02317358,0.0009004638,2024-12-03,2024-11-27,0.0030614775243059,-0.002161013741123696,0.002161013741123696,4.669980389325433e-06,1,1,0.022109423
r7_all_external,46,4,-0.023299515,-0.014268428,-0.010256367,-0.007780331,-0.0059341155,-0.0044482984,-0.0031131434,-0.0019579437,-0.00085606263,0.00015719596,0.001204752,0.0022509815,0.003291894,0.004328414,0.005501548,0.0068014897,0.008306794,0.010118065,0.012323231,0.016087787,0.023343628,0.001204752,2024-12-04,2024-11-27,0.0122872249071843,-0.011082472893165704,0.011082472893165704,0.00012282120542775262,1,1,0.0225796
r7_all_external,46,5,-0.022298856,-0.0137340585,-0.009830669,-0.0074143074,-0.005600281,-0.0041115163,-0.0028132496,-0.0016511276,-0.000534315,0.0005094323,0.0015740232,0.0026504293,0.003727011,0.0047686445,0.0059802197,0.0073129097,0.008847161,0.010709219,0.013011349,0.016909579,0.024492683,0.0015740232,2024-12-05,2024-11-27,-0.0027747847993229,0.00434880796040636,0.00434880796040636,1.8912130676493726e-05,0,1,0.022842018
r7_all_external,47,1,-0.020912746,-0.012850906,-0.009167857,-0.0068738004,-0.0051280484,-0.0036973932,-0.0024530427,-0.0013459048,-0.00029234542,0.0006605934,0.0016171245,0.0025863957,0.0035717343,0.0045296224,0.005659151,0.006880407,0.008286068,0.009974067,0.012031608,0.015498136,0.022503551,0.0016171245,2024-12-06,2024-12-05,0.0089096200303785,-0.0072924954933724796,0.0072924954933724796,5.318049052085792e-05,1,1,0.021199465
r7_all_external,47,2,-0.021050746,-0.013040948,-0.009415582,-0.007153039,-0.00542799,-0.0040235836,-0.0027780149,-0.0017002348,-0.00065975334,0.00027329166,0.0012158724,0.0021684682,0.0031313137,0.004082386,0.0052100057,0.0064469697,0.007880496,0.009623032,0.011719642,0.015282478,0.022232663,0.0012158724,2024-12-09,2024-12-05,-0.0078179759762592,0.00903384833106467,0.00903384833106467,8.161041566867991e-05,0,1,0.021135224
r7_all_external,47,3,-0.020796834,-0.012621043,-0.008921887,-0.0066179046,-0.0048814425,-0.003451639,-0.0021996184,-0.0011069246,-8.918869e-05,0.00083536864,0.0017684335,0.0027029864,0.003655527,0.004596011,0.005708226,0.0069482476,0.008371781,0.010103387,0.012203319,0.015724657,0.022692066,0.0017684335,2024-12-10,2024-12-05,-0.0034133704339085,0.00518180392281393,0.00518180392281393,2.685109189448983e-05,0,1,0.021125205
r7_all_external,47,4,-0.022072328,-0.01357298,-0.009680636,-0.0072604557,-0.005443072,-0.0039742105,-0.0026630403,-0.0015337225,-0.0004584532,0.00051981217,0.0015144277,0.0025248919,0.0035395087,0.00454677,0.0056998637,0.006976639,0.008453214,0.010211513,0.01233246,0.015911117,0.022931505,0.0015144277,2024-12-11,2024-12-05,0.0177440083495202,-0.016229580636401706,0.016229580636401706,0.0002633992876334652,1,0,0.022013096
r7_all_external,47,5,-0.022030115,-0.013621171,-0.009760996,-0.0073650107,-0.0055517806,-0.0040648226,-0.0027517902,-0.001593614,-0.00048320612,0.0005376266,0.0015715542,0.0026109624,0.0036595035,0.004673724,0.00586599,0.007190643,0.0087094465,0.010542195,0.012781199,0.01651715,0.023928886,0.0015715542,2024-12-12,2024-12-05,-0.0064745265181275,0.008046080743065655,0.008046080743065655,6.473941532393196e-05,0,1,0.022542195
r7_all_external,48,1,-0.024100237,-0.014672739,-0.010391937,-0.0077699134,-0.0058074268,-0.0042048143,-0.002807523,-0.001561784,-0.0003731061,0.0007117807,0.0018050816,0.0029151065,0.0040372694,0.0051112445,0.0063679665,0.00771047,0.009243603,0.011070798,0.013293155,0.017004808,0.024394205,0.0018050816,2024-12-13,2024-12-12,0.0076251659607724,-0.005820084346479242,0.005820084346479242,3.38733818001327e-05,1,1,0.02368509
r7_all_external,48,2,-0.02460471,-0.01500419,-0.010670002,-0.0080047455,-0.00598735,-0.0043520583,-0.0028904702,-0.0016164505,-0.00036789314,0.00075703964,0.001895038,0.0030482414,0.0041987114,0.0053219376,0.0066332035,0.008053211,0.009657245,0.011569132,0.01383285,0.01767429,0.025202895,0.001895038,2024-12-16,2024-12-12,0.0142979052873088,-0.012402867341948854,0.012402867341948854,0.00015383111830198144,1,0,0.024502851
r7_all_external,48,3,-0.025036333,-0.0154119,-0.011020316,-0.0083081685,-0.0062840404,-0.004611452,-0.0031294164,-0.0018307692,-0.0006034429,0.0005276948,0.0016803399,0.0028379392,0.0040026046,0.005150263,0.0064890506,0.007955797,0.009605806,0.011577732,0.013937403,0.017879652,0.025590668,0.0016803399,2024-12-17,2024-12-12,-0.0044134140110699,0.006093753930473096,0.006093753930473096,3.7133836965156305e-05,0,1,0.02495772
r7_all_external,48,4,-0.025328437,-0.01569269,-0.011370641,-0.008707962,-0.006681544,-0.005013027,-0.0034980916,-0.002173917,-0.0008931875,0.00027926464,0.0014760678,0.0026816754,0.0038898862,0.005076442,0.0064320453,0.0079205725,0.009619436,0.0116252,0.014029351,0.018061168,0.025804669,0.0014760678,2024-12-18,2024-12-12,-0.0367438987484373,0.038219966565275924,0.038219966565275924,0.0014607658442508096,0,0,0.025399992
r7_all_external,48,5,-0.025340805,-0.015672771,-0.011305433,-0.008635858,-0.0066128764,-0.00495213,-0.0034685417,-0.0021555691,-0.00087820296,0.0002981978,0.0015059744,0.0027240166,0.0039609894,0.0051563643,0.0065433644,0.008068559,0.009774244,0.011801274,0.014242869,0.0182744,0.026148718,0.0015059744,2024-12-19,2024-12-12,-0.0044632525653369,0.005969227012691574,0.005969227012691574,3.563167112904677e-05,0,1,0.025548302
r7_all_external,49,1,-0.03816233,-0.02449121,-0.018439226,-0.014633199,-0.011687305,-0.009241665,-0.0071247057,-0.005249551,-0.0034695314,-0.0018610816,-0.0002029863,0.0014696813,0.0031374265,0.004741736,0.006591065,0.008582653,0.010847562,0.013555352,0.016848372,0.022394652,0.03359318,-0.0002029863,2024-12-20,2024-12-19,0.0086947341857844,-0.008897720481119396,0.008897720481119396,7.916942976013158e-05,0,1,0.035287596
r7_all_external,49,2,-0.030121533,-0.017045343,-0.011243014,-0.00762854,-0.004889989,-0.0026657716,-0.00069438235,0.0010349795,0.0027171187,0.004274792,0.005907721,0.0075548543,0.009259527,0.0109115,0.01283649,0.014986447,0.017405324,0.020271469,0.023669012,0.02950462,0.040855434,0.005907721,2024-12-23,2024-12-19,0.0096954651734969,-0.0037877442873260354,0.0037877442873260354,1.4347006786171016e-05,1,1,0.034912027
r7_all_external,49,3,-0.03076951,-0.0180818,-0.012414011,-0.00884715,-0.0061347457,-0.0038900939,-0.0018944707,-0.00013230648,0.0015516105,0.0031437203,0.004816108,0.0065023983,0.00821517,0.00986971,0.011775463,0.0139288595,0.01632713,0.01922012,0.022637546,0.028582776,0.040079843,0.004816108,2024-12-24,2024-12-19,0.0134687641467139,-0.008652656229136873,0.008652656229136873,7.486845981962113e-05,1,1,0.03505156
r7_all_external,49,4,-0.03135966,-0.019120902,-0.013722629,-0.010295495,-0.0076395427,-0.0054477663,-0.003448681,-0.001684755,3.522099e-05,0.0016420597,0.0033179591,0.0050000977,0.006714654,0.0083819255,0.01031023,0.012479868,0.014966539,0.017937412,0.021467308,0.027377652,0.038695544,0.0033179591,2024-12-26,2024-12-19,-0.0006796836714989,0.003997642812485104,0.003997642812485104,1.5981148056213816e-05,0,1,0.035189938
r7_all_external,49,5,-0.031076828,-0.019075442,-0.013604047,-0.010139609,-0.0074971565,-0.005300593,-0.0033362294,-0.00158138,0.00013382209,0.0017285217,0.0033699698,0.0050354823,0.0067149214,0.008329752,0.010213286,0.012305194,0.014662787,0.017453434,0.020723218,0.026177475,0.0372365,0.0033699698,2024-12-27,2024-12-19,-0.0133821959071922,0.01675216568868038,0.01675216568868038,0.00028063505526100015,0,1,0.034327265
