date,label,sentence
2006-01-31,neutral,"Although recent economic data have been uneven, the expansion in economic activity appears solid."
2006-01-31,neutral,Core inflation has stayed relatively low in recent months and longer-term inflation expectations remain contained.
2006-01-31,hawkish,"Nevertheless, possible increases in resource utilization as well as elevated energy prices have the potential to add to inflation pressures."
2006-01-31,hawkish,The Committee judges that some further policy firming may be needed to keep the risks to the attainment of both sustainable economic growth and price stability roughly in balance.
2006-01-31,neutral,"In any event, the Committee will respond to changes in economic prospects as needed to foster these objectives."
2006-01-31,neutral,Sandra Pianalto; and Janet L.
2006-01-31,hawkish,"In a related action, the Board of Governors unanimously approved a 25-basis-point increase in the discount rate to 5-1/2 percent."
2006-01-31,neutral,"In taking this action, the Board approved the requests submitted by the Boards of Directors of the Federal Reserve Banks of Boston, New York, Philadelphia, Cleveland, Richmond, Atlanta, Chicago, St."
2006-01-31,neutral,"Louis, Kansas City, Dallas, and San Francisco."
2006-03-28,dovish,The slowing of the growth of real GDP in the fourth quarter of 2005 seems largely to have reflected temporary or special factors.
2006-03-28,hawkish,Economic growth has rebounded strongly in the current quarter but appears likely to moderate to a more sustainable pace.
2006-03-28,neutral,"As yet, the run-up in the prices of energy and other commodities appears to have had only a modest effect on core inflation, ongoing productivity gains have helped to hold the growth of unit labor costs in check, and inflation expectations remain contained."
2006-03-28,hawkish,"Still, possible increases in resource utilization, in combination with the elevated prices of energy and other commodities, have the potential to add to inflation pressures."
2006-03-28,hawkish,The Committee judges that some further policy firming may be needed to keep the risks to the attainment of both sustainable economic growth and price stability roughly in balance.
2006-03-28,neutral,"In any event, the Committee will respond to changes in economic prospects as needed to foster these objectives."
2006-03-28,hawkish,"In a related action, the Board of Governors approved a 25-basis-point increase in the discount rate to 5-3/4 percent."
2006-03-28,neutral,"In taking this action, the Board approved the requests submitted by the Boards of Directors of the Federal Reserve Banks of Boston, New York, Philadelphia, Cleveland, Richmond, Atlanta, Chicago, St."
2006-03-28,neutral,"Louis, Minneapolis, Dallas, and San Francisco."
2006-05-10,hawkish,Economic growth has been quite strong so far this year.
2006-05-10,neutral,"The Committee sees growth as likely to moderate to a more sustainable pace, partly reflecting a gradual cooling of the housing market and the lagged effects of increases in interest rates and energy prices."
2006-05-10,neutral,"As yet, the run-up in the prices of energy and other commodities appears to have had only a modest effect on core inflation, ongoing productivity gains have helped to hold the growth of unit labor costs in check, and inflation expectations remain contained."
2006-05-10,hawkish,"Still, possible increases in resource utilization, in combination with the elevated prices of energy and other commodities, have the potential to add to inflation pressures."
2006-05-10,hawkish,The Committee judges that some further policy firming may yet be needed to address inflation risks but emphasizes that the extent and timing of any such firming will depend importantly on the evolution of the economic outlook as implied by incoming information.
2006-05-10,neutral,"In any event, the Committee will respond to changes in economic prospects as needed to support the attainment of its objectives."
2006-05-10,hawkish,"In a related action, the Board of Governors unanimously approved a 25-basis-point increase in the discount rate to 6 percent."
2006-05-10,neutral,"In taking this action, the Board approved the requests submitted by the Boards of Directors of the Federal Reserve Banks of Boston, New York, Philadelphia, Cleveland, Richmond, Atlanta, Chicago, St."
2006-05-10,neutral,"Louis, Minneapolis, Dallas, and San Francisco."
2006-06-29,neutral,"Recent indicators suggest that economic growth is moderating from its quite strong pace earlier this year, partly reflecting a gradual cooling of the housing market and the lagged effects of increases in interest rates and energy prices."
2006-06-29,hawkish,Readings on core inflation have been elevated in recent months.
2006-06-29,neutral,"Ongoing productivity gains have held down the rise in unit labor costs, and inflation expectations remain contained."
2006-06-29,hawkish,"However, the high levels of resource utilization and of the prices of energy and other commodities have the potential to sustain inflation pressures."
2006-06-29,hawkish,"Although the moderation in the growth of aggregate demand should help to limit inflation pressures over time, the Committee judges that some inflation risks remain."
2006-06-29,neutral,"The extent and timing of any additional firming that may be needed to address these risks will depend on the evolution of the outlook for both inflation and economic growth, as implied by incoming information."
2006-06-29,neutral,"In any event, the Committee will respond to changes in economic prospects as needed to support the attainment of its objectives."
2006-06-29,hawkish,"In a related action, the Board of Governors unanimously approved a 25-basis-point increase in the discount rate to 6-1/4 percent."
2006-06-29,neutral,"In taking this action, the Board approved the requests submitted by the Boards of Directors of the Federal Reserve Banks of Boston, New York, Philadelphia, Cleveland, Richmond, Atlanta, Chicago, St."
2006-06-29,neutral,"Louis, Minneapolis, and Dallas."
2006-08-08,neutral,"Economic growth has moderated from its quite strong pace earlier this year, partly reflecting a gradual cooling of the housing market and the lagged effects of increases in interest rates and energy prices."
2006-08-08,hawkish,"Readings on core inflation have been elevated in recent months, and the high levels of resource utilization and of the prices of energy and other commodities have the potential to sustain inflation pressures."
2006-08-08,dovish,"However, inflation pressures seem likely to moderate over time, reflecting contained inflation expectations and the cumulative effects of monetary policy actions and other factors restraining aggregate demand."
2006-08-08,neutral,"Nonetheless, the Committee judges that some inflation risks remain."
2006-08-08,neutral,"The extent and timing of any additional firming that may be needed to address these risks will depend on the evolution of the outlook for both inflation and economic growth, as implied by incoming information."
2006-08-08,hawkish,"Lacker, who preferred an increase of 25 basis points in the federal funds rate target at this meeting."
2006-09-20,dovish,"The moderation in economic growth appears to be continuing, partly reflecting a cooling of the housing market."
2006-09-20,hawkish,"Readings on core inflation have been elevated, and the high levels of resource utilization and of the prices of energy and other commodities have the potential to sustain inflation pressures."
2006-09-20,dovish,"However, inflation pressures seem likely to moderate over time, reflecting reduced impetus from energy prices, contained inflation expectations, and the cumulative effects of monetary policy actions and other factors restraining aggregate demand."
2006-09-20,neutral,"Nonetheless, the Committee judges that some inflation risks remain."
2006-09-20,neutral,"The extent and timing of any additional firming that may be needed to address these risks will depend on the evolution of the outlook for both inflation and economic growth, as implied by incoming information."
2006-09-20,hawkish,"Lacker, who preferred an increase of 25 basis points in the federal funds rate target at this meeting."
2006-10-25,dovish,"Economic growth has slowed over the course of the year, partly reflecting a cooling of the housing market."
2006-10-25,neutral,"Going forward, the economy seems likely to expand at a moderate pace."
2006-10-25,hawkish,"Readings on core inflation have been elevated, and the high level of resource utilization has the potential to sustain inflation pressures."
2006-10-25,dovish,"However, inflation pressures seem likely to moderate over time, reflecting reduced impetus from energy prices, contained inflation expectations, and the cumulative effects of monetary policy actions and other factors restraining aggregate demand."
2006-10-25,neutral,"Nonetheless, the Committee judges that some inflation risks remain."
2006-10-25,neutral,"The extent and timing of any additional firming that may be needed to address these risks will depend on the evolution of the outlook for both inflation and economic growth, as implied by incoming information."
2006-10-25,hawkish,"Lacker, who preferred an increase of 25 basis points in the federal funds rate target at this meeting."
2006-12-12,dovish,"Economic growth has slowed over the course of the year, partly reflecting a substantial cooling of the housing market."
2006-12-12,neutral,"Although recent indicators have been mixed, the economy seems likely to expand at a moderate pace on balance over coming quarters."
2006-12-12,hawkish,"Readings on core inflation have been elevated, and the high level of resource utilization has the potential to sustain inflation pressures."
2006-12-12,dovish,"However, inflation pressures seem likely to moderate over time, reflecting reduced impetus from energy prices, contained inflation expectations, and the cumulative effects of monetary policy actions and other factors restraining aggregate demand."
2006-12-12,neutral,"Nonetheless, the Committee judges that some inflation risks remain."
2006-12-12,neutral,"The extent and timing of any additional firming that may be needed to address these risks will depend on the evolution of the outlook for both inflation and economic growth, as implied by incoming information."
2006-12-12,hawkish,"Lacker, who preferred an increase of 25 basis points in the federal funds rate target at this meeting."
2007-01-31,hawkish,"Recent indicators have suggested somewhat firmer economic growth, and some tentative signs of stabilization have appeared in the housing market."
2007-01-31,neutral,"Overall, the economy seems likely to expand at a moderate pace over coming quarters."
2007-01-31,neutral,"Readings on core inflation have improved modestly in recent months, and inflation pressures seem likely to moderate over time."
2007-01-31,hawkish,"However, the high level of resource utilization has the potential to sustain inflation pressures."
2007-01-31,neutral,The Committee judges that some inflation risks remain.
2007-01-31,neutral,"The extent and timing of any additional firming that may be needed to address these risks will depend on the evolution of the outlook for both inflation and economic growth, as implied by incoming information."
2007-01-31,neutral,William Poole; and Kevin M.
2007-03-21,neutral,Recent indicators have been mixed and the adjustment in the housing sector is ongoing.
2007-03-21,neutral,"Nevertheless, the economy seems likely to continue to expand at a moderate pace over coming quarters."
2007-03-21,hawkish,Recent readings on core inflation have been somewhat elevated.
2007-03-21,hawkish,"Although inflation pressures seem likely to moderate over time, the high level of resource utilization has the potential to sustain those pressures."
2007-03-21,hawkish,"In these circumstances, the Committee's predominant policy concern remains the risk that inflation will fail to moderate as expected."
2007-03-21,neutral,"Future policy adjustments will depend on the evolution of the outlook for both inflation and economic growth, as implied by incoming information."
2007-03-21,neutral,William Poole; and Kevin M.
2007-05-09,dovish,Economic growth slowed in the first part of this year and the adjustment in the housing sector is ongoing.
2007-05-09,neutral,"Nevertheless, the economy seems likely to expand at a moderate pace over coming quarters."
2007-05-09,hawkish,Core inflation remains somewhat elevated.
2007-05-09,hawkish,"Although inflation pressures seem likely to moderate over time, the high level of resource utilization has the potential to sustain those pressures."
2007-05-09,hawkish,"In these circumstances, the Committee's predominant policy concern remains the risk that inflation will fail to moderate as expected."
2007-05-09,neutral,"Future policy adjustments will depend on the evolution of the outlook for both inflation and economic growth, as implied by incoming information."
2007-05-09,neutral,William Poole; and Kevin M.
2007-06-18,neutral,"Economic growth appears to have been moderate during the first half of this year, despite the ongoing adjustment in the housing sector."
2007-06-18,neutral,The economy seems likely to continue to expand at a moderate pace over coming quarters.
2007-06-18,neutral,Readings on core inflation have improved modestly in recent months.
2007-06-18,neutral,"However, a sustained moderation in inflation pressures has yet to be convincingly demonstrated."
2007-06-18,hawkish,"Moreover, the high level of resource utilization has the potential to sustain those pressures."
2007-06-18,hawkish,"In these circumstances, the Committee's predominant policy concern remains the risk that inflation will fail to moderate as expected."
2007-06-18,neutral,"Future policy adjustments will depend on the evolution of the outlook for both inflation and economic growth, as implied by incoming information."
2007-06-18,neutral,William Poole; and Kevin M.
2007-08-07,neutral,Economic growth was moderate during the first half of the year.
2007-08-07,hawkish,"Financial markets have been volatile in recent weeks, credit conditions have become tighter for some households and businesses, and the housing correction is ongoing."
2007-08-07,hawkish,"Nevertheless, the economy seems likely to continue to expand at a moderate pace over coming quarters, supported by solid growth in employment and incomes and a robust global economy."
2007-08-07,neutral,Readings on core inflation have improved modestly in recent months.
2007-08-07,neutral,"However, a sustained moderation in inflation pressures has yet to be convincingly demonstrated."
2007-08-07,hawkish,"Moreover, the high level of resource utilization has the potential to sustain those pressures."
2007-08-07,hawkish,"Although the downside risks to growth have increased somewhat, the Committee's predominant policy concern remains the risk that inflation will fail to moderate as expected."
2007-08-07,neutral,"Future policy adjustments will depend on the outlook for both inflation and economic growth, as implied by incoming information."
2007-08-07,neutral,Eric Rosengren; and Kevin M.
2007-09-18,hawkish,"Economic growth was moderate during the first half of the year, but the tightening of credit conditions has the potential to intensify the housing correction and to restrain economic growth more generally."
2007-09-18,dovish,Todayâs action is intended to help forestall some of the adverse effects on the broader economy that might otherwise arise from the disruptions in financial markets and to promote moderate growth over time.
2007-09-18,neutral,Readings on core inflation have improved modestly this year.
2007-09-18,neutral,"However, the Committee judges that some inflation risks remain, and it will continue to monitor inflation developments carefully."
2007-09-18,neutral,Developments in financial markets since the Committeeâs last regular meeting have increased the uncertainty surrounding the economic outlook.
2007-09-18,hawkish,The Committee will continue to assess the effects of these and other developments on economic prospects and will act as needed to foster price stability and sustainable economic growth.
2007-09-18,neutral,Eric Rosengren; and Kevin M.
2007-09-18,dovish,"In a related action, the Board of Governors unanimously approved a 50-basis-point decrease in the discount rate to 5-1/4 percent."
2007-09-18,neutral,"In taking this action, the Board approved the requests submitted by the Boards of Directors of the Federal Reserve Banks of Boston, New York, Cleveland, St."
2007-09-18,neutral,"Louis, Minneapolis, Kansas City, and San Francisco."
2007-10-31,hawkish,"Economic growth was solid in the third quarter, and strains in financial markets have eased somewhat on balance."
2007-10-31,dovish,"However, the pace of economic expansion will likely slow in the near term, partly reflecting the intensification of the housing correction."
2007-10-31,dovish,"Todayâs action, combined with the policy action taken in September, should help forestall some of the adverse effects on the broader economy that might otherwise arise from the disruptions in financial markets and promote moderate growth over time."
2007-10-31,hawkish,"Readings on core inflation have improved modestly this year, but recent increases in energy and commodity prices, among other factors, may put renewed upward pressure on inflation."
2007-10-31,neutral,"In this context, the Committee judges that some inflation risks remain, and it will continue to monitor inflation developments carefully."
2007-10-31,neutral,"The Committee judges that, after this action, the upside risks to inflation roughly balance the downside risks to growth."
2007-10-31,hawkish,The Committee will continue to assess the effects of financial and other developments on economic prospects and will act as needed to foster price stability and sustainable economic growth.
2007-10-31,neutral,"Hoenig, who preferred no change in the federal funds rate at this meeting."
2007-10-31,dovish,"In a related action, the Board of Governors unanimously approved a 25-basis-point decrease in the discount rate to 5 percent."
2007-10-31,neutral,"In taking this action, the Board approved the requests submitted by the Boards of Directors of the Federal Reserve Banks of New York, Richmond, Atlanta, Chicago, St."
2007-12-11,dovish,"Incoming information suggests that economic growth is slowing, reflecting the intensification of the housing correction and some softening in business and consumer spending."
2007-12-11,hawkish,"Moreover, strains in financial markets have increased in recent weeks."
2007-12-11,dovish,"Todayâs action, combined with the policy actions taken earlier, should help promote moderate growth over time."
2007-12-11,hawkish,"Readings on core inflation have improved modestly this year, but elevated energy and commodity prices, among other factors, may put upward pressure on inflation."
2007-12-11,neutral,"In this context, the Committee judges that some inflation risks remain, and it will continue to monitor inflation developments carefully."
2007-12-11,neutral,"Recent developments, including the deterioration in financial market conditions, have increased the uncertainty surrounding the outlook for economic growth and inflation."
2007-12-11,hawkish,The Committee will continue to assess the effects of financial and other developments on economic prospects and will act as needed to foster price stability and sustainable economic growth.
2007-12-11,neutral,William Poole; and Kevin M.
2007-12-11,dovish,"Rosengren, who preferred to lower the target for the federal funds rate by 50 basis points at this meeting."
2007-12-11,dovish,"In a related action, the Board of Governors unanimously approved a 25-basis-point decrease in the discount rate to 4-3/4 percent."
2007-12-11,neutral,"In taking this action, the Board approved the requests submitted by the Boards of Directors of the Federal Reserve Banks of New York, Philadelphia, Cleveland, Richmond, Atlanta, Chicago, and St."
2008-01-30,dovish,"Financial markets remain under considerable stress, and credit has tightened further for some businesses and households."
2008-01-30,dovish,"Moreover, recent information indicates a deepening of the housing contraction as well as some softening in labor markets."
2008-01-30,neutral,"The Committee expects inflation to moderate in coming quarters, but it will be necessary to continue to monitor inflation developments carefully."
2008-01-30,dovish,"Todayâs policy action, combined with those taken earlier, should help to promote moderate growth over time and to mitigate the risks to economic activity."
2008-01-30,neutral,"However, downside risks to growth remain."
2008-01-30,neutral,The Committee will continue to assess the effects of financial and other developments on economic prospects and will act in a timely manner as needed to address those risks.
2008-01-30,neutral,"Fisher, who preferred no change in the target for the federal funds rate at this meeting."
2008-01-30,dovish,"In a related action, the Board of Governors unanimously approved a 50-basis-point decrease in the discount rate to 3-1/2 percent."
2008-01-30,neutral,"In taking this action, the Board approved the requests submitted by the Boards of Directors of the Federal Reserve Banks of Boston, New York, Philadelphia, Cleveland, Atlanta, Chicago, St."
2008-01-30,neutral,"Louis, Kansas City, and San Francisco."
2008-03-18,dovish,Recent information indicates that the outlook for economic activity has weakened further.
2008-03-18,neutral,Growth in consumer spending has slowed and labor markets have softened.
2008-03-18,hawkish,"Financial markets remain under considerable stress, and the tightening of credit conditions and the deepening of the housing contraction are likely to weigh on economic growth over the next few quarters."
2008-03-18,hawkish,"Inflation has been elevated, and some indicators of inflation expectations have risen."
2008-03-18,neutral,"The Committee expects inflation to moderate in coming quarters, reflecting a projected leveling-out of energy and other commodity prices and an easing of pressures on resource utilization."
2008-03-18,neutral,"Still, uncertainty about the inflation outlook has increased."
2008-03-18,neutral,It will be necessary to continue to monitor inflation developments carefully.
2008-03-18,dovish,"Todayâs policy action, combined with those taken earlier, including measures to foster market liquidity, should help to promote moderate growth over time and to mitigate the risks to economic activity."
2008-03-18,neutral,"However, downside risks to growth remain."
2008-03-18,hawkish,The Committee will act in a timely manner as needed to promote sustainable economic growth and price stability.
2008-03-18,neutral,"Plosser, who preferred less aggressive action at this meeting."
2008-03-18,dovish,"In a related action, the Board of Governors unanimously approved a 75-basis-point decrease in the discount rate to 2-1/2 percent."
2008-03-18,neutral,"In taking this action, the Board approved the requests submitted by the Boards of Directors of the Federal Reserve Banks of Boston, New York, and San Francisco."
2008-04-30,dovish,Recent information indicates that economic activity remains weak.
2008-04-30,dovish,Household and business spending has been subdued and labor markets have softened further.
2008-04-30,dovish,"Financial markets remain under considerable stress, and tight credit conditions and the deepening housing contraction are likely to weigh on economic growth over the next few quarters."
2008-04-30,hawkish,"Although readings on core inflation have improved somewhat, energy and other commodity prices have increased, and some indicators of inflation expectations have risen in recent months."
2008-04-30,neutral,"The Committee expects inflation to moderate in coming quarters, reflecting a projected leveling-out of energy and other commodity prices and an easing of pressures on resource utilization."
2008-04-30,neutral,"Still, uncertainty about the inflation outlook remains high."
2008-04-30,neutral,It will be necessary to continue to monitor inflation developments carefully.
2008-04-30,dovish,"The substantial easing of monetary policy to date, combined with ongoing measures to foster market liquidity, should help to promote moderate growth over time and to mitigate risks to economic activity."
2008-04-30,hawkish,The Committee will continue to monitor economic and financial developments and will act as needed to promote sustainable economic growth and price stability.
2008-04-30,neutral,"Plosser, who preferred no change in the target for the federal funds rate at this meeting."
2008-04-30,dovish,"In a related action, the Board of Governors unanimously approved a 25-basis-point decrease in the discount rate to 2-1/4 percent."
2008-04-30,neutral,"In taking this action, the Board approved the requests submitted by the Boards of Directors of the Federal Reserve Banks of New York, Cleveland, Atlanta, and San Francisco."
2008-06-25,hawkish,"Recent information indicates that overall economic activity continues to expand, partly reflecting some firming in household spending."
2008-06-25,dovish,"However, labor markets have softened further and financial markets remain under considerable stress."
2008-06-25,hawkish,"Tight credit conditions, the ongoing housing contraction, and the rise in energy prices are likely to weigh on economic growth over the next few quarters."
2008-06-25,neutral,The Committee expects inflation to moderate later this year and next year.
2008-06-25,hawkish,"However, in light of the continued increases in the prices of energy and some other commodities and the elevated state of some indicators of inflation expectations, uncertainty about the inflation outlook remains high."
2008-06-25,dovish,"The substantial easing of monetary policy to date, combined with ongoing measures to foster market liquidity, should help to promote moderate growth over time."
2008-06-25,hawkish,"Although downside risks to growth remain, they appear to have diminished somewhat, and the upside risks to inflation and inflation expectations have increased."
2008-06-25,hawkish,The Committee will continue to monitor economic and financial developments and will act as needed to promote sustainable economic growth and price stability.
2008-06-25,hawkish,"Fisher, who preferred an increase in the target for the federal funds rate at this meeting."
2008-08-05,hawkish,"Economic activity expanded in the second quarter, partly reflecting growth in consumer spending and exports."
2008-08-05,dovish,"However, labor markets have softened further and financial markets remain under considerable stress."
2008-08-05,hawkish,"Tight credit conditions, the ongoing housing contraction, and elevated energy prices are likely to weigh on economic growth over the next few quarters."
2008-08-05,dovish,"Over time, the substantial easing of monetary policy, combined with ongoing measures to foster market liquidity, should help to promote moderate economic growth."
2008-08-05,hawkish,"Inflation has been high, spurred by the earlier increases in the prices of energy and some other commodities, and some indicators of inflation expectations have been elevated."
2008-08-05,neutral,"The Committee expects inflation to moderate later this year and next year, but the inflation outlook remains highly uncertain."
2008-08-05,hawkish,"Although downside risks to growth remain, the upside risks to inflation are also of significant concern to the Committee."
2008-08-05,hawkish,The Committee will continue to monitor economic and financial developments and will act as needed to promote sustainable economic growth and price stability.
2008-08-05,hawkish,"Fisher, who preferred an increase in the target for the federal funds rate at this meeting."
2008-09-16,dovish,Strains in financial markets have increased significantly and labor markets have weakened further.
2008-09-16,dovish,"Economic growth appears to have slowed recently, partly reflecting a softening of household spending."
2008-09-16,dovish,"Tight credit conditions, the ongoing housing contraction, and some slowing in export growth are likely to weigh on economic growth over the next few quarters."
2008-09-16,dovish,"Over time, the substantial easing of monetary policy, combined with ongoing measures to foster market liquidity, should help to promote moderate economic growth."
2008-09-16,hawkish,"Inflation has been high, spurred by the earlier increases in the prices of energy and some other commodities."
2008-09-16,neutral,"The Committee expects inflation to moderate later this year and next year, but the inflation outlook remains highly uncertain."
2008-09-16,neutral,The downside risks to growth and the upside risks to inflation are both of significant concern to the Committee.
2008-09-16,hawkish,The Committee will monitor economic and financial developments carefully and will act as needed to promote sustainable economic growth and price stability.
2008-09-16,neutral,Cumming voted as the alternate for Timothy F.
2008-10-08,dovish,"Inflationary pressures have started to moderate in a number of countries, partly reflecting a marked decline in energy and other commodity prices."
2008-10-08,neutral,Inflation expectations are diminishing and remain anchored to price stability.
2008-10-08,dovish,The recent intensification of the financial crisis has augmented the downside risks to growth and thus has diminished further the upside risks to price stability.
2008-10-08,dovish,Some easing of global monetary conditions is therefore warranted.
2008-10-08,dovish,"Accordingly, the Bank of Canada, the Bank of England, the European Central Bank, the Federal Reserve, Sveriges Riksbank, and the Swiss National Bank are today announcing reductions in policy interest rates."
2008-10-08,neutral,The Bank of Japan expresses its strong support of these policy actions.
2008-10-08,dovish,Federal Reserve Actions The Federal Open Market Committee has decided to lower its target for the federal funds rate 50 basis points to 1-1/2 percent.
2008-10-08,dovish,The Committee took this action in light of evidence pointing to a weakening of economic activity and a reduction in inflationary pressures.
2008-10-08,dovish,Incoming economic data suggest that the pace of economic activity has slowed markedly in recent months.
2008-10-08,dovish,"Moreover, the intensification of financial market turmoil is likely to exert additional restraint on spending, partly by further reducing the ability of households and businesses to obtain credit."
2008-10-08,dovish,"Inflation has been high, but the Committee believes that the decline in energy and other commodity prices and the weaker prospects for economic activity have reduced the upside risks to inflation."
2008-10-08,hawkish,The Committee will monitor economic and financial developments carefully and will act as needed to promote sustainable economic growth and price stability.
2008-10-08,dovish,"In a related action, the Board of Governors unanimously approved a 50-basis-point decrease in the discount rate to 1-3/4 percent."
2008-10-08,neutral,"In taking this action, the Board approved the request submitted by the Board of Directors of the Federal Reserve Bank of Boston."
2008-10-08,neutral,Information on Actions Taken by Other Central Banks Information on the actions that will be taken by other central banks is available at the following websites: Bank of Canada Bank of England European Central Bank Sveriges Riksbank (Bank of Sweden) Swiss National Bank (68 KB PDF) Statements by Other Central Banks Bank of Japan (79 KB PDF)
2008-10-29,dovish,"The pace of economic activity appears to have slowed markedly, owing importantly to a decline in consumer expenditures."
2008-10-29,dovish,"Business equipment spending and industrial production have weakened in recent months, and slowing economic activity in many foreign economies is damping the prospects for U.S. exports."
2008-10-29,dovish,"Moreover, the intensification of financial market turmoil is likely to exert additional restraint on spending, partly by further reducing the ability of households and businesses to obtain credit."
2008-10-29,neutral,"In light of the declines in the prices of energy and other commodities and the weaker prospects for economic activity, the Committee expects inflation to moderate in coming quarters to levels consistent with price stability."
2008-10-29,dovish,"Recent policy actions, including todayâs rate reduction, coordinated interest rate cuts by central banks, extraordinary liquidity measures, and official steps to strengthen financial systems, should help over time to improve credit conditions and promote a return to moderate economic growth."
2008-10-29,neutral,"Nevertheless, downside risks to growth remain."
2008-10-29,hawkish,The Committee will monitor economic and financial developments carefully and will act as needed to promote sustainable economic growth and price stability.
2008-10-29,dovish,"In a related action, the Board of Governors unanimously approved a 50-basis-point decrease in the discount rate to 1-1/4 percent."
2008-10-29,neutral,"In taking this action, the Board approved the requests submitted by the Boards of Directors of the Federal Reserve Banks of Boston, New York, Cleveland, and San Francisco."
2009-01-28,dovish,The Committee continues to anticipate that economic conditions are likely to warrant exceptionally low levels of the federal funds rate for some time.
2009-01-28,dovish,Information received since the Committee met in December suggests that the economy has weakened further.
2009-01-28,dovish,"Industrial production, housing starts, and employment have continued to decline steeply, as consumers and businesses have cut back spending."
2009-01-28,dovish,"Furthermore, global demand appears to be slowing significantly."
2009-01-28,dovish,"Conditions in some financial markets have improved, in part reflecting government efforts to provide liquidity and strengthen financial institutions; nevertheless, credit conditions for households and firms remain extremely tight."
2009-01-28,neutral,"The Committee anticipates that a gradual recovery in economic activity will begin later this year, but the downside risks to that outlook are significant."
2009-01-28,dovish,"In light of the declines in the prices of energy and other commodities in recent months and the prospects for considerable economic slack, the Committee expects that inflation pressures will remain subdued in coming quarters."
2009-01-28,dovish,"Moreover, the Committee sees some risk that inflation could persist for a time below rates that best foster economic growth and price stability in the longer term."
2009-01-28,hawkish,The Federal Reserve will employ all available tools to promote the resumption of sustainable economic growth and to preserve price stability.
2009-01-28,dovish,The focus of the Committee's policy is to support the functioning of financial markets and stimulate the economy through open market operations and other measures that are likely to keep the size of the Federal Reserve's balance sheet at a high level.
2009-01-28,dovish,"The Federal Reserve continues to purchase large quantities of agency debt and mortgage-backed securities to provide support to the mortgage and housing markets, and it stands ready to expand the quantity of such purchases and the duration of the purchase program as conditions warrant."
2009-01-28,dovish,The Committee also is prepared to purchase longer-term Treasury securities if evolving circumstances indicate that such transactions would be particularly effective in improving conditions in private credit markets.
2009-01-28,dovish,The Federal Reserve will be implementing the Term Asset-Backed Securities Loan Facility to facilitate the extension of credit to households and small businesses.
2009-01-28,dovish,The Committee will continue to monitor carefully the size and composition of the Federal Reserve's balance sheet in light of evolving financial market developments and to assess whether expansions of or modifications to lending facilities would serve to further support credit markets and economic activity and help to preserve price stability.
2009-01-28,hawkish,"Lacker, who preferred to expand the monetary base at this time by purchasing U.S."
2009-01-28,neutral,Treasury securities rather than through targeted credit programs.
2009-03-18,dovish,"Job losses, declining equity and housing wealth, and tight credit conditions have weighed on consumer sentiment and spending."
2009-03-18,dovish,Weaker sales prospects and difficulties in obtaining credit have led businesses to cut back on inventories and fixed investment.
2009-03-18,dovish,U.S. exports have slumped as a number of major trading partners have also fallen into recession.
2009-03-18,dovish,"Although the near-term economic outlook is weak, the Committee anticipates that policy actions to stabilize financial markets and institutions, together with fiscal and monetary stimulus, will contribute to a gradual resumption of sustainable economic growth."
2009-03-18,dovish,"In light of increasing economic slack here and abroad, the Committee expects that inflation will remain subdued."
2009-03-18,dovish,"Moreover, the Committee sees some risk that inflation could persist for a time below rates that best foster economic growth and price stability in the longer term."
2009-03-18,dovish,"In these circumstances, the Federal Reserve will employ all available tools to promote economic recovery and to preserve price stability."
2009-03-18,dovish,The Committee will maintain the target range for the federal funds rate at 0 to 1/4 percent and anticipates that economic conditions are likely to warrant exceptionally low levels of the federal funds rate for an extended period.
2009-03-18,dovish,"To provide greater support to mortgage lending and housing markets, the Committee decided today to increase the size of the Federal Reserveâs balance sheet further by purchasing up to an additional $750 billion of agency mortgage-backed securities, bringing its total purchases of these securities to up to $1.25 trillion this year, and to increase its purchases of agency debt this year by up to $100 billion to a total of up to $200 billion."
2009-03-18,dovish,"Moreover, to help improve conditions in private credit markets, the Committee decided to purchase up to $300 billion of longer-term Treasury securities over the next six months."
2009-03-18,neutral,The Federal Reserve has launched the Term Asset-Backed Securities Loan Facility to facilitate the extension of credit to households and small businesses and anticipates that the range of eligible collateral for this facility is likely to be expanded to include other financial assets.
2009-03-18,neutral,The Committee will continue to carefully monitor the size and composition of the Federal Reserve's balance sheet in light of evolving financial and economic developments.
2009-04-29,dovish,"Household spending has shown signs of stabilizing but remains constrained by ongoing job losses, lower housing wealth, and tight credit."
2009-04-29,dovish,"Weak sales prospects and difficulties in obtaining credit have led businesses to cut back on inventories, fixed investment, and staffing."
2009-04-29,dovish,"Although the economic outlook has improved modestly since the March meeting, partly reflecting some easing of financial market conditions, economic activity is likely to remain weak for a time."
2009-04-29,hawkish,"Nonetheless, the Committee continues to anticipate that policy actions to stabilize financial markets and institutions, fiscal and monetary stimulus, and market forces will contribute to a gradual resumption of sustainable economic growth in a context of price stability."
2009-04-29,dovish,"In light of increasing economic slack here and abroad, the Committee expects that inflation will remain subdued."
2009-04-29,dovish,"Moreover, the Committee sees some risk that inflation could persist for a time below rates that best foster economic growth and price stability in the longer term."
2009-04-29,dovish,"In these circumstances, the Federal Reserve will employ all available tools to promote economic recovery and to preserve price stability."
2009-04-29,dovish,The Committee will maintain the target range for the federal funds rate at 0 to 1/4 percent and anticipates that economic conditions are likely to warrant exceptionally low levels of the federal funds rate for an extended period.
2009-04-29,dovish,"As previously announced, to provide support to mortgage lending and housing markets and to improve overall conditions in private credit markets, the Federal Reserve will purchase a total of up to $1.25 trillion of agency mortgage-backed securities and up to $200 billion of agency debt by the end of the year."
2009-04-29,dovish,"In addition, the Federal Reserve will buy up to $300 billion of Treasury securities by autumn."
2009-04-29,neutral,The Committee will continue to evaluate the timing and overall amounts of its purchases of securities in light of the evolving economic outlook and conditions in financial markets.
2009-04-29,neutral,The Federal Reserve is facilitating the extension of credit to households and businesses and supporting the functioning of financial markets through a range of liquidity programs.
2009-04-29,neutral,The Committee will continue to carefully monitor the size and composition of the Federal Reserve's balance sheet in light of financial and economic developments.
2009-06-24,neutral,Conditions in financial markets have generally improved in recent months.
2009-06-24,dovish,"Household spending has shown further signs of stabilizing but remains constrained by ongoing job losses, lower housing wealth, and tight credit."
2009-06-24,neutral,Businesses are cutting back on fixed investment and staffing but appear to be making progress in bringing inventory stocks into better alignment with sales.
2009-06-24,dovish,"Although economic activity is likely to remain weak for a time, the Committee continues to anticipate that policy actions to stabilize financial markets and institutions, fiscal and monetary stimulus, and market forces will contribute to a gradual resumption of sustainable economic growth in a context of price stability."
2009-06-24,hawkish,The prices of energy and other commodities have risen of late.
2009-06-24,dovish,"However, substantial resource slack is likely to dampen cost pressures, and the Committee expects that inflation will remain subdued for some time."
2009-06-24,dovish,"In these circumstances, the Federal Reserve will employ all available tools to promote economic recovery and to preserve price stability."
2009-06-24,dovish,The Committee will maintain the target range for the federal funds rate at 0 to 1/4 percent and continues to anticipate that economic conditions are likely to warrant exceptionally low levels of the federal funds rate for an extended period.
2009-06-24,dovish,"As previously announced, to provide support to mortgage lending and housing markets and to improve overall conditions in private credit markets, the Federal Reserve will purchase a total of up to $1.25 trillion of agency mortgage-backed securities and up to $200 billion of agency debt by the end of the year."
2009-06-24,dovish,"In addition, the Federal Reserve will buy up to $300 billion of Treasury securities by autumn."
2009-06-24,neutral,The Committee will continue to evaluate the timing and overall amounts of its purchases of securities in light of the evolving economic outlook and conditions in financial markets.
2009-06-24,hawkish,The Federal Reserve is monitoring the size and composition of its balance sheet and will make adjustments to its credit and liquidity programs as warranted.
2009-08-12,hawkish,Conditions in financial markets have improved further in recent weeks.
2009-08-12,dovish,"Household spending has continued to show signs of stabilizing but remains constrained by ongoing job losses, sluggish income growth, lower housing wealth, and tight credit."
2009-08-12,neutral,Businesses are still cutting back on fixed investment and staffing but are making progress in bringing inventory stocks into better alignment with sales.
2009-08-12,dovish,"Although economic activity is likely to remain weak for a time, the Committee continues to anticipate that policy actions to stabilize financial markets and institutions, fiscal and monetary stimulus, and market forces will contribute to a gradual resumption of sustainable economic growth in a context of price stability."
2009-08-12,hawkish,The prices of energy and other commodities have risen of late.
2009-08-12,dovish,"However, substantial resource slack is likely to dampen cost pressures, and the Committee expects that inflation will remain subdued for some time."
2009-08-12,dovish,"In these circumstances, the Federal Reserve will employ all available tools to promote economic recovery and to preserve price stability."
2009-08-12,dovish,The Committee will maintain the target range for the federal funds rate at 0 to 1/4 percent and continues to anticipate that economic conditions are likely to warrant exceptionally low levels of the federal funds rate for an extended period.
2009-08-12,dovish,"As previously announced, to provide support to mortgage lending and housing markets and to improve overall conditions in private credit markets, the Federal Reserve will purchase a total of up to $1.25 trillion of agency mortgage-backed securities and up to $200 billion of agency debt by the end of the year."
2009-08-12,dovish,"In addition, the Federal Reserve is in the process of buying $300 billion of Treasury securities."
2009-08-12,dovish,"To promote a smooth transition in markets as these purchases of Treasury securities are completed, the Committee has decided to gradually slow the pace of these transactions and anticipates that the full amount will be purchased by the end of October."
2009-08-12,neutral,The Committee will continue to evaluate the timing and overall amounts of its purchases of securities in light of the evolving economic outlook and conditions in financial markets.
2009-08-12,hawkish,The Federal Reserve is monitoring the size and composition of its balance sheet and will make adjustments to its credit and liquidity programs as warranted.
2009-09-23,hawkish,"Conditions in financial markets have improved further, and activity in the housing sector has increased."
2009-09-23,dovish,"Household spending seems to be stabilizing, but remains constrained by ongoing job losses, sluggish income growth, lower housing wealth, and tight credit."
2009-09-23,neutral,"Businesses are still cutting back on fixed investment and staffing, though at a slower pace; they continue to make progress in bringing inventory stocks into better alignment with sales."
2009-09-23,dovish,"Although economic activity is likely to remain weak for a time, the Committee anticipates that policy actions to stabilize financial markets and institutions, fiscal and monetary stimulus, and market forces will support a strengthening of economic growth and a gradual return to higher levels of resource utilization in a context of price stability."
2009-09-23,dovish,"With substantial resource slack likely to continue to dampen cost pressures and with longer-term inflation expectations stable, the Committee expects that inflation will remain subdued for some time."
2009-09-23,dovish,"In these circumstances, the Federal Reserve will continue to employ a wide range of tools to promote economic recovery and to preserve price stability."
2009-09-23,dovish,The Committee will maintain the target range for the federal funds rate at 0 to 1/4 percent and continues to anticipate that economic conditions are likely to warrant exceptionally low levels of the federal funds rate for an extended period.
2009-09-23,dovish,"To provide support to mortgage lending and housing markets and to improve overall conditions in private credit markets, the Federal Reserve will purchase a total of $1.25 trillion of agency mortgage-backed securities and up to $200 billion of agency debt."
2009-09-23,dovish,The Committee will gradually slow the pace of these purchases in order to promote a smooth transition in markets and anticipates that they will be executed by the end of the first quarter of 2010.
2009-09-23,dovish,"As previously announced, the Federal Reserveâs purchases of $300 billion of Treasury securities will be completed by the end of October 2009."
2009-09-23,neutral,The Committee will continue to evaluate the timing and overall amounts of its purchases of securities in light of the evolving economic outlook and conditions in financial markets.
2009-09-23,hawkish,The Federal Reserve is monitoring the size and composition of its balance sheet and will make adjustments to its credit and liquidity programs as warranted.
2009-11-04,neutral,"Conditions in financial markets were roughly unchanged, on balance, over the intermeeting period."
2009-11-04,hawkish,Activity in the housing sector has increased over recent months.
2009-11-04,dovish,"Household spending appears to be expanding but remains constrained by ongoing job losses, sluggish income growth, lower housing wealth, and tight credit."
2009-11-04,neutral,"Businesses are still cutting back on fixed investment and staffing, though at a slower pace; they continue to make progress in bringing inventory stocks into better alignment with sales."
2009-11-04,dovish,"Although economic activity is likely to remain weak for a time, the Committee anticipates that policy actions to stabilize financial markets and institutions, fiscal and monetary stimulus, and market forces will support a strengthening of economic growth and a gradual return to higher levels of resource utilization in a context of price stability."
2009-11-04,dovish,"With substantial resource slack likely to continue to dampen cost pressures and with longer-term inflation expectations stable, the Committee expects that inflation will remain subdued for some time."
2009-11-04,dovish,"In these circumstances, the Federal Reserve will continue to employ a wide range of tools to promote economic recovery and to preserve price stability."
2009-11-04,dovish,"The Committee will maintain the target range for the federal funds rate at 0 to 1/4 percent and continues to anticipate that economic conditions, including low rates of resource utilization, subdued inflation trends, and stable inflation expectations, are likely to warrant exceptionally low levels of the federal funds rate for an extended period."
2009-11-04,dovish,"To provide support to mortgage lending and housing markets and to improve overall conditions in private credit markets, the Federal Reserve will purchase a total of $1.25 trillion of agency mortgage-backed securities and about $175 billion of agency debt."
2009-11-04,dovish,"The amount of agency debt purchases, while somewhat less than the previously announced maximum of $200 billion, is consistent with the recent path of purchases and reflects the limited availability of agency debt."
2009-11-04,hawkish,"In order to promote a smooth transition in markets, the Committee will gradually slow the pace of its purchases of both agency debt and agency mortgage-backed securities and anticipates that these transactions will be executed by the end of the first quarter of 2010."
2009-11-04,neutral,The Committee will continue to evaluate the timing and overall amounts of its purchases of securities in light of the evolving economic outlook and conditions in financial markets.
2009-11-04,hawkish,The Federal Reserve is monitoring the size and composition of its balance sheet and will make adjustments to its credit and liquidity programs as warranted.
2009-12-16,neutral,The housing sector has shown some signs of improvement over recent months.
2009-12-16,dovish,"Household spending appears to be expanding at a moderate rate, though it remains constrained by a weak labor market, modest income growth, lower housing wealth, and tight credit."
2009-12-16,dovish,"Businesses are still cutting back on fixed investment, though at a slower pace, and remain reluctant to add to payrolls; they continue to make progress in bringing inventory stocks into better alignment with sales."
2009-12-16,hawkish,Financial market conditions have become more supportive of economic growth.
2009-12-16,dovish,"Although economic activity is likely to remain weak for a time, the Committee anticipates that policy actions to stabilize financial markets and institutions, fiscal and monetary stimulus, and market forces will contribute to a strengthening of economic growth and a gradual return to higher levels of resource utilization in a context of price stability."
2009-12-16,dovish,"With substantial resource slack likely to continue to dampen cost pressures and with longer-term inflation expectations stable, the Committee expects that inflation will remain subdued for some time."
2009-12-16,dovish,"The Committee will maintain the target range for the federal funds rate at 0 to 1/4 percent and continues to anticipate that economic conditions, including low rates of resource utilization, subdued inflation trends, and stable inflation expectations, are likely to warrant exceptionally low levels of the federal funds rate for an extended period."
2009-12-16,dovish,"To provide support to mortgage lending and housing markets and to improve overall conditions in private credit markets, the Federal Reserve is in the process of purchasing $1.25 trillion of agency mortgage-backed securities and about $175 billion of agency debt."
2009-12-16,neutral,"In order to promote a smooth transition in markets, the Committee is gradually slowing the pace of these purchases, and it anticipates that these transactions will be executed by the end of the first quarter of 2010."
2009-12-16,neutral,The Committee will continue to evaluate the timing and overall amounts of its purchases of securities in light of the evolving economic outlook and conditions in financial markets.
2009-12-16,neutral,"In light of ongoing improvements in the functioning of financial markets, the Committee and the Board of Governors anticipate that most of the Federal Reserveâs special liquidity facilities will expire on February 1, 2010, consistent with the Federal Reserveâs announcement of June 25, 2009."
2009-12-16,neutral,"These facilities include the Asset-Backed Commercial Paper Money Market Mutual Fund Liquidity Facility, the Commercial Paper Funding Facility, the Primary Dealer Credit Facility, and the Term Securities Lending Facility."
2009-12-16,neutral,The Federal Reserve will also be working with its central bank counterparties to close its temporary liquidity swap arrangements by February 1.
2009-12-16,dovish,The Federal Reserve expects that amounts provided under the Term Auction Facility will continue to be scaled back in early 2010.
2009-12-16,neutral,"The anticipated expiration dates for the Term Asset-Backed Securities Loan Facility remain set at June 30, 2010, for loans backed by new-issue commercial mortgage-backed securities and March 31, 2010, for loans backed by all other types of collateral."
2009-12-16,hawkish,The Federal Reserve is prepared to modify these plans if necessary to support financial stability and economic growth.
2010-01-27,dovish,"Household spending is expanding at a moderate rate but remains constrained by a weak labor market, modest income growth, lower housing wealth, and tight credit."
2010-01-27,neutral,"Business spending on equipment and software appears to be picking up, but investment in structures is still contracting and employers remain reluctant to add to payrolls."
2010-01-27,neutral,Firms have brought inventory stocks into better alignment with sales.
2010-01-27,dovish,"While bank lending continues to contract, financial market conditions remain supportive of economic growth."
2010-01-27,neutral,"Although the pace of economic recovery is likely to be moderate for a time, the Committee anticipates a gradual return to higher levels of resource utilization in a context of price stability."
2010-01-27,dovish,"With substantial resource slack continuing to restrain cost pressures and with longer-term inflation expectations stable, inflation is likely to be subdued for some time."
2010-01-27,dovish,"The Committee will maintain the target range for the federal funds rate at 0 to 1/4 percent and continues to anticipate that economic conditions, including low rates of resource utilization, subdued inflation trends, and stable inflation expectations, are likely to warrant exceptionally low levels of the federal funds rate for an extended period."
2010-01-27,dovish,"To provide support to mortgage lending and housing markets and to improve overall conditions in private credit markets, the Federal Reserve is in the process of purchasing $1.25 trillion of agency mortgage-backed securities and about $175 billion of agency debt."
2010-01-27,neutral,"In order to promote a smooth transition in markets, the Committee is gradually slowing the pace of these purchases, and it anticipates that these transactions will be executed by the end of the first quarter."
2010-01-27,neutral,The Committee will continue to evaluate its purchases of securities in light of the evolving economic outlook and conditions in financial markets.
2010-01-27,neutral,"In light of improved functioning of financial markets, the Federal Reserve will be closing the Asset-Backed Commercial Paper Money Market Mutual Fund Liquidity Facility, the Commercial Paper Funding Facility, the Primary Dealer Credit Facility, and the Term Securities Lending Facility on February 1, as previously announced."
2010-01-27,neutral,"In addition, the temporary liquidity swap arrangements between the Federal Reserve and other central banks will expire on February 1."
2010-01-27,neutral,The Federal Reserve is in the process of winding down its Term Auction Facility: $50 billion in 28-day credit will be offered on February 8 and $25 billion in 28-day credit will be offered at the final auction on March 8.
2010-01-27,neutral,The anticipated expiration dates for the Term Asset-Backed Securities Loan Facility remain set at June 30 for loans backed by new-issue commercial mortgage-backed securities and March 31 for loans backed by all other types of collateral.
2010-01-27,hawkish,The Federal Reserve is prepared to modify these plans if necessary to support financial stability and economic growth.
2010-01-27,dovish,"Hoenig, who believed that economic and financial conditions had changed sufficiently that the expectation of exceptionally low levels of the federal funds rate for an extended period was no longer warranted."
2010-03-16,dovish,"Household spending is expanding at a moderate rate but remains constrained by high unemployment, modest income growth, lower housing wealth, and tight credit."
2010-03-16,neutral,Business spending on equipment and software has risen significantly.
2010-03-16,dovish,"However, investment in nonresidential structures is declining, housing starts have been flat at a depressed level, and employers remain reluctant to add to payrolls."
2010-03-16,dovish,"While bank lending continues to contract, financial market conditions remain supportive of economic growth."
2010-03-16,neutral,"Although the pace of economic recovery is likely to be moderate for a time, the Committee anticipates a gradual return to higher levels of resource utilization in a context of price stability."
2010-03-16,dovish,"With substantial resource slack continuing to restrain cost pressures and longer-term inflation expectations stable, inflation is likely to be subdued for some time."
2010-03-16,dovish,"The Committee will maintain the target range for the federal funds rate at 0 to 1/4 percent and continues to anticipate that economic conditions, including low rates of resource utilization, subdued inflation trends, and stable inflation expectations, are likely to warrant exceptionally low levels of the federal funds rate for an extended period."
2010-03-16,dovish,"To provide support to mortgage lending and housing markets and to improve overall conditions in private credit markets, the Federal Reserve has been purchasing $1.25 trillion of agency mortgage-backed securities and about $175 billion of agency debt; those purchases are nearing completion, and the remaining transactions will be executed by the end of this month."
2010-03-16,dovish,The Committee will continue to monitor the economic outlook and financial developments and will employ its policy tools as necessary to promote economic recovery and price stability.
2010-03-16,hawkish,"In light of improved functioning of financial markets, the Federal Reserve has been closing the special liquidity facilities that it created to support markets during the crisis."
2010-03-16,neutral,"The only remaining such program, the Term Asset-Backed Securities Loan Facility, is scheduled to close on June 30 for loans backed by new-issue commercial mortgage-backed securities and on March 31 for loans backed by all other types of collateral."
2010-03-16,dovish,"Hoenig, who believed that continuing to express the expectation of exceptionally low levels of the federal funds rate for an extended period was no longer warranted because it could lead to the buildup of financial imbalances and increase risks to longer-run macroeconomic and financial stability."
2010-04-28,dovish,"Growth in household spending has picked up recently but remains constrained by high unemployment, modest income growth, lower housing wealth, and tight credit."
2010-04-28,neutral,"Business spending on equipment and software has risen significantly; however, investment in nonresidential structures is declining and employers remain reluctant to add to payrolls."
2010-04-28,neutral,Housing starts have edged up but remain at a depressed level.
2010-04-28,dovish,"While bank lending continues to contract, financial market conditions remain supportive of economic growth."
2010-04-28,neutral,"Although the pace of economic recovery is likely to be moderate for a time, the Committee anticipates a gradual return to higher levels of resource utilization in a context of price stability."
2010-04-28,dovish,"With substantial resource slack continuing to restrain cost pressures and longer-term inflation expectations stable, inflation is likely to be subdued for some time."
2010-04-28,dovish,"The Committee will maintain the target range for the federal funds rate at 0 to 1/4 percent and continues to anticipate that economic conditions, including low rates of resource utilization, subdued inflation trends, and stable inflation expectations, are likely to warrant exceptionally low levels of the federal funds rate for an extended period."
2010-04-28,dovish,The Committee will continue to monitor the economic outlook and financial developments and will employ its policy tools as necessary to promote economic recovery and price stability.
2010-04-28,hawkish,"In light of improved functioning of financial markets, the Federal Reserve has closed all but one of the special liquidity facilities that it created to support markets during the crisis."
2010-04-28,neutral,"The only remaining such program, the Term Asset-Backed Securities Loan Facility, is scheduled to close on June 30 for loans backed by new-issue commercial mortgage-backed securities; it closed on March 31 for loans backed by all other types of collateral."
2010-04-28,dovish,"Hoenig, who believed that continuing to express the expectation of exceptionally low levels of the federal funds rate for an extended period was no longer warranted because it could lead to a build-up of future imbalances and increase risks to longer run macroeconomic and financial stability, while limiting the Committeeâs flexibility to begin raising rates modestly."
2010-06-23,dovish,"Household spending is increasing but remains constrained by high unemployment, modest income growth, lower housing wealth, and tight credit."
2010-06-23,neutral,"Business spending on equipment and software has risen significantly; however, investment in nonresidential structures continues to be weak and employers remain reluctant to add to payrolls."
2010-06-23,dovish,Housing starts remain at a depressed level.
2010-06-23,dovish,"Financial conditions have become less supportive of economic growth on balance, largely reflecting developments abroad."
2010-06-23,dovish,Bank lending has continued to contract in recent months.
2010-06-23,neutral,"Nonetheless, the Committee anticipates a gradual return to higher levels of resource utilization in a context of price stability, although the pace of economic recovery is likely to be moderate for a time."
2010-06-23,dovish,"Prices of energy and other commodities have declined somewhat in recent months, and underlying inflation has trended lower."
2010-06-23,dovish,"With substantial resource slack continuing to restrain cost pressures and longer-term inflation expectations stable, inflation is likely to be subdued for some time."
2010-06-23,dovish,"The Committee will maintain the target range for the federal funds rate at 0 to 1/4 percent and continues to anticipate that economic conditions, including low rates of resource utilization, subdued inflation trends, and stable inflation expectations, are likely to warrant exceptionally low levels of the federal funds rate for an extended period."
2010-06-23,dovish,The Committee will continue to monitor the economic outlook and financial developments and will employ its policy tools as necessary to promote economic recovery and price stability.
2010-06-23,dovish,"Hoenig, who believed that continuing to express the expectation of exceptionally low levels of the federal funds rate for an extended period was no longer warranted because it could lead to a build-up of future imbalances and increase risks to longer-run macroeconomic and financial stability, while limiting the Committeeâs flexibility to begin raising rates modestly."
2010-08-10,dovish,"Household spending is increasing gradually, but remains constrained by high unemployment, modest income growth, lower housing wealth, and tight credit."
2010-08-10,neutral,"Business spending on equipment and software is rising; however, investment in nonresidential structures continues to be weak and employers remain reluctant to add to payrolls."
2010-08-10,dovish,Housing starts remain at a depressed level.
2010-08-10,dovish,Bank lending has continued to contract.
2010-08-10,neutral,"Nonetheless, the Committee anticipates a gradual return to higher levels of resource utilization in a context of price stability, although the pace of economic recovery is likely to be more modest in the near term than had been anticipated."
2010-08-10,dovish,"Measures of underlying inflation have trended lower in recent quarters and, with substantial resource slack continuing to restrain cost pressures and longer-term inflation expectations stable, inflation is likely to be subdued for some time."
2010-08-10,dovish,"The Committee will maintain the target range for the federal funds rate at 0 to 1/4 percent and continues to anticipate that economic conditions, including low rates of resource utilization, subdued inflation trends, and stable inflation expectations, are likely to warrant exceptionally low levels of the federal funds rate for an extended period."
2010-08-10,dovish,"To help support the economic recovery in a context of price stability, the Committee will keep constant the Federal Reserve's holdings of securities at their current level by reinvesting principal payments from agency debt and agency mortgage-backed securities in longer-term Treasury securities. 1 The Committee will continue to roll over the Federal Reserve's holdings of Treasury securities as they mature."
2010-08-10,dovish,The Committee will continue to monitor the economic outlook and financial developments and will employ its policy tools as necessary to promote economic recovery and price stability.
2010-08-10,neutral,"Hoenig, who judges that the economy is recovering modestly, as projected."
2010-08-10,dovish,"Accordingly, he believed that continuing to express the expectation of exceptionally low levels of the federal funds rate for an extended period was no longer warranted and limits the Committee's ability to adjust policy when needed."
2010-08-10,neutral,"In addition, given economic and financial conditions, Mr."
2010-08-10,neutral,Hoenig did not believe that keeping constant the size of the Federal Reserve's holdings of longer-term securities at their current level was required to support a return to the Committee's policy objectives. 1.
2010-08-10,neutral,The Open Market Desk will issue a technical note shortly after the statement providing operational details on how it will carry out these transactions.
2010-09-21,dovish,"Household spending is increasing gradually, but remains constrained by high unemployment, modest income growth, lower housing wealth, and tight credit."
2010-09-21,neutral,"Business spending on equipment and software is rising, though less rapidly than earlier in the year, while investment in nonresidential structures continues to be weak."
2010-09-21,neutral,Employers remain reluctant to add to payrolls.
2010-09-21,dovish,Housing starts are at a depressed level.
2010-09-21,dovish,"Bank lending has continued to contract, but at a reduced rate in recent months."
2010-09-21,neutral,"The Committee anticipates a gradual return to higher levels of resource utilization in a context of price stability, although the pace of economic recovery is likely to be modest in the near term."
2010-09-21,dovish,"Measures of underlying inflation are currently at levels somewhat below those the Committee judges most consistent, over the longer run, with its mandate to promote maximum employment and price stability."
2010-09-21,dovish,"With substantial resource slack continuing to restrain cost pressures and longer-term inflation expectations stable, inflation is likely to remain subdued for some time before rising to levels the Committee considers consistent with its mandate."
2010-09-21,dovish,"The Committee will maintain the target range for the federal funds rate at 0 to 1/4 percent and continues to anticipate that economic conditions, including low rates of resource utilization, subdued inflation trends, and stable inflation expectations, are likely to warrant exceptionally low levels for the federal funds rate for an extended period."
2010-09-21,neutral,The Committee also will maintain its existing policy of reinvesting principal payments from its securities holdings.
2010-09-21,dovish,"The Committee will continue to monitor the economic outlook and financial developments and is prepared to provide additional accommodation if needed to support the economic recovery and to return inflation, over time, to levels consistent with its mandate."
2010-09-21,neutral,"Hoenig, who judged that the economy continues to recover at a moderate pace."
2010-09-21,dovish,"Accordingly, he believed that continuing to express the expectation of exceptionally low levels of the federal funds rate for an extended period was no longer warranted and will lead to future imbalances that undermine stable long-run growth."
2010-09-21,neutral,"In addition, given economic and financial conditions, Mr."
2010-09-21,neutral,Hoenig did not believe that continuing to reinvest principal payments from its securities holdings was required to support the Committeeâs policy objectives.
2010-11-03,dovish,"Household spending is increasing gradually, but remains constrained by high unemployment, modest income growth, lower housing wealth, and tight credit."
2010-11-03,neutral,"Business spending on equipment and software is rising, though less rapidly than earlier in the year, while investment in nonresidential structures continues to be weak."
2010-11-03,neutral,Employers remain reluctant to add to payrolls.
2010-11-03,dovish,Housing starts continue to be depressed.
2010-11-03,neutral,"Longer-term inflation expectations have remained stable, but measures of underlying inflation have trended lower in recent quarters."
2010-11-03,dovish,"Consistent with its statutory mandate, the Committee seeks to foster maximum employment and price stability."
2010-11-03,dovish,"Currently, the unemployment rate is elevated, and measures of underlying inflation are somewhat low, relative to levels that the Committee judges to be consistent, over the longer run, with its dual mandate."
2010-11-03,neutral,"Although the Committee anticipates a gradual return to higher levels of resource utilization in a context of price stability, progress toward its objectives has been disappointingly slow."
2010-11-03,dovish,"To promote a stronger pace of economic recovery and to help ensure that inflation, over time, is at levels consistent with its mandate, the Committee decided today to expand its holdings of securities."
2010-11-03,neutral,The Committee will maintain its existing policy of reinvesting principal payments from its securities holdings.
2010-11-03,dovish,"In addition, the Committee intends to purchase a further $600 billion of longer-term Treasury securities by the end of the second quarter of 2011, a pace of about $75 billion per month."
2010-11-03,dovish,The Committee will regularly review the pace of its securities purchases and the overall size of the asset-purchase program in light of incoming information and will adjust the program as needed to best foster maximum employment and price stability.
2010-11-03,dovish,"The Committee will maintain the target range for the federal funds rate at 0 to 1/4 percent and continues to anticipate that economic conditions, including low rates of resource utilization, subdued inflation trends, and stable inflation expectations, are likely to warrant exceptionally low levels for the federal funds rate for an extended period."
2010-11-03,dovish,"The Committee will continue to monitor the economic outlook and financial developments and will employ its policy tools as necessary to support the economic recovery and to help ensure that inflation, over time, is at levels consistent with its mandate."
2010-11-03,neutral,Hoenig believed the risks of additional securities purchases outweighed the benefits.
2010-11-03,dovish,"Hoenig also was concerned that this continued high level of monetary accommodation increased the risks of future financial imbalances and, over time, would cause an increase in long-term inflation expectations that could destabilize the economy."
2010-11-03,neutral,Statement from Federal Reserve Bank of New York
2010-12-14,dovish,"Household spending is increasing at a moderate pace, but remains constrained by high unemployment, modest income growth, lower housing wealth, and tight credit."
2010-12-14,neutral,"Business spending on equipment and software is rising, though less rapidly than earlier in the year, while investment in nonresidential structures continues to be weak."
2010-12-14,neutral,Employers remain reluctant to add to payrolls.
2010-12-14,dovish,The housing sector continues to be depressed.
2010-12-14,dovish,"Longer-term inflation expectations have remained stable, but measures of underlying inflation have continued to trend downward."
2010-12-14,dovish,"Consistent with its statutory mandate, the Committee seeks to foster maximum employment and price stability."
2010-12-14,dovish,"Currently, the unemployment rate is elevated, and measures of underlying inflation are somewhat low, relative to levels that the Committee judges to be consistent, over the longer run, with its dual mandate."
2010-12-14,neutral,"Although the Committee anticipates a gradual return to higher levels of resource utilization in a context of price stability, progress toward its objectives has been disappointingly slow."
2010-12-14,dovish,"To promote a stronger pace of economic recovery and to help ensure that inflation, over time, is at levels consistent with its mandate, the Committee decided today to continue expanding its holdings of securities as announced in November."
2010-12-14,neutral,The Committee will maintain its existing policy of reinvesting principal payments from its securities holdings.
2010-12-14,dovish,"In addition, the Committee intends to purchase $600 billion of longer-term Treasury securities by the end of the second quarter of 2011, a pace of about $75 billion per month."
2010-12-14,dovish,The Committee will regularly review the pace of its securities purchases and the overall size of the asset-purchase program in light of incoming information and will adjust the program as needed to best foster maximum employment and price stability.
2010-12-14,dovish,"The Committee will maintain the target range for the federal funds rate at 0 to 1/4 percent and continues to anticipate that economic conditions, including low rates of resource utilization, subdued inflation trends, and stable inflation expectations, are likely to warrant exceptionally low levels for the federal funds rate for an extended period."
2010-12-14,dovish,"The Committee will continue to monitor the economic outlook and financial developments and will employ its policy tools as necessary to support the economic recovery and to help ensure that inflation, over time, is at levels consistent with its mandate."
2010-12-14,hawkish,"In light of the improving economy, Mr."
2010-12-14,dovish,"Hoenig was concerned that a continued high level of monetary accommodation would increase the risks of future economic and financial imbalances and, over time, would cause an increase in long-term inflation expectations that could destabilize the economy."
2011-01-26,dovish,"Growth in household spending picked up late last year, but remains constrained by high unemployment, modest income growth, lower housing wealth, and tight credit."
2011-01-26,neutral,"Business spending on equipment and software is rising, while investment in nonresidential structures is still weak."
2011-01-26,neutral,Employers remain reluctant to add to payrolls.
2011-01-26,dovish,The housing sector continues to be depressed.
2011-01-26,neutral,"Although commodity prices have risen, longer-term inflation expectations have remained stable, and measures of underlying inflation have been trending downward."
2011-01-26,dovish,"Consistent with its statutory mandate, the Committee seeks to foster maximum employment and price stability."
2011-01-26,dovish,"Currently, the unemployment rate is elevated, and measures of underlying inflation are somewhat low, relative to levels that the Committee judges to be consistent, over the longer run, with its dual mandate."
2011-01-26,neutral,"Although the Committee anticipates a gradual return to higher levels of resource utilization in a context of price stability, progress toward its objectives has been disappointingly slow."
2011-01-26,dovish,"To promote a stronger pace of economic recovery and to help ensure that inflation, over time, is at levels consistent with its mandate, the Committee decided today to continue expanding its holdings of securities as announced in November."
2011-01-26,dovish,"In particular, the Committee is maintaining its existing policy of reinvesting principal payments from its securities holdings and intends to purchase $600 billion of longer-term Treasury securities by the end of the second quarter of 2011."
2011-01-26,dovish,The Committee will regularly review the pace of its securities purchases and the overall size of the asset-purchase program in light of incoming information and will adjust the program as needed to best foster maximum employment and price stability.
2011-01-26,dovish,"The Committee will maintain the target range for the federal funds rate at 0 to 1/4 percent and continues to anticipate that economic conditions, including low rates of resource utilization, subdued inflation trends, and stable inflation expectations, are likely to warrant exceptionally low levels for the federal funds rate for an extended period."
2011-01-26,dovish,"The Committee will continue to monitor the economic outlook and financial developments and will employ its policy tools as necessary to support the economic recovery and to help ensure that inflation, over time, is at levels consistent with its mandate."
2011-03-15,neutral,Household spending and business investment in equipment and software continue to expand.
2011-03-15,dovish,"However, investment in nonresidential structures is still weak, and the housing sector continues to be depressed."
2011-03-15,hawkish,"Commodity prices have risen significantly since the summer, and concerns about global supplies of crude oil have contributed to a sharp run-up in oil prices in recent weeks."
2011-03-15,neutral,"Nonetheless, longer-term inflation expectations have remained stable, and measures of underlying inflation have been subdued."
2011-03-15,dovish,"Consistent with its statutory mandate, the Committee seeks to foster maximum employment and price stability."
2011-03-15,dovish,"Currently, the unemployment rate remains elevated, and measures of underlying inflation continue to be somewhat low, relative to levels that the Committee judges to be consistent, over the longer run, with its dual mandate."
2011-03-15,hawkish,The recent increases in the prices of energy and other commodities are currently putting upward pressure on inflation.
2011-03-15,neutral,"The Committee expects these effects to be transitory, but it will pay close attention to the evolution of inflation and inflation expectations."
2011-03-15,neutral,The Committee continues to anticipate a gradual return to higher levels of resource utilization in a context of price stability.
2011-03-15,dovish,"To promote a stronger pace of economic recovery and to help ensure that inflation, over time, is at levels consistent with its mandate, the Committee decided today to continue expanding its holdings of securities as announced in November."
2011-03-15,dovish,"In particular, the Committee is maintaining its existing policy of reinvesting principal payments from its securities holdings and intends to purchase $600 billion of longer-term Treasury securities by the end of the second quarter of 2011."
2011-03-15,dovish,The Committee will regularly review the pace of its securities purchases and the overall size of the asset-purchase program in light of incoming information and will adjust the program as needed to best foster maximum employment and price stability.
2011-03-15,dovish,"The Committee will maintain the target range for the federal funds rate at 0 to 1/4 percent and continues to anticipate that economic conditions, including low rates of resource utilization, subdued inflation trends, and stable inflation expectations, are likely to warrant exceptionally low levels for the federal funds rate for an extended period."
2011-03-15,dovish,"The Committee will continue to monitor the economic outlook and financial developments and will employ its policy tools as necessary to support the economic recovery and to help ensure that inflation, over time, is at levels consistent with its mandate."
2011-04-27,neutral,Household spending and business investment in equipment and software continue to expand.
2011-04-27,dovish,"However, investment in nonresidential structures is still weak, and the housing sector continues to be depressed."
2011-04-27,hawkish,"Commodity prices have risen significantly since last summer, and concerns about global supplies of crude oil have contributed to a further increase in oil prices since the Committee met in March."
2011-04-27,neutral,"Inflation has picked up in recent months, but longer-term inflation expectations have remained stable and measures of underlying inflation are still subdued."
2011-04-27,dovish,"Consistent with its statutory mandate, the Committee seeks to foster maximum employment and price stability."
2011-04-27,dovish,"The unemployment rate remains elevated, and measures of underlying inflation continue to be somewhat low, relative to levels that the Committee judges to be consistent, over the longer run, with its dual mandate."
2011-04-27,hawkish,Increases in the prices of energy and other commodities have pushed up inflation in recent months.
2011-04-27,neutral,"The Committee expects these effects to be transitory, but it will pay close attention to the evolution of inflation and inflation expectations."
2011-04-27,neutral,The Committee continues to anticipate a gradual return to higher levels of resource utilization in a context of price stability.
2011-04-27,dovish,"To promote a stronger pace of economic recovery and to help ensure that inflation, over time, is at levels consistent with its mandate, the Committee decided today to continue expanding its holdings of securities as announced in November."
2011-04-27,dovish,"In particular, the Committee is maintaining its existing policy of reinvesting principal payments from its securities holdings and will complete purchases of $600 billion of longer-term Treasury securities by the end of the current quarter."
2011-04-27,dovish,The Committee will regularly review the size and composition of its securities holdings in light of incoming information and is prepared to adjust those holdings as needed to best foster maximum employment and price stability.
2011-04-27,dovish,"The Committee will maintain the target range for the federal funds rate at 0 to 1/4 percent and continues to anticipate that economic conditions, including low rates of resource utilization, subdued inflation trends, and stable inflation expectations, are likely to warrant exceptionally low levels for the federal funds rate for an extended period."
2011-04-27,dovish,"The Committee will continue to monitor the economic outlook and financial developments and will employ its policy tools as necessary to support the economic recovery and to help ensure that inflation, over time, is at levels consistent with its mandate."
2011-06-22,dovish,"Also, recent labor market indicators have been weaker than anticipated."
2011-06-22,dovish,"The slower pace of the recovery reflects in part factors that are likely to be temporary, including the damping effect of higher food and energy prices on consumer purchasing power and spending as well as supply chain disruptions associated with the tragic events in Japan."
2011-06-22,neutral,Household spending and business investment in equipment and software continue to expand.
2011-06-22,dovish,"However, investment in nonresidential structures is still weak, and the housing sector continues to be depressed."
2011-06-22,hawkish,"Inflation has picked up in recent months, mainly reflecting higher prices for some commodities and imported goods, as well as the recent supply chain disruptions."
2011-06-22,neutral,"However, longer-term inflation expectations have remained stable."
2011-06-22,dovish,"Consistent with its statutory mandate, the Committee seeks to foster maximum employment and price stability."
2011-06-22,dovish,"The unemployment rate remains elevated; however, the Committee expects the pace of recovery to pick up over coming quarters and the unemployment rate to resume its gradual decline toward levels that the Committee judges to be consistent with its dual mandate."
2011-06-22,neutral,"Inflation has moved up recently, but the Committee anticipates that inflation will subside to levels at or below those consistent with the Committee's dual mandate as the effects of past energy and other commodity price increases dissipate."
2011-06-22,neutral,"However, the Committee will continue to pay close attention to the evolution of inflation and inflation expectations."
2011-06-22,dovish,"To promote the ongoing economic recovery and to help ensure that inflation, over time, is at levels consistent with its mandate, the Committee decided today to keep the target range for the federal funds rate at 0 to 1/4 percent."
2011-06-22,dovish,The Committee continues to anticipate that economic conditions--including low rates of resource utilization and a subdued outlook for inflation over the medium run--are likely to warrant exceptionally low levels for the federal funds rate for an extended period.
2011-06-22,dovish,The Committee will complete its purchases of $600 billion of longer-term Treasury securities by the end of this month and will maintain its existing policy of reinvesting principal payments from its securities holdings.
2011-06-22,neutral,The Committee will regularly review the size and composition of its securities holdings and is prepared to adjust those holdings as appropriate.
2011-06-22,dovish,The Committee will monitor the economic outlook and financial developments and will act as needed to best foster maximum employment and price stability.
2011-08-09,dovish,"Indicators suggest a deterioration in overall labor market conditions in recent months, and the unemployment rate has moved up."
2011-08-09,dovish,"Household spending has flattened out, investment in nonresidential structures is still weak, and the housing sector remains depressed."
2011-08-09,neutral,"However, business investment in equipment and software continues to expand."
2011-08-09,dovish,"Temporary factors, including the damping effect of higher food and energy prices on consumer purchasing power and spending as well as supply chain disruptions associated with the tragic events in Japan, appear to account for only some of the recent weakness in economic activity."
2011-08-09,hawkish,"Inflation picked up earlier in the year, mainly reflecting higher prices for some commodities and imported goods, as well as the supply chain disruptions."
2011-08-09,neutral,"More recently, inflation has moderated as prices of energy and some commodities have declined from their earlier peaks."
2011-08-09,neutral,Longer-term inflation expectations have remained stable.
2011-08-09,dovish,"Consistent with its statutory mandate, the Committee seeks to foster maximum employment and price stability."
2011-08-09,dovish,The Committee now expects a somewhat slower pace of recovery over coming quarters than it did at the time of the previous meeting and anticipates that the unemployment rate will decline only gradually toward levels that the Committee judges to be consistent with its dual mandate.
2011-08-09,neutral,"Moreover, downside risks to the economic outlook have increased."
2011-08-09,neutral,"The Committee also anticipates that inflation will settle, over coming quarters, at levels at or below those consistent with the Committee's dual mandate as the effects of past energy and other commodity price increases dissipate further."
2011-08-09,neutral,"However, the Committee will continue to pay close attention to the evolution of inflation and inflation expectations."
2011-08-09,dovish,"To promote the ongoing economic recovery and to help ensure that inflation, over time, is at levels consistent with its mandate, the Committee decided today to keep the target range for the federal funds rate at 0 to 1/4 percent."
2011-08-09,dovish,The Committee currently anticipates that economic conditions--including low rates of resource utilization and a subdued outlook for inflation over the medium run--are likely to warrant exceptionally low levels for the federal funds rate at least through mid-2013.
2011-08-09,neutral,The Committee also will maintain its existing policy of reinvesting principal payments from its securities holdings.
2011-08-09,neutral,The Committee will regularly review the size and composition of its securities holdings and is prepared to adjust those holdings as appropriate.
2011-08-09,hawkish,The Committee discussed the range of policy tools available to promote a stronger economic recovery in a context of price stability.
2011-08-09,neutral,It will continue to assess the economic outlook in light of incoming information and is prepared to employ these tools as appropriate.
2011-08-09,neutral,"Fisher, Narayana Kocherlakota, and Charles I."
2011-08-09,dovish,"Plosser, who would have preferred to continue to describe economic conditions as likely to warrant exceptionally low levels for the federal funds rate for an extended period."
2011-09-21,dovish,"Recent indicators point to continuing weakness in overall labor market conditions, and the unemployment rate remains elevated."
2011-09-21,neutral,Household spending has been increasing at only a modest pace in recent months despite some recovery in sales of motor vehicles as supply-chain disruptions eased.
2011-09-21,dovish,"Investment in nonresidential structures is still weak, and the housing sector remains depressed."
2011-09-21,neutral,"However, business investment in equipment and software continues to expand."
2011-09-21,neutral,Inflation appears to have moderated since earlier in the year as prices of energy and some commodities have declined from their peaks.
2011-09-21,neutral,Longer-term inflation expectations have remained stable.
2011-09-21,dovish,"Consistent with its statutory mandate, the Committee seeks to foster maximum employment and price stability."
2011-09-21,dovish,The Committee continues to expect some pickup in the pace of recovery over coming quarters but anticipates that the unemployment rate will decline only gradually toward levels that the Committee judges to be consistent with its dual mandate.
2011-09-21,dovish,"Moreover, there are significant downside risks to the economic outlook, including strains in global financial markets."
2011-09-21,neutral,"The Committee also anticipates that inflation will settle, over coming quarters, at levels at or below those consistent with the Committee's dual mandate as the effects of past energy and other commodity price increases dissipate further."
2011-09-21,neutral,"However, the Committee will continue to pay close attention to the evolution of inflation and inflation expectations."
2011-09-21,dovish,"To support a stronger economic recovery and to help ensure that inflation, over time, is at levels consistent with the dual mandate, the Committee decided today to extend the average maturity of its holdings of securities."
2011-09-21,dovish,"The Committee intends to purchase, by the end of June 2012, $400 billion of Treasury securities with remaining maturities of 6 years to 30 years and to sell an equal amount of Treasury securities with remaining maturities of 3 years or less."
2011-09-21,dovish,This program should put downward pressure on longer-term interest rates and help make broader financial conditions more accommodative.
2011-09-21,neutral,The Committee will regularly review the size and composition of its securities holdings and is prepared to adjust those holdings as appropriate.
2011-09-21,dovish,"To help support conditions in mortgage markets, the Committee will now reinvest principal payments from its holdings of agency debt and agency mortgage-backed securities in agency mortgage-backed securities."
2011-09-21,dovish,"In addition, the Committee will maintain its existing policy of rolling over maturing Treasury securities at auction."
2011-09-21,dovish,The Committee also decided to keep the target range for the federal funds rate at 0 to 1/4 percent and currently anticipates that economic conditions--including low rates of resource utilization and a subdued outlook for inflation over the medium run--are likely to warrant exceptionally low levels for the federal funds rate at least through mid-2013.
2011-09-21,hawkish,The Committee discussed the range of policy tools available to promote a stronger economic recovery in a context of price stability.
2011-09-21,neutral,It will continue to assess the economic outlook in light of incoming information and is prepared to employ its tools as appropriate.
2011-09-21,neutral,"Fisher, Narayana Kocherlakota, and Charles I."
2011-09-21,neutral,"Plosser, who did not support additional policy accommodation at this time."
2011-09-21,neutral,"Maturity Extension Program and Reinvestment Policy Frequently Asked Questions: Maturity Extension Program and Reinvestment Policy Current FAQs September 21, 2011 What is the Federal Reserve's maturity extension program (referred to by some as ""operation twist"") and what is its purpose?"
2011-11-02,dovish,"Nonetheless, recent indicators point to continuing weakness in overall labor market conditions, and the unemployment rate remains elevated."
2011-11-02,neutral,Household spending has increased at a somewhat faster pace in recent months.
2011-11-02,dovish,"Business investment in equipment and software has continued to expand, but investment in nonresidential structures is still weak, and the housing sector remains depressed."
2011-11-02,neutral,Inflation appears to have moderated since earlier in the year as prices of energy and some commodities have declined from their peaks.
2011-11-02,neutral,Longer-term inflation expectations have remained stable.
2011-11-02,dovish,"Consistent with its statutory mandate, the Committee seeks to foster maximum employment and price stability."
2011-11-02,neutral,The Committee continues to expect a moderate pace of economic growth over coming quarters and consequently anticipates that the unemployment rate will decline only gradually toward levels that the Committee judges to be consistent with its dual mandate.
2011-11-02,dovish,"Moreover, there are significant downside risks to the economic outlook, including strains in global financial markets."
2011-11-02,neutral,"The Committee also anticipates that inflation will settle, over coming quarters, at levels at or below those consistent with the Committee's dual mandate as the effects of past energy and other commodity price increases dissipate further."
2011-11-02,neutral,"However, the Committee will continue to pay close attention to the evolution of inflation and inflation expectations."
2011-11-02,dovish,"To support a stronger economic recovery and to help ensure that inflation, over time, is at levels consistent with the dual mandate, the Committee decided today to continue its program to extend the average maturity of its holdings of securities as announced in September."
2011-11-02,dovish,The Committee is maintaining its existing policies of reinvesting principal payments from its holdings of agency debt and agency mortgage-backed securities in agency mortgage-backed securities and of rolling over maturing Treasury securities at auction.
2011-11-02,neutral,The Committee will regularly review the size and composition of its securities holdings and is prepared to adjust those holdings as appropriate.
2011-11-02,dovish,The Committee also decided to keep the target range for the federal funds rate at 0 to 1/4 percent and currently anticipates that economic conditions--including low rates of resource utilization and a subdued outlook for inflation over the medium run--are likely to warrant exceptionally low levels for the federal funds rate at least through mid-2013.
2011-11-02,hawkish,The Committee will continue to assess the economic outlook in light of incoming information and is prepared to employ its tools to promote a stronger economic recovery in a context of price stability.
2011-11-02,neutral,"Evans, who supported additional policy accommodation at this time."
2011-12-13,dovish,"While indicators point to some improvement in overall labor market conditions, the unemployment rate remains elevated."
2011-12-13,neutral,"Household spending has continued to advance, but business fixed investment appears to be increasing less rapidly and the housing sector remains depressed."
2011-12-13,neutral,"Inflation has moderated since earlier in the year, and longer-term inflation expectations have remained stable."
2011-12-13,dovish,"Consistent with its statutory mandate, the Committee seeks to foster maximum employment and price stability."
2011-12-13,neutral,The Committee continues to expect a moderate pace of economic growth over coming quarters and consequently anticipates that the unemployment rate will decline only gradually toward levels that the Committee judges to be consistent with its dual mandate.
2011-12-13,dovish,Strains in global financial markets continue to pose significant downside risks to the economic outlook.
2011-12-13,neutral,"The Committee also anticipates that inflation will settle, over coming quarters, at levels at or below those consistent with the Committeeâs dual mandate."
2011-12-13,neutral,"However, the Committee will continue to pay close attention to the evolution of inflation and inflation expectations."
2011-12-13,dovish,"To support a stronger economic recovery and to help ensure that inflation, over time, is at levels consistent with the dual mandate, the Committee decided today to continue its program to extend the average maturity of its holdings of securities as announced in September."
2011-12-13,dovish,The Committee is maintaining its existing policies of reinvesting principal payments from its holdings of agency debt and agency mortgage-backed securities in agency mortgage-backed securities and of rolling over maturing Treasury securities at auction.
2011-12-13,neutral,The Committee will regularly review the size and composition of its securities holdings and is prepared to adjust those holdings as appropriate.
2011-12-13,dovish,The Committee also decided to keep the target range for the federal funds rate at 0 to 1/4 percent and currently anticipates that economic conditions--including low rates of resource utilization and a subdued outlook for inflation over the medium run--are likely to warrant exceptionally low levels for the federal funds rate at least through mid-2013.
2011-12-13,hawkish,The Committee will continue to assess the economic outlook in light of incoming information and is prepared to employ its tools to promote a stronger economic recovery in a context of price stability.
2011-12-13,neutral,"Evans, who supported additional policy accommodation at this time."
2012-01-25,dovish,"While indicators point to some further improvement in overall labor market conditions, the unemployment rate remains elevated."
2012-01-25,neutral,"Household spending has continued to advance, but growth in business fixed investment has slowed, and the housing sector remains depressed."
2012-01-25,neutral,"Inflation has been subdued in recent months, and longer-term inflation expectations have remained stable."
2012-01-25,dovish,"Consistent with its statutory mandate, the Committee seeks to foster maximum employment and price stability."
2012-01-25,neutral,The Committee expects economic growth over coming quarters to be modest and consequently anticipates that the unemployment rate will decline only gradually toward levels that the Committee judges to be consistent with its dual mandate.
2012-01-25,dovish,Strains in global financial markets continue to pose significant downside risks to the economic outlook.
2012-01-25,neutral,"The Committee also anticipates that over coming quarters, inflation will run at levels at or below those consistent with the Committee's dual mandate."
2012-01-25,dovish,"To support a stronger economic recovery and to help ensure that inflation, over time, is at levels consistent with the dual mandate, the Committee expects to maintain a highly accommodative stance for monetary policy."
2012-01-25,dovish,"In particular, the Committee decided today to keep the target range for the federal funds rate at 0 to 1/4 percent and currently anticipates that economic conditions--including low rates of resource utilization and a subdued outlook for inflation over the medium run--are likely to warrant exceptionally low levels for the federal funds rate at least through late 2014."
2012-01-25,neutral,The Committee also decided to continue its program to extend the average maturity of its holdings of securities as announced in September.
2012-01-25,dovish,The Committee is maintaining its existing policies of reinvesting principal payments from its holdings of agency debt and agency mortgage-backed securities in agency mortgage-backed securities and of rolling over maturing Treasury securities at auction.
2012-01-25,hawkish,The Committee will regularly review the size and composition of its securities holdings and is prepared to adjust those holdings as appropriate to promote a stronger economic recovery in a context of price stability.
2012-01-25,dovish,"Lacker, who preferred to omit the description of the time period over which economic conditions are likely to warrant exceptionally low levels of the federal funds rate."
2012-03-13,hawkish,Labor market conditions have improved further; the unemployment rate has declined notably in recent months but remains elevated.
2012-03-13,neutral,Household spending and business fixed investment have continued to advance.
2012-03-13,dovish,The housing sector remains depressed.
2012-03-13,neutral,"Inflation has been subdued in recent months, although prices of crude oil and gasoline have increased lately."
2012-03-13,neutral,Longer-term inflation expectations have remained stable.
2012-03-13,dovish,"Consistent with its statutory mandate, the Committee seeks to foster maximum employment and price stability."
2012-03-13,neutral,The Committee expects moderate economic growth over coming quarters and consequently anticipates that the unemployment rate will decline gradually toward levels that the Committee judges to be consistent with its dual mandate.
2012-03-13,dovish,"Strains in global financial markets have eased, though they continue to pose significant downside risks to the economic outlook."
2012-03-13,dovish,"The recent increase in oil and gasoline prices will push up inflation temporarily, but the Committee anticipates that subsequently inflation will run at or below the rate that it judges most consistent with its dual mandate."
2012-03-13,dovish,"To support a stronger economic recovery and to help ensure that inflation, over time, is at the rate most consistent with its dual mandate, the Committee expects to maintain a highly accommodative stance for monetary policy."
2012-03-13,dovish,"In particular, the Committee decided today to keep the target range for the federal funds rate at 0 to 1/4 percent and currently anticipates that economic conditions--including low rates of resource utilization and a subdued outlook for inflation over the medium run--are likely to warrant exceptionally low levels for the federal funds rate at least through late 2014."
2012-03-13,neutral,The Committee also decided to continue its program to extend the average maturity of its holdings of securities as announced in September.
2012-03-13,dovish,The Committee is maintaining its existing policies of reinvesting principal payments from its holdings of agency debt and agency mortgage-backed securities in agency mortgage-backed securities and of rolling over maturing Treasury securities at auction.
2012-03-13,hawkish,The Committee will regularly review the size and composition of its securities holdings and is prepared to adjust those holdings as appropriate to promote a stronger economic recovery in a context of price stability.
2012-03-13,dovish,"Lacker, who does not anticipate that economic conditions are likely to warrant exceptionally low levels of the federal funds rate through late 2014."
2012-04-25,hawkish,Labor market conditions have improved in recent months; the unemployment rate has declined but remains elevated.
2012-04-25,neutral,Household spending and business fixed investment have continued to advance.
2012-04-25,dovish,"Despite some signs of improvement, the housing sector remains depressed."
2012-04-25,hawkish,"Inflation has picked up somewhat, mainly reflecting higher prices of crude oil and gasoline."
2012-04-25,neutral,"However, longer-term inflation expectations have remained stable."
2012-04-25,dovish,"Consistent with its statutory mandate, the Committee seeks to foster maximum employment and price stability."
2012-04-25,neutral,The Committee expects economic growth to remain moderate over coming quarters and then to pick up gradually.
2012-04-25,neutral,"Consequently, the Committee anticipates that the unemployment rate will decline gradually toward levels that it judges to be consistent with its dual mandate."
2012-04-25,dovish,Strains in global financial markets continue to pose significant downside risks to the economic outlook.
2012-04-25,dovish,"The increase in oil and gasoline prices earlier this year is expected to affect inflation only temporarily, and the Committee anticipates that subsequently inflation will run at or below the rate that it judges most consistent with its dual mandate."
2012-04-25,dovish,"To support a stronger economic recovery and to help ensure that inflation, over time, is at the rate most consistent with its dual mandate, the Committee expects to maintain a highly accommodative stance for monetary policy."
2012-04-25,dovish,"In particular, the Committee decided today to keep the target range for the federal funds rate at 0 to 1/4 percent and currently anticipates that economic conditions--including low rates of resource utilization and a subdued outlook for inflation over the medium run--are likely to warrant exceptionally low levels for the federal funds rate at least through late 2014."
2012-04-25,neutral,The Committee also decided to continue its program to extend the average maturity of its holdings of securities as announced in September.
2012-04-25,dovish,The Committee is maintaining its existing policies of reinvesting principal payments from its holdings of agency debt and agency mortgage-backed securities in agency mortgage-backed securities and of rolling over maturing Treasury securities at auction.
2012-04-25,hawkish,The Committee will regularly review the size and composition of its securities holdings and is prepared to adjust those holdings as appropriate to promote a stronger economic recovery in a context of price stability.
2012-04-25,dovish,"Lacker, who does not anticipate that economic conditions are likely to warrant exceptionally low levels of the federal funds rate through late 2014."
2012-06-20,dovish,"However, growth in employment has slowed in recent months, and the unemployment rate remains elevated."
2012-06-20,neutral,Business fixed investment has continued to advance.
2012-06-20,neutral,Household spending appears to be rising at a somewhat slower pace than earlier in the year.
2012-06-20,dovish,"Despite some signs of improvement, the housing sector remains depressed."
2012-06-20,dovish,"Inflation has declined, mainly reflecting lower prices of crude oil and gasoline, and longer-term inflation expectations have remained stable."
2012-06-20,dovish,"Consistent with its statutory mandate, the Committee seeks to foster maximum employment and price stability."
2012-06-20,neutral,The Committee expects economic growth to remain moderate over coming quarters and then to pick up very gradually.
2012-06-20,neutral,"Consequently, the Committee anticipates that the unemployment rate will decline only slowly toward levels that it judges to be consistent with its dual mandate."
2012-06-20,dovish,"Furthermore, strains in global financial markets continue to pose significant downside risks to the economic outlook."
2012-06-20,dovish,The Committee anticipates that inflation over the medium term will run at or below the rate that it judges most consistent with its dual mandate.
2012-06-20,dovish,"To support a stronger economic recovery and to help ensure that inflation, over time, is at the rate most consistent with its dual mandate, the Committee expects to maintain a highly accommodative stance for monetary policy."
2012-06-20,dovish,"In particular, the Committee decided today to keep the target range for the federal funds rate at 0 to 1/4 percent and currently anticipates that economic conditions--including low rates of resource utilization and a subdued outlook for inflation over the medium run--are likely to warrant exceptionally low levels for the federal funds rate at least through late 2014."
2012-06-20,dovish,The Committee also decided to continue through the end of the year its program to extend the average maturity of its holdings of securities.
2012-06-20,neutral,"Specifically, the Committee intends to purchase Treasury securities with remaining maturities of 6 years to 30 years at the current pace and to sell or redeem an equal amount of Treasury securities with remaining maturities of approximately 3 years or less."
2012-06-20,dovish,This continuation of the maturity extension program should put downward pressure on longer-term interest rates and help to make broader financial conditions more accommodative.
2012-06-20,neutral,The Committee is maintaining its existing policy of reinvesting principal payments from its holdings of agency debt and agency mortgage-backed securities in agency mortgage-backed securities.
2012-06-20,hawkish,The Committee is prepared to take further action as appropriate to promote a stronger economic recovery and sustained improvement in labor market conditions in a context of price stability.
2012-06-20,neutral,"Lacker, who opposed continuation of the maturity extension program."
2012-06-20,neutral,Statement Regarding Continuation of the Maturity Extension Program
2012-08-01,dovish,"Growth in employment has been slow in recent months, and the unemployment rate remains elevated."
2012-08-01,neutral,Business fixed investment has continued to advance.
2012-08-01,neutral,Household spending has been rising at a somewhat slower pace than earlier in the year.
2012-08-01,dovish,"Despite some further signs of improvement, the housing sector remains depressed."
2012-08-01,dovish,"Inflation has declined since earlier this year, mainly reflecting lower prices of crude oil and gasoline, and longer-term inflation expectations have remained stable."
2012-08-01,dovish,"Consistent with its statutory mandate, the Committee seeks to foster maximum employment and price stability."
2012-08-01,neutral,The Committee expects economic growth to remain moderate over coming quarters and then to pick up very gradually.
2012-08-01,neutral,"Consequently, the Committee anticipates that the unemployment rate will decline only slowly toward levels that it judges to be consistent with its dual mandate."
2012-08-01,dovish,"Furthermore, strains in global financial markets continue to pose significant downside risks to the economic outlook."
2012-08-01,dovish,The Committee anticipates that inflation over the medium term will run at or below the rate that it judges most consistent with its dual mandate.
2012-08-01,dovish,"To support a stronger economic recovery and to help ensure that inflation, over time, is at the rate most consistent with its dual mandate, the Committee expects to maintain a highly accommodative stance for monetary policy."
2012-08-01,dovish,"In particular, the Committee decided today to keep the target range for the federal funds rate at 0 to 1/4 percent and currently anticipates that economic conditions--including low rates of resource utilization and a subdued outlook for inflation over the medium run--are likely to warrant exceptionally low levels for the federal funds rate at least through late 2014."
2012-08-01,neutral,"The Committee also decided to continue through the end of the year its program to extend the average maturity of its holdings of securities as announced in June, and it is maintaining its existing policy of reinvesting principal payments from its holdings of agency debt and agency mortgage-backed securities in agency mortgage-backed securities."
2012-08-01,hawkish,The Committee will closely monitor incoming information on economic and financial developments and will provide additional accommodation as needed to promote a stronger economic recovery and sustained improvement in labor market conditions in a context of price stability.
2012-08-01,dovish,"Lacker, who preferred to omit the description of the time period over which economic conditions are likely to warrant an exceptionally low level of the federal funds rate."
2012-09-13,dovish,"Growth in employment has been slow, and the unemployment rate remains elevated."
2012-09-13,neutral,"Household spending has continued to advance, but growth in business fixed investment appears to have slowed."
2012-09-13,neutral,"The housing sector has shown some further signs of improvement, albeit from a depressed level."
2012-09-13,neutral,"Inflation has been subdued, although the prices of some key commodities have increased recently."
2012-09-13,neutral,Longer-term inflation expectations have remained stable.
2012-09-13,dovish,"Consistent with its statutory mandate, the Committee seeks to foster maximum employment and price stability."
2012-09-13,dovish,"The Committee is concerned that, without further policy accommodation, economic growth might not be strong enough to generate sustained improvement in labor market conditions."
2012-09-13,dovish,"Furthermore, strains in global financial markets continue to pose significant downside risks to the economic outlook."
2012-09-13,dovish,The Committee also anticipates that inflation over the medium term likely would run at or below its 2 percent objective.
2012-09-13,dovish,"To support a stronger economic recovery and to help ensure that inflation, over time, is at the rate most consistent with its dual mandate, the Committee agreed today to increase policy accommodation by purchasing additional agency mortgage-backed securities at a pace of $40 billion per month."
2012-09-13,dovish,"The Committee also will continue through the end of the year its program to extend the average maturity of its holdings of securities as announced in June, and it is maintaining its existing policy of reinvesting principal payments from its holdings of agency debt and agency mortgage-backed securities in agency mortgage-backed securities."
2012-09-13,dovish,"These actions, which together will increase the Committeeâs holdings of longer-term securities by about $85 billion each month through the end of the year, should put downward pressure on longer-term interest rates, support mortgage markets, and help to make broader financial conditions more accommodative."
2012-09-13,neutral,The Committee will closely monitor incoming information on economic and financial developments in coming months.
2012-09-13,dovish,"If the outlook for the labor market does not improve substantially, the Committee will continue its purchases of agency mortgage-backed securities, undertake additional asset purchases, and employ its other policy tools as appropriate until such improvement is achieved in a context of price stability."
2012-09-13,neutral,"In determining the size, pace, and composition of its asset purchases, the Committee will, as always, take appropriate account of the likely efficacy and costs of such purchases."
2012-09-13,dovish,"To support continued progress toward maximum employment and price stability, the Committee expects that a highly accommodative stance of monetary policy will remain appropriate for a considerable time after the economic recovery strengthens."
2012-09-13,dovish,"In particular, the Committee also decided today to keep the target range for the federal funds rate at 0 to 1/4 percent and currently anticipates that exceptionally low levels for the federal funds rate are likely to be warranted at least through mid-2015."
2012-09-13,dovish,"Lacker, who opposed additional asset purchases and preferred to omit the description of the time period over which exceptionally low levels for the federal funds rate are likely to be warranted."
2012-09-13,neutral,Statement Regarding Transactions in Agency Mortgage-Backed Securities and Treasury Securities
2012-10-24,dovish,"Growth in employment has been slow, and the unemployment rate remains elevated."
2012-10-24,neutral,"Household spending has advanced a bit more quickly, but growth in business fixed investment has slowed."
2012-10-24,neutral,"The housing sector has shown some further signs of improvement, albeit from a depressed level."
2012-10-24,hawkish,"Inflation recently picked up somewhat, reflecting higher energy prices."
2012-10-24,neutral,Longer-term inflation expectations have remained stable.
2012-10-24,dovish,"Consistent with its statutory mandate, the Committee seeks to foster maximum employment and price stability."
2012-10-24,dovish,"The Committee remains concerned that, without sufficient policy accommodation, economic growth might not be strong enough to generate sustained improvement in labor market conditions."
2012-10-24,dovish,"Furthermore, strains in global financial markets continue to pose significant downside risks to the economic outlook."
2012-10-24,dovish,The Committee also anticipates that inflation over the medium term likely would run at or below its 2 percent objective.
2012-10-24,dovish,"To support a stronger economic recovery and to help ensure that inflation, over time, is at the rate most consistent with its dual mandate, the Committee will continue purchasing additional agency mortgage-backed securities at a pace of $40 billion per month."
2012-10-24,dovish,"The Committee also will continue through the end of the year its program to extend the average maturity of its holdings of Treasury securities, and it is maintaining its existing policy of reinvesting principal payments from its holdings of agency debt and agency mortgage-backed  securities in agency mortgage-backed securities."
2012-10-24,dovish,"These actions, which together will increase the Committeeâs holdings of longer-term securities by about $85 billion each month through the end of the year, should put downward pressure on longer-term interest rates, support mortgage markets, and help to make broader financial conditions more accommodative."
2012-10-24,neutral,The Committee will closely monitor incoming information on economic and financial developments in coming months.
2012-10-24,dovish,"If the outlook for the labor market does not improve substantially, the Committee will continue its purchases of agency mortgage-backed securities, undertake additional asset purchases, and employ its other policy tools as appropriate until such improvement is achieved in a context of price stability."
2012-10-24,neutral,"In determining the size, pace, and composition of its asset purchases, the Committee will, as always, take appropriate account of the likely efficacy and costs of such purchases."
2012-10-24,dovish,"To support continued progress toward maximum employment and price stability, the Committee expects that a highly accommodative stance of monetary policy will remain appropriate for a considerable time after the economic recovery strengthens."
2012-10-24,dovish,"In particular, the Committee also decided today to keep the target range for the federal funds rate at 0 to 1/4 percent and currently anticipates that exceptionally low levels for the federal funds rate are likely to be warranted at least through mid-2015."
2012-10-24,dovish,"Lacker, who opposed additional asset purchases and disagreed with the description of the time period over which a highly accommodative stance of monetary policy will remain appropriate and exceptionally low levels for the federal funds rate are likely to be warranted."
2012-12-12,dovish,"Although the unemployment rate has declined somewhat since the summer, it remains elevated."
2012-12-12,neutral,"Household spending has continued to advance, and the housing sector has shown further signs of improvement, but growth in business fixed investment has slowed."
2012-12-12,dovish,"Inflation has been running somewhat below the Committeeâs longer-run objective, apart from temporary variations that largely reflect fluctuations in energy prices."
2012-12-12,neutral,Longer-term inflation expectations have remained stable.
2012-12-12,dovish,"Consistent with its statutory mandate, the Committee seeks to foster maximum employment and price stability."
2012-12-12,dovish,"The Committee remains concerned that, without sufficient policy accommodation, economic growth might not be strong enough to generate sustained improvement in labor market conditions."
2012-12-12,dovish,"Furthermore, strains in global financial markets continue to pose significant downside risks to the economic outlook."
2012-12-12,dovish,The Committee also anticipates that inflation over the medium term likely will run at or below its 2 percent objective.
2012-12-12,dovish,"To support a stronger economic recovery and to help ensure that inflation, over time, is at the rate most consistent with its dual mandate, the Committee will continue purchasing additional agency mortgage-backed securities at a pace of $40 billion per month."
2012-12-12,hawkish,"The Committee also will purchase longer-term Treasury securities after its program to extend the average maturity of its holdings of Treasury securities is completed at the end of the year, initially at a pace of $45 billion per month."
2012-12-12,dovish,"The Committee is maintaining its existing policy of reinvesting principal payments from its holdings of agency debt and agency mortgage-backed securities in agency mortgage-backed securities and, in January, will resume rolling over maturing Treasury securities at auction."
2012-12-12,dovish,"Taken together, these actions should maintain downward pressure on longer-term interest rates, support mortgage markets, and help to make broader financial conditions more accommodative."
2012-12-12,neutral,The Committee will closely monitor incoming information on economic and financial developments in coming months.
2012-12-12,dovish,"If the outlook for the labor market does not improve substantially, the Committee will continue its purchases of Treasury and agency mortgage-backed securities, and employ its other policy tools as appropriate, until such improvement is achieved in a context of price stability."
2012-12-12,neutral,"In determining the size, pace, and composition of its asset purchases, the Committee will, as always, take appropriate account of the likely efficacy and costs of such purchases."
2012-12-12,dovish,"To support continued progress toward maximum employment and price stability, the Committee expects that a highly accommodative stance of monetary policy will remain appropriate for a considerable time after the asset purchase program ends and the economic recovery strengthens."
2012-12-12,dovish,"In particular, the Committee decided to keep the target range for the federal funds rate at 0 to 1/4 percent and currently anticipates that this exceptionally low range for the federal funds rate will be appropriate at least as long as the unemployment rate remains above 6-1/2 percent, inflation between one and two years ahead is projected to be no more than a half percentage point above the Committeeâs 2 percent longer-run goal, and longer-term inflation expectations continue to be well anchored."
2012-12-12,neutral,The Committee views these thresholds as consistent with its earlier date-based guidance.
2012-12-12,dovish,"In determining how long to maintain a highly accommodative stance of monetary policy, the Committee will also consider other information, including additional measures of labor market conditions, indicators of inflation pressures and inflation expectations, and readings on financial developments."
2012-12-12,hawkish,"When the Committee decides to begin to remove policy accommodation, it will take a balanced approach consistent with its longer-run goals of maximum employment and inflation of 2 percent."
2012-12-12,dovish,"Lacker, who opposed the asset purchase program and the characterization of the conditions under which an exceptionally low range for the federal funds rate will be appropriate."
2012-12-12,neutral,Statement Regarding Purchases of Treasury Securities and Agency Mortgage-Backed Securities
2013-01-30,dovish,Employment has continued to expand at a moderate pace but the unemployment rate remains elevated.
2013-01-30,neutral,"Household spending and business fixed investment advanced, and the housing sector has shown further improvement."
2013-01-30,dovish,"Inflation has been running somewhat below the Committeeâs longer-run objective, apart from temporary variations that largely reflect fluctuations in energy prices."
2013-01-30,neutral,Longer-term inflation expectations have remained stable.
2013-01-30,dovish,"Consistent with its statutory mandate, the Committee seeks to foster maximum employment and price stability."
2013-01-30,dovish,"The Committee expects that, with appropriate policy accommodation, economic growth will proceed at a moderate pace and the unemployment rate will gradually decline toward levels the Committee judges consistent with its dual mandate."
2013-01-30,dovish,"Although strains in global financial markets have eased somewhat, the Committee continues to see downside risks to the economic outlook."
2013-01-30,dovish,The Committee also anticipates that inflation over the medium term likely will run at or below its 2 percent objective.
2013-01-30,dovish,"To support a stronger economic recovery and to help ensure that inflation, over time, is at the rate most consistent with its dual mandate, the Committee will continue purchasing additional agency mortgage-backed securities at a pace of $40 billion per month and longer-term Treasury securities at a pace of $45 billion per month."
2013-01-30,dovish,The Committee is maintaining its existing policy of reinvesting principal payments from its holdings of agency debt and agency mortgage-backed securities in agency mortgage-backed securities and of rolling over maturing Treasury securities at auction.
2013-01-30,dovish,"Taken together, these actions should maintain downward pressure on  longer-term interest rates, support mortgage markets, and help to make broader financial conditions more accommodative."
2013-01-30,neutral,The Committee will closely monitor incoming information on economic and financial developments in coming months.
2013-01-30,dovish,"If the outlook for the labor market does not improve substantially, the Committee will continue its purchases of Treasury and agency mortgage-backed securities, and employ its other policy tools as appropriate, until such improvement is achieved in a context of price stability."
2013-01-30,neutral,"In determining the size, pace, and composition of its asset purchases, the Committee will, as always, take appropriate account of the likely efficacy and costs of such purchases."
2013-01-30,dovish,"To support continued progress toward maximum employment and price stability, the Committee expects that a highly accommodative stance of monetary policy will remain appropriate for a considerable time after the asset purchase program ends and the economic recovery strengthens."
2013-01-30,dovish,"In particular, the Committee decided to keep the target range for the federal funds rate at 0 to 1/4 percent and currently anticipates that this exceptionally low range for the federal funds rate will be appropriate at least as long as the unemployment rate remains above 6-1/2 percent, inflation between one and two years ahead is projected to be no more than a half percentage point above the Committeeâs 2 percent longer-run goal, and longer-term inflation expectations continue to be well anchored."
2013-01-30,dovish,"In determining how long to maintain a highly accommodative stance of monetary policy, the Committee will also consider other information, including additional measures of labor market conditions, indicators of inflation pressures and inflation expectations, and readings on financial developments."
2013-01-30,hawkish,"When the Committee decides to begin to remove policy accommodation, it will take a balanced approach consistent with its longer-run goals of maximum employment and inflation of 2 percent."
2013-01-30,hawkish,"George, who was concerned that the continued high level of monetary accommodation increased the risks of future economic and financial imbalances and, over time, could cause an increase in long-term inflation expectations."
2013-03-20,dovish,Labor market conditions have shown signs of improvement in recent months but the unemployment rate remains elevated.
2013-03-20,hawkish,"Household spending and business fixed investment advanced, and the housing sector has strengthened further, but fiscal policy has become somewhat more restrictive."
2013-03-20,dovish,"Inflation has been running somewhat below the Committee's longer-run objective, apart from temporary variations that largely reflect fluctuations in energy prices."
2013-03-20,neutral,Longer-term inflation expectations have remained stable.
2013-03-20,dovish,"Consistent with its statutory mandate, the Committee seeks to foster maximum employment and price stability."
2013-03-20,dovish,"The Committee expects that, with appropriate policy accommodation, economic growth will proceed at a moderate pace and the unemployment rate will gradually decline toward levels the Committee judges consistent with its dual mandate."
2013-03-20,dovish,The Committee continues to see downside risks to the economic outlook.
2013-03-20,dovish,The Committee also anticipates that inflation over the medium term likely will run at or below its 2 percent objective.
2013-03-20,dovish,"To support a stronger economic recovery and to help ensure that inflation, over time, is at the rate most consistent with its dual mandate, the Committee decided to continue purchasing additional agency mortgage-backed securities at a pace of $40 billion per month and longer-term Treasury securities at a pace of $45 billion per month."
2013-03-20,dovish,The Committee is maintaining its existing policy of reinvesting principal payments from its holdings of agency debt and agency mortgage-backed securities in agency mortgage-backed securities and of rolling over maturing Treasury securities at auction.
2013-03-20,dovish,"Taken together, these actions should maintain downward pressure on longer-term interest rates, support mortgage markets, and help to make broader financial conditions more accommodative."
2013-03-20,neutral,The Committee will closely monitor incoming information on economic and financial developments in coming months.
2013-03-20,dovish,"The Committee will continue its purchases of Treasury and agency mortgage-backed securities, and employ its other policy tools as appropriate, until the outlook for the labor market has improved substantially in a context of price stability."
2013-03-20,neutral,"In determining the size, pace, and composition of its asset purchases, the Committee will continue to take appropriate account of the likely efficacy and costs of such purchases as well as the extent of progress toward its economic objectives."
2013-03-20,dovish,"To support continued progress toward maximum employment and price stability, the Committee expects that a highly accommodative stance of monetary policy will remain appropriate for a considerable time after the asset purchase program ends and the economic recovery strengthens."
2013-03-20,dovish,"In particular, the Committee decided to keep the target range for the federal funds rate at 0 to 1/4 percent and currently anticipates that this exceptionally low range for the federal funds rate will be appropriate at least as long as the unemployment rate remains above 6-1/2 percent, inflation between one and two years ahead is projected to be no more than a half percentage point above the Committee's 2 percent longer-run goal, and longer-term inflation expectations continue to be well anchored."
2013-03-20,dovish,"In determining how long to maintain a highly accommodative stance of monetary policy, the Committee will also consider other information, including additional measures of labor market conditions, indicators of inflation pressures and inflation expectations, and readings on financial developments."
2013-03-20,hawkish,"When the Committee decides to begin to remove policy accommodation, it will take a balanced approach consistent with its longer-run goals of maximum employment and inflation of 2 percent."
2013-03-20,hawkish,"George, who was concerned that the continued high level of monetary accommodation increased the risks of future economic and financial imbalances and, over time, could cause an increase in long-term inflation expectations."
2013-05-01,dovish,"Labor market conditions have shown some improvement in recent months, on balance, but the unemployment rate remains elevated."
2013-05-01,neutral,"Household spending and business fixed investment advanced, and the housing sector has strengthened further, but fiscal policy is restraining economic growth."
2013-05-01,dovish,"Inflation has been running somewhat below the Committee's longer-run objective, apart from temporary variations that largely reflect fluctuations in energy prices."
2013-05-01,neutral,Longer-term inflation expectations have remained stable.
2013-05-01,dovish,"Consistent with its statutory mandate, the Committee seeks to foster maximum employment and price stability."
2013-05-01,dovish,"The Committee expects that, with appropriate policy accommodation, economic growth will proceed at a moderate pace and the unemployment rate will gradually decline toward levels the Committee judges consistent with its dual mandate."
2013-05-01,dovish,The Committee continues to see downside risks to the economic outlook.
2013-05-01,dovish,The Committee also anticipates that inflation over the medium term likely will run at or below its 2 percent objective.
2013-05-01,dovish,"To support a stronger economic recovery and to help ensure that inflation, over time, is at the rate most consistent with its dual mandate, the Committee decided to continue purchasing additional agency mortgage-backed securities at a pace of $40 billion per month and longer-term Treasury securities at a pace of $45 billion per month."
2013-05-01,dovish,The Committee is maintaining its existing policy of reinvesting principal payments from its holdings of agency debt and agency mortgage-backed securities in agency mortgage-backed securities and of rolling over maturing Treasury securities at auction.
2013-05-01,dovish,"Taken together, these actions should maintain downward pressure on longer-term interest rates, support mortgage markets, and help to make broader financial conditions more accommodative."
2013-05-01,neutral,The Committee will closely monitor incoming information on economic and financial developments in coming months.
2013-05-01,dovish,"The Committee will continue its purchases of Treasury and agency mortgage-backed securities, and employ its other policy tools as appropriate, until the outlook for the labor market has improved substantially in a context of price stability."
2013-05-01,neutral,The Committee is prepared to increase or reduce the pace of its purchases to maintain appropriate policy accommodation as the outlook for the labor market or inflation changes.
2013-05-01,neutral,"In determining the size, pace, and composition of its asset purchases, the Committee will continue to take appropriate account of the likely efficacy and costs of such purchases as well as the extent of progress toward its economic objectives."
2013-05-01,dovish,"To support continued progress toward maximum employment and price stability, the Committee expects that a highly accommodative stance of monetary policy will remain appropriate for a considerable time after the asset purchase program ends and the economic recovery strengthens."
2013-05-01,dovish,"In particular, the Committee decided to keep the target range for the federal funds rate at 0 to 1/4 percent and currently anticipates that this exceptionally low range for the federal funds rate will be appropriate at least as long as the unemployment rate remains above 6-1/2 percent, inflation between one and two years ahead is projected to be no more than a half percentage point above the Committee's 2 percent longer-run goal, and longer-term inflation expectations continue to be well anchored."
2013-05-01,dovish,"In determining how long to maintain a highly accommodative stance of monetary policy, the Committee will also consider other information, including additional measures of labor market conditions, indicators of inflation pressures and inflation expectations, and readings on financial developments."
2013-05-01,hawkish,"When the Committee decides to begin to remove policy accommodation, it will take a balanced approach consistent with its longer-run goals of maximum employment and inflation of 2 percent."
2013-05-01,hawkish,"George, who was concerned that the continued high level of monetary accommodation increased the risks of future economic and financial imbalances and, over time, could cause an increase in long-term inflation expectations."
2013-06-19,dovish,"Labor market conditions have shown further improvement in recent months, on balance, but the unemployment rate remains elevated."
2013-06-19,neutral,"Household spending and business fixed investment advanced, and the housing sector has strengthened further, but fiscal policy is restraining economic growth."
2013-06-19,dovish,"Partly reflecting transitory influences, inflation has been running below the Committee's longer-run objective, but longer-term inflation expectations have remained stable."
2013-06-19,dovish,"Consistent with its statutory mandate, the Committee seeks to foster maximum employment and price stability."
2013-06-19,dovish,"The Committee expects that, with appropriate policy accommodation, economic growth will proceed at a moderate pace and the unemployment rate will gradually decline toward levels the Committee judges consistent with its dual mandate."
2013-06-19,neutral,The Committee sees the downside risks to the outlook for the economy and the labor market as having diminished since the fall.
2013-06-19,dovish,The Committee also anticipates that inflation over the medium term likely will run at or below its 2 percent objective.
2013-06-19,dovish,"To support a stronger economic recovery and to help ensure that inflation, over time, is at the rate most consistent with its dual mandate, the Committee decided to continue purchasing additional agency mortgage-backed securities at a pace of $40 billion per month and longer-term Treasury securities at a pace of $45 billion per month."
2013-06-19,dovish,The Committee is maintaining its existing policy of reinvesting principal payments from its holdings of agency debt and agency mortgage-backed securities in agency mortgage-backed securities and of rolling over maturing Treasury securities at auction.
2013-06-19,dovish,"Taken together, these actions should maintain downward pressure on longer-term interest rates, support mortgage markets, and help to make broader financial conditions more accommodative."
2013-06-19,neutral,The Committee will closely monitor incoming information on economic and financial developments in coming months.
2013-06-19,dovish,"The Committee will continue its purchases of Treasury and agency mortgage-backed securities, and employ its other policy tools as appropriate, until the outlook for the labor market has improved substantially in a context of price stability."
2013-06-19,neutral,The Committee is prepared to increase or reduce the pace of its purchases to maintain appropriate policy accommodation as the outlook for the labor market or inflation changes.
2013-06-19,neutral,"In determining the size, pace, and composition of its asset purchases, the Committee will continue to take appropriate account of the likely efficacy and costs of such purchases as well as the extent of progress toward its economic objectives."
2013-06-19,dovish,"To support continued progress toward maximum employment and price stability, the Committee expects that a highly accommodative stance of monetary policy will remain appropriate for a considerable time after the asset purchase program ends and the economic recovery strengthens."
2013-06-19,dovish,"In particular, the Committee decided to keep the target range for the federal funds rate at 0 to 1/4 percent and currently anticipates that this exceptionally low range for the federal funds rate will be appropriate at least as long as the unemployment rate remains above 6-1/2 percent, inflation between one and two years ahead is projected to be no more than a half percentage point above the Committee's 2 percent longer-run goal, and longer-term inflation expectations continue to be well anchored."
2013-06-19,dovish,"In determining how long to maintain a highly accommodative stance of monetary policy, the Committee will also consider other information, including additional measures of labor market conditions, indicators of inflation pressures and inflation expectations, and readings on financial developments."
2013-06-19,hawkish,"When the Committee decides to begin to remove policy accommodation, it will take a balanced approach consistent with its longer-run goals of maximum employment and inflation of 2 percent."
2013-06-19,hawkish,"George, who was concerned that the continued high level of monetary accommodation increased the risks of future economic and financial imbalances and, over time, could cause an increase in long-term inflation expectations."
2013-07-31,dovish,"Labor market conditions have shown further improvement in recent months, on balance, but the unemployment rate remains elevated."
2013-07-31,hawkish,"Household spending and business fixed investment advanced, and the housing sector has been strengthening, but mortgage rates have risen somewhat and fiscal policy is restraining economic growth."
2013-07-31,dovish,"Partly reflecting transitory influences, inflation has been running below the Committee's longer-run objective, but longer-term inflation expectations have remained stable."
2013-07-31,dovish,"Consistent with its statutory mandate, the Committee seeks to foster maximum employment and price stability."
2013-07-31,dovish,"The Committee expects that, with appropriate policy accommodation, economic growth will pick up from its recent pace and the unemployment rate will gradually decline toward levels the Committee judges consistent with its dual mandate."
2013-07-31,neutral,The Committee sees the downside risks to the outlook for the economy and the labor market as having diminished since the fall.
2013-07-31,dovish,"The Committee recognizes that inflation persistently below its 2 percent objective could pose risks to economic performance, but it anticipates that inflation will move back toward its objective over the medium term."
2013-07-31,dovish,"To support a stronger economic recovery and to help ensure that inflation, over time, is at the rate most consistent with its dual mandate, the Committee decided to continue purchasing additional agency mortgage-backed securities at a pace of $40 billion per month and longer-term Treasury securities at a pace of $45 billion per month."
2013-07-31,dovish,The Committee is maintaining its existing policy of reinvesting principal payments from its holdings of agency debt and agency mortgage-backed securities in agency mortgage-backed securities and of rolling over maturing Treasury securities at auction.
2013-07-31,dovish,"Taken together, these actions should maintain downward pressure on longer-term interest rates, support mortgage markets, and help to make broader financial conditions more accommodative."
2013-07-31,neutral,The Committee will closely monitor incoming information on economic and financial developments in coming months.
2013-07-31,dovish,"The Committee will continue its purchases of Treasury and agency mortgage-backed securities, and employ its other policy tools as appropriate, until the outlook for the labor market has improved substantially in a context of price stability."
2013-07-31,neutral,The Committee is prepared to increase or reduce the pace of its purchases to maintain appropriate policy accommodation as the outlook for the labor market or inflation changes.
2013-07-31,neutral,"In determining the size, pace, and composition of its asset purchases, the Committee will continue to take appropriate account of the likely efficacy and costs of such purchases as well as the extent of progress toward its economic objectives."
2013-07-31,dovish,"To support continued progress toward maximum employment and price stability, the Committee today reaffirmed its view that a highly accommodative stance of monetary policy will remain appropriate for a considerable time after the asset purchase program ends and the economic recovery strengthens."
2013-07-31,dovish,"In particular, the Committee decided to keep the target range for the federal funds rate at 0 to 1/4 percent and currently anticipates that this exceptionally low range for the federal funds rate will be appropriate at least as long as the unemployment rate remains above 6-1/2 percent, inflation between one and two years ahead is projected to be no more than a half percentage point above the Committee's 2 percent longer-run goal, and longer-term inflation expectations continue to be well anchored."
2013-07-31,dovish,"In determining how long to maintain a highly accommodative stance of monetary policy, the Committee will also consider other information, including additional measures of labor market conditions, indicators of inflation pressures and inflation expectations, and readings on financial developments."
2013-07-31,hawkish,"When the Committee decides to begin to remove policy accommodation, it will take a balanced approach consistent with its longer-run goals of maximum employment and inflation of 2 percent."
2013-07-31,hawkish,"George, who was concerned that the continued high level of monetary accommodation increased the risks of future economic and financial imbalances and, over time, could cause an increase in long-term inflation expectations."
2013-09-18,dovish,"Some indicators of labor market conditions have shown further improvement in recent months, but the unemployment rate remains elevated."
2013-09-18,hawkish,"Household spending and business fixed investment advanced, and the housing sector has been strengthening, but mortgage rates have risen further and fiscal policy is restraining economic growth."
2013-09-18,dovish,"Apart from fluctuations due to changes in energy prices, inflation has been running below the Committee's longer-run objective, but longer-term inflation expectations have remained stable."
2013-09-18,dovish,"Consistent with its statutory mandate, the Committee seeks to foster maximum employment and price stability."
2013-09-18,dovish,"The Committee expects that, with appropriate policy accommodation, economic growth will pick up from its recent pace and the unemployment rate will gradually decline toward levels the Committee judges consistent with its dual mandate."
2013-09-18,hawkish,"The Committee sees the downside risks to the outlook for the economy and the labor market as having diminished, on net, since last fall, but the tightening of financial conditions observed in recent months, if sustained, could slow the pace of improvement in the economy and labor market."
2013-09-18,dovish,"The Committee recognizes that inflation persistently below its 2 percent objective could pose risks to economic performance, but it anticipates that inflation will move back toward its objective over the medium term."
2013-09-18,hawkish,"Taking into account the extent of federal fiscal retrenchment, the Committee sees the improvement in economic activity and labor market conditions since it began its asset purchase program a year ago as consistent with growing underlying strength in the broader economy."
2013-09-18,neutral,"However, the Committee decided to await more evidence that progress will be sustained before adjusting the pace of its purchases."
2013-09-18,dovish,"Accordingly, the Committee decided to continue purchasing additional agency mortgage-backed securities at a pace of $40 billion per month and longer-term Treasury securities at a pace of $45 billion per month."
2013-09-18,dovish,The Committee is maintaining its existing policy of reinvesting principal payments from its holdings of agency debt and agency mortgage-backed securities in agency mortgage-backed securities and of rolling over maturing Treasury securities at auction.
2013-09-18,dovish,"Taken together, these actions should maintain downward pressure on longer-term interest rates, support mortgage markets, and help to make broader financial conditions more accommodative, which in turn should promote a stronger economic recovery and help to ensure that inflation, over time, is at the rate most consistent with the Committee's dual mandate."
2013-09-18,dovish,"The Committee will closely monitor incoming information on economic and financial developments in coming months and will continue its purchases of Treasury and agency mortgage-backed securities, and employ its other policy tools as appropriate, until the outlook for the labor market has improved substantially in a context of price stability."
2013-09-18,hawkish,"In judging when to moderate the pace of asset purchases, the Committee will, at its coming meetings, assess whether incoming information continues to support the Committee's expectation of ongoing improvement in labor market conditions and inflation moving back toward its longer-run objective."
2013-09-18,neutral,"Asset purchases are not on a preset course, and the Committee's decisions about their pace will remain contingent on the Committee's economic outlook as well as its assessment of the likely efficacy and costs of such purchases."
2013-09-18,dovish,"To support continued progress toward maximum employment and price stability, the Committee today reaffirmed its view that a highly accommodative stance of monetary policy will remain appropriate for a considerable time after the asset purchase program ends and the economic recovery strengthens."
2013-09-18,dovish,"In particular, the Committee decided to keep the target range for the federal funds rate at 0 to 1/4 percent and currently anticipates that this exceptionally low range for the federal funds rate will be appropriate at least as long as the unemployment rate remains above 6-1/2 percent, inflation between one and two years ahead is projected to be no more than a half percentage point above the Committee's 2 percent longer-run goal, and longer-term inflation expectations continue to be well anchored."
2013-09-18,dovish,"In determining how long to maintain a highly accommodative stance of monetary policy, the Committee will also consider other information, including additional measures of labor market conditions, indicators of inflation pressures and inflation expectations, and readings on financial developments."
2013-09-18,hawkish,"When the Committee decides to begin to remove policy accommodation, it will take a balanced approach consistent with its longer-run goals of maximum employment and inflation of 2 percent."
2013-09-18,hawkish,"George, who was concerned that the continued high level of monetary accommodation increased the risks of future economic and financial imbalances and, over time, could cause an increase in long-term inflation expectations."
2013-10-30,dovish,"Indicators of labor market conditions have shown some further improvement, but the unemployment rate remains elevated."
2013-10-30,neutral,"Available data suggest that household spending and business fixed investment advanced, while the recovery in the housing sector slowed somewhat in recent months."
2013-10-30,dovish,Fiscal policy is restraining economic growth.
2013-10-30,dovish,"Apart from fluctuations due to changes in energy prices, inflation has been running below the Committee's longer-run objective, but longer-term inflation expectations have remained stable."
2013-10-30,dovish,"Consistent with its statutory mandate, the Committee seeks to foster maximum employment and price stability."
2013-10-30,dovish,"The Committee expects that, with appropriate policy accommodation, economic growth will pick up from its recent pace and the unemployment rate will gradually decline toward levels the Committee judges consistent with its dual mandate."
2013-10-30,neutral,"The Committee sees the downside risks to the outlook for the economy and the labor market as having diminished, on net, since last fall."
2013-10-30,dovish,"The Committee recognizes that inflation persistently below its 2 percent objective could pose risks to economic performance, but it anticipates that inflation will move back toward its objective over the medium term."
2013-10-30,hawkish,"Taking into account the extent of federal fiscal retrenchment over the past year, the Committee sees the improvement in economic activity and labor market conditions since it began its asset purchase program as consistent with growing underlying strength in the broader economy."
2013-10-30,neutral,"However, the Committee decided to await more evidence that progress will be sustained before adjusting the pace of its purchases."
2013-10-30,dovish,"Accordingly, the Committee decided to continue purchasing additional agency mortgage-backed securities at a pace of $40 billion per month and longer-term Treasury securities at a pace of $45 billion per month."
2013-10-30,dovish,The Committee is maintaining its existing policy of reinvesting principal payments from its holdings of agency debt and agency mortgage-backed securities in agency mortgage-backed securities and of rolling over maturing Treasury securities at auction.
2013-10-30,dovish,"Taken together, these actions should maintain downward pressure on longer-term interest rates, support mortgage markets, and help to make broader financial conditions more accommodative, which in turn should promote a stronger economic recovery and help to ensure that inflation, over time, is at the rate most consistent with the Committee's dual mandate."
2013-10-30,dovish,"The Committee will closely monitor incoming information on economic and financial developments in coming months and will continue its purchases of Treasury and agency mortgage-backed securities, and employ its other policy tools as appropriate, until the outlook for the labor market has improved substantially in a context of price stability."
2013-10-30,hawkish,"In judging when to moderate the pace of asset purchases, the Committee will, at its coming meetings, assess whether incoming information continues to support the Committee's expectation of ongoing improvement in labor market conditions and inflation moving back toward its longer-run objective."
2013-10-30,neutral,"Asset purchases are not on a preset course, and the Committee's decisions about their pace will remain contingent on the Committee's economic outlook as well as its assessment of the likely efficacy and costs of such purchases."
2013-10-30,dovish,"To support continued progress toward maximum employment and price stability, the Committee today reaffirmed its view that a highly accommodative stance of monetary policy will remain appropriate for a considerable time after the asset purchase program ends and the economic recovery strengthens."
2013-10-30,dovish,"In particular, the Committee decided to keep the target range for the federal funds rate at 0 to 1/4 percent and currently anticipates that this exceptionally low range for the federal funds rate will be appropriate at least as long as the unemployment rate remains above 6-1/2 percent, inflation between one and two years ahead is projected to be no more than a half percentage point above the Committee's 2 percent longer-run goal, and longer-term inflation expectations continue to be well anchored."
2013-10-30,dovish,"In determining how long to maintain a highly accommodative stance of monetary policy, the Committee will also consider other information, including additional measures of labor market conditions, indicators of inflation pressures and inflation expectations, and readings on financial developments."
2013-10-30,hawkish,"When the Committee decides to begin to remove policy accommodation, it will take a balanced approach consistent with its longer-run goals of maximum employment and inflation of 2 percent."
2013-10-30,hawkish,"George, who was concerned that the continued high level of monetary accommodation increased the risks of future economic and financial imbalances and, over time, could cause an increase in long-term inflation expectations."
2013-12-18,hawkish,Labor market conditions have shown further improvement; the unemployment rate has declined but remains elevated.
2013-12-18,neutral,"Household spending and business fixed investment advanced, while the recovery in the housing sector slowed somewhat in recent months."
2013-12-18,dovish,"Fiscal policy is restraining economic growth, although the extent of restraint may be diminishing."
2013-12-18,dovish,"Inflation has been running below the Committee's longer-run objective, but longer-term inflation expectations have remained stable."
2013-12-18,dovish,"Consistent with its statutory mandate, the Committee seeks to foster maximum employment and price stability."
2013-12-18,dovish,"The Committee expects that, with appropriate policy accommodation, economic growth will pick up from its recent pace and the unemployment rate will gradually decline toward levels the Committee judges consistent with its dual mandate."
2013-12-18,neutral,The Committee sees the risks to the outlook for the economy and the labor market as having become more nearly balanced.
2013-12-18,dovish,"The Committee recognizes that inflation persistently below its 2 percent objective could pose risks to economic performance, and it is monitoring inflation developments carefully for evidence that inflation will move back toward its objective over the medium term."
2013-12-18,hawkish,"Taking into account the extent of federal fiscal retrenchment since the inception of its current asset purchase program, the Committee sees the improvement in economic activity and labor market conditions over that period as consistent with growing underlying strength in the broader economy."
2013-12-18,hawkish,"In light of the cumulative progress toward maximum employment and the improvement in the outlook for labor market conditions, the Committee decided to modestly reduce the pace of its asset purchases."
2013-12-18,dovish,"Beginning in January, the Committee will add to its holdings of agency mortgage-backed securities at a pace of $35 billion per month rather than $40 billion per month, and will add to its holdings of longer-term Treasury securities at a pace of $40 billion per month rather than $45 billion per month."
2013-12-18,dovish,The Committee is maintaining its existing policy of reinvesting principal payments from its holdings of agency debt and agency mortgage-backed securities in agency mortgage-backed securities and of rolling over maturing Treasury securities at auction.
2013-12-18,dovish,"The Committee's sizable and still-increasing holdings of longer-term securities should maintain downward pressure on longer-term interest rates, support mortgage markets, and help to make broader financial conditions more accommodative, which in turn should promote a stronger economic recovery and help to ensure that inflation, over time, is at the rate most consistent with the Committee's dual mandate."
2013-12-18,dovish,"The Committee will closely monitor incoming information on economic and financial developments in coming months and will continue its purchases of Treasury and agency mortgage-backed securities, and employ its other policy tools as appropriate, until the outlook for the labor market has improved substantially in a context of price stability."
2013-12-18,hawkish,"If incoming information broadly supports the Committee's expectation of ongoing improvement in labor market conditions and inflation moving back toward its longer-run objective, the Committee will likely reduce the pace of asset purchases in further measured steps at future meetings."
2013-12-18,neutral,"However, asset purchases are not on a preset course, and the Committee's decisions about their pace will remain contingent on the Committee's outlook for the labor market and inflation as well as its assessment of the likely efficacy and costs of such purchases."
2013-12-18,dovish,"To support continued progress toward maximum employment and price stability, the Committee today reaffirmed its view that a highly accommodative stance of monetary policy will remain appropriate for a considerable time after the asset purchase program ends and the economic recovery strengthens."
2013-12-18,dovish,"The Committee also reaffirmed its expectation that the current exceptionally low target range for the federal funds rate of 0 to 1/4 percent will be appropriate at least as long as the unemployment rate remains above 6-1/2 percent, inflation between one and two years ahead is projected to be no more than a half percentage point above the Committee's 2 percent longer-run goal, and longer-term inflation expectations continue to be well anchored."
2013-12-18,dovish,"In determining how long to maintain a highly accommodative stance of monetary policy, the Committee will also consider other information, including additional measures of labor market conditions, indicators of inflation pressures and inflation expectations, and readings on financial developments."
2013-12-18,dovish,"The Committee now anticipates, based on its assessment of these factors, that it likely will be appropriate to maintain the current target range for the federal funds rate well past the time that the unemployment rate declines below 6-1/2 percent, especially if projected inflation continues to run below the Committee's 2 percent longer-run goal."
2013-12-18,hawkish,"When the Committee decides to begin to remove policy accommodation, it will take a balanced approach consistent with its longer-run goals of maximum employment and inflation of 2 percent."
2013-12-18,dovish,"Rosengren, who believes that, with the unemployment rate still elevated and the inflation rate well below the target, changes in the purchase program are premature until incoming data more clearly indicate that economic growth is likely to be sustained above its potential rate."
2013-12-18,neutral,Statement Regarding Purchases of Treasury Securities and Agency Mortgage-Backed Securities
2014-01-29,neutral,Labor market indicators were mixed but on balance showed further improvement.
2014-01-29,dovish,The unemployment rate declined but remains elevated.
2014-01-29,neutral,"Household spending and business fixed investment advanced more quickly in recent months, while the recovery in the housing sector slowed somewhat."
2014-01-29,dovish,"Fiscal policy is restraining economic growth, although the extent of restraint is diminishing."
2014-01-29,dovish,"Inflation has been running below the Committee's longer-run objective, but longer-term inflation expectations have remained stable."
2014-01-29,dovish,"Consistent with its statutory mandate, the Committee seeks to foster maximum employment and price stability."
2014-01-29,dovish,"The Committee expects that, with appropriate policy accommodation, economic activity will expand at a moderate pace and the unemployment rate will gradually decline toward levels the Committee judges consistent with its dual mandate."
2014-01-29,neutral,The Committee sees the risks to the outlook for the economy and the labor market as having become more nearly balanced.
2014-01-29,dovish,"The Committee recognizes that inflation persistently below its 2 percent objective could pose risks to economic performance, and it is monitoring inflation developments carefully for evidence that inflation will move back toward its objective over the medium term."
2014-01-29,hawkish,"Taking into account the extent of federal fiscal retrenchment since the inception of its current asset purchase program, the Committee continues to see the improvement in economic activity and labor market conditions over that period as consistent with growing underlying strength in the broader economy."
2014-01-29,hawkish,"In light of the cumulative progress toward maximum employment and the improvement in the outlook for labor market conditions, the Committee decided to make a further measured reduction in the pace of its asset purchases."
2014-01-29,dovish,"Beginning in February, the Committee will add to its holdings of agency mortgage-backed securities at a pace of $30 billion per month rather than $35 billion per month, and will add to its holdings of longer-term Treasury securities at a pace of $35 billion per month rather than $40 billion per month."
2014-01-29,dovish,The Committee is maintaining its existing policy of reinvesting principal payments from its holdings of agency debt and agency mortgage-backed securities in agency mortgage-backed securities and of rolling over maturing Treasury securities at auction.
2014-01-29,dovish,"The Committee's sizable and still-increasing holdings of longer-term securities should maintain downward pressure on longer-term interest rates, support mortgage markets, and help to make broader financial conditions more accommodative, which in turn should promote a stronger economic recovery and help to ensure that inflation, over time, is at the rate most consistent with the Committee's dual mandate."
2014-01-29,dovish,"The Committee will closely monitor incoming information on economic and financial developments in coming months and will continue its purchases of Treasury and agency mortgage-backed securities, and employ its other  policy tools as appropriate, until the outlook for the labor market has improved substantially in a context of price stability."
2014-01-29,hawkish,"If incoming information broadly supports the Committee's expectation of ongoing improvement in labor market conditions and inflation moving back toward its longer-run objective, the Committee will likely reduce the pace of asset purchases in further measured steps at future meetings."
2014-01-29,neutral,"However, asset purchases are not on a preset course, and the Committee's decisions about their pace will remain contingent on the Committee's outlook for the labor market and inflation as well as its assessment of the likely efficacy and costs of such purchases."
2014-01-29,dovish,"To support continued progress toward maximum employment and price stability, the Committee today reaffirmed its view that a highly accommodative stance of monetary policy will remain appropriate for a considerable time after the asset purchase program ends and the economic recovery strengthens."
2014-01-29,dovish,"The Committee also reaffirmed its expectation that the current exceptionally low target range for the federal funds rate of 0 to 1/4 percent will be appropriate at least as long as the unemployment rate remains above 6-1/2 percent, inflation between one and two years ahead is projected to be no more than a half percentage point above the Committee's 2 percent longer-run goal, and longer-term inflation expectations continue to be well anchored."
2014-01-29,dovish,"In determining how long to maintain a highly accommodative stance of monetary policy, the Committee will also consider other information, including additional measures of labor market conditions, indicators of inflation pressures and inflation expectations, and readings on financial developments."
2014-01-29,dovish,"The Committee continues to anticipate, based on its assessment of these factors, that it likely will be appropriate to maintain the current target range for the federal funds rate well past the time that the unemployment rate declines below 6-1/2 percent, especially if projected inflation continues to run below the Committee's 2 percent longer-run goal."
2014-01-29,hawkish,"When the Committee decides to begin to remove policy accommodation, it will take a balanced approach consistent with its longer-run goals of maximum employment and inflation of 2 percent."
2014-01-29,neutral,Statement Regarding Purchases of Treasury Securities and Agency Mortgage-Backed Securities
2014-03-19,neutral,Labor market indicators were mixed but on balance showed further improvement.
2014-03-19,dovish,"The unemployment rate, however, remains elevated."
2014-03-19,neutral,"Household spending and business fixed investment continued to advance, while the recovery in the housing sector remained slow."
2014-03-19,dovish,"Fiscal policy is restraining economic growth, although the extent of restraint is diminishing."
2014-03-19,dovish,"Inflation has been running below the Committee's longer-run objective, but longer-term inflation expectations have remained stable."
2014-03-19,dovish,"Consistent with its statutory mandate, the Committee seeks to foster maximum employment and price stability."
2014-03-19,dovish,"The Committee expects that, with appropriate policy accommodation, economic activity will expand at a moderate pace and labor market conditions will continue to improve gradually, moving toward those the Committee judges consistent with its dual mandate."
2014-03-19,neutral,The Committee sees the risks to the outlook for the economy and the labor market as nearly balanced.
2014-03-19,dovish,"The Committee recognizes that inflation persistently below its 2 percent objective could pose risks to economic performance, and it is monitoring inflation developments carefully for evidence that inflation will move back toward its objective over the medium term."
2014-03-19,hawkish,The Committee currently judges that there is sufficient underlying strength in the broader economy to support ongoing improvement in labor market conditions.
2014-03-19,hawkish,"In light of the cumulative progress toward maximum employment and the improvement in the outlook for labor market conditions since the inception of the current asset purchase program, the Committee decided to make a further measured reduction in the pace of its asset purchases."
2014-03-19,dovish,"Beginning in April, the Committee will add to its holdings of agency mortgage-backed securities at a pace of $25 billion per month rather than $30 billion per month, and will add to its holdings of longer-term Treasury securities at a pace of $30 billion per month rather than $35 billion per month."
2014-03-19,dovish,The Committee is maintaining its existing policy of reinvesting principal payments from its holdings of agency debt and agency mortgage-backed securities in agency mortgage-backed securities and of rolling over maturing Treasury securities at auction.
2014-03-19,dovish,"The Committee's sizable and still-increasing holdings of longer-term securities should maintain downward pressure on longer-term interest rates, support mortgage markets, and help to make broader financial conditions more accommodative, which in turn should promote a stronger economic recovery and help to ensure that inflation, over time, is at the rate most consistent with the Committee's dual mandate."
2014-03-19,dovish,"The Committee will closely monitor incoming information on economic and financial developments in coming months and will continue its purchases of Treasury and agency mortgage-backed securities, and employ its other policy tools as appropriate, until the outlook for the labor market has improved substantially in a context of price stability."
2014-03-19,hawkish,"If incoming information broadly supports the Committee's expectation of ongoing improvement in labor market conditions and inflation moving back toward its longer-run objective, the Committee will likely reduce the pace of asset purchases in further measured steps at future meetings."
2014-03-19,neutral,"However, asset purchases are not on a preset course, and the Committee's decisions about their pace will remain contingent on the Committee's outlook for the labor market and inflation as well as its assessment of the likely efficacy and costs of such purchases."
2014-03-19,dovish,"To support continued progress toward maximum employment and price stability, the Committee today reaffirmed its view that a highly accommodative stance of monetary policy remains appropriate."
2014-03-19,dovish,"In determining how long to maintain the current 0 to 1/4 percent target range for the federal funds rate, the Committee will assess progress--both realized and expected--toward its objectives of maximum employment and 2 percent inflation."
2014-03-19,neutral,"This assessment will take into account a wide range of information, including measures of labor market conditions, indicators of inflation pressures and inflation expectations, and readings on financial developments."
2014-03-19,dovish,"The Committee continues to anticipate, based on its assessment of these factors, that it likely will be appropriate to maintain the current target range for the federal funds rate for a considerable time after the asset purchase program ends, especially if projected inflation continues to run below the Committee's 2 percent longer-run goal, and provided that longer-term inflation expectations remain well anchored."
2014-03-19,hawkish,"When the Committee decides to begin to remove policy accommodation, it will take a balanced approach consistent with its longer-run goals of maximum employment and inflation of 2 percent."
2014-03-19,dovish,"The Committee currently anticipates that, even after employment and inflation are near mandate-consistent levels, economic conditions may, for some time, warrant keeping the target federal funds rate below levels the Committee views as normal in the longer run."
2014-03-19,dovish,"With the unemployment rate nearing 6-1/2 percent, the Committee has updated its forward guidance."
2014-03-19,neutral,The change in the Committee's guidance does not indicate any change in the Committee's policy intentions as set forth in its recent statements.
2014-03-19,neutral,Statement Regarding Purchases of Treasury Securities and Agency Mortgage-Backed Securities
2014-04-30,neutral,Labor market indicators were mixed but on balance showed further improvement.
2014-04-30,dovish,"The unemployment rate, however, remains elevated."
2014-04-30,hawkish,Household spending appears to be rising more quickly.
2014-04-30,neutral,"Business fixed investment edged down, while the recovery in the housing sector remained slow."
2014-04-30,dovish,"Fiscal policy is restraining economic growth, although the extent of restraint is diminishing."
2014-04-30,dovish,"Inflation has been running below the Committee's longer-run objective, but longer-term inflation expectations have remained stable."
2014-04-30,dovish,"Consistent with its statutory mandate, the Committee seeks to foster maximum employment and price stability."
2014-04-30,dovish,"The Committee expects that, with appropriate policy accommodation, economic activity will expand at a moderate pace and labor market conditions will continue to improve gradually, moving toward those the Committee judges consistent with its dual mandate."
2014-04-30,neutral,The Committee sees the risks to the outlook for the economy and the labor market as nearly balanced.
2014-04-30,dovish,"The Committee recognizes that inflation persistently below its 2 percent objective could pose risks to economic performance, and it is monitoring inflation developments carefully for evidence that inflation will move back toward its objective over the medium term."
2014-04-30,hawkish,The Committee currently judges that there is sufficient underlying strength in the broader economy to support ongoing improvement in labor market conditions.
2014-04-30,hawkish,"In light of the cumulative progress toward maximum employment and the improvement in the outlook for labor market conditions since the inception of the current asset purchase program, the Committee decided to make a further measured reduction in the pace of its asset purchases."
2014-04-30,dovish,"Beginning in May, the Committee will add to its holdings of agency mortgage-backed securities at a pace of $20 billion per month rather than $25 billion per month, and will add to its holdings of longer-term Treasury securities at a pace of $25 billion per month rather than $30 billion per month."
2014-04-30,dovish,The Committee is maintaining its existing policy of reinvesting principal payments from its holdings of agency debt and agency mortgage-backed securities in agency mortgage-backed securities and of rolling over maturing Treasury securities at auction.
2014-04-30,dovish,"The Committee's sizable and still-increasing holdings of longer-term securities should maintain downward pressure on longer-term interest rates, support mortgage markets, and help to make broader financial conditions more accommodative, which in turn should promote a stronger economic recovery and help to ensure that inflation, over time, is at the rate most consistent with the Committee's dual mandate."
2014-04-30,dovish,"The Committee will closely monitor incoming information on economic and financial developments in coming months and will continue its purchases of Treasury and agency mortgage-backed securities, and employ its other policy tools as appropriate, until the outlook for the labor market has improved substantially in a context of price stability."
2014-04-30,hawkish,"If incoming information broadly supports the Committee's expectation of ongoing improvement in labor market conditions and inflation moving back toward its longer-run objective, the Committee will likely reduce the pace of asset purchases in further measured steps at future meetings."
2014-04-30,neutral,"However, asset purchases are not on a preset course, and the Committee's decisions about their pace will remain contingent on the Committee's outlook for the labor market and inflation as well as its assessment of the likely efficacy and costs of such purchases."
2014-04-30,dovish,"To support continued progress toward maximum employment and price stability, the Committee today reaffirmed its view that a highly accommodative stance of monetary policy remains appropriate."
2014-04-30,dovish,"In determining how long to maintain the current 0 to 1/4 percent target range for the federal funds rate, the Committee will assess progress--both realized and expected--toward its objectives of maximum employment and 2 percent inflation."
2014-04-30,neutral,"This assessment will take into account a wide range of information, including measures of labor market conditions, indicators of inflation pressures and inflation expectations, and readings on financial developments."
2014-04-30,dovish,"The Committee continues to anticipate, based on its assessment of these factors, that it likely will be appropriate to maintain the current target range for the federal funds rate for a considerable time after the asset purchase program ends, especially if projected inflation continues to run below the Committee's 2 percent longer-run goal, and provided that longer-term inflation expectations remain well anchored."
2014-04-30,hawkish,"When the Committee decides to begin to remove policy accommodation, it will take a balanced approach consistent with its longer-run goals of maximum employment and inflation of 2 percent."
2014-04-30,dovish,"The Committee currently anticipates that, even after employment and inflation are near mandate-consistent levels, economic conditions may, for some time, warrant keeping the target federal funds rate below levels the Committee views as normal in the longer run."
2014-04-30,neutral,Statement Regarding Purchases of Treasury Securities and Agency Mortgage-Backed Securities
2014-06-18,hawkish,Labor market indicators generally showed further improvement.
2014-06-18,dovish,"The unemployment rate, though lower, remains elevated."
2014-06-18,neutral,"Household spending appears to be rising moderately and business fixed investment resumed its advance, while the recovery in the housing sector remained slow."
2014-06-18,dovish,"Fiscal policy is restraining economic growth, although the extent of restraint is diminishing."
2014-06-18,dovish,"Inflation has been running below the Committee's longer-run objective, but longer-term inflation expectations have remained stable."
2014-06-18,dovish,"Consistent with its statutory mandate, the Committee seeks to foster maximum employment and price stability."
2014-06-18,dovish,"The Committee expects that, with appropriate policy accommodation, economic activity will expand at a moderate pace and labor market conditions will continue to improve gradually, moving toward those the Committee judges consistent with its dual mandate."
2014-06-18,neutral,The Committee sees the risks to the outlook for the economy and the labor market as nearly balanced.
2014-06-18,dovish,"The Committee recognizes that inflation persistently below its 2 percent objective could pose risks to economic performance, and it is monitoring inflation developments carefully for evidence that inflation will move back toward its objective over the medium term."
2014-06-18,hawkish,The Committee currently judges that there is sufficient underlying strength in the broader economy to support ongoing improvement in labor market conditions.
2014-06-18,hawkish,"In light of the cumulative progress toward maximum employment and the improvement in the outlook for labor market conditions since the inception of the current asset purchase program, the Committee decided to make a further measured reduction in the pace of its asset purchases."
2014-06-18,dovish,"Beginning in July, the Committee will add to its holdings of agency mortgage-backed securities at a pace of $15 billion per month rather than $20 billion per month, and will add to its holdings of longer-term Treasury securities at a pace of $20 billion per month rather than $25 billion per month."
2014-06-18,dovish,The Committee is maintaining its existing policy of reinvesting principal payments from its holdings of agency debt and agency mortgage-backed securities in agency mortgage-backed securities and of rolling over maturing Treasury securities at auction.
2014-06-18,dovish,"The Committee's sizable and still-increasing holdings of longer-term securities should maintain downward pressure on longer-term interest rates, support mortgage markets, and help to make broader financial conditions more accommodative, which in turn should promote a stronger economic recovery and help to ensure that inflation, over time, is at the rate most consistent with the Committee's dual mandate."
2014-06-18,dovish,"The Committee will closely monitor incoming information on economic and financial developments in coming months and will continue its purchases of Treasury and agency mortgage-backed securities, and employ its other policy tools as appropriate, until the outlook for the labor market has improved substantially in a context of price stability."
2014-06-18,hawkish,"If incoming information broadly supports the Committee's expectation of ongoing improvement in labor market conditions and inflation moving back toward its longer-run objective, the Committee will likely reduce the pace of asset purchases in further measured steps at future meetings."
2014-06-18,neutral,"However, asset purchases are not on a preset course, and the Committee's decisions about their pace will remain contingent on the Committee's outlook for the labor market and inflation as well as its assessment of the likely efficacy and costs of such purchases."
2014-06-18,dovish,"To support continued progress toward maximum employment and price stability, the Committee today reaffirmed its view that a highly accommodative stance of monetary policy remains appropriate."
2014-06-18,dovish,"In determining how long to maintain the current 0 to 1/4 percent target range for the federal funds rate, the Committee will assess progress--both realized and expected--toward its objectives of maximum employment and 2 percent inflation."
2014-06-18,neutral,"This assessment will take into account a wide range of information, including measures of labor market conditions, indicators of inflation pressures and inflation expectations, and readings on financial developments."
2014-06-18,dovish,"The Committee continues to anticipate, based on its assessment of these factors, that it likely will be appropriate to maintain the current target range for the federal funds rate for a considerable time after the asset purchase program ends, especially if projected inflation continues to run below the Committee's 2 percent longer-run goal, and provided that longer-term inflation expectations remain well anchored."
2014-06-18,hawkish,"When the Committee decides to begin to remove policy accommodation, it will take a balanced approach consistent with its longer-run goals of maximum employment and inflation of 2 percent."
2014-06-18,dovish,"The Committee currently anticipates that, even after employment and inflation are near mandate-consistent levels, economic conditions may, for some time, warrant keeping the target federal funds rate below levels the Committee views as normal in the longer run."
2014-06-18,neutral,Statement Regarding Purchases of Treasury Securities and Agency Mortgage-Backed Securities
2014-07-30,hawkish,"Labor market conditions improved, with the unemployment rate declining further."
2014-07-30,dovish,"However, a range of labor market indicators suggests that there remains significant underutilization of labor resources."
2014-07-30,neutral,"Household spending appears to be rising moderately and business fixed investment is advancing, while the recovery in the housing sector remains slow."
2014-07-30,dovish,"Fiscal policy is restraining economic growth, although the extent of restraint is diminishing."
2014-07-30,neutral,Inflation has moved somewhat closer to the Committee's longer-run objective.
2014-07-30,neutral,Longer-term inflation expectations have remained stable.
2014-07-30,dovish,"Consistent with its statutory mandate, the Committee seeks to foster maximum employment and price stability."
2014-07-30,dovish,"The Committee expects that, with appropriate policy accommodation, economic activity will expand at a moderate pace, with labor market indicators and inflation moving toward levels the Committee judges consistent with its dual mandate."
2014-07-30,neutral,The Committee sees the risks to the outlook for economic activity and the labor market as nearly balanced and judges that the likelihood of inflation running persistently below 2 percent has diminished somewhat.
2014-07-30,hawkish,The Committee currently judges that there is sufficient underlying strength in the broader economy to support ongoing improvement in labor market conditions.
2014-07-30,hawkish,"In light of the cumulative progress toward maximum employment and the improvement in the outlook for labor market conditions since the inception of the current asset purchase program, the Committee decided to make a further measured reduction in the pace of its asset purchases."
2014-07-30,dovish,"Beginning in August, the Committee will add to its holdings of agency mortgage-backed securities at a pace of $10 billion per month rather than $15 billion per month, and will add to its holdings of longer-term Treasury securities at a pace of $15 billion per month rather than $20 billion per month."
2014-07-30,dovish,The Committee is maintaining its existing policy of reinvesting principal payments from its holdings of agency debt and agency mortgage-backed securities in agency mortgage-backed securities and of rolling over maturing Treasury securities at auction.
2014-07-30,dovish,"The Committee's sizable and still-increasing holdings of longer-term securities should maintain downward pressure on longer-term interest rates, support mortgage markets, and help to make broader financial conditions more accommodative, which in turn should promote a stronger economic recovery and help to ensure that inflation, over time, is at the rate most consistent with the Committee's dual mandate."
2014-07-30,dovish,"The Committee will closely monitor incoming information on economic and financial developments in coming months and will continue its purchases of Treasury and agency mortgage-backed securities, and employ its other policy tools as appropriate, until the outlook for the labor market has improved substantially in a context of price stability."
2014-07-30,hawkish,"If incoming information broadly supports the Committee's expectation of ongoing improvement in labor market conditions and inflation moving back toward its longer-run objective, the Committee will likely reduce the pace of asset purchases in further measured steps at future meetings."
2014-07-30,neutral,"However, asset purchases are not on a preset course, and the Committee's decisions about their pace will remain contingent on the Committee's outlook for the labor market and inflation as well as its assessment of the likely efficacy and costs of such purchases."
2014-07-30,dovish,"To support continued progress toward maximum employment and price stability, the Committee today reaffirmed its view that a highly accommodative stance of monetary policy remains appropriate."
2014-07-30,dovish,"In determining how long to maintain the current 0 to 1/4 percent target range for the federal funds rate, the Committee will assess progress--both realized and expected--toward its objectives of maximum employment and 2 percent inflation."
2014-07-30,neutral,"This assessment will take into account a wide range of information, including measures of labor market conditions, indicators of inflation pressures and inflation expectations, and readings on financial developments."
2014-07-30,dovish,"The Committee continues to anticipate, based on its assessment of these factors, that it likely will be appropriate to maintain the current target range for the federal funds rate for a considerable time after the asset purchase program ends, especially if projected inflation continues to run below the Committee's 2 percent longer-run goal, and provided that longer-term inflation expectations remain well anchored."
2014-07-30,hawkish,"When the Committee decides to begin to remove policy accommodation, it will take a balanced approach consistent with its longer-run goals of maximum employment and inflation of 2 percent."
2014-07-30,dovish,"The Committee currently anticipates that, even after employment and inflation are near mandate-consistent levels, economic conditions may, for some time, warrant keeping the target federal funds rate below levels the Committee views as normal in the longer run."
2014-07-30,dovish,"Plosser who objected to the guidance indicating that it likely will be appropriate to maintain the current target range for the federal funds rate for ""a considerable time after the asset purchase program ends,"" because such language is time dependent and does not reflect the considerable economic progress that has been made toward the Committee's goals."
2014-07-30,neutral,Statement Regarding Purchases of Treasury Securities and Agency Mortgage-Backed Securities
2014-09-17,dovish,"On balance, labor market conditions improved somewhat further; however, the unemployment rate is little changed and a range of labor market indicators suggests that there remains significant underutilization of labor resources."
2014-09-17,neutral,"Household spending appears to be rising moderately and business fixed investment is advancing, while the recovery in the housing sector remains slow."
2014-09-17,dovish,"Fiscal policy is restraining economic growth, although the extent of restraint is diminishing."
2014-09-17,dovish,Inflation has been running below the Committee's longer-run objective.
2014-09-17,neutral,Longer-term inflation expectations have remained stable.
2014-09-17,dovish,"Consistent with its statutory mandate, the Committee seeks to foster maximum employment and price stability."
2014-09-17,dovish,"The Committee expects that, with appropriate policy accommodation, economic activity will expand at a moderate pace, with labor market indicators and inflation moving toward levels the Committee judges consistent with its dual mandate."
2014-09-17,neutral,The Committee sees the risks to the outlook for economic activity and the labor market as nearly balanced and judges that the likelihood of inflation running persistently below 2 percent has diminished somewhat since early this year.
2014-09-17,hawkish,The Committee currently judges that there is sufficient underlying strength in the broader economy to support ongoing improvement in labor market conditions.
2014-09-17,hawkish,"In light of the cumulative progress toward maximum employment and the improvement in the outlook for labor market conditions since the inception of the current asset purchase program, the Committee decided to make a further measured reduction in the pace of its asset purchases."
2014-09-17,dovish,"Beginning in October, the Committee will add to its holdings of agency mortgage-backed securities at a pace of $5 billion per month rather than $10 billion per month, and will add to its holdings of longer-term Treasury securities at a pace of $10 billion per month rather than $15 billion per month."
2014-09-17,dovish,The Committee is maintaining its existing policy of reinvesting principal payments from its holdings of agency debt and agency mortgage-backed securities in agency mortgage-backed securities and of rolling over maturing Treasury securities at auction.
2014-09-17,dovish,"The Committee's sizable and still-increasing holdings of longer-term securities should maintain downward pressure on longer-term interest rates, support mortgage markets, and help to make broader financial conditions more accommodative, which in turn should promote a stronger economic recovery and help to ensure that inflation, over time, is at the rate most consistent with the Committee's dual mandate."
2014-09-17,dovish,"The Committee will closely monitor incoming information on economic and financial developments in coming months and will continue its purchases of Treasury and agency mortgage-backed securities, and employ its other policy tools as appropriate, until the outlook for the labor market has improved substantially in a context of price stability."
2014-09-17,hawkish,"If incoming information broadly supports the Committee's expectation of ongoing improvement in labor market conditions and inflation moving back toward its longer-run objective, the Committee will end its current program of asset purchases at its next meeting."
2014-09-17,neutral,"However, asset purchases are not on a preset course, and the Committee's decisions about their pace will remain contingent on the Committee's outlook for the labor market and inflation as well as its assessment of the likely efficacy and costs of such purchases."
2014-09-17,dovish,"To support continued progress toward maximum employment and price stability, the Committee today reaffirmed its view that a highly accommodative stance of monetary policy remains appropriate."
2014-09-17,dovish,"In determining how long to maintain the current 0 to 1/4 percent target range for the federal funds rate, the Committee will assess progress--both realized and expected--toward its objectives of maximum employment and 2 percent inflation."
2014-09-17,neutral,"This assessment will take into account a wide range of information, including measures of labor market conditions, indicators of inflation pressures and inflation expectations, and readings on financial developments."
2014-09-17,dovish,"The Committee continues to anticipate, based on its assessment of these factors, that it likely will be appropriate to maintain the current target range for the federal funds rate for a considerable time after the asset purchase program ends, especially if projected inflation continues to run below the Committee's 2 percent longer-run goal, and provided that longer-term inflation expectations remain well anchored."
2014-09-17,hawkish,"When the Committee decides to begin to remove policy accommodation, it will take a balanced approach consistent with its longer-run goals of maximum employment and inflation of 2 percent."
2014-09-17,dovish,"The Committee currently anticipates that, even after employment and inflation are near mandate-consistent levels, economic conditions may, for some time, warrant keeping the target federal funds rate below levels the Committee views as normal in the longer run."
2014-09-17,hawkish,"President Fisher believed that the continued strengthening of the real economy, improved outlook for labor utilization and for general price stability, and continued signs of financial market excess, will likely warrant an earlier reduction in monetary accommodation than is suggested by the Committee's stated forward guidance."
2014-09-17,dovish,"President Plosser objected to the guidance indicating that it likely will be appropriate to maintain the current target range for the federal funds rate for ""a considerable time after the asset purchase program ends,"" because such language is time dependent and does not reflect the considerable economic progress that has been made toward the Committee's goals."
2014-09-17,neutral,Statement Regarding Purchases of Treasury Securities and Agency Mortgage-Backed Securities
2014-10-29,hawkish,"Labor market conditions improved somewhat further, with solid job gains and a lower unemployment rate."
2014-10-29,neutral,"On balance, a range of labor market indicators suggests that underutilization of labor resources is gradually diminishing."
2014-10-29,neutral,"Household spending is rising moderately and business fixed investment is advancing, while the recovery in the housing sector remains slow."
2014-10-29,dovish,Inflation has continued to run below the Committee's longer-run objective.
2014-10-29,neutral,Market-based measures of inflation compensation have declined somewhat; survey-based measures of longer-term inflation expectations have remained stable.
2014-10-29,dovish,"Consistent with its statutory mandate, the Committee seeks to foster maximum employment and price stability."
2014-10-29,dovish,"The Committee expects that, with appropriate policy accommodation, economic activity will expand at a moderate pace, with labor market indicators and inflation moving toward levels the Committee judges consistent with its dual mandate."
2014-10-29,neutral,The Committee sees the risks to the outlook for economic activity and the labor market as nearly balanced.
2014-10-29,dovish,"Although inflation in the near term will likely be held down by lower energy prices and other factors, the Committee judges that the likelihood of inflation running persistently below 2 percent has diminished somewhat since early this year."
2014-10-29,dovish,The Committee judges that there has been a substantial improvement in the outlook for the labor market since the inception of its current asset purchase program.
2014-10-29,dovish,"Moreover, the Committee continues to see sufficient underlying strength in the broader economy to support ongoing progress toward maximum employment in a context of price stability."
2014-10-29,neutral,"Accordingly, the Committee decided to conclude its asset purchase program this month."
2014-10-29,dovish,The Committee is maintaining its existing policy of reinvesting principal payments from its holdings of agency debt and agency mortgage-backed securities in agency mortgage-backed securities and of rolling over maturing Treasury securities at auction.
2014-10-29,dovish,"This policy, by keeping the Committee's holdings of longer-term securities at sizable levels, should help maintain accommodative financial conditions."
2014-10-29,dovish,"To support continued progress toward maximum employment and price stability, the Committee today reaffirmed its view that the current 0 to 1/4 percent target range for the federal funds rate remains appropriate."
2014-10-29,dovish,"In determining how long to maintain this target range, the Committee will assess progress--both realized and expected--toward its objectives of maximum employment and 2 percent inflation."
2014-10-29,neutral,"This assessment will take into account a wide range of information, including measures of labor market conditions, indicators of inflation pressures and inflation expectations, and readings on financial developments."
2014-10-29,dovish,"The Committee anticipates, based on its current assessment, that it likely will be appropriate to maintain the 0 to 1/4 percent target range for the federal funds rate for a considerable time following the end of its asset purchase program this month, especially if projected inflation continues to run below the Committee's 2 percent longer-run goal, and provided that longer-term inflation expectations remain well anchored."
2014-10-29,hawkish,"However, if incoming information indicates faster progress toward the Committee's employment and inflation objectives than the Committee now expects, then increases in the target range for the federal funds rate are likely to occur sooner than currently anticipated."
2014-10-29,neutral,"Conversely, if progress proves slower than expected, then increases in the target range are likely to occur later than currently anticipated."
2014-10-29,hawkish,"When the Committee decides to begin to remove policy accommodation, it will take a balanced approach consistent with its longer-run goals of maximum employment and inflation of 2 percent."
2014-10-29,dovish,"The Committee currently anticipates that, even after employment and inflation are near mandate-consistent levels, economic conditions may, for some time, warrant keeping the target federal funds rate below levels the Committee views as normal in the longer run."
2014-10-29,neutral,Statement Regarding Purchases of Treasury Securities and Agency Mortgage-Backed Securities
2014-12-17,hawkish,"Labor market conditions improved further, with solid job gains and a lower unemployment rate."
2014-12-17,neutral,"On balance, a range of labor market indicators suggests that underutilization of labor resources continues to diminish."
2014-12-17,neutral,"Household spending is rising moderately and business fixed investment is advancing, while the recovery in the housing sector remains slow."
2014-12-17,dovish,"Inflation has continued to run below the Committee's longer-run objective, partly reflecting declines in energy prices."
2014-12-17,neutral,Market-based measures of inflation compensation have declined somewhat further; survey-based measures of longer-term inflation expectations have remained stable.
2014-12-17,dovish,"Consistent with its statutory mandate, the Committee seeks to foster maximum employment and price stability."
2014-12-17,dovish,"The Committee expects that, with appropriate policy accommodation, economic activity will expand at a moderate pace, with labor market indicators moving toward levels the Committee judges consistent with its dual mandate."
2014-12-17,neutral,The Committee sees the risks to the outlook for economic activity and the labor market as nearly balanced.
2014-12-17,hawkish,The Committee expects inflation to rise gradually toward 2 percent as the labor market improves further and the transitory effects of lower energy prices and other factors dissipate.
2014-12-17,neutral,The Committee continues to monitor inflation developments closely.
2014-12-17,dovish,"To support continued progress toward maximum employment and price stability, the Committee today reaffirmed its view that the current 0 to 1/4 percent target range for the federal funds rate remains appropriate."
2014-12-17,dovish,"In determining how long to maintain this target range, the Committee will assess progress--both realized and expected--toward its objectives of maximum employment and 2 percent inflation."
2014-12-17,neutral,"This assessment will take into account a wide range of information, including measures of labor market conditions, indicators of inflation pressures and inflation expectations, and readings on financial developments."
2014-12-17,neutral,"Based on its current assessment, the Committee judges that it can be patient in beginning to normalize the stance of monetary policy."
2014-12-17,dovish,"The Committee sees this guidance as consistent with its previous statement that it likely will be appropriate to maintain the 0 to 1/4 percent target range for the federal funds rate for a considerable time following the end of its asset purchase program in October, especially if projected inflation continues to run below the Committee's 2 percent longer-run goal, and provided that longer-term inflation expectations remain well anchored."
2014-12-17,hawkish,"However, if incoming information indicates faster progress toward the Committee's employment and inflation objectives than the Committee now expects, then increases in the target range for the federal funds rate are likely to occur sooner than currently anticipated."
2014-12-17,neutral,"Conversely, if progress proves slower than expected, then increases in the target range are likely to occur later than currently anticipated."
2014-12-17,dovish,The Committee is maintaining its existing policy of reinvesting principal payments from its holdings of agency debt and agency mortgage-backed securities in agency mortgage-backed securities and of rolling over maturing Treasury securities at auction.
2014-12-17,dovish,"This policy, by keeping the Committee's holdings of longer-term securities at sizable levels, should help maintain accommodative financial conditions."
2014-12-17,hawkish,"When the Committee decides to begin to remove policy accommodation, it will take a balanced approach consistent with its longer-run goals of maximum employment and inflation of 2 percent."
2014-12-17,dovish,"The Committee currently anticipates that, even after employment and inflation are near mandate-consistent levels, economic conditions may, for some time, warrant keeping the target federal funds rate below levels the Committee views as normal in the longer run."
2014-12-17,hawkish,"Fisher, who believed that, while the Committee should be patient in beginning to normalize monetary policy, improvement in the U.S. economic performance since October has moved forward, further than the majority of the Committee envisions, the date when it will likely be appropriate to increase the federal funds rate;"
2014-12-17,dovish,"Narayana Kocherlakota, who believed that the Committee's decision, in the context of ongoing low inflation and falling market-based measures of longer-term inflation expectations, created undue downside risk to the credibility of the 2 percent inflation target; and Charles I."
2014-12-17,neutral,"Plosser, who believed that the statement should not stress the importance of the passage of time as a key element of its forward guidance and, given the improvement in economic conditions, should not emphasize the consistency of the current forward guidance with previous statements."
2015-01-28,hawkish,"Labor market conditions have improved further, with strong job gains and a lower unemployment rate."
2015-01-28,neutral,"On balance, a range of labor market indicators suggests that underutilization of labor resources continues to diminish."
2015-01-28,neutral,Household spending is rising moderately; recent declines in energy prices have boosted household purchasing power.
2015-01-28,neutral,"Business fixed investment is advancing, while the recovery in the housing sector remains slow."
2015-01-28,dovish,"Inflation has declined further below the Committeeâs longer-run objective, largely reflecting declines in energy prices."
2015-01-28,neutral,Market-based measures of inflation compensation have declined substantially in recent months; survey-based measures of longer-term inflation expectations have remained stable.
2015-01-28,dovish,"Consistent with its statutory mandate, the Committee seeks to foster maximum employment and price stability."
2015-01-28,dovish,"The Committee expects that, with appropriate policy accommodation, economic activity will expand at a moderate pace, with labor market indicators continuing to move toward levels the Committee judges consistent with its dual mandate."
2015-01-28,neutral,The Committee continues to see the risks to the outlook for economic activity and the labor market as nearly balanced.
2015-01-28,dovish,"Inflation is anticipated to decline further in the near term, but the Committee expects inflation to rise gradually toward 2 percent over the medium term as the labor market improves further and the transitory effects of lower energy prices and other factors dissipate."
2015-01-28,neutral,The Committee continues to monitor inflation developments closely.
2015-01-28,dovish,"To support continued progress toward maximum employment and price stability, the Committee today reaffirmed its view that the current 0 to 1/4 percent target range for the federal funds rate remains appropriate."
2015-01-28,dovish,"In determining how long to maintain this target range, the Committee will assess progress--both realized and expected--toward its objectives of maximum employment and 2 percent inflation."
2015-01-28,neutral,"This assessment will take into account a wide range of information, including measures of labor market conditions, indicators of inflation pressures and inflation expectations, and readings on financial and international developments."
2015-01-28,neutral,"Based on its current assessment, the Committee judges that it can be patient in beginning to normalize the stance of monetary policy."
2015-01-28,hawkish,"However, if incoming information indicates faster progress toward the Committeeâs employment and inflation objectives than the Committee now expects, then increases in the target range for the federal funds rate are likely to occur sooner than currently anticipated."
2015-01-28,neutral,"Conversely, if progress proves slower than expected, then increases in the target range are likely to occur later than currently anticipated."
2015-01-28,dovish,The Committee is maintaining its existing policy of reinvesting principal payments from its holdings of agency debt and agency mortgage-backed securities in agency mortgage-backed securities and of rolling over maturing Treasury securities at auction.
2015-01-28,dovish,"This policy, by keeping the Committeeâs holdings of longer-term securities at sizable levels, should help maintain accommodative financial conditions."
2015-01-28,hawkish,"When the Committee decides to begin to remove policy accommodation, it will take a balanced approach consistent with its longer-run goals of maximum employment and inflation of 2 percent."
2015-01-28,dovish,"The Committee currently anticipates that, even after employment and inflation are near mandate-consistent levels, economic conditions may, for some time, warrant keeping the target federal funds rate below levels the Committee views as normal in the longer run."
2015-03-18,hawkish,"Labor market conditions have improved further, with strong job gains and a lower unemployment rate."
2015-03-18,neutral,A range of labor market indicators suggests that underutilization of labor resources continues to diminish.
2015-03-18,dovish,Household spending is rising moderately; declines in energy prices have boosted household purchasing power.
2015-03-18,neutral,"Business fixed investment is advancing, while the recovery in the housing sector remains slow and export growth has weakened."
2015-03-18,dovish,"Inflation has declined further below the Committee's longer-run objective, largely reflecting declines in energy prices."
2015-03-18,neutral,Market-based measures of inflation compensation remain low; survey-based measures of longer-term inflation expectations have remained stable.
2015-03-18,dovish,"Consistent with its statutory mandate, the Committee seeks to foster maximum employment and price stability."
2015-03-18,dovish,"The Committee expects that, with appropriate policy accommodation, economic activity will expand at a moderate pace, with labor market indicators continuing to move toward levels the Committee judges consistent with its dual mandate."
2015-03-18,neutral,The Committee continues to see the risks to the outlook for economic activity and the labor market as nearly balanced.
2015-03-18,hawkish,"Inflation is anticipated to remain near its recent low level in the near term, but the Committee expects inflation to rise gradually toward 2 percent over the medium term as the labor market improves further and the transitory effects of energy price declines and other factors dissipate."
2015-03-18,neutral,The Committee continues to monitor inflation developments closely.
2015-03-18,dovish,"To support continued progress toward maximum employment and price stability, the Committee today reaffirmed its view that the current 0 to 1/4 percent target range for the federal funds rate remains appropriate."
2015-03-18,dovish,"In determining how long to maintain this target range, the Committee will assess progress--both realized and expected--toward its objectives of maximum employment and 2 percent inflation."
2015-03-18,neutral,"This assessment will take into account a wide range of information, including measures of labor market conditions, indicators of inflation pressures and inflation expectations, and readings on financial and international developments."
2015-03-18,neutral,"Consistent with its previous statement, the Committee judges that an increase in the target range for the federal funds rate remains unlikely at the April FOMC meeting."
2015-03-18,hawkish,The Committee anticipates that it will be appropriate to raise the target range for the federal funds rate when it has seen further improvement in the labor market and is reasonably confident that inflation will move back to its 2 percent objective over the medium term.
2015-03-18,neutral,This change in the forward guidance does not indicate that the Committee has decided on the timing of the initial increase in the target range.
2015-03-18,dovish,The Committee is maintaining its existing policy of reinvesting principal payments from its holdings of agency debt and agency mortgage-backed securities in agency mortgage-backed securities and of rolling over maturing Treasury securities at auction.
2015-03-18,dovish,"This policy, by keeping the Committee's holdings of longer-term securities at sizable levels, should help maintain accommodative financial conditions."
2015-03-18,hawkish,"When the Committee decides to begin to remove policy accommodation, it will take a balanced approach consistent with its longer-run goals of maximum employment and inflation of 2 percent."
2015-03-18,dovish,"The Committee currently anticipates that, even after employment and inflation are near mandate-consistent levels, economic conditions may, for some time, warrant keeping the target federal funds rate below levels the Committee views as normal in the longer run."
2015-04-29,neutral,"The pace of job gains moderated, and the unemployment rate remained steady."
2015-04-29,neutral,A range of labor market indicators suggests that underutilization of labor resources was little changed.
2015-04-29,dovish,"Growth in household spending declined; households' real incomes rose strongly, partly reflecting earlier declines in energy prices, and consumer sentiment remains high."
2015-04-29,dovish,"Business fixed investment softened, the recovery in the housing sector remained slow, and exports declined."
2015-04-29,dovish,"Inflation continued to run below the Committee's longer-run objective, partly reflecting earlier declines in energy prices and decreasing prices of non-energy imports."
2015-04-29,neutral,Market-based measures of inflation compensation remain low; survey-based measures of longer-term inflation expectations have remained stable.
2015-04-29,dovish,"Consistent with its statutory mandate, the Committee seeks to foster maximum employment and price stability."
2015-04-29,dovish,"Although growth in output and employment slowed during the first quarter, the Committee continues to expect that, with appropriate policy accommodation, economic activity will expand at a moderate pace, with labor market indicators continuing to move toward levels the Committee judges consistent with its dual mandate."
2015-04-29,neutral,The Committee continues to see the risks to the outlook for economic activity and the labor market as nearly balanced.
2015-04-29,hawkish,"Inflation is anticipated to remain near its recent low level in the near term, but the Committee expects inflation to rise gradually toward 2 percent over the medium term as the labor market improves further and the transitory effects of declines in energy and import prices dissipate."
2015-04-29,neutral,The Committee continues to monitor inflation developments closely.
2015-04-29,dovish,"To support continued progress toward maximum employment and price stability, the Committee today reaffirmed its view that the current 0 to 1/4 percent target range for the federal funds rate remains appropriate."
2015-04-29,dovish,"In determining how long to maintain this target range, the Committee will assess progress--both realized and expected--toward its objectives of maximum employment and 2 percent inflation."
2015-04-29,neutral,"This assessment will take into account a wide range of information, including measures of labor market conditions, indicators of inflation pressures and inflation expectations, and readings on financial and international developments."
2015-04-29,hawkish,The Committee anticipates that it will be appropriate to raise the target range for the federal funds rate when it has seen further improvement in the labor market and is reasonably confident that inflation will move back to its 2 percent objective over the medium term.
2015-04-29,dovish,The Committee is maintaining its existing policy of reinvesting principal payments from its holdings of agency debt and agency mortgage-backed securities in agency mortgage-backed securities and of rolling over maturing Treasury securities at auction.
2015-04-29,dovish,"This policy, by keeping the Committee's holdings of longer-term securities at sizable levels, should help maintain accommodative financial conditions."
2015-04-29,hawkish,"When the Committee decides to begin to remove policy accommodation, it will take a balanced approach consistent with its longer-run goals of maximum employment and inflation of 2 percent."
2015-04-29,dovish,"The Committee currently anticipates that, even after employment and inflation are near mandate-consistent levels, economic conditions may, for some time, warrant keeping the target federal funds rate below levels the Committee views as normal in the longer run."
2015-06-17,hawkish,The pace of job gains picked up while the unemployment rate remained steady.
2015-06-17,neutral,"On balance, a range of labor market indicators suggests that underutilization of labor resources diminished somewhat."
2015-06-17,neutral,"Growth in household spending has been moderate and the housing sector has shown some improvement; however, business fixed investment and net exports stayed soft."
2015-06-17,dovish,"Inflation continued to run below the Committee's longer-run objective, partly reflecting earlier declines in energy prices and decreasing prices of non-energy imports; energy prices appear to have stabilized."
2015-06-17,neutral,Market-based measures of inflation compensation remain low; survey-based measures of longer-term inflation expectations have remained stable.
2015-06-17,dovish,"Consistent with its statutory mandate, the Committee seeks to foster maximum employment and price stability."
2015-06-17,dovish,"The Committee expects that, with appropriate policy accommodation, economic activity will expand at a moderate pace, with labor market indicators continuing to move toward levels the Committee judges consistent with its dual mandate."
2015-06-17,neutral,The Committee continues to see the risks to the outlook for economic activity and the labor market as nearly balanced.
2015-06-17,hawkish,"Inflation is anticipated to remain near its recent low level in the near term, but the Committee expects inflation to rise gradually toward 2 percent over the medium term as the labor market improves further and the transitory effects of earlier declines in energy and import prices dissipate."
2015-06-17,neutral,The Committee continues to monitor inflation developments closely.
2015-06-17,dovish,"To support continued progress toward maximum employment and price stability, the Committee today reaffirmed its view that the current 0 to 1/4 percent target range for the federal funds rate remains appropriate."
2015-06-17,dovish,"In determining how long to maintain this target range, the Committee will assess progress--both realized and expected--toward its objectives of maximum employment and 2 percent inflation."
2015-06-17,neutral,"This assessment will take into account a wide range of information, including measures of labor market conditions, indicators of inflation pressures and inflation expectations, and readings on financial and international developments."
2015-06-17,hawkish,The Committee anticipates that it will be appropriate to raise the target range for the federal funds rate when it has seen further improvement in the labor market and is reasonably confident that inflation will move back to its 2 percent objective over the medium term.
2015-06-17,dovish,The Committee is maintaining its existing policy of reinvesting principal payments from its holdings of agency debt and agency mortgage-backed securities in agency mortgage-backed securities and of rolling over maturing Treasury securities at auction.
2015-06-17,dovish,"This policy, by keeping the Committee's holdings of longer-term securities at sizable levels, should help maintain accommodative financial conditions."
2015-06-17,hawkish,"When the Committee decides to begin to remove policy accommodation, it will take a balanced approach consistent with its longer-run goals of maximum employment and inflation of 2 percent."
2015-06-17,dovish,"The Committee currently anticipates that, even after employment and inflation are near mandate-consistent levels, economic conditions may, for some time, warrant keeping the target federal funds rate below levels the Committee views as normal in the longer run."
2015-07-29,neutral,"Growth in household spending has been moderate and the housing sector has shown additional improvement; however, business fixed investment and net exports stayed soft."
2015-07-29,hawkish,"The labor market continued to improve, with solid job gains and declining unemployment."
2015-07-29,neutral,"On balance, a range of labor market indicators suggests that underutilization of labor resources has diminished since early this year."
2015-07-29,dovish,"Inflation continued to run below the Committee's longer-run objective, partly reflecting earlier declines in energy prices and decreasing prices of non-energy imports."
2015-07-29,neutral,Market-based measures of inflation compensation remain low; survey‑based measures of longer-term inflation expectations have remained stable.
2015-07-29,dovish,"Consistent with its statutory mandate, the Committee seeks to foster maximum employment and price stability."
2015-07-29,dovish,"The Committee expects that, with appropriate policy accommodation, economic activity will expand at a moderate pace, with labor market indicators continuing to move toward levels the Committee judges consistent with its dual mandate."
2015-07-29,neutral,The Committee continues to see the risks to the outlook for economic activity and the labor market as nearly balanced.
2015-07-29,hawkish,"Inflation is anticipated to remain near its recent low level in the near term, but the Committee expects inflation to rise gradually toward 2 percent over the medium term as the labor market improves further and the transitory effects of earlier declines in energy and import prices dissipate."
2015-07-29,neutral,The Committee continues to monitor inflation developments closely.
2015-07-29,dovish,"To support continued progress toward maximum employment and price stability, the Committee today reaffirmed its view that the current 0 to 1/4 percent target range for the federal funds rate remains appropriate."
2015-07-29,dovish,"In determining how long to maintain this target range, the Committee will assess progress--both realized and expected--toward its objectives of maximum employment and 2 percent inflation."
2015-07-29,neutral,"This assessment will take into account a wide range of information, including measures of labor market conditions, indicators of inflation pressures and inflation expectations, and readings on financial and international developments."
2015-07-29,hawkish,The Committee anticipates that it will be appropriate to raise the target range for the federal funds rate when it has seen some further improvement in the labor market and is reasonably confident that inflation will move back to its 2 percent objective over the medium term.
2015-07-29,dovish,The Committee is maintaining its existing policy of reinvesting principal payments from its holdings of agency debt and agency mortgage-backed securities in agency mortgage-backed securities and of rolling over maturing Treasury securities at auction.
2015-07-29,dovish,"This policy, by keeping the Committee's holdings of longer-term securities at sizable levels, should help maintain accommodative financial conditions."
2015-07-29,hawkish,"When the Committee decides to begin to remove policy accommodation, it will take a balanced approach consistent with its longer-run goals of maximum employment and inflation of 2 percent."
2015-07-29,dovish,"The Committee currently anticipates that, even after employment and inflation are near mandate-consistent levels, economic conditions may, for some time, warrant keeping the target federal funds rate below levels the Committee views as normal in the longer run."
2015-09-17,neutral,"Household spending and business fixed investment have been increasing moderately, and the housing sector has improved further; however, net exports have been soft."
2015-09-17,hawkish,"The labor market continued to improve, with solid job gains and declining unemployment."
2015-09-17,neutral,"On balance, labor market indicators show that underutilization of labor resources has diminished since early this year."
2015-09-17,dovish,"Inflation has continued to run below the Committee's longer-run objective, partly reflecting declines in energy prices and in prices of non-energy imports."
2015-09-17,neutral,Market-based measures of inflation compensation moved lower; survey-based measures of longer-term inflation expectations have remained stable.
2015-09-17,dovish,"Consistent with its statutory mandate, the Committee seeks to foster maximum employment and price stability."
2015-09-17,dovish,Recent global economic and financial developments may restrain economic activity somewhat and are likely to put further downward pressure on inflation in the near term.
2015-09-17,dovish,"Nonetheless, the Committee expects that, with appropriate policy accommodation, economic activity will expand at a moderate pace, with labor market indicators continuing to move toward levels the Committee judges consistent with its dual mandate."
2015-09-17,neutral,The Committee continues to see the risks to the outlook for economic activity and the labor market as nearly balanced but is monitoring developments abroad.
2015-09-17,hawkish,Inflation is anticipated to remain near its recent low level in the near term but the Committee expects inflation to rise gradually toward 2 percent over the medium term as the labor market improves further and the transitory effects of declines in energy and import prices dissipate.
2015-09-17,neutral,The Committee continues to monitor inflation developments closely.
2015-09-17,dovish,"To support continued progress toward maximum employment and price stability, the Committee today reaffirmed its view that the current 0 to 1/4 percent target range for the federal funds rate remains appropriate."
2015-09-17,dovish,"In determining how long to maintain this target range, the Committee will assess progress--both realized and expected--toward its objectives of maximum employment and 2 percent inflation."
2015-09-17,neutral,"This assessment will take into account a wide range of information, including measures of labor market conditions, indicators of inflation pressures and inflation expectations, and readings on financial and international developments."
2015-09-17,hawkish,The Committee anticipates that it will be appropriate to raise the target range for the federal funds rate when it has seen some further improvement in the labor market and is reasonably confident that inflation will move back to its 2 percent objective over the medium term.
2015-09-17,dovish,The Committee is maintaining its existing policy of reinvesting principal payments from its holdings of agency debt and agency mortgage-backed securities in agency mortgage-backed securities and of rolling over maturing Treasury securities at auction.
2015-09-17,dovish,"This policy, by keeping the Committee's holdings of longer-term securities at sizable levels, should help maintain accommodative financial conditions."
2015-09-17,hawkish,"When the Committee decides to begin to remove policy accommodation, it will take a balanced approach consistent with its longer-run goals of maximum employment and inflation of 2 percent."
2015-09-17,dovish,"The Committee currently anticipates that, even after employment and inflation are near mandate-consistent levels, economic conditions may, for some time, warrant keeping the target federal funds rate below levels the Committee views as normal in the longer run."
2015-09-17,hawkish,"Lacker, who preferred to raise the target range for the federal funds rate by 25 basis points at this meeting."
2015-10-28,neutral,"Household spending and business fixed investment have been increasing at solid rates in recent months, and the housing sector has improved further; however, net exports have been soft."
2015-10-28,neutral,The pace of job gains slowed and the unemployment rate held steady.
2015-10-28,neutral,"Nonetheless, labor market indicators, on balance, show that underutilization of labor resources has diminished since early this year."
2015-10-28,dovish,"Inflation has continued to run below the Committee's longer-run objective, partly reflecting declines in energy prices and in prices of non-energy imports."
2015-10-28,neutral,Market-based measures of inflation compensation moved slightly lower; survey-based measures of longer-term inflation expectations have remained stable.
2015-10-28,dovish,"Consistent with its statutory mandate, the Committee seeks to foster maximum employment and price stability."
2015-10-28,dovish,"The Committee expects that, with appropriate policy accommodation, economic activity will expand at a moderate pace, with labor market indicators continuing to move toward levels the Committee judges consistent with its dual mandate."
2015-10-28,neutral,The Committee continues to see the risks to the outlook for economic activity and the labor market as nearly balanced but is monitoring global economic and financial developments.
2015-10-28,hawkish,Inflation is anticipated to remain near its recent low level in the near term but the Committee expects inflation to rise gradually toward 2 percent over the medium term as the labor market improves further and the transitory effects of declines in energy and import prices dissipate.
2015-10-28,neutral,The Committee continues to monitor inflation developments closely.
2015-10-28,dovish,"To support continued progress toward maximum employment and price stability, the Committee today reaffirmed its view that the current 0 to 1/4 percent target range for the federal funds rate remains appropriate."
2015-10-28,dovish,"In determining whether it will be appropriate to raise the target range at its next meeting, the Committee will assess progress--both realized and expected--toward its objectives of maximum employment and 2 percent inflation."
2015-10-28,neutral,"This assessment will take into account a wide range of information, including measures of labor market conditions, indicators of inflation pressures and inflation expectations, and readings on financial and international developments."
2015-10-28,hawkish,The Committee anticipates that it will be appropriate to raise the target range for the federal funds rate when it has seen some further improvement in the labor market and is reasonably confident that inflation will move back to its 2 percent objective over the medium term.
2015-10-28,dovish,The Committee is maintaining its existing policy of reinvesting principal payments from its holdings of agency debt and agency mortgage-backed securities in agency mortgage-backed securities and of rolling over maturing Treasury securities at auction.
2015-10-28,dovish,"This policy, by keeping the Committee's holdings of longer-term securities at sizable levels, should help maintain accommodative financial conditions."
2015-10-28,hawkish,"When the Committee decides to begin to remove policy accommodation, it will take a balanced approach consistent with its longer-run goals of maximum employment and inflation of 2 percent."
2015-10-28,dovish,"The Committee currently anticipates that, even after employment and inflation are near mandate-consistent levels, economic conditions may, for some time, warrant keeping the target federal funds rate below levels the Committee views as normal in the longer run."
2015-10-28,hawkish,"Lacker, who preferred to raise the target range for the federal funds rate by 25 basis points at this meeting."
2015-12-16,neutral,"Household spending and business fixed investment have been increasing at solid rates in recent months, and the housing sector has improved further; however, net exports have been soft."
2015-12-16,hawkish,"A range of recent labor market indicators, including ongoing job gains and declining unemployment, shows further improvement and confirms that underutilization of labor resources has diminished appreciably since early this year."
2015-12-16,dovish,"Inflation has continued to run below the Committee's 2 percent longer-run objective, partly reflecting declines in energy prices and in prices of non-energy imports."
2015-12-16,dovish,Market-based measures of inflation compensation remain low; some survey-based measures of longer-term inflation expectations have edged down.
2015-12-16,dovish,"Consistent with its statutory mandate, the Committee seeks to foster maximum employment and price stability."
2015-12-16,hawkish,"The Committee currently expects that, with gradual adjustments in the stance of monetary policy, economic activity will continue to expand at a moderate pace and labor market indicators will continue to strengthen."
2015-12-16,neutral,"Overall, taking into account domestic and international developments, the Committee sees the risks to the outlook for both economic activity and the labor market as balanced."
2015-12-16,hawkish,Inflation is expected to rise to 2 percent over the medium term as the transitory effects of declines in energy and import prices dissipate and the labor market strengthens further.
2015-12-16,neutral,The Committee continues to monitor inflation developments closely.
2015-12-16,hawkish,"The Committee judges that there has been considerable improvement in labor market conditions this year, and it is reasonably confident that inflation will rise, over the medium term, to its 2 percent objective."
2015-12-16,hawkish,"Given the economic outlook, and recognizing the time it takes for policy actions to affect future economic outcomes, the Committee decided to raise the target range for the federal funds rate to 1/4 to 1/2 percent."
2015-12-16,dovish,"The stance of monetary policy remains accommodative after this increase, thereby supporting further improvement in labor market conditions and a return to 2 percent inflation."
2015-12-16,dovish,"In determining the timing and size of future adjustments to the target range for the federal funds rate, the Committee will assess realized and expected economic conditions relative to its objectives of maximum employment and 2 percent inflation."
2015-12-16,neutral,"This assessment will take into account a wide range of information, including measures of labor market conditions, indicators of inflation pressures and inflation expectations, and readings on financial and international developments."
2015-12-16,neutral,"In light of the current shortfall of inflation from 2 percent, the Committee will carefully monitor actual and expected progress toward its inflation goal."
2015-12-16,dovish,"The Committee expects that economic conditions will evolve in a manner that will warrant only gradual increases in the federal funds rate; the federal funds rate is likely to remain, for some time, below levels that are expected to prevail in the longer run."
2015-12-16,neutral,"However, the actual path of the federal funds rate will depend on the economic outlook as informed by incoming data."
2015-12-16,dovish,"The Committee is maintaining its existing policy of reinvesting principal payments from its holdings of agency debt and agency mortgage-backed securities in agency mortgage-backed securities and of rolling over maturing Treasury securities at auction, and it anticipates doing so until normalization of the level of the federal funds rate is well under way."
2015-12-16,dovish,"This policy, by keeping the Committee's holdings of longer-term securities at sizable levels, should help maintain accommodative financial conditions."
2016-01-27,neutral,"Household spending and business fixed investment have been increasing at moderate rates in recent months, and the housing sector has improved further; however, net exports have been soft and inventory investment slowed."
2016-01-27,hawkish,"A range of recent labor market indicators, including strong job gains, points to some additional decline in underutilization of labor resources."
2016-01-27,dovish,"Inflation has continued to run below the Committee's 2 percent longer-run objective, partly reflecting declines in energy prices and in prices of non-energy imports."
2016-01-27,neutral,"Market-based measures of inflation compensation declined further; survey-based measures of longer-term inflation expectations are little changed, on balance, in recent months."
2016-01-27,dovish,"Consistent with its statutory mandate, the Committee seeks to foster maximum employment and price stability."
2016-01-27,hawkish,"The Committee currently expects that, with gradual adjustments in the stance of monetary policy, economic activity will expand at a moderate pace and labor market indicators will continue to strengthen."
2016-01-27,dovish,"Inflation is expected to remain low in the near term, in part because of the further declines in energy prices, but to rise to 2 percent over the medium term as the transitory effects of declines in energy and import prices dissipate and the labor market strengthens further."
2016-01-27,neutral,"The Committee is closely monitoring global economic and financial developments and is assessing their implications for the labor market and inflation, and for the balance of risks to the outlook."
2016-01-27,dovish,"Given the economic outlook, the Committee decided to maintain the target range for the federal funds rate at 1/4 to 1/2 percent."
2016-01-27,dovish,"The stance of monetary policy remains accommodative, thereby supporting further improvement in labor market conditions and a return to 2 percent inflation."
2016-01-27,dovish,"In determining the timing and size of future adjustments to the target range for the federal funds rate, the Committee will assess realized and expected economic conditions relative to its objectives of maximum employment and 2 percent inflation."
2016-01-27,neutral,"This assessment will take into account a wide range of information, including measures of labor market conditions, indicators of inflation pressures and inflation expectations, and readings on financial and international developments."
2016-01-27,neutral,"In light of the current shortfall of inflation from 2 percent, the Committee will carefully monitor actual and expected progress toward its inflation goal."
2016-01-27,dovish,"The Committee expects that economic conditions will evolve in a manner that will warrant only gradual increases in the federal funds rate; the federal funds rate is likely to remain, for some time, below levels that are expected to prevail in the longer run."
2016-01-27,neutral,"However, the actual path of the federal funds rate will depend on the economic outlook as informed by incoming data."
2016-01-27,dovish,"The Committee is maintaining its existing policy of reinvesting principal payments from its holdings of agency debt and agency mortgage-backed securities in agency mortgage-backed securities and of rolling over maturing Treasury securities at auction, and it anticipates doing so until normalization of the level of the federal funds rate is well under way."
2016-01-27,dovish,"This policy, by keeping the Committee's holdings of longer-term securities at sizable levels, should help maintain accommodative financial conditions."
2016-01-27,neutral,Eric Rosengren; and Daniel K.
2016-03-16,neutral,"Household spending has been increasing at a moderate rate, and the housing sector has improved further; however, business fixed investment and net exports have been soft."
2016-03-16,hawkish,"A range of recent indicators, including strong job gains, points to additional strengthening of the labor market."
2016-03-16,dovish,"Inflation picked up in recent months; however, it continued to run below the Committee's 2 percent longer-run objective, partly reflecting declines in energy prices and in prices of non-energy imports."
2016-03-16,neutral,"Market-based measures of inflation compensation remain low; survey-based measures of longer-term inflation expectations are little changed, on balance, in recent months."
2016-03-16,dovish,"Consistent with its statutory mandate, the Committee seeks to foster maximum employment and price stability."
2016-03-16,hawkish,"The Committee currently expects that, with gradual adjustments in the stance of monetary policy, economic activity will expand at a moderate pace and labor market indicators will continue to strengthen."
2016-03-16,neutral,"However, global economic and financial developments continue to pose risks."
2016-03-16,dovish,"Inflation is expected to remain low in the near term, in part because of earlier declines in energy prices, but to rise to 2 percent over the medium term as the transitory effects of declines in energy and import prices dissipate and the labor market strengthens further."
2016-03-16,neutral,The Committee continues to monitor inflation developments closely.
2016-03-16,dovish,"Against this backdrop, the Committee decided to maintain the target range for the federal funds rate at 1/4 to 1/2 percent."
2016-03-16,dovish,"The stance of monetary policy remains accommodative, thereby supporting further improvement in labor market conditions and a return to 2 percent inflation."
2016-03-16,dovish,"In determining the timing and size of future adjustments to the target range for the federal funds rate, the Committee will assess realized and expected economic conditions relative to its objectives of maximum employment and 2 percent inflation."
2016-03-16,neutral,"This assessment will take into account a wide range of information, including measures of labor market conditions, indicators of inflation pressures and inflation expectations, and readings on financial and international developments."
2016-03-16,neutral,"In light of the current shortfall of inflation from 2 percent, the Committee will carefully monitor actual and expected progress toward its inflation goal."
2016-03-16,dovish,"The Committee expects that economic conditions will evolve in a manner that will warrant only gradual increases in the federal funds rate; the federal funds rate is likely to remain, for some time, below levels that are expected to prevail in the longer run."
2016-03-16,neutral,"However, the actual path of the federal funds rate will depend on the economic outlook as informed by incoming data."
2016-03-16,dovish,"The Committee is maintaining its existing policy of reinvesting principal payments from its holdings of agency debt and agency mortgage-backed securities in agency mortgage-backed securities and of rolling over maturing Treasury securities at auction, and it anticipates doing so until normalization of the level of the federal funds rate is well under way."
2016-03-16,dovish,"This policy, by keeping the Committee's holdings of longer-term securities at sizable levels, should help maintain accommodative financial conditions."
2016-03-16,neutral,Eric Rosengren; and Daniel K.
2016-03-16,hawkish,"George, who preferred at this meeting to raise the target range for the federal funds rate to 1/2 to 3/4 percent."
2016-04-27,neutral,"Growth in household spending has moderated, although households' real income has risen at a solid rate and consumer sentiment remains high."
2016-04-27,neutral,"Since the beginning of the year, the housing sector has improved further but business fixed investment and net exports have been soft."
2016-04-27,hawkish,"A range of recent indicators, including strong job gains, points to additional strengthening of the labor market."
2016-04-27,dovish,"Inflation has continued to run below the Committee's 2 percent longer-run objective, partly reflecting earlier declines in energy prices and falling prices of non-energy imports."
2016-04-27,neutral,"Market-based measures of inflation compensation remain low; survey-based measures of longer-term inflation expectations are little changed, on balance, in recent months."
2016-04-27,dovish,"Consistent with its statutory mandate, the Committee seeks to foster maximum employment and price stability."
2016-04-27,hawkish,"The Committee currently expects that, with gradual adjustments in the stance of monetary policy, economic activity will expand at a moderate pace and labor market indicators will continue to strengthen."
2016-04-27,dovish,"Inflation is expected to remain low in the near term, in part because of earlier declines in energy prices, but to rise to 2 percent over the medium term as the transitory effects of declines in energy and import prices dissipate and the labor market strengthens further."
2016-04-27,neutral,The Committee continues to closely monitor inflation indicators and global economic and financial developments.
2016-04-27,dovish,"Against this backdrop, the Committee decided to maintain the target range for the federal funds rate at 1/4 to 1/2 percent."
2016-04-27,dovish,"The stance of monetary policy remains accommodative, thereby supporting further improvement in labor market conditions and a return to 2 percent inflation."
2016-04-27,dovish,"In determining the timing and size of future adjustments to the target range for the federal funds rate, the Committee will assess realized and expected economic conditions relative to its objectives of maximum employment and 2 percent inflation."
2016-04-27,neutral,"This assessment will take into account a wide range of information, including measures of labor market conditions, indicators of inflation pressures and inflation expectations, and readings on financial and international developments."
2016-04-27,neutral,"In light of the current shortfall of inflation from 2 percent, the Committee will carefully monitor actual and expected progress toward its inflation goal."
2016-04-27,dovish,"The Committee expects that economic conditions will evolve in a manner that will warrant only gradual increases in the federal funds rate; the federal funds rate is likely to remain, for some time, below levels that are expected to prevail in the longer run."
2016-04-27,neutral,"However, the actual path of the federal funds rate will depend on the economic outlook as informed by incoming data."
2016-04-27,dovish,"The Committee is maintaining its existing policy of reinvesting principal payments from its holdings of agency debt and agency mortgage-backed securities in agency mortgage-backed securities and of rolling over maturing Treasury securities at auction, and it anticipates doing so until normalization of the level of the federal funds rate is well under way."
2016-04-27,dovish,"This policy, by keeping the Committee's holdings of longer-term securities at sizable levels, should help maintain accommodative financial conditions."
2016-04-27,neutral,Eric Rosengren; and Daniel K.
2016-04-27,hawkish,"George, who preferred at this meeting to raise the target range for the federal funds rate to 1/2 to 3/4 percent."
2016-06-15,dovish,"Although the unemployment rate has declined, job gains have diminished."
2016-06-15,neutral,Growth in household spending has strengthened.
2016-06-15,neutral,"Since the beginning of the year, the housing sector has continued to improve and the drag from net exports appears to have lessened, but business fixed investment has been soft."
2016-06-15,dovish,"Inflation has continued to run below the Committee's 2 percent longer-run objective, partly reflecting earlier declines in energy prices and in prices of non-energy imports."
2016-06-15,neutral,"Market-based measures of inflation compensation declined; most survey-based measures of longer-term inflation expectations are little changed, on balance, in recent months."
2016-06-15,dovish,"Consistent with its statutory mandate, the Committee seeks to foster maximum employment and price stability."
2016-06-15,hawkish,"The Committee currently expects that, with gradual adjustments in the stance of monetary policy, economic activity will expand at a moderate pace and labor market indicators will strengthen."
2016-06-15,hawkish,"Inflation is expected to remain low in the near term, in part because of earlier declines in energy prices, but to rise to 2 percent over the medium term as the transitory effects of past declines in energy and import prices dissipate and the labor market strengthens further."
2016-06-15,neutral,The Committee continues to closely monitor inflation indicators and global economic and financial developments.
2016-06-15,dovish,"Against this backdrop, the Committee decided to maintain the target range for the federal funds rate at 1/4 to 1/2 percent."
2016-06-15,dovish,"The stance of monetary policy remains accommodative, thereby supporting further improvement in labor market conditions and a return to 2 percent inflation."
2016-06-15,dovish,"In determining the timing and size of future adjustments to the target range for the federal funds rate, the Committee will assess realized and expected economic conditions relative to its objectives of maximum employment and 2 percent inflation."
2016-06-15,neutral,"This assessment will take into account a wide range of information, including measures of labor market conditions, indicators of inflation pressures and inflation expectations, and readings on financial and international developments."
2016-06-15,neutral,"In light of the current shortfall of inflation from 2 percent, the Committee will carefully monitor actual and expected progress toward its inflation goal."
2016-06-15,dovish,"The Committee expects that economic conditions will evolve in a manner that will warrant only gradual increases in the federal funds rate; the federal funds rate is likely to remain, for some time, below levels that are expected to prevail in the longer run."
2016-06-15,neutral,"However, the actual path of the federal funds rate will depend on the economic outlook as informed by incoming data."
2016-06-15,dovish,"The Committee is maintaining its existing policy of reinvesting principal payments from its holdings of agency debt and agency mortgage-backed securities in agency mortgage-backed securities and of rolling over maturing Treasury securities at auction, and it anticipates doing so until normalization of the level of the federal funds rate is well under way."
2016-06-15,dovish,"This policy, by keeping the Committee's holdings of longer-term securities at sizable levels, should help maintain accommodative financial conditions."
2016-06-15,neutral,Eric Rosengren; and Daniel K.
2016-07-27,hawkish,Job gains were strong in June following weak growth in May.
2016-07-27,neutral,"On balance, payrolls and other labor market indicators point to some increase in labor utilization in recent months."
2016-07-27,neutral,Household spending has been growing strongly but business fixed investment has been soft.
2016-07-27,dovish,"Inflation has continued to run below the Committee's 2 percent longer-run objective, partly reflecting earlier declines in energy prices and in prices of non-energy imports."
2016-07-27,neutral,"Market-based measures of inflation compensation remain low; most survey-based measures of longer-term inflation expectations are little changed, on balance, in recent months."
2016-07-27,dovish,"Consistent with its statutory mandate, the Committee seeks to foster maximum employment and price stability."
2016-07-27,hawkish,"The Committee currently expects that, with gradual adjustments in the stance of monetary policy, economic activity will expand at a moderate pace and labor market indicators will strengthen."
2016-07-27,hawkish,"Inflation is expected to remain low in the near term, in part because of earlier declines in energy prices, but to rise to 2 percent over the medium term as the transitory effects of past declines in energy and import prices dissipate and the labor market strengthens further."
2016-07-27,neutral,Near-term risks to the economic outlook have diminished.
2016-07-27,neutral,The Committee continues to closely monitor inflation indicators and global economic and financial developments.
2016-07-27,dovish,"Against this backdrop, the Committee decided to maintain the target range for the federal funds rate at 1/4 to 1/2 percent."
2016-07-27,dovish,"The stance of monetary policy remains accommodative, thereby supporting further improvement in labor market conditions and a return to 2 percent inflation."
2016-07-27,dovish,"In determining the timing and size of future adjustments to the target range for the federal funds rate, the Committee will assess realized and expected economic conditions relative to its objectives of maximum employment and 2 percent inflation."
2016-07-27,neutral,"This assessment will take into account a wide range of information, including measures of labor market conditions, indicators of inflation pressures and inflation expectations, and readings on financial and international developments."
2016-07-27,neutral,"In light of the current shortfall of inflation from 2 percent, the Committee will carefully monitor actual and expected progress toward its inflation goal."
2016-07-27,dovish,"The Committee expects that economic conditions will evolve in a manner that will warrant only gradual increases in the federal funds rate; the federal funds rate is likely to remain, for some time, below levels that are expected to prevail in the longer run."
2016-07-27,neutral,"However, the actual path of the federal funds rate will depend on the economic outlook as informed by incoming data."
2016-07-27,dovish,"The Committee is maintaining its existing policy of reinvesting principal payments from its holdings of agency debt and agency mortgage-backed securities in agency mortgage-backed securities and of rolling over maturing Treasury securities at auction, and it anticipates doing so until normalization of the level of the federal funds rate is well under way."
2016-07-27,dovish,"This policy, by keeping the Committee's holdings of longer-term securities at sizable levels, should help maintain accommodative financial conditions."
2016-07-27,neutral,Eric Rosengren; and Daniel K.
2016-07-27,hawkish,"George, who preferred at this meeting to raise the target range for the federal funds rate to 1/2 to 3/4 percent."
2016-09-21,hawkish,"Although the unemployment rate is little changed in recent months, job gains have been solid, on average."
2016-09-21,neutral,Household spending has been growing strongly but business fixed investment has remained soft.
2016-09-21,dovish,"Inflation has continued to run below the Committee's 2 percent longer-run objective, partly reflecting earlier declines in energy prices and in prices of non-energy imports."
2016-09-21,neutral,"Market-based measures of inflation compensation remain low; most survey-based measures of longer-term inflation expectations are little changed, on balance, in recent months."
2016-09-21,dovish,"Consistent with its statutory mandate, the Committee seeks to foster maximum employment and price stability."
2016-09-21,hawkish,"The Committee expects that, with gradual adjustments in the stance of monetary policy, economic activity will expand at a moderate pace and labor market conditions will strengthen somewhat further."
2016-09-21,hawkish,"Inflation is expected to remain low in the near term, in part because of earlier declines in energy prices, but to rise to 2 percent over the medium term as the transitory effects of past declines in energy and import prices dissipate and the labor market strengthens further."
2016-09-21,neutral,Near-term risks to the economic outlook appear roughly balanced.
2016-09-21,neutral,The Committee continues to closely monitor inflation indicators and global economic and financial developments.
2016-09-21,dovish,"Against this backdrop, the Committee decided to maintain the target range for the federal funds rate at 1/4 to 1/2 percent."
2016-09-21,hawkish,"The Committee judges that the case for an increase in the federal funds rate has strengthened but decided, for the time being, to wait for further evidence of continued progress toward its objectives."
2016-09-21,dovish,"The stance of monetary policy remains accommodative, thereby supporting further improvement in labor market conditions and a return to 2 percent inflation."
2016-09-21,dovish,"In determining the timing and size of future adjustments to the target range for the federal funds rate, the Committee will assess realized and expected economic conditions relative to its objectives of maximum employment and 2 percent inflation."
2016-09-21,neutral,"This assessment will take into account a wide range of information, including measures of labor market conditions, indicators of inflation pressures and inflation expectations, and readings on financial and international developments."
2016-09-21,neutral,"In light of the current shortfall of inflation from 2 percent, the Committee will carefully monitor actual and expected progress toward its inflation goal."
2016-09-21,dovish,"The Committee expects that economic conditions will evolve in a manner that will warrant only gradual increases in the federal funds rate; the federal funds rate is likely to remain, for some time, below levels that are expected to prevail in the longer run."
2016-09-21,neutral,"However, the actual path of the federal funds rate will depend on the economic outlook as informed by incoming data."
2016-09-21,dovish,"The Committee is maintaining its existing policy of reinvesting principal payments from its holdings of agency debt and agency mortgage-backed securities in agency mortgage-backed securities and of rolling over maturing Treasury securities at auction, and it anticipates doing so until normalization of the level of the federal funds rate is well under way."
2016-09-21,dovish,"This policy, by keeping the Committee's holdings of longer-term securities at sizable levels, should help maintain accommodative financial conditions."
2016-09-21,hawkish,"Mester, and Eric Rosengren, each of whom preferred at this meeting to raise the target range for the federal funds rate to 1/2 to 3/4 percent."
2016-11-02,hawkish,"Although the unemployment rate is little changed in recent months, job gains have been solid."
2016-11-02,neutral,Household spending has been rising moderately but business fixed investment has remained soft.
2016-11-02,dovish,"Inflation has increased somewhat since earlier this year but is still below the Committee's 2 percent longer-run objective, partly reflecting earlier declines in energy prices and in prices of non-energy imports."
2016-11-02,neutral,"Market-based measures of inflation compensation have moved up but remain low; most survey-based measures of longer-term inflation expectations are little changed, on balance, in recent months."
2016-11-02,dovish,"Consistent with its statutory mandate, the Committee seeks to foster maximum employment and price stability."
2016-11-02,hawkish,"The Committee expects that, with gradual adjustments in the stance of monetary policy, economic activity will expand at a moderate pace and labor market conditions will strengthen somewhat further."
2016-11-02,hawkish,Inflation is expected to rise to 2 percent over the medium term as the transitory effects of past declines in energy and import prices dissipate and the labor market strengthens further.
2016-11-02,neutral,Near-term risks to the economic outlook appear roughly balanced.
2016-11-02,neutral,The Committee continues to closely monitor inflation indicators and global economic and financial developments.
2016-11-02,dovish,"Against this backdrop, the Committee decided to maintain the target range for the federal funds rate at 1/4 to 1/2 percent."
2016-11-02,hawkish,"The Committee judges that the case for an increase in the federal funds rate has continued to strengthen but decided, for the time being, to wait for some further evidence of continued progress toward its objectives."
2016-11-02,dovish,"The stance of monetary policy remains accommodative, thereby supporting further improvement in labor market conditions and a return to 2 percent inflation."
2016-11-02,dovish,"In determining the timing and size of future adjustments to the target range for the federal funds rate, the Committee will assess realized and expected economic conditions relative to its objectives of maximum employment and 2 percent inflation."
2016-11-02,neutral,"This assessment will take into account a wide range of information, including measures of labor market conditions, indicators of inflation pressures and inflation expectations, and readings on financial and international developments."
2016-11-02,neutral,"In light of the current shortfall of inflation from 2 percent, the Committee will carefully monitor actual and expected progress toward its inflation goal."
2016-11-02,dovish,"The Committee expects that economic conditions will evolve in a manner that will warrant only gradual increases in the federal funds rate; the federal funds rate is likely to remain, for some time, below levels that are expected to prevail in the longer run."
2016-11-02,neutral,"However, the actual path of the federal funds rate will depend on the economic outlook as informed by incoming data."
2016-11-02,dovish,"The Committee is maintaining its existing policy of reinvesting principal payments from its holdings of agency debt and agency mortgage-backed securities in agency mortgage-backed securities and of rolling over maturing Treasury securities at auction, and it anticipates doing so until normalization of the level of the federal funds rate is well under way."
2016-11-02,dovish,"This policy, by keeping the Committee's holdings of longer-term securities at sizable levels, should help maintain accommodative financial conditions."
2016-11-02,neutral,Eric Rosengren; and Daniel K.
2016-11-02,hawkish,"Mester, each of whom preferred at this meeting to raise the target range for the federal funds rate to 1/2 to 3/4 percent."
2016-12-14,hawkish,Job gains have been solid in recent months and the unemployment rate has declined.
2016-12-14,neutral,Household spending has been rising moderately but business fixed investment has remained soft.
2016-12-14,dovish,"Inflation has increased since earlier this year but is still below the Committee's 2 percent longer-run objective, partly reflecting earlier declines in energy prices and in prices of non-energy imports."
2016-12-14,neutral,"Market-based measures of inflation compensation have moved up considerably but still are low; most survey-based measures of longer-term inflation expectations are little changed, on balance, in recent months."
2016-12-14,dovish,"Consistent with its statutory mandate, the Committee seeks to foster maximum employment and price stability."
2016-12-14,hawkish,"The Committee expects that, with gradual adjustments in the stance of monetary policy, economic activity will expand at a moderate pace and labor market conditions will strengthen somewhat further."
2016-12-14,hawkish,Inflation is expected to rise to 2 percent over the medium term as the transitory effects of past declines in energy and import prices dissipate and the labor market strengthens further.
2016-12-14,neutral,Near-term risks to the economic outlook appear roughly balanced.
2016-12-14,neutral,The Committee continues to closely monitor inflation indicators and global economic and financial developments.
2016-12-14,hawkish,"In view of realized and expected labor market conditions and inflation, the Committee decided to raise the target range for the federal funds rate to 1/2 to 3/4 percent."
2016-12-14,dovish,"The stance of monetary policy remains accommodative, thereby supporting some further strengthening in labor market conditions and a return to 2 percent inflation."
2016-12-14,dovish,"In determining the timing and size of future adjustments to the target range for the federal funds rate, the Committee will assess realized and expected economic conditions relative to its objectives of maximum employment and 2 percent inflation."
2016-12-14,neutral,"This assessment will take into account a wide range of information, including measures of labor market conditions, indicators of inflation pressures and inflation expectations, and readings on financial and international developments."
2016-12-14,neutral,"In light of the current shortfall of inflation from 2 percent, the Committee will carefully monitor actual and expected progress toward its inflation goal."
2016-12-14,dovish,"The Committee expects that economic conditions will evolve in a manner that will warrant only gradual increases in the federal funds rate; the federal funds rate is likely to remain, for some time, below levels that are expected to prevail in the longer run."
2016-12-14,neutral,"However, the actual path of the federal funds rate will depend on the economic outlook as informed by incoming data."
2016-12-14,dovish,"The Committee is maintaining its existing policy of reinvesting principal payments from its holdings of agency debt and agency mortgage-backed securities in agency mortgage-backed securities and of rolling over maturing Treasury securities at auction, and it anticipates doing so until normalization of the level of the federal funds rate is well under way."
2016-12-14,dovish,"This policy, by keeping the Committee's holdings of longer-term securities at sizable levels, should help maintain accommodative financial conditions."
2016-12-14,neutral,Eric Rosengren; and Daniel K.
2017-02-01,hawkish,Job gains remained solid and the unemployment rate stayed near its recent low.
2017-02-01,neutral,Household spending has continued to rise moderately while business fixed investment has remained soft.
2017-02-01,neutral,Measures of consumer and business sentiment have improved of late.
2017-02-01,dovish,Inflation increased in recent quarters but is still below the Committee's 2 percent longer-run objective.
2017-02-01,neutral,"Market-based measures of inflation compensation remain low; most survey-based measures of longer-term inflation expectations are little changed, on balance."
2017-02-01,dovish,"Consistent with its statutory mandate, the Committee seeks to foster maximum employment and price stability."
2017-02-01,hawkish,"The Committee expects that, with gradual adjustments in the stance of monetary policy, economic activity will expand at a moderate pace, labor market conditions will strengthen somewhat further, and inflation will rise to 2 percent over the medium term."
2017-02-01,neutral,Near-term risks to the economic outlook appear roughly balanced.
2017-02-01,neutral,The Committee continues to closely monitor inflation indicators and global economic and financial developments.
2017-02-01,dovish,"In view of realized and expected labor market conditions and inflation, the Committee decided to maintain the target range for the federal funds rate at 1/2 to 3/4 percent."
2017-02-01,dovish,"The stance of monetary policy remains accommodative, thereby supporting some further strengthening in labor market conditions and a return to 2 percent inflation."
2017-02-01,dovish,"In determining the timing and size of future adjustments to the target range for the federal funds rate, the Committee will assess realized and expected economic conditions relative to its objectives of maximum employment and 2 percent inflation."
2017-02-01,neutral,"This assessment will take into account a wide range of information, including measures of labor market conditions, indicators of inflation pressures and inflation expectations, and readings on financial and international developments."
2017-02-01,neutral,"In light of the current shortfall of inflation from 2 percent, the Committee will carefully monitor actual and expected progress toward its inflation goal."
2017-02-01,dovish,"The Committee expects that economic conditions will evolve in a manner that will warrant only gradual increases in the federal funds rate; the federal funds rate is likely to remain, for some time, below levels that are expected to prevail in the longer run."
2017-02-01,neutral,"However, the actual path of the federal funds rate will depend on the economic outlook as informed by incoming data."
2017-02-01,dovish,"The Committee is maintaining its existing policy of reinvesting principal payments from its holdings of agency debt and agency mortgage-backed securities in agency mortgage-backed securities and of rolling over maturing Treasury securities at auction, and it anticipates doing so until normalization of the level of the federal funds rate is well under way."
2017-02-01,dovish,"This policy, by keeping the Committee's holdings of longer-term securities at sizable levels, should help maintain accommodative financial conditions."
2017-03-15,neutral,Job gains remained solid and the unemployment rate was little changed in recent months.
2017-03-15,neutral,Household spending has continued to rise moderately while business fixed investment appears to have firmed somewhat.
2017-03-15,dovish,"Inflation has increased in recent quarters, moving close to the Committee's 2 percent longer-run objective; excluding energy and food prices, inflation was little changed and continued to run somewhat below 2 percent."
2017-03-15,neutral,"Market-based measures of inflation compensation remain low; survey-based measures of longer-term inflation expectations are little changed, on balance."
2017-03-15,dovish,"Consistent with its statutory mandate, the Committee seeks to foster maximum employment and price stability."
2017-03-15,hawkish,"The Committee expects that, with gradual adjustments in the stance of monetary policy, economic activity will expand at a moderate pace, labor market conditions will strengthen somewhat further, and inflation will stabilize around 2 percent over the medium term."
2017-03-15,neutral,Near-term risks to the economic outlook appear roughly balanced.
2017-03-15,neutral,The Committee continues to closely monitor inflation indicators and global economic and financial developments.
2017-03-15,hawkish,"In view of realized and expected labor market conditions and inflation, the Committee decided to raise the target range for the federal funds rate to 3/4 to 1 percent."
2017-03-15,dovish,"The stance of monetary policy remains accommodative, thereby supporting some further strengthening in labor market conditions and a sustained return to 2 percent inflation."
2017-03-15,dovish,"In determining the timing and size of future adjustments to the target range for the federal funds rate, the Committee will assess realized and expected economic conditions relative to its objectives of maximum employment and 2 percent inflation."
2017-03-15,neutral,"This assessment will take into account a wide range of information, including measures of labor market conditions, indicators of inflation pressures and inflation expectations, and readings on financial and international developments."
2017-03-15,neutral,The Committee will carefully monitor actual and expected inflation developments relative to its symmetric inflation goal.
2017-03-15,dovish,"The Committee expects that economic conditions will evolve in a manner that will warrant gradual increases in the federal funds rate; the federal funds rate is likely to remain, for some time, below levels that are expected to prevail in the longer run."
2017-03-15,neutral,"However, the actual path of the federal funds rate will depend on the economic outlook as informed by incoming data."
2017-03-15,dovish,"The Committee is maintaining its existing policy of reinvesting principal payments from its holdings of agency debt and agency mortgage-backed securities in agency mortgage-backed securities and of rolling over maturing Treasury securities at auction, and it anticipates doing so until normalization of the level of the federal funds rate is well under way."
2017-03-15,dovish,"This policy, by keeping the Committee's holdings of longer-term securities at sizable levels, should help maintain accommodative financial conditions."
2017-05-03,hawkish,"Job gains were solid, on average, in recent months, and the unemployment rate declined."
2017-05-03,neutral,"Household spending rose only modestly, but the fundamentals underpinning the continued growth of consumption remained solid."
2017-05-03,neutral,Business fixed investment firmed.
2017-05-03,neutral,Inflation measured on a 12-month basis recently has been running close to the Committee's 2 percent longer-run objective.
2017-05-03,dovish,"Excluding energy and food, consumer prices declined in March and inflation continued to run somewhat below 2 percent."
2017-05-03,neutral,"Market-based measures of inflation compensation remain low; survey-based measures of longer-term inflation expectations are little changed, on balance."
2017-05-03,dovish,"Consistent with its statutory mandate, the Committee seeks to foster maximum employment and price stability."
2017-05-03,hawkish,"The Committee views the slowing in growth during the first quarter as likely to be transitory and continues to expect that, with gradual adjustments in the stance of monetary policy, economic activity will expand at a moderate pace, labor market conditions will strengthen somewhat further, and inflation will stabilize around 2 percent over the medium term."
2017-05-03,neutral,Near-term risks to the economic outlook appear roughly balanced.
2017-05-03,neutral,The Committee continues to closely monitor inflation indicators and global economic and financial developments.
2017-05-03,dovish,"In view of realized and expected labor market conditions and inflation, the Committee decided to maintain the target range for the federal funds rate at 3/4 to 1 percent."
2017-05-03,dovish,"The stance of monetary policy remains accommodative, thereby supporting some further strengthening in labor market conditions and a sustained return to 2 percent inflation."
2017-05-03,dovish,"In determining the timing and size of future adjustments to the target range for the federal funds rate, the Committee will assess realized and expected economic conditions relative to its objectives of maximum employment and 2 percent inflation."
2017-05-03,neutral,"This assessment will take into account a wide range of information, including measures of labor market conditions, indicators of inflation pressures and inflation expectations, and readings on financial and international developments."
2017-05-03,neutral,The Committee will carefully monitor actual and expected inflation developments relative to its symmetric inflation goal.
2017-05-03,dovish,"The Committee expects that economic conditions will evolve in a manner that will warrant gradual increases in the federal funds rate; the federal funds rate is likely to remain, for some time, below levels that are expected to prevail in the longer run."
2017-05-03,neutral,"However, the actual path of the federal funds rate will depend on the economic outlook as informed by incoming data."
2017-05-03,dovish,"The Committee is maintaining its existing policy of reinvesting principal payments from its holdings of agency debt and agency mortgage-backed securities in agency mortgage-backed securities and of rolling over maturing Treasury securities at auction, and it anticipates doing so until normalization of the level of the federal funds rate is well under way."
2017-05-03,dovish,"This policy, by keeping the Committee's holdings of longer-term securities at sizable levels, should help maintain accommodative financial conditions."
2017-05-03,neutral,Neel Kashkari; and Jerome H.
2017-06-14,hawkish,"Job gains have moderated but have been solid, on average, since the beginning of the year, and the unemployment rate has declined."
2017-06-14,neutral,"Household spending has picked up in recent months, and business fixed investment has continued to expand."
2017-06-14,dovish,"On a 12-month basis, inflation has declined recently and, like the measure excluding food and energy prices, is running somewhat below 2 percent."
2017-06-14,neutral,"Market-based measures of inflation compensation remain low; survey-based measures of longer-term inflation expectations are little changed, on balance."
2017-06-14,dovish,"Consistent with its statutory mandate, the Committee seeks to foster maximum employment and price stability."
2017-06-14,hawkish,"The Committee continues to expect that, with gradual adjustments in the stance of monetary policy, economic activity will expand at a moderate pace, and labor market conditions will strengthen somewhat further."
2017-06-14,dovish,Inflation on a 12-month basis is expected to remain somewhat below 2 percent in the near term but to stabilize around the Committee's 2 percent objective over the medium term.
2017-06-14,neutral,"Near-term risks to the economic outlook appear roughly balanced, but the Committee is monitoring inflation developments closely."
2017-06-14,hawkish,"In view of realized and expected labor market conditions and inflation, the Committee decided to raise the target range for the federal funds rate to 1 to 1-1/4 percent."
2017-06-14,dovish,"The stance of monetary policy remains accommodative, thereby supporting some further strengthening in labor market conditions and a sustained return to 2 percent inflation."
2017-06-14,dovish,"In determining the timing and size of future adjustments to the target range for the federal funds rate, the Committee will assess realized and expected economic conditions relative to its objectives of maximum employment and 2 percent inflation."
2017-06-14,neutral,"This assessment will take into account a wide range of information, including measures of labor market conditions, indicators of inflation pressures and inflation expectations, and readings on financial and international developments."
2017-06-14,neutral,The Committee will carefully monitor actual and expected inflation developments relative to its symmetric inflation goal.
2017-06-14,dovish,"The Committee expects that economic conditions will evolve in a manner that will warrant gradual increases in the federal funds rate; the federal funds rate is likely to remain, for some time, below levels that are expected to prevail in the longer run."
2017-06-14,neutral,"However, the actual path of the federal funds rate will depend on the economic outlook as informed by incoming data."
2017-06-14,dovish,The Committee is maintaining its existing policy of reinvesting principal payments from its holdings of agency debt and agency mortgage-backed securities in agency mortgage-backed securities and of rolling over maturing Treasury securities at auction.
2017-06-14,hawkish,"The Committee currently expects to begin implementing a balance sheet normalization program this year, provided that the economy evolves broadly as anticipated."
2017-06-14,hawkish,"This program, which would gradually reduce the Federal Reserve's securities holdings by decreasing reinvestment of principal payments from those securities, is described in the accompanying addendum to the Committee's Policy Normalization Principles and Plans."
2017-07-26,hawkish,"Job gains have been solid, on average, since the beginning of the year, and the unemployment rate has declined."
2017-07-26,neutral,Household spending and business fixed investment have continued to expand.
2017-07-26,dovish,"On a 12-month basis, overall inflation and the measure excluding food and energy prices have declined and are running below 2 percent."
2017-07-26,neutral,"Market-based measures of inflation compensation remain low; survey-based measures of longer-term inflation expectations are little changed, on balance."
2017-07-26,dovish,"Consistent with its statutory mandate, the Committee seeks to foster maximum employment and price stability."
2017-07-26,hawkish,"The Committee continues to expect that, with gradual adjustments in the stance of monetary policy, economic activity will expand at a moderate pace, and labor market conditions will strengthen somewhat further."
2017-07-26,dovish,Inflation on a 12-month basis is expected to remain somewhat below 2 percent in the near term but to stabilize around the Committee's 2 percent objective over the medium term.
2017-07-26,neutral,"Near-term risks to the economic outlook appear roughly balanced, but the Committee is monitoring inflation developments closely."
2017-07-26,dovish,"In view of realized and expected labor market conditions and inflation, the Committee decided to maintain the target range for the federal funds rate at 1 to 1-1/4 percent."
2017-07-26,dovish,"The stance of monetary policy remains accommodative, thereby supporting some further strengthening in labor market conditions and a sustained return to 2 percent inflation."
2017-07-26,dovish,"In determining the timing and size of future adjustments to the target range for the federal funds rate, the Committee will assess realized and expected economic conditions relative to its objectives of maximum employment and 2 percent inflation."
2017-07-26,neutral,"This assessment will take into account a wide range of information, including measures of labor market conditions, indicators of inflation pressures and inflation expectations, and readings on financial and international developments."
2017-07-26,neutral,The Committee will carefully monitor actual and expected inflation developments relative to its symmetric inflation goal.
2017-07-26,dovish,"The Committee expects that economic conditions will evolve in a manner that will warrant gradual increases in the federal funds rate; the federal funds rate is likely to remain, for some time, below levels that are expected to prevail in the longer run."
2017-07-26,neutral,"However, the actual path of the federal funds rate will depend on the economic outlook as informed by incoming data."
2017-07-26,dovish,"For the time being, the Committee is maintaining its existing policy of reinvesting principal payments from its holdings of agency debt and agency mortgage-backed securities in agency mortgage-backed securities and of rolling over maturing Treasury securities at auction."
2017-07-26,hawkish,"The Committee expects to begin implementing its balance sheet normalization program relatively soon, provided that the economy evolves broadly as anticipated; this program is described in the June 2017 Addendum to the Committee's Policy Normalization Principles and Plans."
2017-07-26,neutral,Neel Kashkari; and Jerome H.
2017-09-20,hawkish,"Job gains have remained solid in recent months, and the unemployment rate has stayed low."
2017-09-20,neutral,"Household spending has been expanding at a moderate rate, and growth in business fixed investment has picked up in recent quarters."
2017-09-20,dovish,"On a 12-month basis, overall inflation and the measure excluding food and energy prices have declined this year and are running below 2 percent."
2017-09-20,neutral,"Market-based measures of inflation compensation remain low; survey-based measures of longer-term inflation expectations are little changed, on balance."
2017-09-20,dovish,"Consistent with its statutory mandate, the Committee seeks to foster maximum employment and price stability."
2017-09-20,neutral,"Hurricanes Harvey, Irma, and Maria have devastated many communities, inflicting severe hardship."
2017-09-20,neutral,"Storm-related disruptions and rebuilding will affect economic activity in the near term, but past experience suggests that the storms are unlikely to materially alter the course of the national economy over the medium term."
2017-09-20,hawkish,"Consequently, the Committee continues to expect that, with gradual adjustments in the stance of monetary policy, economic activity will expand at a moderate pace, and labor market conditions will strengthen somewhat further."
2017-09-20,dovish,"Higher prices for gasoline and some other items in the aftermath of the hurricanes will likely boost inflation temporarily; apart from that effect, inflation on a 12-month basis is expected to remain somewhat below 2 percent in the near term but to stabilize around the Committee's 2 percent objective over the medium term."
2017-09-20,neutral,"Near-term risks to the economic outlook appear roughly balanced, but the Committee is monitoring inflation developments closely."
2017-09-20,dovish,"In view of realized and expected labor market conditions and inflation, the Committee decided to maintain the target range for the federal funds rate at 1 to 1-1/4 percent."
2017-09-20,dovish,"The stance of monetary policy remains accommodative, thereby supporting some further strengthening in labor market conditions and a sustained return to 2 percent inflation."
2017-09-20,dovish,"In determining the timing and size of future adjustments to the target range for the federal funds rate, the Committee will assess realized and expected economic conditions relative to its objectives of maximum employment and 2 percent inflation."
2017-09-20,neutral,"This assessment will take into account a wide range of information, including measures of labor market conditions, indicators of inflation pressures and inflation expectations, and readings on financial and international developments."
2017-09-20,neutral,The Committee will carefully monitor actual and expected inflation developments relative to its symmetric inflation goal.
2017-09-20,dovish,"The Committee expects that economic conditions will evolve in a manner that will warrant gradual increases in the federal funds rate; the federal funds rate is likely to remain, for some time, below levels that are expected to prevail in the longer run."
2017-09-20,neutral,"However, the actual path of the federal funds rate will depend on the economic outlook as informed by incoming data."
2017-09-20,neutral,"In October, the Committee will initiate the balance sheet normalization program described in the June 2017 Addendum to the Committee's Policy Normalization Principles and Plans."
2017-09-20,neutral,Neel Kashkari; and Jerome H.
2017-11-01,dovish,"Although the hurricanes caused a drop in payroll employment in September, the unemployment rate declined further."
2017-11-01,neutral,"Household spending has been expanding at a moderate rate, and growth in business fixed investment has picked up in recent quarters."
2017-11-01,hawkish,"Gasoline prices rose in the aftermath of the hurricanes, boosting overall inflation in September; however, inflation for items other than food and energy remained soft."
2017-11-01,dovish,"On a 12-month basis, both inflation measures have declined this year and are running below 2 percent."
2017-11-01,neutral,"Market-based measures of inflation compensation remain low; survey-based measures of longer-term inflation expectations are little changed, on balance."
2017-11-01,dovish,"Consistent with its statutory mandate, the Committee seeks to foster maximum employment and price stability."
2017-11-01,neutral,"Hurricane-related disruptions and rebuilding will continue to affect economic activity, employment, and inflation in the near term, but past experience suggests that the storms are unlikely to materially alter the course of the national economy over the medium term."
2017-11-01,hawkish,"Consequently, the Committee continues to expect that, with gradual adjustments in the stance of monetary policy, economic activity will expand at a moderate pace, and labor market conditions will strengthen somewhat further."
2017-11-01,dovish,Inflation on a 12-month basis is expected to remain somewhat below 2 percent in the near term but to stabilize around the Committee's 2 percent objective over the medium term.
2017-11-01,neutral,"Near-term risks to the economic outlook appear roughly balanced, but the Committee is monitoring inflation developments closely."
2017-11-01,dovish,"In view of realized and expected labor market conditions and inflation, the Committee decided to maintain the target range for the federal funds rate at 1 to 1-1/4 percent."
2017-11-01,dovish,"The stance of monetary policy remains accommodative, thereby supporting some further strengthening in labor market conditions and a sustained return to 2 percent inflation."
2017-11-01,dovish,"In determining the timing and size of future adjustments to the target range for the federal funds rate, the Committee will assess realized and expected economic conditions relative to its objectives of maximum employment and 2 percent inflation."
2017-11-01,neutral,"This assessment will take into account a wide range of information, including measures of labor market conditions, indicators of inflation pressures and inflation expectations, and readings on financial and international developments."
2017-11-01,neutral,The Committee will carefully monitor actual and expected inflation developments relative to its symmetric inflation goal.
2017-11-01,dovish,"The Committee expects that economic conditions will evolve in a manner that will warrant gradual increases in the federal funds rate; the federal funds rate is likely to remain, for some time, below levels that are expected to prevail in the longer run."
2017-11-01,neutral,"However, the actual path of the federal funds rate will depend on the economic outlook as informed by incoming data."
2017-11-01,neutral,The balance sheet normalization program initiated in October 2017 is proceeding.
2017-12-13,hawkish,"Averaging through hurricane-related fluctuations, job gains have been solid, and the unemployment rate declined further."
2017-12-13,neutral,"Household spending has been expanding at a moderate rate, and growth in business fixed investment has picked up in recent quarters."
2017-12-13,dovish,"On a 12-month basis, both overall inflation and inflation for items other than food and energy have declined this year and are running below 2 percent."
2017-12-13,neutral,"Market-based measures of inflation compensation remain low; survey-based measures of longer-term inflation expectations are little changed, on balance."
2017-12-13,dovish,"Consistent with its statutory mandate, the Committee seeks to foster maximum employment and price stability."
2017-12-13,neutral,"Hurricane-related disruptions and rebuilding have affected economic activity, employment, and inflation in recent months but have not materially altered the outlook for the national economy."
2017-12-13,hawkish,"Consequently, the Committee continues to expect that, with gradual adjustments in the stance of monetary policy, economic activity will expand at a moderate pace and labor market conditions will remain strong."
2017-12-13,dovish,Inflation on a 12âmonth basis is expected to remain somewhat below 2 percent in the near term but to stabilize around the Committee's 2 percent objective over the medium term.
2017-12-13,neutral,"Near-term risks to the economic outlook appear roughly balanced, but the Committee is monitoring inflation developments closely."
2017-12-13,hawkish,"In view of realized and expected labor market conditions and inflation, the Committee decided to raise the target range for the federal funds rate to 1-1/4 to 1â1/2 percent."
2017-12-13,dovish,"The stance of monetary policy remains accommodative, thereby supporting strong labor market conditions and a sustained return to 2 percent inflation."
2017-12-13,dovish,"In determining the timing and size of future adjustments to the target range for the federal funds rate, the Committee will assess realized and expected economic conditions relative to its objectives of maximum employment and 2 percent inflation."
2017-12-13,neutral,"This assessment will take into account a wide range of information, including measures of labor market conditions, indicators of inflation pressures and inflation expectations, and readings on financial and international developments."
2017-12-13,neutral,The Committee will carefully monitor actual and expected inflation developments relative to its symmetric inflation goal.
2017-12-13,dovish,"The Committee expects that economic conditions will evolve in a manner that will warrant gradual increases in the federal funds rate; the federal funds rate is likely to remain, for some time, below levels that are expected to prevail in the longer run."
2017-12-13,neutral,"However, the actual path of the federal funds rate will depend on the economic outlook as informed by incoming data."
2017-12-13,neutral,"Evans and Neel Kashkari, who preferred at this meeting to maintain the existing target range for the federal funds rate."
2018-01-31,neutral,"Gains in employment, household spending, and business fixed investment have been solid, and the unemployment rate has stayed low."
2018-01-31,dovish,"On a 12-month basis, both overall inflation and inflation for items other than food and energy have continued to run below 2 percent."
2018-01-31,neutral,"Market-based measures of inflation compensation have increased in recent months but remain low; survey-based measures of longer-term inflation expectations are little changed, on balance."
2018-01-31,dovish,"Consistent with its statutory mandate, the Committee seeks to foster maximum employment and price stability."
2018-01-31,hawkish,"The Committee expects that, with further gradual adjustments in the stance of monetary policy, economic activity will expand at a moderate pace and labor market conditions will remain strong."
2018-01-31,hawkish,Inflation on a 12âmonth basis is expected to move up this year and to stabilize around the Committee's 2 percent objective over the medium term.
2018-01-31,neutral,"Near-term risks to the economic outlook appear roughly balanced, but the Committee is monitoring inflation developments closely."
2018-01-31,dovish,"In view of realized and expected labor market conditions and inflation, the Committee decided to maintain the target range for the federal funds rate at 1-1/4 to 1â1/2 percent."
2018-01-31,dovish,"The stance of monetary policy remains accommodative, thereby supporting strong labor market conditions and a sustained return to 2 percent inflation."
2018-01-31,dovish,"In determining the timing and size of future adjustments to the target range for the federal funds rate, the Committee will assess realized and expected economic conditions relative to its objectives of maximum employment and 2 percent inflation."
2018-01-31,neutral,"This assessment will take into account a wide range of information, including measures of labor market conditions, indicators of inflation pressures and inflation expectations, and readings on financial and international developments."
2018-01-31,neutral,The Committee will carefully monitor actual and expected inflation developments relative to its symmetric inflation goal.
2018-01-31,dovish,"The Committee expects that economic conditions will evolve in a manner that will warrant further gradual increases in the federal funds rate; the federal funds rate is likely to remain, for some time, below levels that are expected to prevail in the longer run."
2018-01-31,neutral,"However, the actual path of the federal funds rate will depend on the economic outlook as informed by incoming data."
2018-03-21,hawkish,"Job gains have been strong in recent months, and the unemployment rate has stayed low."
2018-03-21,neutral,Recent data suggest that growth rates of household spending and business fixed investment have moderated from their strong fourth-quarter readings.
2018-03-21,dovish,"On a 12-month basis, both overall inflation and inflation for items other than food and energy have continued to run below 2 percent."
2018-03-21,neutral,"Market-based measures of inflation compensation have increased in recent months but remain low; survey-based measures of longer-term inflation expectations are little changed, on balance."
2018-03-21,dovish,"Consistent with its statutory mandate, the Committee seeks to foster maximum employment and price stability."
2018-03-21,hawkish,The economic outlook has strengthened in recent months.
2018-03-21,hawkish,"The Committee expects that, with further gradual adjustments in the stance of monetary policy, economic activity will expand at a moderate pace in the medium term and labor market conditions will remain strong."
2018-03-21,hawkish,Inflation on a 12-month basis is expected to move up in coming months and to stabilize around the Committee's 2 percent objective over the medium term.
2018-03-21,neutral,"Near-term risks to the economic outlook appear roughly balanced, but the Committee is monitoring inflation developments closely."
2018-03-21,hawkish,"In view of realized and expected labor market conditions and inflation, the Committee decided to raise the target range for the federal funds rate to 1-1/2 to 1-3/4 percent."
2018-03-21,dovish,"The stance of monetary policy remains accommodative, thereby supporting strong labor market conditions and a sustained return to 2 percent inflation."
2018-03-21,dovish,"In determining the timing and size of future adjustments to the target range for the federal funds rate, the Committee will assess realized and expected economic conditions relative to its objectives of maximum employment and 2 percent inflation."
2018-03-21,neutral,"This assessment will take into account a wide range of information, including measures of labor market conditions, indicators of inflation pressures and inflation expectations, and readings on financial and international developments."
2018-03-21,neutral,The Committee will carefully monitor actual and expected inflation developments relative to its symmetric inflation goal.
2018-03-21,dovish,"The Committee expects that economic conditions will evolve in a manner that will warrant further gradual increases in the federal funds rate; the federal funds rate is likely to remain, for some time, below levels that are expected to prevail in the longer run."
2018-03-21,neutral,"However, the actual path of the federal funds rate will depend on the economic outlook as informed by incoming data."
2018-05-02,hawkish,"Job gains have been strong, on average, in recent months, and the unemployment rate has stayed low."
2018-05-02,neutral,"Recent data suggest that growth of household spending moderated from its strong fourth-quarter pace, while business fixed investment continued to grow strongly."
2018-05-02,neutral,"On a 12-month basis, both overall inflation and inflation for items other than food and energy have moved close to 2 percent."
2018-05-02,neutral,"Market-based measures of inflation compensation remain low; survey-based measures of longer-term inflation expectations are little changed, on balance."
2018-05-02,dovish,"Consistent with its statutory mandate, the Committee seeks to foster maximum employment and price stability."
2018-05-02,hawkish,"The Committee expects that, with further gradual adjustments in the stance of monetary policy, economic activity will expand at a moderate pace in the medium term and labor market conditions will remain strong."
2018-05-02,neutral,Inflation on a 12-month basis is expected to run near the Committee's symmetric 2 percent objective over the medium term.
2018-05-02,neutral,Risks to the economic outlook appear roughly balanced.
2018-05-02,dovish,"In view of realized and expected labor market conditions and inflation, the Committee decided to maintain the target range for the federal funds rate at 1-1/2 to 1-3/4 percent."
2018-05-02,dovish,"The stance of monetary policy remains accommodative, thereby supporting strong labor market conditions and a sustained return to 2 percent inflation."
2018-05-02,dovish,"In determining the timing and size of future adjustments to the target range for the federal funds rate, the Committee will assess realized and expected economic conditions relative to its objectives of maximum employment and 2 percent inflation."
2018-05-02,neutral,"This assessment will take into account a wide range of information, including measures of labor market conditions, indicators of inflation pressures and inflation expectations, and readings on financial and international developments."
2018-05-02,neutral,The Committee will carefully monitor actual and expected inflation developments relative to its symmetric inflation goal.
2018-05-02,dovish,"The Committee expects that economic conditions will evolve in a manner that will warrant further gradual increases in the federal funds rate; the federal funds rate is likely to remain, for some time, below levels that are expected to prevail in the longer run."
2018-05-02,neutral,"However, the actual path of the federal funds rate will depend on the economic outlook as informed by incoming data."
2018-06-13,hawkish,"Job gains have been strong, on average, in recent months, and the unemployment rate has declined."
2018-06-13,neutral,"Recent data suggest that growth of household spending has picked up, while business fixed investment has continued to grow strongly."
2018-06-13,neutral,"On a 12-month basis, both overall inflation and inflation for items other than food and energy have moved close to 2 percent."
2018-06-13,neutral,"Indicators of longer-term inflation expectations are little changed, on balance."
2018-06-13,dovish,"Consistent with its statutory mandate, the Committee seeks to foster maximum employment and price stability."
2018-06-13,hawkish,"The Committee expects that further gradual increases in the target range for the federal funds rate will be consistent with sustained expansion of economic activity, strong labor market conditions, and inflation near the Committee's symmetric 2 percent objective over the medium term."
2018-06-13,neutral,Risks to the economic outlook appear roughly balanced.
2018-06-13,hawkish,"In view of realized and expected labor market conditions and inflation, the Committee decided to raise the target range for the federal funds rate to 1-3/4 to 2 percent."
2018-06-13,dovish,"The stance of monetary policy remains accommodative, thereby supporting strong labor market conditions and a sustained return to 2 percent inflation."
2018-06-13,dovish,"In determining the timing and size of future adjustments to the target range for the federal funds rate, the Committee will assess realized and expected economic conditions relative to its maximum employment objective and its symmetric 2 percent inflation objective."
2018-06-13,neutral,"This assessment will take into account a wide range of information, including measures of labor market conditions, indicators of inflation pressures and inflation expectations, and readings on financial and international developments."
2018-08-01,hawkish,"Job gains have been strong, on average, in recent months, and the unemployment rate has stayed low."
2018-08-01,neutral,Household spending and business fixed investment have grown strongly.
2018-08-01,neutral,"On a 12-month basis, both overall inflation and inflation for items other than food and energy remain near 2 percent."
2018-08-01,neutral,"Indicators of longer-term inflation expectations are little changed, on balance."
2018-08-01,dovish,"Consistent with its statutory mandate, the Committee seeks to foster maximum employment and price stability."
2018-08-01,hawkish,"The Committee expects that further gradual increases in the target range for the federal funds rate will be consistent with sustained expansion of economic activity, strong labor market conditions, and inflation near the Committee's symmetric 2 percent objective over the medium term."
2018-08-01,neutral,Risks to the economic outlook appear roughly balanced.
2018-08-01,dovish,"In view of realized and expected labor market conditions and inflation, the Committee decided to maintain the target range for the federal funds rate at 1-3/4 to 2 percent."
2018-08-01,dovish,"The stance of monetary policy remains accommodative, thereby supporting strong labor market conditions and a sustained return to 2 percent inflation."
2018-08-01,dovish,"In determining the timing and size of future adjustments to the target range for the federal funds rate, the Committee will assess realized and expected economic conditions relative to its maximum employment objective and its symmetric 2 percent inflation objective."
2018-08-01,neutral,"This assessment will take into account a wide range of information, including measures of labor market conditions, indicators of inflation pressures and inflation expectations, and readings on financial and international developments."
2018-09-26,hawkish,"Job gains have been strong, on average, in recent months, and the unemployment rate has stayed low."
2018-09-26,neutral,Household spending and business fixed investment have grown strongly.
2018-09-26,neutral,"On a 12-month basis, both overall inflation and inflation for items other than food and energy remain near 2 percent."
2018-09-26,neutral,"Indicators of longer-term inflation expectations are little changed, on balance."
2018-09-26,dovish,"Consistent with its statutory mandate, the Committee seeks to foster maximum employment and price stability."
2018-09-26,hawkish,"The Committee expects that further gradual increases in the target range for the federal funds rate will be consistent with sustained expansion of economic activity, strong labor market conditions, and inflation near the Committee's symmetric 2 percent objective over the medium term."
2018-09-26,neutral,Risks to the economic outlook appear roughly balanced.
2018-09-26,hawkish,"In view of realized and expected labor market conditions and inflation, the Committee decided to raise the target range for the federal funds rate to 2 to 2-1/4 percent."
2018-09-26,dovish,"In determining the timing and size of future adjustments to the target range for the federal funds rate, the Committee will assess realized and expected economic conditions relative to its maximum employment objective and its symmetric 2 percent inflation objective."
2018-09-26,neutral,"This assessment will take into account a wide range of information, including measures of labor market conditions, indicators of inflation pressures and inflation expectations, and readings on financial and international developments."
2018-11-08,hawkish,"Job gains have been strong, on average, in recent months, and the unemployment rate has declined."
2018-11-08,neutral,"Household spending has continued to grow strongly, while growth of business fixed investment has moderated from its rapid pace earlier in the year."
2018-11-08,neutral,"On a 12-month basis, both overall inflation and inflation for items other than food and energy remain near 2 percent."
2018-11-08,neutral,"Indicators of longer-term inflation expectations are little changed, on balance."
2018-11-08,dovish,"Consistent with its statutory mandate, the Committee seeks to foster maximum employment and price stability."
2018-11-08,hawkish,"The Committee expects that further gradual increases in the target range for the federal funds rate will be consistent with sustained expansion of economic activity, strong labor market conditions, and inflation near the Committee's symmetric 2 percent objective over the medium term."
2018-11-08,neutral,Risks to the economic outlook appear roughly balanced.
2018-11-08,dovish,"In view of realized and expected labor market conditions and inflation, the Committee decided to maintain the target range for the federal funds rate at 2 to 2-1/4 percent."
2018-11-08,dovish,"In determining the timing and size of future adjustments to the target range for the federal funds rate, the Committee will assess realized and expected economic conditions relative to its maximum employment objective and its symmetric 2 percent inflation objective."
2018-11-08,neutral,"This assessment will take into account a wide range of information, including measures of labor market conditions, indicators of inflation pressures and inflation expectations, and readings on financial and international developments."
2018-12-19,hawkish,"Job gains have been strong, on average, in recent months, and the unemployment rate has remained low."
2018-12-19,neutral,"Household spending has continued to grow strongly, while growth of business fixed investment has moderated from its rapid pace earlier in the year."
2018-12-19,neutral,"On a 12-month basis, both overall inflation and inflation for items other than food and energy remain near 2 percent."
2018-12-19,neutral,"Indicators of longer-term inflation expectations are little changed, on balance."
2018-12-19,dovish,"Consistent with its statutory mandate, the Committee seeks to foster maximum employment and price stability."
2018-12-19,hawkish,"The Committee judges that some further gradual increases in the target range for the federal funds rate will be consistent with sustained expansion of economic activity, strong labor market conditions, and inflation near the Committee's symmetric 2 percent objective over the medium term."
2018-12-19,neutral,"The Committee judges that risks to the economic outlook are roughly balanced, but will continue to monitor global economic and financial developments and assess their implications for the economic outlook."
2018-12-19,hawkish,"In view of realized and expected labor market conditions and inflation, the Committee decided to raise the target range for the federal funds rate to 2-1/4 to 2â1/2 percent."
2018-12-19,dovish,"In determining the timing and size of future adjustments to the target range for the federal funds rate, the Committee will assess realized and expected economic conditions relative to its maximum employment objective and its symmetric 2 percent inflation objective."
2018-12-19,neutral,"This assessment will take into account a wide range of information, including measures of labor market conditions, indicators of inflation pressures and inflation expectations, and readings on financial and international developments."
2019-01-30,hawkish,"Job gains have been strong, on average, in recent months, and the unemployment rate has remained low."
2019-01-30,neutral,"Household spending has continued to grow strongly, while growth of business fixed investment has moderated from its rapid pace earlier last year."
2019-01-30,neutral,"On a 12-month basis, both overall inflation and inflation for items other than food and energy remain near 2 percent."
2019-01-30,neutral,"Although market-based measures of inflation compensation have moved lower in recent months, survey-based measures of longer-term inflation expectations are little changed."
2019-01-30,dovish,"Consistent with its statutory mandate, the Committee seeks to foster maximum employment and price stability."
2019-01-30,dovish,"In support of these goals, the Committee decided to maintain the target range for the federal funds rate at 2-1/4 to 2-1/2 percent."
2019-01-30,neutral,"The Committee continues to view sustained expansion of economic activity, strong labor market conditions, and inflation near the Committee's symmetric 2 percent objective as the most likely outcomes."
2019-01-30,neutral,"In light of global economic and financial developments and muted inflation pressures, the Committee will be patient as it determines what future adjustments to the target range for the federal funds rate may be appropriate to support these outcomes."
2019-01-30,dovish,"In determining the timing and size of future adjustments to the target range for the federal funds rate, the Committee will assess realized and expected economic conditions relative to its maximum employment objective and its symmetric 2 percent inflation objective."
2019-01-30,neutral,"This assessment will take into account a wide range of information, including measures of labor market conditions, indicators of inflation pressures and inflation expectations, and readings on financial and international developments."
2019-03-20,hawkish,"Payroll employment was little changed in February, but job gains have been solid, on average, in recent months, and the unemployment rate has remained low."
2019-03-20,dovish,Recent indicators point to slower growth of household spending and business fixed investment in the first quarter.
2019-03-20,dovish,"On a 12-month basis, overall inflation has declined, largely as a result of lower energy prices; inflation for items other than food and energy remains near 2 percent."
2019-03-20,neutral,"On balance, market-based measures of inflation compensation have remained low in recent months, and survey-based measures of longer-term inflation expectations are little changed."
2019-03-20,dovish,"Consistent with its statutory mandate, the Committee seeks to foster maximum employment and price stability."
2019-03-20,dovish,"In support of these goals, the Committee decided to maintain the target range for the federal funds rate at 2-1/4 to 2-1/2 percent."
2019-03-20,neutral,"The Committee continues to view sustained expansion of economic activity, strong labor market conditions, and inflation near the Committee's symmetric 2 percent objective as the most likely outcomes."
2019-03-20,neutral,"In light of global economic and financial developments and muted inflation pressures, the Committee will be patient as it determines what future adjustments to the target range for the federal funds rate may be appropriate to support these outcomes."
2019-03-20,dovish,"In determining the timing and size of future adjustments to the target range for the federal funds rate, the Committee will assess realized and expected economic conditions relative to its maximum employment objective and its symmetric 2 percent inflation objective."
2019-03-20,neutral,"This assessment will take into account a wide range of information, including measures of labor market conditions, indicators of inflation pressures and inflation expectations, and readings on financial and international developments."
2019-05-01,hawkish,"Job gains have been solid, on average, in recent months, and the unemployment rate has remained low."
2019-05-01,neutral,Growth of household spending and business fixed investment slowed in the first quarter.
2019-05-01,dovish,"On a 12-month basis, overall inflation and inflation for items other than food and energy have declined and are running below 2 percent."
2019-05-01,neutral,"On balance, market-based measures of inflation compensation have remained low in recent months, and survey-based measures of longer-term inflation expectations are little changed."
2019-05-01,dovish,"Consistent with its statutory mandate, the Committee seeks to foster maximum employment and price stability."
2019-05-01,dovish,"In support of these goals, the Committee decided to maintain the target range for the federal funds rate at 2-1/4 to 2-1/2 percent."
2019-05-01,neutral,"The Committee continues to view sustained expansion of economic activity, strong labor market conditions, and inflation near the Committee's symmetric 2 percent objective as the most likely outcomes."
2019-05-01,neutral,"In light of global economic and financial developments and muted inflation pressures, the Committee will be patient as it determines what future adjustments to the target range for the federal funds rate may be appropriate to support these outcomes."
2019-05-01,dovish,"In determining the timing and size of future adjustments to the target range for the federal funds rate, the Committee will assess realized and expected economic conditions relative to its maximum employment objective and its symmetric 2 percent inflation objective."
2019-05-01,neutral,"This assessment will take into account a wide range of information, including measures of labor market conditions, indicators of inflation pressures and inflation expectations, and readings on financial and international developments."
2019-06-19,hawkish,"Job gains have been solid, on average, in recent months, and the unemployment rate has remained low."
2019-06-19,neutral,"Although growth of household spending appears to have picked up from earlier in the year, indicators of business fixed investment have been soft."
2019-06-19,dovish,"On a 12-month basis, overall inflation and inflation for items other than food and energy are running below 2 percent."
2019-06-19,neutral,Market-based measures of inflation compensation have declined; survey-based measures of longer-term inflation expectations are little changed.
2019-06-19,dovish,"Consistent with its statutory mandate, the Committee seeks to foster maximum employment and price stability."
2019-06-19,dovish,"In support of these goals, the Committee decided to maintain the target range for the federal funds rate at 2-1/4 to 2-1/2 percent."
2019-06-19,neutral,"The Committee continues to view sustained expansion of economic activity, strong labor market conditions, and inflation near the Committee's symmetric 2 percent objective as the most likely outcomes, but uncertainties about this outlook have increased."
2019-06-19,dovish,"In light of these uncertainties and muted inflation pressures, the Committee will closely monitor the implications of incoming information for the economic outlook and will act as appropriate to sustain the expansion, with a strong labor market and inflation near its symmetric 2 percent objective."
2019-06-19,dovish,"In determining the timing and size of future adjustments to the target range for the federal funds rate, the Committee will assess realized and expected economic conditions relative to its maximum employment objective and its symmetric 2 percent inflation objective."
2019-06-19,neutral,"This assessment will take into account a wide range of information, including measures of labor market conditions, indicators of inflation pressures and inflation expectations, and readings on financial and international developments."
2019-07-31,hawkish,"Job gains have been solid, on average, in recent months, and the unemployment rate has remained low."
2019-07-31,neutral,"Although growth of household spending has picked up from earlier in the year, growth of business fixed investment has been soft."
2019-07-31,dovish,"On a 12-month basis, overall inflation and inflation for items other than food and energy are running below 2 percent."
2019-07-31,neutral,Market-based measures of inflation compensation remain low; survey-based measures of longer-term inflation expectations are little changed.
2019-07-31,dovish,"Consistent with its statutory mandate, the Committee seeks to foster maximum employment and price stability."
2019-07-31,dovish,"In light of the implications of global developments for the economic outlook as well as muted inflation pressures, the Committee decided to lower the target range for the federal funds rate to 2 to 2-1/4 percent."
2019-07-31,neutral,"This action supports the Committee's view that sustained expansion of economic activity, strong labor market conditions, and inflation near the Committee's symmetric 2 percent objective are the most likely outcomes, but uncertainties about this outlook remain."
2019-07-31,dovish,"As the Committee contemplates the future path of the target range for the federal funds rate, it will continue to monitor the implications of incoming information for the economic outlook and will act as appropriate to sustain the expansion, with a strong labor market and inflation near its symmetric 2 percent objective."
2019-07-31,dovish,"In determining the timing and size of future adjustments to the target range for the federal funds rate, the Committee will assess realized and expected economic conditions relative to its maximum employment objective and its symmetric 2 percent inflation objective."
2019-07-31,neutral,"This assessment will take into account a wide range of information, including measures of labor market conditions, indicators of inflation pressures and inflation expectations, and readings on financial and international developments."
2019-07-31,dovish,"The Committee will conclude the reduction of its aggregate securities holdings in the System Open Market Account in August, two months earlier than previously indicated."
2019-07-31,dovish,"Rosengren, who preferred at this meeting to maintain the target range for the federal funds rate at 2-1/4 to 2-1/2 percent."
2019-09-18,hawkish,"Job gains have been solid, on average, in recent months, and the unemployment rate has remained low."
2019-09-18,neutral,"Although household spending has been rising at a strong pace, business fixed investment and exports have weakened."
2019-09-18,dovish,"On a 12-month basis, overall inflation and inflation for items other than food and energy are running below 2 percent."
2019-09-18,neutral,Market-based measures of inflation compensation remain low; survey-based measures of longer-term inflation expectations are little changed.
2019-09-18,dovish,"Consistent with its statutory mandate, the Committee seeks to foster maximum employment and price stability."
2019-09-18,dovish,"In light of the implications of global developments for the economic outlook as well as muted inflation pressures, the Committee decided to lower the target range for the federal funds rate to 1-3/4 to 2 percent."
2019-09-18,neutral,"This action supports the Committee's view that sustained expansion of economic activity, strong labor market conditions, and inflation near the Committee's symmetric 2 percent objective are the most likely outcomes, but uncertainties about this outlook remain."
2019-09-18,dovish,"As the Committee contemplates the future path of the target range for the federal funds rate, it will continue to monitor the implications of incoming information for the economic outlook and will act as appropriate to sustain the expansion, with a strong labor market and inflation near its symmetric 2 percent objective."
2019-09-18,dovish,"In determining the timing and size of future adjustments to the target range for the federal funds rate, the Committee will assess realized and expected economic conditions relative to its maximum employment objective and its symmetric 2 percent inflation objective."
2019-09-18,neutral,"This assessment will take into account a wide range of information, including measures of labor market conditions, indicators of inflation pressures and inflation expectations, and readings on financial and international developments."
2019-09-18,neutral,"Rosengren, who preferred to maintain the target range at 2 percent to 2-1/4 percent."
2019-10-11,dovish,"To ensure that the supply of reserves remains ample, the Committee approved by notation vote completed on October 11, 2019 the following steps: These actions are purely technical measures to support the effective implementation of the FOMC's monetary policy, and do not represent a change in the stance of monetary policy."
2019-10-11,neutral,The Committee will continue to monitor money market developments as it assesses the level of reserves most consistent with efficient and effective policy implementation.
2019-10-11,neutral,The Committee stands ready to adjust the details of these plans as necessary to foster efficient and effective implementation of monetary policy.
2019-10-11,dovish,"In connection with these plans, the Federal Open Market Committee voted unanimously to authorize and direct the Federal Reserve Bank of New York, until instructed otherwise, to execute transactions in the System Open Market Account in accordance with the following domestic policy directive: ""Effective October 15, 2019, the Federal Open Market Committee directs the Desk to undertake open market operations as necessary to maintain the federal funds rate in a target range of 1-3/4 to 2 percent."
2019-10-11,dovish,"In light of recent and expected increases in the Federal Reserve's non-reserve liabilities, the Committee directs the Desk to purchase Treasury bills at least into the second quarter of next year to maintain over time ample reserve balances at or above the level that prevailed in early September 2019."
2019-10-11,hawkish,"The Committee also directs the Desk to conduct term and overnight repurchase agreement operations at least through January of next year to ensure that the supply of reserves remains ample even during periods of sharp increases in non-reserve liabilities, and to mitigate the risk of money market pressures that could adversely affect policy implementation."
2019-10-11,neutral,"In addition, the Committee directs the Desk to conduct overnight reverse repurchase operations (and reverse repurchase operations with maturities of more than one day when necessary to accommodate weekend, holiday, or similar trading conventions) at an offering rate of 1.70 percent, in amounts limited only by the value of Treasury securities held outright in the System Open Market Account that are available for such operations and by a per-counterparty limit of $30 billion per day."
2019-10-11,dovish,The Committee directs the Desk to continue rolling over at auction all principal payments from the Federal Reserve's holdings of Treasury securities and to continue reinvesting all principal payments from the Federal Reserve's holdings of agency debt and agency mortgage-backed securities received during each calendar month.
2019-10-11,dovish,Principal payments from agency debt and agency mortgage-backed securities up to $20 billion per month will continue to be reinvested in Treasury securities to roughly match the maturity composition of Treasury securities outstanding; principal payments in excess of $20 billion per month will continue to be reinvested in agency mortgage-backed securities.
2019-10-11,neutral,Small deviations from these amounts for operational reasons are acceptable.
2019-10-11,neutral,"The Committee also directs the Desk to engage in dollar roll and coupon swap transactions as necessary to facilitate settlement of the Federal Reserve's agency mortgage-backed securities transactions."" More information about these plans may be found on the Federal Reserve Bank of New York's website ."
2019-10-11,neutral,Statement Regarding Treasury Bill Purchases and Repurchase Operations FAQs: Repurchase Agreement Operations FAQs: Treasury Reserve Management and Reinvestment Purchases
2019-10-30,hawkish,"Job gains have been solid, on average, in recent months, and the unemployment rate has remained low."
2019-10-30,neutral,"Although household spending has been rising at a strong pace, business fixed investment and exports remain weak."
2019-10-30,dovish,"On a 12-month basis, overall inflation and inflation for items other than food and energy are running below 2 percent."
2019-10-30,neutral,Market-based measures of inflation compensation remain low; survey-based measures of longer-term inflation expectations are little changed.
2019-10-30,dovish,"Consistent with its statutory mandate, the Committee seeks to foster maximum employment and price stability."
2019-10-30,dovish,"In light of the implications of global developments for the economic outlook as well as muted inflation pressures, the Committee decided to lower the target range for the federal funds rate to 1-1/2 to 1-3/4 percent."
2019-10-30,neutral,"This action supports the Committee's view that sustained expansion of economic activity, strong labor market conditions, and inflation near the Committee's symmetric 2 percent objective are the most likely outcomes, but uncertainties about this outlook remain."
2019-10-30,neutral,The Committee will continue to monitor the implications of incoming information for the economic outlook as it assesses the appropriate path of the target range for the federal funds rate.
2019-10-30,dovish,"In determining the timing and size of future adjustments to the target range for the federal funds rate, the Committee will assess realized and expected economic conditions relative to its maximum employment objective and its symmetric 2 percent inflation objective."
2019-10-30,neutral,"This assessment will take into account a wide range of information, including measures of labor market conditions, indicators of inflation pressures and inflation expectations, and readings on financial and international developments."
2019-10-30,neutral,"Rosengren, who preferred at this meeting to maintain the target range at 1-3/4 percent to 2 percent."
2019-12-11,hawkish,"Job gains have been solid, on average, in recent months, and the unemployment rate has remained low."
2019-12-11,neutral,"Although household spending has been rising at a strong pace, business fixed investment and exports remain weak."
2019-12-11,dovish,"On a 12âmonth basis, overall inflation and inflation for items other than food and energy are running below 2 percent."
2019-12-11,neutral,Market-based measures of inflation compensation remain low; survey-based measures of longer-term inflation expectations are little changed.
2019-12-11,dovish,"Consistent with its statutory mandate, the Committee seeks to foster maximum employment and price stability."
2019-12-11,dovish,The Committee decided to maintain the target range for the federal funds rate at 1â1/2 to 1-3/4 percent.
2019-12-11,dovish,"The Committee judges that the current stance of monetary policy is appropriate to support sustained expansion of economic activity, strong labor market conditions, and inflation near the Committee's symmetric 2 percent objective."
2019-12-11,neutral,"The Committee will continue to monitor the implications of incoming information for the economic outlook, including global developments and muted inflation pressures, as it assesses the appropriate path of the target range for the federal funds rate."
2019-12-11,dovish,"In determining the timing and size of future adjustments to the target range for the federal funds rate, the Committee will assess realized and expected economic conditions relative to its maximum employment objective and its symmetric 2 percent inflation objective."
2019-12-11,neutral,"This assessment will take into account a wide range of information, including measures of labor market conditions, indicators of inflation pressures and inflation expectations, and readings on financial and international developments."
2020-01-29,hawkish,"Job gains have been solid, on average, in recent months, and the unemployment rate has remained low."
2020-01-29,neutral,"Although household spending has been rising at a moderate pace, business fixed investment and exports remain weak."
2020-01-29,dovish,"On a 12âmonth basis, overall inflation and inflation for items other than food and energy are running below 2 percent."
2020-01-29,neutral,Market-based measures of inflation compensation remain low; survey-based measures of longer-term inflation expectations are little changed.
2020-01-29,dovish,"Consistent with its statutory mandate, the Committee seeks to foster maximum employment and price stability."
2020-01-29,dovish,The Committee decided to maintain the target range for the federal funds rate at 1â1/2 to 1-3/4 percent.
2020-01-29,dovish,"The Committee judges that the current stance of monetary policy is appropriate to support sustained expansion of economic activity, strong labor market conditions, and inflation returning to the Committee's symmetric 2 percent objective."
2020-01-29,neutral,"The Committee will continue to monitor the implications of incoming information for the economic outlook, including global developments and muted inflation pressures, as it assesses the appropriate path of the target range for the federal funds rate."
2020-01-29,dovish,"In determining the timing and size of future adjustments to the target range for the federal funds rate, the Committee will assess realized and expected economic conditions relative to its maximum employment objective and its symmetric 2 percent inflation objective."
2020-01-29,neutral,"This assessment will take into account a wide range of information, including measures of labor market conditions, indicators of inflation pressures and inflation expectations, and readings on financial and international developments."
2020-03-03,neutral,"However, the coronavirus poses evolving risks to economic activity."
2020-03-03,dovish,"In light of these risks and in support of achieving its maximum employment and price stability goals, the Federal Open Market Committee decided today to lower the target range for the federal funds rate by 1/2 percentage point, to 1 to 1â1/4 percent."
2020-03-03,dovish,The Committee is closely monitoring developments and their implications for the economic outlook and will use its tools and act as appropriate to support the economy.
2020-03-15,neutral,Global financial conditions have also been significantly affected.
2020-03-15,hawkish,Available economic data show that the U.S. economy came into this challenging period on a strong footing.
2020-03-15,hawkish,Information received since the Federal Open Market Committee met in January indicates that the labor market remained strong through February and economic activity rose at a moderate rate.
2020-03-15,hawkish,"Job gains have been solid, on average, in recent months, and the unemployment rate has remained low."
2020-03-15,neutral,"Although household spending rose at a moderate pace, business fixed investment and exports remained weak."
2020-03-15,neutral,"More recently, the energy sector has come under stress."
2020-03-15,dovish,"On a 12âmonth basis, overall inflation and inflation for items other than food and energy are running below 2 percent."
2020-03-15,neutral,Market-based measures of inflation compensation have declined; survey-based measures of longer-term inflation expectations are little changed.
2020-03-15,dovish,"Consistent with its statutory mandate, the Committee seeks to foster maximum employment and price stability."
2020-03-15,dovish,The effects of the coronavirus will weigh on economic activity in the near term and pose risks to the economic outlook.
2020-03-15,dovish,"In light of these developments, the Committee decided to lower the target range for the federal funds rate to 0 to 1/4 percent."
2020-03-15,dovish,The Committee expects to maintain this target range until it is confident that the economy has weathered recent events and is on track to achieve its maximum employment and price stability goals.
2020-03-15,dovish,"This action will help support economic activity, strong labor market conditions, and inflation returning to the Committee's symmetric 2 percent objective."
2020-03-15,neutral,"The Committee will continue to monitor the implications of incoming information for the economic outlook, including information related to public health, as well as global developments and muted inflation pressures, and will use its tools and act as appropriate to support the economy."
2020-03-15,dovish,"In determining the timing and size of future adjustments to the stance of monetary policy, the Committee will assess realized and expected economic conditions relative to its maximum employment objective and its symmetric 2 percent inflation objective."
2020-03-15,neutral,"This assessment will take into account a wide range of information, including measures of labor market conditions, indicators of inflation pressures and inflation expectations, and readings on financial and international developments."
2020-03-15,dovish,The Federal Reserve is prepared to use its full range of tools to support the flow of credit to households and businesses and thereby promote its maximum employment and price stability goals.
2020-03-15,hawkish,"To support the smooth functioning of markets for Treasury securities and agency mortgage-backed securities that are central to the flow of credit to households and businesses, over coming months the Committee will increase its holdings of Treasury securities by at least $500 billion and its holdings of agency mortgage-backed securities by at least $200 billion."
2020-03-15,dovish,The Committee will also reinvest all principal payments from the Federal Reserve's holdings of agency debt and agency mortgage-backed securities in agency mortgage-backed securities.
2020-03-15,neutral,"In addition, the Open Market Desk has recently expanded its overnight and term repurchase agreement operations."
2020-03-15,neutral,The Committee will continue to closely monitor market conditions and is prepared to adjust its plans as appropriate.
2020-03-15,neutral,Neel Kashkari; and Randal K.
2020-03-15,dovish,"Mester, who was fully supportive of all of the actions taken to promote the smooth functioning of markets and the flow of credit to households and businesses but preferred to reduce the target range for the federal funds rate to 1/2 to 3/4 percent at this meeting."
2020-03-15,dovish,"In a related set of actions to support the credit needs of households and businesses, the Federal Reserve announced measures related to the discount window, intraday credit, bank capital and liquidity buffers, reserve requirements, andâin coordination with other central banksâthe U.S. dollar liquidity swap line arrangements."
2020-03-15,neutral,More information can be found on the Federal Reserve Board's website .
2020-03-23,dovish,The Federal Open Market Committee is taking further actions to support the flow of credit to households and businesses by addressing strains in the markets for Treasury securities and agency mortgage-backed securities.
2020-03-23,dovish,The Federal Reserve will continue to purchase Treasury securities and agency mortgage-backed securities in the amounts needed to support smooth market functioning and effective transmission of monetary policy to broader financial conditions.
2020-03-23,neutral,The Committee will include purchases of agency commercial mortgage-backed securities in its agency mortgage-backed security purchases.
2020-03-23,neutral,"In addition, the Open Market Desk will continue to offer large-scale overnight and term repurchase agreement operations."
2020-03-23,neutral,"The Committee will continue to closely monitor market conditions, and will assess the appropriate pace of its securities purchases at future meetings."
2020-03-23,neutral,Voting (by notation) for the monetary policy action were Jerome H.
2020-03-23,dovish,"In a related set of actions, the Federal Reserve announced additional measures to support the flow of credit to households and businesses."
2020-03-23,neutral,More information can be found on the Federal Reserve Board's website .
2020-03-23,dovish,"In connection with these plans, the Committee voted unanimously to authorize and direct the Federal Reserve Bank of New York, until instructed otherwise, to execute transactions in the System Open Market Account in accordance with the following domestic policy directive: ""Effective March 23, 2020, the Federal Open Market Committee directs the Desk to undertake open market operations as necessary to maintain the federal funds rate in a target range of 0 to 1/4 percent."
2020-03-23,dovish,The Committee directs the Desk to increase the System Open Market Account holdings of Treasury securities and agency mortgage-backed securities (MBS) in the amounts needed to support the smooth functioning of markets for Treasury securities and agency MBS.
2020-03-23,neutral,The Committee also directs the Desk to include purchases of agency commercial mortgage-backed securities in its agency mortgage-backed security purchases.
2020-03-23,dovish,The Committee also directs the Desk to continue conducting term and overnight repurchase agreement operations to ensure that the supply of reserves remains ample and to support the smooth functioning of short-term U.S. dollar funding markets.
2020-03-23,neutral,"In addition, the Committee directs the Desk to conduct overnight reverse repurchase operations (and reverse repurchase operations with maturities of more than one day when necessary to accommodate weekend, holiday, or similar trading conventions) at an offering rate of 0.00 percent, in amounts limited only by the value of Treasury securities held outright in the System Open Market Account that are available for such operations and by a per-counterparty limit of $30 billion per day."
2020-03-23,neutral,The Committee directs the Desk to continue rolling over at auction all principal payments from the Federal Reserve's holdings of Treasury securities and to reinvest all principal payments from the Federal Reserve's holdings of agency debt and agency mortgage-backed securities received during each calendar month in agency mortgage-backed securities.
2020-03-23,neutral,Small deviations from these amounts for operational reasons are acceptable.
2020-03-23,neutral,"The Committee also directs the Desk to engage in dollar roll and coupon swap transactions as necessary to facilitate settlement of the Federal Reserve's agency mortgage-backed securities transactions."" More information regarding open market operations and reinvestments may be found on the Federal Reserve Bank of New York's website ."
2020-03-23,dovish,Federal Reserve announces extensive new measures to support the economy Statement Regarding Treasury Securities and Agency Mortgage-Backed Securities Operations
2020-04-29,neutral,The coronavirus outbreak is causing tremendous human and economic hardship across the United States and around the world.
2020-04-29,dovish,The virus and the measures taken to protect public health are inducing sharp declines in economic activity and a surge in job losses.
2020-04-29,dovish,Weaker demand and significantly lower oil prices are holding down consumer price inflation.
2020-04-29,dovish,The disruptions to economic activity here and abroad have significantly affected financial conditions and have impaired the flow of credit to U.S. households and businesses.
2020-04-29,dovish,"The ongoing public health crisis will weigh heavily on economic activity, employment, and inflation in the near term, and poses considerable risks to the economic outlook over the medium term."
2020-04-29,dovish,"In light of these developments, the Committee decided to maintain the target range for the federal funds rate at 0 to 1/4 percent."
2020-04-29,dovish,The Committee expects to maintain this target range until it is confident that the economy has weathered recent events and is on track to achieve its maximum employment and price stability goals.
2020-04-29,neutral,"The Committee will continue to monitor the implications of incoming information for the economic outlook, including information related to public health, as well as global developments and muted inflation pressures, and will use its tools and act as appropriate to support the economy."
2020-04-29,dovish,"In determining the timing and size of future adjustments to the stance of monetary policy, the Committee will assess realized and expected economic conditions relative to its maximum employment objective and its symmetric 2 percent inflation objective."
2020-04-29,neutral,"This assessment will take into account a wide range of information, including measures of labor market conditions, indicators of inflation pressures and inflation expectations, and readings on financial and international developments."
2020-04-29,dovish,"To support the flow of credit to households and businesses, the Federal Reserve will continue to purchase Treasury securities and agency residential and commercial mortgage-backed securities in the amounts needed to support smooth market functioning, thereby fostering effective transmission of monetary policy to broader financial conditions."
2020-04-29,neutral,"In addition, the Open Market Desk will continue to offer large-scale overnight and term repurchase agreement operations."
2020-04-29,neutral,The Committee will closely monitor market conditions and is prepared to adjust its plans as appropriate.
2020-06-10,neutral,The coronavirus outbreak is causing tremendous human and economic hardship across the United States and around the world.
2020-06-10,dovish,The virus and the measures taken to protect public health have induced sharp declines in economic activity and a surge in job losses.
2020-06-10,dovish,Weaker demand and significantly lower oil prices are holding down consumer price inflation.
2020-06-10,dovish,"Financial conditions have improved, in part reflecting policy measures to support the economy and the flow of credit to U.S. households and businesses."
2020-06-10,dovish,"The ongoing public health crisis will weigh heavily on economic activity, employment, and inflation in the near term, and poses considerable risks to the economic outlook over the medium term."
2020-06-10,dovish,"In light of these developments, the Committee decided to maintain the target range for the federal funds rate at 0 to 1/4 percent."
2020-06-10,dovish,The Committee expects to maintain this target range until it is confident that the economy has weathered recent events and is on track to achieve its maximum employment and price stability goals.
2020-06-10,neutral,"The Committee will continue to monitor the implications of incoming information for the economic outlook, including information related to public health, as well as global developments and muted inflation pressures, and will use its tools and act as appropriate to support the economy."
2020-06-10,dovish,"In determining the timing and size of future adjustments to the stance of monetary policy, the Committee will assess realized and expected economic conditions relative to its maximum employment objective and its symmetric 2 percent inflation objective."
2020-06-10,neutral,"This assessment will take into account a wide range of information, including measures of labor market conditions, indicators of inflation pressures and inflation expectations, and readings on financial and international developments."
2020-06-10,dovish,"To support the flow of credit to households and businesses, over coming months the Federal Reserve will increase its holdings of Treasury securities and agency residential and commercial mortgage-backed securities at least at the current pace to sustain smooth market functioning, thereby fostering effective transmission of monetary policy to broader financial conditions."
2020-06-10,neutral,"In addition, the Open Market Desk will continue to offer large-scale overnight and term repurchase agreement operations."
2020-06-10,neutral,The Committee will closely monitor developments and is prepared to adjust its plans as appropriate.
2020-07-29,neutral,The coronavirus outbreak is causing tremendous human and economic hardship across the United States and around the world.
2020-07-29,dovish,"Following sharp declines, economic activity and employment have picked up somewhat in recent months but remain well below their levels at the beginning of the year."
2020-07-29,dovish,Weaker demand and significantly lower oil prices are holding down consumer price inflation.
2020-07-29,dovish,"Overall financial conditions have improved in recent months, in part reflecting policy measures to support the economy and the flow of credit to U.S. households and businesses."
2020-07-29,neutral,The path of the economy will depend significantly on the course of the virus.
2020-07-29,dovish,"The ongoing public health crisis will weigh heavily on economic activity, employment, and inflation in the near term, and poses considerable risks to the economic outlook over the medium term."
2020-07-29,dovish,"In light of these developments, the Committee decided to maintain the target range for the federal funds rate at 0 to 1/4 percent."
2020-07-29,dovish,The Committee expects to maintain this target range until it is confident that the economy has weathered recent events and is on track to achieve its maximum employment and price stability goals.
2020-07-29,neutral,"The Committee will continue to monitor the implications of incoming information for the economic outlook, including information related to public health, as well as global developments and muted inflation pressures, and will use its tools and act as appropriate to support the economy."
2020-07-29,dovish,"In determining the timing and size of future adjustments to the stance of monetary policy, the Committee will assess realized and expected economic conditions relative to its maximum employment objective and its symmetric 2 percent inflation objective."
2020-07-29,neutral,"This assessment will take into account a wide range of information, including measures of labor market conditions, indicators of inflation pressures and inflation expectations, and readings on financial and international developments."
2020-07-29,dovish,"To support the flow of credit to households and businesses, over coming months the Federal Reserve will increase its holdings of Treasury securities and agency residential and commercial mortgage-backed securities at least at the current pace to sustain smooth market functioning, thereby fostering effective transmission of monetary policy to broader financial conditions."
2020-07-29,neutral,"In addition, the Open Market Desk will continue to offer large-scale overnight and term repurchase agreement operations."
2020-07-29,neutral,The Committee will closely monitor developments and is prepared to adjust its plans as appropriate.
2020-09-16,dovish,The COVID-19 pandemic is causing tremendous human and economic hardship across the United States and around the world.
2020-09-16,neutral,Economic activity and employment have picked up in recent months but remain well below their levels at the beginning of the year.
2020-09-16,dovish,Weaker demand and significantly lower oil prices are holding down consumer price inflation.
2020-09-16,dovish,"Overall financial conditions have improved in recent months, in part reflecting policy measures to support the economy and the flow of credit to U.S. households and businesses."
2020-09-16,neutral,The path of the economy will depend significantly on the course of the virus.
2020-09-16,dovish,"The ongoing public health crisis will continue to weigh on economic activity, employment, and inflation in the near term, and poses considerable risks to the economic outlook over the medium term."
2020-09-16,dovish,The Committee seeks to achieve maximum employment and inflation at the rate of 2 percent over the longer run.
2020-09-16,dovish,"With inflation running persistently below this longer-run goal, the Committee will aim to achieve inflation moderately above 2 percent for some time so that inflation averages 2 percent over time and longer-term inflation expectations remain well anchored at 2 percent."
2020-09-16,dovish,The Committee expects to maintain an accommodative stance of monetary policy until these outcomes are achieved.
2020-09-16,dovish,The Committee decided to keep the target range for the federal funds rate at 0 to 1/4 percent and expects it will be appropriate to maintain this target range until labor market conditions have reached levels consistent with the Committee's assessments of maximum employment and inflation has risen to 2 percent and is on track to moderately exceed 2 percent for some time.
2020-09-16,dovish,"In addition, over coming months the Federal Reserve will increase its holdings of Treasury securities and agency mortgage-backed securities at least at the current pace to sustain smooth market functioning and help foster accommodative financial conditions, thereby supporting the flow of credit to households and businesses."
2020-09-16,neutral,"In assessing the appropriate stance of monetary policy, the Committee will continue to monitor the implications of incoming information for the economic outlook."
2020-09-16,neutral,The Committee would be prepared to adjust the stance of monetary policy as appropriate if risks emerge that could impede the attainment of the Committee's goals.
2020-09-16,neutral,"The Committee's assessments will take into account a wide range of information, including readings on public health, labor market conditions, inflation pressures and inflation expectations, and financial and international developments."
2020-09-16,dovish,"Kaplan, who expects that it will be appropriate to maintain the current target range until the Committee is confident that the economy has weathered recent events and is on track to achieve its maximum employment and price stability goals as articulated in its new policy strategy statement, but prefers that the Committee retain greater policy rate flexibility beyond that point; and Neel Kashkari, who prefers that the Committee indicate that it expects to maintain the current target range until core inflation has reached 2 percent on a sustained basis."
2020-11-05,dovish,The COVID-19 pandemic is causing tremendous human and economic hardship across the United States and around the world.
2020-11-05,dovish,Economic activity and employment have continued to recover but remain well below their levels at the beginning of the year.
2020-11-05,dovish,Weaker demand and earlier declines in oil prices have been holding down consumer price inflation.
2020-11-05,dovish,"Overall financial conditions remain accommodative, in part reflecting policy measures to support the economy and the flow of credit to U.S. households and businesses."
2020-11-05,neutral,The path of the economy will depend significantly on the course of the virus.
2020-11-05,dovish,"The ongoing public health crisis will continue to weigh on economic activity, employment, and inflation in the near term, and poses considerable risks to the economic outlook over the medium term."
2020-11-05,dovish,The Committee seeks to achieve maximum employment and inflation at the rate of 2 percent over the longer run.
2020-11-05,dovish,"With inflation running persistently below this longer-run goal, the Committee will aim to achieve inflation moderately above 2 percent for some time so that inflation averages 2 percent over time and longer-term inflation expectations remain well anchored at 2 percent."
2020-11-05,dovish,The Committee expects to maintain an accommodative stance of monetary policy until these outcomes are achieved.
2020-11-05,dovish,The Committee decided to keep the target range for the federal funds rate at 0 to 1/4 percent and expects it will be appropriate to maintain this target range until labor market conditions have reached levels consistent with the Committee's assessments of maximum employment and inflation has risen to 2 percent and is on track to moderately exceed 2 percent for some time.
2020-11-05,dovish,"In addition, over coming months the Federal Reserve will increase its holdings of Treasury securities and agency mortgage-backed securities at least at the current pace to sustain smooth market functioning and help foster accommodative financial conditions, thereby supporting the flow of credit to households and businesses."
2020-11-05,neutral,"In assessing the appropriate stance of monetary policy, the Committee will continue to monitor the implications of incoming information for the economic outlook."
2020-11-05,neutral,The Committee would be prepared to adjust the stance of monetary policy as appropriate if risks emerge that could impede the attainment of the Committee's goals.
2020-11-05,neutral,"The Committee's assessments will take into account a wide range of information, including readings on public health, labor market conditions, inflation pressures and inflation expectations, and financial and international developments."
2020-11-05,neutral,Daly voted as an alternate member at this meeting.
2020-12-16,dovish,The COVID-19 pandemic is causing tremendous human and economic hardship across the United States and around the world.
2020-12-16,dovish,Economic activity and employment have continued to recover but remain well below their levels at the beginning of the year.
2020-12-16,dovish,Weaker demand and earlier declines in oil prices have been holding down consumer price inflation.
2020-12-16,dovish,"Overall financial conditions remain accommodative, in part reflecting policy measures to support the economy and the flow of credit to U.S. households and businesses."
2020-12-16,neutral,The path of the economy will depend significantly on the course of the virus.
2020-12-16,dovish,"The ongoing public health crisis will continue to weigh on economic activity, employment, and inflation in the near term, and poses considerable risks to the economic outlook over the medium term."
2020-12-16,dovish,The Committee seeks to achieve maximum employment and inflation at the rate of 2 percent over the longer run.
2020-12-16,dovish,"With inflation running persistently below this longer-run goal, the Committee will aim to achieve inflation moderately above 2 percent for some time so that inflation averages 2 percent over time and longer-term inflation expectations remain well anchored at 2 percent."
2020-12-16,dovish,The Committee expects to maintain an accommodative stance of monetary policy until these outcomes are achieved.
2020-12-16,dovish,The Committee decided to keep the target range for the federal funds rate at 0 to 1/4 percent and expects it will be appropriate to maintain this target range until labor market conditions have reached levels consistent with the Committee's assessments of maximum employment and inflation has risen to 2 percent and is on track to moderately exceed 2 percent for some time.
2020-12-16,dovish,"In addition, the Federal Reserve will continue to increase its holdings of Treasury securities by at least $80 billion per month and of agency mortgage-backed securities by at least $40 billion per month until substantial further progress has been made toward the Committee's maximum employment and price stability goals."
2020-12-16,dovish,"These asset purchases help foster smooth market functioning and accommodative financial conditions, thereby supporting the flow of credit to households and businesses."
2020-12-16,neutral,"In assessing the appropriate stance of monetary policy, the Committee will continue to monitor the implications of incoming information for the economic outlook."
2020-12-16,neutral,The Committee would be prepared to adjust the stance of monetary policy as appropriate if risks emerge that could impede the attainment of the Committee's goals.
2020-12-16,neutral,"The Committee's assessments will take into account a wide range of information, including readings on public health, labor market conditions, inflation pressures and inflation expectations, and financial and international developments."
2021-01-27,dovish,The COVID-19 pandemic is causing tremendous human and economic hardship across the United States and around the world.
2021-01-27,dovish,"The pace of the recovery in economic activity and employment has moderated in recent months, with weakness concentrated in the sectors most adversely affected by the pandemic."
2021-01-27,dovish,Weaker demand and earlier declines in oil prices have been holding down consumer price inflation.
2021-01-27,dovish,"Overall financial conditions remain accommodative, in part reflecting policy measures to support the economy and the flow of credit to U.S. households and businesses."
2021-01-27,neutral,"The path of the economy will depend significantly on the course of the virus, including progress on vaccinations."
2021-01-27,dovish,"The ongoing public health crisis continues to weigh on economic activity, employment, and inflation, and poses considerable risks to the economic outlook."
2021-01-27,dovish,The Committee seeks to achieve maximum employment and inflation at the rate of 2 percent over the longer run.
2021-01-27,dovish,"With inflation running persistently below this longer-run goal, the Committee will aim to achieve inflation moderately above 2 percent for some time so that inflation averages 2 percent over time and longerâterm inflation expectations remain well anchored at 2 percent."
2021-01-27,dovish,The Committee expects to maintain an accommodative stance of monetary policy until these outcomes are achieved.
2021-01-27,dovish,The Committee decided to keep the target range for the federal funds rate at 0 to 1/4 percent and expects it will be appropriate to maintain this target range until labor market conditions have reached levels consistent with the Committee's assessments of maximum employment and inflation has risen to 2 percent and is on track to moderately exceed 2 percent for some time.
2021-01-27,dovish,"In addition, the Federal Reserve will continue to increase its holdings of Treasury securities by at least $80 billion per month and of agency mortgageâbacked securities by at least $40 billion per month until substantial further progress has been made toward the Committee's maximum employment and price stability goals."
2021-01-27,dovish,"These asset purchases help foster smooth market functioning and accommodative financial conditions, thereby supporting the flow of credit to households and businesses."
2021-01-27,neutral,"In assessing the appropriate stance of monetary policy, the Committee will continue to monitor the implications of incoming information for the economic outlook."
2021-01-27,neutral,The Committee would be prepared to adjust the stance of monetary policy as appropriate if risks emerge that could impede the attainment of the Committee's goals.
2021-01-27,neutral,"The Committee's assessments will take into account a wide range of information, including readings on public health, labor market conditions, inflation pressures and inflation expectations, and financial and international developments."
2021-01-27,neutral,Quarles; and Christopher J.
2021-03-17,dovish,The COVID-19 pandemic is causing tremendous human and economic hardship across the United States and around the world.
2021-03-17,dovish,"Following a moderation in the pace of the recovery, indicators of economic activity and employment have turned up recently, although the sectors most adversely affected by the pandemic remain weak."
2021-03-17,dovish,Inflation continues to run below 2 percent.
2021-03-17,dovish,"Overall financial conditions remain accommodative, in part reflecting policy measures to support the economy and the flow of credit to U.S. households and businesses."
2021-03-17,neutral,"The path of the economy will depend significantly on the course of the virus, including progress on vaccinations."
2021-03-17,dovish,"The ongoing public health crisis continues to weigh on economic activity, employment, and inflation, and poses considerable risks to the economic outlook."
2021-03-17,dovish,The Committee seeks to achieve maximum employment and inflation at the rate of 2 percent over the longer run.
2021-03-17,dovish,"With inflation running persistently below this longer-run goal, the Committee will aim to achieve inflation moderately above 2 percent for some time so that inflation averages 2 percent over time and longerâterm inflation expectations remain well anchored at 2 percent."
2021-03-17,dovish,The Committee expects to maintain an accommodative stance of monetary policy until these outcomes are achieved.
2021-03-17,dovish,The Committee decided to keep the target range for the federal funds rate at 0 to 1/4 percent and expects it will be appropriate to maintain this target range until labor market conditions have reached levels consistent with the Committee's assessments of maximum employment and inflation has risen to 2 percent and is on track to moderately exceed 2 percent for some time.
2021-03-17,dovish,"In addition, the Federal Reserve will continue to increase its holdings of Treasury securities by at least $80 billion per month and of agency mortgageâbacked securities by at least $40 billion per month until substantial further progress has been made toward the Committee's maximum employment and price stability goals."
2021-03-17,dovish,"These asset purchases help foster smooth market functioning and accommodative financial conditions, thereby supporting the flow of credit to households and businesses."
2021-03-17,neutral,"In assessing the appropriate stance of monetary policy, the Committee will continue to monitor the implications of incoming information for the economic outlook."
2021-03-17,neutral,The Committee would be prepared to adjust the stance of monetary policy as appropriate if risks emerge that could impede the attainment of the Committee's goals.
2021-03-17,neutral,"The Committee's assessments will take into account a wide range of information, including readings on public health, labor market conditions, inflation pressures and inflation expectations, and financial and international developments."
2021-03-17,neutral,Quarles; and Christopher J.
2021-04-28,dovish,The COVID-19 pandemic is causing tremendous human and economic hardship across the United States and around the world.
2021-04-28,hawkish,"Amid progress on vaccinations and strong policy support, indicators of economic activity and employment have strengthened."
2021-04-28,neutral,The sectors most adversely affected by the pandemic remain weak but have shown improvement.
2021-04-28,hawkish,"Inflation has risen, largely reflecting transitory factors."
2021-04-28,dovish,"Overall financial conditions remain accommodative, in part reflecting policy measures to support the economy and the flow of credit to U.S. households and businesses."
2021-04-28,neutral,"The path of the economy will depend significantly on the course of the virus, including progress on vaccinations."
2021-04-28,dovish,"The ongoing public health crisis continues to weigh on the economy, and risks to the economic outlook remain."
2021-04-28,dovish,The Committee seeks to achieve maximum employment and inflation at the rate of 2 percent over the longer run.
2021-04-28,dovish,"With inflation running persistently below this longer-run goal, the Committee will aim to achieve inflation moderately above 2 percent for some time so that inflation averages 2 percent over time and longerâterm inflation expectations remain well anchored at 2 percent."
2021-04-28,dovish,The Committee expects to maintain an accommodative stance of monetary policy until these outcomes are achieved.
2021-04-28,dovish,The Committee decided to keep the target range for the federal funds rate at 0 to 1/4 percent and expects it will be appropriate to maintain this target range until labor market conditions have reached levels consistent with the Committee's assessments of maximum employment and inflation has risen to 2 percent and is on track to moderately exceed 2 percent for some time.
2021-04-28,dovish,"In addition, the Federal Reserve will continue to increase its holdings of Treasury securities by at least $80 billion per month and of agency mortgageâbacked securities by at least $40 billion per month until substantial further progress has been made toward the Committee's maximum employment and price stability goals."
2021-04-28,dovish,"These asset purchases help foster smooth market functioning and accommodative financial conditions, thereby supporting the flow of credit to households and businesses."
2021-04-28,neutral,"In assessing the appropriate stance of monetary policy, the Committee will continue to monitor the implications of incoming information for the economic outlook."
2021-04-28,neutral,The Committee would be prepared to adjust the stance of monetary policy as appropriate if risks emerge that could impede the attainment of the Committee's goals.
2021-04-28,neutral,"The Committee's assessments will take into account a wide range of information, including readings on public health, labor market conditions, inflation pressures and inflation expectations, and financial and international developments."
2021-04-28,neutral,Quarles; and Christopher J.
2021-06-16,neutral,Progress on vaccinations has reduced the spread of COVID-19 in the United States.
2021-06-16,hawkish,"Amid this progress and strong policy support, indicators of economic activity and employment have strengthened."
2021-06-16,neutral,The sectors most adversely affected by the pandemic remain weak but have shown improvement.
2021-06-16,hawkish,"Inflation has risen, largely reflecting transitory factors."
2021-06-16,dovish,"Overall financial conditions remain accommodative, in part reflecting policy measures to support the economy and the flow of credit to U.S. households and businesses."
2021-06-16,neutral,The path of the economy will depend significantly on the course of the virus.
2021-06-16,dovish,"Progress on vaccinations will likely continue to reduce the effects of the public health crisis on the economy, but risks to the economic outlook remain."
2021-06-16,dovish,The Committee seeks to achieve maximum employment and inflation at the rate of 2 percent over the longer run.
2021-06-16,dovish,"With inflation having run persistently below this longer-run goal, the Committee will aim to achieve inflation moderately above 2 percent for some time so that inflation averages 2 percent over time and longerâterm inflation expectations remain well anchored at 2 percent."
2021-06-16,dovish,The Committee expects to maintain an accommodative stance of monetary policy until these outcomes are achieved.
2021-06-16,dovish,The Committee decided to keep the target range for the federal funds rate at 0 to 1/4 percent and expects it will be appropriate to maintain this target range until labor market conditions have reached levels consistent with the Committee's assessments of maximum employment and inflation has risen to 2 percent and is on track to moderately exceed 2 percent for some time.
2021-06-16,dovish,"In addition, the Federal Reserve will continue to increase its holdings of Treasury securities by at least $80 billion per month and of agency mortgageâbacked securities by at least $40 billion per month until substantial further progress has been made toward the Committee's maximum employment and price stability goals."
2021-06-16,dovish,"These asset purchases help foster smooth market functioning and accommodative financial conditions, thereby supporting the flow of credit to households and businesses."
2021-06-16,neutral,"In assessing the appropriate stance of monetary policy, the Committee will continue to monitor the implications of incoming information for the economic outlook."
2021-06-16,neutral,The Committee would be prepared to adjust the stance of monetary policy as appropriate if risks emerge that could impede the attainment of the Committee's goals.
2021-06-16,neutral,"The Committee's assessments will take into account a wide range of information, including readings on public health, labor market conditions, inflation pressures and inflation expectations, and financial and international developments."
2021-06-16,neutral,Quarles; and Christopher J.
2021-07-28,hawkish,"With progress on vaccinations and strong policy support, indicators of economic activity and employment have continued to strengthen."
2021-07-28,neutral,The sectors most adversely affected by the pandemic have shown improvement but have not fully recovered.
2021-07-28,hawkish,"Inflation has risen, largely reflecting transitory factors."
2021-07-28,dovish,"Overall financial conditions remain accommodative, in part reflecting policy measures to support the economy and the flow of credit to U.S. households and businesses."
2021-07-28,neutral,The path of the economy continues to depend on the course of the virus.
2021-07-28,dovish,"Progress on vaccinations will likely continue to reduce the effects of the public health crisis on the economy, but risks to the economic outlook remain."
2021-07-28,dovish,The Committee seeks to achieve maximum employment and inflation at the rate of 2 percent over the longer run.
2021-07-28,dovish,"With inflation having run persistently below this longer-run goal, the Committee will aim to achieve inflation moderately above 2 percent for some time so that inflation averages 2 percent over time and longerâterm inflation expectations remain well anchored at 2 percent."
2021-07-28,dovish,The Committee expects to maintain an accommodative stance of monetary policy until these outcomes are achieved.
2021-07-28,dovish,The Committee decided to keep the target range for the federal funds rate at 0 to 1/4 percent and expects it will be appropriate to maintain this target range until labor market conditions have reached levels consistent with the Committee's assessments of maximum employment and inflation has risen to 2 percent and is on track to moderately exceed 2 percent for some time.
2021-07-28,dovish,"Last December, the Committee indicated that it would continue to increase its holdings of Treasury securities by at least $80 billion per month and of agency mortgageâbacked securities by at least $40 billion per month until substantial further progress has been made toward its maximum employment and price stability goals."
2021-07-28,neutral,"Since then, the economy has made progress toward these goals, and the Committee will continue to assess progress in coming meetings."
2021-07-28,dovish,"These asset purchases help foster smooth market functioning and accommodative financial conditions, thereby supporting the flow of credit to households and businesses."
2021-07-28,neutral,"In assessing the appropriate stance of monetary policy, the Committee will continue to monitor the implications of incoming information for the economic outlook."
2021-07-28,neutral,The Committee would be prepared to adjust the stance of monetary policy as appropriate if risks emerge that could impede the attainment of the Committee's goals.
2021-07-28,neutral,"The Committee's assessments will take into account a wide range of information, including readings on public health, labor market conditions, inflation pressures and inflation expectations, and financial and international developments."
2021-07-28,neutral,Quarles; and Christopher J.
2021-09-22,hawkish,"With progress on vaccinations and strong policy support, indicators of economic activity and employment have continued to strengthen."
2021-09-22,neutral,"The sectors most adversely affected by the pandemic have improved in recent months, but the rise in COVID-19 cases has slowed their recovery."
2021-09-22,hawkish,"Inflation is elevated, largely reflecting transitory factors."
2021-09-22,dovish,"Overall financial conditions remain accommodative, in part reflecting policy measures to support the economy and the flow of credit to U.S. households and businesses."
2021-09-22,neutral,The path of the economy continues to depend on the course of the virus.
2021-09-22,dovish,"Progress on vaccinations will likely continue to reduce the effects of the public health crisis on the economy, but risks to the economic outlook remain."
2021-09-22,dovish,The Committee seeks to achieve maximum employment and inflation at the rate of 2 percent over the longer run.
2021-09-22,dovish,"With inflation having run persistently below this longer-run goal, the Committee will aim to achieve inflation moderately above 2 percent for some time so that inflation averages 2 percent over time and longerâterm inflation expectations remain well anchored at 2 percent."
2021-09-22,dovish,The Committee expects to maintain an accommodative stance of monetary policy until these outcomes are achieved.
2021-09-22,dovish,The Committee decided to keep the target range for the federal funds rate at 0 to 1/4 percent and expects it will be appropriate to maintain this target range until labor market conditions have reached levels consistent with the Committee's assessments of maximum employment and inflation has risen to 2 percent and is on track to moderately exceed 2 percent for some time.
2021-09-22,dovish,"Last December, the Committee indicated that it would continue to increase its holdings of Treasury securities by at least $80 billion per month and of agency mortgageâbacked securities by at least $40 billion per month until substantial further progress has been made toward its maximum employment and price stability goals."
2021-09-22,neutral,"Since then, the economy has made progress toward these goals."
2021-09-22,hawkish,"If progress continues broadly as expected, the Committee judges that a moderation in the pace of asset purchases may soon be warranted."
2021-09-22,dovish,"These asset purchases help foster smooth market functioning and accommodative financial conditions, thereby supporting the flow of credit to households and businesses."
2021-09-22,neutral,"In assessing the appropriate stance of monetary policy, the Committee will continue to monitor the implications of incoming information for the economic outlook."
2021-09-22,neutral,The Committee would be prepared to adjust the stance of monetary policy as appropriate if risks emerge that could impede the attainment of the Committee's goals.
2021-09-22,neutral,"The Committee's assessments will take into account a wide range of information, including readings on public health, labor market conditions, inflation pressures and inflation expectations, and financial and international developments."
2021-09-22,neutral,Quarles; and Christopher J.
2021-11-03,hawkish,"With progress on vaccinations and strong policy support, indicators of economic activity and employment have continued to strengthen."
2021-11-03,neutral,"The sectors most adversely affected by the pandemic have improved in recent months, but the summer's rise in COVID-19 cases has slowed their recovery."
2021-11-03,hawkish,"Inflation is elevated, largely reflecting factors that are expected to be transitory."
2021-11-03,hawkish,Supply and demand imbalances related to the pandemic and the reopening of the economy have contributed to sizable price increases in some sectors.
2021-11-03,dovish,"Overall financial conditions remain accommodative, in part reflecting policy measures to support the economy and the flow of credit to U.S. households and businesses."
2021-11-03,neutral,The path of the economy continues to depend on the course of the virus.
2021-11-03,dovish,Progress on vaccinations and an easing of supply constraints are expected to support continued gains in economic activity and employment as well as a reduction in inflation.
2021-11-03,neutral,Risks to the economic outlook remain.
2021-11-03,dovish,The Committee seeks to achieve maximum employment and inflation at the rate of 2 percent over the longer run.
2021-11-03,dovish,"With inflation having run persistently below this longer-run goal, the Committee will aim to achieve inflation moderately above 2 percent for some time so that inflation averages 2 percent over time and longerâterm inflation expectations remain well anchored at 2 percent."
2021-11-03,dovish,The Committee expects to maintain an accommodative stance of monetary policy until these outcomes are achieved.
2021-11-03,dovish,The Committee decided to keep the target range for the federal funds rate at 0 to 1/4 percent and expects it will be appropriate to maintain this target range until labor market conditions have reached levels consistent with the Committee's assessments of maximum employment and inflation has risen to 2 percent and is on track to moderately exceed 2 percent for some time.
2021-11-03,hawkish,"In light of the substantial further progress the economy has made toward the Committee's goals since last December, the Committee decided to begin reducing the monthly pace of its net asset purchases by $10 billion for Treasury securities and $5 billion for agency mortgage-backed securities."
2021-11-03,hawkish,"Beginning later this month, the Committee will increase its holdings of Treasury securities by at least $70 billion per month and of agency mortgageâbacked securities by at least $35 billion per month."
2021-11-03,hawkish,"Beginning in December, the Committee will increase its holdings of Treasury securities by at least $60 billion per month and of agency mortgage-backed securities by at least $30 billion per month."
2021-11-03,hawkish,"The Committee judges that similar reductions in the pace of net asset purchases will likely be appropriate each month, but it is prepared to adjust the pace of purchases if warranted by changes in the economic outlook."
2021-11-03,dovish,"The Federal Reserve's ongoing purchases and holdings of securities will continue to foster smooth market functioning and accommodative financial conditions, thereby supporting the flow of credit to households and businesses."
2021-11-03,neutral,"In assessing the appropriate stance of monetary policy, the Committee will continue to monitor the implications of incoming information for the economic outlook."
2021-11-03,neutral,The Committee would be prepared to adjust the stance of monetary policy as appropriate if risks emerge that could impede the attainment of the Committee's goals.
2021-11-03,neutral,"The Committee's assessments will take into account a wide range of information, including readings on public health, labor market conditions, inflation pressures and inflation expectations, and financial and international developments."
2021-11-03,neutral,Quarles; and Christopher J.
2021-12-15,hawkish,"With progress on vaccinations and strong policy support, indicators of economic activity and employment have continued to strengthen."
2021-12-15,neutral,The sectors most adversely affected by the pandemic have improved in recent months but continue to be affected by COVID-19.
2021-12-15,hawkish,"Job gains have been solid in recent months, and the unemployment rate has declined substantially."
2021-12-15,hawkish,Supply and demand imbalances related to the pandemic and the reopening of the economy have continued to contribute to elevated levels of inflation.
2021-12-15,dovish,"Overall financial conditions remain accommodative, in part reflecting policy measures to support the economy and the flow of credit to U.S. households and businesses."
2021-12-15,neutral,The path of the economy continues to depend on the course of the virus.
2021-12-15,dovish,Progress on vaccinations and an easing of supply constraints are expected to support continued gains in economic activity and employment as well as a reduction in inflation.
2021-12-15,neutral,"Risks to the economic outlook remain, including from new variants of the virus."
2021-12-15,dovish,The Committee seeks to achieve maximum employment and inflation at the rate of 2 percent over the longer run.
2021-12-15,dovish,"In support of these goals, the Committee decided to keep the target range for the federal funds rate at 0 to 1/4 percent."
2021-12-15,dovish,"With inflation having exceeded 2 percent for some time, the Committee expects it will be appropriate to maintain this target range until labor market conditions have reached levels consistent with the Committee's assessments of maximum employment."
2021-12-15,hawkish,"In light of inflation developments and the further improvement in the labor market, the Committee decided to reduce the monthly pace of its net asset purchases by $20 billion for Treasury securities and $10 billion for agency mortgage-backed securities."
2021-12-15,hawkish,"Beginning in January, the Committee will increase its holdings of Treasury securities by at least $40 billion per month and of agency mortgageâbacked securities by at least $20 billion per month."
2021-12-15,hawkish,"The Committee judges that similar reductions in the pace of net asset purchases will likely be appropriate each month, but it is prepared to adjust the pace of purchases if warranted by changes in the economic outlook."
2021-12-15,dovish,"The Federal Reserve's ongoing purchases and holdings of securities will continue to foster smooth market functioning and accommodative financial conditions, thereby supporting the flow of credit to households and businesses."
2021-12-15,neutral,"In assessing the appropriate stance of monetary policy, the Committee will continue to monitor the implications of incoming information for the economic outlook."
2021-12-15,neutral,The Committee would be prepared to adjust the stance of monetary policy as appropriate if risks emerge that could impede the attainment of the Committee's goals.
2021-12-15,neutral,"The Committee's assessments will take into account a wide range of information, including readings on public health, labor market conditions, inflation pressures and inflation expectations, and financial and international developments."
2021-12-15,neutral,Quarles; and Christopher J.
2022-01-26,neutral,The sectors most adversely affected by the pandemic have improved in recent months but are being affected by the recent sharp rise in COVID-19 cases.
2022-01-26,hawkish,"Job gains have been solid in recent months, and the unemployment rate has declined substantially."
2022-01-26,hawkish,Supply and demand imbalances related to the pandemic and the reopening of the economy have continued to contribute to elevated levels of inflation.
2022-01-26,dovish,"Overall financial conditions remain accommodative, in part reflecting policy measures to support the economy and the flow of credit to U.S. households and businesses."
2022-01-26,neutral,The path of the economy continues to depend on the course of the virus.
2022-01-26,dovish,Progress on vaccinations and an easing of supply constraints are expected to support continued gains in economic activity and employment as well as a reduction in inflation.
2022-01-26,neutral,"Risks to the economic outlook remain, including from new variants of the virus."
2022-01-26,dovish,The Committee seeks to achieve maximum employment and inflation at the rate of 2 percent over the longer run.
2022-01-26,dovish,"In support of these goals, the Committee decided to keep the target range for the federal funds rate at 0 to 1/4 percent."
2022-01-26,hawkish,"With inflation well above 2 percent and a strong labor market, the Committee expects it will soon be appropriate to raise the target range for the federal funds rate."
2022-01-26,hawkish,"The Committee decided to continue to reduce the monthly pace of its net asset purchases, bringing them to an end in early March."
2022-01-26,hawkish,"Beginning in February, the Committee will increase its holdings of Treasury securities by at least $20 billion per month and of agency mortgageâbacked securities by at least $10 billion per month."
2022-01-26,dovish,"The Federal Reserve's ongoing purchases and holdings of securities will continue to foster smooth market functioning and accommodative financial conditions, thereby supporting the flow of credit to households and businesses."
2022-01-26,neutral,"In assessing the appropriate stance of monetary policy, the Committee will continue to monitor the implications of incoming information for the economic outlook."
2022-01-26,neutral,The Committee would be prepared to adjust the stance of monetary policy as appropriate if risks emerge that could impede the attainment of the Committee's goals.
2022-01-26,neutral,"The Committee's assessments will take into account a wide range of information, including readings on public health, labor market conditions, inflation pressures and inflation expectations, and financial and international developments."
2022-01-26,neutral,Mester; and Christopher J.
2022-01-26,neutral,Patrick Harker voted as an alternate member at this meeting.
2022-03-16,hawkish,"Job gains have been strong in recent months, and the unemployment rate has declined substantially."
2022-03-16,hawkish,"Inflation remains elevated, reflecting supply and demand imbalances related to the pandemic, higher energy prices, and broader price pressures."
2022-03-16,neutral,The invasion of Ukraine by Russia is causing tremendous human and economic hardship.
2022-03-16,hawkish,"The implications for the U.S. economy are highly uncertain, but in the near term the invasion and related events are likely to create additional upward pressure on inflation and weigh on economic activity."
2022-03-16,dovish,The Committee seeks to achieve maximum employment and inflation at the rate of 2 percent over the longer run.
2022-03-16,hawkish,"With appropriate firming in the stance of monetary policy, the Committee expects inflation to return to its 2 percent objective and the labor market to remain strong."
2022-03-16,hawkish,"In support of these goals, the Committee decided to raise the target range for the federal funds rate to 1/4 to 1/2 percent and anticipates that ongoing increases in the target range will be appropriate."
2022-03-16,hawkish,"In addition, the Committee expects to begin reducing its holdings of Treasury securities and agency debt and agency mortgage-backed securities at a coming meeting."
2022-03-16,neutral,"In assessing the appropriate stance of monetary policy, the Committee will continue to monitor the implications of incoming information for the economic outlook."
2022-03-16,neutral,The Committee would be prepared to adjust the stance of monetary policy as appropriate if risks emerge that could impede the attainment of the Committee's goals.
2022-03-16,neutral,"The Committee's assessments will take into account a wide range of information, including readings on public health, labor market conditions, inflation pressures and inflation expectations, and financial and international developments."
2022-03-16,neutral,Mester; and Christopher J.
2022-03-16,neutral,Patrick Harker voted as an alternate member at this meeting.
2022-05-04,hawkish,"Job gains have been robust in recent months, and the unemployment rate has declined substantially."
2022-05-04,hawkish,"Inflation remains elevated, reflecting supply and demand imbalances related to the pandemic, higher energy prices, and broader price pressures."
2022-05-04,neutral,The invasion of Ukraine by Russia is causing tremendous human and economic hardship.
2022-05-04,neutral,The implications for the U.S. economy are highly uncertain.
2022-05-04,hawkish,The invasion and related events are creating additional upward pressure on inflation and are likely to weigh on economic activity.
2022-05-04,dovish,"In addition, COVID-related lockdowns in China are likely to exacerbate supply chain disruptions."
2022-05-04,neutral,The Committee is highly attentive to inflation risks.
2022-05-04,dovish,The Committee seeks to achieve maximum employment and inflation at the rate of 2 percent over the longer run.
2022-05-04,hawkish,"With appropriate firming in the stance of monetary policy, the Committee expects inflation to return to its 2 percent objective and the labor market to remain strong."
2022-05-04,hawkish,"In support of these goals, the Committee decided to raise the target range for the federal funds rate to 3/4 to 1 percent and anticipates that ongoing increases in the target range will be appropriate."
2022-05-04,hawkish,"In addition, the Committee decided to begin reducing its holdings of Treasury securities and agency debt and agency mortgage-backed securities on June 1, as described in the Plans for Reducing the Size of the Federal Reserve's Balance Sheet that were issued in conjunction with this statement."
2022-05-04,neutral,"In assessing the appropriate stance of monetary policy, the Committee will continue to monitor the implications of incoming information for the economic outlook."
2022-05-04,neutral,The Committee would be prepared to adjust the stance of monetary policy as appropriate if risks emerge that could impede the attainment of the Committeeâs goals.
2022-05-04,neutral,"The Committee's assessments will take into account a wide range of information, including readings on public health, labor market conditions, inflation pressures and inflation expectations, and financial and international developments."
2022-05-04,neutral,Mester; and Christopher J.
2022-05-04,neutral,Patrick Harker voted as an alternate member at this meeting.
2022-06-15,hawkish,"Job gains have been robust in recent months, and the unemployment rate has remained low."
2022-06-15,hawkish,"Inflation remains elevated, reflecting supply and demand imbalances related to the pandemic, higher energy prices, and broader price pressures."
2022-06-15,neutral,The invasion of Ukraine by Russia is causing tremendous human and economic hardship.
2022-06-15,hawkish,The invasion and related events are creating additional upward pressure on inflation and are weighing on global economic activity.
2022-06-15,dovish,"In addition, COVID-related lockdowns in China are likely to exacerbate supply chain disruptions."
2022-06-15,neutral,The Committee is highly attentive to inflation risks.
2022-06-15,dovish,The Committee seeks to achieve maximum employment and inflation at the rate of 2 percent over the longer run.
2022-06-15,hawkish,"In support of these goals, the Committee decided to raise the target range for the federal funds rate to 1â1/2 to 1-3/4 percent and anticipates that ongoing increases in the target range will be appropriate."
2022-06-15,hawkish,"In addition, the Committee will continue reducing its holdings of Treasury securities and agency debt and agency mortgage-backed securities, as described in the Plans for Reducing the Size of the Federal Reserve's Balance Sheet that were issued in May."
2022-06-15,dovish,The Committee is strongly committed to returning inflation to its 2 percent objective.
2022-06-15,neutral,"In assessing the appropriate stance of monetary policy, the Committee will continue to monitor the implications of incoming information for the economic outlook."
2022-06-15,neutral,The Committee would be prepared to adjust the stance of monetary policy as appropriate if risks emerge that could impede the attainment of the Committee's goals.
2022-06-15,neutral,"The Committee's assessments will take into account a wide range of information, including readings on public health, labor market conditions, inflation pressures and inflation expectations, and financial and international developments."
2022-06-15,neutral,Mester; and Christopher J.
2022-06-15,hawkish,"George, who preferred at this meeting to raise the target range for the federal funds rate by 0.5 percentage point to 1-1/4 percent to 1-1/2 percent."
2022-06-15,neutral,Patrick Harker voted as an alternate member at this meeting.
2022-07-27,hawkish,"Nonetheless, job gains have been robust in recent months, and the unemployment rate has remained low."
2022-07-27,hawkish,"Inflation remains elevated, reflecting supply and demand imbalances related to the pandemic, higher food and energy prices, and broader price pressures."
2022-07-27,neutral,Russia's war against Ukraine is causing tremendous human and economic hardship.
2022-07-27,hawkish,The war and related events are creating additional upward pressure on inflation and are weighing on global economic activity.
2022-07-27,neutral,The Committee is highly attentive to inflation risks.
2022-07-27,dovish,The Committee seeks to achieve maximum employment and inflation at the rate of 2 percent over the longer run.
2022-07-27,hawkish,"In support of these goals, the Committee decided to raise the target range for the federal funds rate to 2-1/4 to 2-1/2 percent and anticipates that ongoing increases in the target range will be appropriate."
2022-07-27,hawkish,"In addition, the Committee will continue reducing its holdings of Treasury securities and agency debt and agency mortgage-backed securities, as described in the Plans for Reducing the Size of the Federal Reserve's Balance Sheet that were issued in May."
2022-07-27,dovish,The Committee is strongly committed to returning inflation to its 2 percent objective.
2022-07-27,neutral,"In assessing the appropriate stance of monetary policy, the Committee will continue to monitor the implications of incoming information for the economic outlook."
2022-07-27,neutral,The Committee would be prepared to adjust the stance of monetary policy as appropriate if risks emerge that could impede the attainment of the Committee's goals.
2022-07-27,neutral,"The Committee's assessments will take into account a wide range of information, including readings on public health, labor market conditions, inflation pressures and inflation expectations, and financial and international developments."
2022-07-27,neutral,Mester; and Christopher J.
2022-09-21,hawkish,"Job gains have been robust in recent months, and the unemployment rate has remained low."
2022-09-21,hawkish,"Inflation remains elevated, reflecting supply and demand imbalances related to the pandemic, higher food and energy prices, and broader price pressures."
2022-09-21,neutral,Russia's war against Ukraine is causing tremendous human and economic hardship.
2022-09-21,hawkish,The war and related events are creating additional upward pressure on inflation and are weighing on global economic activity.
2022-09-21,neutral,The Committee is highly attentive to inflation risks.
2022-09-21,dovish,The Committee seeks to achieve maximum employment and inflation at the rate of 2 percent over the longer run.
2022-09-21,hawkish,"In support of these goals, the Committee decided to raise the target range for the federal funds rate to 3 to 3-1/4 percent and anticipates that ongoing increases in the target range will be appropriate."
2022-09-21,hawkish,"In addition, the Committee will continue reducing its holdings of Treasury securities and agency debt and agency mortgage-backed securities, as described in the Plans for Reducing the Size of the Federal Reserve's Balance Sheet that were issued in May."
2022-09-21,dovish,The Committee is strongly committed to returning inflation to its 2 percent objective.
2022-09-21,neutral,"In assessing the appropriate stance of monetary policy, the Committee will continue to monitor the implications of incoming information for the economic outlook."
2022-09-21,neutral,The Committee would be prepared to adjust the stance of monetary policy as appropriate if risks emerge that could impede the attainment of the Committee's goals.
2022-09-21,neutral,"The Committee's assessments will take into account a wide range of information, including readings on public health, labor market conditions, inflation pressures and inflation expectations, and financial and international developments."
2022-09-21,neutral,Mester; and Christopher J.
2022-11-02,hawkish,"Job gains have been robust in recent months, and the unemployment rate has remained low."
2022-11-02,hawkish,"Inflation remains elevated, reflecting supply and demand imbalances related to the pandemic, higher food and energy prices, and broader price pressures."
2022-11-02,neutral,Russia's war against Ukraine is causing tremendous human and economic hardship.
2022-11-02,hawkish,The war and related events are creating additional upward pressure on inflation and are weighing on global economic activity.
2022-11-02,neutral,The Committee is highly attentive to inflation risks.
2022-11-02,dovish,The Committee seeks to achieve maximum employment and inflation at the rate of 2 percent over the longer run.
2022-11-02,hawkish,"In support of these goals, the Committee decided to raise the target range for the federal funds rate to 3-3/4 to 4 percent."
2022-11-02,dovish,The Committee anticipates that ongoing increases in the target range will be appropriate in order to attain a stance of monetary policy that is sufficiently restrictive to return inflation to 2 percent over time.
2022-11-02,hawkish,"In determining the pace of future increases in the target range, the Committee will take into account the cumulative tightening of monetary policy, the lags with which monetary policy affects economic activity and inflation, and economic and financial developments."
2022-11-02,hawkish,"In addition, the Committee will continue reducing its holdings of Treasury securities and agency debt and agency mortgage-backed securities, as described in the Plans for Reducing the Size of the Federal Reserve's Balance Sheet that were issued in May."
2022-11-02,dovish,The Committee is strongly committed to returning inflation to its 2 percent objective.
2022-11-02,neutral,"In assessing the appropriate stance of monetary policy, the Committee will continue to monitor the implications of incoming information for the economic outlook."
2022-11-02,neutral,The Committee would be prepared to adjust the stance of monetary policy as appropriate if risks emerge that could impede the attainment of the Committee's goals.
2022-11-02,neutral,"The Committee's assessments will take into account a wide range of information, including readings on public health, labor market conditions, inflation pressures and inflation expectations, and financial and international developments."
2022-11-02,neutral,Mester; and Christopher J.
2022-12-14,hawkish,"Job gains have been robust in recent months, and the unemployment rate has remained low."
2022-12-14,hawkish,"Inflation remains elevated, reflecting supply and demand imbalances related to the pandemic, higher food and energy prices, and broader price pressures."
2022-12-14,neutral,Russia's war against Ukraine is causing tremendous human and economic hardship.
2022-12-14,hawkish,The war and related events are contributing to upward pressure on inflation and are weighing on global economic activity.
2022-12-14,neutral,The Committee is highly attentive to inflation risks.
2022-12-14,dovish,The Committee seeks to achieve maximum employment and inflation at the rate of 2 percent over the longer run.
2022-12-14,hawkish,"In support of these goals, the Committee decided to raise the target range for the federal funds rate to 4-1/4 to 4-1/2 percent."
2022-12-14,dovish,The Committee anticipates that ongoing increases in the target range will be appropriate in order to attain a stance of monetary policy that is sufficiently restrictive to return inflation to 2 percent over time.
2022-12-14,hawkish,"In determining the pace of future increases in the target range, the Committee will take into account the cumulative tightening of monetary policy, the lags with which monetary policy affects economic activity and inflation, and economic and financial developments."
2022-12-14,hawkish,"In addition, the Committee will continue reducing its holdings of Treasury securities and agency debt and agency mortgage-backed securities, as described in the Plans for Reducing the Size of the Federal Reserve's Balance Sheet that were issued in May."
2022-12-14,dovish,The Committee is strongly committed to returning inflation to its 2 percent objective.
2022-12-14,neutral,"In assessing the appropriate stance of monetary policy, the Committee will continue to monitor the implications of incoming information for the economic outlook."
2022-12-14,neutral,The Committee would be prepared to adjust the stance of monetary policy as appropriate if risks emerge that could impede the attainment of the Committee's goals.
2022-12-14,neutral,"The Committee's assessments will take into account a wide range of information, including readings on public health, labor market conditions, inflation pressures and inflation expectations, and financial and international developments."
2022-12-14,neutral,Mester; and Christopher J.
2023-02-01,hawkish,"Job gains have been robust in recent months, and the unemployment rate has remained low."
2023-02-01,hawkish,Inflation has eased somewhat but remains elevated.
2023-02-01,neutral,Russia's war against Ukraine is causing tremendous human and economic hardship and is contributing to elevated global uncertainty.
2023-02-01,neutral,The Committee is highly attentive to inflation risks.
2023-02-01,dovish,The Committee seeks to achieve maximum employment and inflation at the rate of 2 percent over the longer run.
2023-02-01,hawkish,"In support of these goals, the Committee decided to raise the target range for the federal funds rate to 4-1/2 to 4-3/4 percent."
2023-02-01,dovish,The Committee anticipates that ongoing increases in the target range will be appropriate in order to attain a stance of monetary policy that is sufficiently restrictive to return inflation to 2 percent over time.
2023-02-01,hawkish,"In determining the extent of future increases in the target range, the Committee will take into account the cumulative tightening of monetary policy, the lags with which monetary policy affects economic activity and inflation, and economic and financial developments."
2023-02-01,hawkish,"In addition, the Committee will continue reducing its holdings of Treasury securities and agency debt and agency mortgage-backed securities, as described in its previously announced plans."
2023-02-01,dovish,The Committee is strongly committed to returning inflation to its 2 percent objective.
2023-02-01,neutral,"In assessing the appropriate stance of monetary policy, the Committee will continue to monitor the implications of incoming information for the economic outlook."
2023-02-01,neutral,The Committee would be prepared to adjust the stance of monetary policy as appropriate if risks emerge that could impede the attainment of the Committee's goals.
2023-02-01,neutral,"The Committee's assessments will take into account a wide range of information, including readings on labor market conditions, inflation pressures and inflation expectations, and financial and international developments."
2023-03-22,hawkish,Job gains have picked up in recent months and are running at a robust pace; the unemployment rate has remained low.
2023-03-22,hawkish,Inflation remains elevated.
2023-03-22,neutral,The U.S. banking system is sound and resilient.
2023-03-22,hawkish,"Recent developments are likely to result in tighter credit conditions for households and businesses and to weigh on economic activity, hiring, and inflation."
2023-03-22,neutral,The extent of these effects is uncertain.
2023-03-22,neutral,The Committee remains highly attentive to inflation risks.
2023-03-22,dovish,The Committee seeks to achieve maximum employment and inflation at the rate of 2 percent over the longer run.
2023-03-22,hawkish,"In support of these goals, the Committee decided to raise the target range for the federal funds rate to 4-3/4 to 5 percent."
2023-03-22,neutral,The Committee will closely monitor incoming information and assess the implications for monetary policy.
2023-03-22,dovish,The Committee anticipates that some additional policy firming may be appropriate in order to attain a stance of monetary policy that is sufficiently restrictive to return inflation to 2 percent over time.
2023-03-22,hawkish,"In determining the extent of future increases in the target range, the Committee will take into account the cumulative tightening of monetary policy, the lags with which monetary policy affects economic activity and inflation, and economic and financial developments."
2023-03-22,hawkish,"In addition, the Committee will continue reducing its holdings of Treasury securities and agency debt and agency mortgage-backed securities, as described in its previously announced plans."
2023-03-22,dovish,The Committee is strongly committed to returning inflation to its 2 percent objective.
2023-03-22,neutral,"In assessing the appropriate stance of monetary policy, the Committee will continue to monitor the implications of incoming information for the economic outlook."
2023-03-22,neutral,The Committee would be prepared to adjust the stance of monetary policy as appropriate if risks emerge that could impede the attainment of the Committee's goals.
2023-03-22,neutral,"The Committee's assessments will take into account a wide range of information, including readings on labor market conditions, inflation pressures and inflation expectations, and financial and international developments."
2023-05-03,hawkish,"Job gains have been robust in recent months, and the unemployment rate has remained low."
2023-05-03,hawkish,Inflation remains elevated.
2023-05-03,neutral,The U.S. banking system is sound and resilient.
2023-05-03,hawkish,"Tighter credit conditions for households and businesses are likely to weigh on economic activity, hiring, and inflation."
2023-05-03,neutral,The extent of these effects remains uncertain.
2023-05-03,neutral,The Committee remains highly attentive to inflation risks.
2023-05-03,dovish,The Committee seeks to achieve maximum employment and inflation at the rate of 2 percent over the longer run.
2023-05-03,hawkish,"In support of these goals, the Committee decided to raise the target range for the federal funds rate to 5 to 5-1/4 percent."
2023-05-03,neutral,The Committee will closely monitor incoming information and assess the implications for monetary policy.
2023-05-03,hawkish,"In determining the extent to which additional policy firming may be appropriate to return inflation to 2 percent over time, the Committee will take into account the cumulative tightening of monetary policy, the lags with which monetary policy affects economic activity and inflation, and economic and financial developments."
2023-05-03,hawkish,"In addition, the Committee will continue reducing its holdings of Treasury securities and agency debt and agency mortgage-backed securities, as described in its previously announced plans."
2023-05-03,dovish,The Committee is strongly committed to returning inflation to its 2 percent objective.
2023-05-03,neutral,"In assessing the appropriate stance of monetary policy, the Committee will continue to monitor the implications of incoming information for the economic outlook."
2023-05-03,neutral,The Committee would be prepared to adjust the stance of monetary policy as appropriate if risks emerge that could impede the attainment of the Committee's goals.
2023-05-03,neutral,"The Committee's assessments will take into account a wide range of information, including readings on labor market conditions, inflation pressures and inflation expectations, and financial and international developments."
2023-06-14,hawkish,"Job gains have been robust in recent months, and the unemployment rate has remained low."
2023-06-14,hawkish,Inflation remains elevated.
2023-06-14,neutral,The U.S. banking system is sound and resilient.
2023-06-14,hawkish,"Tighter credit conditions for households and businesses are likely to weigh on economic activity, hiring, and inflation."
2023-06-14,neutral,The extent of these effects remains uncertain.
2023-06-14,neutral,The Committee remains highly attentive to inflation risks.
2023-06-14,dovish,The Committee seeks to achieve maximum employment and inflation at the rate of 2 percent over the longer run.
2023-06-14,dovish,"In support of these goals, the Committee decided to maintain the target range for the federal funds rate at 5 to 5-1/4 percent."
2023-06-14,neutral,Holding the target range steady at this meeting allows the Committee to assess additional information and its implications for monetary policy.
2023-06-14,hawkish,"In determining the extent of additional policy firming that may be appropriate to return inflation to 2 percent over time, the Committee will take into account the cumulative tightening of monetary policy, the lags with which monetary policy affects economic activity and inflation, and economic and financial developments."
2023-06-14,hawkish,"In addition, the Committee will continue reducing its holdings of Treasury securities and agency debt and agency mortgage-backed securities, as described in its previously announced plans."
2023-06-14,dovish,The Committee is strongly committed to returning inflation to its 2 percent objective.
2023-06-14,neutral,"In assessing the appropriate stance of monetary policy, the Committee will continue to monitor the implications of incoming information for the economic outlook."
2023-06-14,neutral,The Committee would be prepared to adjust the stance of monetary policy as appropriate if risks emerge that could impede the attainment of the Committee's goals.
2023-06-14,neutral,"The Committee's assessments will take into account a wide range of information, including readings on labor market conditions, inflation pressures and inflation expectations, and financial and international developments."
2023-07-26,hawkish,"Job gains have been robust in recent months, and the unemployment rate has remained low."
2023-07-26,hawkish,Inflation remains elevated.
2023-07-26,neutral,The U.S. banking system is sound and resilient.
2023-07-26,hawkish,"Tighter credit conditions for households and businesses are likely to weigh on economic activity, hiring, and inflation."
2023-07-26,neutral,The extent of these effects remains uncertain.
2023-07-26,neutral,The Committee remains highly attentive to inflation risks.
2023-07-26,dovish,The Committee seeks to achieve maximum employment and inflation at the rate of 2 percent over the longer run.
2023-07-26,hawkish,"In support of these goals, the Committee decided to raise the target range for the federal funds rate to 5-1/4 to 5-1/2 percent."
2023-07-26,neutral,The Committee will continue to assess additional information and its implications for monetary policy.
2023-07-26,hawkish,"In determining the extent of additional policy firming that may be appropriate to return inflation to 2 percent over time, the Committee will take into account the cumulative tightening of monetary policy, the lags with which monetary policy affects economic activity and inflation, and economic and financial developments."
2023-07-26,hawkish,"In addition, the Committee will continue reducing its holdings of Treasury securities and agency debt and agency mortgage-backed securities, as described in its previously announced plans."
2023-07-26,dovish,The Committee is strongly committed to returning inflation to its 2 percent objective.
2023-07-26,neutral,"In assessing the appropriate stance of monetary policy, the Committee will continue to monitor the implications of incoming information for the economic outlook."
2023-07-26,neutral,The Committee would be prepared to adjust the stance of monetary policy as appropriate if risks emerge that could impede the attainment of the Committee's goals.
2023-07-26,neutral,"The Committee's assessments will take into account a wide range of information, including readings on labor market conditions, inflation pressures and inflation expectations, and financial and international developments."
2023-09-20,hawkish,"Job gains have slowed in recent months but remain strong, and the unemployment rate has remained low."
2023-09-20,hawkish,Inflation remains elevated.
2023-09-20,neutral,The U.S. banking system is sound and resilient.
2023-09-20,hawkish,"Tighter credit conditions for households and businesses are likely to weigh on economic activity, hiring, and inflation."
2023-09-20,neutral,The extent of these effects remains uncertain.
2023-09-20,neutral,The Committee remains highly attentive to inflation risks.
2023-09-20,dovish,The Committee seeks to achieve maximum employment and inflation at the rate of 2 percent over the longer run.
2023-09-20,dovish,"In support of these goals, the Committee decided to maintain the target range for the federal funds rate at 5-1/4 to 5-1/2 percent."
2023-09-20,neutral,The Committee will continue to assess additional information and its implications for monetary policy.
2023-09-20,hawkish,"In determining the extent of additional policy firming that may be appropriate to return inflation to 2 percent over time, the Committee will take into account the cumulative tightening of monetary policy, the lags with which monetary policy affects economic activity and inflation, and economic and financial developments."
2023-09-20,hawkish,"In addition, the Committee will continue reducing its holdings of Treasury securities and agency debt and agency mortgage-backed securities, as described in its previously announced plans."
2023-09-20,dovish,The Committee is strongly committed to returning inflation to its 2 percent objective.
2023-09-20,neutral,"In assessing the appropriate stance of monetary policy, the Committee will continue to monitor the implications of incoming information for the economic outlook."
2023-09-20,neutral,The Committee would be prepared to adjust the stance of monetary policy as appropriate if risks emerge that could impede the attainment of the Committee's goals.
2023-09-20,neutral,"The Committee's assessments will take into account a wide range of information, including readings on labor market conditions, inflation pressures and inflation expectations, and financial and international developments."
2023-11-01,hawkish,"Job gains have moderated since earlier in the year but remain strong, and the unemployment rate has remained low."
2023-11-01,hawkish,Inflation remains elevated.
2023-11-01,neutral,The U.S. banking system is sound and resilient.
2023-11-01,hawkish,"Tighter financial and credit conditions for households and businesses are likely to weigh on economic activity, hiring, and inflation."
2023-11-01,neutral,The extent of these effects remains uncertain.
2023-11-01,neutral,The Committee remains highly attentive to inflation risks.
2023-11-01,dovish,The Committee seeks to achieve maximum employment and inflation at the rate of 2 percent over the longer run.
2023-11-01,dovish,"In support of these goals, the Committee decided to maintain the target range for the federal funds rate at 5-1/4 to 5-1/2 percent."
2023-11-01,neutral,The Committee will continue to assess additional information and its implications for monetary policy.
2023-11-01,hawkish,"In determining the extent of additional policy firming that may be appropriate to return inflation to 2 percent over time, the Committee will take into account the cumulative tightening of monetary policy, the lags with which monetary policy affects economic activity and inflation, and economic and financial developments."
2023-11-01,hawkish,"In addition, the Committee will continue reducing its holdings of Treasury securities and agency debt and agency mortgage-backed securities, as described in its previously announced plans."
2023-11-01,dovish,The Committee is strongly committed to returning inflation to its 2 percent objective.
2023-11-01,neutral,"In assessing the appropriate stance of monetary policy, the Committee will continue to monitor the implications of incoming information for the economic outlook."
2023-11-01,neutral,The Committee would be prepared to adjust the stance of monetary policy as appropriate if risks emerge that could impede the attainment of the Committee's goals.
2023-11-01,neutral,"The Committee's assessments will take into account a wide range of information, including readings on labor market conditions, inflation pressures and inflation expectations, and financial and international developments."
2023-12-13,hawkish,"Job gains have moderated since earlier in the year but remain strong, and the unemployment rate has remained low."
2023-12-13,hawkish,Inflation has eased over the past year but remains elevated.
2023-12-13,neutral,The U.S. banking system is sound and resilient.
2023-12-13,hawkish,"Tighter financial and credit conditions for households and businesses are likely to weigh on economic activity, hiring, and inflation."
2023-12-13,neutral,The extent of these effects remains uncertain.
2023-12-13,neutral,The Committee remains highly attentive to inflation risks.
2023-12-13,dovish,The Committee seeks to achieve maximum employment and inflation at the rate of 2 percent over the longer run.
2023-12-13,dovish,"In support of these goals, the Committee decided to maintain the target range for the federal funds rate at 5-1/4 to 5-1/2 percent."
2023-12-13,neutral,The Committee will continue to assess additional information and its implications for monetary policy.
2023-12-13,hawkish,"In determining the extent of any additional policy firming that may be appropriate to return inflation to 2 percent over time, the Committee will take into account the cumulative tightening of monetary policy, the lags with which monetary policy affects economic activity and inflation, and economic and financial developments."
2023-12-13,hawkish,"In addition, the Committee will continue reducing its holdings of Treasury securities and agency debt and agency mortgage-backed securities, as described in its previously announced plans."
2023-12-13,dovish,The Committee is strongly committed to returning inflation to its 2 percent objective.
2023-12-13,neutral,"In assessing the appropriate stance of monetary policy, the Committee will continue to monitor the implications of incoming information for the economic outlook."
2023-12-13,neutral,The Committee would be prepared to adjust the stance of monetary policy as appropriate if risks emerge that could impede the attainment of the Committee's goals.
2023-12-13,neutral,"The Committee's assessments will take into account a wide range of information, including readings on labor market conditions, inflation pressures and inflation expectations, and financial and international developments."
2024-01-31,hawkish,"Job gains have moderated since early last year but remain strong, and the unemployment rate has remained low."
2024-01-31,hawkish,Inflation has eased over the past year but remains elevated.
2024-01-31,dovish,The Committee seeks to achieve maximum employment and inflation at the rate of 2 percent over the longer run.
2024-01-31,neutral,The Committee judges that the risks to achieving its employment and inflation goals are moving into better balance.
2024-01-31,neutral,"The economic outlook is uncertain, and the Committee remains highly attentive to inflation risks."
2024-01-31,dovish,"In support of its goals, the Committee decided to maintain the target range for the federal funds rate at 5-1/4 to 5-1/2 percent."
2024-01-31,neutral,"In considering any adjustments to the target range for the federal funds rate, the Committee will carefully assess incoming data, the evolving outlook, and the balance of risks."
2024-01-31,hawkish,The Committee does not expect it will be appropriate to reduce the target range until it has gained greater confidence that inflation is moving sustainably toward 2 percent.
2024-01-31,hawkish,"In addition, the Committee will continue reducing its holdings of Treasury securities and agency debt and agency mortgage-backed securities, as described in its previously announced plans."
2024-01-31,dovish,The Committee is strongly committed to returning inflation to its 2 percent objective.
2024-01-31,neutral,"In assessing the appropriate stance of monetary policy, the Committee will continue to monitor the implications of incoming information for the economic outlook."
2024-01-31,neutral,The Committee would be prepared to adjust the stance of monetary policy as appropriate if risks emerge that could impede the attainment of the Committee's goals.
2024-01-31,neutral,"The Committee's assessments will take into account a wide range of information, including readings on labor market conditions, inflation pressures and inflation expectations, and financial and international developments."
2024-01-31,neutral,Mester; and Christopher J.
2024-03-20,hawkish,"Job gains have remained strong, and the unemployment rate has remained low."
2024-03-20,hawkish,Inflation has eased over the past year but remains elevated.
2024-03-20,dovish,The Committee seeks to achieve maximum employment and inflation at the rate of 2 percent over the longer run.
2024-03-20,neutral,The Committee judges that the risks to achieving its employment and inflation goals are moving into better balance.
2024-03-20,neutral,"The economic outlook is uncertain, and the Committee remains highly attentive to inflation risks."
2024-03-20,dovish,"In support of its goals, the Committee decided to maintain the target range for the federal funds rate at 5-1/4 to 5-1/2 percent."
2024-03-20,neutral,"In considering any adjustments to the target range for the federal funds rate, the Committee will carefully assess incoming data, the evolving outlook, and the balance of risks."
2024-03-20,hawkish,The Committee does not expect it will be appropriate to reduce the target range until it has gained greater confidence that inflation is moving sustainably toward 2 percent.
2024-03-20,hawkish,"In addition, the Committee will continue reducing its holdings of Treasury securities and agency debt and agency mortgage-backed securities, as described in its previously announced plans."
2024-03-20,dovish,The Committee is strongly committed to returning inflation to its 2 percent objective.
2024-03-20,neutral,"In assessing the appropriate stance of monetary policy, the Committee will continue to monitor the implications of incoming information for the economic outlook."
2024-03-20,neutral,The Committee would be prepared to adjust the stance of monetary policy as appropriate if risks emerge that could impede the attainment of the Committee's goals.
2024-03-20,neutral,"The Committee's assessments will take into account a wide range of information, including readings on labor market conditions, inflation pressures and inflation expectations, and financial and international developments."
2024-03-20,neutral,Mester; and Christopher J.
2024-05-01,hawkish,"Job gains have remained strong, and the unemployment rate has remained low."
2024-05-01,hawkish,Inflation has eased over the past year but remains elevated.
2024-05-01,dovish,"In recent months, there has been a lack of further progress toward the Committee's 2 percent inflation objective."
2024-05-01,dovish,The Committee seeks to achieve maximum employment and inflation at the rate of 2 percent over the longer run.
2024-05-01,neutral,The Committee judges that the risks to achieving its employment and inflation goals have moved toward better balance over the past year.
2024-05-01,neutral,"The economic outlook is uncertain, and the Committee remains highly attentive to inflation risks."
2024-05-01,dovish,"In support of its goals, the Committee decided to maintain the target range for the federal funds rate at 5-1/4 to 5-1/2 percent."
2024-05-01,neutral,"In considering any adjustments to the target range for the federal funds rate, the Committee will carefully assess incoming data, the evolving outlook, and the balance of risks."
2024-05-01,hawkish,The Committee does not expect it will be appropriate to reduce the target range until it has gained greater confidence that inflation is moving sustainably toward 2 percent.
2024-05-01,hawkish,"In addition, the Committee will continue reducing its holdings of Treasury securities and agency debt and agency mortgageâbacked securities."
2024-05-01,dovish,"Beginning in June, the Committee will slow the pace of decline of its securities holdings by reducing the monthly redemption cap on Treasury securities from $60 billion to $25 billion."
2024-05-01,dovish,The Committee will maintain the monthly redemption cap on agency debt and agency mortgageâbacked securities at $35 billion and will reinvest any principal payments in excess of this cap into Treasury securities.
2024-05-01,dovish,The Committee is strongly committed to returning inflation to its 2 percent objective.
2024-05-01,neutral,"In assessing the appropriate stance of monetary policy, the Committee will continue to monitor the implications of incoming information for the economic outlook."
2024-05-01,neutral,The Committee would be prepared to adjust the stance of monetary policy as appropriate if risks emerge that could impede the attainment of the Committee's goals.
2024-05-01,neutral,"The Committee's assessments will take into account a wide range of information, including readings on labor market conditions, inflation pressures and inflation expectations, and financial and international developments."
2024-05-01,neutral,Mester; and Christopher J.
2024-06-12,hawkish,"Job gains have remained strong, and the unemployment rate has remained low."
2024-06-12,hawkish,Inflation has eased over the past year but remains elevated.
2024-06-12,dovish,"In recent months, there has been modest further progress toward the Committee's 2 percent inflation objective."
2024-06-12,dovish,The Committee seeks to achieve maximum employment and inflation at the rate of 2 percent over the longer run.
2024-06-12,neutral,The Committee judges that the risks to achieving its employment and inflation goals have moved toward better balance over the past year.
2024-06-12,neutral,"The economic outlook is uncertain, and the Committee remains highly attentive to inflation risks."
2024-06-12,dovish,"In support of its goals, the Committee decided to maintain the target range for the federal funds rate at 5-1/4 to 5-1/2 percent."
2024-06-12,neutral,"In considering any adjustments to the target range for the federal funds rate, the Committee will carefully assess incoming data, the evolving outlook, and the balance of risks."
2024-06-12,hawkish,The Committee does not expect it will be appropriate to reduce the target range until it has gained greater confidence that inflation is moving sustainably toward 2 percent.
2024-06-12,hawkish,"In addition, the Committee will continue reducing its holdings of Treasury securities and agency debt and agency mortgageâbacked securities."
2024-06-12,dovish,The Committee is strongly committed to returning inflation to its 2 percent objective.
2024-06-12,neutral,"In assessing the appropriate stance of monetary policy, the Committee will continue to monitor the implications of incoming information for the economic outlook."
2024-06-12,neutral,The Committee would be prepared to adjust the stance of monetary policy as appropriate if risks emerge that could impede the attainment of the Committee's goals.
2024-06-12,neutral,"The Committee's assessments will take into account a wide range of information, including readings on labor market conditions, inflation pressures and inflation expectations, and financial and international developments."
2024-06-12,neutral,Mester; and Christopher J.
2024-07-31,hawkish,"Job gains have moderated, and the unemployment rate has moved up but remains low."
2024-07-31,hawkish,Inflation has eased over the past year but remains somewhat elevated.
2024-07-31,dovish,"In recent months, there has been some further progress toward the Committee's 2 percent inflation objective."
2024-07-31,dovish,The Committee seeks to achieve maximum employment and inflation at the rate of 2 percent over the longer run.
2024-07-31,neutral,The Committee judges that the risks to achieving its employment and inflation goals continue to move into better balance.
2024-07-31,neutral,"The economic outlook is uncertain, and the Committee is attentive to the risks to both sides of its dual mandate."
2024-07-31,dovish,"In support of its goals, the Committee decided to maintain the target range for the federal funds rate at 5-1/4 to 5-1/2 percent."
2024-07-31,neutral,"In considering any adjustments to the target range for the federal funds rate, the Committee will carefully assess incoming data, the evolving outlook, and the balance of risks."
2024-07-31,hawkish,The Committee does not expect it will be appropriate to reduce the target range until it has gained greater confidence that inflation is moving sustainably toward 2 percent.
2024-07-31,hawkish,"In addition, the Committee will continue reducing its holdings of Treasury securities and agency debt and agency mortgageâbacked securities."
2024-07-31,dovish,The Committee is strongly committed to returning inflation to its 2 percent objective.
2024-07-31,neutral,"In assessing the appropriate stance of monetary policy, the Committee will continue to monitor the implications of incoming information for the economic outlook."
2024-07-31,neutral,The Committee would be prepared to adjust the stance of monetary policy as appropriate if risks emerge that could impede the attainment of the Committee's goals.
2024-07-31,neutral,"The Committee's assessments will take into account a wide range of information, including readings on labor market conditions, inflation pressures and inflation expectations, and financial and international developments."
2024-07-31,neutral,Kugler; and Christopher J.
2024-07-31,neutral,Goolsbee voted as an alternate member at this meeting.
2024-09-18,dovish,"Job gains have slowed, and the unemployment rate has moved up but remains low."
2024-09-18,hawkish,Inflation has made further progress toward the Committee's 2 percent objective but remains somewhat elevated.
2024-09-18,dovish,The Committee seeks to achieve maximum employment and inflation at the rate of 2 percent over the longer run.
2024-09-18,neutral,"The Committee has gained greater confidence that inflation is moving sustainably toward 2 percent, and judges that the risks to achieving its employment and inflation goals are roughly in balance."
2024-09-18,neutral,"The economic outlook is uncertain, and the Committee is attentive to the risks to both sides of its dual mandate."
2024-09-18,dovish,"In light of the progress on inflation and the balance of risks, the Committee decided to lower the target range for the federal funds rate by 1/2 percentage point to 4-3/4 to 5 percent."
2024-09-18,neutral,"In considering additional adjustments to the target range for the federal funds rate, the Committee will carefully assess incoming data, the evolving outlook, and the balance of risks."
2024-09-18,hawkish,The Committee will continue reducing its holdings of Treasury securities and agency debt and agency mortgageâbacked securities.
2024-09-18,dovish,The Committee is strongly committed to supporting maximum employment and returning inflation to its 2 percent objective.
2024-09-18,neutral,"In assessing the appropriate stance of monetary policy, the Committee will continue to monitor the implications of incoming information for the economic outlook."
2024-09-18,neutral,The Committee would be prepared to adjust the stance of monetary policy as appropriate if risks emerge that could impede the attainment of the Committee's goals.
2024-09-18,neutral,"The Committee's assessments will take into account a wide range of information, including readings on labor market conditions, inflation pressures and inflation expectations, and financial and international developments."
2024-09-18,neutral,Kugler; and Christopher J.
2024-09-18,dovish,"Bowman, who preferred to lower the target range for the federal funds rate by 1/4 percentage point at this meeting."
2024-11-07,dovish,"Since earlier in the year, labor market conditions have generally eased, and the unemployment rate has moved up but remains low."
2024-11-07,hawkish,Inflation has made progress toward the Committee's 2 percent objective but remains somewhat elevated.
2024-11-07,dovish,The Committee seeks to achieve maximum employment and inflation at the rate of 2 percent over the longer run.
2024-11-07,neutral,The Committee judges that the risks to achieving its employment and inflation goals are roughly in balance.
2024-11-07,neutral,"The economic outlook is uncertain, and the Committee is attentive to the risks to both sides of its dual mandate."
2024-11-07,dovish,"In support of its goals, the Committee decided to lower the target range for the federal funds rate by 1/4 percentage point to 4-1/2 to 4-3/4 percent."
2024-11-07,neutral,"In considering additional adjustments to the target range for the federal funds rate, the Committee will carefully assess incoming data, the evolving outlook, and the balance of risks."
2024-11-07,hawkish,The Committee will continue reducing its holdings of Treasury securities and agency debt and agency mortgageâbacked securities.
2024-11-07,dovish,The Committee is strongly committed to supporting maximum employment and returning inflation to its 2 percent objective.
2024-11-07,neutral,"In assessing the appropriate stance of monetary policy, the Committee will continue to monitor the implications of incoming information for the economic outlook."
2024-11-07,neutral,The Committee would be prepared to adjust the stance of monetary policy as appropriate if risks emerge that could impede the attainment of the Committee's goals.
2024-11-07,neutral,"The Committee's assessments will take into account a wide range of information, including readings on labor market conditions, inflation pressures and inflation expectations, and financial and international developments."
2024-11-07,neutral,Kugler; and Christopher J.
2024-12-18,dovish,"Since earlier in the year, labor market conditions have generally eased, and the unemployment rate has moved up but remains low."
2024-12-18,hawkish,Inflation has made progress toward the Committee's 2 percent objective but remains somewhat elevated.
2024-12-18,dovish,The Committee seeks to achieve maximum employment and inflation at the rate of 2 percent over the longer run.
2024-12-18,neutral,The Committee judges that the risks to achieving its employment and inflation goals are roughly in balance.
2024-12-18,neutral,"The economic outlook is uncertain, and the Committee is attentive to the risks to both sides of its dual mandate."
2024-12-18,dovish,"In support of its goals, the Committee decided to lower the target range for the federal funds rate by 1/4 percentage point to 4-1/4 to 4-1/2 percent."
2024-12-18,neutral,"In considering the extent and timing of additional adjustments to the target range for the federal funds rate, the Committee will carefully assess incoming data, the evolving outlook, and the balance of risks."
2024-12-18,hawkish,The Committee will continue reducing its holdings of Treasury securities and agency debt and agency mortgageâbacked securities.
2024-12-18,dovish,The Committee is strongly committed to supporting maximum employment and returning inflation to its 2 percent objective.
2024-12-18,neutral,"In assessing the appropriate stance of monetary policy, the Committee will continue to monitor the implications of incoming information for the economic outlook."
2024-12-18,neutral,The Committee would be prepared to adjust the stance of monetary policy as appropriate if risks emerge that could impede the attainment of the Committee's goals.
2024-12-18,neutral,"The Committee's assessments will take into account a wide range of information, including readings on labor market conditions, inflation pressures and inflation expectations, and financial and international developments."
2024-12-18,neutral,Kugler; and Christopher J.
2024-12-18,neutral,"Hammack, who preferred to maintain the target range for the federal funds rate at 4-1/2 to 4-3/4 percent."
2025-01-29,hawkish,"The unemployment rate has stabilized at a low level in recent months, and labor market conditions remain solid."
2025-01-29,hawkish,Inflation remains somewhat elevated.
2025-01-29,dovish,The Committee seeks to achieve maximum employment and inflation at the rate of 2 percent over the longer run.
2025-01-29,neutral,The Committee judges that the risks to achieving its employment and inflation goals are roughly in balance.
2025-01-29,neutral,"The economic outlook is uncertain, and the Committee is attentive to the risks to both sides of its dual mandate."
2025-01-29,dovish,"In support of its goals, the Committee decided to maintain the target range for the federal funds rate at 4-1/4 to 4-1/2 percent."
2025-01-29,neutral,"In considering the extent and timing of additional adjustments to the target range for the federal funds rate, the Committee will carefully assess incoming data, the evolving outlook, and the balance of risks."
2025-01-29,hawkish,The Committee will continue reducing its holdings of Treasury securities and agency debt and agency mortgageâbacked securities.
2025-01-29,dovish,The Committee is strongly committed to supporting maximum employment and returning inflation to its 2 percent objective.
2025-01-29,neutral,"In assessing the appropriate stance of monetary policy, the Committee will continue to monitor the implications of incoming information for the economic outlook."
2025-01-29,neutral,The Committee would be prepared to adjust the stance of monetary policy as appropriate if risks emerge that could impede the attainment of the Committee's goals.
2025-01-29,neutral,"The Committee's assessments will take into account a wide range of information, including readings on labor market conditions, inflation pressures and inflation expectations, and financial and international developments."
2025-01-29,neutral,Schmid; and Christopher J.
2025-03-19,hawkish,"The unemployment rate has stabilized at a low level in recent months, and labor market conditions remain solid."
2025-03-19,hawkish,Inflation remains somewhat elevated.
2025-03-19,dovish,The Committee seeks to achieve maximum employment and inflation at the rate of 2 percent over the longer run.
2025-03-19,neutral,Uncertainty around the economic outlook has increased.
2025-03-19,neutral,The Committee is attentive to the risks to both sides of its dual mandate.
2025-03-19,dovish,"In support of its goals, the Committee decided to maintain the target range for the federal funds rate at 4-1/4 to 4-1/2 percent."
2025-03-19,neutral,"In considering the extent and timing of additional adjustments to the target range for the federal funds rate, the Committee will carefully assess incoming data, the evolving outlook, and the balance of risks."
2025-03-19,hawkish,The Committee will continue reducing its holdings of Treasury securities and agency debt and agency mortgageâbacked securities.
2025-03-19,dovish,"Beginning in April, the Committee will slow the pace of decline of its securities holdings by reducing the monthly redemption cap on Treasury securities from $25 billion to $5 billion."
2025-03-19,dovish,The Committee will maintain the monthly redemption cap on agency debt and agency mortgage-backed securities at $35 billion.
2025-03-19,dovish,The Committee is strongly committed to supporting maximum employment and returning inflation to its 2 percent objective.
2025-03-19,neutral,"In assessing the appropriate stance of monetary policy, the Committee will continue to monitor the implications of incoming information for the economic outlook."
2025-03-19,neutral,The Committee would be prepared to adjust the stance of monetary policy as appropriate if risks emerge that could impede the attainment of the Committee's goals.
2025-03-19,neutral,"The Committee's assessments will take into account a wide range of information, including readings on labor market conditions, inflation pressures and inflation expectations, and financial and international developments."
2025-03-19,dovish,"Waller, who supported no change for the federal funds target range but preferred to continue the current pace of decline in securities holdings."
2025-05-07,hawkish,"The unemployment rate has stabilized at a low level in recent months, and labor market conditions remain solid."
2025-05-07,hawkish,Inflation remains somewhat elevated.
2025-05-07,dovish,The Committee seeks to achieve maximum employment and inflation at the rate of 2 percent over the longer run.
2025-05-07,neutral,Uncertainty about the economic outlook has increased further.
2025-05-07,hawkish,The Committee is attentive to the risks to both sides of its dual mandate and judges that the risks of higher unemployment and higher inflation have risen.
2025-05-07,dovish,"In support of its goals, the Committee decided to maintain the target range for the federal funds rate at 4-1/4 to 4-1/2 percent."
2025-05-07,neutral,"In considering the extent and timing of additional adjustments to the target range for the federal funds rate, the Committee will carefully assess incoming data, the evolving outlook, and the balance of risks."
2025-05-07,hawkish,The Committee will continue reducing its holdings of Treasury securities and agency debt and agency mortgageâbacked securities.
2025-05-07,dovish,The Committee is strongly committed to supporting maximum employment and returning inflation to its 2 percent objective.
2025-05-07,neutral,"In assessing the appropriate stance of monetary policy, the Committee will continue to monitor the implications of incoming information for the economic outlook."
2025-05-07,neutral,The Committee would be prepared to adjust the stance of monetary policy as appropriate if risks emerge that could impede the attainment of the Committee's goals.
2025-05-07,neutral,"The Committee's assessments will take into account a wide range of information, including readings on labor market conditions, inflation pressures and inflation expectations, and financial and international developments."
2025-05-07,neutral,Musalem; and Christopher J.
2025-05-07,neutral,Neel Kashkari voted as an alternate member at this meeting.
2025-06-18,hawkish,"The unemployment rate remains low, and labor market conditions remain solid."
2025-06-18,hawkish,Inflation remains somewhat elevated.
2025-06-18,dovish,The Committee seeks to achieve maximum employment and inflation at the rate of 2 percent over the longer run.
2025-06-18,neutral,Uncertainty about the economic outlook has diminished but remains elevated.
2025-06-18,neutral,The Committee is attentive to the risks to both sides of its dual mandate.
2025-06-18,dovish,"In support of its goals, the Committee decided to maintain the target range for the federal funds rate at 4-1/4 to 4-1/2 percent."
2025-06-18,neutral,"In considering the extent and timing of additional adjustments to the target range for the federal funds rate, the Committee will carefully assess incoming data, the evolving outlook, and the balance of risks."
2025-06-18,hawkish,The Committee will continue reducing its holdings of Treasury securities and agency debt and agency mortgageâbacked securities.
2025-06-18,dovish,The Committee is strongly committed to supporting maximum employment and returning inflation to its 2 percent objective.
2025-06-18,neutral,"In assessing the appropriate stance of monetary policy, the Committee will continue to monitor the implications of incoming information for the economic outlook."
2025-06-18,neutral,The Committee would be prepared to adjust the stance of monetary policy as appropriate if risks emerge that could impede the attainment of the Committee's goals.
2025-06-18,neutral,"The Committee's assessments will take into account a wide range of information, including readings on labor market conditions, inflation pressures and inflation expectations, and financial and international developments."
2025-06-18,neutral,Schmid; and Christopher J.
2025-07-30,hawkish,"The unemployment rate remains low, and labor market conditions remain solid."
2025-07-30,hawkish,Inflation remains somewhat elevated.
2025-07-30,dovish,The Committee seeks to achieve maximum employment and inflation at the rate of 2 percent over the longer run.
2025-07-30,neutral,Uncertainty about the economic outlook remains elevated.
2025-07-30,neutral,The Committee is attentive to the risks to both sides of its dual mandate.
2025-07-30,dovish,"In support of its goals, the Committee decided to maintain the target range for the federal funds rate at 4-1/4 to 4-1/2 percent."
2025-07-30,neutral,"In considering the extent and timing of additional adjustments to the target range for the federal funds rate, the Committee will carefully assess incoming data, the evolving outlook, and the balance of risks."
2025-07-30,hawkish,The Committee will continue reducing its holdings of Treasury securities and agency debt and agency mortgageâbacked securities.
2025-07-30,dovish,The Committee is strongly committed to supporting maximum employment and returning inflation to its 2 percent objective.
2025-07-30,neutral,"In assessing the appropriate stance of monetary policy, the Committee will continue to monitor the implications of incoming information for the economic outlook."
2025-07-30,neutral,The Committee would be prepared to adjust the stance of monetary policy as appropriate if risks emerge that could impede the attainment of the Committee's goals.
2025-07-30,neutral,"The Committee's assessments will take into account a wide range of information, including readings on labor market conditions, inflation pressures and inflation expectations, and financial and international developments."
2025-07-30,dovish,"Waller, who preferred to lower the target range for the federal funds rate by 1/4 percentage point at this meeting."
2025-07-30,neutral,Absent and not voting was Adriana D.
2025-09-17,dovish,"Job gains have slowed, and the unemployment rate has edged up but remains low."
2025-09-17,hawkish,Inflation has moved up and remains somewhat elevated.
2025-09-17,dovish,The Committee seeks to achieve maximum employment and inflation at the rate of 2 percent over the longer run.
2025-09-17,neutral,Uncertainty about the economic outlook remains elevated.
2025-09-17,dovish,The Committee is attentive to the risks to both sides of its dual mandate and judges that downside risks to employment have risen.
2025-09-17,dovish,"In support of its goals and in light of the shift in the balance of risks, the Committee decided to lower the target range for the federal funds rate by 1/4 percentage point to 4 to 4â1/4 percent."
2025-09-17,neutral,"In considering additional adjustments to the target range for the federal funds rate, the Committee will carefully assess incoming data, the evolving outlook, and the balance of risks."
2025-09-17,hawkish,The Committee will continue reducing its holdings of Treasury securities and agency debt and agency mortgageâbacked securities.
2025-09-17,dovish,The Committee is strongly committed to supporting maximum employment and returning inflation to its 2 percent objective.
2025-09-17,neutral,"In assessing the appropriate stance of monetary policy, the Committee will continue to monitor the implications of incoming information for the economic outlook."
2025-09-17,neutral,The Committee would be prepared to adjust the stance of monetary policy as appropriate if risks emerge that could impede the attainment of the Committee's goals.
2025-09-17,neutral,"The Committee's assessments will take into account a wide range of information, including readings on labor market conditions, inflation pressures and inflation expectations, and financial and international developments."
2025-09-17,neutral,Schmid; and Christopher J.
2025-09-17,dovish,"Miran, who preferred to lower the target range for the federal funds rate by 1/2 percentage point at this meeting."
2025-10-29,dovish,"Job gains have slowed this year, and the unemployment rate has edged up but remained low through August; more recent indicators are consistent with these developments."
2025-10-29,hawkish,Inflation has moved up since earlier in the year and remains somewhat elevated.
2025-10-29,dovish,The Committee seeks to achieve maximum employment and inflation at the rate of 2 percent over the longer run.
2025-10-29,neutral,Uncertainty about the economic outlook remains elevated.
2025-10-29,dovish,The Committee is attentive to the risks to both sides of its dual mandate and judges that downside risks to employment rose in recent months.
2025-10-29,dovish,"In support of its goals and in light of the shift in the balance of risks, the Committee decided to lower the target range for the federal funds rate by 1/4 percentage point to 3-3/4 to 4 percent."
2025-10-29,neutral,"In considering additional adjustments to the target range for the federal funds rate, the Committee will carefully assess incoming data, the evolving outlook, and the balance of risks."
2025-10-29,neutral,The Committee decided to conclude the reduction of its aggregate securities holdings on December 1.
2025-10-29,dovish,The Committee is strongly committed to supporting maximum employment and returning inflation to its 2 percent objective.
2025-10-29,neutral,"In assessing the appropriate stance of monetary policy, the Committee will continue to monitor the implications of incoming information for the economic outlook."
2025-10-29,neutral,The Committee would be prepared to adjust the stance of monetary policy as appropriate if risks emerge that could impede the attainment of the Committee's goals.
2025-10-29,neutral,"The Committee's assessments will take into account a wide range of information, including readings on labor market conditions, inflation pressures and inflation expectations, and financial and international developments."
2025-10-29,neutral,Musalem; and Christopher J.
2025-10-29,dovish,"Miran, who preferred to lower the target range for the federal funds rate by 1/2 percentage point at this meeting, and Jeffrey R."
2025-10-29,neutral,"Schmid, who preferred no change to the target range for the federal funds rate at this meeting."
2025-12-10,dovish,"Job gains have slowed this year, and the unemployment rate has edged up through September."
2025-12-10,neutral,More recent indicators are consistent with these developments.
2025-12-10,hawkish,Inflation has moved up since earlier in the year and remains somewhat elevated.
2025-12-10,dovish,The Committee seeks to achieve maximum employment and inflation at the rate of 2 percent over the longer run.
2025-12-10,neutral,Uncertainty about the economic outlook remains elevated.
2025-12-10,dovish,The Committee is attentive to the risks to both sides of its dual mandate and judges that downside risks to employment rose in recent months.
2025-12-10,dovish,"In support of its goals and in light of the shift in the balance of risks, the Committee decided to lower the target range for the federal funds rate by 1/4 percentage point to 3-1/2 to 3â3/4 percent."
2025-12-10,neutral,"In considering the extent and timing of additional adjustments to the target range for the federal funds rate, the Committee will carefully assess incoming data, the evolving outlook, and the balance of risks."
2025-12-10,dovish,The Committee is strongly committed to supporting maximum employment and returning inflation to its 2 percent objective.
2025-12-10,neutral,"In assessing the appropriate stance of monetary policy, the Committee will continue to monitor the implications of incoming information for the economic outlook."
2025-12-10,neutral,The Committee would be prepared to adjust the stance of monetary policy as appropriate if risks emerge that could impede the attainment of the Committee's goals.
2025-12-10,neutral,"The Committee's assessments will take into account a wide range of information, including readings on labor market conditions, inflation pressures and inflation expectations, and financial and international developments."
2025-12-10,dovish,The Committee judges that reserve balances have declined to ample levels and will initiate purchases of shorter-term Treasury securities as needed to maintain an ample supply of reserves on an ongoing basis.
2025-12-10,neutral,Musalem; and Christopher J.
2025-12-10,dovish,"Miran, who preferred to lower the target range for the federal funds rate by 1/2 percentage point at this meeting; and Austan D."
2025-12-10,neutral,"Schmid, who preferred no change to the target range for the federal funds rate at this meeting."
2026-01-28,dovish,"Job gains have remained low, and the unemployment rate has shown some signs of stabilization."
2026-01-28,hawkish,Inflation remains somewhat elevated.
2026-01-28,dovish,The Committee seeks to achieve maximum employment and inflation at the rate of 2 percent over the longer run.
2026-01-28,neutral,Uncertainty about the economic outlook remains elevated.
2026-01-28,neutral,The Committee is attentive to the risks to both sides of its dual mandate.
2026-01-28,dovish,"In support of its goals, the Committee decided to maintain the target range for the federal funds rate at 3â1/2 to 3â3/4 percent."
2026-01-28,neutral,"In considering the extent and timing of additional adjustments to the target range for the federal funds rate, the Committee will carefully assess incoming data, the evolving outlook, and the balance of risks."
2026-01-28,dovish,The Committee is strongly committed to supporting maximum employment and returning inflation to its 2 percent objective.
2026-01-28,neutral,"In assessing the appropriate stance of monetary policy, the Committee will continue to monitor the implications of incoming information for the economic outlook."
2026-01-28,neutral,The Committee would be prepared to adjust the stance of monetary policy as appropriate if risks emerge that could impede the attainment of the Committee's goals.
2026-01-28,neutral,"The Committee's assessments will take into account a wide range of information, including readings on labor market conditions, inflation pressures and inflation expectations, and financial and international developments."
2026-01-28,dovish,"Waller, who preferred to lower the target range for the federal funds rate by 1/4 percentage point at this meeting."
2026-03-18,neutral,"Job gains have remained low, and the unemployment rate has been little changed in recent months."
2026-03-18,hawkish,Inflation remains somewhat elevated.
2026-03-18,dovish,The Committee seeks to achieve maximum employment and inflation at the rate of 2 percent over the longer run.
2026-03-18,neutral,Uncertainty about the economic outlook remains elevated.
2026-03-18,neutral,The implications of developments in the Middle East for the U.S. economy are uncertain.
2026-03-18,neutral,The Committee is attentive to the risks to both sides of its dual mandate.
2026-03-18,dovish,"In support of its goals, the Committee decided to maintain the target range for the federal funds rate at 3â1/2 to 3â3/4 percent."
2026-03-18,neutral,"In considering the extent and timing of additional adjustments to the target range for the federal funds rate, the Committee will carefully assess incoming data, the evolving outlook, and the balance of risks."
2026-03-18,dovish,The Committee is strongly committed to supporting maximum employment and returning inflation to its 2 percent objective.
2026-03-18,neutral,"In assessing the appropriate stance of monetary policy, the Committee will continue to monitor the implications of incoming information for the economic outlook."
2026-03-18,neutral,The Committee would be prepared to adjust the stance of monetary policy as appropriate if risks emerge that could impede the attainment of the Committee's goals.
2026-03-18,neutral,"The Committee's assessments will take into account a wide range of information, including readings on labor market conditions, inflation pressures and inflation expectations, and financial and international developments."
2026-03-18,neutral,Anna Paulson; and Christopher J.
2026-03-18,dovish,"Miran, who preferred to lower the target range for the federal funds rate by 1/4 percentage point at this meeting."
2026-04-29,neutral,"Job gains have remained low, on average, and the unemployment rate has been little changed in recent months."
2026-04-29,hawkish,"Inflation is elevated, in part reflecting the recent increase in global energy prices."
2026-04-29,dovish,The Committee seeks to achieve maximum employment and inflation at the rate of 2 percent over the longer run.
2026-04-29,neutral,Developments in the Middle East are contributing to a high level of uncertainty about the economic outlook.
2026-04-29,neutral,The Committee is attentive to the risks to both sides of its dual mandate.
2026-04-29,dovish,"In support of its goals, the Committee decided to maintain the target range for the federal funds rate at 3â1/2 to 3â3/4 percent."
2026-04-29,neutral,"In considering the extent and timing of additional adjustments to the target range for the federal funds rate, the Committee will carefully assess incoming data, the evolving outlook, and the balance of risks."
2026-04-29,dovish,The Committee is strongly committed to supporting maximum employment and returning inflation to its 2 percent objective.
2026-04-29,neutral,"In assessing the appropriate stance of monetary policy, the Committee will continue to monitor the implications of incoming information for the economic outlook."
2026-04-29,neutral,The Committee would be prepared to adjust the stance of monetary policy as appropriate if risks emerge that could impede the attainment of the Committee's goals.
2026-04-29,neutral,"The Committee's assessments will take into account a wide range of information, including readings on labor market conditions, inflation pressures and inflation expectations, and financial and international developments."
2026-04-29,neutral,Anna Paulson; and Christopher J.
2026-04-29,dovish,"Miran, who preferred to lower the target range for the federal funds rate by 1/4 percentage point at this meeting; and Beth M."
2026-04-29,neutral,"Hammack, Neel Kashkari, and Lorie K."
2026-04-29,dovish,"Logan, who supported maintaining the target range for the federal funds rate but did not support inclusion of an easing bias in the statement at this time."
2026-06-17,dovish,The Committee reaffirmed its policy of maintaining ample reserves in the banking system.
2026-06-17,neutral,"Economic activity is expanding at a solid pace despite elevated uncertainty that owes, in part, to the conflict in the Middle East."
2026-06-17,neutral,Productivity growth and capital investment are strong.
2026-06-17,neutral,"Job gains have kept pace with the workforce, and the unemployment rate has changed little."
2026-06-17,hawkish,"Inflation remains elevated relative to the Committee's 2 percent goal, in part reflecting supply shocks that have driven price increases in certain sectors, including energy."
2026-06-17,hawkish,The Committee will deliver price stability.
2026-07-29,dovish,The Committee is continuing its policy of maintaining ample reserves in the banking system.
2026-07-29,neutral,"Economic activity is expanding at a solid pace despite elevated uncertainty that owes, in part, to the conflict in the Middle East."
2026-07-29,neutral,Productivity growth and capital investment are strong.
2026-07-29,neutral,"Job gains have kept pace with the workforce, and the unemployment rate has changed little."
2026-07-29,hawkish,"Inflation remains elevated relative to the Committee's 2 percent goal, in part reflecting supply shocks that have driven price increases in certain sectors, including energy."
2026-07-29,hawkish,The Committee will deliver price stability.
2026-07-29,neutral,"Hammack, Neel Kashkari, and Lorie K."
2026-07-29,hawkish,"Logan, who preferred to raise the target range for the federal funds rate by 1/4 percentage point at this meeting."
