date,count,norm,tone
2017-01-01,420.0,427906.0,-0.3359
2017-01-02,779.0,592774.0,0.4592
2017-01-03,2450.0,757916.0,0.6459
2017-01-04,2804.0,822862.0,0.5385
2017-01-05,4482.0,830028.0,0.5405
2017-01-06,3394.0,766969.0,0.0423
2017-01-07,1353.0,520691.0,-0.0766
2017-01-08,1060.0,488784.0,-0.2104
2017-01-09,1656.0,813487.0,0.4359
2017-01-10,2242.0,884856.0,0.1447
2017-01-11,2372.0,879968.0,-0.6913
2017-01-12,2433.0,873198.0,-0.3799
2017-01-13,1877.0,847105.0,-0.1575
2017-01-14,792.0,538257.0,-0.0564
2017-01-15,630.0,485270.0,-0.2104
2017-01-16,1117.0,778396.0,0.4978
2017-01-17,1679.0,872725.0,0.3291
2017-01-18,1973.0,903497.0,-0.4643
2017-01-19,1533.0,897136.0,0.5131
2017-01-20,1657.0,840244.0,-0.1168
2017-01-21,836.0,542714.0,-0.8724
2017-01-22,664.0,507306.0,-0.7175
2017-01-23,1257.0,816816.0,-0.4422
2017-01-24,1705.0,882520.0,0.274
2017-01-25,1578.0,888646.0,0.591
2017-01-26,1865.0,850165.0,0.0819
2017-01-27,2378.0,814253.0,0.4188
2017-01-28,566.0,540104.0,0.3828
2017-01-29,590.0,492134.0,-0.1698
2017-01-30,1276.0,800343.0,-0.0655
2017-01-31,1256.0,866957.0,0.4547
2017-02-01,1860.0,877514.0,0.8873
2017-02-02,1947.0,878535.0,0.5958
2017-02-03,1551.0,849054.0,0.42
2017-02-04,736.0,547610.0,0.1371
2017-02-05,627.0,489387.0,0.5275
2017-02-06,2539.0,810397.0,-0.0111
2017-02-07,2089.0,886593.0,0.1322
2017-02-08,1964.0,908408.0,0.5446
2017-02-09,2226.0,895654.0,0.1969
2017-02-10,2238.0,851022.0,-0.0799
2017-02-11,1319.0,535178.0,-0.4301
2017-02-12,926.0,501551.0,-0.7424
2017-02-13,1492.0,828201.0,0.4233
2017-02-14,2287.0,888105.0,-0.3135
2017-02-15,2473.0,902442.0,-0.2512
2017-02-16,2730.0,899621.0,-0.5586
2017-02-17,2890.0,845037.0,-0.5562
2017-02-18,1226.0,546303.0,-0.7541
2017-02-19,1067.0,492129.0,-0.9799
2017-02-20,1940.0,770453.0,-0.537
2017-02-21,2329.0,863510.0,0.0698
2017-02-22,2557.0,896676.0,0.1778
2017-02-23,2526.0,882237.0,0.2248
2017-02-24,2582.0,831927.0,-0.5949
2017-02-25,1454.0,537968.0,-1.5547
2017-02-26,1565.0,490789.0,-0.4697
2017-02-27,2841.0,801362.0,0.239
2017-02-28,2492.0,845987.0,0.2043
2017-03-01,4382.0,891852.0,-0.0572
2017-03-02,2785.0,884489.0,-0.0399
2017-03-03,3020.0,826318.0,0.412
2017-03-04,1170.0,534735.0,-0.3601
2017-03-05,915.0,482946.0,-0.8703
2017-03-06,1928.0,814270.0,-0.0397
2017-03-07,2784.0,877288.0,-0.0893
2017-03-08,2910.0,875771.0,-0.1854
2017-03-09,2885.0,884687.0,0.0157
2017-03-10,3320.0,841988.0,-0.1854
2017-03-11,1614.0,532499.0,-0.4414
2017-03-12,768.0,478177.0,-0.321
2017-03-13,3509.0,774347.0,0.1773
2017-03-14,2981.0,846836.0,0.3092
2017-03-15,2809.0,856685.0,-0.5205
2017-03-16,2795.0,892032.0,-0.1961
2017-03-17,2611.0,824348.0,-0.0721
2017-03-18,1053.0,504221.0,-0.3411
2017-03-19,749.0,447313.0,-0.564
2017-03-20,2230.0,722253.0,-0.2015
2017-03-21,2484.0,817880.0,-0.1168
2017-03-22,2561.0,810708.0,-0.184
2017-03-23,2701.0,773991.0,-0.7592
2017-03-24,2739.0,763095.0,-0.3529
2017-03-25,1443.0,488516.0,-1.5225
2017-03-26,714.0,451618.0,-0.5839
2017-03-27,1941.0,715700.0,-0.183
2017-03-28,2703.0,813645.0,-0.4476
2017-03-29,2388.0,862935.0,-0.041
2017-03-30,2447.0,849617.0,0.1829
2017-03-31,2333.0,802523.0,-0.3441
2017-04-01,1246.0,492104.0,-0.5074
2017-04-02,950.0,451222.0,-0.6187
2017-04-03,1870.0,752077.0,0.0101
2017-04-04,2436.0,803101.0,-0.2605
2017-04-05,2316.0,828653.0,-0.1634
2017-04-06,3026.0,806340.0,-1.2911
2017-04-07,2380.0,812309.0,-1.0299
2017-04-08,695.0,498778.0,0.2585
2017-04-09,536.0,465133.0,-0.1001
2017-04-10,1798.0,760184.0,-0.5668
2017-04-11,2250.0,823150.0,-0.402
2017-04-12,1824.0,818751.0,0.2619
2017-04-13,1788.0,804729.0,0.2314
2017-04-14,1446.0,604707.0,-0.2421
2017-04-15,646.0,466894.0,-0.4692
2017-04-16,408.0,433510.0,-0.2503
2017-04-17,1541.0,638778.0,0.4813
2017-04-18,1937.0,784482.0,0.4285
2017-04-19,1608.0,747158.0,0.4729
2017-04-20,1702.0,796608.0,0.2882
2017-04-21,1568.0,772343.0,0.0535
2017-04-22,652.0,457279.0,0.2
2017-04-23,551.0,433977.0,0.0962
2017-04-24,1570.0,712864.0,0.1999
2017-04-25,1869.0,802345.0,1.1273
2017-04-26,2036.0,796260.0,0.0962
2017-04-27,3107.0,825698.0,0.1229
2017-04-28,2540.0,752542.0,0.246
2017-04-29,823.0,493023.0,-0.0936
2017-04-30,566.0,427499.0,0.376
2017-05-01,1379.0,600759.0,0.1399
2017-05-02,2124.0,713808.0,0.3356
2017-05-03,2042.0,776343.0,0.3047
2017-05-04,2017.0,683863.0,0.3573
2017-05-05,1274.0,630955.0,0.2141
2017-05-06,664.0,455760.0,-0.0391
2017-05-07,513.0,426317.0,0.0778
2017-05-08,1747.0,679107.0,0.3246
2017-05-09,1949.0,708355.0,0.25
2017-05-10,3167.0,728743.0,-0.4161
2017-05-11,3091.0,715973.0,-0.418
2017-05-12,1798.0,716059.0,-0.1106
2017-05-13,850.0,462677.0,-0.2369
2017-05-14,546.0,421261.0,-0.1986
2017-05-15,1811.0,692695.0,-0.3063
2017-05-16,6434.0,744883.0,-1.2778
2017-05-17,3688.0,751132.0,-0.4514
2017-05-18,2499.0,810482.0,-0.2117
2017-05-19,1929.0,750116.0,-0.0726
2017-05-20,866.0,473050.0,-0.4762
2017-05-21,590.0,397009.0,-0.0898
2017-05-22,1848.0,703101.0,-0.0071
2017-05-23,2341.0,773334.0,-0.2231
2017-05-24,2744.0,720427.0,-0.6188
2017-05-25,2365.0,727556.0,-0.0111
2017-05-26,1627.0,712604.0,0.0372
2017-05-27,769.0,489464.0,0.0127
2017-05-28,820.0,448928.0,0.0616
2017-05-29,1109.0,605486.0,0.4635
2017-05-30,1926.0,661069.0,0.4096
2017-05-31,3841.0,745257.0,-0.4031
2017-06-01,3145.0,744295.0,-0.3582
2017-06-02,2086.0,724843.0,-0.1076
2017-06-03,860.0,451564.0,-0.2133
2017-06-04,565.0,429682.0,0.0721
2017-06-05,1955.0,703607.0,0.401
2017-06-06,1961.0,736228.0,0.431
2017-06-07,2394.0,735573.0,-0.1568
2017-06-08,2392.0,768985.0,0.1012
2017-06-09,2563.0,770400.0,-0.09
2017-06-10,1167.0,434080.0,-0.916
2017-06-11,714.0,430541.0,-0.4251
2017-06-12,2065.0,680435.0,-0.031
2017-06-13,2419.0,735151.0,0.263
2017-06-14,2124.0,788289.0,0.355
2017-06-15,1897.0,762286.0,0.2333
2017-06-16,1760.0,716460.0,0.0115
2017-06-17,700.0,440916.0,-0.2225
2017-06-18,592.0,439922.0,0.1614
2017-06-19,1579.0,689443.0,0.3942
2017-06-20,2263.0,712433.0,0.2074
2017-06-21,2306.0,760797.0,0.0113
2017-06-22,1906.0,711096.0,-0.3468
2017-06-23,1549.0,658889.0,0.1217
2017-06-24,710.0,467374.0,-0.205
2017-06-25,496.0,372431.0,-0.4328
2017-06-26,1340.0,603267.0,-0.0035
2017-06-27,2152.0,576105.0,-0.5872
2017-06-28,1809.0,617148.0,-0.12
2017-06-29,1546.0,564835.0,0.0186
2017-06-30,1252.0,585683.0,-0.6461
2017-07-01,572.0,396436.0,-0.0306
2017-07-02,346.0,371913.0,-0.1742
2017-07-03,771.0,556226.0,0.4596
2017-07-04,892.0,540275.0,-0.052
2017-07-05,1164.0,528369.0,0.0687
2017-07-06,1171.0,595517.0,-0.0904
2017-07-07,1546.0,566311.0,-0.4242
2017-07-08,610.0,403913.0,-0.0572
2017-07-09,575.0,376723.0,-0.5819
2017-07-10,1127.0,552863.0,0.2906
2017-07-11,1511.0,610662.0,0.435
2017-07-12,1527.0,628745.0,0.4455
2017-07-13,1520.0,582384.0,0.3535
2017-07-14,1247.0,559190.0,0.2821
2017-07-15,531.0,375192.0,-0.0833
2017-07-16,426.0,341556.0,-0.4131
2017-07-17,985.0,559265.0,0.0153
2017-07-18,1451.0,580912.0,0.1428
2017-07-19,1458.0,630581.0,0.4545
2017-07-20,1680.0,584050.0,0.5514
2017-07-21,1482.0,553851.0,0.3065
2017-07-22,934.0,402609.0,0.4356
2017-07-23,719.0,355763.0,0.5161
2017-07-24,1388.0,591647.0,0.0597
2017-07-25,2782.0,649693.0,-0.8989
2017-07-26,2180.0,607441.0,-0.5071
2017-07-27,2308.0,622922.0,0.4596
2017-07-28,1664.0,607879.0,0.1625
2017-07-29,662.0,438089.0,-0.0062
2017-07-30,571.0,399877.0,-0.2112
2017-07-31,1424.0,630566.0,0.231
2017-08-01,1556.0,645817.0,0.6201
2017-08-02,1611.0,690524.0,0.4785
2017-08-03,1541.0,638560.0,0.3579
2017-08-04,2009.0,635373.0,-0.9149
2017-08-05,1195.0,397022.0,-1.0853
2017-08-06,588.0,361365.0,-0.979
2017-08-07,1498.0,616868.0,0.3523
2017-08-08,1423.0,644359.0,-0.0645
2017-08-09,1674.0,649714.0,-0.3427
2017-08-10,1609.0,577925.0,-0.1374
2017-08-11,1645.0,577369.0,-0.4212
2017-08-12,619.0,407685.0,-0.2619
2017-08-13,421.0,361785.0,-0.3439
2017-08-14,1129.0,560000.0,-0.1821
2017-08-15,3957.0,640227.0,-3.1667
2017-08-16,3089.0,639190.0,-2.3229
2017-08-17,2119.0,658802.0,-1.3219
2017-08-18,1217.0,570503.0,-0.4468
2017-08-19,642.0,422148.0,-0.8101
2017-08-20,425.0,369867.0,-0.4938
2017-08-21,1385.0,597743.0,0.0999
2017-08-22,1406.0,611343.0,0.3051
2017-08-23,1331.0,650017.0,0.2886
2017-08-24,1437.0,265654.0,-0.1576
2017-08-25,1160.0,538796.0,-0.3158
2017-08-26,573.0,435928.0,-0.6881
2017-08-27,402.0,383250.0,-0.3047
2017-08-28,979.0,390043.0,0.0941
2017-08-29,1378.0,670206.0,0.027
2017-08-30,1879.0,682102.0,-0.0082
2017-08-31,1514.0,587787.0,0.1242
2017-09-01,1195.0,579761.0,0.1913
2017-09-02,567.0,417828.0,0.2242
2017-09-03,503.0,375844.0,0.0667
2017-09-04,814.0,537094.0,-0.1688
2017-09-05,1549.0,610794.0,-0.5411
2017-09-06,1581.0,683987.0,-0.3618
2017-09-07,1423.0,668171.0,0.0573
2017-09-08,1323.0,647998.0,-0.2005
2017-09-09,632.0,429960.0,-0.2478
2017-09-10,446.0,411500.0,0.0147
2017-09-11,1502.0,643116.0,-0.0529
2017-09-12,1497.0,698020.0,0.2427
2017-09-13,1681.0,679735.0,0.0629
2017-09-14,2222.0,684334.0,-0.463
2017-09-15,1370.0,568382.0,-0.7202
2017-09-16,711.0,408913.0,-0.4912
2017-09-17,580.0,402122.0,-0.2937
2017-09-18,1556.0,626067.0,0.3755
2017-09-19,1682.0,676489.0,0.3997
2017-09-20,1774.0,698366.0,0.2764
2017-09-21,2157.0,697649.0,0.0783
2017-09-22,1470.0,605271.0,0.1819
2017-09-23,718.0,443473.0,0.0777
2017-09-24,532.0,384082.0,-0.0703
2017-09-25,1709.0,651733.0,0.1396
2017-09-26,1989.0,652905.0,-0.0607
2017-09-27,1667.0,622285.0,0.2458
2017-09-28,1704.0,652886.0,0.2194
2017-09-29,1512.0,597897.0,-0.0762
2017-09-30,585.0,387916.0,0.1386
2017-10-01,536.0,348336.0,-0.3474
2017-10-02,1402.0,580615.0,-0.2775
2017-10-03,1531.0,657347.0,0.423
2017-10-04,1659.0,589476.0,0.1274
2017-10-05,1747.0,655879.0,-0.3108
2017-10-06,1493.0,575176.0,0.0256
2017-10-07,623.0,415685.0,0.05
2017-10-08,506.0,387895.0,-0.2936
2017-10-09,1390.0,641327.0,-0.0096
2017-10-10,2018.0,635922.0,0.1505
2017-10-11,1757.0,675532.0,0.2478
2017-10-12,1627.0,684010.0,0.1751
2017-10-13,1819.0,661628.0,-0.3529
2017-10-14,751.0,415407.0,-0.5726
2017-10-15,506.0,408069.0,-0.1257
2017-10-16,1121.0,601534.0,0.1533
2017-10-17,2038.0,719074.0,0.3595
2017-10-18,1782.0,645581.0,0.3991
2017-10-19,1741.0,706615.0,0.0522
2017-10-20,1612.0,705739.0,0.4576
2017-10-21,650.0,420431.0,-0.2626
2017-10-22,552.0,426803.0,-0.1759
2017-10-23,1482.0,691172.0,0.3209
2017-10-24,1978.0,701093.0,0.4851
2017-10-25,2103.0,707073.0,0.1455
2017-10-26,2544.0,748252.0,0.2288
2017-10-27,2427.0,662645.0,0.3207
2017-10-28,828.0,430856.0,0.0334
2017-10-29,725.0,402275.0,-0.0213
2017-10-30,2279.0,648194.0,-0.3369
2017-10-31,2777.0,713776.0,-0.3702
2017-11-01,2058.0,705234.0,-0.2157
2017-11-02,1970.0,680334.0,0.1977
2017-11-03,2354.0,696481.0,-0.1651
2017-11-04,721.0,426894.0,-0.084
2017-11-05,654.0,393052.0,-0.1412
2017-11-06,2522.0,659873.0,-0.0412
2017-11-07,2802.0,733233.0,-0.131
2017-11-08,2217.0,708394.0,0.3746
2017-11-09,2891.0,730383.0,-0.0185
2017-11-10,2170.0,687141.0,-0.0166
2017-11-11,1007.0,426572.0,-0.2679
2017-11-12,911.0,402133.0,-0.5504
2017-11-13,2043.0,682491.0,0.2137
2017-11-14,2020.0,734872.0,0.4657
2017-11-15,2088.0,742764.0,0.4894
2017-11-16,1756.0,630736.0,0.5427
2017-11-17,1738.0,676637.0,0.3661
2017-11-18,752.0,409283.0,0.3576
2017-11-19,713.0,387959.0,-0.1707
2017-11-20,1982.0,644099.0,0.1755
2017-11-21,1731.0,719406.0,0.2633
2017-11-22,1616.0,667079.0,0.0479
2017-11-23,1217.0,575169.0,0.1992
2017-11-24,1695.0,594491.0,-0.4021
2017-11-25,560.0,376547.0,0.0808
2017-11-26,543.0,377487.0,0.2213
2017-11-27,1577.0,599212.0,-0.1047
2017-11-28,1659.0,713850.0,0.199
2017-11-29,2020.0,726734.0,-0.0439
2017-11-30,2736.0,702677.0,-0.1534
2017-12-03,771.0,347532.0,-0.3147
2017-12-04,2053.0,603840.0,-0.0877
2017-12-05,2274.0,665504.0,0.1691
2017-12-06,2027.0,669094.0,0.2511
2017-12-07,2077.0,682878.0,0.2204
2017-12-08,1851.0,645343.0,0.1871
2017-12-09,1086.0,392702.0,-0.0591
2017-12-10,924.0,386041.0,-0.4502
2017-12-11,1098.0,562684.0,0.3571
2017-12-12,1380.0,668426.0,0.7366
2017-12-13,1769.0,711463.0,1.462
2017-12-14,1353.0,680273.0,0.7072
2017-12-15,1174.0,611220.0,0.6299
2017-12-16,427.0,367642.0,0.7148
2017-12-17,396.0,354372.0,0.432
2017-12-18,1123.0,568589.0,0.7708
2017-12-19,1234.0,618096.0,-0.0539
2017-12-20,1221.0,611544.0,0.556
2017-12-21,1064.0,635258.0,0.792
2017-12-22,1044.0,577086.0,0.0285
2017-12-23,517.0,405042.0,0.3594
2017-12-24,425.0,351541.0,0.3837
2017-12-25,401.0,347346.0,0.4761
2017-12-26,602.0,440947.0,0.1087
2017-12-27,896.0,519620.0,0.0615
2017-12-28,924.0,561053.0,0.2324
2017-12-29,972.0,524027.0,0.0662
2017-12-30,468.0,362344.0,-0.299
2017-12-31,358.0,323669.0,-0.0566
2018-01-01,385.0,372641.0,-0.4873
2018-01-02,1278.0,508097.0,-0.0858
2018-01-03,2173.0,623867.0,-0.6027
2018-01-04,3660.0,607039.0,-1.4249
2018-01-05,3244.0,537361.0,-1.7573
2018-01-06,1295.0,431894.0,-0.853
2018-01-07,761.0,338104.0,-0.691
2018-01-08,2769.0,618339.0,0.3859
2018-01-09,3501.0,624128.0,0.0045
2018-01-10,2622.0,634107.0,-0.2719
2018-01-11,1785.0,579123.0,-0.4788
2018-01-12,1731.0,597977.0,-0.1309
2018-01-13,815.0,407765.0,-0.1319
2018-01-14,502.0,338122.0,-0.2728
2018-01-15,880.0,555931.0,0.1442
2018-01-16,1508.0,648837.0,0.0577
2018-01-17,1372.0,610446.0,0.0231
2018-01-18,1202.0,558027.0,-0.0359
2018-01-19,1261.0,630594.0,-0.0829
2018-01-20,662.0,382134.0,-0.1984
2018-01-21,457.0,392859.0,-0.4322
2018-01-22,982.0,545224.0,0.0893
2018-01-23,1412.0,614555.0,-0.1717
2018-01-24,1878.0,603381.0,-0.579
2018-01-25,1698.0,486773.0,0.0206
2018-01-26,2068.0,605023.0,0.0171
2018-01-27,743.0,424774.0,-0.1363
2018-01-28,464.0,392817.0,-0.0439
2018-01-29,1732.0,500914.0,-0.4425
2018-01-30,1913.0,546002.0,-0.3046
2018-01-31,2544.0,597245.0,0.2911
2018-02-01,2472.0,638115.0,-0.1905
2018-02-02,1965.0,580804.0,-0.6284
2018-02-03,1336.0,411787.0,-1.0315
2018-02-04,1058.0,387503.0,-0.9967
2018-02-05,2557.0,658083.0,-1.0228
2018-02-06,2360.0,669277.0,-0.2881
2018-02-07,1871.0,649083.0,-0.5504
2018-02-08,1948.0,604822.0,-0.2122
2018-02-09,2419.0,577680.0,-0.6093
2018-02-10,1313.0,437017.0,-0.7434
2018-02-11,920.0,397846.0,-0.5911
2018-02-12,1389.0,475912.0,-0.2522
2018-02-13,1958.0,541747.0,-0.6447
2018-02-14,1974.0,571872.0,-0.4783
2018-02-15,1742.0,596926.0,-0.0102
2018-02-16,1538.0,540170.0,-0.4173
2018-02-17,1115.0,431487.0,-0.6257
2018-02-18,786.0,385874.0,-0.3348
2018-02-19,1202.0,527929.0,-0.3005
2018-02-20,1783.0,630957.0,-0.0245
2018-02-21,1686.0,522494.0,-0.1442
2018-02-22,1623.0,571087.0,0.078
2018-02-23,1701.0,553210.0,-0.256
2018-02-24,1025.0,456032.0,-0.2526
2018-02-25,994.0,396009.0,-0.3504
2018-02-26,1754.0,591875.0,0.2709
2018-02-27,1509.0,530834.0,0.0523
2018-02-28,1928.0,632963.0,-0.3905
2018-03-01,1732.0,701240.0,-0.1047
2018-03-02,1503.0,606937.0,-0.1335
2018-03-03,881.0,396038.0,-0.6878
2018-03-04,674.0,304496.0,-0.459
2018-03-05,1618.0,638145.0,-0.264
2018-03-06,1904.0,677298.0,-0.3481
2018-03-07,2059.0,679499.0,-0.4488
2018-03-08,1667.0,580266.0,-0.0014
2018-03-09,2079.0,646495.0,-0.5483
2018-03-10,923.0,443413.0,-0.2187
2018-03-11,742.0,378706.0,-0.2707
2018-03-12,2133.0,620489.0,-0.3105
2018-03-13,3303.0,520736.0,-1.2992
2018-03-14,2663.0,668709.0,-0.6104
2018-03-15,2136.0,644744.0,-0.3142
2018-03-16,2032.0,649212.0,-0.7061
2018-03-17,802.0,379198.0,-0.7947
2018-03-18,610.0,369754.0,-0.7299
2018-03-19,1831.0,635088.0,-0.173
2018-03-20,1931.0,592576.0,-0.1821
2018-03-21,2370.0,638519.0,-0.8589
2018-03-22,2247.0,629541.0,-0.7404
2018-03-23,1906.0,558941.0,-1.2194
2018-03-24,692.0,393727.0,-0.4268
2018-03-25,722.0,370595.0,-0.8414
2018-03-26,1715.0,586308.0,-0.4811
2018-03-27,2107.0,568017.0,-0.4553
2018-03-28,2982.0,657644.0,-1.1626
2018-03-29,2035.0,647539.0,-0.7002
2018-03-30,1348.0,510559.0,-0.1982
2018-03-31,834.0,365672.0,-0.3228
2018-04-01,664.0,307457.0,-0.5684
2018-04-02,2373.0,555919.0,-1.1212
2018-04-03,2575.0,616889.0,-0.2491
2018-04-04,1765.0,550638.0,-0.3622
2018-04-05,1820.0,620507.0,-0.1113
2018-04-06,1891.0,583873.0,-0.3595
2018-04-07,798.0,378673.0,-0.4421
2018-04-08,630.0,367916.0,-0.5889
2018-04-09,1348.0,543816.0,-0.3192
2018-04-10,2223.0,719631.0,-0.1682
2018-04-11,1802.0,678034.0,0.178
2018-04-12,1800.0,702027.0,0.0741
2018-04-13,1610.0,588142.0,-0.0979
2018-04-14,761.0,438743.0,-0.5529
2018-04-15,580.0,363474.0,-0.5867
2018-04-16,1492.0,576282.0,-0.1245
2018-04-17,1748.0,656656.0,-0.167
2018-04-18,1971.0,715484.0,-0.1635
2018-04-19,2358.0,729864.0,-0.356
2018-04-20,2217.0,565639.0,-1.0481
2018-04-21,818.0,426800.0,-0.5356
2018-04-22,746.0,390271.0,-0.3882
2018-04-23,1560.0,565328.0,-0.3835
2018-04-24,1870.0,644140.0,-0.0512
2018-04-25,1775.0,578193.0,0.0529
2018-04-26,2192.0,570399.0,0.1972
2018-04-27,2192.0,612114.0,-0.0329
2018-04-28,954.0,425337.0,-0.237
2018-04-29,759.0,334236.0,-0.318
2018-04-30,1621.0,569496.0,-0.0815
2018-05-01,1649.0,530345.0,-0.2775
2018-05-02,1626.0,572491.0,-0.0366
2018-05-03,1991.0,605826.0,-0.2765
2018-05-04,1498.0,600235.0,-0.4783
2018-05-05,813.0,407143.0,-0.708
2018-05-06,1135.0,370773.0,-0.7025
2018-05-07,1816.0,573436.0,-0.2306
2018-05-08,2249.0,575000.0,0.0557
2018-05-09,2000.0,658248.0,-0.0284
2018-05-10,2056.0,610084.0,-0.2865
2018-05-11,1964.0,588830.0,-0.0532
2018-05-12,901.0,382780.0,-0.094
2018-05-13,1105.0,374617.0,-0.757
2018-05-14,2856.0,595247.0,-1.5076
2018-05-15,2177.0,586709.0,-0.1507
2018-05-16,2115.0,679567.0,0.1068
2018-05-17,2033.0,664822.0,0.0962
2018-05-18,2044.0,625838.0,-0.1472
2018-05-19,1148.0,405384.0,-0.187
2018-05-20,657.0,355400.0,-0.6216
2018-05-21,1924.0,568755.0,0.0533
2018-05-22,2259.0,571273.0,0.0009
2018-05-23,2098.0,653421.0,0.2764
2018-05-24,2104.0,687589.0,-0.3002
2018-05-25,1583.0,576952.0,-0.3972
2018-05-26,938.0,434045.0,-0.4885
2018-05-27,830.0,400707.0,0.031
2018-05-28,1125.0,509200.0,-0.1928
2018-05-29,1520.0,617504.0,-0.0466
2018-05-30,1625.0,635713.0,0.1768
2018-05-31,1595.0,589294.0,0.0094
2018-06-01,1589.0,617022.0,-0.2137
2018-06-02,774.0,399897.0,-0.4151
2018-06-03,749.0,391769.0,-0.4144
2018-06-04,2094.0,599852.0,-0.261
2018-06-05,2379.0,641554.0,0.3817
2018-06-06,2252.0,660405.0,0.1742
2018-06-07,2171.0,659278.0,-0.1612
2018-06-08,2273.0,556169.0,-0.4747
2018-06-09,956.0,369665.0,-0.501
2018-06-10,702.0,370702.0,-0.561
2018-06-11,1759.0,642506.0,-0.1666
2018-06-12,2065.0,687838.0,0.1091
2018-06-13,1938.0,645101.0,-0.0337
2018-06-14,1949.0,666757.0,-0.0089
2018-06-15,1929.0,593690.0,-0.1282
2018-06-16,1233.0,390847.0,-0.9025
2018-06-17,745.0,347598.0,-0.5206
2018-06-18,1763.0,569720.0,-0.4048
2018-06-19,2140.0,549661.0,-0.3332
2018-06-20,2243.0,667664.0,-0.1797
2018-06-21,3107.0,601795.0,-0.9186
2018-06-22,2514.0,626117.0,-0.3947
2018-06-23,964.0,396071.0,-0.8124
2018-06-24,955.0,381549.0,-0.3479
2018-06-25,1734.0,431342.0,-0.7281
2018-06-26,2148.0,620730.0,-0.281
2018-06-27,1569.0,521183.0,0.1645
2018-06-28,1661.0,548778.0,0.1172
2018-06-29,1482.0,519959.0,-0.2549
2018-06-30,800.0,399499.0,-0.4367
2018-07-01,708.0,355034.0,-0.641
2018-07-02,1598.0,595307.0,-0.2719
2018-07-03,1714.0,557894.0,-0.526
2018-07-04,2048.0,573019.0,-0.8382
2018-07-05,2481.0,635224.0,-0.7325
2018-07-06,1919.0,556974.0,-0.44
2018-07-07,956.0,402934.0,-0.5086
2018-07-08,603.0,330803.0,-0.7257
2018-07-09,1641.0,583429.0,-0.1756
2018-07-10,1858.0,543768.0,0.1177
2018-07-11,2365.0,609944.0,-1.0203
2018-07-12,2501.0,609647.0,-0.0998
2018-07-13,1869.0,591098.0,-0.5287
2018-07-14,922.0,392480.0,-0.9429
2018-07-15,569.0,263918.0,-1.2116
2018-07-16,1579.0,553822.0,-0.0745
2018-07-17,2021.0,635478.0,-0.231
2018-07-18,1945.0,652924.0,-0.6998
2018-07-19,1545.0,646771.0,-0.3572
2018-07-20,1150.0,613970.0,-0.1576
2018-07-21,737.0,388993.0,-1.4738
2018-07-22,602.0,354548.0,-0.2792
2018-07-23,1383.0,594663.0,-0.551
2018-07-24,2542.0,647935.0,-1.4717
2018-07-25,1961.0,642526.0,-1.2581
2018-07-26,2158.0,644603.0,-0.6116
2018-07-27,1950.0,607964.0,-1.0055
2018-07-28,716.0,377920.0,-0.3095
2018-07-29,407.0,349619.0,0.0414
2018-07-30,1546.0,573910.0,-0.6481
2018-07-31,1713.0,626726.0,0.0583
2018-08-01,1300.0,631563.0,0.2289
2018-08-02,1343.0,623909.0,0.532
2018-08-03,965.0,603270.0,0.445
2018-08-04,517.0,387212.0,-1.0958
2018-08-05,492.0,355013.0,-3.0063
2018-08-06,1528.0,573402.0,-1.2229
2018-08-07,1206.0,618463.0,0.4943
2018-08-08,1232.0,618609.0,0.0846
2018-08-09,1287.0,596272.0,-0.6955
2018-08-10,1418.0,556629.0,-0.7684
2018-08-11,395.0,374882.0,-0.1444
2018-08-12,318.0,338950.0,0.4089
2018-08-13,1004.0,556789.0,0.2451
2018-08-14,1234.0,597753.0,0.6129
2018-08-15,1040.0,573774.0,-0.3897
2018-08-16,1300.0,597357.0,-0.3176
2018-08-17,1458.0,561592.0,-0.2822
2018-08-18,467.0,368437.0,-0.3035
2018-08-19,319.0,335652.0,-0.0792
2018-08-20,1436.0,535770.0,0.6179
2018-08-21,1021.0,525355.0,0.0575
2018-08-22,1013.0,580206.0,0.5197
2018-08-23,1141.0,589323.0,0.0912
2018-08-24,836.0,567255.0,0.3819
2018-08-25,409.0,362400.0,-0.1288
2018-08-26,283.0,338914.0,-0.7557
2018-08-27,937.0,535186.0,0.3586
2018-08-28,1341.0,591185.0,0.8222
2018-08-29,1369.0,599157.0,0.7068
2018-08-30,1132.0,594012.0,0.951
2018-08-31,1083.0,573552.0,0.793
2018-09-01,404.0,375197.0,0.8361
2018-09-02,247.0,336594.0,0.7403
2018-09-03,624.0,508148.0,-1.202
2018-09-04,999.0,600959.0,-0.0276
2018-09-05,1163.0,641744.0,0.2322
2018-09-06,1001.0,631607.0,0.6404
2018-09-07,918.0,597926.0,0.3028
2018-09-08,393.0,386007.0,0.47
2018-09-09,288.0,361335.0,0.7175
2018-09-10,987.0,585287.0,0.2537
2018-09-11,1337.0,621198.0,0.4373
2018-09-12,1135.0,646933.0,0.1258
2018-09-13,1225.0,630161.0,0.3134
2018-09-14,899.0,613585.0,0.488
2018-09-15,583.0,383927.0,-2.6956
2018-09-16,1412.0,341211.0,-5.0205
2018-09-17,862.0,572039.0,-0.628
2018-09-18,1326.0,630504.0,-0.1631
2018-09-19,932.0,631833.0,0.5448
2018-09-20,987.0,635345.0,0.5515
2018-09-21,1207.0,597447.0,-0.0907
2018-09-22,391.0,374637.0,0.1471
2018-09-23,291.0,348410.0,-0.0594
2018-09-24,893.0,556916.0,0.4018
2018-09-25,968.0,615046.0,0.2754
2018-09-26,1090.0,623457.0,-0.7178
2018-09-27,983.0,597028.0,0.447
2018-09-28,1124.0,594081.0,-0.0958
2018-09-29,452.0,380488.0,0.0412
2018-09-30,339.0,346948.0,-0.0916
2018-10-01,1038.0,560915.0,0.9358
2018-10-02,1391.0,595370.0,1.0876
2018-10-03,1485.0,600437.0,0.4557
2018-10-04,1338.0,609053.0,0.3748
2018-10-05,1405.0,587095.0,-0.5022
2018-10-06,448.0,370711.0,0.4664
2018-10-07,382.0,360623.0,0.6349
2018-10-08,1178.0,561194.0,0.8095
2018-10-09,1314.0,606784.0,1.1139
2018-10-10,1448.0,618236.0,0.1735
2018-10-11,1417.0,615773.0,0.2383
2018-10-12,1135.0,570441.0,0.4349
2018-10-13,527.0,354434.0,0.1192
2018-10-14,322.0,330885.0,0.2506
2018-10-15,1079.0,556079.0,-0.0984
2018-10-16,1042.0,611801.0,0.9905
2018-10-17,953.0,615778.0,0.6342
2018-10-18,1059.0,612712.0,0.5328
2018-10-19,1018.0,585372.0,0.4626
2018-10-20,338.0,364543.0,0.2498
2018-10-21,324.0,347745.0,0.7431
2018-10-22,1075.0,565276.0,0.5551
2018-10-23,1202.0,620841.0,0.1836
2018-10-24,1770.0,630996.0,-0.3866
2018-10-25,2369.0,641129.0,-1.2524
2018-10-26,1425.0,596941.0,-0.4766
2018-10-27,437.0,371209.0,0.0893
2018-10-28,272.0,351218.0,0.3122
2018-10-29,999.0,581207.0,0.4867
2018-10-30,1820.0,613542.0,0.001
2018-10-31,1473.0,623679.0,0.0065
2018-11-01,1754.0,596429.0,-0.6333
2018-11-02,1453.0,573265.0,-0.8453
2018-11-03,546.0,373881.0,-0.0468
2018-11-04,492.0,337037.0,-0.3624
2018-11-05,1064.0,559787.0,0.4413
2018-11-06,1010.0,604838.0,0.8213
2018-11-07,1147.0,627872.0,0.0126
2018-11-08,1175.0,618066.0,0.3638
2018-11-09,925.0,591230.0,0.2624
2018-11-10,471.0,378528.0,-0.0539
2018-11-11,393.0,345053.0,-0.2458
2018-11-12,1509.0,545671.0,-0.8839
2018-11-13,1820.0,620976.0,0.1036
2018-11-14,1222.0,628939.0,0.0002
2018-11-15,1164.0,636329.0,0.5592
2018-11-16,1694.0,590677.0,-0.7841
2018-11-17,985.0,378415.0,-0.6688
2018-11-18,514.0,335717.0,0.2534
2018-11-19,1152.0,549638.0,-0.5597
2018-11-20,1235.0,601238.0,-0.3384
2018-11-21,1105.0,608585.0,0.5648
2018-11-22,898.0,554027.0,0.6566
2018-11-23,1254.0,532334.0,-1.7661
2018-11-24,415.0,363532.0,-0.2232
2018-11-25,363.0,341608.0,0.2798
2018-11-26,1001.0,563793.0,0.5697
2018-11-27,1817.0,606893.0,-0.3635
2018-11-28,1634.0,619751.0,-0.3794
2018-11-29,1844.0,619323.0,-0.5738
2018-11-30,1455.0,584655.0,-0.362
2018-12-01,887.0,384865.0,-0.7992
2018-12-02,1327.0,330718.0,-1.2947
2018-12-03,1853.0,561859.0,-0.1833
2018-12-04,1468.0,606402.0,0.3028
2018-12-05,1496.0,613720.0,-1.0056
2018-12-06,1645.0,600825.0,-2.4526
2018-12-07,1059.0,562547.0,-0.1148
2018-12-08,682.0,354648.0,-0.9075
2018-12-09,577.0,319575.0,0.025
2018-12-10,1084.0,531354.0,-0.7691
2018-12-11,1703.0,579106.0,-1.5615
2018-12-12,1165.0,587921.0,0.3493
2018-12-13,1162.0,546141.0,0.5208
2018-12-14,979.0,552965.0,0.1018
2018-12-15,440.0,352179.0,-0.0484
2018-12-16,372.0,312822.0,0.0946
2018-12-17,1209.0,515618.0,-1.2874
2018-12-18,1222.0,551086.0,-0.8158
2018-12-19,1161.0,575539.0,-0.6853
2018-12-20,1352.0,577643.0,-0.2042
2018-12-21,728.0,484049.0,0.0267
2018-12-22,332.0,341788.0,0.0727
2018-12-23,234.0,298194.0,0.9243
2018-12-24,466.0,386264.0,-0.1777
2018-12-25,304.0,316719.0,0.5981
2018-12-26,595.0,388842.0,-0.0114
2018-12-27,564.0,462463.0,0.4391
2018-12-28,538.0,463174.0,0.4688
2018-12-29,301.0,332688.0,0.2776
2018-12-30,228.0,292052.0,0.369
2018-12-31,471.0,365143.0,0.4259
2019-01-01,335.0,297788.0,0.3147
2019-01-02,595.0,446886.0,0.3877
2019-01-03,1549.0,500956.0,-1.3447
2019-01-04,1235.0,488089.0,-0.4242
2019-01-05,720.0,323797.0,-1.2738
2019-01-06,465.0,302169.0,0.7599
2019-01-07,1807.0,492100.0,0.8592
2019-01-08,2173.0,535742.0,0.7896
2019-01-09,1504.0,565657.0,0.6722
2019-01-10,1142.0,567058.0,0.8392
2019-01-11,960.0,544305.0,0.2599
2019-01-12,574.0,346849.0,0.3807
2019-01-13,603.0,314670.0,-0.7821
2019-01-14,1092.0,524137.0,0.0946
2019-01-15,1050.0,564620.0,0.4182
2019-01-16,893.0,580093.0,0.812
2019-01-17,1037.0,574929.0,0.0586
2019-01-18,890.0,538498.0,0.0123
2019-01-19,446.0,356035.0,0.6696
2019-01-20,285.0,313260.0,0.5223
2019-01-21,633.0,495595.0,0.6432
2019-01-22,1075.0,557644.0,-0.175
2019-01-23,975.0,578855.0,0.3379
2019-01-24,1446.0,576494.0,-0.1488
2019-01-25,1258.0,544704.0,-0.0453
2019-01-26,480.0,342267.0,-0.1865
2019-01-27,287.0,316053.0,0.6877
2019-01-28,1601.0,532393.0,-0.908
2019-01-29,2210.0,586242.0,-0.6969
2019-01-30,1661.0,593067.0,-0.1486
2019-01-31,1989.0,591396.0,-0.4832
2019-02-01,1489.0,560733.0,-0.4269
2019-02-02,534.0,358236.0,0.0369
2019-02-03,451.0,322356.0,-0.1751
2019-02-04,969.0,510826.0,0.5412
2019-02-05,1129.0,560013.0,0.6687
2019-02-06,1118.0,578420.0,0.1109
2019-02-07,1283.0,571544.0,0.3743
2019-02-08,885.0,543911.0,-0.086
2019-02-09,362.0,348465.0,0.3679
2019-02-10,283.0,314312.0,0.1143
2019-02-11,806.0,533288.0,0.4217
2019-02-12,979.0,575296.0,0.6131
2019-02-13,985.0,588406.0,0.3574
2019-02-14,1210.0,594775.0,-0.2404
2019-02-15,1236.0,556029.0,-0.1677
2019-02-16,414.0,357088.0,0.2295
2019-02-17,312.0,311312.0,0.413
2019-02-18,745.0,496431.0,-0.0758
2019-02-19,1123.0,567800.0,0.3739
2019-02-20,1000.0,590282.0,0.5089
2019-02-21,1064.0,591398.0,0.3763
2019-02-22,1004.0,559136.0,0.3619
2019-02-23,404.0,357936.0,0.2922
2019-02-24,432.0,327993.0,0.8626
2019-02-25,1307.0,553023.0,1.5108
2019-02-26,1308.0,577907.0,0.9799
2019-02-27,996.0,594100.0,0.8969
2019-02-28,965.0,595251.0,0.9696
2019-03-01,796.0,559164.0,1.04
2019-03-02,499.0,345335.0,0.3173
2019-03-03,384.0,322812.0,0.1584
2019-03-04,947.0,529873.0,0.0808
2019-03-05,1007.0,567060.0,0.4203
2019-03-06,883.0,562602.0,0.5011
2019-03-07,939.0,582300.0,0.6238
2019-03-08,841.0,540030.0,0.1721
2019-03-09,267.0,345346.0,0.0794
2019-03-10,295.0,324986.0,0.2161
2019-03-11,1376.0,534250.0,0.5051
2019-03-12,1132.0,589422.0,0.333
2019-03-13,940.0,580276.0,0.8855
2019-03-14,848.0,588363.0,0.9428
2019-03-15,1082.0,571667.0,0.5582
2019-03-16,348.0,349991.0,-0.1268
2019-03-17,297.0,317112.0,0.3835
2019-03-18,903.0,533461.0,0.9135
2019-03-19,1716.0,590222.0,1.2248
2019-03-20,1348.0,597835.0,0.1334
2019-03-21,1128.0,583386.0,0.5561
2019-03-22,885.0,559782.0,0.0687
2019-03-23,331.0,361090.0,0.5287
2019-03-24,246.0,324381.0,0.6656
2019-03-25,1080.0,540917.0,0.042
2019-03-26,1208.0,583705.0,-0.0293
2019-03-27,954.0,597502.0,0.1173
2019-03-28,769.0,596163.0,0.6529
2019-03-29,763.0,571705.0,0.3126
2019-03-30,485.0,359128.0,0.6219
2019-03-31,295.0,336067.0,0.4191
2019-04-01,1032.0,547471.0,0.3513
2019-04-02,1022.0,590482.0,0.9526
2019-04-03,1180.0,584430.0,0.5946
2019-04-04,884.0,596143.0,0.8462
2019-04-05,763.0,541945.0,0.6987
2019-04-06,295.0,350724.0,0.5995
2019-04-07,174.0,321289.0,-0.0895
2019-04-08,951.0,543963.0,0.2869
2019-04-09,886.0,591837.0,0.7351
2019-04-10,988.0,606251.0,0.7744
2019-04-11,965.0,597315.0,0.5245
2019-04-12,820.0,565707.0,0.9856
2019-04-13,343.0,356382.0,0.8955
2019-04-14,243.0,323587.0,0.3153
2019-04-15,762.0,539012.0,0.6722
2019-04-16,1257.0,581678.0,0.6509
2019-04-17,1734.0,596862.0,0.1973
2019-04-18,1287.0,573699.0,0.0451
2019-04-19,739.0,484049.0,0.4489
2019-04-20,323.0,336078.0,0.5263
2019-04-21,326.0,313462.0,-0.5443
2019-04-22,970.0,479179.0,0.0385
2019-04-23,1464.0,563830.0,0.1595
2019-04-24,1220.0,591325.0,0.5521
2019-04-25,1049.0,584120.0,0.4193
2019-04-26,1242.0,562597.0,-0.2323
2019-04-27,347.0,352776.0,0.3336
2019-04-28,212.0,332695.0,0.229
2019-04-29,777.0,522861.0,0.6068
2019-04-30,1159.0,570267.0,0.7608
2019-05-01,1095.0,485506.0,1.0902
2019-05-02,980.0,549026.0,0.5414
2019-05-03,740.0,530092.0,0.7806
2019-05-04,354.0,355768.0,0.2478
2019-05-05,225.0,341957.0,0.3846
2019-05-06,764.0,515301.0,0.2274
2019-05-07,1278.0,574256.0,0.153
2019-05-08,1013.0,582183.0,0.3301
2019-05-09,1395.0,577844.0,-0.4196
2019-05-10,837.0,554114.0,-0.0541
2019-05-11,367.0,350696.0,-0.8156
2019-05-12,516.0,317985.0,-1.2164
2019-05-13,1166.0,536102.0,-0.6336
2019-05-14,1589.0,585896.0,-1.0084
2019-05-15,1460.0,591221.0,-0.5891
2019-05-16,1297.0,591207.0,-0.4229
2019-05-17,1191.0,556159.0,-0.8602
2019-05-18,411.0,353256.0,-1.0131
2019-05-19,316.0,325667.0,-1.6842
2019-05-20,1891.0,527535.0,-1.1747
2019-05-21,2225.0,572682.0,-1.169
2019-05-22,2179.0,586055.0,-1.2289
2019-05-23,1477.0,586614.0,-0.7118
2019-05-24,1363.0,554998.0,-0.7484
2019-05-25,447.0,345474.0,-0.4172
2019-05-26,335.0,339260.0,-1.0324
2019-05-27,1002.0,485161.0,0.9738
2019-05-28,1351.0,552153.0,0.839
2019-05-29,1405.0,571014.0,0.2274
2019-05-30,1083.0,554953.0,0.2254
2019-05-31,884.0,538059.0,0.0307
2019-06-01,546.0,349368.0,-0.7991
2019-06-02,216.0,295119.0,-0.2305
2019-06-03,1510.0,520036.0,-0.2224
2019-06-04,1111.0,551818.0,0.2603
2019-06-05,995.0,545910.0,-0.2733
2019-06-06,1017.0,547521.0,0.1127
2019-06-07,789.0,518061.0,0.0663
2019-06-08,284.0,335951.0,-0.0021
2019-06-09,276.0,305141.0,0.1604
2019-06-10,1376.0,506985.0,-0.4576
2019-06-11,1248.0,566933.0,0.5531
2019-06-12,1201.0,570073.0,0.1553
2019-06-13,1112.0,565204.0,0.027
2019-06-14,1556.0,531773.0,-1.5364
2019-06-15,385.0,330545.0,-1.0096
2019-06-16,324.0,300557.0,-0.4558
2019-06-17,968.0,469557.0,-0.1712
2019-06-18,1217.0,548269.0,0.381
2019-06-19,870.0,546694.0,0.3934
2019-06-20,767.0,532580.0,0.7556
2019-06-21,975.0,514540.0,-0.2767
2019-06-22,349.0,317482.0,-0.817
2019-06-23,212.0,278915.0,-0.0122
2019-06-24,879.0,501889.0,-0.1575
2019-06-25,812.0,533291.0,0.5304
2019-06-26,1640.0,559876.0,-0.1688
2019-06-27,1143.0,559529.0,-0.1808
2019-06-28,690.0,523192.0,0.5779
2019-06-29,403.0,332558.0,-0.6524
2019-06-30,331.0,306767.0,-0.2148
2019-07-01,1087.0,501715.0,0.0541
2019-07-02,896.0,533759.0,0.5915
2019-07-03,1209.0,545890.0,0.0839
2019-07-04,630.0,490272.0,-0.1193
2019-07-05,770.0,477685.0,0.0723
2019-07-06,264.0,312638.0,-0.2974
2019-07-07,370.0,299153.0,0.44
2019-07-08,874.0,494895.0,-0.077
2019-07-09,1087.0,532760.0,0.51
2019-07-10,1033.0,545918.0,0.3483
2019-07-11,1165.0,543604.0,-0.4028
2019-07-12,1040.0,516277.0,0.2055
2019-07-13,300.0,324067.0,0.1188
2019-07-14,225.0,300689.0,0.0506
2019-07-15,1242.0,496030.0,0.2054
2019-07-16,983.0,541094.0,0.8156
2019-07-17,1035.0,550809.0,0.1401
2019-07-18,1194.0,551040.0,-0.3735
2019-07-19,692.0,511797.0,0.2188
2019-07-20,286.0,320084.0,0.2182
2019-07-21,229.0,298078.0,-0.3755
2019-07-22,1092.0,496101.0,-0.0039
2019-07-23,1560.0,542655.0,-0.5769
2019-07-24,1258.0,550539.0,-0.3995
2019-07-25,1437.0,542767.0,0.0101
2019-07-26,1298.0,510044.0,0.3195
2019-07-27,336.0,320494.0,0.0958
2019-07-28,285.0,293745.0,0.3632
2019-07-29,1050.0,488126.0,0.2382
2019-07-30,1167.0,536137.0,0.3067
2019-07-31,1189.0,551657.0,0.161
2019-08-01,1240.0,544051.0,0.3651
2019-08-02,1189.0,499653.0,-1.4773
2019-08-03,341.0,312326.0,-0.3173
2019-08-04,223.0,299125.0,0.1062
2019-08-05,1240.0,483118.0,-0.8435
2019-08-06,1059.0,526808.0,-0.2477
2019-08-07,966.0,540520.0,0.3381
2019-08-08,1125.0,534809.0,0.0798
2019-08-09,1092.0,510275.0,-0.2465
2019-08-10,348.0,319632.0,-0.2829
2019-08-11,358.0,286034.0,-0.1207
2019-08-12,736.0,460999.0,0.1345
2019-08-13,832.0,494778.0,-0.2431
2019-08-14,697.0,511339.0,0.0653
2019-08-15,675.0,483144.0,0.658
2019-08-16,939.0,488425.0,-0.1568
2019-08-17,345.0,312833.0,-0.3652
2019-08-18,174.0,293299.0,-0.394
2019-08-19,1309.0,482115.0,-0.011
2019-08-20,1010.0,512041.0,0.1878
2019-08-21,964.0,533452.0,0.7578
2019-08-22,843.0,529087.0,0.6857
2019-08-23,1201.0,499521.0,-1.1559
2019-08-24,432.0,329635.0,-1.8241
2019-08-25,222.0,298799.0,0.2059
2019-08-26,758.0,474152.0,0.3989
2019-08-27,903.0,523306.0,0.4587
2019-08-28,887.0,538641.0,0.6203
2019-08-29,855.0,534574.0,0.2581
2019-08-30,850.0,501716.0,-0.1406
2019-08-31,269.0,321579.0,-1.1477
2019-09-01,211.0,302842.0,-0.4604
2019-09-02,452.0,439231.0,-0.4542
2019-09-03,958.0,510643.0,-0.5753
2019-09-04,1240.0,543845.0,0.4262
2019-09-05,1053.0,532554.0,1.3452
2019-09-06,1010.0,507294.0,1.2086
2019-09-07,353.0,312530.0,0.9558
2019-09-08,221.0,294714.0,0.1292
2019-09-09,753.0,489879.0,0.5129
2019-09-10,1532.0,534367.0,0.7225
2019-09-11,1481.0,532778.0,0.0934
2019-09-12,870.0,537433.0,0.3139
2019-09-13,950.0,494363.0,0.2725
2019-09-14,339.0,313982.0,0.3181
2019-09-15,290.0,295775.0,-0.7636
2019-09-16,691.0,497858.0,0.7119
2019-09-17,1003.0,529118.0,0.5419
2019-09-18,1009.0,542926.0,0.3638
2019-09-19,834.0,542773.0,0.4285
2019-09-20,868.0,515934.0,0.0823
2019-09-21,304.0,310909.0,-0.0221
2019-09-22,219.0,294180.0,0.8566
2019-09-23,837.0,486570.0,0.1801
2019-09-24,1055.0,528837.0,-0.0771
2019-09-25,1261.0,539615.0,-0.7065
2019-09-26,1263.0,533764.0,-0.6767
2019-09-27,1070.0,509849.0,-0.946
2019-09-28,364.0,308315.0,-1.0123
2019-09-29,280.0,287903.0,0.0284
2019-09-30,769.0,437102.0,0.2149
2019-10-01,1166.0,514340.0,-0.3986
2019-10-02,1001.0,505415.0,0.3549
2019-10-03,986.0,503247.0,0.0692
2019-10-04,1025.0,487461.0,-0.2738
2019-10-05,305.0,302322.0,-0.0132
2019-10-06,226.0,272004.0,-0.0236
2019-10-07,1059.0,462075.0,0.0909
2019-10-08,1500.0,503665.0,-0.206
2019-10-09,1053.0,512282.0,0.3785
2019-10-10,943.0,522103.0,0.7229
2019-10-11,899.0,496822.0,0.1716
2019-10-12,315.0,308536.0,0.4196
2019-10-13,285.0,276043.0,0.5322
2019-10-14,812.0,457892.0,0.7616
2019-10-15,964.0,512878.0,1.1219
2019-10-16,932.0,534395.0,0.6293
2019-10-17,853.0,523905.0,1.0117
2019-10-18,833.0,500159.0,0.5016
2019-10-19,246.0,299066.0,0.4362
2019-10-20,229.0,268642.0,0.0359
2019-10-21,1020.0,477898.0,0.3079
2019-10-22,928.0,513629.0,0.7731
2019-10-23,1507.0,512089.0,0.6039
2019-10-24,1405.0,517482.0,0.6544
2019-10-25,1310.0,492241.0,0.2615
2019-10-26,326.0,298603.0,0.2859
2019-10-27,391.0,274414.0,-1.5591
2019-10-28,995.0,457281.0,0.5909
2019-10-29,1152.0,505654.0,0.3178
2019-10-30,1013.0,524098.0,0.5994
2019-10-31,972.0,512560.0,0.68
2019-11-01,770.0,459961.0,0.5193
2019-11-02,373.0,295527.0,-0.2523
2019-11-03,267.0,273380.0,0.2352
2019-11-04,1179.0,463253.0,-0.1218
2019-11-05,1335.0,522583.0,0.288
2019-11-06,1037.0,549860.0,0.5854
2019-11-07,1066.0,545791.0,1.1709
2019-11-08,768.0,528410.0,0.5936
2019-11-09,221.0,316275.0,-0.0109
2019-11-10,230.0,295334.0,-0.0373
2019-11-11,655.0,465415.0,0.4004
2019-11-12,1070.0,517367.0,0.8579
2019-11-13,1169.0,511360.0,0.3954
2019-11-14,1055.0,528162.0,0.6594
2019-11-15,991.0,480174.0,0.6483
2019-11-16,351.0,311125.0,0.5593
2019-11-17,270.0,289902.0,0.2883
2019-11-18,928.0,482701.0,0.6204
2019-11-19,899.0,520439.0,0.7077
2019-11-20,848.0,528295.0,0.7649
2019-11-21,867.0,523073.0,0.2958
2019-11-22,862.0,497118.0,0.0446
2019-11-23,364.0,322908.0,-0.7718
2019-11-24,264.0,297182.0,0.4123
2019-11-25,1011.0,494370.0,0.7215
2019-11-26,912.0,524684.0,1.1249
2019-11-27,815.0,511361.0,1.0299
2019-11-28,837.0,478081.0,0.6986
2019-11-29,857.0,451226.0,0.5078
2019-11-30,315.0,304600.0,0.0421
2019-12-01,484.0,294518.0,0.333
2019-12-02,881.0,449521.0,1.0059
2019-12-03,1156.0,525184.0,-0.0668
2019-12-04,944.0,533394.0,-0.4008
2019-12-05,748.0,530550.0,0.8061
2019-12-06,722.0,500038.0,0.8873
2019-12-07,190.0,311145.0,-0.1482
2019-12-08,216.0,284834.0,0.2294
2019-12-09,817.0,478623.0,0.4428
2019-12-10,1041.0,522225.0,0.3057
2019-12-11,776.0,519311.0,1.0182
2019-12-12,796.0,508673.0,0.8644
2019-12-13,761.0,497908.0,0.7909
2019-12-14,217.0,303003.0,0.3607
2019-12-15,246.0,268674.0,-1.2491
2019-12-16,766.0,469904.0,0.6981
2019-12-17,763.0,511633.0,0.9701
2019-12-18,852.0,517254.0,0.7113
2019-12-19,836.0,502820.0,0.7224
2019-12-20,718.0,486812.0,0.6588
2019-12-21,246.0,304824.0,0.342
2019-12-22,180.0,277064.0,-0.0553
2019-12-23,637.0,426760.0,0.3085
2019-12-24,441.0,389189.0,0.6892
2019-12-25,240.0,275251.0,0.877
2019-12-26,374.0,348402.0,0.5215
2019-12-27,423.0,395063.0,0.4967
2019-12-28,196.0,273389.0,0.7045
2019-12-29,172.0,249511.0,-0.0731
2019-12-30,389.0,383261.0,0.6068
2019-12-31,419.0,361032.0,0.4951
2020-01-01,248.0,262970.0,-0.1393
2020-01-02,714.0,389269.0,1.0768
2020-01-03,739.0,415807.0,-0.4295
2020-01-04,244.0,289977.0,-0.4297
2020-01-05,349.0,271749.0,-0.6252
2020-01-06,1309.0,431339.0,0.8445
2020-01-07,1712.0,474951.0,0.9188
2020-01-08,909.0,492966.0,0.9755
2020-01-09,876.0,504706.0,0.4602
2020-01-10,834.0,484072.0,-0.0917
2020-01-11,230.0,311598.0,0.1297
2020-01-12,246.0,263262.0,0.0501
2020-01-13,589.0,456148.0,0.619
2020-01-14,770.0,488114.0,0.6541
2020-01-15,770.0,496143.0,0.0727
2020-01-16,907.0,501155.0,0.8695
2020-01-17,731.0,471810.0,0.7085
2020-01-18,292.0,292937.0,-0.5064
2020-01-19,239.0,271248.0,-0.6982
2020-01-20,621.0,434444.0,0.5307
2020-01-21,683.0,480181.0,0.6182
2020-01-22,747.0,497108.0,0.3581
2020-01-23,833.0,483015.0,0.0384
2020-01-24,1084.0,443329.0,-0.3169
2020-01-25,257.0,292319.0,-0.447
2020-01-26,119.0,261248.0,0.5214
2020-01-27,689.0,430001.0,-0.2489
2020-01-28,806.0,455152.0,-0.0105
2020-01-29,817.0,456667.0,0.3159
2020-01-30,845.0,481598.0,0.031
2020-01-31,768.0,459885.0,-0.0424
2020-02-01,473.0,289147.0,0.188
2020-02-02,178.0,273834.0,0.0016
2020-02-03,639.0,447476.0,0.2335
2020-02-04,813.0,499684.0,0.6914
2020-02-05,740.0,511196.0,0.6266
2020-02-06,690.0,491612.0,0.6176
2020-02-07,760.0,474142.0,0.6036
2020-02-08,233.0,298624.0,-0.2107
2020-02-09,211.0,271405.0,-0.4494
2020-02-10,949.0,465754.0,-0.6156
2020-02-11,1099.0,495183.0,-0.1314
2020-02-12,1306.0,511160.0,-0.8823
2020-02-13,1078.0,507117.0,-0.9515
2020-02-14,1082.0,472746.0,0.6877
2020-02-15,332.0,295457.0,-0.2078
2020-02-16,165.0,261090.0,-0.3085
2020-02-17,608.0,417604.0,-0.4187
2020-02-18,1135.0,470059.0,-0.8724
2020-02-19,838.0,497697.0,-0.2346
2020-02-20,1106.0,502783.0,0.4154
2020-02-21,1486.0,473278.0,-1.2665
2020-02-22,441.0,295604.0,-1.56
2020-02-23,272.0,268100.0,-0.6567
2020-02-24,940.0,441285.0,-0.3773
2020-02-25,967.0,490807.0,-0.394
2020-02-26,1021.0,501963.0,-0.9471
2020-02-27,733.0,503140.0,-0.0637
2020-02-28,694.0,474977.0,-0.4442
2020-02-29,247.0,298676.0,-0.3877
2020-03-01,143.0,270517.0,-0.6321
2020-03-02,653.0,458450.0,0.2164
2020-03-03,914.0,495271.0,-0.3232
2020-03-04,766.0,511285.0,0.13
2020-03-05,822.0,506407.0,0.2548
2020-03-06,916.0,478147.0,-0.7496
2020-03-07,803.0,300639.0,-1.5633
2020-03-08,176.0,276178.0,-0.3429
2020-03-09,548.0,452224.0,-0.0308
2020-03-10,943.0,491836.0,-0.8012
2020-03-11,664.0,512593.0,0.1808
2020-03-12,798.0,538498.0,0.4429
2020-03-13,499.0,502203.0,0.0522
2020-03-14,248.0,314890.0,-0.3682
2020-03-15,132.0,303076.0,-0.315
2020-03-16,475.0,494418.0,0.3238
2020-03-17,617.0,528913.0,-0.1124
2020-03-18,680.0,542500.0,0.7074
2020-03-19,622.0,535707.0,0.8751
2020-03-20,564.0,518601.0,-0.0213
2020-03-21,196.0,329009.0,0.1228
2020-03-22,151.0,302307.0,-0.2782
2020-03-23,495.0,496911.0,0.3183
2020-03-24,710.0,528786.0,0.3971
2020-03-25,651.0,527870.0,0.3715
2020-03-26,646.0,533637.0,0.1279
2020-03-27,536.0,511780.0,0.2679
2020-03-28,204.0,318590.0,-0.4563
2020-03-29,159.0,294367.0,-0.6441
2020-03-30,660.0,494278.0,0.1432
2020-03-31,587.0,536528.0,0.3653
2020-04-01,449.0,526181.0,0.6364
2020-04-02,770.0,526650.0,1.1131
2020-04-03,448.0,489506.0,0.4609
2020-04-04,278.0,314741.0,-0.3882
2020-04-05,203.0,278845.0,-1.5645
2020-04-06,464.0,466453.0,0.5018
2020-04-07,621.0,502840.0,0.3942
2020-04-08,524.0,505760.0,0.1691
2020-04-09,550.0,491531.0,0.0124
2020-04-10,404.0,429373.0,0.3971
2020-04-11,165.0,296128.0,-0.6322
2020-04-12,142.0,265057.0,-0.1646
2020-04-13,493.0,406443.0,0.2485
2020-04-14,886.0,489924.0,0.0607
2020-04-15,652.0,501959.0,0.4607
2020-04-16,831.0,509304.0,0.1149
2020-04-17,611.0,480693.0,0.1486
2020-04-18,251.0,304292.0,-0.2638
2020-04-19,181.0,275929.0,-0.678
2020-04-20,602.0,449779.0,-0.0414
2020-04-21,675.0,493907.0,0.519
2020-04-22,774.0,508327.0,0.5051
2020-04-23,1022.0,511941.0,-0.4855
2020-04-24,754.0,485132.0,0.0417
2020-04-25,326.0,302795.0,-0.7744
2020-04-26,232.0,280277.0,-0.3115
2020-04-27,623.0,458976.0,-0.2002
2020-04-28,838.0,498612.0,0.037
2020-04-29,743.0,501705.0,0.4004
2020-04-30,798.0,505330.0,-0.0217
2020-05-01,675.0,400582.0,-1.1032
2020-05-02,185.0,290042.0,-0.5439
2020-05-03,218.0,268470.0,0.1018
2020-05-04,826.0,433281.0,0.765
2020-05-05,874.0,478705.0,0.2243
2020-05-06,891.0,497321.0,0.6556
2020-05-07,730.0,497932.0,0.4175
2020-05-08,568.0,477019.0,0.3231
2020-05-09,245.0,310997.0,-0.1191
2020-05-10,203.0,270463.0,-0.2966
2020-05-11,883.0,441496.0,-0.0418
2020-05-12,637.0,490850.0,0.7901
2020-05-13,863.0,497828.0,0.5258
2020-05-14,915.0,494390.0,0.2424
2020-05-15,1267.0,461984.0,-0.5802
2020-05-16,456.0,300044.0,-1.7355
2020-05-17,349.0,265906.0,-2.1619
2020-05-18,943.0,435546.0,-1.2352
2020-05-19,821.0,487475.0,0.2352
2020-05-20,722.0,497600.0,0.5328
2020-05-21,831.0,461285.0,0.1763
2020-05-22,742.0,444681.0,0.1582
2020-05-23,278.0,282782.0,-1.2105
2020-05-24,149.0,251831.0,-0.4178
2020-05-25,297.0,373645.0,0.2694
2020-05-26,564.0,449894.0,0.9894
2020-05-27,997.0,486726.0,-0.1445
2020-05-28,932.0,501271.0,0.1344
2020-05-29,471.0,474432.0,0.689
2020-05-30,200.0,299101.0,0.1233
2020-05-31,367.0,270905.0,-4.7513
2020-06-01,701.0,433839.0,-0.6153
2020-06-02,959.0,471823.0,-0.4093
2020-06-03,743.0,486796.0,0.2291
2020-06-04,627.0,479129.0,0.3927
2020-06-05,532.0,464145.0,0.3983
2020-06-06,185.0,291667.0,0.0261
2020-06-07,147.0,264279.0,0.2613
2020-06-08,628.0,436728.0,0.3278
2020-06-09,786.0,479708.0,0.5796
2020-06-10,803.0,486910.0,0.4386
2020-06-11,801.0,468401.0,0.3658
2020-06-12,661.0,452304.0,0.4544
2020-06-13,198.0,289242.0,0.1812
2020-06-14,150.0,266262.0,0.2729
2020-06-15,578.0,449543.0,0.4501
2020-06-16,686.0,487519.0,0.818
2020-06-17,572.0,495416.0,0.7867
2020-06-18,599.0,487914.0,0.6458
2020-06-19,490.0,463897.0,1.1306
2020-06-20,178.0,297573.0,0.3025
2020-06-21,153.0,263932.0,-0.1921
2020-06-22,1054.0,441632.0,0.7264
2020-06-23,1155.0,482729.0,1.0059
2020-06-24,1077.0,479839.0,-0.3102
2020-06-25,791.0,469812.0,0.202
2020-06-26,551.0,438483.0,0.3757
2020-06-27,249.0,282680.0,-1.2642
2020-06-28,174.0,273022.0,-0.7507
2020-06-29,1065.0,435214.0,-0.9912
2020-06-30,1179.0,484577.0,0.2546
2020-07-01,852.0,483273.0,0.5934
2020-07-02,581.0,461931.0,0.808
2020-07-03,567.0,422390.0,0.6567
2020-07-04,276.0,274545.0,0.1585
2020-07-05,199.0,256706.0,-0.462
2020-07-06,660.0,424766.0,0.2899
2020-07-07,648.0,471886.0,1.0889
2020-07-08,763.0,481871.0,1.0513
2020-07-09,608.0,476175.0,0.8326
2020-07-10,770.0,445608.0,0.2521
2020-07-11,232.0,280746.0,-0.1531
2020-07-12,207.0,258307.0,0.5786
2020-07-13,1082.0,431002.0,0.6293
2020-07-14,1178.0,465925.0,-0.5408
2020-07-15,1274.0,483461.0,-0.0344
2020-07-16,734.0,473482.0,0.4222
2020-07-17,749.0,442260.0,1.0533
2020-07-18,237.0,281635.0,-0.458
2020-07-19,288.0,254798.0,-0.6801
2020-07-20,683.0,426520.0,0.5673
2020-07-21,872.0,458273.0,0.505
2020-07-22,1031.0,468056.0,0.0239
2020-07-23,830.0,458666.0,0.2861
2020-07-24,1114.0,433123.0,-1.208
2020-07-25,284.0,273661.0,-1.0653
2020-07-26,245.0,254449.0,0.6669
2020-07-27,772.0,421989.0,-0.0009
2020-07-28,832.0,454275.0,0.1228
2020-07-29,834.0,456878.0,0.1999
2020-07-30,790.0,461352.0,0.0836
2020-07-31,767.0,427294.0,-0.3559
2020-08-01,760.0,273130.0,-1.6284
2020-08-02,306.0,245217.0,1.1957
2020-08-03,522.0,405490.0,0.4973
2020-08-04,870.0,441535.0,0.2871
2020-08-05,741.0,446742.0,0.6245
2020-08-06,679.0,454036.0,0.6235
2020-08-07,632.0,433829.0,0.2788
2020-08-08,392.0,275032.0,-1.0778
2020-08-09,191.0,253836.0,-0.5796
2020-08-10,683.0,415995.0,0.4281
2020-08-11,703.0,446609.0,0.5415
2020-08-12,679.0,447774.0,0.725
2020-08-13,798.0,452575.0,0.8055
2020-08-14,544.0,420848.0,0.3569
2020-08-15,219.0,268982.0,0.0845
2020-08-16,163.0,251144.0,-0.4181
2020-08-17,887.0,410906.0,0.0383
2020-08-18,1084.0,450250.0,-0.466
2020-08-19,800.0,451905.0,0.7649
2020-08-20,897.0,454529.0,0.2044
2020-08-21,562.0,427804.0,0.2207
2020-08-22,268.0,273253.0,-0.627
2020-08-23,137.0,253893.0,-0.3075
2020-08-24,487.0,415026.0,0.5786
2020-08-25,751.0,455853.0,0.5129
2020-08-26,704.0,460525.0,0.3167
2020-08-27,535.0,457788.0,0.9864
2020-08-28,461.0,431340.0,0.3081
2020-08-29,180.0,274180.0,0.257
2020-08-30,278.0,243328.0,-0.5968
2020-08-31,573.0,419437.0,0.5733
2020-09-01,880.0,455789.0,0.6943
2020-09-02,995.0,461034.0,0.7651
2020-09-03,1114.0,459474.0,0.1968
2020-09-04,881.0,436602.0,-0.1017
2020-09-05,266.0,275673.0,-0.501
2020-09-06,292.0,254272.0,-0.9152
2020-09-07,826.0,382487.0,-0.5754
2020-09-08,816.0,438052.0,-0.0629
2020-09-09,1184.0,462015.0,-1.083
2020-09-10,940.0,455784.0,-0.5333
2020-09-11,602.0,424760.0,0.1247
2020-09-12,273.0,276843.0,0.0561
2020-09-13,239.0,251070.0,-0.125
2020-09-14,2007.0,423935.0,0.0465
2020-09-15,1326.0,457180.0,0.5657
2020-09-16,767.0,456138.0,0.2709
2020-09-17,918.0,459629.0,0.5244
2020-09-18,777.0,430145.0,0.3966
2020-09-19,290.0,275172.0,0.1227
2020-09-20,156.0,245868.0,0.0335
2020-09-21,573.0,427896.0,0.5187
2020-09-22,787.0,464430.0,0.8847
2020-09-23,830.0,481093.0,0.6928
2020-09-24,771.0,421483.0,0.2903
2020-09-25,496.0,368896.0,0.1994
2020-09-26,167.0,211944.0,-1.4189
2020-09-27,220.0,224211.0,-1.3378
2020-09-28,638.0,352269.0,0.1357
2020-09-29,735.0,382841.0,0.7829
2020-09-30,700.0,391497.0,0.4607
2020-10-01,733.0,409202.0,0.4968
2020-10-02,468.0,364205.0,0.2004
2020-10-03,152.0,189612.0,-0.179
2020-10-04,192.0,193400.0,-0.4223
2020-10-05,546.0,306294.0,0.5754
2020-10-06,624.0,342434.0,0.5254
2020-10-07,614.0,338152.0,0.558
2020-10-08,706.0,355434.0,0.609
2020-10-09,259.0,139836.0,0.131
2020-10-10,291.0,279311.0,-0.4867
2020-10-11,155.0,227376.0,-0.4308
2020-10-12,465.0,291710.0,0.6243
2020-10-13,588.0,318111.0,0.9537
2020-10-14,565.0,295346.0,0.4649
2020-10-15,370.0,268774.0,0.9513
2020-10-16,97.0,120244.0,0.5081
2020-10-17,151.0,199788.0,-0.0564
2020-10-18,166.0,190519.0,-0.9336
2020-10-19,120.0,111249.0,0.7412
2020-10-21,455.0,252439.0,0.7888
2020-10-22,408.0,218535.0,0.4674
2020-10-23,163.0,95334.0,-0.4469
2020-10-24,77.0,93479.0,0.6041
2020-10-25,280.0,141061.0,-1.9372
2020-10-26,456.0,228806.0,0.1731
2020-10-27,740.0,223872.0,0.964
2020-10-28,450.0,245728.0,1.022
2020-10-29,429.0,190672.0,0.2912
2020-10-30,132.0,115063.0,-0.213
2020-10-31,50.0,69573.0,-0.6012
2020-11-01,70.0,104263.0,0.1334
2020-11-02,277.0,195941.0,0.5696
2020-11-03,265.0,169311.0,0.411
2020-11-04,379.0,205079.0,-0.7119
2020-11-05,235.0,150371.0,0.4831
2020-11-06,95.0,73645.0,0.386
2020-11-07,29.0,40463.0,0.709
2020-11-08,43.0,70970.0,1.2657
2020-11-09,305.0,189990.0,0.5155
2020-11-10,203.0,128611.0,0.9059
2020-11-11,374.0,151080.0,1.011
2020-11-12,192.0,126882.0,0.7353
2020-11-13,54.0,34096.0,0.5341
2020-11-14,15.0,10407.0,1.0846
2020-11-15,37.0,41258.0,0.5649
2020-11-16,209.0,165302.0,0.5246
2020-11-17,261.0,148073.0,0.3893
2020-11-18,901.0,447979.0,0.747
2020-11-19,1271.0,463572.0,0.2055
2020-11-20,791.0,442626.0,0.7645
2020-11-21,302.0,278317.0,1.0576
2020-11-22,278.0,246932.0,0.3902
2020-11-23,625.0,411141.0,0.7999
2020-11-24,706.0,448919.0,1.0514
2020-11-25,750.0,447213.0,1.0211
2020-11-26,513.0,406221.0,0.7883
2020-11-27,577.0,385161.0,0.8256
2020-11-28,362.0,260516.0,1.3866
2020-11-29,468.0,245823.0,-1.1932
2020-11-30,903.0,404039.0,0.2468
2020-12-01,929.0,445234.0,0.7585
2020-12-02,735.0,451967.0,1.0456
2020-12-03,737.0,449534.0,0.6782
2020-12-04,958.0,423831.0,-0.058
2020-12-05,282.0,269516.0,0.0848
2020-12-06,141.0,244888.0,-0.1365
2020-12-07,665.0,399530.0,0.4804
2020-12-08,844.0,434832.0,0.8696
2020-12-09,795.0,453379.0,0.9179
2020-12-10,785.0,451106.0,0.8016
2020-12-11,700.0,432311.0,0.4335
2020-12-12,224.0,279784.0,-0.0396
2020-12-13,161.0,242656.0,0.1595
2020-12-14,576.0,388462.0,0.9714
2020-12-15,826.0,433473.0,0.4589
2020-12-16,890.0,435856.0,0.2835
2020-12-17,735.0,433762.0,0.4904
2020-12-18,1060.0,408678.0,-0.8891
2020-12-19,594.0,261458.0,-1.3832
2020-12-20,290.0,235551.0,-0.4845
2020-12-21,725.0,380622.0,-0.0665
2020-12-22,761.0,402524.0,-0.5273
2020-12-23,537.0,396345.0,0.5765
2020-12-24,329.0,330134.0,0.3188
2020-12-25,117.0,237628.0,0.204
2020-12-26,137.0,211666.0,0.2059
2020-12-27,140.0,218056.0,1.4139
2020-12-28,406.0,339509.0,0.6326
2020-12-29,593.0,368946.0,0.3247
2020-12-30,781.0,370147.0,0.0814
2020-12-31,497.0,321992.0,0.1951
2021-01-01,251.0,231089.0,-0.3371
2021-01-02,149.0,218342.0,-1.4127
2021-01-03,147.0,218408.0,-1.057
2021-01-04,515.0,359283.0,0.504
2021-01-05,976.0,395722.0,0.182
2021-01-06,1081.0,390565.0,0.0777
2021-01-07,1054.0,407743.0,0.5833
2021-01-08,938.0,391721.0,-0.1768
2021-01-09,266.0,260446.0,-0.3676
2021-01-10,289.0,232354.0,-2.6436
2021-01-11,999.0,386901.0,0.3835
2021-01-12,1390.0,423924.0,0.4496
2021-01-13,1611.0,437044.0,0.3904
2021-01-14,1215.0,431183.0,-0.0961
2021-01-15,1258.0,414351.0,-0.6372
2021-01-16,420.0,262202.0,-1.3161
2021-01-17,370.0,237681.0,-0.55
2021-01-18,1063.0,376283.0,-0.9243
2021-01-19,1053.0,416507.0,0.5532
2021-01-20,1077.0,430952.0,0.7907
2021-01-21,955.0,426349.0,0.5483
2021-01-22,1210.0,412078.0,0.1316
2021-01-23,393.0,260208.0,-0.1843
2021-01-24,209.0,233228.0,-0.2941
2021-01-25,871.0,392007.0,0.5609
2021-01-26,980.0,425535.0,0.426
2021-01-27,935.0,439973.0,0.7886
2021-01-28,847.0,439009.0,0.1414
2021-01-29,673.0,417688.0,0.5164
2021-01-30,328.0,265908.0,-0.1204
2021-01-31,177.0,248519.0,-0.3294
2021-02-01,654.0,401219.0,0.9068
2021-02-02,705.0,431507.0,0.904
2021-02-03,892.0,433379.0,0.558
2021-02-04,1063.0,415419.0,0.1392
2021-02-05,839.0,412610.0,-0.1344
2021-02-06,365.0,259619.0,-0.5664
2021-02-07,197.0,238624.0,0.0811
2021-02-08,963.0,387385.0,0.2726
2021-02-09,961.0,426043.0,0.4962
2021-02-10,947.0,423172.0,-0.0227
2021-02-11,893.0,405330.0,0.4864
2021-02-12,694.0,383719.0,0.4027
2021-02-13,250.0,259387.0,0.0279
2021-02-14,230.0,236759.0,-0.4132
2021-02-15,650.0,353226.0,0.498
2021-02-16,712.0,393531.0,0.3792
2021-02-17,842.0,419319.0,0.3626
2021-02-18,1028.0,428304.0,0.2236
2021-02-19,860.0,409264.0,0.1045
2021-02-20,275.0,271186.0,-0.5379
2021-02-21,286.0,232090.0,0.7447
2021-02-22,740.0,378007.0,0.2793
2021-02-23,904.0,412579.0,0.5723
2021-02-24,1459.0,427161.0,-0.7653
2021-02-25,1380.0,428203.0,-0.2828
2021-02-26,811.0,409406.0,-0.1164
2021-02-27,267.0,259889.0,-0.0756
2021-02-28,181.0,229907.0,-0.2489
2021-03-01,805.0,389441.0,-0.3265
2021-03-02,836.0,422417.0,0.5611
2021-03-03,1005.0,430153.0,0.1057
2021-03-04,843.0,424090.0,0.2004
2021-03-05,1026.0,404974.0,-0.6418
2021-03-06,247.0,258775.0,-0.3856
2021-03-07,165.0,233522.0,-0.4608
2021-03-08,672.0,374748.0,0.5302
2021-03-09,994.0,417682.0,0.5914
2021-03-10,985.0,425267.0,0.1274
2021-03-11,747.0,425476.0,0.5577
2021-03-12,725.0,400563.0,0.2134
2021-03-13,181.0,254595.0,-0.0835
2021-03-14,184.0,230628.0,-0.2806
2021-03-15,697.0,392200.0,0.3926
2021-03-16,879.0,418834.0,0.4402
2021-03-17,886.0,426273.0,0.2504
2021-03-18,907.0,415973.0,-0.0387
2021-03-19,849.0,397271.0,-2.046
2021-03-20,251.0,249955.0,-0.2986
2021-03-21,208.0,226753.0,-1.3617
2021-03-22,842.0,384572.0,-0.4262
2021-03-23,829.0,420660.0,0.6296
2021-03-24,1110.0,422002.0,0.1333
2021-03-25,1004.0,425408.0,0.3195
2021-03-26,807.0,405401.0,0.3396
2021-03-27,390.0,252157.0,-1.5532
2021-03-28,221.0,227962.0,-0.9939
2021-03-29,788.0,376131.0,-1.5427
2021-03-30,838.0,416220.0,0.1852
2021-03-31,1122.0,423604.0,-0.1683
2021-04-01,1404.0,402365.0,-0.2177
2021-04-02,527.0,340309.0,-0.0481
2021-04-03,162.0,232977.0,0.3483
2021-04-04,259.0,211641.0,0.7082
2021-04-05,521.0,318343.0,0.3151
2021-04-06,894.0,397183.0,-0.0682
2021-04-07,760.0,414740.0,0.7737
2021-04-08,795.0,407848.0,0.0884
2021-04-09,903.0,390248.0,-0.5374
2021-04-10,294.0,247005.0,-0.8871
2021-04-11,215.0,226188.0,-0.725
2021-04-12,1181.0,380105.0,-0.0353
2021-04-13,1263.0,407615.0,0.3449
2021-04-14,881.0,405065.0,0.5235
2021-04-15,976.0,408883.0,0.2808
2021-04-16,744.0,391221.0,-0.1241
2021-04-17,323.0,242394.0,-0.1618
2021-04-18,218.0,222834.0,0.3544
2021-04-19,868.0,378187.0,0.1883
2021-04-20,1079.0,409399.0,0.0856
2021-04-21,949.0,403666.0,0.3281
2021-04-22,1008.0,416210.0,0.07
2021-04-23,897.0,387641.0,-0.1126
2021-04-24,455.0,246439.0,0.6873
2021-04-25,300.0,227957.0,-0.1952
2021-04-26,848.0,380105.0,0.0157
2021-04-27,892.0,403525.0,0.4012
2021-04-28,1143.0,408538.0,0.609
2021-04-29,1107.0,410524.0,-0.203
2021-04-30,781.0,379361.0,0.1449
2021-05-01,368.0,234433.0,-0.4268
2021-05-02,241.0,215069.0,0.2289
2021-05-03,697.0,326859.0,0.025
2021-05-04,815.0,366636.0,0.3511
2021-05-05,1013.0,390845.0,-0.0549
2021-05-06,1170.0,399273.0,0.2126
2021-05-07,991.0,380651.0,0.0758
2021-05-08,359.0,249175.0,-1.0423
2021-05-09,244.0,224361.0,-0.674
2021-05-10,732.0,362397.0,0.1343
2021-05-11,1149.0,401775.0,0.145
2021-05-12,1176.0,404441.0,-0.0829
2021-05-13,893.0,378186.0,-0.2009
2021-05-14,992.0,368120.0,-0.7597
2021-05-15,287.0,233930.0,-0.446
2021-05-16,333.0,217078.0,-0.7845
2021-05-17,938.0,366389.0,0.075
2021-05-18,999.0,400577.0,0.0913
2021-05-19,876.0,407435.0,-0.0521
2021-05-20,801.0,405834.0,0.3135
2021-05-21,927.0,381142.0,0.2486
2021-05-22,325.0,241441.0,-0.0001
2021-05-23,208.0,216325.0,0.5895
2021-05-24,800.0,345639.0,0.1829
2021-05-25,958.0,392442.0,0.3158
2021-05-26,879.0,396901.0,0.5198
2021-05-27,1430.0,401744.0,-0.2019
2021-05-28,1144.0,377409.0,-0.2445
2021-05-29,250.0,232977.0,-0.067
2021-05-30,306.0,212810.0,0.7684
2021-05-31,581.0,324150.0,0.5097
2021-06-01,1167.0,376617.0,0.983
2021-06-02,1060.0,384568.0,0.7659
2021-06-03,1108.0,381811.0,0.2675
2021-06-04,968.0,369739.0,-0.6871
2021-06-05,359.0,232348.0,-0.2519
2021-06-06,195.0,213886.0,-0.6356
2021-06-07,964.0,354476.0,-0.6772
2021-06-08,1217.0,388002.0,-0.1227
2021-06-09,1836.0,392876.0,-0.4379
2021-06-10,918.0,391875.0,0.5427
2021-06-11,744.0,372657.0,0.1237
2021-06-12,242.0,231988.0,0.3417
2021-06-13,344.0,210210.0,0.7213
2021-06-14,783.0,340462.0,-0.3147
2021-06-15,756.0,388720.0,0.5647
2021-06-16,728.0,391468.0,0.5332
2021-06-17,842.0,388809.0,0.5906
2021-06-18,668.0,366728.0,0.4145
2021-06-19,343.0,225981.0,-0.0735
2021-06-20,316.0,211344.0,0.4322
2021-06-21,803.0,350375.0,0.8884
2021-06-22,815.0,382590.0,1.1351
2021-06-23,982.0,391285.0,0.6353
2021-06-24,1217.0,386663.0,-1.2773
2021-06-25,981.0,366127.0,0.4587
2021-06-26,295.0,229660.0,0.3244
2021-06-27,250.0,212448.0,0.6246
2021-06-28,852.0,353609.0,0.7703
2021-06-29,1057.0,380027.0,0.6099
2021-06-30,947.0,393756.0,0.4016
2021-07-01,914.0,389707.0,0.4696
2021-07-02,710.0,358279.0,-0.1212
2021-07-03,253.0,221766.0,-0.1245
2021-07-04,666.0,206103.0,-0.2986
2021-07-05,517.0,321800.0,-0.3134
2021-07-06,728.0,365276.0,0.4962
2021-07-07,902.0,388453.0,0.063
2021-07-08,658.0,383126.0,0.1885
2021-07-09,646.0,359733.0,0.3384
2021-07-10,209.0,225901.0,0.0408
2021-07-11,213.0,207277.0,-0.134
2021-07-12,919.0,345276.0,-1.2552
2021-07-13,762.0,379105.0,0.0162
2021-07-14,826.0,383837.0,0.2152
2021-07-15,826.0,383965.0,0.5874
2021-07-16,1084.0,362193.0,-0.045
2021-07-17,245.0,232246.0,-0.7662
2021-07-18,268.0,208346.0,0.5031
2021-07-19,774.0,341886.0,0.0842
2021-07-20,739.0,363247.0,0.3356
2021-07-21,1088.0,365772.0,0.6843
2021-07-22,896.0,364050.0,0.3737
2021-07-23,872.0,351774.0,-0.2472
2021-07-24,266.0,222263.0,-0.0372
2021-07-25,294.0,206625.0,0.0213
2021-07-26,819.0,339918.0,0.132
2021-07-27,1094.0,368488.0,0.431
2021-07-28,1047.0,372945.0,-0.1307
2021-07-29,811.0,340575.0,0.8367
2021-07-30,809.0,295176.0,-0.2691
2021-07-31,342.0,179518.0,-1.0611
2021-08-01,209.0,176789.0,-0.6689
2021-08-02,599.0,279820.0,0.5302
2021-08-03,786.0,312044.0,0.3787
2021-08-04,843.0,326653.0,0.1821
2021-08-05,833.0,312187.0,0.71
2021-08-06,574.0,275945.0,0.5754
2021-08-07,109.0,145166.0,-0.1276
2021-08-08,119.0,143688.0,0.5048
2021-08-09,632.0,257737.0,-1.3715
2021-08-10,641.0,265910.0,0.4951
2021-08-11,733.0,276749.0,0.5921
2021-08-12,660.0,269766.0,-0.5224
2021-08-13,614.0,231316.0,-1.0655
2021-08-14,102.0,109615.0,-0.647
2021-08-15,140.0,107839.0,-0.5183
2021-08-16,500.0,215053.0,-0.2966
2021-08-17,500.0,227926.0,0.4127
2021-08-18,714.0,230675.0,-0.1901
2021-08-19,1071.0,334923.0,-0.2975
2021-08-20,845.0,338763.0,-0.5955
2021-08-21,234.0,218918.0,-0.7607
2021-08-22,351.0,203092.0,-0.2767
2021-08-23,702.0,330440.0,0.1835
2021-08-24,969.0,362811.0,0.1786
2021-08-25,874.0,372972.0,1.0043
2021-08-26,854.0,364724.0,0.1717
2021-08-27,742.0,340515.0,-0.1852
2021-08-28,393.0,223521.0,-1.0791
2021-08-29,212.0,204924.0,-0.9087
2021-08-30,531.0,331616.0,0.3059
2021-08-31,783.0,368455.0,0.7451
2021-09-01,889.0,380462.0,0.3869
2021-09-02,1374.0,374522.0,-0.7488
2021-09-03,897.0,351895.0,-0.0962
2021-09-04,296.0,219237.0,-0.4889
2021-09-05,423.0,204550.0,-1.8789
2021-09-06,524.0,308314.0,0.0385
2021-09-07,791.0,357952.0,0.3659
2021-09-08,998.0,373728.0,-0.1901
2021-09-09,750.0,373589.0,0.2966
2021-09-10,593.0,357553.0,-0.3558
2021-09-11,235.0,230006.0,-0.3617
2021-09-12,176.0,206056.0,-0.3138
2021-09-13,718.0,352376.0,0.3779
2021-09-14,825.0,384076.0,0.5259
2021-09-15,892.0,384744.0,0.6316
2021-09-16,876.0,377865.0,0.0012
2021-09-17,601.0,359295.0,0.1595
2021-09-18,279.0,236146.0,-0.5842
2021-09-19,170.0,207134.0,0.0226
2021-09-20,829.0,336223.0,-0.5232
2021-09-21,810.0,361118.0,-0.4955
2021-09-22,1015.0,381335.0,0.5934
2021-09-23,1051.0,381061.0,0.0906
2021-09-24,823.0,358355.0,-0.1167
2021-09-25,488.0,242816.0,-1.2585
2021-09-26,283.0,255235.0,0.0601
2021-09-27,800.0,384149.0,-0.193
2021-09-28,1166.0,404663.0,0.0754
2021-09-29,1079.0,404109.0,-0.157
2021-09-30,942.0,401875.0,0.0681
2021-10-01,853.0,368440.0,-0.2332
2021-10-02,327.0,237694.0,-0.7957
2021-10-03,262.0,213071.0,-0.4533
2021-10-04,918.0,351991.0,0.0876
2021-10-05,1075.0,381070.0,0.2868
2021-10-06,986.0,381803.0,0.1806
2021-10-07,825.0,382699.0,0.3988
2021-10-08,779.0,368163.0,-0.0452
2021-10-09,281.0,236194.0,0.0172
2021-10-10,237.0,206244.0,-0.4039
2021-10-11,690.0,336346.0,-0.0974
2021-10-12,897.0,375436.0,0.4309
2021-10-13,888.0,384284.0,0.6421
2021-10-14,1015.0,380497.0,-0.3678
2021-10-15,913.0,356676.0,0.0441
2021-10-16,237.0,215792.0,0.0424
2021-10-17,549.0,192232.0,1.1076
2021-10-18,1114.0,343989.0,-0.0738
2021-10-19,1140.0,379717.0,0.2979
2021-10-20,968.0,385492.0,0.4704
2021-10-21,1089.0,387433.0,-0.2153
2021-10-22,1372.0,367549.0,-1.3816
2021-10-23,319.0,225010.0,-0.746
2021-10-24,220.0,196661.0,-0.9099
2021-10-25,922.0,346567.0,-0.695
2021-10-26,1014.0,376112.0,0.9833
2021-10-27,1344.0,382700.0,0.6914
2021-10-28,1414.0,381980.0,0.021
2021-10-29,1237.0,365897.0,-0.0929
2021-10-30,263.0,229379.0,-0.3645
2021-10-31,250.0,213512.0,-0.3612
2021-11-01,788.0,327454.0,0.5825
2021-11-02,830.0,370917.0,0.6715
2021-11-03,812.0,385006.0,0.8314
2021-11-04,1001.0,374907.0,0.6712
2021-11-05,920.0,355295.0,0.0318
2021-11-06,285.0,229828.0,-0.1688
2021-11-07,289.0,196085.0,0.0192
2021-11-08,923.0,349188.0,0.5215
2021-11-09,1318.0,380940.0,0.2704
2021-11-10,1109.0,385882.0,0.0324
2021-11-11,1042.0,380531.0,-0.2451
2021-11-12,1269.0,365443.0,-0.3309
2021-11-13,351.0,226276.0,0.02
2021-11-14,260.0,203937.0,-0.1902
2021-11-15,884.0,346856.0,-0.0351
2021-11-16,1137.0,374798.0,0.6242
2021-11-17,1139.0,380060.0,0.4756
2021-11-18,1149.0,381398.0,0.9035
2021-11-19,1092.0,364689.0,0.6672
2021-11-20,358.0,217797.0,0.0557
2021-11-21,194.0,194220.0,0.0688
2021-11-22,661.0,350291.0,0.8261
2021-11-23,1218.0,374933.0,0.3158
2021-11-24,1128.0,378786.0,0.1948
2021-11-25,594.0,346524.0,0.8087
2021-11-26,694.0,328773.0,1.2264
2021-11-27,543.0,217641.0,-0.0391
2021-11-28,355.0,199566.0,1.8453
2021-11-29,782.0,345904.0,0.6352
2021-11-30,910.0,377814.0,-0.0344
2021-12-01,883.0,383753.0,0.6615
2021-12-02,904.0,384100.0,0.3496
2021-12-03,1131.0,359381.0,-0.5698
2021-12-04,306.0,225440.0,-0.3889
2021-12-05,321.0,202306.0,-2.1379
2021-12-06,818.0,339338.0,-0.0135
2021-12-07,1122.0,367530.0,0.5538
2021-12-08,905.0,367730.0,0.3798
2021-12-09,834.0,381101.0,0.4928
2021-12-10,786.0,363839.0,-0.2424
2021-12-11,265.0,232820.0,-0.2033
2021-12-12,215.0,203844.0,0.2127
2021-12-13,632.0,338988.0,0.6209
2021-12-14,715.0,372356.0,0.8277
2021-12-15,823.0,382594.0,0.8456
2021-12-16,876.0,376083.0,0.6776
2021-12-17,680.0,361627.0,0.2339
2021-12-18,270.0,225028.0,-0.1658
2021-12-19,175.0,196389.0,0.0955
2021-12-20,703.0,334764.0,0.3412
2021-12-21,939.0,360679.0,-0.1425
2021-12-22,983.0,351147.0,-0.1736
2021-12-23,952.0,338407.0,-0.2948
2021-12-24,580.0,267031.0,-0.6926
2021-12-25,152.0,146777.0,-0.0376
2021-12-26,150.0,168868.0,0.3142
2021-12-27,468.0,272605.0,-0.2831
2021-12-28,594.0,305886.0,-0.2216
2021-12-29,624.0,315669.0,-0.4741
2021-12-30,558.0,311317.0,0.2425
2021-12-31,448.0,258434.0,-0.1415
2022-01-01,163.0,149414.0,0.2888
2022-01-02,151.0,161094.0,0.0704
2022-01-03,886.0,265545.0,-0.4728
2022-01-04,1538.0,333148.0,-0.1421
2022-01-05,1392.0,348263.0,0.5131
2022-01-06,950.0,332107.0,0.5955
2022-01-07,1121.0,324847.0,-0.1377
2022-01-08,306.0,217492.0,0.3569
2022-01-09,248.0,183683.0,-0.6314
2022-01-10,701.0,330918.0,0.3259
2022-01-11,1215.0,363627.0,-0.0225
2022-01-12,1073.0,371547.0,0.4607
2022-01-13,1247.0,376142.0,0.2357
2022-01-14,1014.0,354941.0,-0.1988
2022-01-15,285.0,220429.0,0.0924
2022-01-16,304.0,203402.0,0.215
2022-01-17,513.0,311847.0,0.9515
2022-01-18,866.0,361664.0,0.2711
2022-01-19,1104.0,382479.0,0.2907
2022-01-20,1060.0,380848.0,0.1447
2022-01-21,1434.0,347880.0,-0.303
2022-01-22,399.0,225195.0,0.1293
2022-01-23,226.0,199935.0,-0.0638
2022-01-24,823.0,339974.0,0.1257
2022-01-25,1095.0,368348.0,0.0571
2022-01-26,1366.0,371141.0,0.0272
2022-01-27,1332.0,374110.0,0.0809
2022-01-28,1184.0,354026.0,0.0943
2022-01-29,348.0,228536.0,-0.0172
2022-01-30,282.0,202093.0,-0.4938
2022-01-31,760.0,317480.0,0.0316
2022-02-01,1041.0,350519.0,0.1996
2022-02-02,1169.0,356034.0,0.751
2022-02-03,1025.0,356601.0,0.4187
2022-02-04,1302.0,336205.0,-0.0687
2022-02-05,358.0,221761.0,-0.1545
2022-02-06,334.0,201336.0,-0.2557
2022-02-07,858.0,321429.0,0.3568
2022-02-08,1507.0,364934.0,-0.0216
2022-02-09,1065.0,372974.0,0.4849
2022-02-10,1102.0,378488.0,-0.5401
2022-02-11,901.0,351823.0,-0.1882
2022-02-12,299.0,224659.0,-0.4302
2022-02-13,238.0,191923.0,0.1208
2022-02-14,731.0,335252.0,0.4676
2022-02-15,1060.0,359677.0,0.482
2022-02-16,1128.0,367311.0,0.4384
2022-02-17,960.0,358080.0,0.3525
2022-02-18,1060.0,348377.0,-0.4035
2022-02-19,292.0,222598.0,-0.76
2022-02-20,296.0,199600.0,-0.1346
2022-02-21,579.0,319194.0,0.3609
2022-02-22,608.0,361226.0,0.4065
2022-02-23,802.0,365179.0,0.3925
2022-02-24,840.0,386066.0,-0.3948
2022-02-25,1301.0,360034.0,-1.8846
2022-02-26,449.0,237676.0,-1.8837
2022-02-27,279.0,214606.0,-0.5141
2022-02-28,983.0,334893.0,0.0834
2022-03-01,1265.0,363562.0,-1.3172
2022-03-02,1539.0,372492.0,-0.6962
2022-03-03,833.0,367530.0,0.0635
2022-03-04,795.0,347695.0,-0.5426
2022-03-05,398.0,234698.0,-2.2003
2022-03-06,245.0,202424.0,-1.042
2022-03-07,915.0,323264.0,-1.1448
2022-03-08,798.0,360858.0,0.0635
2022-03-09,1021.0,365943.0,-0.4807
2022-03-10,850.0,367382.0,0.1293
2022-03-11,608.0,350637.0,-0.1
2022-03-12,240.0,228939.0,-0.3905
2022-03-13,214.0,203455.0,-0.604
2022-03-14,678.0,330700.0,-0.8725
2022-03-15,1111.0,364753.0,0.0282
2022-03-16,740.0,361447.0,0.3869
2022-03-17,892.0,361101.0,-0.0045
2022-03-18,661.0,331343.0,-0.2126
2022-03-19,276.0,214661.0,-0.7764
2022-03-20,138.0,193698.0,0.216
2022-03-21,648.0,327006.0,-0.1714
2022-03-22,909.0,354803.0,0.2556
2022-03-23,886.0,362106.0,0.0568
2022-03-24,918.0,362216.0,-0.205
2022-03-25,905.0,338936.0,-1.0473
2022-03-26,310.0,222133.0,-0.715
2022-03-27,178.0,198122.0,-0.0936
2022-03-28,639.0,336495.0,0.0652
2022-03-29,778.0,365474.0,-0.0017
2022-03-30,1199.0,363619.0,-0.363
2022-03-31,1301.0,369275.0,-0.9703
2022-04-01,850.0,347526.0,-0.5692
2022-04-02,263.0,223991.0,-0.3116
2022-04-03,216.0,201800.0,0.1953
2022-04-04,701.0,325907.0,0.5311
2022-04-05,903.0,342429.0,0.1175
2022-04-06,1168.0,358744.0,-0.7514
2022-04-07,851.0,361189.0,0.3039
2022-04-08,685.0,344498.0,-0.089
2022-04-09,711.0,221965.0,-1.4866
2022-04-10,471.0,192679.0,-1.2676
2022-04-11,837.0,325625.0,-0.9321
2022-04-12,813.0,351083.0,0.3792
2022-04-13,703.0,347113.0,0.7723
2022-04-14,895.0,338583.0,-0.0033
2022-04-15,590.0,286621.0,-0.4209
2022-04-16,191.0,202176.0,0.0178
2022-04-17,217.0,184221.0,-0.368
2022-04-18,659.0,280605.0,0.3454
2022-04-19,697.0,338946.0,0.4726
2022-04-20,764.0,353275.0,0.2463
2022-04-21,827.0,354960.0,0.1057
2022-04-22,699.0,332372.0,0.1908
2022-04-23,409.0,218025.0,-1.0223
2022-04-24,205.0,207563.0,0.1049
2022-04-25,719.0,314070.0,0.2626
2022-04-26,847.0,355023.0,0.8529
2022-04-27,954.0,361486.0,0.3593
2022-04-28,1090.0,360299.0,0.0153
2022-04-29,931.0,343685.0,-0.184
2022-04-30,307.0,216369.0,-0.1513
2022-05-01,234.0,188197.0,0.5739
2022-05-02,669.0,270111.0,0.271
2022-05-03,1049.0,316283.0,-0.2535
2022-05-04,1018.0,315546.0,-0.0045
2022-05-05,1084.0,339716.0,0.2936
2022-05-06,1320.0,328667.0,-0.5805
2022-05-07,356.0,210121.0,-0.5756
2022-05-08,205.0,187563.0,0.0189
2022-05-09,717.0,316210.0,-0.091
2022-05-10,894.0,344717.0,0.5905
2022-05-11,836.0,355962.0,0.2897
2022-05-12,992.0,356379.0,0.0318
2022-05-13,664.0,334329.0,0.2689
2022-05-14,187.0,210020.0,-0.0712
2022-05-15,135.0,188127.0,-0.1267
2022-05-16,728.0,322256.0,0.3708
2022-05-17,733.0,351298.0,0.5916
2022-05-18,781.0,355699.0,0.6081
2022-05-19,1030.0,345454.0,-0.2556
2022-05-20,1465.0,334078.0,-0.8118
2022-05-21,328.0,209408.0,0.0266
2022-05-22,254.0,188239.0,0.2702
2022-05-23,1513.0,317549.0,-0.3481
2022-05-24,1083.0,346990.0,0.7252
2022-05-25,857.0,352954.0,0.0899
2022-05-26,1005.0,338601.0,0.5017
2022-05-27,653.0,321489.0,0.2456
2022-05-28,209.0,199571.0,0.3036
2022-05-29,144.0,177459.0,0.5834
2022-05-30,709.0,290681.0,-0.2187
2022-05-31,912.0,330609.0,-0.3564
2022-06-01,787.0,349356.0,0.7166
2022-06-02,692.0,338784.0,0.5292
2022-06-03,696.0,302121.0,0.3171
2022-06-04,220.0,198531.0,0.0305
2022-06-05,202.0,177976.0,0.1005
2022-06-06,603.0,297964.0,0.0657
2022-06-07,735.0,332633.0,0.7934
2022-06-08,779.0,342004.0,0.2077
2022-06-09,738.0,342172.0,0.4415
2022-06-10,617.0,324489.0,0.1263
2022-06-11,260.0,202229.0,1.5835
2022-06-12,456.0,187061.0,-0.0535
2022-06-13,776.0,309089.0,-0.0849
2022-06-14,684.0,344980.0,0.6472
2022-06-15,689.0,350509.0,0.3391
2022-06-16,695.0,342247.0,0.4867
2022-06-17,586.0,327516.0,-0.0007
2022-06-18,225.0,203639.0,-0.3017
2022-06-19,276.0,191407.0,-1.9996
2022-06-20,419.0,300689.0,0.321
2022-06-21,547.0,330727.0,0.8328
2022-06-22,705.0,342014.0,0.8848
2022-06-23,679.0,339349.0,0.7103
2022-06-24,514.0,319979.0,0.4035
2022-06-25,156.0,203761.0,0.4992
2022-06-26,174.0,183333.0,-0.0194
2022-06-27,532.0,308531.0,0.4066
2022-06-28,1068.0,335644.0,-0.1098
2022-06-29,758.0,339438.0,0.0848
2022-06-30,664.0,345960.0,0.5533
2022-07-01,951.0,317063.0,0.1136
2022-07-02,237.0,191421.0,-0.4258
2022-07-03,145.0,175508.0,0.0928
2022-07-04,322.0,271611.0,0.4045
2022-07-05,699.0,313541.0,0.2016
2022-07-06,730.0,326946.0,0.2465
2022-07-07,679.0,331079.0,0.2804
2022-07-08,583.0,315489.0,-0.243
2022-07-09,191.0,194187.0,-0.5047
2022-07-10,168.0,170102.0,0.0399
2022-07-11,510.0,290863.0,0.5722
2022-07-12,803.0,322289.0,0.6861
2022-07-13,769.0,327682.0,0.3715
2022-07-14,982.0,329508.0,0.3431
2022-07-15,614.0,313185.0,0.1687
2022-07-16,198.0,195079.0,0.047
2022-07-17,161.0,174851.0,0.4851
2022-07-18,696.0,297027.0,-0.2344
2022-07-19,856.0,324463.0,0.3279
2022-07-20,831.0,326073.0,0.7064
2022-07-21,793.0,326963.0,0.6549
2022-07-22,528.0,304026.0,-0.1474
2022-07-23,213.0,188203.0,-1.0391
2022-07-24,412.0,166797.0,-1.2809
2022-07-25,1114.0,291395.0,-0.3917
2022-07-26,1095.0,320916.0,0.2474
2022-07-27,1185.0,325681.0,0.3048
2022-07-28,1749.0,324137.0,-0.1672
2022-07-29,1326.0,303231.0,-0.1732
2022-07-30,419.0,186855.0,-0.4638
2022-07-31,277.0,168632.0,-0.0065
2022-08-01,777.0,287100.0,-0.1698
2022-08-02,1019.0,311578.0,0.0462
2022-08-03,1181.0,318092.0,-0.6256
2022-08-04,887.0,320332.0,0.1047
2022-08-05,844.0,303936.0,-0.7866
2022-08-06,399.0,192105.0,-2.0612
2022-08-07,370.0,168473.0,-0.2749
2022-08-08,1086.0,282167.0,-0.4202
2022-08-09,1735.0,312403.0,0.3973
2022-08-10,1265.0,316066.0,-0.3839
2022-08-11,752.0,310892.0,-0.1414
2022-08-12,1293.0,295605.0,-0.3135
2022-08-13,369.0,186485.0,-0.0095
2022-08-14,267.0,160372.0,-0.91
2022-08-15,953.0,253689.0,-0.5595
2022-08-16,1237.0,304582.0,0.3864
2022-08-17,970.0,301311.0,0.7396
2022-08-18,776.0,310842.0,0.679
2022-08-19,605.0,287179.0,0.2062
2022-08-20,210.0,184959.0,0.0934
2022-08-21,222.0,157433.0,-0.22
2022-08-22,1108.0,278875.0,-0.7329
2022-08-23,711.0,310239.0,0.2806
2022-08-24,876.0,312470.0,0.3994
2022-08-25,892.0,316120.0,0.5774
2022-08-26,959.0,298166.0,-0.3754
2022-08-27,235.0,183513.0,-0.3815
2022-08-28,241.0,165444.0,-0.8038
2022-08-29,571.0,283308.0,0.1002
2022-08-30,909.0,309740.0,0.1626
2022-08-31,974.0,317340.0,-0.1278
2022-09-01,1449.0,320567.0,-0.5284
2022-09-02,791.0,293251.0,0.0766
2022-09-03,227.0,181172.0,-0.5705
2022-09-04,197.0,168850.0,-0.1174
2022-09-05,505.0,265087.0,0.2352
2022-09-06,930.0,307461.0,0.0415
2022-09-07,914.0,322285.0,0.6556
2022-09-08,761.0,330214.0,0.7659
2022-09-09,995.0,302233.0,0.2612
2022-09-10,406.0,193173.0,-0.134
2022-09-11,183.0,168675.0,-0.841
2022-09-12,742.0,281605.0,0.4617
2022-09-13,1034.0,321534.0,0.3286
2022-09-14,1131.0,320704.0,1.0746
2022-09-15,828.0,320866.0,0.7866
2022-09-16,744.0,298083.0,0.3683
2022-09-17,318.0,187196.0,-1.3534
2022-09-18,193.0,162340.0,-1.3895
2022-09-19,547.0,284847.0,0.2462
2022-09-20,947.0,308540.0,0.6994
2022-09-21,813.0,307396.0,0.9471
2022-09-22,762.0,305478.0,0.2402
2022-09-23,590.0,297175.0,0.5731
2022-09-24,270.0,190854.0,0.2315
2022-09-25,170.0,172469.0,0.1038
2022-09-26,654.0,288492.0,0.2977
2022-09-27,788.0,302719.0,0.7709
2022-09-28,819.0,307736.0,0.4181
2022-09-29,850.0,322433.0,0.4736
2022-09-30,747.0,307481.0,0.5487
2022-10-01,219.0,192306.0,0.203
2022-10-02,179.0,166376.0,-0.3864
2022-10-03,584.0,275727.0,0.5517
2022-10-04,892.0,295166.0,0.5195
2022-10-05,765.0,300221.0,0.4576
2022-10-06,1027.0,294110.0,-0.1743
2022-10-07,997.0,281388.0,-0.4988
2022-10-08,509.0,183911.0,-1.2582
2022-10-09,218.0,168561.0,-0.3402
2022-10-10,822.0,276211.0,-0.4484
2022-10-11,1337.0,311607.0,-0.8047
2022-10-12,1409.0,317454.0,-0.7516
2022-10-13,1090.0,317869.0,-0.6041
2022-10-14,776.0,292614.0,0.2673
2022-10-15,279.0,187582.0,0.1151
2022-10-16,236.0,167826.0,-0.0922
2022-10-17,853.0,293798.0,-0.5258
2022-10-18,1121.0,308645.0,0.1034
2022-10-19,942.0,322529.0,0.9432
2022-10-20,810.0,321430.0,0.4786
2022-10-21,665.0,301790.0,0.2047
2022-10-22,199.0,179589.0,-0.2022
2022-10-23,142.0,156398.0,-0.0215
2022-10-24,604.0,280361.0,0.0696
2022-10-25,770.0,312975.0,0.7175
2022-10-26,950.0,314064.0,0.1215
2022-10-27,1129.0,311772.0,-0.1841
2022-10-28,981.0,296473.0,-0.1915
2022-10-29,368.0,177538.0,-2.538
2022-10-30,186.0,162010.0,-0.5897
2022-10-31,716.0,282128.0,0.1955
2022-11-01,729.0,290922.0,0.6052
2022-11-02,778.0,302413.0,0.4033
2022-11-03,887.0,305585.0,0.311
2022-11-04,820.0,287557.0,0.2828
2022-11-05,286.0,162216.0,-0.5361
2022-11-06,220.0,166754.0,-0.4447
2022-11-07,747.0,281263.0,0.4429
2022-11-08,879.0,306702.0,0.3421
2022-11-09,948.0,327495.0,0.6785
2022-11-10,798.0,288809.0,0.8561
2022-11-11,73.0,34797.0,0.3338
2022-11-12,298.0,193140.0,-0.3594
2022-11-13,269.0,165166.0,-0.2375
2022-11-14,898.0,290251.0,1.8469
2022-11-15,945.0,316797.0,0.8253
2022-11-16,1199.0,320652.0,0.5024
2022-11-17,1037.0,321268.0,0.5162
2022-11-18,589.0,302368.0,0.5039
2022-11-19,303.0,190672.0,-0.2866
2022-11-20,240.0,170315.0,-0.0665
2022-11-21,1441.0,284147.0,0.4441
2022-11-22,679.0,304500.0,0.7114
2022-11-23,691.0,303719.0,0.7695
2022-11-24,444.0,273705.0,0.487
2022-11-25,583.0,261208.0,2.4648
2022-11-26,192.0,171364.0,1.0339
2022-11-27,193.0,150557.0,0.6162
2022-11-28,549.0,279657.0,0.5047
2022-11-29,799.0,308618.0,0.8759
2022-11-30,703.0,314152.0,0.7584
2022-12-01,932.0,312330.0,0.6624
2022-12-02,720.0,292950.0,0.2906
2022-12-03,241.0,173559.0,0.662
2022-12-04,275.0,156942.0,-1.1642
2022-12-05,661.0,281428.0,-0.1916
2022-12-06,1001.0,305719.0,0.2981
2022-12-07,906.0,313894.0,0.3278
2022-12-08,835.0,300585.0,-0.7538
2022-12-09,869.0,288145.0,0.8249
2022-12-10,239.0,180220.0,-0.1081
2022-12-11,180.0,155005.0,-0.8427
2022-12-12,631.0,277006.0,0.8114
2022-12-13,950.0,306020.0,0.5765
2022-12-14,708.0,309803.0,0.9239
2022-12-15,782.0,312359.0,0.4586
2022-12-16,568.0,288582.0,0.6189
2022-12-17,279.0,183832.0,-0.3665
2022-12-18,205.0,162134.0,0.4563
2022-12-19,917.0,268857.0,3.0841
2022-12-20,531.0,293918.0,0.7064
2022-12-21,556.0,296605.0,0.5566
2022-12-22,697.0,287838.0,0.0515
2022-12-23,525.0,261269.0,-0.0724
2022-12-24,167.0,167997.0,0.3516
2022-12-25,112.0,132077.0,0.1699
2022-12-26,269.0,191725.0,-0.2256
2022-12-27,393.0,240831.0,0.5669
2022-12-28,366.0,254179.0,0.1977
2022-12-29,399.0,254727.0,0.1653
2022-12-30,471.0,240408.0,-0.2554
2022-12-31,243.0,169513.0,-0.9448
2023-01-01,257.0,140639.0,0.4347
2023-01-02,431.0,196619.0,0.3148
2023-01-03,1158.0,259205.0,0.9204
2023-01-04,968.0,281813.0,0.9685
2023-01-05,1142.0,288347.0,0.6667
2023-01-06,746.0,262980.0,0.8683
2023-01-07,243.0,180287.0,0.196
2023-01-08,192.0,164972.0,0.1326
2023-01-09,669.0,281757.0,0.5543
2023-01-10,884.0,306052.0,0.2541
2023-01-11,820.0,317953.0,0.6136
2023-01-12,890.0,312337.0,0.2546
2023-01-13,650.0,302127.0,0.4757
2023-01-14,239.0,189573.0,-0.0643
2023-01-15,155.0,167911.0,-0.055
2023-01-16,433.0,264487.0,0.1898
2023-01-17,952.0,303927.0,-0.0205
2023-01-18,764.0,299365.0,0.4767
2023-01-19,598.0,316959.0,0.6423
2023-01-20,634.0,298873.0,0.0694
2023-01-21,218.0,193080.0,-0.0841
2023-01-22,197.0,174705.0,-0.0594
2023-01-23,615.0,274233.0,0.7045
2023-01-24,678.0,301603.0,0.2889
2023-01-25,859.0,302883.0,-0.1305
2023-01-26,930.0,302079.0,0.2628
2023-01-27,918.0,284523.0,-0.347
2023-01-28,306.0,189050.0,-0.3207
2023-01-29,244.0,173510.0,-0.3579
2023-01-30,745.0,285136.0,0.2679
2023-01-31,1008.0,318363.0,0.0712
2023-02-01,1018.0,327450.0,0.4207
2023-02-02,933.0,319333.0,0.1417
2023-02-03,671.0,299673.0,0.3095
2023-02-04,338.0,186889.0,-0.3174
2023-02-05,380.0,168644.0,-0.8832
2023-02-06,947.0,290263.0,-0.5985
2023-02-07,900.0,310033.0,0.1411
2023-02-08,1219.0,317887.0,-0.1611
2023-02-09,875.0,318267.0,0.4515
2023-02-10,620.0,301177.0,0.1835
2023-02-11,227.0,186318.0,-0.8242
2023-02-12,218.0,167956.0,1.5992
2023-02-13,850.0,285171.0,-0.1938
2023-02-14,734.0,314457.0,0.5143
2023-02-15,747.0,312198.0,0.2135
2023-02-16,865.0,315298.0,0.4025
2023-02-17,787.0,302132.0,-0.2691
2023-02-18,269.0,187706.0,-0.6356
2023-02-19,169.0,169363.0,-0.865
2023-02-20,607.0,269768.0,-0.3845
2023-02-21,913.0,298605.0,-0.2181
2023-02-22,983.0,312263.0,0.1549
2023-02-23,994.0,309921.0,0.493
2023-02-24,712.0,296070.0,-0.0459
2023-02-25,274.0,188727.0,-0.2319
2023-02-26,210.0,167176.0,0.0124
2023-02-27,689.0,276826.0,0.9789
2023-02-28,1052.0,316974.0,0.9242
2023-03-01,964.0,321560.0,0.4339
2023-03-02,890.0,314858.0,0.0367
2023-03-03,768.0,298879.0,0.826
2023-03-04,359.0,187888.0,0.2307
2023-03-05,216.0,171832.0,-0.0787
2023-03-06,1171.0,286181.0,-1.3597
2023-03-07,1039.0,317599.0,-0.2766
2023-03-08,801.0,296557.0,0.2692
2023-03-09,844.0,313880.0,0.3297
2023-03-10,822.0,309433.0,0.4302
2023-03-11,489.0,190449.0,-0.3606
2023-03-12,347.0,178272.0,-0.9172
2023-03-13,616.0,301583.0,0.7919
2023-03-14,691.0,300704.0,0.7306
2023-03-15,789.0,319310.0,0.6837
2023-03-16,702.0,321815.0,0.538
2023-03-17,570.0,300657.0,0.6829
2023-03-18,288.0,190804.0,0.5628
2023-03-19,252.0,173702.0,0.1206
2023-03-20,687.0,293350.0,0.7408
2023-03-21,865.0,282625.0,1.0482
2023-03-22,266.0,70536.0,0.8805
2023-03-24,315.0,114693.0,0.6418
2023-03-25,1232.0,303358.0,-0.0388
2023-03-26,642.0,275351.0,0.1678
2023-03-27,539.0,200122.0,0.8328
2023-03-28,471.0,161399.0,0.7533
2023-03-29,480.0,185071.0,0.6737
2023-03-30,504.0,198190.0,0.8614
2023-03-31,646.0,204585.0,0.3836
2023-04-01,279.0,124010.0,0.0632
2023-04-02,272.0,133210.0,-0.289
2023-04-03,449.0,159996.0,-0.0256
2023-04-04,512.0,177020.0,0.2346
2023-04-05,477.0,174801.0,0.3721
2023-04-06,367.0,142578.0,0.8081
2023-04-07,386.0,155735.0,0.477
2023-04-08,236.0,130472.0,0.5011
2023-04-09,166.0,102382.0,0.7736
2023-04-10,633.0,180359.0,0.1545
2023-04-11,483.0,175407.0,0.0387
2023-04-12,515.0,181297.0,0.7064
2023-04-13,643.0,207376.0,0.331
2023-04-14,431.0,154674.0,0.4015
2023-04-15,258.0,130206.0,-0.1816
2023-04-16,174.0,99152.0,0.5803
2023-04-17,476.0,181639.0,-0.121
2023-04-18,397.0,158147.0,0.9676
2023-04-19,529.0,158844.0,0.729
2023-04-20,581.0,173833.0,0.5766
2023-04-21,425.0,150746.0,-0.0113
2023-04-22,226.0,143815.0,0.2933
2023-04-23,190.0,115998.0,0.657
2023-04-24,438.0,191834.0,0.4445
2023-04-25,584.0,208250.0,0.33
2023-04-26,813.0,246855.0,0.7818
2023-04-27,781.0,217849.0,0.2469
2023-04-28,606.0,182743.0,0.167
2023-04-29,405.0,190655.0,0.1122
2023-04-30,300.0,135077.0,0.4393
2023-05-01,401.0,123206.0,-0.0879
2023-05-02,540.0,222971.0,0.3657
2023-05-03,685.0,214717.0,0.3873
2023-05-04,492.0,158442.0,0.2211
2023-05-05,593.0,225937.0,0.7874
2023-05-06,151.0,118826.0,1.1454
2023-05-07,149.0,139368.0,0.1774
2023-05-08,338.0,159481.0,0.7145
2023-05-09,427.0,175039.0,0.6786
2023-05-10,583.0,204332.0,0.5328
2023-05-11,554.0,229854.0,0.5675
2023-05-12,515.0,229639.0,0.9693
2023-05-13,277.0,181160.0,0.8451
2023-05-14,238.0,155909.0,0.2518
2023-05-15,539.0,182377.0,0.0902
2023-05-16,538.0,182404.0,0.765
2023-05-17,547.0,251305.0,1.2705
2023-05-18,695.0,239021.0,0.5611
2023-05-19,531.0,199360.0,0.9073
2023-05-20,229.0,121525.0,0.6029
2023-05-21,306.0,162368.0,-0.2008
2023-05-22,689.0,170934.0,-0.4469
2023-05-23,550.0,188497.0,0.6744
2023-05-24,573.0,198932.0,0.4618
2023-05-25,788.0,188604.0,0.2463
2023-05-26,964.0,220047.0,-0.2985
2023-05-27,287.0,111903.0,0.2521
2023-05-28,230.0,145487.0,0.658
2023-05-29,678.0,184271.0,0.7123
2023-05-30,1007.0,227955.0,0.9204
2023-05-31,806.0,206794.0,-0.119
2023-06-01,707.0,198164.0,0.5774
2023-06-02,567.0,172863.0,0.0849
2023-06-03,378.0,154690.0,0.1196
2023-06-04,226.0,108042.0,-0.6299
2023-06-05,899.0,191281.0,1.1384
2023-06-06,532.0,184942.0,0.6928
2023-06-07,494.0,172887.0,0.4508
2023-06-08,671.0,219702.0,0.357
2023-06-09,541.0,198525.0,0.7118
2023-06-10,214.0,130169.0,0.2047
2023-06-11,238.0,130689.0,0.7785
2023-06-12,621.0,196856.0,-0.412
2023-06-13,928.0,228058.0,0.7038
2023-06-14,558.0,176548.0,1.0028
2023-06-15,610.0,239043.0,0.4308
2023-06-16,543.0,190866.0,0.6656
2023-06-17,336.0,184671.0,1.2665
2023-06-18,356.0,141469.0,0.3418
2023-06-19,672.0,215961.0,0.2687
2023-06-20,838.0,248094.0,0.7787
2023-06-21,523.0,191505.0,0.9783
2023-06-22,879.0,217436.0,0.4269
2023-06-23,597.0,164286.0,0.6149
2023-06-24,418.0,150571.0,0.5412
2023-06-25,180.0,115605.0,0.1894
2023-06-26,452.0,186551.0,0.7581
2023-06-27,552.0,205058.0,0.7379
2023-06-28,642.0,156133.0,0.2282
2023-06-29,484.0,173541.0,0.8035
2023-06-30,473.0,137220.0,0.3656
2023-07-01,281.0,105350.0,0.2319
2023-07-02,177.0,113633.0,-0.1624
2023-07-03,465.0,152277.0,0.0785
2023-07-04,424.0,170177.0,-0.1072
2023-07-05,626.0,204654.0,-0.1203
2023-07-06,482.0,169344.0,0.173
2023-07-07,437.0,169874.0,0.2607
2023-07-08,175.0,121211.0,0.1036
2023-07-09,282.0,105312.0,-1.4559
2023-07-10,357.0,121427.0,1.5855
2023-07-11,679.0,180749.0,0.2421
2023-07-12,844.0,221146.0,0.7805
2023-07-13,632.0,201517.0,0.7276
2023-07-14,575.0,250255.0,0.5163
2023-07-15,241.0,150412.0,0.5026
2023-07-16,210.0,129567.0,0.4665
2023-07-17,580.0,168993.0,-0.0653
2023-07-18,619.0,215063.0,0.6969
2023-07-19,526.0,168726.0,0.3502
2023-07-20,827.0,234158.0,0.5038
2023-07-21,606.0,153281.0,0.1052
2023-07-22,208.0,119347.0,1.106
2023-07-23,182.0,134265.0,0.2573
2023-07-24,508.0,178910.0,0.3254
2023-07-25,412.0,162431.0,0.8922
2023-07-26,417.0,184012.0,0.8449
2023-07-27,639.0,193166.0,0.4443
2023-07-28,807.0,177866.0,0.3291
2023-07-29,256.0,114536.0,1.0909
2023-07-30,302.0,131652.0,1.1351
2023-07-31,448.0,170551.0,1.1257
2023-08-01,425.0,160689.0,1.223
2023-08-02,548.0,163431.0,0.3117
2023-08-03,528.0,171686.0,0.1769
2023-08-04,520.0,188801.0,0.9797
2023-08-05,167.0,118097.0,0.8811
2023-08-06,185.0,128373.0,0.2535
2023-08-07,335.0,152833.0,0.6129
2023-08-08,441.0,159650.0,0.874
2023-08-09,585.0,200807.0,0.8851
2023-08-10,481.0,165572.0,0.2993
2023-08-11,311.0,119826.0,0.4345
2023-08-12,187.0,136369.0,0.4322
2023-08-13,269.0,139259.0,0.396
2023-08-14,543.0,180452.0,-0.8382
2023-08-15,624.0,206681.0,0.5532
2023-08-16,520.0,156746.0,0.2637
2023-08-17,637.0,176620.0,0.3768
2023-08-18,525.0,172620.0,0.476
2023-08-19,185.0,128668.0,-0.0659
2023-08-20,138.0,106747.0,0.1495
2023-08-21,443.0,137610.0,0.2976
2023-08-22,782.0,188326.0,0.4985
2023-08-23,853.0,183569.0,0.4721
2023-08-24,1127.0,201967.0,0.4231
2023-08-25,887.0,239086.0,0.1244
2023-08-26,307.0,135192.0,1.1518
2023-08-27,308.0,109762.0,1.1435
2023-08-28,472.0,177593.0,0.8953
2023-08-29,711.0,194634.0,0.5178
2023-08-30,779.0,202820.0,0.8164
2023-08-31,587.0,215682.0,0.6986
2023-09-01,515.0,178650.0,0.8271
2023-09-02,257.0,135276.0,0.8479
2023-09-03,214.0,133756.0,0.4251
2023-09-04,422.0,174166.0,-0.3415
2023-09-05,346.0,132026.0,0.9858
2023-09-06,619.0,211743.0,0.5217
2023-09-07,597.0,207516.0,0.3047
2023-09-08,571.0,175239.0,0.2064
2023-09-09,323.0,140091.0,1.2963
2023-09-10,163.0,102947.0,0.8087
2023-09-11,848.0,222270.0,0.2861
2023-09-12,907.0,236057.0,1.1923
2023-09-13,501.0,161821.0,0.3909
2023-09-14,636.0,179699.0,0.5203
2023-09-15,542.0,182186.0,0.1415
2023-09-16,310.0,144765.0,0.1951
2023-09-17,267.0,163555.0,0.3477
2023-09-18,583.0,181688.0,0.7976
2023-09-19,467.0,167576.0,0.7155
2023-09-20,665.0,190494.0,1.0491
2023-09-21,523.0,171085.0,0.7559
2023-09-22,629.0,178163.0,-0.7865
2023-09-23,253.0,124795.0,0.9665
2023-09-24,296.0,142852.0,0.604
2023-09-25,485.0,173426.0,0.6028
2023-09-26,488.0,182311.0,0.9737
2023-09-27,420.0,154549.0,1.3137
2023-09-28,434.0,199824.0,0.5679
2023-09-29,384.0,160465.0,0.2344
2023-09-30,288.0,149281.0,1.2315
2023-10-01,205.0,135610.0,0.3243
2023-10-02,342.0,154452.0,0.8211
2023-10-03,448.0,171328.0,0.7346
2023-10-04,460.0,186699.0,0.588
2023-10-05,519.0,216375.0,0.9728
2023-10-06,409.0,173083.0,0.3862
2023-10-07,202.0,91076.0,0.6084
2023-10-08,155.0,91899.0,0.571
2023-10-09,277.0,115533.0,0.3215
2023-10-10,379.0,126608.0,1.0004
2023-10-11,384.0,130540.0,0.5647
2023-10-12,428.0,169262.0,0.6088
2023-10-13,359.0,146885.0,0.2293
2023-10-14,189.0,95863.0,0.1641
2023-10-15,107.0,78624.0,0.1419
2023-10-16,410.0,132815.0,0.7185
2023-10-17,666.0,187328.0,0.2772
2023-10-18,701.0,169905.0,-0.083
2023-10-19,495.0,176409.0,0.6722
2023-10-20,318.0,114128.0,0.0831
2023-10-21,298.0,119189.0,-1.4238
2023-10-22,148.0,84977.0,-0.8596
2023-10-23,542.0,158369.0,0.0424
2023-10-24,498.0,177655.0,0.8993
2023-10-25,580.0,215109.0,1.0004
2023-10-26,510.0,170559.0,0.7478
2023-10-27,599.0,170450.0,0.8632
2023-10-28,246.0,146274.0,0.8658
2023-10-29,204.0,110515.0,1.1372
2023-10-30,401.0,129977.0,0.7616
2023-10-31,708.0,169323.0,0.9748
2023-11-01,462.0,147785.0,1.0675
2023-11-02,452.0,166904.0,0.8517
2023-11-03,351.0,152405.0,0.7871
2023-11-04,176.0,101032.0,1.2042
2023-11-05,204.0,127561.0,0.7785
2023-11-06,408.0,155960.0,1.3822
2023-11-07,486.0,170213.0,1.3218
2023-11-08,489.0,149959.0,1.2632
2023-11-09,515.0,209336.0,0.9742
2023-11-10,480.0,200923.0,0.7883
2023-11-11,146.0,115041.0,0.7142
2023-11-12,152.0,93017.0,-0.3135
2023-11-13,347.0,133433.0,0.4189
2023-11-14,471.0,186310.0,1.0644
2023-11-15,494.0,140627.0,0.4061
2023-11-16,438.0,129541.0,1.2342
2023-11-17,587.0,189962.0,0.463
2023-11-18,288.0,125998.0,0.6066
2023-11-19,191.0,124886.0,0.9167
2023-11-20,446.0,134001.0,0.0918
2023-11-21,671.0,198767.0,0.7474
2023-11-22,660.0,176058.0,0.7142
2023-11-23,371.0,172245.0,0.4403
2023-11-24,516.0,180849.0,1.039
2023-11-25,206.0,133930.0,1.1086
2023-11-26,154.0,110676.0,1.19
2023-11-27,452.0,164316.0,1.1606
2023-11-28,547.0,223500.0,0.8474
2023-11-29,473.0,184122.0,0.7329
2023-11-30,509.0,194331.0,0.0834
2023-12-01,382.0,151027.0,0.3366
2023-12-02,169.0,120770.0,0.864
2023-12-03,141.0,133714.0,0.046
2023-12-04,375.0,157134.0,0.3913
2023-12-05,442.0,169039.0,0.8208
2023-12-06,436.0,186015.0,0.9493
2023-12-07,647.0,196748.0,0.8372
2023-12-08,616.0,215467.0,0.9634
2023-12-09,176.0,116866.0,0.9789
2023-12-10,117.0,103600.0,0.7954
2023-12-11,377.0,124992.0,0.8636
2023-12-12,599.0,219548.0,1.363
2023-12-13,545.0,218833.0,0.7573
2023-12-14,475.0,160802.0,0.8968
2023-12-15,493.0,156187.0,0.8741
2023-12-16,259.0,121961.0,0.2754
2023-12-17,232.0,151582.0,0.5561
2023-12-18,303.0,141168.0,0.3699
2023-12-19,478.0,214015.0,0.8652
2023-12-20,420.0,178715.0,0.9106
2023-12-21,336.0,155154.0,0.6736
2023-12-22,408.0,183833.0,0.3654
2023-12-23,255.0,156584.0,0.4805
2023-12-24,143.0,108256.0,0.4506
2023-12-25,87.0,67702.0,0.9495
2023-12-26,463.0,156946.0,0.7643
2023-12-27,369.0,174484.0,0.3371
2023-12-28,288.0,157864.0,0.8736
2023-12-29,490.0,157500.0,0.2793
2023-12-30,220.0,111724.0,0.194
2023-12-31,188.0,129642.0,0.2386
2024-01-01,130.0,89190.0,-0.0242
2024-01-02,319.0,113699.0,0.238
2024-01-03,465.0,140100.0,-0.2063
2024-01-04,584.0,171729.0,0.7788
2024-01-05,371.0,159932.0,0.8497
2024-01-06,208.0,138110.0,0.7865
2024-01-07,265.0,119268.0,1.7136
2024-01-08,521.0,145645.0,1.3618
2024-01-09,858.0,177323.0,1.1378
2024-01-10,544.0,166167.0,1.2072
2024-01-11,538.0,195500.0,0.964
2024-01-12,423.0,172514.0,0.9063
2024-01-13,327.0,147067.0,0.2737
2024-01-14,211.0,111874.0,0.4841
2024-01-15,243.0,138847.0,0.4422
2024-01-16,361.0,139504.0,1.0374
2024-01-17,529.0,187584.0,0.8992
2024-01-18,366.0,123453.0,0.8108
2024-01-19,444.0,129124.0,0.3561
2024-01-20,246.0,117394.0,-0.2336
2024-01-21,138.0,85576.0,0.311
2024-01-22,412.0,130299.0,0.6053
2024-01-23,324.0,119743.0,0.7515
2024-01-24,426.0,133013.0,1.0744
2024-01-25,655.0,188441.0,0.9016
2024-01-26,612.0,197000.0,0.5143
2024-01-27,405.0,162317.0,0.37
2024-01-28,257.0,107314.0,0.816
2024-01-29,438.0,144438.0,0.6357
2024-01-30,557.0,193756.0,1.1015
2024-01-31,609.0,187171.0,0.8082
2024-02-01,441.0,170741.0,0.9889
2024-02-02,462.0,169964.0,1.1724
2024-02-03,217.0,132987.0,0.948
2024-02-04,213.0,138854.0,0.6151
2024-02-05,291.0,143659.0,0.496
2024-02-06,520.0,194393.0,1.0009
2024-02-07,359.0,159546.0,0.7797
2024-02-08,467.0,183884.0,0.3707
2024-02-09,634.0,201755.0,0.7152
2024-02-10,269.0,117498.0,0.7559
2024-02-11,178.0,115592.0,0.7744
2024-02-12,488.0,164793.0,0.8549
2024-02-13,377.0,139338.0,1.0083
2024-02-14,533.0,189036.0,0.7317
2024-02-15,913.0,225807.0,0.3427
2024-02-16,673.0,220300.0,0.6102
2024-02-17,280.0,146161.0,0.387
2024-02-18,229.0,129679.0,0.8262
2024-02-19,457.0,169937.0,0.9779
2024-02-20,691.0,211561.0,0.8207
2024-02-21,918.0,200552.0,0.6031
2024-02-22,1229.0,198098.0,0.9955
2024-02-23,547.0,105832.0,0.1711
2024-02-24,489.0,161543.0,1.1203
2024-02-25,367.0,150623.0,0.8724
2024-02-26,659.0,138508.0,1.0878
2024-02-27,518.0,150279.0,0.912
2024-02-28,672.0,206743.0,0.7985
2024-02-29,749.0,200452.0,0.8889
2024-03-01,643.0,187716.0,0.9389
2024-03-02,340.0,144391.0,0.8873
2024-03-03,291.0,131509.0,0.7571
2024-03-04,622.0,184811.0,0.9168
2024-03-05,653.0,190856.0,0.8005
2024-03-06,636.0,193126.0,0.5213
2024-03-07,557.0,186762.0,0.6036
2024-03-08,641.0,160527.0,0.4217
2024-03-09,371.0,170167.0,1.0709
2024-03-10,330.0,170218.0,1.0273
2024-03-11,824.0,198731.0,0.8003
2024-03-12,580.0,170229.0,0.3067
2024-03-13,746.0,171085.0,0.1195
2024-03-14,576.0,162980.0,0.7229
2024-03-15,491.0,160201.0,0.8058
2024-03-16,267.0,137076.0,1.1463
2024-03-17,276.0,161071.0,0.8673
2024-03-18,698.0,175371.0,1.081
2024-03-19,992.0,175743.0,1.6087
2024-03-20,1128.0,210514.0,0.8505
2024-03-21,738.0,185451.0,1.1085
2024-03-22,486.0,165658.0,0.5935
2024-03-23,308.0,145095.0,0.6449
2024-03-24,296.0,123510.0,0.9979
2024-03-25,592.0,177504.0,0.5394
2024-03-26,588.0,177318.0,1.0429
2024-03-27,535.0,177554.0,0.9138
2024-03-28,589.0,192006.0,0.9246
2024-03-29,481.0,190037.0,0.9207
2024-03-30,271.0,160171.0,0.9082
2024-03-31,220.0,112476.0,1.4484
2024-04-01,477.0,179197.0,0.6476
2024-04-02,430.0,172285.0,1.0857
2024-04-03,1236.0,202407.0,-2.1432
2024-04-04,886.0,216408.0,-0.513
2024-04-05,599.0,190455.0,0.8295
2024-04-06,428.0,175582.0,0.5091
2024-04-07,328.0,147984.0,0.8846
2024-04-08,783.0,211851.0,0.7689
2024-04-09,695.0,177471.0,0.8481
2024-04-10,626.0,169668.0,0.8768
2024-04-11,643.0,213093.0,0.6991
2024-04-12,562.0,187191.0,0.5995
2024-04-13,326.0,159360.0,0.1842
2024-04-14,286.0,129714.0,1.0598
2024-04-15,535.0,169485.0,0.8273
2024-04-16,622.0,201421.0,1.3802
2024-04-17,653.0,166613.0,0.6061
2024-04-18,880.0,202250.0,0.3809
2024-04-19,579.0,161605.0,0.0094
2024-04-20,454.0,156319.0,0.3098
2024-04-21,255.0,114106.0,0.8787
2024-04-22,672.0,179557.0,0.3226
2024-04-23,609.0,171217.0,0.4568
2024-04-24,779.0,188471.0,0.6029
2024-04-25,728.0,188895.0,0.8831
2024-04-26,736.0,172376.0,0.2237
2024-04-27,376.0,153287.0,0.6004
2024-04-28,214.0,106130.0,1.0498
2024-04-29,491.0,165371.0,1.1419
2024-04-30,663.0,180860.0,1.2198
2024-05-01,377.0,106687.0,0.4649
2024-05-02,616.0,160421.0,0.0891
2024-05-03,299.0,125042.0,0.6697
2024-05-04,367.0,148807.0,0.8211
2024-05-05,216.0,104511.0,0.671
2024-05-06,346.0,124470.0,0.9097
2024-05-07,663.0,186112.0,1.1034
2024-05-08,490.0,151518.0,0.8151
2024-05-09,502.0,164963.0,0.749
2024-05-10,425.0,133533.0,0.501
2024-05-11,378.0,135497.0,1.0138
2024-05-12,296.0,118000.0,1.6411
2024-05-13,475.0,144350.0,1.0376
2024-05-14,490.0,190244.0,1.2695
2024-05-15,458.0,182168.0,1.229
2024-05-16,616.0,181943.0,0.6741
2024-05-17,511.0,163695.0,0.8382
2024-05-18,319.0,145343.0,0.8931
2024-05-19,206.0,116596.0,-0.1196
2024-05-20,615.0,161508.0,0.8832
2024-05-21,645.0,153208.0,0.9346
2024-05-22,777.0,188956.0,0.8367
2024-05-23,1128.0,219577.0,0.8751
2024-05-24,487.0,131007.0,0.2552
2024-05-25,241.0,122656.0,1.0955
2024-05-26,361.0,128158.0,1.3199
2024-05-27,556.0,193092.0,0.7842
2024-05-28,682.0,196673.0,0.9033
2024-05-29,603.0,170678.0,0.8008
2024-05-30,733.0,210164.0,0.8093
2024-05-31,683.0,207963.0,0.7259
2024-06-01,339.0,156486.0,0.9786
2024-06-02,425.0,138518.0,1.9516
2024-06-03,901.0,188558.0,0.9185
2024-06-04,731.0,166875.0,1.2101
2024-06-05,878.0,200349.0,1.1717
2024-06-06,964.0,208943.0,0.65
2024-06-07,833.0,231597.0,0.6899
2024-06-08,485.0,158057.0,-0.2832
2024-06-09,300.0,142147.0,0.9005
2024-06-10,605.0,167634.0,0.7811
2024-06-11,1003.0,204509.0,1.2996
2024-06-12,528.0,136133.0,0.8274
2024-06-13,704.0,197821.0,0.8843
2024-06-14,421.0,165027.0,0.8063
2024-06-15,338.0,159259.0,0.7122
2024-06-16,232.0,120864.0,1.2466
2024-06-17,378.0,119322.0,0.6425
2024-06-18,897.0,213094.0,1.0463
2024-06-19,896.0,231003.0,0.9541
2024-06-20,724.0,190574.0,0.9484
2024-06-21,547.0,149776.0,0.4717
2024-06-22,292.0,131907.0,0.8659
2024-06-23,244.0,112752.0,0.9278
2024-06-24,605.0,163971.0,0.0697
2024-06-25,707.0,160539.0,-0.0209
2024-06-26,877.0,201405.0,0.5364
2024-06-27,875.0,226072.0,0.7182
2024-06-28,659.0,206227.0,0.978
2024-06-29,370.0,157556.0,1.0385
2024-06-30,291.0,141539.0,1.0398
2024-07-01,455.0,160604.0,0.4637
2024-07-02,547.0,179768.0,0.7876
2024-07-03,432.0,177855.0,0.7321
2024-07-04,511.0,193278.0,1.3121
2024-07-05,685.0,199750.0,1.0157
2024-07-06,369.0,157083.0,0.7312
2024-07-07,261.0,130927.0,1.0471
2024-07-08,442.0,147898.0,0.716
2024-07-09,432.0,152804.0,1.1725
2024-07-10,651.0,215933.0,0.5697
2024-07-11,667.0,205430.0,0.8141
2024-07-12,695.0,198313.0,0.6371
2024-07-13,282.0,132717.0,0.7954
2024-07-14,262.0,140079.0,1.0388
2024-07-15,854.0,191877.0,0.4606
2024-07-16,737.0,182588.0,1.279
2024-07-17,809.0,184270.0,0.4153
2024-07-18,826.0,182116.0,0.4622
2024-07-19,559.0,184219.0,0.3386
2024-07-20,297.0,164644.0,0.4598
2024-07-21,291.0,150044.0,0.7976
2024-07-22,294.0,89543.0,0.6218
2024-07-23,654.0,190208.0,0.7409
2024-07-24,616.0,173006.0,0.4173
2024-07-25,505.0,144518.0,0.5025
2024-07-26,603.0,165640.0,0.5441
2024-07-27,270.0,122465.0,0.9474
2024-07-28,257.0,95008.0,1.0179
2024-07-29,504.0,162348.0,0.4864
2024-07-30,617.0,190973.0,0.6934
2024-07-31,811.0,198619.0,0.5808
2024-08-01,881.0,189920.0,0.0544
2024-08-02,967.0,178894.0,-1.2899
2024-08-03,385.0,140406.0,0.0293
2024-08-04,278.0,110426.0,0.1786
2024-08-05,469.0,79248.0,-1.7486
2024-08-06,890.0,149617.0,-0.9748
2024-08-07,639.0,170721.0,0.0297
2024-08-08,645.0,165274.0,-0.0621
2024-08-09,616.0,166906.0,0.1199
2024-08-10,311.0,118279.0,0.7146
2024-08-11,157.0,89140.0,1.0118
2024-08-12,372.0,136137.0,0.4345
2024-08-13,576.0,185310.0,0.617
2024-08-14,618.0,199813.0,0.5058
2024-08-15,507.0,179147.0,0.8026
2024-08-16,417.0,128548.0,0.662
2024-08-17,338.0,138475.0,0.8586
2024-08-18,288.0,136961.0,0.9669
2024-08-19,499.0,160250.0,0.5906
2024-08-20,402.0,104431.0,0.7094
2024-08-21,568.0,194803.0,0.5748
2024-08-22,516.0,197770.0,1.3709
2024-08-23,552.0,157712.0,0.3499
2024-08-24,331.0,156573.0,0.9042
2024-08-25,320.0,129669.0,0.7767
2024-08-26,494.0,167063.0,0.5028
2024-08-27,771.0,198998.0,0.4746
2024-08-28,950.0,178875.0,0.906
2024-08-29,1090.0,186736.0,0.6569
2024-08-30,780.0,179304.0,0.7097
2024-08-31,312.0,111009.0,1.0373
2024-09-01,307.0,116407.0,0.9947
2024-09-02,599.0,209420.0,0.8756
2024-09-03,700.0,206592.0,0.2867
2024-09-04,1192.0,199483.0,-0.7242
2024-09-05,776.0,180598.0,1.2171
2024-09-06,765.0,190187.0,0.3853
2024-09-07,366.0,125417.0,0.4323
2024-09-08,368.0,130729.0,-0.1649
2024-09-09,556.0,163112.0,0.2327
2024-09-10,769.0,238194.0,1.2046
2024-09-11,566.0,179121.0,0.8229
2024-09-12,594.0,168826.0,0.8903
2024-09-13,645.0,205431.0,1.0344
2024-09-14,422.0,152195.0,1.2804
2024-09-15,266.0,124319.0,0.6459
2024-09-16,415.0,132386.0,0.8539
2024-09-17,612.0,163393.0,0.7394
2024-09-18,658.0,221249.0,0.8162
2024-09-19,480.0,188977.0,0.6904
2024-09-20,576.0,224012.0,0.8276
2024-09-21,333.0,148285.0,0.3627
2024-09-22,335.0,146046.0,0.9469
2024-09-23,775.0,195587.0,0.6147
2024-09-24,622.0,206128.0,1.4943
2024-09-25,593.0,192030.0,1.0818
2024-09-26,539.0,167629.0,1.0913
2024-09-27,446.0,158144.0,0.9817
2024-09-28,285.0,145281.0,0.7564
2024-09-29,337.0,151914.0,0.8991
2024-09-30,598.0,173071.0,0.2647
2024-10-01,476.0,175072.0,0.8884
2024-10-02,533.0,179072.0,0.7263
2024-10-03,476.0,166406.0,0.9583
2024-10-04,608.0,195619.0,0.669
2024-10-05,325.0,141577.0,0.9442
2024-10-06,190.0,102314.0,1.3598
2024-10-07,404.0,177340.0,1.0577
2024-10-08,574.0,175297.0,0.9778
2024-10-09,368.0,132262.0,1.3747
2024-10-10,425.0,182778.0,1.4519
2024-10-11,447.0,169743.0,1.5731
2024-10-12,297.0,145992.0,1.4958
2024-10-13,336.0,138674.0,1.1847
2024-10-14,437.0,148714.0,1.5146
2024-10-15,642.0,194160.0,0.9475
2024-10-16,772.0,196216.0,0.6502
2024-10-17,714.0,199972.0,0.8946
2024-10-18,355.0,138084.0,0.8459
2024-10-19,218.0,103200.0,0.9044
2024-10-20,243.0,118865.0,1.1541
2024-10-21,463.0,173511.0,0.8743
2024-10-22,443.0,166549.0,1.0889
2024-10-23,498.0,189632.0,0.4259
2024-10-24,676.0,170851.0,0.6174
2024-10-25,493.0,175678.0,0.969
2024-10-26,228.0,123994.0,1.1009
2024-10-27,234.0,131380.0,0.5157
2024-10-28,631.0,187408.0,0.8302
2024-10-29,660.0,178315.0,0.2957
2024-10-30,476.0,140337.0,0.5373
2024-10-31,670.0,179010.0,0.3848
2024-11-01,632.0,166175.0,0.4196
2024-11-02,308.0,103170.0,0.0811
2024-11-03,279.0,147260.0,0.6258
2024-11-04,586.0,182741.0,0.7008
2024-11-05,658.0,196357.0,0.9629
2024-11-06,482.0,160310.0,1.2649
2024-11-07,598.0,163802.0,0.9672
2024-11-08,545.0,173030.0,1.0811
2024-11-09,271.0,124030.0,0.9367
2024-11-10,283.0,132910.0,1.0067
2024-11-11,509.0,179904.0,0.8533
2024-11-12,798.0,210850.0,1.2638
2024-11-13,600.0,171514.0,0.948
2024-11-14,562.0,175538.0,1.2771
2024-11-15,502.0,162652.0,0.9694
2024-11-16,155.0,81623.0,1.0297
2024-11-17,187.0,99461.0,0.6582
2024-11-18,727.0,174715.0,1.0329
2024-11-19,682.0,156682.0,1.0786
2024-11-20,929.0,210518.0,0.5246
2024-11-21,1001.0,203099.0,0.5472
2024-11-22,744.0,192266.0,0.2553
2024-11-23,296.0,146949.0,1.2019
2024-11-24,208.0,109499.0,1.3896
2024-11-25,404.0,144135.0,1.0443
2024-11-26,724.0,207610.0,0.7932
2024-11-27,611.0,213391.0,1.1357
2024-11-28,611.0,212238.0,0.4284
2024-11-29,478.0,176134.0,1.2931
2024-11-30,306.0,128377.0,1.8442
2024-12-01,301.0,130167.0,1.2585
2024-12-02,630.0,161424.0,0.6957
2024-12-03,916.0,207756.0,0.0026
2024-12-04,724.0,194927.0,0.5904
2024-12-05,720.0,212019.0,1.1371
2024-12-06,474.0,167484.0,1.2444
2024-12-07,239.0,127697.0,0.8098
2024-12-08,223.0,116570.0,0.8525
2024-12-09,628.0,176466.0,0.121
2024-12-10,688.0,191851.0,0.35
2024-12-11,560.0,170161.0,0.446
2024-12-12,622.0,184790.0,0.7793
2024-12-13,614.0,192184.0,0.9365
2024-12-14,327.0,142091.0,0.8654
2024-12-15,218.0,116943.0,0.9217
2024-12-16,580.0,169765.0,1.0699
2024-12-17,656.0,197280.0,0.1967
2024-12-18,830.0,240538.0,-0.0169
2024-12-19,628.0,190728.0,0.1852
2024-12-20,410.0,170707.0,0.7164
2024-12-21,217.0,107483.0,2.1751
2024-12-22,177.0,97987.0,1.0104
2024-12-23,473.0,169788.0,0.5618
2024-12-24,384.0,132293.0,0.6257
2024-12-25,166.0,88278.0,0.7427
2024-12-26,407.0,142705.0,0.9553
2024-12-27,385.0,158638.0,0.4503
2024-12-28,185.0,107098.0,0.0235
2024-12-29,136.0,83258.0,0.8777
2024-12-30,271.0,124712.0,0.7987
2024-12-31,560.0,196478.0,0.7818
2025-01-01,255.0,110544.0,0.3132
2025-01-02,570.0,166479.0,0.8032
2025-01-03,466.0,172746.0,0.5121
2025-01-04,200.0,102004.0,-0.3062
2025-01-05,156.0,90987.0,1.0787
2025-01-06,756.0,159758.0,1.5582
2025-01-07,1211.0,150772.0,1.4877
2025-01-08,761.0,177479.0,1.1271
2025-01-09,482.0,181403.0,1.4235
2025-01-10,513.0,155374.0,1.4035
2025-01-11,240.0,109738.0,1.3303
2025-01-12,146.0,70901.0,1.144
2025-01-13,491.0,131607.0,0.525
2025-01-14,426.0,127172.0,0.755
2025-01-15,418.0,150299.0,0.9265
2025-01-16,468.0,138396.0,1.0489
2025-01-17,542.0,155773.0,0.8928
2025-01-18,317.0,128684.0,0.9775
2025-01-19,231.0,110387.0,0.6295
2025-01-20,385.0,187476.0,0.5013
2025-01-21,557.0,212622.0,0.8265
2025-01-22,709.0,187993.0,1.1558
2025-01-23,717.0,195938.0,0.8461
2025-01-24,567.0,189463.0,0.9702
2025-01-25,224.0,110440.0,0.1958
2025-01-26,173.0,102184.0,1.4685
2025-01-27,785.0,138628.0,0.3839
2025-01-28,1510.0,190351.0,0.0811
2025-01-29,1023.0,168274.0,0.4293
2025-01-30,770.0,157324.0,0.6898
2025-01-31,736.0,167534.0,0.4186
2025-02-01,301.0,92039.0,0.5133
2025-02-02,293.0,110377.0,0.5852
2025-02-03,725.0,186101.0,0.0673
2025-02-04,509.0,162139.0,0.5807
2025-02-05,693.0,186388.0,0.1937
2025-02-06,646.0,202216.0,0.7764
2025-02-07,529.0,158384.0,0.9072
2025-02-08,535.0,132743.0,-0.7335
2025-02-09,210.0,115863.0,0.8703
2025-02-10,347.0,140672.0,1.0487
2025-02-11,629.0,182701.0,0.7249
2025-02-12,434.0,185809.0,0.7797
2025-02-13,289.0,118550.0,1.1127
2025-02-14,445.0,161128.0,0.6632
2025-02-15,360.0,138021.0,0.9988
2025-02-16,267.0,127452.0,0.389
2025-02-17,373.0,139350.0,0.8929
2025-02-18,394.0,153238.0,0.9808
2025-02-19,643.0,199733.0,0.4062
2025-02-20,659.0,205029.0,0.8397
2025-02-21,558.0,174412.0,0.6734
2025-02-22,217.0,107777.0,0.4425
2025-02-23,204.0,116624.0,0.765
2025-02-24,387.0,135066.0,0.672
2025-02-25,681.0,182279.0,0.7986
2025-02-26,713.0,182552.0,0.7403
2025-02-27,756.0,172936.0,0.8861
2025-02-28,600.0,161894.0,-0.1862
2025-03-01,277.0,131626.0,0.2882
2025-03-02,278.0,131604.0,0.9247
2025-03-03,924.0,172234.0,-0.0708
2025-03-04,993.0,159421.0,-0.3414
2025-03-05,718.0,181208.0,0.4551
2025-03-06,718.0,187926.0,0.4249
2025-03-07,548.0,166003.0,0.1911
2025-03-08,379.0,109079.0,-0.0768
2025-03-09,222.0,119609.0,0.539
2025-03-10,351.0,129782.0,-0.384
2025-03-11,629.0,171286.0,-0.1168
2025-03-12,772.0,213354.0,0.1026
2025-03-13,586.0,163234.0,0.0663
2025-03-14,419.0,143512.0,0.494
2025-03-15,315.0,150245.0,0.3062
2025-03-16,237.0,112469.0,0.6796
2025-03-17,503.0,160620.0,0.2589
2025-03-18,551.0,147941.0,1.4314
2025-03-19,600.0,149691.0,1.123
2025-03-20,639.0,197273.0,0.9585
2025-03-21,527.0,172522.0,0.5165
2025-03-22,342.0,149284.0,0.5585
2025-03-23,243.0,104219.0,0.3736
2025-03-24,534.0,153599.0,0.5354
2025-03-25,818.0,204855.0,0.4507
2025-03-26,649.0,185704.0,0.3945
2025-03-27,636.0,193692.0,0.5816
2025-03-28,698.0,191047.0,0.4964
2025-03-29,359.0,134699.0,0.7097
2025-03-30,162.0,86924.0,0.6271
2025-03-31,535.0,172293.0,0.3766
2025-04-01,541.0,172861.0,0.2114
2025-04-02,528.0,188793.0,0.2926
2025-04-03,864.0,221947.0,-0.3054
2025-04-04,905.0,185299.0,-0.382
2025-04-05,410.0,147776.0,-0.1007
2025-04-06,249.0,118945.0,0.6809
2025-04-07,394.0,137322.0,0.1255
2025-04-08,714.0,175789.0,0.0856
2025-04-09,765.0,201814.0,-0.1283
2025-04-10,572.0,189314.0,0.421
2025-04-11,428.0,166352.0,0.452
2025-04-12,795.0,176536.0,0.1772
2025-04-13,476.0,115680.0,-0.4907
2025-04-14,732.0,127257.0,-0.1456
2025-04-15,778.0,177031.0,0.3723
2025-04-16,1101.0,194439.0,-0.7782
2025-04-17,874.0,196536.0,-1.1617
2025-04-18,527.0,183104.0,-0.0241
2025-04-19,267.0,114390.0,0.3915
2025-04-20,180.0,113903.0,0.3828
2025-04-21,469.0,143372.0,-0.4139
2025-04-22,479.0,184415.0,0.0652
2025-04-23,535.0,165490.0,-0.0508
2025-04-24,442.0,137983.0,-0.2963
2025-04-25,582.0,183720.0,-0.504
2025-04-26,205.0,140252.0,0.3025
2025-04-27,181.0,115405.0,0.0399
2025-04-28,370.0,143480.0,0.4299
2025-04-29,499.0,194849.0,0.5598
2025-04-30,571.0,168980.0,0.011
2025-05-01,577.0,173886.0,0.5211
2025-05-02,392.0,158770.0,0.4497
2025-05-03,152.0,89978.0,0.6532
2025-05-04,174.0,116129.0,0.5697
2025-05-05,341.0,168173.0,0.4029
2025-05-06,449.0,181052.0,0.6782
2025-05-07,665.0,243794.0,0.7499
2025-05-08,472.0,184921.0,0.9542
2025-05-09,393.0,170563.0,0.7482
2025-05-10,190.0,153500.0,0.7934
2025-05-11,196.0,114321.0,1.3371
2025-05-12,344.0,120174.0,0.7406
2025-05-13,569.0,176961.0,1.031
2025-05-14,697.0,189461.0,0.6327
2025-05-15,632.0,186698.0,0.863
2025-05-16,415.0,139790.0,0.9996
2025-05-17,176.0,97351.0,0.7574
2025-05-18,175.0,109054.0,0.1251
2025-05-19,471.0,131172.0,1.0237
2025-05-20,620.0,203626.0,1.4353
2025-05-21,605.0,193050.0,0.3868
2025-05-22,398.0,163960.0,0.9373
2025-05-23,604.0,193113.0,0.7249
2025-05-24,344.0,135120.0,0.1475
2025-05-25,215.0,120721.0,0.875
2025-05-26,205.0,115182.0,0.5142
2025-05-27,391.0,144106.0,0.8369
2025-05-28,815.0,198963.0,0.1643
2025-05-29,1005.0,186412.0,-0.3121
2025-05-30,616.0,173524.0,0.3415
2025-05-31,162.0,88577.0,0.5897
2025-06-01,205.0,137294.0,0.8417
2025-06-02,498.0,198616.0,0.3725
2025-06-03,531.0,192617.0,0.3672
2025-06-04,569.0,192077.0,0.7572
2025-06-05,477.0,225902.0,0.6754
2025-06-06,467.0,199034.0,1.0304
2025-06-07,241.0,150814.0,0.3548
2025-06-08,290.0,113396.0,1.6358
2025-06-09,545.0,132479.0,0.566
2025-06-10,958.0,191463.0,0.0326
2025-06-11,436.0,174563.0,0.7652
2025-06-12,312.0,115094.0,0.9818
2025-06-13,417.0,166299.0,0.7107
2025-06-14,156.0,107034.0,-0.1012
2025-07-02,443.0,155637.0,0.4999
2025-07-03,541.0,176232.0,0.583
2025-07-04,384.0,163782.0,0.496
2025-07-05,278.0,124725.0,-0.9718
2025-07-06,171.0,117366.0,1.0193
2025-07-07,440.0,181127.0,0.9755
2025-07-08,623.0,215932.0,0.638
2025-07-09,534.0,153602.0,0.632
2025-07-10,760.0,179256.0,0.3823
2025-07-11,575.0,192489.0,0.409
2025-07-12,335.0,134530.0,0.7267
2025-07-13,210.0,111148.0,0.3025
2025-07-14,449.0,151275.0,0.2716
2025-07-15,920.0,197512.0,0.5587
2025-07-16,789.0,179820.0,-0.0313
2025-07-17,625.0,172175.0,0.5924
2025-07-18,567.0,192508.0,0.5236
2025-07-19,376.0,139422.0,-0.294
2025-07-20,248.0,112395.0,0.3286
2025-07-21,428.0,150488.0,0.9853
2025-07-22,616.0,219541.0,0.618
2025-07-23,612.0,186053.0,0.3131
2025-07-24,521.0,147475.0,0.8612
2025-07-25,663.0,173393.0,0.2011
2025-07-26,340.0,125044.0,0.525
2025-07-27,367.0,135259.0,0.5854
2025-07-28,1071.0,217959.0,0.382
2025-07-29,627.0,195061.0,0.5728
2025-07-30,709.0,207214.0,0.911
2025-07-31,654.0,181361.0,0.578
2025-08-01,590.0,158170.0,-0.1151
2025-08-02,243.0,131822.0,0.3139
2025-08-03,280.0,154538.0,0.55
2025-08-04,439.0,149148.0,0.7305
2025-08-05,740.0,210338.0,0.5624
2025-08-06,687.0,170488.0,0.1768
2025-08-07,1313.0,188475.0,-0.0934
2025-08-08,858.0,168040.0,-0.364
2025-08-09,403.0,146005.0,-0.2504
2025-08-10,347.0,110689.0,-0.7148
2025-08-11,761.0,151520.0,-0.0485
2025-08-12,908.0,184151.0,0.3614
2025-08-13,736.0,203624.0,0.6672
2025-08-14,729.0,183903.0,-0.1425
2025-08-15,881.0,204862.0,0.3385
2025-08-16,345.0,143981.0,0.5634
2025-08-17,289.0,128327.0,0.2
2025-08-18,499.0,165427.0,0.7815
2025-08-19,740.0,174623.0,0.3697
2025-08-20,841.0,176652.0,0.0973
2025-08-21,845.0,180322.0,0.5355
2025-08-22,920.0,182051.0,0.7353
2025-08-23,474.0,117052.0,0.1441
2025-08-24,261.0,132230.0,0.0302
2025-08-25,595.0,144338.0,0.2807
2025-08-26,860.0,184199.0,0.4366
2025-08-27,1180.0,218753.0,0.2752
2025-08-28,974.0,178525.0,0.1698
2025-08-29,857.0,187618.0,0.4551
2025-08-30,446.0,135483.0,0.6449
2025-08-31,205.0,105263.0,0.6241
2025-09-01,287.0,117273.0,0.8438
2025-09-02,587.0,151577.0,0.7469
2025-09-03,434.0,127947.0,0.8342
2025-09-04,538.0,190882.0,1.3088
2025-09-05,764.0,192400.0,0.9664
2025-09-06,385.0,155749.0,0.556
2025-09-07,183.0,115827.0,0.8314
2025-09-08,517.0,181958.0,1.0494
2025-09-09,681.0,201360.0,1.0848
2025-09-10,489.0,172778.0,1.2273
2025-09-11,456.0,151643.0,0.8431
2025-09-12,671.0,203527.0,0.8809
2025-09-13,340.0,136481.0,0.8403
2025-09-14,447.0,125364.0,0.9114
2025-09-15,844.0,190920.0,-0.5167
2025-09-16,678.0,170731.0,0.2754
2025-09-17,794.0,156675.0,0.9638
2025-09-18,740.0,141354.0,0.2741
2025-09-19,759.0,194001.0,0.398
2025-09-20,338.0,146366.0,0.8403
2025-09-21,292.0,144592.0,0.6257
2025-09-22,738.0,180695.0,0.8955
2025-09-23,812.0,208467.0,0.7791
2025-09-24,778.0,199136.0,0.4604
2025-09-25,745.0,198782.0,0.602
2025-09-26,735.0,204867.0,0.246
2025-09-27,421.0,149454.0,0.404
2025-09-28,241.0,140840.0,0.5777
2025-09-29,491.0,160416.0,0.3834
2025-09-30,577.0,191942.0,0.6295
2025-10-01,371.0,134203.0,0.4935
2025-10-02,601.0,167839.0,0.5661
2025-10-03,491.0,155129.0,0.5506
2025-10-04,170.0,93026.0,0.2303
2025-10-05,177.0,98637.0,0.7658
2025-10-06,719.0,155385.0,1.0716
2025-10-07,641.0,160658.0,0.4122
2025-10-08,737.0,188586.0,0.9579
2025-10-09,744.0,199353.0,1.1136
2025-10-10,869.0,214290.0,0.1734
2025-10-11,369.0,133634.0,-0.3365
2025-10-12,305.0,128616.0,-0.1263
2025-10-13,738.0,179288.0,0.0865
2025-10-14,881.0,211408.0,0.6311
2025-10-15,618.0,131390.0,0.5732
2025-10-16,751.0,188672.0,0.7891
2025-10-17,571.0,190877.0,0.4865
2025-10-18,265.0,126870.0,0.7131
2025-10-19,239.0,131424.0,0.485
2025-10-20,520.0,160448.0,0.3716
2025-10-21,678.0,196008.0,0.0798
2025-10-22,561.0,193794.0,0.6857
2025-10-23,906.0,230154.0,-0.1927
2025-10-24,800.0,200385.0,0.2937
2025-10-25,320.0,172045.0,0.7586
2025-10-26,311.0,139916.0,1.4891
2025-10-27,518.0,149363.0,1.0433
2025-10-28,738.0,154965.0,1.4603
2025-10-29,1401.0,186021.0,0.8269
2025-10-30,1157.0,210826.0,0.5817
2025-10-31,764.0,163618.0,0.699
2025-11-01,598.0,159705.0,0.2323
2025-11-02,324.0,122152.0,0.6444
2025-11-03,668.0,132496.0,1.0971
2025-11-04,1027.0,179876.0,0.7885
2025-11-05,766.0,143915.0,0.9923
2025-11-06,907.0,204945.0,0.5621
2025-11-07,790.0,172637.0,0.6252
2025-11-08,442.0,151320.0,0.5917
2025-11-09,325.0,137748.0,0.3416
2025-11-10,479.0,120645.0,0.4241
2025-11-11,699.0,173808.0,0.4348
2025-11-12,1027.0,205919.0,0.6106
2025-11-13,582.0,159637.0,0.76
2025-11-14,812.0,197157.0,-0.1053
2025-11-15,451.0,167820.0,0.5936
2025-11-16,486.0,159044.0,0.1721
2025-11-17,836.0,200469.0,0.4026
2025-11-18,1097.0,204958.0,0.2115
2025-11-19,903.0,138388.0,0.2466
2025-11-20,1397.0,180180.0,0.1019
2025-11-21,1044.0,179273.0,-0.2508
2025-11-22,529.0,154324.0,0.2525
2025-11-23,407.0,134268.0,0.1594
2025-11-24,776.0,189397.0,0.5263
2025-11-25,854.0,182677.0,0.8288
2025-11-26,754.0,183381.0,0.7724
2025-11-27,386.0,127071.0,0.6623
2025-11-28,638.0,190322.0,0.9819
2025-11-29,414.0,153375.0,1.0577
2025-11-30,313.0,147416.0,0.9422
2025-12-01,622.0,148794.0,0.8094
2025-12-02,716.0,193417.0,0.8981
2025-12-03,802.0,214441.0,0.7117
2025-12-04,557.0,155292.0,0.4279
2025-12-05,366.0,125203.0,1.3686
2025-12-06,8.0,494.0,0.8386
2025-12-07,256.0,140932.0,0.8576
2025-12-08,515.0,181068.0,1.2313
2025-12-09,796.0,159244.0,0.929
2025-12-10,826.0,200873.0,0.0512
2025-12-11,703.0,155709.0,0.7785
2025-12-12,849.0,187120.0,0.4792
2025-12-13,371.0,135001.0,0.4361
2025-12-14,316.0,123899.0,0.2915
2025-12-15,521.0,182367.0,0.6365
2025-12-16,613.0,198144.0,0.6478
2025-12-17,879.0,228585.0,0.7789
2025-12-18,774.0,215046.0,0.4516
2025-12-19,648.0,200195.0,0.4665
2025-12-20,412.0,134563.0,0.7979
2025-12-21,419.0,148779.0,0.6941
2025-12-22,598.0,160488.0,0.826
2025-12-23,736.0,219233.0,0.5305
2025-12-24,662.0,187761.0,-0.8001
2025-12-25,383.0,140380.0,0.9943
2025-12-26,483.0,159916.0,0.8577
2025-12-27,330.0,137431.0,0.8108
2025-12-28,289.0,131303.0,0.1913
2025-12-29,563.0,176613.0,0.6889
2025-12-30,587.0,154614.0,0.3921
2025-12-31,843.0,177972.0,-0.4689
2026-01-01,519.0,138144.0,0.7136
2026-01-02,652.0,164611.0,0.611
2026-01-03,289.0,125367.0,0.196
2026-01-04,281.0,126399.0,0.2401
2026-01-05,768.0,180929.0,0.6619
2026-01-06,1066.0,137632.0,1.4904
2026-01-07,1091.0,178364.0,1.472
2026-01-08,783.0,187056.0,1.0616
2026-01-09,665.0,178962.0,0.9705
2026-01-10,452.0,162128.0,1.2743
2026-01-11,274.0,123113.0,1.3642
2026-01-12,431.0,155352.0,1.2405
2026-01-13,802.0,214908.0,0.973
2026-01-14,667.0,192646.0,1.0271
2026-01-15,814.0,191755.0,0.6475
2026-01-16,771.0,154566.0,0.9335
2026-01-17,340.0,110343.0,0.7345
2026-01-18,251.0,102886.0,1.1693
2026-01-19,477.0,122748.0,0.5208
2026-01-20,635.0,175050.0,0.6601
2026-01-21,568.0,164792.0,0.471
2026-01-22,636.0,171587.0,0.7638
2026-01-23,479.0,112203.0,0.4584
2026-01-24,361.0,131649.0,1.0372
2026-01-25,263.0,106612.0,-0.2475
2026-01-26,554.0,165437.0,0.6461
2026-01-27,384.0,127190.0,0.8574
2026-01-28,661.0,155000.0,0.7046
2026-01-29,714.0,154974.0,0.7113
2026-01-30,453.0,135991.0,0.5819
2026-01-31,289.0,133068.0,0.6476
2026-02-01,566.0,112692.0,1.4294
2026-02-02,516.0,132188.0,0.5419
2026-02-03,477.0,121028.0,1.1799
2026-02-04,619.0,150526.0,0.6696
2026-02-05,575.0,128503.0,0.6286
2026-02-06,521.0,126875.0,0.4946
2026-02-07,527.0,137960.0,1.0136
2026-02-08,449.0,117891.0,1.335
2026-02-09,596.0,155352.0,1.0056
2026-02-10,497.0,137013.0,1.17
2026-02-11,476.0,144564.0,0.8852
2026-02-12,483.0,134229.0,0.8789
2026-02-13,515.0,122746.0,0.9012
2026-02-14,379.0,130793.0,0.9192
2026-02-15,377.0,119948.0,0.7848
2026-02-16,408.0,133195.0,0.9551
2026-02-17,387.0,122464.0,0.6225
2026-02-18,552.0,123086.0,1.3605
2026-02-19,540.0,133793.0,0.7358
2026-02-20,458.0,131330.0,1.4029
2026-02-21,428.0,119917.0,0.8872
2026-02-22,239.0,87513.0,1.1434
2026-02-23,448.0,116992.0,0.1419
2026-02-24,510.0,130728.0,0.4018
2026-02-25,624.0,128111.0,0.87
2026-02-26,1125.0,178580.0,0.6742
2026-02-27,643.0,131748.0,0.5665
2026-02-28,2.0,1949.0,-3.1798
2026-03-01,302.0,124206.0,0.342
2026-03-02,535.0,145797.0,0.5973
2026-03-03,671.0,160429.0,-0.0115
2026-03-04,767.0,205498.0,0.4152
2026-03-05,596.0,149155.0,0.1021
2026-03-06,647.0,169339.0,0.4448
2026-03-07,318.0,122996.0,0.2329
2026-03-08,260.0,116506.0,0.1467
2026-03-09,545.0,159405.0,-0.1327
2026-03-10,567.0,158369.0,0.2326
2026-03-11,653.0,178260.0,0.8463
2026-03-12,729.0,197426.0,0.3447
2026-03-13,520.0,152997.0,0.5714
2026-03-14,358.0,121101.0,0.5978
2026-03-15,299.0,104825.0,0.3655
2026-03-16,873.0,184090.0,0.6294
2026-03-17,1130.0,193123.0,0.7579
2026-03-18,724.0,154792.0,0.6568
2026-03-19,588.0,139418.0,0.6384
2026-03-20,587.0,154240.0,-0.1434
2026-03-21,370.0,101846.0,-0.5832
2026-03-22,289.0,102595.0,-0.0043
2026-03-23,417.0,142713.0,0.7838
2026-03-24,497.0,177582.0,0.5066
2026-03-25,574.0,175150.0,0.7598
2026-03-26,675.0,169843.0,0.2219
2026-03-27,473.0,133392.0,-0.2341
2026-03-28,283.0,111533.0,0.0741
2026-03-29,278.0,108447.0,0.4579
2026-03-30,516.0,179195.0,0.3068
2026-03-31,527.0,149181.0,-0.0909
2026-04-01,712.0,183327.0,-0.0961
2026-04-02,399.0,151046.0,0.4427
2026-04-03,456.0,134715.0,-0.013
2026-04-04,265.0,113161.0,0.5997
2026-04-05,238.0,95970.0,0.4689
2026-04-06,387.0,123095.0,0.3122
2026-04-07,550.0,153024.0,0.2757
2026-04-08,498.0,145631.0,0.6888
2026-04-09,449.0,159118.0,0.3705
2026-04-10,483.0,141522.0,-0.066
2026-04-11,284.0,118284.0,0.3976
2026-04-12,246.0,96377.0,-0.64
2026-04-13,302.0,112099.0,-0.0633
2026-04-14,586.0,178675.0,0.0884
2026-04-15,565.0,170162.0,0.6961
2026-04-16,757.0,182814.0,0.582
2026-04-17,546.0,173900.0,0.6175
2026-04-18,267.0,105372.0,0.9454
2026-04-19,319.0,119636.0,0.634
2026-04-20,451.0,155119.0,1.2661
2026-04-21,651.0,171556.0,1.301
2026-04-22,640.0,191394.0,0.9145
2026-04-23,1008.0,214966.0,0.2768
2026-04-24,1093.0,186067.0,0.5746
2026-04-25,568.0,148214.0,0.4991
2026-04-26,313.0,107812.0,0.5373
2026-04-27,512.0,152094.0,0.4516
2026-04-28,476.0,137957.0,0.7372
2026-04-29,666.0,167483.0,0.0388
2026-04-30,708.0,176732.0,1.0389
2026-05-01,508.0,113729.0,0.6739
2026-05-02,463.0,132098.0,0.3575
2026-05-03,333.0,113438.0,0.3615
2026-05-04,493.0,131891.0,0.3156
2026-05-05,607.0,148873.0,0.9789
2026-05-06,1003.0,180578.0,0.8327
2026-05-07,942.0,181028.0,1.0083
2026-05-08,685.0,167527.0,0.8235
2026-05-09,487.0,133316.0,0.9385
2026-05-10,357.0,111740.0,0.5217
2026-05-11,707.0,153737.0,0.2728
2026-05-12,712.0,160779.0,0.535
2026-05-13,1088.0,160831.0,0.4867
2026-05-14,1190.0,157615.0,0.3678
2026-05-15,1067.0,154400.0,0.2503
2026-05-16,753.0,146332.0,0.7351
2026-05-17,376.0,107365.0,0.4371
2026-05-18,430.0,99944.0,-0.1056
2026-05-19,621.0,143055.0,0.1166
2026-05-20,702.0,148781.0,0.1164
2026-05-21,983.0,177762.0,1.0034
2026-05-22,754.0,179505.0,0.5352
2026-05-23,405.0,127762.0,0.8043
2026-05-24,288.0,100767.0,-0.1232
2026-05-25,524.0,134886.0,0.985
2026-05-26,724.0,153836.0,0.9884
2026-05-27,1015.0,180240.0,0.7751
2026-05-28,888.0,187280.0,1.3044
2026-05-29,621.0,143525.0,1.0289
2026-05-30,332.0,92808.0,0.5253
2026-05-31,340.0,92667.0,0.1447
2026-06-01,1101.0,159665.0,1.2027
2026-06-02,1071.0,182921.0,1.1966
2026-06-03,966.0,176051.0,0.6925
2026-06-04,1240.0,214292.0,0.5452
2026-06-05,734.0,151823.0,-0.0766
2026-06-06,436.0,102935.0,0.0902
2026-06-07,319.0,85935.0,0.383
2026-06-08,825.0,161102.0,0.4664
2026-06-09,787.0,156115.0,0.7738
2026-06-10,761.0,165198.0,0.6109
2026-06-11,757.0,171408.0,0.6303
2026-06-12,739.0,160194.0,0.4443
2026-06-13,418.0,116895.0,1.097
2026-06-14,239.0,77541.0,0.9841
2026-06-15,564.0,155787.0,1.1719
2026-06-16,675.0,146716.0,0.6738
2026-06-17,902.0,192921.0,0.4484
2026-06-18,751.0,171553.0,0.9313
2026-06-19,554.0,154648.0,0.4375
2026-06-20,292.0,87585.0,1.2641
2026-06-21,238.0,107210.0,0.5136
2026-06-22,740.0,163777.0,0.4764
2026-06-23,957.0,180322.0,0.269
2026-06-24,1032.0,151549.0,0.6831
2026-06-25,949.0,170512.0,0.8516
2026-06-26,622.0,135507.0,0.604
2026-06-27,502.0,130871.0,0.3356
2026-06-28,214.0,65713.0,0.7151
2026-06-29,573.0,119684.0,0.1976
2026-06-30,491.0,116092.0,0.922
