model,window,horizon,q0.01,q0.05,q0.1,q0.15,q0.2,q0.25,q0.3,q0.35,q0.4,q0.45,q0.5,q0.55,q0.6,q0.65,q0.7,q0.75,q0.8,q0.85,q0.9,q0.95,q0.99,prediction,date,forecast_origin,actual,error,abs_error,squared_error,correct_direction,interval_coverage,interval_width
r1_qqq,0,1,-0.045508724,-0.031949107,-0.024873879,-0.020006562,-0.016132187,-0.012848091,-0.009933264,-0.0073371655,-0.0048822407,-0.0026308424,-0.00035645446,0.0019648864,0.0043267836,0.0066323765,0.009338665,0.012272067,0.015644792,0.01961692,0.024322428,0.03158219,0.043884505,-0.00035645446,2023-01-03,2022-12-30,-0.0067827173204042,0.006426262859988211,0.006426262859988211,4.129685434566386e-05,1,1,0.049196307
r1_qqq,0,2,-0.046963133,-0.03308983,-0.025775084,-0.02072534,-0.016685527,-0.0133046005,-0.010249857,-0.007575618,-0.005001685,-0.0026801843,-0.0003349904,0.0020320513,0.0044563743,0.006832834,0.009611527,0.012631868,0.016102917,0.020170223,0.024844533,0.03223609,0.044562325,-0.0003349904,2023-01-04,2022-12-30,0.0047526462719854,-0.005087636657439548,0.005087636657439548,2.5884046758122654e-05,0,1,0.050619617
r1_qqq,0,3,-0.04719951,-0.033292722,-0.025959432,-0.02090949,-0.016913852,-0.013541172,-0.010477085,-0.0077764583,-0.005207036,-0.0028446654,-0.00044714092,0.0019536477,0.004409271,0.0068172384,0.009631039,0.012721387,0.016228756,0.020366786,0.025155645,0.032745462,0.045334514,-0.00044714092,2023-01-05,2022-12-30,-0.0157781972169871,0.015331056297709655,0.015331056297709655,0.00023504128720354286,1,1,0.051115077
r1_qqq,0,4,-0.046779618,-0.033170257,-0.026006317,-0.021044234,-0.017040292,-0.013683915,-0.0106347045,-0.007931892,-0.005320435,-0.0029391823,-0.0005341969,0.0018781,0.004334187,0.0067875017,0.00962545,0.01277294,0.016400792,0.020626817,0.025519727,0.03328504,0.04594107,-0.0005341969,2023-01-06,2022-12-30,0.027227395160866,-0.027761592068986065,0.027761592068986065,0.00077070599420479,0,0,0.051526044
r1_qqq,0,5,-0.047320798,-0.03348914,-0.026076982,-0.021068186,-0.01704233,-0.01366247,-0.010624221,-0.00791231,-0.005287646,-0.0029064661,-0.0005075613,0.0018993064,0.0043867836,0.0068244534,0.009669152,0.012783196,0.016314957,0.020431584,0.02524627,0.03278897,0.045617383,-0.0005075613,2023-01-09,2022-12-30,0.0064526310170744,-0.006960192332391107,0.006960192332391107,4.844427730387596e-05,0,1,0.05132325
r1_qqq,1,1,-0.043688305,-0.030431984,-0.023700867,-0.019149236,-0.015557052,-0.012518934,-0.0098136645,-0.007396576,-0.0050969194,-0.0029762217,-0.0008264617,0.0013790734,0.0036134778,0.005764548,0.008269181,0.010955687,0.014021001,0.017612675,0.02184481,0.028316712,0.03946864,-0.0008264617,2023-01-10,2023-01-09,0.0084286878744476,-0.00925514958075811,0.00925514958075811,8.565779376220703e-05,0,1,0.045545675
r1_qqq,1,2,-0.045361772,-0.031616956,-0.024675684,-0.019972611,-0.016224967,-0.013077925,-0.010215787,-0.0076935706,-0.005251792,-0.0030336059,-0.00078496744,0.0015000385,0.0038256883,0.006089729,0.008719493,0.0115705915,0.014831966,0.01865275,0.02303729,0.029863335,0.04126789,-0.00078496744,2023-01-11,2023-01-09,0.0171524483430358,-0.01793741578694157,0.01793741578694157,0.0003217508851136206,0,1,0.047712974
r1_qqq,1,3,-0.046136063,-0.032149427,-0.024967538,-0.020094154,-0.01627839,-0.013057952,-0.010133033,-0.007547861,-0.0050821966,-0.0028075979,-0.0005000215,0.0018194162,0.0041866843,0.0064895246,0.009159749,0.0120797,0.01536383,0.019230032,0.02369683,0.030684084,0.04253868,-0.0005000215,2023-01-12,2023-01-09,0.0053897954002944,-0.005889816902670003,0.005889816902670003,3.4689943146977264e-05,0,1,0.04866437
r1_qqq,1,4,-0.04602001,-0.03216692,-0.025088364,-0.020267814,-0.016415223,-0.013185512,-0.010249048,-0.0076357485,-0.005093012,-0.002775703,-0.00042360777,0.0019439552,0.0043415544,0.0067065246,0.009412749,0.01239802,0.015793068,0.019727541,0.024274187,0.031388905,0.043269716,-0.00042360777,2023-01-13,2023-01-09,0.0068570660094839,-0.007280673775180843,0.007280673775180843,5.3008210620606064e-05,0,1,0.04936255
r1_qqq,1,5,-0.04639151,-0.032487746,-0.025230886,-0.020374214,-0.016485836,-0.013226214,-0.010289038,-0.0076566585,-0.0050914795,-0.0027539167,-0.00039460923,0.001984749,0.0044232258,0.006788149,0.009522667,0.012510963,0.015860934,0.019761387,0.024283964,0.031308733,0.043523766,-0.00039460923,2023-01-17,2023-01-09,0.002026548435775,-0.0024211576686738014,0.0024211576686738014,5.862004456577957e-06,0,1,0.049514852
r1_qqq,2,1,-0.033865206,-0.022618743,-0.01702247,-0.013340683,-0.010488196,-0.008104179,-0.006018889,-0.004166232,-0.0024155588,-0.00084644,0.00069631706,0.0022696946,0.0039045447,0.0055117565,0.007425283,0.009505245,0.011897288,0.014728318,0.018131005,0.023651572,0.033798885,0.00069631706,2023-01-18,2023-01-17,-0.0130851307316483,0.013781447791567538,0.013781447791567538,0.00018992830323170175,0,1,0.035153475
r1_qqq,2,2,-0.03563689,-0.023918772,-0.018033747,-0.014166732,-0.011161894,-0.008679187,-0.0064540072,-0.004514495,-0.0026458441,-0.0009839443,0.0006651431,0.0023416295,0.004068531,0.00579313,0.007830999,0.010050197,0.012596721,0.015611384,0.019132283,0.024908235,0.035301603,0.0006651431,2023-01-19,2023-01-17,-0.0098732653864193,0.010538408460421417,0.010538408460421417,0.0001110580528786817,0,1,0.03716603
r1_qqq,2,3,-0.03710595,-0.025170514,-0.01905897,-0.014964299,-0.011809265,-0.009186362,-0.0068521965,-0.004812311,-0.0029096073,-0.001195142,0.00050873024,0.0022150683,0.0039986647,0.005780067,0.007887354,0.010224307,0.0128964605,0.01607657,0.01983501,0.025995279,0.036912188,0.00050873024,2023-01-20,2023-01-17,0.0269993239167042,-0.02649059367514103,0.02649059367514103,0.0007017515532614219,1,0,0.038893983
r1_qqq,2,4,-0.0367108,-0.024953974,-0.019025031,-0.015045526,-0.011942044,-0.00937222,-0.0070434147,-0.004997931,-0.0030409484,-0.0012812724,0.0004712697,0.002231652,0.004039603,0.005875284,0.008006993,0.010381771,0.013117387,0.016324572,0.020123508,0.026390707,0.037401658,0.0004712697,2023-01-23,2023-01-17,0.021972610585793,-0.021501340873940927,0.021501340873940927,0.0004623076593774028,1,0,0.03914854
r1_qqq,2,5,-0.036883924,-0.025025677,-0.018910084,-0.014916417,-0.011824844,-0.009258658,-0.0069656544,-0.0049211327,-0.0029565743,-0.0011813798,0.000581451,0.0023496714,0.0042003808,0.006026446,0.008184541,0.010566875,0.01328083,0.016475976,0.020327935,0.026606685,0.03788993,0.000581451,2023-01-24,2023-01-17,-0.0020438944791116,0.002625345472306776,0.002625345472306776,6.892438848961689e-06,0,1,0.03923802
r1_qqq,3,1,-0.040131487,-0.02711627,-0.02073467,-0.016446995,-0.0130579695,-0.010191497,-0.007648094,-0.0053730356,-0.0032113818,-0.0012359801,0.0007536163,0.0027840093,0.004859348,0.006884065,0.009271865,0.0118470555,0.014795307,0.01824479,0.022326529,0.028579658,0.03941265,0.0007536163,2023-01-25,2023-01-24,-0.0022216672089368,0.002975283482805629,0.002975283482805629,8.852311803055993e-06,0,1,0.043061197
r1_qqq,3,2,-0.04139385,-0.028007895,-0.021430587,-0.0170166,-0.0135078,-0.010581326,-0.0079373615,-0.0056181676,-0.0033779317,-0.001354943,0.0006850207,0.0027477571,0.0048571564,0.006934151,0.009369158,0.0120178675,0.0150400875,0.018578453,0.02265887,0.029040603,0.039867595,0.0006850207,2023-01-26,2023-01-24,0.0193095497439804,-0.01862452904481464,0.01862452904481464,0.0003468730821411441,1,1,0.04408946
r1_qqq,3,3,-0.04169229,-0.028347611,-0.02172032,-0.01723898,-0.0137266135,-0.010766864,-0.008092087,-0.005729582,-0.003492975,-0.0014374657,0.0006474538,0.0027338124,0.0048709074,0.0069766603,0.009441289,0.012151993,0.015213612,0.01881083,0.022979915,0.029530358,0.04071479,0.0006474538,2023-01-27,2023-01-24,0.0099051495315105,-0.009257695707452326,0.009257695707452326,8.570492981178122e-05,1,1,0.044700235
r1_qqq,3,4,-0.04125575,-0.028147453,-0.021603126,-0.017168993,-0.013647265,-0.010706122,-0.008029906,-0.0056594904,-0.0033795612,-0.0013056363,0.0007869507,0.0028875326,0.0050199064,0.007152589,0.00961466,0.0123334285,0.0154362535,0.01901307,0.023145154,0.029655589,0.04073211,0.0007869507,2023-01-30,2023-01-24,-0.0204256152916658,0.021212565986994215,0.021212565986994215,0.0004499729557525838,0,1,0.04474828
r1_qqq,3,5,-0.04136175,-0.02811643,-0.021411423,-0.016979685,-0.013475316,-0.010538434,-0.007900502,-0.0055371346,-0.0032521423,-0.0011737118,0.0009189692,0.003012271,0.0051703504,0.007280147,0.00975095,0.012460714,0.015511204,0.019042622,0.023178304,0.02956547,0.040761456,0.0009189692,2023-01-31,2023-01-24,0.0148746010740544,-0.013955631853106925,0.013955631853106925,0.00019475966041945263,1,1,0.044589728
r1_qqq,4,1,-0.03965874,-0.026784917,-0.020352159,-0.016012728,-0.012558041,-0.009645583,-0.007061893,-0.004741731,-0.0025284884,-0.0005022717,0.0015563639,0.0036594067,0.0057789115,0.007838554,0.0102500515,0.0128463125,0.015801968,0.019257229,0.023322986,0.029470397,0.04020187,0.0015563639,2023-02-01,2023-01-31,0.0211582091057085,-0.019601845217623613,0.019601845217623613,0.00038423233593567373,1,1,0.043675147
r1_qqq,4,2,-0.040965073,-0.028030224,-0.021532169,-0.017114798,-0.01356563,-0.010596584,-0.00790801,-0.0055444236,-0.0032442226,-0.0011575188,0.00095903815,0.003107971,0.0052713337,0.0073922463,0.009857379,0.012520714,0.01553869,0.019058824,0.023057194,0.029305985,0.04000976,0.00095903815,2023-02-02,2023-01-31,0.0352610161728343,-0.034301978020474876,0.034301978020474876,0.0011766256961171415,1,0,0.044589363
r1_qqq,4,3,-0.04106692,-0.02816501,-0.021657214,-0.01722702,-0.013717868,-0.010747848,-0.008059156,-0.0056776023,-0.0034186663,-0.0013387381,0.00078985887,0.0029286908,0.0050869742,0.0072121853,0.009666814,0.012350016,0.015356769,0.018873528,0.022908296,0.029233612,0.0400261,0.00078985887,2023-02-03,2023-01-31,-0.017932327289362,0.018722186155844974,0.018722186155844974,0.0003505202544541132,0,1,0.04456551
r1_qqq,4,4,-0.040326793,-0.027794242,-0.021444002,-0.017116142,-0.013639745,-0.010720967,-0.008055992,-0.005696587,-0.003419806,-0.0013389871,0.00076996675,0.0029058491,0.005049606,0.0071792975,0.009610158,0.012277466,0.015296901,0.018762328,0.022746474,0.028997073,0.039721057,0.00076996675,2023-02-06,2023-01-31,-0.0084950927191433,0.00926505946675506,0.00926505946675506,8.584132692250757e-05,0,1,0.044190474
r1_qqq,4,5,-0.040349945,-0.027775297,-0.021319611,-0.017009957,-0.013557897,-0.0106555065,-0.008045392,-0.005704681,-0.0034389973,-0.0013706029,0.0007374311,0.0028516068,0.005017357,0.0071176235,0.009557396,0.012207903,0.015171988,0.018593546,0.022557424,0.028657736,0.039501376,0.0007374311,2023-02-07,2023-01-31,0.0205069744018541,-0.019769543291971208,0.019769543291971208,0.00039083484197312377,1,1,0.043877035
r1_qqq,5,1,-0.048905544,-0.032469656,-0.024571238,-0.01933569,-0.0152189825,-0.011772056,-0.008738911,-0.0060567805,-0.0035175723,-0.0011931298,0.001144892,0.0035390444,0.005975144,0.008345336,0.011120931,0.0141216265,0.017563075,0.021561107,0.026234595,0.033233684,0.04506334,0.001144892,2023-02-08,2023-02-07,-0.0179409360620829,0.019085828016110015,0.019085828016110015,0.00036426883106052997,0,1,0.050805833
r1_qqq,5,2,-0.049137164,-0.033028312,-0.025219902,-0.019973138,-0.0158085,-0.012336275,-0.009211913,-0.0064896634,-0.0038638306,-0.0014926278,0.00088439684,0.0033177594,0.0057945014,0.008239409,0.011101115,0.014234408,0.017801212,0.021918744,0.026562579,0.033702116,0.045535635,0.00088439684,2023-02-09,2023-02-07,-0.0088773330739221,0.009761729912877682,0.009761729912877682,9.529137089197091e-05,0,1,0.05178248
r1_qqq,5,3,-0.05001996,-0.033526994,-0.025608795,-0.020278782,-0.0161109,-0.012617791,-0.009484244,-0.006730645,-0.004116697,-0.0016937654,0.0007695232,0.0032471358,0.00577748,0.00828028,0.0111911865,0.014394535,0.017976936,0.022100333,0.02671719,0.033847142,0.045503765,0.0007695232,2023-02-10,2023-02-07,-0.0065848338652944,0.007354357070530001,0.007354357070530001,5.4086567920854614e-05,0,1,0.052325986
r1_qqq,5,4,-0.04898843,-0.032985616,-0.025255185,-0.020047083,-0.015915317,-0.012481523,-0.009379911,-0.0066407924,-0.0039959042,-0.001586288,0.0008381852,0.0032826406,0.0057732207,0.008244594,0.01110583,0.0142722,0.017868951,0.02199385,0.026681557,0.033908136,0.045656282,0.0008381852,2023-02-13,2023-02-07,0.0158891323804265,-0.01505094718554673,0.01505094718554673,0.000226531011182117,1,1,0.051936742
r1_qqq,5,5,-0.04953245,-0.033172354,-0.025114147,-0.019842364,-0.015708394,-0.01227522,-0.009204527,-0.0064775445,-0.0038422777,-0.0014553083,0.0009470198,0.00335994,0.0058568846,0.008286459,0.011121879,0.014222995,0.01768047,0.021642359,0.02613263,0.032914393,0.04466165,0.0009470198,2023-02-14,2023-02-07,0.0073621354680275,-0.006415115684247521,0.006415115684247521,4.1153709242278545e-05,1,1,0.051246777
r1_qqq,6,1,-0.0418863,-0.028954042,-0.02236788,-0.017839508,-0.014227104,-0.011154449,-0.008418317,-0.00597338,-0.003651326,-0.0015258128,0.00060789735,0.0027953084,0.0050310157,0.007199643,0.009752587,0.012512377,0.015669812,0.019350525,0.023677638,0.030210478,0.041493833,0.00060789735,2023-02-15,2023-02-14,0.0076314809733262,-0.007023583620433295,0.007023583620433295,4.933072687321887e-05,1,1,0.04604552
r1_qqq,6,2,-0.042759497,-0.02967849,-0.022961613,-0.018348604,-0.01464069,-0.011529985,-0.008711432,-0.0062377374,-0.0038489294,-0.0016899833,0.0004759127,0.0026817261,0.0049278117,0.0071297525,0.00970707,0.012498024,0.015681975,0.019384775,0.023632886,0.03021124,0.04140541,0.0004759127,2023-02-16,2023-02-14,-0.0189424734073557,0.019418386111488196,0.019418386111488196,0.0003770737191748377,0,1,0.0465945
r1_qqq,6,3,-0.042964224,-0.029872734,-0.023106351,-0.018434195,-0.014743726,-0.011617205,-0.008782735,-0.0062745865,-0.0038980844,-0.0017123569,0.0004984647,0.0027209949,0.004989443,0.0072084097,0.009791865,0.012615147,0.015812475,0.019562274,0.023899693,0.030697886,0.042339794,0.0004984647,2023-02-17,2023-02-14,-0.0070806970446996,0.007579161724976411,0.007579161724976411,5.7443692453347414e-05,0,1,0.047006045
r1_qqq,6,4,-0.04284687,-0.02990726,-0.023190785,-0.018550461,-0.014827788,-0.011704346,-0.008861353,-0.006334127,-0.0038969328,-0.0016772253,0.0005542816,0.002806459,0.0050991084,0.007382831,0.010014938,0.012917114,0.016234634,0.020047175,0.0244222,0.031246513,0.042794827,0.0005542816,2023-02-21,2023-02-14,-0.0239597385794969,0.02451402015743048,0.02451402015743048,0.0006009371842789078,0,0,0.047612987
r1_qqq,6,5,-0.043092094,-0.030034859,-0.023107965,-0.01843175,-0.0146966325,-0.0115465,-0.008716668,-0.0061761322,-0.0037215895,-0.0014963823,0.00073227636,0.0029643835,0.005274202,0.0075165974,0.010134229,0.01298791,0.016184438,0.019862236,0.024117,0.030639097,0.042270824,0.00073227636,2023-02-22,2023-02-14,0.0007478792879324,-1.5602932084683718e-05,1.5602932084683718e-05,2.434514896392526e-10,1,1,0.047224965
r1_qqq,7,1,-0.043819435,-0.030352406,-0.023561003,-0.018914817,-0.015191298,-0.012015137,-0.0091897845,-0.0066650636,-0.004269033,-0.0020702777,0.00015567966,0.0024281265,0.004729534,0.0069691828,0.009598898,0.012426044,0.015652886,0.019429162,0.023868335,0.030563414,0.04200401,0.00015567966,2023-02-23,2023-02-22,0.0086960001826702,-0.008540320519376206,0.008540320519376206,7.293707457367827e-05,1,1,0.047429338
r1_qqq,7,2,-0.04442798,-0.031014912,-0.024228845,-0.019540858,-0.015748138,-0.012544871,-0.009627743,-0.0070587834,-0.004580412,-0.0023298687,-5.0680304e-05,0.0022520262,0.0045954986,0.0069035497,0.009605111,0.012536676,0.015883528,0.019794742,0.024265878,0.031192709,0.04268787,-5.0680304e-05,2023-02-24,2023-02-22,-0.0168857319559351,0.0168350516515233,0.0168350516515233,0.00028341896410945743,1,1,0.048494723
r1_qqq,7,3,-0.045164704,-0.031518936,-0.024605585,-0.019840306,-0.01604522,-0.012808208,-0.009857242,-0.0072409203,-0.004742817,-0.0024334397,-6.918468e-05,0.002291456,0.0046956497,0.007052174,0.009796603,0.012801044,0.016168676,0.020107953,0.02460815,0.03161769,0.04341797,-6.918468e-05,2023-02-27,2023-02-22,0.0071359332098312,-0.007205117889718457,0.007205117889718457,5.191372380474096e-05,0,1,0.049213737
r1_qqq,7,4,-0.045039587,-0.031490773,-0.024573768,-0.019815022,-0.015957901,-0.012710053,-0.009750656,-0.0071130837,-0.0045618596,-0.0022278293,0.00013716421,0.0024982889,0.00488593,0.0072553484,0.009995773,0.013015318,0.016448323,0.020409683,0.024964478,0.032029428,0.04379512,0.00013716421,2023-02-28,2023-02-22,-0.0012937763052507,0.0014309405190617475,0.0014309405190617475,2.0475907690927035e-06,0,1,0.049538247
r1_qqq,7,5,-0.045455307,-0.031809457,-0.024646625,-0.019819042,-0.01593349,-0.012658166,-0.009703027,-0.007048391,-0.0044750916,-0.002133036,0.00022695358,0.002588863,0.005003336,0.0073540313,0.010096183,0.013089629,0.016450752,0.020343628,0.02483345,0.03171469,0.043775506,0.00022695358,2023-03-01,2023-02-22,-0.0080716312184522,0.008298584794654704,0.008298584794654704,6.886650959407426e-05,0,1,0.049480073
r1_qqq,8,1,-0.037631698,-0.025442483,-0.019497797,-0.015513028,-0.012367332,-0.009701983,-0.00733921,-0.0052218647,-0.0032008635,-0.0013537061,0.00050629745,0.002400091,0.0043295743,0.0062020835,0.008411728,0.010790668,0.013514613,0.016710581,0.020498987,0.026375392,0.036420792,0.00050629745,2023-03-02,2023-03-01,0.0082418768716725,-0.0077355794192972074,0.0077355794192972074,5.983918895225452e-05,1,1,0.039996784
r1_qqq,8,2,-0.039066944,-0.026503416,-0.020325044,-0.016191877,-0.012912316,-0.010167425,-0.007685972,-0.005503498,-0.0033858586,-0.0014713812,0.00046519085,0.0024220003,0.004415049,0.0063674976,0.00865483,0.011140703,0.013974872,0.017309966,0.02115676,0.027234403,0.037345357,0.00046519085,2023-03-03,2023-03-01,0.020462795192698,-0.019997604339705762,0.019997604339705762,0.0003999041793274187,1,1,0.041481804
r1_qqq,8,3,-0.039211053,-0.026668252,-0.020457,-0.016268047,-0.012991547,-0.010220963,-0.007720609,-0.0055083795,-0.0034070194,-0.0014706145,0.00049926876,0.0024656157,0.0044697076,0.006427629,0.008711077,0.011209951,0.014024235,0.017334929,0.021174617,0.02726187,0.037509043,0.00049926876,2023-03-06,2023-03-01,0.0011338980081591,-0.0006346292472544303,0.0006346292472544303,4.0275428147072484e-07,1,1,0.041631617
r1_qqq,8,4,-0.038647167,-0.026360814,-0.020292621,-0.016195321,-0.012949168,-0.010229426,-0.007742548,-0.0055383365,-0.0034122246,-0.0014697926,0.00049246533,0.0024596034,0.0044480306,0.006432512,0.008716155,0.011233317,0.014103451,0.017424943,0.021288605,0.027424088,0.03759984,0.00049246533,2023-03-07,2023-03-01,-0.0123415330922968,0.012833998425378582,0.012833998425378582,0.00016471151558261992,0,1,0.04158123
r1_qqq,8,5,-0.0391332,-0.0265649,-0.020246398,-0.016095651,-0.012842591,-0.010116868,-0.00766871,-0.00546877,-0.003337693,-0.0013853849,0.0005818797,0.0025541862,0.004578382,0.0065483875,0.008848135,0.011368738,0.014202823,0.017499069,0.021369467,0.02737744,0.03768333,0.0005818797,2023-03-08,2023-03-01,0.0049816744576051,-0.004399794764987296,0.004399794764987296,1.9358193974009615e-05,1,1,0.041615866
r1_qqq,9,1,-0.037777547,-0.025149647,-0.01915835,-0.015209503,-0.012117528,-0.009514785,-0.0072300867,-0.005186658,-0.003243562,-0.0014851723,0.00027173723,0.002055279,0.003879847,0.0056566424,0.0077567687,0.010031116,0.012628301,0.01569022,0.019337846,0.025106855,0.035528213,0.00027173723,2023-03-09,2023-03-08,-0.0174777454882048,0.01774948271448984,0.01774948271448984,0.0003150441366319736,0,1,0.038496196
r1_qqq,9,2,-0.038596585,-0.025604606,-0.019439638,-0.01539083,-0.012226985,-0.009600816,-0.007249462,-0.005189547,-0.0032021997,-0.0014182396,0.00037375093,0.0021796885,0.0040215836,0.0058335187,0.007962549,0.010265967,0.012902748,0.01600974,0.019617794,0.02539205,0.035603564,0.00037375093,2023-03-10,2023-03-08,-0.0141430761934709,0.014516827118534987,0.014516827118534987,0.0002107382695894328,0,1,0.039057434
r1_qqq,9,3,-0.03878896,-0.025855431,-0.019640718,-0.0155234095,-0.012344831,-0.009688815,-0.007315539,-0.00523169,-0.0032790203,-0.0015050642,0.0002788331,0.0020647624,0.0039007552,0.0057125655,0.007843118,0.010182297,0.012841868,0.015986482,0.01967812,0.025565656,0.036001317,0.0002788331,2023-03-13,2023-03-08,0.0073889910625397,-0.007110157973143343,0.007110157973143343,5.055434640305384e-05,1,1,0.039318837
r1_qqq,9,4,-0.03834064,-0.025528556,-0.019411216,-0.015363437,-0.012204968,-0.009597637,-0.00723573,-0.0051629604,-0.0031875628,-0.0014021506,0.0003822411,0.0021758534,0.003994764,0.0058197724,0.007922233,0.010247435,0.012904523,0.015983744,0.019585893,0.025377652,0.03567222,0.0003822411,2023-03-14,2023-03-08,0.0227198468759511,-0.022337605781466176,0.022337605781466176,0.0004989686320481912,1,0,0.038997106
r1_qqq,9,5,-0.038290482,-0.025544062,-0.019320538,-0.015287206,-0.012163426,-0.009562622,-0.0072459164,-0.0051775393,-0.00319491,-0.0013906872,0.00041336927,0.002216801,0.0040798886,0.0058990587,0.008036376,0.0103757195,0.013019944,0.016106868,0.01976602,0.025534231,0.03607584,0.00041336927,2023-03-15,2023-03-08,0.0052320206903445,-0.004818651419371592,0.004818651419371592,2.3219401501411862e-05,1,1,0.039086558
r1_qqq,10,1,-0.03897123,-0.027184524,-0.021193808,-0.017083481,-0.013795869,-0.010977702,-0.008462236,-0.006198284,-0.00403523,-0.0020478817,-3.75773e-05,0.0020161674,0.0041072145,0.00613451,0.00851261,0.011072788,0.013989978,0.017389854,0.02138502,0.027474055,0.037801508,-3.75773e-05,2023-03-16,2023-03-15,0.0260194127605386,-0.026056990062093447,0.026056990062093447,0.0006789667310960367,0,0,0.042578828
r1_qqq,10,2,-0.039431762,-0.027410422,-0.021309236,-0.017154004,-0.013818098,-0.011000511,-0.008438003,-0.0061664195,-0.0039647077,-0.0019634976,6.8637884e-05,0.0021272171,0.00422792,0.006291631,0.00870735,0.01132053,0.014299033,0.017782615,0.021787906,0.027982354,0.038239285,6.8637884e-05,2023-03-17,2023-03-15,-0.0047370347383138,0.004805672622710394,0.004805672622710394,2.3094489356668197e-05,0,1,0.043097142
r1_qqq,10,3,-0.039510306,-0.027429083,-0.021250175,-0.017024413,-0.013692314,-0.010852582,-0.008262381,-0.005957422,-0.0037575227,-0.0017235905,0.000349648,0.0024262655,0.004543495,0.0066150096,0.009019503,0.011639705,0.014588054,0.01804482,0.022042885,0.028258089,0.038723957,0.000349648,2023-03-20,2023-03-15,0.0035424803903469,-0.003192832384552166,0.003192832384552166,1.0194178635845071e-05,1,1,0.04329306
r1_qqq,10,4,-0.03894623,-0.027136466,-0.021063138,-0.016887039,-0.0135563295,-0.0107513005,-0.008171182,-0.0058672894,-0.0036358137,-0.0015886755,0.00048281884,0.0025646936,0.004673778,0.006777006,0.009195073,0.011852977,0.014877022,0.018354239,0.022339163,0.028523112,0.038774688,0.00048281884,2023-03-21,2023-03-15,0.0141813144076155,-0.013698495568242434,0.013698495568242434,0.0001876487808331576,1,1,0.0434023
r1_qqq,10,5,-0.038963277,-0.027111111,-0.020868633,-0.01667828,-0.0133500835,-0.010535829,-0.007995503,-0.0057024886,-0.0034748858,-0.0014354689,0.00062267017,0.002689133,0.0048169075,0.0068921107,0.009312332,0.01194469,0.014891694,0.018283864,0.022208605,0.028151099,0.0384217,0.00062267017,2023-03-22,2023-03-15,-0.0136914171817484,0.014314087347942839,0.014314087347942839,0.00020489309660453727,0,1,0.043077238
r1_qqq,11,1,-0.036325965,-0.024763834,-0.018957904,-0.015013246,-0.011886516,-0.009225272,-0.0068563316,-0.004729452,-0.0027012322,-0.0008529629,0.0010078913,0.0029102766,0.0048492793,0.006732999,0.008950312,0.01132934,0.01404216,0.017208017,0.020930981,0.026604494,0.036337655,0.0010078913,2023-03-23,2023-03-22,0.0117884985240139,-0.01078060726392641,0.01078060726392641,0.00011622149297902286,1,1,0.039888885
r1_qqq,11,2,-0.036976606,-0.025384372,-0.019484602,-0.015458667,-0.012245058,-0.009540333,-0.0070862295,-0.0049201627,-0.0028204727,-0.0009270801,0.0009795696,0.0029117146,0.0048816046,0.0068169325,0.009078113,0.011517473,0.014280321,0.017498937,0.021188267,0.026955493,0.036838863,0.0009795696,2023-03-24,2023-03-22,0.0036737147071858,-0.0026941450830076886,0.0026941450830076886,7.2584177282945055e-06,1,1,0.04067287
r1_qqq,11,3,-0.03775785,-0.026011122,-0.01998974,-0.01587459,-0.012637903,-0.00989329,-0.0073978784,-0.0051864684,-0.0030917313,-0.001175006,0.00076814316,0.002711397,0.0047008214,0.006652175,0.008923461,0.011402682,0.01419787,0.017482966,0.021308074,0.027309736,0.03756775,0.00076814316,2023-03-27,2023-03-22,-0.0068751671728668,0.007643310332669803,0.007643310332669803,5.842019284149697e-05,0,1,0.041297816
r1_qqq,11,4,-0.037408628,-0.025783148,-0.019891597,-0.015860898,-0.012647735,-0.0099418145,-0.007451542,-0.00523796,-0.0031013405,-0.0011526208,0.00081247825,0.002787202,0.0047860174,0.006789997,0.00908783,0.01160622,0.014464662,0.017745784,0.02152003,0.02744772,0.037478168,0.00081247825,2023-03-28,2023-03-22,-0.0053255299509548,0.006138008198053425,0.006138008198053425,3.767514463937105e-05,0,1,0.041411627
r1_qqq,11,5,-0.03765832,-0.025964169,-0.019872699,-0.015791887,-0.0125604365,-0.009832665,-0.0073765367,-0.0051610577,-0.0030156942,-0.0010588563,0.00090650073,0.0028775348,0.0049131196,0.0069013326,0.009219298,0.011741304,0.01456188,0.01779802,0.021563608,0.027300073,0.037375286,0.00090650073,2023-03-29,2023-03-22,0.0180695041814693,-0.01716300344894312,0.01716300344894312,0.0002945686873884334,1,1,0.041436307
r1_qqq,12,1,-0.03129329,-0.020689404,-0.015440553,-0.011932105,-0.009183897,-0.0068608555,-0.004813189,-0.0029748203,-0.0012289787,0.00035440442,0.0019309086,0.003533945,0.0051742275,0.0067743,0.008665744,0.010702678,0.013028892,0.015746415,0.018949423,0.023854516,0.032564316,0.0019309086,2023-03-30,2023-03-29,0.0094208040587384,-0.007489895409509886,0.007489895409509886,5.6098533245397265e-05,1,1,0.034389976
r1_qqq,12,2,-0.033190615,-0.022290602,-0.016905576,-0.01331903,-0.010492531,-0.008122443,-0.005971587,-0.0040730974,-0.0022240488,-0.00055886514,0.0011065773,0.002790811,0.004512335,0.0062105516,0.008201305,0.010355709,0.012805028,0.015662784,0.018918945,0.024032762,0.032774486,0.0011065773,2023-03-31,2023-03-29,0.0164941723763124,-0.015387595033004964,0.015387595033004964,0.00023677808089975902,1,1,0.035824522
r1_qqq,12,3,-0.033686016,-0.022869749,-0.017446257,-0.01377489,-0.010903556,-0.008474979,-0.006281372,-0.0043337466,-0.0024941831,-0.00081357616,0.0008702255,0.0025576921,0.004296448,0.006013054,0.008017171,0.010212803,0.012693247,0.01560294,0.018979426,0.024295777,0.03336263,0.0008702255,2023-04-03,2023-03-29,-0.0024333940319017,0.003303619517315967,0.003303619517315967,1.0913901915190981e-05,0,1,0.036425684
r1_qqq,12,4,-0.033011362,-0.022493564,-0.017281601,-0.013744061,-0.0109375715,-0.0085762665,-0.0064054388,-0.004475071,-0.002615591,-0.0009255031,0.0007625328,0.0024610928,0.00419199,0.0059303227,0.007929985,0.010134429,0.012641343,0.015523618,0.01885986,0.024147322,0.033107765,0.0007625328,2023-04-04,2023-03-29,-0.0033789779525106,0.0041415107669164584,0.0041415107669164584,1.715211143248495e-05,0,1,0.036141463
r1_qqq,12,5,-0.033380974,-0.022689193,-0.01725019,-0.013650974,-0.010828037,-0.008444373,-0.0062969667,-0.004357271,-0.0024808412,-0.00076760596,0.00094522454,0.002666213,0.0044537825,0.006198533,0.008239203,0.010465197,0.012959851,0.015835622,0.01919363,0.024381304,0.03351992,0.00094522454,2023-04-05,2023-03-29,-0.0099217046698915,0.010866929212993585,0.010866929212993585,0.00011809015052021339,0,1,0.036443822
r1_qqq,13,1,-0.02745578,-0.018631367,-0.014172264,-0.01112915,-0.008677751,-0.0065839277,-0.0047000474,-0.0029800273,-0.0013261386,0.0001887707,0.0017277371,0.003289844,0.004854106,0.0063538398,0.008101499,0.009948439,0.01202868,0.014439526,0.017263047,0.02158385,0.029388338,0.0017277371,2023-04-06,2023-04-05,0.0067195768010278,-0.004991839663911308,0.004991839663911308,2.4918463230198165e-05,1,1,0.03143531
r1_qqq,13,2,-0.027576314,-0.01882373,-0.014364886,-0.011297102,-0.0088126175,-0.0066970736,-0.0047545508,-0.0030226437,-0.0013221729,0.00022549056,0.0017993986,0.0033814046,0.004966518,0.006487346,0.008233172,0.010088062,0.012141681,0.014509727,0.017212704,0.021465229,0.02919017,0.0017993986,2023-04-10,2023-04-05,-0.0005661991030468,0.0023655976705743327,0.0023655976705743327,5.596052339026709e-06,0,1,0.03157759
r1_qqq,13,3,-0.028191,-0.019366069,-0.014823843,-0.011682481,-0.009173019,-0.0070233685,-0.0050601675,-0.0033038622,-0.0016327223,-9.741627e-05,0.0014736479,0.0030401829,0.0046157385,0.0061302506,0.007867121,0.009742602,0.011824209,0.014273713,0.017116224,0.021593694,0.02960658,0.0014736479,2023-04-11,2023-04-05,-0.0064381489962189,0.007911796887762706,0.007911796887762706,6.259652999321164e-05,0,1,0.031940065
r1_qqq,13,4,-0.028320963,-0.019434968,-0.014883849,-0.011764564,-0.009262893,-0.0071434556,-0.0051819514,-0.0034339475,-0.0017430411,-0.00018912254,0.0013938313,0.0029863971,0.0045766495,0.0061404323,0.007896659,0.009804009,0.011935691,0.014356992,0.017143523,0.021504376,0.02924592,0.0013938313,2023-04-12,2023-04-05,-0.0088732423491183,0.010267073684126445,0.010267073684126445,0.00010541280203528176,0,1,0.03202737
r1_qqq,13,5,-0.028470319,-0.01958113,-0.015016666,-0.011927131,-0.009446135,-0.007317444,-0.0053760903,-0.0036066547,-0.001881582,-0.00028838706,0.0013329384,0.002961257,0.004606397,0.0061832853,0.007993796,0.009941016,0.012088321,0.0145428805,0.017383508,0.021696372,0.029557185,0.0013329384,2023-04-13,2023-04-05,0.0193929675084669,-0.018060029070185484,0.018060029070185484,0.00032616465001594476,1,0,0.032400176
r1_qqq,14,1,-0.030224182,-0.01985479,-0.014742839,-0.011353473,-0.0086928075,-0.006450237,-0.004473936,-0.0026912605,-0.0009886073,0.00056420336,0.0021279342,0.0037154362,0.0053113434,0.0068595507,0.008677393,0.010623921,0.012833714,0.015412896,0.01845751,0.023110237,0.031250853,0.0021279342,2023-04-14,2023-04-13,-0.0018816519287805,0.0040095861760358256,0.0040095861760358256,1.6076781303057594e-05,0,1,0.03320035
r1_qqq,14,2,-0.031267032,-0.020925984,-0.015825778,-0.012433614,-0.009751915,-0.0074990834,-0.0054543414,-0.0036432603,-0.0018716635,-0.0002648254,0.0013600886,0.0029916517,0.004638466,0.006240166,0.0080989795,0.010090092,0.012330268,0.014932611,0.017896093,0.02255616,0.030577555,0.0013600886,2023-04-17,2023-04-13,0.0008471181588541,0.000512970427953151,0.000512970427953151,2.6313865995443886e-07,1,1,0.03372187
r1_qqq,14,3,-0.031874195,-0.02145146,-0.016281895,-0.012829884,-0.010133511,-0.00785464,-0.0058015236,-0.0039721825,-0.0022352415,-0.0006399752,0.0009801759,0.0026040156,0.0042536873,0.005866037,0.007730313,0.009757347,0.01202707,0.014689416,0.017764876,0.02258011,0.030771265,0.0009801759,2023-04-18,2023-04-13,6.280041075873191e-05,0.0009173755044154543,0.0009173755044154543,8.415778161015092e-07,1,1,0.03404677
r1_qqq,14,4,-0.031478293,-0.021229517,-0.016161231,-0.012763016,-0.010083809,-0.007845362,-0.005795509,-0.0039841235,-0.0022432122,-0.0006487275,0.00095946284,0.0025825133,0.0042141657,0.0058335545,0.007670004,0.009679097,0.011944789,0.014541403,0.017541286,0.022279795,0.030399526,0.00095946284,2023-04-19,2023-04-13,-0.0004704163280929,0.0014298791635463507,0.0014298791635463507,2.0445544223440118e-06,0,1,0.033702515
r1_qqq,14,5,-0.031258352,-0.02114283,-0.016037986,-0.012664732,-0.010027017,-0.0078050806,-0.0058114617,-0.00402013,-0.0022924552,-0.00070856814,0.0008976809,0.0025090966,0.0041599474,0.0057597947,0.0076167644,0.009626724,0.011866246,0.014453749,0.017480813,0.022161262,0.030423855,0.0008976809,2023-04-20,2023-04-13,-0.0076538410755792,0.008551521950493132,0.008551521950493132,7.312852766976585e-05,0,1,0.0335188
r1_qqq,15,1,-0.023891216,-0.01601128,-0.012076192,-0.009458117,-0.0074037425,-0.0056798006,-0.0041604717,-0.0027980118,-0.0015029417,-0.00033916577,0.0008170039,0.0019894897,0.0031860203,0.0043516248,0.005727772,0.007202361,0.008870881,0.010818269,0.013123671,0.01675657,0.023436965,0.0008170039,2023-04-21,2023-04-20,0.0010425101363159,-0.00022550624358125314,0.00022550624358125314,5.085306589412747e-08,1,1,0.025199862
r1_qqq,15,2,-0.024580656,-0.016629925,-0.012665819,-0.010022489,-0.007938053,-0.006188846,-0.0046016453,-0.0031992202,-0.0018263235,-0.0005964817,0.0006402047,0.0018900025,0.0031606648,0.0044040116,0.005862127,0.0074254177,0.009185001,0.011244439,0.013609432,0.017372666,0.024159215,0.0006402047,2023-04-24,2023-04-20,-0.0020865018792049,0.0027267065793805728,0.0027267065793805728,7.434928770037304e-06,0,1,0.026275251
r1_qqq,15,3,-0.02513267,-0.017074741,-0.012987651,-0.010246916,-0.008107442,-0.0063056676,-0.004688445,-0.0032571282,-0.0019080179,-0.00068147463,0.00055035914,0.0017872638,0.003054115,0.004296225,0.0057498305,0.0073365932,0.009117458,0.0112241525,0.01367455,0.017561616,0.024595777,0.00055035914,2023-04-25,2023-04-20,-0.0190439519412711,0.019594311079558703,0.019594311079558703,0.0003839370266825169,0,0,0.0266622
r1_qqq,15,4,-0.025413454,-0.017175896,-0.013009375,-0.010220168,-0.008056201,-0.006271263,-0.004651855,-0.003238008,-0.0018877534,-0.0006678649,0.00055361434,0.0017841149,0.0030341258,0.0042901156,0.005720166,0.0072890623,0.009064648,0.011116048,0.013496177,0.017323121,0.024130011,0.00055361434,2023-04-26,2023-04-20,0.0060463247687046,-0.005492710425188071,0.005492710425188071,3.0169867814969718e-05,1,1,0.026505552
r1_qqq,15,5,-0.025053756,-0.017079825,-0.012960641,-0.010243036,-0.008135917,-0.0063657737,-0.0047838707,-0.0033667248,-0.0020062989,-0.0007678293,0.00047140737,0.0017120586,0.0029924947,0.004238292,0.005694461,0.007279977,0.009052791,0.011119595,0.013575997,0.01745258,0.02453243,0.00047140737,2023-04-27,2023-04-20,0.0268277234258742,-0.026356316052904068,0.026356316052904068,0.0006946553958805686,1,0,0.026536638
r1_qqq,16,1,-0.028071752,-0.018539451,-0.0138441725,-0.01070283,-0.008208519,-0.006095802,-0.004218964,-0.0025118408,-0.00087434764,0.0006232709,0.002144306,0.0036860104,0.0052316124,0.0067287614,0.008480289,0.010350172,0.012467984,0.014936437,0.017836738,0.022269646,0.030253507,0.002144306,2023-04-28,2023-04-27,0.0068750159256159,-0.004730709958821409,0.004730709958821409,2.2379616714492056e-05,1,1,0.03168091
r1_qqq,16,2,-0.029392265,-0.01983637,-0.015129605,-0.011983645,-0.009469421,-0.0073468536,-0.005406251,-0.003674286,-0.0019707899,-0.0004214141,0.0011619258,0.0027517814,0.004357772,0.005916606,0.007717304,0.009646338,0.011808168,0.01431297,0.017159384,0.021634702,0.02949645,0.0011619258,2023-05-01,2023-04-27,-0.0011474643211766,0.0023093901650934334,0.0023093901650934334,5.333282934630276e-06,0,1,0.03228899
r1_qqq,16,3,-0.0295161,-0.02001434,-0.015318261,-0.012171054,-0.009680453,-0.0075584757,-0.005627565,-0.0038970215,-0.0022447598,-0.0007274113,0.00082430453,0.002385345,0.003968773,0.0055126413,0.007292581,0.009220678,0.011374409,0.013903908,0.016819369,0.021391604,0.029403327,0.00082430453,2023-05-02,2023-04-27,-0.0087599178883239,0.009584222418720957,0.009584222418720957,9.185731937151339e-05,0,1,0.032137632
r1_qqq,16,4,-0.02906479,-0.019893983,-0.015401311,-0.012357442,-0.00991648,-0.007847288,-0.0059267594,-0.0042148097,-0.0025573245,-0.001031665,0.0005145557,0.002078874,0.0036455318,0.005200291,0.0069579924,0.00887619,0.011038078,0.013516595,0.01638049,0.02091489,0.028828982,0.0005145557,2023-05-03,2023-04-27,-0.0065654694599192,0.007080025182394252,0.007080025182394252,5.012675658333676e-05,0,1,0.0317818
r1_qqq,16,5,-0.029138073,-0.019875955,-0.015228569,-0.012144653,-0.009703127,-0.0076281894,-0.005752744,-0.004056356,-0.0024150754,-0.0009021442,0.00063935644,0.0021897962,0.003772288,0.0053041507,0.0070774774,0.008993539,0.011126975,0.013598213,0.016487595,0.020950278,0.028987292,0.00063935644,2023-05-04,2023-04-27,-0.0035360465834588,0.0041754030233919805,0.0041754030233919805,1.7433990407750892e-05,0,1,0.031716164
r1_qqq,17,1,-0.02286434,-0.015088197,-0.011318888,-0.008846335,-0.0069015375,-0.0052646613,-0.003812912,-0.0024990176,-0.0012404774,-0.00010194941,0.0010425696,0.0022075905,0.0033754595,0.0044994736,0.0058124764,0.007209867,0.008784192,0.010628012,0.012807495,0.016281158,0.022674426,0.0010425696,2023-05-05,2023-05-04,0.0210316998006338,-0.019989130162403893,0.019989130162403893,0.0003995653246495251,1,0,0.024126383
r1_qqq,17,2,-0.023387933,-0.015498295,-0.011671481,-0.009160621,-0.0071833185,-0.005525238,-0.00401711,-0.0026826228,-0.001377842,-0.00019856205,0.0009996622,0.0022048098,0.0034175229,0.004593684,0.005958554,0.0074085267,0.009026425,0.010921471,0.01310147,0.01663108,0.023071166,0.0009996622,2023-05-08,2023-05-04,0.0024743442720162,-0.0014746820617826907,0.0014746820617826907,2.1746871833436475e-06,1,1,0.02477295
r1_qqq,17,3,-0.023826443,-0.015834406,-0.011953528,-0.009398343,-0.0074030757,-0.005717085,-0.004195315,-0.0028365364,-0.0015496893,-0.0003729231,0.0008281817,0.00203345,0.0032530713,0.004432864,0.0057961685,0.0072736964,0.008916957,0.01086913,0.013146423,0.016811486,0.023487782,0.0008281817,2023-05-09,2023-05-04,-0.0063534401697938,0.0071816218542766425,0.0071816218542766425,5.157569245782388e-05,0,1,0.025099952
r1_qqq,17,4,-0.024256,-0.016128795,-0.012127323,-0.00948749,-0.007435144,-0.005735097,-0.0041845245,-0.002823093,-0.0015171404,-0.00032917125,0.000875559,0.0020912888,0.0033073802,0.004517739,0.0058817156,0.0073744794,0.0090570925,0.011004986,0.013278169,0.016970284,0.023559358,0.000875559,2023-05-10,2023-05-04,0.0108230081340718,-0.009947449138895694,0.009947449138895694,9.895174437091668e-05,1,1,0.025405493
r1_qqq,17,5,-0.024090353,-0.01613415,-0.012176245,-0.009596541,-0.007590104,-0.0058969613,-0.0043752664,-0.0029982592,-0.0016708062,-0.00044732227,0.0007965079,0.0020495201,0.003318444,0.004541999,0.0059601925,0.007494293,0.00920357,0.011205526,0.01358853,0.017390182,0.024338247,0.0007965079,2023-05-11,2023-05-04,0.0032548086431355,-0.0024583007155463813,0.0024583007155463813,6.0432424080558505e-06,1,1,0.025764775
r1_qqq,18,1,-0.019553632,-0.012825312,-0.009518198,-0.007349675,-0.0056361943,-0.004199221,-0.0029262442,-0.0017913182,-0.0007091974,0.00025813765,0.001213782,0.0021870334,0.003177027,0.0041479613,0.0052876924,0.006511105,0.007892953,0.009511269,0.011422034,0.014498289,0.020338783,0.001213782,2023-05-12,2023-05-11,-0.0035931080239036,0.004806890025190345,0.004806890025190345,2.3106191714274435e-05,0,1,0.020940233
r1_qqq,18,2,-0.019887256,-0.013075016,-0.009700418,-0.0074759126,-0.0057143727,-0.004242669,-0.002904562,-0.0017393776,-0.00060328667,0.00040476798,0.0014076397,0.0024237058,0.0034500072,0.0044631017,0.0056408485,0.006908075,0.008316729,0.009962668,0.011864074,0.014947446,0.020776592,0.0014076397,2023-05-15,2023-05-11,0.0054001509528436,-0.003992511247267598,0.003992511247267598,1.5940146059558267e-05,1,1,0.021564491
r1_qqq,18,3,-0.020881882,-0.013844145,-0.010339082,-0.007999917,-0.006162419,-0.0046128524,-0.003225936,-0.0020025312,-0.0008518785,0.00019111346,0.0012353833,0.0022832837,0.0033594281,0.004423725,0.0056622485,0.00702859,0.008552081,0.010363309,0.012463243,0.015801016,0.021921737,0.0012353833,2023-05-16,2023-05-11,0.0011317018770057,0.00010368145290732015,0.00010368145290732015,1.0749843676972847e-08,1,1,0.022802325
r1_qqq,18,4,-0.021407206,-0.014224403,-0.010660718,-0.008274311,-0.006404237,-0.0048510055,-0.0034289882,-0.0021840774,-0.0009858058,0.00010354107,0.001208939,0.0023235516,0.0034503636,0.004573272,0.0058418945,0.007239668,0.008815018,0.010646734,0.012761599,0.01615045,0.022239711,0.001208939,2023-05-17,2023-05-11,0.0120316188721409,-0.010822679864657478,0.010822679864657478,0.0001171303994528624,1,1,0.023422318
r1_qqq,18,5,-0.021062195,-0.014031649,-0.010490672,-0.008153901,-0.0063332124,-0.004793482,-0.0034049076,-0.0021646142,-0.0009687857,0.00011814709,0.0012122755,0.0023086222,0.0034268089,0.004511159,0.005782597,0.007170639,0.008718438,0.01053343,0.012679465,0.016083907,0.022373982,0.0012122755,2023-05-18,2023-05-11,0.0184027146388466,-0.01719043916823962,0.01719043916823962,0.0002955111987969468,1,0,0.023170136
r1_qqq,19,1,-0.019590924,-0.012837046,-0.009527018,-0.0073162825,-0.0055397926,-0.004028479,-0.002670745,-0.0014341498,-0.0002412416,0.0008413828,0.0019296634,0.0030312191,0.0041318405,0.005192497,0.0064155646,0.0077019674,0.009124287,0.010760992,0.0126519855,0.01553345,0.020865902,0.0019296634,2023-05-19,2023-05-18,-0.0022558587156006,0.0041855220701315305,0.0041855220701315305,1.751859499955813e-05,0,1,0.022179004
r1_qqq,19,2,-0.020213092,-0.013358969,-0.010029008,-0.007812614,-0.0060259667,-0.004514243,-0.0031201502,-0.001880315,-0.0006506469,0.00046149147,0.0015956352,0.002736653,0.003874611,0.0049771094,0.0062402803,0.0075802314,0.009056083,0.010750417,0.012661916,0.015620807,0.020980729,0.0015956352,2023-05-22,2023-05-18,0.003352598639055,-0.001756963439135657,0.001756963439135657,3.0869205264593953e-06,1,1,0.022690924
r1_qqq,19,3,-0.020323472,-0.013409922,-0.010012065,-0.007733177,-0.005915814,-0.004368619,-0.0029638659,-0.0017050422,-0.00050373346,0.00059291563,0.0017105776,0.002831585,0.003959838,0.0050553908,0.0063054087,0.007652004,0.009132636,0.010856291,0.012821984,0.015844636,0.021390641,0.0017105776,2023-05-23,2023-05-18,-0.0127575831205775,0.014468160755672024,0.014468160755672024,0.00020932767565196806,0,0,0.022834048
r1_qqq,19,4,-0.020486536,-0.01350552,-0.010001499,-0.0076480275,-0.005793558,-0.0042456905,-0.0028196995,-0.0015640529,-0.00035710027,0.0007411502,0.0018530237,0.0029718075,0.004081324,0.0051744413,0.006391124,0.007706883,0.009163896,0.010816773,0.012683337,0.015590796,0.020924948,0.0018530237,2023-05-24,2023-05-18,-0.0051424875099382,0.006995511165650804,0.006995511165650804,4.893717646874507e-05,0,1,0.022684835
r1_qqq,19,5,-0.019770553,-0.013101397,-0.009717444,-0.007463417,-0.0056782644,-0.0041533895,-0.0027699934,-0.0015196132,-0.00031342398,0.00078585075,0.0019003279,0.0030072494,0.0041143796,0.005172564,0.0063877287,0.0076884977,0.009118227,0.01076019,0.01266611,0.015577819,0.02107859,0.0019003279,2023-05-25,2023-05-18,0.0240414859954386,-0.02214115813785484,0.02214115813785484,0.0004902308836854956,1,0,0.022383554
r1_qqq,20,1,-0.021141605,-0.012944255,-0.00887707,-0.006176335,-0.004053337,-0.002274636,-0.00071547576,0.0006996383,0.0020429792,0.0032530038,0.0044882502,0.005722656,0.0069343536,0.008108932,0.009481743,0.01095129,0.012622347,0.014583021,0.016909223,0.02041155,0.027157694,0.0044882502,2023-05-26,2023-05-25,0.0252296513550687,-0.020741401114385143,0.020741401114385143,0.0004302057201878173,1,0,0.025786292
r1_qqq,20,2,-0.022636998,-0.014948266,-0.0112484805,-0.008794768,-0.0068304716,-0.005161626,-0.0036218506,-0.0022373355,-0.0008521703,0.00041671682,0.0017263414,0.0030502689,0.004367528,0.0056400555,0.007111687,0.008693759,0.010463773,0.012519679,0.0148546845,0.018490963,0.02520595,0.0017263414,2023-05-30,2023-05-25,0.0045246532534874,-0.0027983118196642917,0.0027983118196642917,7.83054904007288e-06,1,1,0.026103165
r1_qqq,20,3,-0.0230011,-0.015248438,-0.011493852,-0.008989333,-0.007004177,-0.005309859,-0.0037698206,-0.0023781953,-0.0010441864,0.00019828795,0.0014812776,0.0027777771,0.0040761423,0.0053399527,0.006786312,0.008352735,0.010082727,0.012109725,0.014448701,0.018082408,0.024853515,0.0014812776,2023-05-31,2023-05-25,-0.0057024013032606,0.007183678938581621,0.007183678938581621,5.1605243092621165e-05,0,1,0.025942553
r1_qqq,20,4,-0.022881288,-0.015208776,-0.011486429,-0.009001958,-0.0070314184,-0.005367635,-0.0038231597,-0.0024537896,-0.0011243502,0.0001117033,0.001379481,0.0026718862,0.0039474857,0.0052022166,0.006602777,0.008124278,0.009818626,0.011759031,0.0140026165,0.017536206,0.02421266,0.001379481,2023-06-01,2023-05-25,0.0114859799462648,-0.010106498895147618,0.010106498895147618,0.00010214131991762002,1,1,0.025489045
r1_qqq,20,5,-0.02205608,-0.0147003345,-0.011091591,-0.008692616,-0.0067816298,-0.0051428196,-0.0036539743,-0.0023034308,-0.0009888663,0.00023121494,0.0014876339,0.002758901,0.00403612,0.00525763,0.006665298,0.008179424,0.009858033,0.011810617,0.014098978,0.01762925,0.024514493,0.0014876339,2023-06-02,2023-05-25,0.0074717597119565,-0.005984125800063729,0.005984125800063729,3.580976159098836e-05,1,1,0.02519057
r1_qqq,21,1,-0.020915465,-0.013533377,-0.009853047,-0.0074601416,-0.005597964,-0.0040320763,-0.0026497846,-0.001404632,-0.00021282746,0.00085747463,0.001928305,0.003009195,0.0041098827,0.0051903627,0.0064540375,0.0078024166,0.009319505,0.011072878,0.013114133,0.01622975,0.021971174,0.001928305,2023-06-05,2023-06-02,0.0007045504264739,0.0012237545940819538,0.0012237545940819538,1.4975753065366876e-06,1,1,0.02296718
r1_qqq,21,2,-0.021306433,-0.013847566,-0.010166784,-0.00776671,-0.005897723,-0.004332947,-0.0029142555,-0.0016613561,-0.00043296147,0.00066422566,0.0017726581,0.0028900495,0.0040263487,0.0051430115,0.0064441916,0.007842767,0.009405899,0.0112124095,0.013261923,0.016424855,0.022117674,0.0017726581,2023-06-06,2023-06-02,-0.0001691905428187,0.0019418486273379075,0.0019418486273379075,3.7707760914941156e-06,0,1,0.023428706
r1_qqq,21,3,-0.021845615,-0.014293677,-0.010515888,-0.008050225,-0.00614347,-0.0045383936,-0.0030968091,-0.0018164287,-0.00060374313,0.0005016916,0.001622037,0.0027378788,0.0038868815,0.005018645,0.006332841,0.0077695968,0.009364368,0.011231183,0.013374246,0.016665999,0.022621972,0.001622037,2023-06-07,2023-06-02,-0.0171107318366459,0.018732768867402372,0.018732768867402372,0.00035091662943951955,0,0,0.023890134
r1_qqq,21,4,-0.021898312,-0.014228096,-0.010396213,-0.007890988,-0.005953324,-0.0043462487,-0.0028767819,-0.0015904977,-0.00035773878,0.0007606273,0.001890676,0.0030297327,0.0041786716,0.005329521,0.006630773,0.008053927,0.0096476795,0.011464825,0.01351499,0.016675519,0.02237802,0.001890676,2023-06-08,2023-06-02,0.0123367327936661,-0.010446056813999688,0.010446056813999688,0.0001091201029613093,1,1,0.023911204
r1_qqq,21,5,-0.021414496,-0.013942523,-0.010210694,-0.0078001856,-0.0059239194,-0.0043326286,-0.002896544,-0.0016031757,-0.00035022237,0.00079823507,0.0019513934,0.0031106626,0.00428499,0.005427596,0.0067537134,0.00818808,0.009772055,0.011584989,0.013653933,0.016771253,0.022620857,0.0019513934,2023-06-09,2023-06-02,0.0038155301771962,-0.001864136738693054,0.001864136738693054,3.4750057805451754e-06,1,1,0.023864627
r1_qqq,22,1,-0.020568026,-0.013192232,-0.009648828,-0.007322709,-0.0054947706,-0.0039583547,-0.0025933112,-0.0013642376,-0.00019302426,0.0008643241,0.0019177253,0.0029820744,0.004058091,0.0051136175,0.0063520065,0.007673531,0.009170055,0.010922134,0.012986914,0.016254013,0.02242385,0.0019177253,2023-06-12,2023-06-09,0.0167558990218552,-0.014838173709331656,0.014838173709331656,0.00022017139902830114,1,0,0.022635743
r1_qqq,22,2,-0.020723335,-0.013391484,-0.009903852,-0.007622716,-0.005824959,-0.004321196,-0.0029484578,-0.0017390967,-0.00055645494,0.00050895166,0.0015842236,0.002671083,0.0037743412,0.004860239,0.006127837,0.0074933507,0.009022989,0.010817313,0.012885702,0.016218033,0.022371948,0.0015842236,2023-06-13,2023-06-09,0.0076545720961307,-0.006070348508133442,0.006070348508133442,3.684913101019791e-05,1,1,0.022789553
r1_qqq,22,3,-0.021166816,-0.013733626,-0.010178204,-0.007840201,-0.006007756,-0.004460484,-0.0030651793,-0.001821657,-0.00064444717,0.00042865195,0.0015173223,0.0026091246,0.003723964,0.004816156,0.006081989,0.0074681276,0.009019798,0.010871384,0.013031497,0.016509956,0.022975506,0.0015173223,2023-06-14,2023-06-09,0.0072412842753781,-0.005723962011697702,0.005723962011697702,3.27637411113584e-05,1,1,0.0232097
r1_qqq,22,4,-0.021568084,-0.013937951,-0.010246811,-0.007824506,-0.0059384396,-0.004379295,-0.0029572656,-0.0017123927,-0.0005183401,0.0005629016,0.0016587127,0.0027682239,0.0038869726,0.0050025694,0.00626891,0.0076591363,0.009231192,0.011053008,0.013165104,0.01658627,0.022819046,0.0016587127,2023-06-15,2023-06-09,0.0118453596174816,-0.010186646870906126,0.010186646870906126,0.00010376777447254156,1,1,0.023411915
r1_qqq,22,5,-0.020998467,-0.013604229,-0.010023163,-0.0076899175,-0.005865719,-0.004315,-0.0029137945,-0.0016541531,-0.00043991843,0.00066895835,0.0017843524,0.0029036948,0.0040354747,0.0051315445,0.00640578,0.0077945283,0.009346097,0.011166817,0.013334035,0.016787855,0.023235703,0.0017843524,2023-06-16,2023-06-09,-0.0063128088774829,0.008097161230325589,0.008097161230325589,6.556401998988781e-05,0,1,0.023357198
r1_qqq,23,1,-0.020670947,-0.013710566,-0.010075186,-0.0076395907,-0.005710564,-0.0040769787,-0.0026082066,-0.0012771289,4.07864e-06,0.0011665777,0.002336024,0.0035166752,0.004692762,0.0058259685,0.0071364213,0.008511314,0.0100472635,0.011812141,0.013856265,0.016956212,0.022584906,0.002336024,2023-06-20,2023-06-16,-0.0014325067080124,0.003768530781896291,0.003768530781896291,1.4201824254099871e-05,0,1,0.023931451
r1_qqq,23,2,-0.021068444,-0.0140547175,-0.010434265,-0.007992811,-0.006043347,-0.004400036,-0.0028852106,-0.0015407266,-0.00020732838,0.0009978762,0.0022213415,0.003455557,0.0046857954,0.0058715716,0.0072262804,0.008661492,0.0102422945,0.012048451,0.0140781095,0.017231094,0.022856284,0.0022213415,2023-06-21,2023-06-16,-0.0137214581073898,0.01594279958509683,0.01594279958509683,0.0002541728586105636,0,0,0.024512375
r1_qqq,23,3,-0.021157417,-0.014161969,-0.010507558,-0.008048582,-0.006100225,-0.0044396706,-0.0029270756,-0.0015742247,-0.00028218506,0.0009030107,0.0021175004,0.0033264987,0.0045433734,0.005721454,0.007062838,0.008509921,0.010097566,0.011944095,0.0140476385,0.017306961,0.023112513,0.0021175004,2023-06-22,2023-06-16,0.011729675160402,-0.009612174752780735,0.009612174752780735,9.239390347799537e-05,1,1,0.024555195
r1_qqq,23,4,-0.021102937,-0.014037425,-0.010337348,-0.007869691,-0.005919452,-0.004282966,-0.002771516,-0.0014393725,-0.00015413473,0.0010162768,0.0022020105,0.003396227,0.0045827623,0.0057562073,0.0070654685,0.00847829,0.010046045,0.011820981,0.01383077,0.016966661,0.02253739,0.0022020105,2023-06-23,2023-06-16,-0.0099627606043514,0.012164771085038422,0.012164771085038422,0.00014798165555138687,0,1,0.024168119
r1_qqq,23,5,-0.020362347,-0.013622283,-0.010106323,-0.007776471,-0.005913705,-0.004310413,-0.002844986,-0.0015166881,-0.00022525273,0.0009578916,0.0021555962,0.0033508062,0.0045513855,0.005704481,0.0070248777,0.008438282,0.009988581,0.011753553,0.013800511,0.016919501,0.022626238,0.0021555962,2023-06-26,2023-06-16,-0.0134962083103563,0.01565180446789221,0.01565180446789221,0.00024497898310113053,0,0,0.023906834
r1_qqq,24,1,-0.023460906,-0.01575079,-0.011848135,-0.009203393,-0.007091412,-0.005294309,-0.0036803538,-0.0022157202,-0.00081138045,0.0004715585,0.0017616558,0.0030718562,0.004382822,0.0056367037,0.0070935963,0.008626199,0.010338586,0.012314601,0.01461716,0.018102096,0.02421848,0.0017616558,2023-06-27,2023-06-26,0.0170480945144602,-0.015286438725591534,0.015286438725591534,0.00023367520891126454,1,0,0.026465295
r1_qqq,24,2,-0.023878507,-0.016155634,-0.012263527,-0.009607379,-0.0074646366,-0.005644617,-0.0039681797,-0.0024733744,-0.0010004288,0.00034030632,0.0016986765,0.0030731938,0.004446833,0.005774022,0.0072969976,0.008912408,0.010696982,0.012744731,0.015059063,0.018663745,0.024910308,0.0016986765,2023-06-28,2023-06-26,0.0019496425274241,-0.0002509660306799441,0.0002509660306799441,6.298394855524664e-08,1,1,0.02732259
r1_qqq,24,3,-0.024024714,-0.016262189,-0.012306462,-0.00958722,-0.007417458,-0.0055563264,-0.0038577165,-0.002335593,-0.0008882298,0.00044474105,0.0017967344,0.0031450312,0.004494106,0.005794277,0.007277473,0.008875879,0.010637128,0.012690698,0.015051345,0.01873728,0.025155386,0.0017967344,2023-06-29,2023-06-26,-0.0020047757929046,0.003801510195792123,0.003801510195792123,1.4451479768711466e-05,0,1,0.027357807
r1_qqq,24,4,-0.024267713,-0.016392646,-0.012344023,-0.009591253,-0.007406177,-0.005569115,-0.0038725794,-0.0023674138,-0.0009176042,0.0004109007,0.0017554292,0.0031087098,0.004461712,0.0057913736,0.0072845183,0.008897445,0.010684446,0.012709944,0.015018258,0.018597566,0.024766097,0.0017554292,2023-06-30,2023-06-26,0.0153026439258629,-0.01354721472689747,0.01354721472689747,0.00018352702685666767,1,0,0.027362281
r1_qqq,24,5,-0.023925733,-0.016281283,-0.01233423,-0.0096749915,-0.007557653,-0.005739597,-0.00408255,-0.0025691797,-0.0010975562,0.00025805348,0.0016361438,0.003014502,0.0044119665,0.005746903,0.0072774114,0.008913536,0.010699055,0.012722759,0.015053905,0.01857661,0.024857393,0.0016361438,2023-07-03,2023-06-26,0.0023520286544612,-0.0007158848806670258,0.0007158848806670258,5.124911623676418e-07,1,1,0.027388135
r1_qqq,25,1,-0.020333955,-0.013019123,-0.009366279,-0.0070216213,-0.005206082,-0.0037061356,-0.0023898364,-0.0012140973,-9.098589e-05,0.0009121824,0.0019223498,0.0029436632,0.003968859,0.004969183,0.006139033,0.007386666,0.008798399,0.0104617365,0.012436221,0.015647324,0.021799091,0.0019223498,2023-07-05,2023-07-03,-2.6749910601002063e-05,0.001949099705368799,0.001949099705368799,3.7989896614687396e-06,0,1,0.0218025
r1_qqq,25,2,-0.02050767,-0.013156536,-0.009500639,-0.007143391,-0.005312903,-0.0038067622,-0.002455175,-0.0012757048,-0.000117864125,0.00091336964,0.001962445,0.0030200647,0.0040814346,0.005119246,0.0063164197,0.007599736,0.009038483,0.010731113,0.012691596,0.015916001,0.022041822,0.001962445,2023-07-06,2023-07-03,-0.0076450088604561,0.009607453838290921,0.009607453838290921,9.230316925489096e-05,0,1,0.022192234
r1_qqq,25,3,-0.02071297,-0.013242232,-0.009534591,-0.0071475036,-0.0053083915,-0.003782146,-0.0024240862,-0.0012347713,-0.0001147212,0.0009029019,0.0019418194,0.0029811533,0.0040338775,0.0050646854,0.006253471,0.0075540105,0.009008774,0.01075509,0.012805847,0.016148088,0.022482365,0.0019418194,2023-07-07,2023-07-03,-0.0033255356303529,0.005267355072788999,0.005267355072788999,2.7745029462836003e-05,0,1,0.02234044
r1_qqq,25,4,-0.021131314,-0.01347994,-0.009633286,-0.0071506654,-0.0052538784,-0.0037128623,-0.0023234729,-0.001133162,-2.9085495e-06,0.0010132904,0.0020401254,0.0030739033,0.0041045416,0.005142186,0.0063090553,0.0075939847,0.009053246,0.0107644675,0.012766279,0.016080312,0.022255717,0.0020401254,2023-07-10,2023-07-03,0.0003273731723106,0.0017127522573196796,0.0017127522573196796,2.933520294953658e-06,1,1,0.022399565
r1_qqq,25,5,-0.020590734,-0.013252588,-0.009538797,-0.00715162,-0.0053135026,-0.003779798,-0.0024183048,-0.0012099644,-5.74625e-05,0.0009886909,0.0020415979,0.003093197,0.004148767,0.005174897,0.0063691773,0.007675156,0.009149513,0.010898816,0.013010267,0.016441349,0.022915365,0.0020415979,2023-07-11,2023-07-03,0.0049285637019557,-0.002886965851334953,0.002886965851334953,8.33457182677415e-06,1,1,0.022549063
r1_qqq,26,1,-0.017685745,-0.011411487,-0.0082817655,-0.0062229875,-0.0045945975,-0.0032288027,-0.002020238,-0.00093246653,0.00010474271,0.001028998,0.0019487168,0.0028736126,0.0037899285,0.0046752444,0.0057047657,0.006789779,0.008005494,0.0094259465,0.011098608,0.013732278,0.018488659,0.0019487168,2023-07-12,2023-07-11,0.0125509115297961,-0.0106021947123724,0.0106021947123724,0.00011240653271905727,1,0,0.019380374
r1_qqq,26,2,-0.018059885,-0.011749849,-0.008613955,-0.006547233,-0.0049030734,-0.0035262096,-0.002268129,-0.0011644192,-7.388677e-05,0.0008995441,0.0018859507,0.002871907,0.003852304,0.0047998363,0.005882761,0.007028118,0.008286104,0.009747057,0.011409594,0.014085807,0.018897353,0.0018859507,2023-07-13,2023-07-11,0.0168359401762764,-0.014949989494522944,0.014949989494522944,0.00022350218588634637,1,0,0.020023549
r1_qqq,26,3,-0.018585786,-0.01214919,-0.00893818,-0.0068118223,-0.0051371222,-0.0037241788,-0.0024505234,-0.0013219306,-0.00024923764,0.0007277391,0.0017212426,0.0027142952,0.003713929,0.0046832785,0.005790175,0.0069903582,0.008309354,0.009867295,0.011661691,0.014499561,0.019509718,0.0017212426,2023-07-14,2023-07-11,-0.0002109015467391,0.0019321441058815108,0.0019321441058815108,3.733180845892663e-06,0,1,0.020599872
r1_qqq,26,4,-0.01901218,-0.012406175,-0.009055461,-0.006830843,-0.005089098,-0.0036538984,-0.0023434355,-0.0012005279,-0.00010954244,0.00088109454,0.0018815851,0.0028848827,0.0038787941,0.0048599257,0.0059543573,0.0071438686,0.008474883,0.010013516,0.011777848,0.014602948,0.019500524,0.0018815851,2023-07-17,2023-07-11,0.0092953861151,-0.007413801007915053,0.007413801007915053,5.496444538496226e-05,1,1,0.02083331
r1_qqq,26,5,-0.018406501,-0.012097258,-0.0088814,-0.0067642787,-0.005101274,-0.0036849238,-0.0024054586,-0.0012540075,-0.00014461023,0.0008669747,0.0018902186,0.0029077122,0.003921036,0.0048943684,0.0060071377,0.007209758,0.008543232,0.010098724,0.011940632,0.014827515,0.01995771,0.0018902186,2023-07-18,2023-07-11,0.0081472340462976,-0.006257015462430645,0.006257015462430645,3.9150242497096184e-05,1,1,0.020822033
r1_qqq,27,1,-0.017544068,-0.011273198,-0.008191429,-0.006164194,-0.0045528277,-0.0032004784,-0.001998255,-0.0009098695,0.00014039641,0.001083489,0.00203611,0.0029959164,0.0039435253,0.0048596277,0.005918077,0.007030549,0.008267682,0.0097045805,0.011376725,0.013956572,0.01876511,0.00203611,2023-07-19,2023-07-18,-0.0002332234596016,0.002269333491951425,0.002269333491951425,5.149874497692448e-06,0,1,0.019568153
r1_qqq,27,2,-0.01776442,-0.011582779,-0.008578699,-0.006595608,-0.00500518,-0.003670149,-0.0024436682,-0.0013582441,-0.00027074653,0.0007061864,0.0017100323,0.0027149338,0.0037140104,0.004680293,0.0057848245,0.0069557736,0.008248921,0.009752063,0.011442971,0.014092497,0.018945785,0.0017100323,2023-07-20,2023-07-18,-0.0233218944619509,0.025031926807677986,0.025031926807677986,0.0006265973597049478,0,0,0.02002167
r1_qqq,27,3,-0.017852483,-0.011535579,-0.008470763,-0.006450887,-0.004854177,-0.0035030597,-0.0022811773,-0.0011957696,-0.0001596067,0.00079015846,0.0017676803,0.002745041,0.0037265457,0.004680537,0.0057669827,0.0069375923,0.008217187,0.009720606,0.011435761,0.014086226,0.01894549,0.0017676803,2023-07-21,2023-07-18,-0.0030036478442139,0.00477132812598711,0.00477132812598711,2.2765572085835664e-05,0,1,0.019906525
r1_qqq,27,4,-0.017749922,-0.011477843,-0.008384725,-0.006327989,-0.004708841,-0.0033631346,-0.0021252462,-0.0010469727,-8.337709e-06,0.0009334922,0.0018895089,0.00285202,0.003795361,0.00473535,0.005774837,0.006906038,0.00816656,0.0096202735,0.011275582,0.013885293,0.018693166,0.0018895089,2023-07-24,2023-07-18,0.001595926555765,0.00029358236030009696,0.00029358236030009696,8.619060227937594e-08,1,1,0.019660307
r1_qqq,27,5,-0.01753272,-0.011496498,-0.00842571,-0.0064012674,-0.0048047714,-0.003454616,-0.0022433554,-0.0011625512,-0.00012277935,0.00082531903,0.0017905649,0.002754894,0.003714574,0.0046404954,0.005701721,0.006846327,0.008115318,0.0095975585,0.011330393,0.014013369,0.01906488,0.0017905649,2023-07-25,2023-07-18,0.0067548667537705,-0.004964301897278517,0.004964301897278517,2.4644293327323083e-05,1,1,0.019756103
r1_qqq,28,1,-0.019959506,-0.012483237,-0.0089446185,-0.0066773864,-0.004927543,-0.0034777976,-0.0022161976,-0.0010929094,-3.2927812e-05,0.0009126831,0.0018495875,0.0027991768,0.003760105,0.004697027,0.0058025136,0.006983965,0.008326367,0.0099079255,0.011787783,0.01477627,0.020370435,0.0018495875,2023-07-26,2023-07-25,-0.0033320030631799,0.005181590604253461,0.005181590604253461,2.684888119008775e-05,0,1,0.020732403
r1_qqq,28,2,-0.02055188,-0.0130824335,-0.009573207,-0.00731283,-0.0055506174,-0.004087228,-0.0027649016,-0.0015992289,-0.00046084312,0.0005565845,0.0015845416,0.0026188758,0.0036701658,0.0046989587,0.005898287,0.007184059,0.008622073,0.010309172,0.01224217,0.015353148,0.021080056,0.0015845416,2023-07-27,2023-07-25,-0.0023868178677164,0.003971359502372889,0.003971359502372889,1.5771696297087437e-05,0,1,0.021815378
r1_qqq,28,3,-0.02118693,-0.01349961,-0.0099244015,-0.0076236445,-0.00584882,-0.0043593594,-0.0030273723,-0.0018421311,-0.00072012923,0.00030683493,0.0013464887,0.0023851465,0.0034460095,0.0044852975,0.005688843,0.006999713,0.008460865,0.010196009,0.012217614,0.015463904,0.02143673,0.0013464887,2023-07-28,2023-07-25,0.0180508396179979,-0.016704350901917114,0.016704350901917114,0.0002790353390543791,1,0,0.022142015
r1_qqq,28,4,-0.021761538,-0.013878137,-0.010131431,-0.00770263,-0.0058485526,-0.004332659,-0.0029621038,-0.001773379,-0.0006439823,0.0003746724,0.0013992925,0.0024341645,0.003480755,0.004535072,0.00573886,0.007066492,0.008569188,0.010318976,0.012353343,0.015634207,0.021474913,0.0013992925,2023-07-31,2023-07-25,0.000521392842211,0.0008778996519593677,0.0008778996519593677,7.707077989103789e-07,1,1,0.022484774
r1_qqq,28,5,-0.02153895,-0.0138917165,-0.010211767,-0.007844102,-0.0060296706,-0.0045051393,-0.0031459539,-0.0019246606,-0.0007563373,0.0003125733,0.0013890708,0.0024725762,0.0035782808,0.004656184,0.0059150085,0.0072899736,0.008832216,0.010645343,0.012799755,0.01621456,0.02245149,0.0013890708,2023-08-01,2023-07-25,-0.0023224135397624,0.0037114843030150754,0.0037114843030150754,1.37751157315273e-05,0,1,0.02301152
r1_qqq,29,1,-0.020089338,-0.012743791,-0.009216347,-0.0069529423,-0.0051995735,-0.0037434525,-0.0024602814,-0.00130212,-0.00018807907,0.000811732,0.0018300595,0.0028622418,0.0038878822,0.0048719095,0.0060141482,0.0072209155,0.008564656,0.01012528,0.01194958,0.014786244,0.020065142,0.0018300595,2023-08-02,2023-08-01,-0.0221886192819113,0.024018678734825,0.024018678734825,0.0005768969281667347,0,0,0.021165926
r1_qqq,29,2,-0.020299995,-0.012886851,-0.009375117,-0.007101109,-0.0053266296,-0.003853924,-0.0025211242,-0.0013450853,-0.00018551738,0.0008563234,0.0019270227,0.0030012194,0.004074315,0.0051000146,0.0062753144,0.0075178263,0.008882091,0.0104648415,0.012263409,0.015098028,0.020359974,0.0019270227,2023-08-03,2023-08-01,-0.0016038595662548,0.00353088227204073,0.00353088227204073,1.2467129619011509e-05,0,1,0.021638526
r1_qqq,29,3,-0.020569185,-0.013074857,-0.0095002055,-0.0072005214,-0.005418905,-0.0039268616,-0.0025894835,-0.0014059874,-0.00028647535,0.0007328074,0.0017848596,0.0028378998,0.0039001617,0.004923817,0.006097504,0.0073723975,0.008769663,0.010420644,0.012319439,0.015273472,0.02070529,0.0017848596,2023-08-04,2023-08-01,-0.0046927748078882,0.006477634382288089,0.006477634382288089,4.195974719060079e-05,0,1,0.021819644
r1_qqq,29,4,-0.021098549,-0.013400901,-0.009702703,-0.0073264986,-0.0054954,-0.003993035,-0.0026232079,-0.0014354024,-0.00029978564,0.0007330046,0.0017925015,0.002859927,0.003914386,0.0049561714,0.006114927,0.0073749246,0.008776647,0.010385651,0.012228533,0.015137025,0.020426989,0.0017925015,2023-08-07,2023-08-01,0.0084313684432052,-0.006638866901419304,0.006638866901419304,4.407455373476075e-05,1,1,0.021931235
r1_qqq,29,5,-0.020502452,-0.013137031,-0.009633526,-0.007397623,-0.005650096,-0.004171318,-0.0028445448,-0.0016497498,-0.00049869815,0.00056652445,0.0016536737,0.002748698,0.003837568,0.004879221,0.006075259,0.007361625,0.008786515,0.010436543,0.0123707205,0.01534624,0.020902338,0.0016536737,2023-08-08,2023-08-01,-0.0085387037068401,0.010192377416210296,0.010192377416210296,0.00010388455739447367,0,1,0.022004247
r1_qqq,30,1,-0.023654133,-0.015439181,-0.011378465,-0.008793888,-0.006807889,-0.005171663,-0.0037404972,-0.002463852,-0.0012464558,-0.00014621131,0.00096057914,0.0020768521,0.0031982108,0.0042799544,0.005553223,0.006912623,0.00845291,0.01027778,0.01246298,0.016036868,0.022743631,0.00096057914,2023-08-09,2023-08-08,-0.0110554963224507,0.012016075464425149,0.012016075464425149,0.00014438606956676005,0,1,0.023841444
r1_qqq,30,2,-0.023532325,-0.015234637,-0.011168931,-0.008567032,-0.0065699387,-0.0049316813,-0.0034673873,-0.0021925133,-0.0009550484,0.0001547943,0.0012825953,0.0024122077,0.0035548185,0.0046572583,0.00593641,0.0073064878,0.008839223,0.010652401,0.012767409,0.016257927,0.022805953,0.0012825953,2023-08-10,2023-08-08,0.0018464159928446,-0.0005638206619953102,0.0005638206619953102,3.178937388928298e-07,1,1,0.023936339
r1_qqq,30,3,-0.023664026,-0.015306997,-0.011216887,-0.008616938,-0.006634302,-0.004997096,-0.0035492158,-0.002277686,-0.0010851477,2.8654104e-06,0.0011096542,0.00221192,0.0033300263,0.004415548,0.005676831,0.007056065,0.008594855,0.01044157,0.012625139,0.016220387,0.022978337,0.0011096542,2023-08-11,2023-08-08,-0.0063958634790211,0.007505517679284421,0.007505517679284421,5.6332795634051e-05,0,1,0.023842026
r1_qqq,30,4,-0.024047336,-0.015494893,-0.0112358965,-0.008527422,-0.0064800107,-0.004834107,-0.0033607006,-0.0020982812,-0.00090823945,0.00016435477,0.0012459272,0.002340575,0.0034344352,0.0045245737,0.0057587544,0.007122627,0.008675689,0.010505158,0.012661972,0.01625554,0.022904435,0.0012459272,2023-08-14,2023-08-08,0.0111595394982643,-0.009913612316238092,0.009913612316238092,9.827970915666758e-05,1,1,0.023897868
r1_qqq,30,5,-0.02322569,-0.015112926,-0.011060616,-0.0084872665,-0.006530581,-0.0049087103,-0.0034696776,-0.002198289,-0.0009915357,0.00010791062,0.0012160604,0.0023184312,0.0034301067,0.0045071426,0.005764247,0.0071502747,0.008719965,0.0106031215,0.012896954,0.01664625,0.023627123,0.0012160604,2023-08-15,2023-08-08,-0.0106682657008915,0.01188432606644172,0.01188432606644172,0.00014123720605350616,0,1,0.02395757
r1_qqq,31,1,-0.023600314,-0.015485808,-0.011388667,-0.008799155,-0.0068310937,-0.0052139,-0.0038043957,-0.0025534444,-0.0013587801,-0.00028297093,0.00079693564,0.0018951221,0.0030072734,0.0040879794,0.005360849,0.00673479,0.008301732,0.010153809,0.012375706,0.016012672,0.023004573,0.00079693564,2023-08-16,2023-08-15,-0.0106454049149103,0.01144234055239181,0.01144234055239181,0.0001309271573169101,0,1,0.023764372
r1_qqq,31,2,-0.024254592,-0.015905574,-0.011746438,-0.009102629,-0.007089585,-0.005440275,-0.0039684596,-0.0026842775,-0.001432426,-0.00031161334,0.0008290786,0.0019840521,0.0031565982,0.0043038637,0.0056499685,0.007103908,0.008756159,0.010718982,0.013009425,0.01675482,0.023793517,0.0008290786,2023-08-17,2023-08-15,-0.0109830747314802,0.011812153337810058,0.011812153337810058,0.0001395269664759373,0,1,0.024755863
r1_qqq,31,3,-0.024357615,-0.01592773,-0.011702451,-0.00902968,-0.006995368,-0.005309447,-0.0038142186,-0.0024984644,-0.0012648308,-0.00013925263,0.0010029523,0.002148641,0.0033121596,0.0044516115,0.0057820403,0.0072446587,0.008892329,0.010875581,0.01321649,0.01705153,0.024362708,0.0010029523,2023-08-18,2023-08-15,-0.0012557773095976,0.002258729649656582,0.002258729649656582,5.101859630237747e-06,0,1,0.02491894
r1_qqq,31,4,-0.024312582,-0.015840992,-0.011579763,-0.008879242,-0.0068340325,-0.0051714415,-0.00367624,-0.002387373,-0.0011630886,-5.4450815e-05,0.001063082,0.0021966144,0.0033315064,0.0044710184,0.00576536,0.007193872,0.008825772,0.010748847,0.013017057,0.016788578,0.023829943,0.001063082,2023-08-21,2023-08-15,0.0159831687795263,-0.014920086761590488,0.014920086761590488,0.00022260898897338773,1,0,0.024596822
r1_qqq,31,5,-0.023405045,-0.015345254,-0.011290925,-0.008742195,-0.006791383,-0.0051650456,-0.003718126,-0.0024344951,-0.0012099335,-9.533457e-05,0.0010284504,0.0021489249,0.00328714,0.004396069,0.005702233,0.0071426234,0.0087822,0.01074514,0.013132576,0.017030815,0.024385422,0.0010284504,2023-08-22,2023-08-15,-0.0014299050643682,0.0024583555031209704,0.0024583555031209704,6.04351177972516e-06,0,1,0.0244235
r1_qqq,32,1,-0.022407359,-0.01453623,-0.010706247,-0.008276777,-0.0064154486,-0.0048695127,-0.0035212059,-0.0023118386,-0.0011574199,-0.00011744605,0.00093007716,0.0019893006,0.0030583267,0.004092096,0.005310214,0.0066189,0.008107049,0.009865505,0.011972027,0.015396621,0.02184135,0.00093007716,2023-08-23,2023-08-22,0.0156453750178487,-0.014715297854346127,0.014715297854346127,0.00021653999094212374,1,0,0.022678275
r1_qqq,32,2,-0.023013968,-0.014982438,-0.011127297,-0.008673536,-0.0067897914,-0.005232445,-0.0038320539,-0.0026015097,-0.0013976968,-0.00032044353,0.00078354625,0.0018925846,0.0030179413,0.0041116793,0.0053929044,0.0067724837,0.008336364,0.010187854,0.012347856,0.015863558,0.02234976,0.00078354625,2023-08-24,2023-08-22,-0.021607367593535,0.02239091383919191,0.02239091383919191,0.0005013530225541158,0,0,0.023475152
r1_qqq,32,3,-0.02328295,-0.01510438,-0.011167767,-0.008686267,-0.0067908578,-0.005207584,-0.0037941814,-0.0025422059,-0.0013586582,-0.00027778937,0.0008276281,0.0019311291,0.003051203,0.0041345474,0.005398514,0.0067774556,0.008324406,0.010175909,0.01236177,0.015925491,0.022600522,0.0008276281,2023-08-25,2023-08-22,0.0077213756064449,-0.006893747535025006,0.006893747535025006,4.7523755076663344e-05,1,1,0.023529537
r1_qqq,32,4,-0.02347732,-0.015213192,-0.011181027,-0.008617316,-0.006670523,-0.005083356,-0.0036487642,-0.0024073762,-0.0012285836,-0.00015883827,0.0009227266,0.0020154116,0.0031090302,0.004204306,0.005448543,0.0068217204,0.008388333,0.010229136,0.0123962555,0.015961966,0.022474848,0.0009227266,2023-08-28,2023-08-22,0.0074991678284883,-0.0065764412448212,0.0065764412448212,4.324957944658542e-05,1,1,0.023577282
r1_qqq,32,5,-0.023061154,-0.015055081,-0.011149291,-0.0086811185,-0.006790674,-0.005211113,-0.0038049722,-0.002550434,-0.0013480705,-0.00024217657,0.00087700057,0.0019999773,0.0031347144,0.004237465,0.005528278,0.0069501335,0.008562141,0.010485054,0.0128078405,0.01653765,0.023407007,0.00087700057,2023-08-29,2023-08-22,0.0216047048707227,-0.02072770430461641,0.02072770430461641,0.0004296377257396137,1,0,0.023957131
r1_qqq,33,1,-0.027429136,-0.01763132,-0.012814357,-0.009712698,-0.0073276055,-0.0053308276,-0.0035641699,-0.0019499037,-0.0003863554,0.0010578984,0.0025498578,0.0040679295,0.0055707362,0.0070210663,0.008692033,0.0104705505,0.012473332,0.014792818,0.01749198,0.021555357,0.029009147,0.0025498578,2023-08-30,2023-08-29,0.0055611096663493,-0.0030112518338579024,0.0030112518338579024,9.06763760691258e-06,1,1,0.030306336
r1_qqq,33,2,-0.027954953,-0.01828309,-0.013612089,-0.010618143,-0.008294387,-0.006353168,-0.0045833285,-0.0030008322,-0.0014323324,5.961894e-06,0.0014903945,0.0029932328,0.004490064,0.0059386645,0.0075986926,0.009367715,0.011340614,0.013614707,0.016166624,0.020144163,0.027183829,0.0014903945,2023-08-31,2023-08-29,0.0029940241883801,-0.001503629719960846,0.001503629719960846,2.260902334749532e-06,1,1,0.029778711
r1_qqq,33,3,-0.027691545,-0.018157056,-0.013539103,-0.010596,-0.008335335,-0.006430095,-0.0047047273,-0.0031527118,-0.0016646987,-0.00028345146,0.0011501398,0.002589587,0.0040341276,0.0054362817,0.0070324186,0.008747359,0.010648688,0.012873587,0.015421527,0.019403435,0.026641691,0.0011501398,2023-09-01,2023-08-29,-0.0010586031472088,0.0022087429875285525,0.0022087429875285525,4.878545584956555e-06,0,1,0.02896063
r1_qqq,33,4,-0.02703869,-0.017748956,-0.01328856,-0.010422135,-0.008194698,-0.006328272,-0.0046027773,-0.0030708453,-0.0015796724,-0.00019941259,0.0012087498,0.0026374357,0.00404807,0.005443757,0.007003232,0.008695892,0.010588846,0.012754214,0.015244484,0.019144017,0.026193807,0.0012087498,2023-09-05,2023-08-29,0.0012704357526035,-6.168592001804603e-05,6.168592001804603e-05,3.805152728472772e-09,1,1,0.028533045
r1_qqq,33,5,-0.026283177,-0.017330742,-0.012944015,-0.0101549495,-0.007976926,-0.0061305407,-0.0044673383,-0.0029607133,-0.0014970193,-0.00013788506,0.0012586799,0.0026626342,0.0040763174,0.0054320768,0.0069935196,0.008668402,0.010517004,0.012648167,0.0151261315,0.018922457,0.025988521,0.0012586799,2023-09-06,2023-08-29,-0.0088471703969042,0.01010585029535994,0.01010585029535994,0.00010212821019222658,0,1,0.028070146
r1_qqq,34,1,-0.020024356,-0.012736614,-0.009072379,-0.0067549096,-0.0050020795,-0.0035754265,-0.0023466279,-0.001270775,-0.00026112687,0.0006368558,0.0015230102,0.002423218,0.0033439249,0.004250923,0.0053308597,0.006505192,0.007854917,0.009469207,0.011430376,0.01472064,0.021127963,0.0015230102,2023-09-07,2023-09-06,-0.0071771395992647,0.00870014979915424,0.00870014979915424,7.569260652772356e-05,0,1,0.020502755
r1_qqq,34,2,-0.020479396,-0.013192936,-0.009533516,-0.0072000735,-0.005421668,-0.0039692395,-0.0026785093,-0.0015671947,-0.00049218506,0.00045975193,0.001414257,0.0023815075,0.003368879,0.0043494855,0.0055084694,0.0067806933,0.008226145,0.009958364,0.012000749,0.015424994,0.021963218,0.001414257,2023-09-08,2023-09-06,0.0013965694170855,1.7687568213789126e-05,1.7687568213789126e-05,3.1285006931744345e-10,1,1,0.021534264
r1_qqq,34,3,-0.021331463,-0.013875214,-0.010093921,-0.007668173,-0.005816373,-0.004288657,-0.0029464327,-0.0017783315,-0.00068734,0.00030391492,0.0013019941,0.0023077456,0.0033462255,0.0043742214,0.0055918223,0.006954466,0.0084934505,0.010355296,0.012547523,0.016154738,0.022911154,0.0013019941,2023-09-11,2023-09-06,0.0117140049677535,-0.010412010886166901,0.010412010886166901,0.00010840997069365806,1,1,0.022641443
r1_qqq,34,4,-0.021943022,-0.014250974,-0.010351087,-0.007836732,-0.005934876,-0.004396501,-0.0030192535,-0.0018374277,-0.0007146317,0.00030444883,0.0013428577,0.0023936972,0.0034613952,0.00452907,0.00574859,0.0071127755,0.008677169,0.0105406325,0.012750075,0.016429394,0.02313857,0.0013428577,2023-09-12,2023-09-06,-0.0111505421770686,0.012493399899261603,0.012493399899261603,0.00015608504104286985,0,0,0.023101162
r1_qqq,34,5,-0.021692544,-0.0142225325,-0.01039501,-0.007941611,-0.006083302,-0.0045448514,-0.0031834056,-0.001983925,-0.00083772244,0.00021277249,0.001269933,0.0023280643,0.0034025356,0.0044471514,0.0056786845,0.007049591,0.008605529,0.010478705,0.012762464,0.016524026,0.023479745,0.001269933,2023-09-13,2023-09-06,0.003801875337276,-0.0025319423845665038,0.0025319423845665038,6.410732238764313e-06,1,1,0.023157474
r1_qqq,35,1,-0.020361157,-0.013163103,-0.0097033875,-0.0074745663,-0.005730574,-0.00428471,-0.0030226335,-0.0018952655,-0.00082023145,0.00013718562,0.0010980385,0.0020727366,0.003056827,0.0040169763,0.0051469826,0.006369651,0.0077505894,0.009384662,0.01134317,0.014528667,0.020567715,0.0010980385,2023-09-14,2023-09-13,0.0081439473666954,-0.007045908854413327,0.007045908854413327,4.9644831584700116e-05,1,1,0.021046557
r1_qqq,35,2,-0.02078687,-0.013466272,-0.009940591,-0.007653295,-0.00586054,-0.0043752026,-0.0030408746,-0.0018797083,-0.0007434826,0.00026279988,0.0012836639,0.002308383,0.003336525,0.004339992,0.005511179,0.006772299,0.008195352,0.009882798,0.01184757,0.01506737,0.021097852,0.0012836639,2023-09-15,2023-09-13,-0.0172713450484119,0.01855500895550024,0.01855500895550024,0.00034428835733869406,0,0,0.021788161
r1_qqq,35,3,-0.021408558,-0.0138904,-0.010268966,-0.007909653,-0.0060726414,-0.004538285,-0.0031795795,-0.0019858044,-0.00086353824,0.00015497688,0.0011924781,0.0022315201,0.0032853093,0.0043159286,0.005520705,0.0068516866,0.008345769,0.010136767,0.012237589,0.015615036,0.021837698,0.0011924781,2023-09-18,2023-09-13,0.0010419800872549,0.00015049802655283783,0.00015049802655283783,2.264965599629868e-08,1,1,0.022506554
r1_qqq,35,4,-0.02196072,-0.014230191,-0.010425451,-0.007932198,-0.0060167867,-0.0044647446,-0.0030709777,-0.0018744932,-0.0007425456,0.00027684358,0.0013103826,0.0023520896,0.0033934256,0.004434878,0.0056121335,0.0069223577,0.008411939,0.010168718,0.012230407,0.015588011,0.021712141,0.0013103826,2023-09-19,2023-09-13,-0.0021335824115804,0.003443965032011883,0.003443965032011883,1.186089514172061e-05,0,1,0.02265586
r1_qqq,35,5,-0.021547811,-0.014089831,-0.010395447,-0.008008683,-0.0061752363,-0.0046498645,-0.0032966188,-0.0020945035,-0.0009458259,0.0001035088,0.0011677507,0.0022291713,0.003298294,0.004329662,0.0055374666,0.006867462,0.008368429,0.010162033,0.012328597,0.015813801,0.022258935,0.0011677507,2023-09-20,2023-09-13,-0.0145151657423048,0.01568291642684924,0.01568291642684924,0.0002459538676515378,0,0,0.022724044
r1_qqq,36,1,-0.024615515,-0.016406856,-0.012461899,-0.009849691,-0.007773471,-0.006019008,-0.004454726,-0.0030259597,-0.001653003,-0.0004009578,0.0008778485,0.0021686875,0.003447154,0.004657328,0.0060619577,0.0075395373,0.009196519,0.011136124,0.013443254,0.017079497,0.023844438,0.0008778485,2023-09-21,2023-09-20,-0.0184944984894994,0.019372346966602217,0.019372346966602217,0.00037528782699442213,0,0,0.025905153
r1_qqq,36,2,-0.024603173,-0.016415082,-0.012514138,-0.009927602,-0.0078598,-0.006109749,-0.004507937,-0.0030791082,-0.0016706022,-0.0003891995,0.000930463,0.0022542223,0.003568764,0.004823385,0.0062657273,0.0077966033,0.0095000295,0.011493926,0.01379141,0.017467318,0.024197644,0.000930463,2023-09-22,2023-09-20,0.0001396564678419,0.0007908065542448693,0.0007908065542448693,6.253750062366435e-07,1,1,0.026305549
r1_qqq,36,3,-0.024635281,-0.016422119,-0.012464579,-0.009824128,-0.007736377,-0.0059555112,-0.0043456154,-0.0029073122,-0.0015416928,-0.0002872917,0.0010060368,0.0022929166,0.0035790082,0.004808459,0.0062254425,0.0077570975,0.00946183,0.011493471,0.013873264,0.017647773,0.024634914,0.0010060368,2023-09-25,2023-09-20,0.0047386490510759,-0.0037326122870651127,0.0037326122870651127,1.393239448554945e-05,1,1,0.026337843
r1_qqq,36,4,-0.025014006,-0.016615342,-0.012509133,-0.009790151,-0.007662742,-0.0058950577,-0.004273044,-0.0028516944,-0.0014883131,-0.00023775031,0.0010429022,0.0023292417,0.0035941585,0.0048277434,0.0062056137,0.0077009,0.009374441,0.011320088,0.013593165,0.017227741,0.023921313,0.0010429022,2023-09-26,2023-09-20,-0.0151302101202984,0.016173112357102767,0.016173112357102767,0.00026156956331547024,0,0,0.026102297
r1_qqq,36,5,-0.02449087,-0.016403003,-0.012434211,-0.009814721,-0.007751601,-0.0059944317,-0.004407287,-0.0029709039,-0.001585322,-0.0003077151,0.0010006712,0.0023036131,0.0035887433,0.004801515,0.006191151,0.007688976,0.0093544535,0.011303905,0.01361972,0.017254252,0.024114532,0.0010006712,2023-09-27,2023-09-20,0.0023405542696593,-0.0013398830878315164,0.0013398830878315164,1.7952866890569192e-06,1,1,0.026053932
r1_qqq,37,1,-0.024293913,-0.01573385,-0.011718723,-0.0091528315,-0.0071529723,-0.0054951957,-0.0040400913,-0.002727297,-0.0014680608,-0.00032972795,0.00082664617,0.0019980073,0.0031601237,0.00426749,0.005559167,0.0069363113,0.0084768515,0.010296241,0.012483035,0.01601208,0.022761859,0.00082664617,2023-09-28,2023-09-27,0.0083304344476373,-0.0075037882812493545,0.0075037882812493545,5.630683856981514e-05,1,1,0.024201758
r1_qqq,37,2,-0.0244775,-0.015929388,-0.011939792,-0.009377629,-0.0073692906,-0.0057027694,-0.0042013046,-0.002881037,-0.0015843823,-0.0004132056,0.00078593724,0.0019893686,0.0031745376,0.0043160184,0.0056400388,0.007044122,0.008609035,0.010459845,0.012611781,0.01614493,0.022917908,0.00078593724,2023-09-29,2023-09-27,0.0007258351296467,6.010211209755002e-05,6.010211209755002e-05,3.6122638785864687e-09,1,1,0.024551574
r1_qqq,37,3,-0.02504491,-0.016344124,-0.012277197,-0.009656935,-0.007622379,-0.005909093,-0.0043817833,-0.0030260917,-0.0017435953,-0.0005617716,0.0006558369,0.0018714601,0.003079787,0.004242933,0.0055850297,0.0070406995,0.008656851,0.010587579,0.0128629,0.01654724,0.023541445,0.0006558369,2023-10-02,2023-09-27,0.0083110867584301,-0.007655249867047168,0.007655249867047168,5.860285052692568e-05,1,1,0.025140097
r1_qqq,37,4,-0.025743205,-0.016873002,-0.012657371,-0.009925193,-0.007815429,-0.0060789455,-0.0044996003,-0.0031239802,-0.0018060172,-0.000598639,0.000636741,0.0018828895,0.0031061664,0.004305512,0.0056511904,0.007128811,0.008791084,0.010739764,0.013037164,0.016787354,0.023803705,0.000636741,2023-10-03,2023-09-27,-0.0177055542958447,0.018342295290950057,0.018342295290950057,0.0003364397965404086,0,0,0.025694534
r1_qqq,37,5,-0.025748236,-0.017022852,-0.012825925,-0.010119074,-0.008023126,-0.006270196,-0.004709336,-0.0033148176,-0.0019705333,-0.0007238259,0.0005557427,0.0018376778,0.0031094311,0.0043163383,0.0057149795,0.0072350665,0.008935273,0.010954008,0.013374404,0.01726073,0.024648843,0.0005557427,2023-10-04,2023-09-27,0.0135171472799436,-0.01296140457330577,0.01296140457330577,0.00016799800851291174,1,0,0.026200328
r1_qqq,38,1,-0.027054194,-0.01782851,-0.013544849,-0.010754327,-0.008536282,-0.006667448,-0.005006209,-0.003492719,-0.0020296923,-0.0006979901,0.0006599726,0.0020409592,0.0034104248,0.004715963,0.0062263603,0.007832613,0.009619488,0.011709646,0.014179402,0.018076712,0.025561972,0.0006599726,2023-10-05,2023-10-04,-0.0029510625295717,0.0036110351334701953,0.0036110351334701953,1.303957473515611e-05,0,1,0.027724251
r1_qqq,38,2,-0.027217342,-0.017846566,-0.013513089,-0.010694639,-0.008452294,-0.0065736356,-0.004868785,-0.003360211,-0.0018760719,-0.00053566473,0.0008433377,0.0022306,0.0035976856,0.0049153073,0.006428703,0.008028197,0.009806551,0.01188646,0.014274361,0.018119471,0.025458843,0.0008433377,2023-10-06,2023-10-04,0.0166166589118683,-0.01577332123305213,0.01577332123305213,0.00024879766272105315,1,0,0.02778745
r1_qqq,38,3,-0.027502922,-0.017996743,-0.013585922,-0.010713408,-0.008461484,-0.0065540373,-0.004839092,-0.0033123386,-0.0018631455,-0.000532688,0.00084174704,0.0022158532,0.003584018,0.004906214,0.006420907,0.008051351,0.009859079,0.01199943,0.014493873,0.018460093,0.026052319,0.00084174704,2023-10-09,2023-10-04,0.0050869307118005,-0.004245183673734113,0.004245183673734113,1.802158442373866e-05,1,1,0.028079797
r1_qqq,38,4,-0.027414003,-0.017953506,-0.01350046,-0.010593151,-0.008317918,-0.0064324085,-0.0047031445,-0.0031891635,-0.0017330156,-0.00040203132,0.0009555174,0.002327001,0.0036707202,0.0049920874,0.006470941,0.008083159,0.009889976,0.011984718,0.014418114,0.01831243,0.025749741,0.0009555174,2023-10-10,2023-10-04,0.0055227701536552,-0.004567252749873786,0.004567252749873786,2.085979768122966e-05,1,1,0.027918573
r1_qqq,38,5,-0.02670778,-0.017593581,-0.013236694,-0.010415491,-0.008200126,-0.006328916,-0.004649335,-0.003135813,-0.0016783265,-0.00033530657,0.0010424084,0.002417476,0.0037893297,0.0050911712,0.006595287,0.00821281,0.010014968,0.0121319285,0.014625665,0.018536018,0.026186785,0.0010424084,2023-10-11,2023-10-04,0.0071100055770865,-0.006067597174077324,0.006067597174077324,3.6815735466871126e-05,1,1,0.027862359
r1_qqq,39,1,-0.020845382,-0.013669805,-0.010130202,-0.007784642,-0.0059115733,-0.004335193,-0.0029363804,-0.0016575201,-0.00042614306,0.0006832835,0.001815444,0.0029523836,0.0040726936,0.005143524,0.00638425,0.0076871687,0.009139539,0.010835599,0.0128350705,0.015953625,0.02171842,0.001815444,2023-10-12,2023-10-11,-0.0034808754319549,0.0052963194068745174,0.0052963194068745174,2.805099925963564e-05,0,1,0.022965273
r1_qqq,39,2,-0.021059083,-0.013901197,-0.010388745,-0.008058175,-0.0061833146,-0.0046047857,-0.0031594012,-0.0018707792,-0.0005928236,0.00056058355,0.0017504996,0.0029386783,0.004114853,0.005236987,0.0065191966,0.007875303,0.009373022,0.01111703,0.013102477,0.0162537,0.02203627,0.0017504996,2023-10-13,2023-10-11,-0.0126498584915164,0.01440035808367907,0.01440035808367907,0.0002073703129381811,0,0,0.023491222
r1_qqq,39,3,-0.021275809,-0.014076156,-0.010527206,-0.008155121,-0.006270031,-0.004667483,-0.0032224408,-0.0019335103,-0.0007076882,0.00041368976,0.0015785767,0.002740225,0.0039039738,0.005026995,0.006314546,0.007708884,0.009247858,0.011067274,0.013170748,0.016458673,0.022408456,0.0015785767,2023-10-16,2023-10-11,0.0112430463391276,-0.00966446959273088,0.00966446959273088,9.340197250881978e-05,1,1,0.023697954
r1_qqq,39,4,-0.021353068,-0.014066678,-0.0104155755,-0.0079859095,-0.006082792,-0.004503094,-0.0030507916,-0.0017830664,-0.0005681459,0.00054223754,0.0016844078,0.0028334358,0.003957941,0.0050654593,0.0062949667,0.0076333587,0.009129807,0.01085957,0.01286386,0.016035855,0.021799052,0.0016844078,2023-10-17,2023-10-11,-0.0032807631805108,0.004965171000504594,0.004965171000504594,2.4652923064251788e-05,0,1,0.023279436
r1_qqq,39,5,-0.020693108,-0.013780402,-0.0102803875,-0.007964768,-0.00613339,-0.00457799,-0.0031778282,-0.0019135509,-0.00069290266,0.0004356007,0.0015938955,0.0027532137,0.0038905737,0.0049671265,0.0062012407,0.007527785,0.009004349,0.010732348,0.01279327,0.016011102,0.022001505,0.0015938955,2023-10-18,2023-10-11,-0.0132048793631459,0.014798774852495861,0.014798774852495861,0.0002190037371348639,0,0,0.023073658
r1_qqq,40,1,-0.023382805,-0.01545201,-0.011633229,-0.009119795,-0.0071164356,-0.0054215393,-0.0038992509,-0.0025044675,-0.0011499033,9.3502356e-05,0.0013705519,0.0026737878,0.0039535295,0.005160811,0.0065510673,0.00800678,0.009619054,0.011488042,0.0136826895,0.017108941,0.023540076,0.0013705519,2023-10-19,2023-10-18,-0.0094008394642612,0.010771391343778934,0.010771391343778934,0.00011602287148083575,0,1,0.025315918
r1_qqq,40,2,-0.023433244,-0.015542243,-0.011787517,-0.009307919,-0.0073087104,-0.0056183557,-0.0040597445,-0.0026654783,-0.0012698284,7.337483e-06,0.0013289772,0.0026736862,0.003990207,0.005254124,0.006697158,0.0082149785,0.00988534,0.0118277045,0.014043806,0.017585056,0.024132857,0.0013289772,2023-10-20,2023-10-18,-0.0150302349830184,0.01635921215714401,0.01635921215714401,0.0002676238224024484,0,0,0.025831323
r1_qqq,40,3,-0.023733472,-0.015739711,-0.011898567,-0.009358233,-0.0073404876,-0.005611079,-0.0040285373,-0.002603612,-0.0012370029,3.1243413e-05,0.001352842,0.0026819934,0.0039884127,0.005246453,0.006677808,0.00821055,0.009897214,0.01187752,0.014178195,0.017814202,0.02457161,0.001352842,2023-10-23,2023-10-18,0.0030129458884896,-0.001660103922635432,0.001660103922635432,2.7559450339495484e-06,1,1,0.026076762
r1_qqq,40,4,-0.024453418,-0.01615613,-0.012054909,-0.009351851,-0.007229279,-0.005456293,-0.003821207,-0.0023768903,-0.0009797773,0.0003087372,0.0016364284,0.0029797568,0.004290394,0.0055698175,0.006986131,0.008510932,0.010200157,0.0121369,0.014368718,0.017905867,0.0244432,0.0016364284,2023-10-24,2023-10-18,0.0096811135502815,-0.00804468514102546,0.00804468514102546,6.471695901823582e-05,1,1,0.026423626
r1_qqq,40,5,-0.024184294,-0.016178448,-0.012242838,-0.009652133,-0.0075851874,-0.0058155246,-0.0042042737,-0.0027276769,-0.0012807299,6.757897e-05,0.0014670403,0.0028680963,0.0042540943,0.0055558765,0.007033473,0.008604486,0.010319056,0.012290665,0.014589478,0.018160343,0.024912516,0.0014670403,2023-10-25,2023-10-18,-0.0247801883627321,0.02624722863702433,0.02624722863702433,0.0006889170111242301,0,0,0.026832316
r1_qqq,41,1,-0.030198928,-0.0205016,-0.015697002,-0.012469208,-0.009900833,-0.007732599,-0.005790386,-0.0040249103,-0.0023265085,-0.00076501543,0.0008251145,0.0024323885,0.004033028,0.005563742,0.007343124,0.009225708,0.011361637,0.01388369,0.016905598,0.021769557,0.031271346,0.0008251145,2023-10-26,2023-10-25,-0.019251559335109,0.02007667382510767,0.02007667382510767,0.0004030728318797634,0,0,0.0326026
r1_qqq,41,2,-0.030587321,-0.020980386,-0.016251476,-0.013083073,-0.010539336,-0.008395998,-0.006439819,-0.004695653,-0.0029783288,-0.0014132638,0.00019599701,0.0018211507,0.003445324,0.0050183265,0.0068345317,0.008782645,0.010987256,0.013591717,0.016640002,0.021653818,0.03116456,0.00019599701,2023-10-27,2023-10-25,0.0047899236420034,-0.00459392663155259,0.00459392663155259,2.1104161896088122e-05,1,1,0.03289148
r1_qqq,41,3,-0.030238757,-0.020669222,-0.015891708,-0.012686542,-0.010150874,-0.007987795,-0.0060199196,-0.004257591,-0.002577613,-0.0010292948,0.00055797904,0.0021460839,0.0037358152,0.005277938,0.0070525613,0.008977089,0.011142374,0.013731908,0.016809057,0.021837194,0.03162761,0.00055797904,2023-10-30,2023-10-25,0.0112020471088803,-0.010644068063910175,0.010644068063910175,0.0001132961849491525,1,1,0.032700766
r1_qqq,41,4,-0.030404195,-0.020733517,-0.015832325,-0.012557386,-0.009973268,-0.007813465,-0.0058300006,-0.0040799193,-0.002395198,-0.0008480111,0.0007292345,0.00232196,0.0039015675,0.0054577515,0.0072061527,0.009110019,0.01126687,0.013783662,0.01676141,0.021666022,0.031083308,0.0007292345,2023-10-31,2023-10-25,0.0047711985214375,-0.0040419640397414604,0.0040419640397414604,1.6337473298563105e-05,1,1,0.032593735
r1_qqq,41,5,-0.029711459,-0.02038198,-0.015645755,-0.01248263,-0.009949072,-0.00779059,-0.0058370503,-0.0040644417,-0.0023397908,-0.00075062667,0.00086933427,0.0024896034,0.004111526,0.0056677484,0.0074624866,0.00940855,0.011593923,0.014165257,0.017233552,0.02218004,0.031817183,0.00086933427,2023-11-01,2023-10-25,0.0172078220804967,-0.01633848781257868,0.01633848781257868,0.0002669461840017821,1,1,0.032879308
r1_qqq,42,1,-0.025823765,-0.017413555,-0.013261253,-0.010481907,-0.008242812,-0.006336604,-0.0046280427,-0.0030573746,-0.0015332517,-0.00013477335,0.0013062188,0.002769066,0.0042168,0.005599132,0.0071981377,0.0088910675,0.010780699,0.012983598,0.015583068,0.01962105,0.02721521,0.0013062188,2023-11-02,2023-11-01,0.017990593572641,-0.0166843747790253,0.0166843747790253,0.00027836836176697556,1,0,0.028844321
r1_qqq,42,2,-0.026169004,-0.017704926,-0.0135292495,-0.010732372,-0.008467226,-0.006548284,-0.0047901836,-0.0032163467,-0.0016549169,-0.00023131043,0.0012412281,0.002723272,0.004189633,0.005594635,0.0072053587,0.008912448,0.010808915,0.013019284,0.015546017,0.019595249,0.027148683,0.0012412281,2023-11-03,2023-11-01,0.0116802560485975,-0.010439027971036836,0.010439027971036836,0.00010897330498008944,1,1,0.029075267
r1_qqq,42,3,-0.026222773,-0.017721118,-0.013518939,-0.010707827,-0.008466248,-0.0065483702,-0.0048067174,-0.0032395066,-0.001741054,-0.00035735313,0.0010830716,0.0025327345,0.0039804676,0.005379748,0.006986649,0.008721937,0.010651754,0.012926428,0.015572406,0.01975123,0.02750013,0.0010830716,2023-11-06,2023-11-01,0.0040711361324804,-0.0029880645560490067,0.0029880645560490067,8.928529791116347e-06,1,1,0.029091345
r1_qqq,42,4,-0.026176644,-0.017694294,-0.013463487,-0.010631479,-0.008381232,-0.0064895824,-0.004736666,-0.003188883,-0.0016897661,-0.00030305883,0.0011208218,0.0025659206,0.003985537,0.005380821,0.0069364137,0.008623953,0.010513724,0.012693705,0.015221216,0.019250648,0.026786473,0.0011208218,2023-11-07,2023-11-01,0.0094081784734363,-0.008287356667765443,0.008287356667765443,6.868028053875634e-05,1,1,0.028684702
r1_qqq,42,5,-0.02550127,-0.017322,-0.013200255,-0.010460665,-0.008267798,-0.006396762,-0.0047062244,-0.0031721012,-0.0016817588,-0.00030150803,0.0011257599,0.0025565072,0.003985649,0.0053446605,0.006908894,0.008590832,0.010460036,0.012639219,0.01521246,0.019241791,0.026924932,0.0011257599,2023-11-08,2023-11-01,0.0006436135591921,0.00048214635160001237,0.00048214635160001237,2.3246510436120277e-07,1,1,0.028412715
r1_qqq,43,1,-0.020142274,-0.013172776,-0.009764487,-0.0075212764,-0.005727349,-0.0042193565,-0.0028796108,-0.0016567872,-0.00047591157,0.0005857138,0.0016708645,0.0027685668,0.0038455538,0.004867602,0.0060475105,0.0072858413,0.008662213,0.010270284,0.012164113,0.015154398,0.02077862,0.0016708645,2023-11-09,2023-11-08,-0.0077252839773484,0.009396148504462135,0.009396148504462135,8.828760671790602e-05,0,1,0.021928601
r1_qqq,43,2,-0.020193018,-0.013304858,-0.0099815745,-0.007784887,-0.0060090898,-0.004511236,-0.0031358553,-0.0019115481,-0.0006856979,0.00041799806,0.0015598338,0.0027069715,0.0038392353,0.004923529,0.006157694,0.007455782,0.008888396,0.010556766,0.012452939,0.015490031,0.021151306,0.0015598338,2023-11-10,2023-11-08,0.0222332321185845,-0.020673398355417236,0.020673398355417236,0.0004273893995617681,1,0,0.022434514
r1_qqq,43,3,-0.02066438,-0.013599829,-0.010192995,-0.007945407,-0.0061541,-0.0046264343,-0.0032376025,-0.0019947456,-0.00080906536,0.0002797403,0.0014132622,0.002548075,0.003676554,0.0047633247,0.005998027,0.007325312,0.008781506,0.010497108,0.01248355,0.015611945,0.021378504,0.0014132622,2023-11-13,2023-11-08,-0.0031234554160218,0.004536717632396078,0.004536717632396078,2.058180687609348e-05,0,1,0.022676546
r1_qqq,43,4,-0.021428784,-0.014184618,-0.010599326,-0.008222276,-0.0063524046,-0.004796207,-0.0033652466,-0.0021138252,-0.00090550305,0.00020058567,0.0013444229,0.0025001194,0.00362528,0.0047395066,0.005966383,0.007294515,0.00877829,0.01049244,0.012480031,0.015653554,0.021421272,0.0013444229,2023-11-14,2023-11-08,0.0212980868044946,-0.019953663878299634,0.019953663878299634,0.00039814870216815963,1,0,0.023079358
r1_qqq,43,5,-0.02113843,-0.014200277,-0.010760296,-0.008477194,-0.006648896,-0.005083331,-0.0036681402,-0.0023821024,-0.0011312852,2.5290821e-05,0.0012158235,0.0024092598,0.0035827812,0.0046950206,0.005965446,0.0073265224,0.008838899,0.010607619,0.01270552,0.01600668,0.022101417,0.0012158235,2023-11-15,2023-11-08,0.0007522251805099,0.0004635982798604022,0.0004635982798604022,2.1492336508952378e-07,1,1,0.023465816
r1_qqq,44,1,-0.024476308,-0.016238933,-0.012259119,-0.009614157,-0.0074977055,-0.005709064,-0.0041160085,-0.0026674292,-0.0012728077,-7.704575e-06,0.001278003,0.0025781388,0.0038701848,0.0051081306,0.0065447856,0.008063634,0.009772948,0.011767083,0.014130378,0.017855117,0.02494203,0.001278003,2023-11-16,2023-11-15,0.0008555391939437,0.000422463785290161,0.000422463785290161,1.7847564988169127e-07,1,1,0.026389498
r1_qqq,44,2,-0.024740176,-0.01647384,-0.012528511,-0.009908227,-0.0077975825,-0.0060151555,-0.0043848595,-0.00293578,-0.0015032094,-0.00020780697,0.0011208665,0.0024543626,0.003782338,0.0050585396,0.0065285666,0.008097468,0.009848338,0.011895937,0.014249111,0.018019091,0.025058452,0.0011208665,2023-11-17,2023-11-15,0.0002332676087256,0.000887598900428839,0.000887598900428839,7.878318080424841e-07,1,1,0.026777621
r1_qqq,44,3,-0.024701571,-0.016400544,-0.012421688,-0.009772671,-0.00766775,-0.005879862,-0.0042648083,-0.002824083,-0.0014547533,-0.00020089379,0.0010870278,0.002375912,0.0036670705,0.004915679,0.0063528027,0.007908153,0.009637612,0.011689763,0.014087679,0.017933115,0.025179775,0.0010870278,2023-11-20,2023-11-15,0.0121012472256054,-0.01101421939087704,0.01101421939087704,0.00012131302879037179,1,1,0.026509367
r1_qqq,44,4,-0.024948478,-0.016542908,-0.012460174,-0.00974439,-0.0076051224,-0.0058244057,-0.0041919583,-0.0027602834,-0.0013868297,-0.00013299918,0.0011409259,0.00242534,0.00369291,0.0049426905,0.006342486,0.007870196,0.009586557,0.011573073,0.013891104,0.017634956,0.024665648,0.0011409259,2023-11-21,2023-11-15,-0.0058265356050379,0.006967461521881016,0.006967461521881016,4.8545520058892526e-05,0,1,0.026351277
r1_qqq,44,5,-0.02470521,-0.01648868,-0.012496234,-0.00985923,-0.007771406,-0.0059973327,-0.004394782,-0.0029461898,-0.0015397056,-0.0002447895,0.0010820144,0.002405584,0.0037224912,0.004982536,0.006435331,0.008014583,0.009780905,0.011854367,0.014319693,0.018204944,0.02554464,0.0010820144,2023-11-22,2023-11-15,0.0040847757907733,-0.0030027613818794166,0.0030027613818794166,9.016575916506384e-06,1,1,0.026815927
r1_qqq,45,1,-0.02197298,-0.014549188,-0.0109812785,-0.00863895,-0.0067622056,-0.0051706275,-0.0037560554,-0.0024575335,-0.0011929248,-4.7533515e-05,0.0011369782,0.0023438497,0.0035417785,0.004688918,0.0060278364,0.007460156,0.009068646,0.010972695,0.013241871,0.01685561,0.023629345,0.0011369782,2023-11-24,2023-11-22,-0.0014111335189653,0.002548111675829943,0.002548111675829943,6.492873112500879e-06,0,1,0.024223149
r1_qqq,45,2,-0.021996818,-0.014640909,-0.01114015,-0.008828412,-0.0069657937,-0.0053932476,-0.003956515,-0.0026733954,-0.0013938503,-0.00023569248,0.00097549625,0.0021919578,0.0034106304,0.0045873458,0.005954273,0.007412315,0.009060608,0.011015137,0.013276188,0.016923632,0.02368176,0.00097549625,2023-11-27,2023-11-22,-0.0008732109834671,0.001848707235534487,0.001848707235534487,3.4177184427175653e-06,0,1,0.024416339
r1_qqq,45,3,-0.022256253,-0.014704384,-0.011125417,-0.0087775765,-0.0069129313,-0.005322319,-0.0038766288,-0.0025758538,-0.0013321759,-0.00018808272,0.0010113755,0.0022146378,0.0034220251,0.0045872033,0.00593481,0.0073918374,0.009020819,0.010961559,0.013238105,0.016874783,0.023660526,0.0010113755,2023-11-28,2023-11-22,0.0026175077073207,-0.0016061322530662517,0.0016061322530662517,2.5796608143396738e-06,1,1,0.024363521
r1_qqq,45,4,-0.022778215,-0.015087318,-0.011355484,-0.008900181,-0.006971167,-0.005368122,-0.0038933456,-0.0026034613,-0.0013581965,-0.00020834073,0.0009832223,0.0021956505,0.0033851755,0.00457259,0.0058977166,0.0073468694,0.008985383,0.01090563,0.013153582,0.01678715,0.023543015,0.0009832223,2023-11-29,2023-11-22,-0.0009742900706899,0.0019575123420056536,0.0019575123420056536,3.831854569104459e-06,0,1,0.024509065
r1_qqq,45,5,-0.022426108,-0.015045633,-0.01143584,-0.009059573,-0.0071672476,-0.0055611646,-0.0041195014,-0.0028186126,-0.0015587276,-0.0003914021,0.0008178993,0.002036632,0.003249623,0.0044159037,0.005767891,0.0072357906,0.008896347,0.01087229,0.013241366,0.017038515,0.024235616,0.0008178993,2023-11-30,2023-11-22,-0.0025173512652739,0.003335250566456379,0.003335250566456379,1.1123896341047595e-05,0,1,0.024677206
r1_qqq,46,1,-0.01974349,-0.013195011,-0.009957275,-0.007847053,-0.0061816983,-0.0047783814,-0.0035369457,-0.0024026965,-0.0013019373,-0.00030460078,0.00072196446,0.0017705085,0.0028156596,0.0038188961,0.0049914224,0.0062527396,0.007672184,0.009360633,0.011381974,0.014682417,0.020863395,0.00072196446,2023-12-01,2023-11-30,0.0028508871302309,-0.002128922668967631,0.002128922668967631,4.532311730444261e-06,1,1,0.021339249
r1_qqq,46,2,-0.0198823,-0.013307705,-0.010086911,-0.007978001,-0.006305432,-0.0048978017,-0.0036166664,-0.0024802785,-0.001349596,-0.00032938327,0.00073000364,0.0017990564,0.0028684062,0.0039009377,0.0051021385,0.006384673,0.007833421,0.009564945,0.011585496,0.014905595,0.02105382,0.00073000364,2023-12-04,2023-11-30,-0.0093270578034749,0.01005706144120225,0.01005706144120225,0.00010114448483211706,0,1,0.021672407
r1_qqq,46,3,-0.020165008,-0.013449705,-0.010145282,-0.007996705,-0.006313249,-0.00488489,-0.003594271,-0.0024388211,-0.0013376268,-0.00032231444,0.0007398102,0.0018076425,0.0028749257,0.003904032,0.005097395,0.006389798,0.00783776,0.009581547,0.011642283,0.0149949435,0.021230966,0.0007398102,2023-12-05,2023-11-30,0.0025079080099603,-0.0017680978365605536,0.0017680978365605536,3.1261699596501103e-06,1,1,0.021787565
r1_qqq,46,4,-0.020524431,-0.013676784,-0.010232785,-0.007979259,-0.0062316647,-0.004793974,-0.0034792149,-0.0023352278,-0.0012364921,-0.00022979316,0.00080752966,0.0018660593,0.0029074214,0.003946368,0.0051043425,0.006380568,0.007831562,0.009549584,0.011584355,0.014949323,0.021123257,0.00080752966,2023-12-06,2023-11-30,-0.0058007216845044,0.006608251349102806,0.006608251349102806,4.366898589291905e-05,0,1,0.02181714
r1_qqq,46,5,-0.019982444,-0.013481493,-0.010177856,-0.008017062,-0.006321896,-0.004890656,-0.0036128408,-0.0024647722,-0.001357149,-0.00033140116,0.0007245256,0.0017877541,0.002849797,0.0038691964,0.0050547454,0.0063536037,0.007829063,0.009610337,0.011791576,0.015342794,0.021910448,0.0007245256,2023-12-07,2023-11-30,0.0138755574714016,-0.013151031873058138,0.013151031873058138,0.00017294963932619104,1,0,0.021969432
r1_qqq,47,1,-0.01977293,-0.0133176595,-0.010162941,-0.008066683,-0.0063709407,-0.004920782,-0.0036164112,-0.0024109338,-0.0012275914,-0.00014574171,0.00097541616,0.0021199791,0.0032517249,0.0043373015,0.0055908216,0.0069230623,0.008397909,0.010120226,0.012135046,0.015303951,0.021274555,0.00097541616,2023-12-08,2023-12-07,0.004446804591604,-0.0034713884332780295,0.0034713884332780295,1.2050537654696492e-05,1,1,0.022297986
r1_qqq,47,2,-0.019663319,-0.013203521,-0.010056861,-0.00796308,-0.006264411,-0.004818798,-0.0034867187,-0.0022888447,-0.0010835344,1.4891924e-05,0.0011635922,0.002327407,0.0034778584,0.004587654,0.0058566756,0.007190823,0.0086680055,0.010390026,0.012344009,0.015474838,0.021371689,0.0011635922,2023-12-11,2023-12-07,0.008505766401478,-0.007342174188644536,0.007342174188644536,5.3907521816398045e-05,1,1,0.02240087
r1_qqq,47,3,-0.019735502,-0.013216193,-0.01005665,-0.007971485,-0.006303277,-0.0048702895,-0.0035552462,-0.0023641775,-0.0012153772,-0.00015051689,0.0009721548,0.0021059287,0.0032345501,0.0043243547,0.00557432,0.0069115777,0.008393774,0.010146703,0.012175776,0.0153840305,0.021392137,0.0009721548,2023-12-12,2023-12-07,0.0079327545535958,-0.006960599770510811,0.006960599770510811,4.8449949165235155e-05,1,1,0.022232426
r1_qqq,47,4,-0.019773906,-0.013220313,-0.0099897785,-0.007844187,-0.0061402307,-0.0047120745,-0.0033832702,-0.002214188,-0.0010779406,-2.4342491e-05,0.0010647756,0.0021763472,0.003259074,0.0043391995,0.005532803,0.0068309503,0.008287387,0.009979878,0.011944152,0.015104592,0.021011934,0.0010647756,2023-12-13,2023-12-07,0.0126371701389748,-0.01157239451093705,0.01157239451093705,0.00013392031471676596,1,0,0.021933932
r1_qqq,47,5,-0.019275052,-0.013049481,-0.009920597,-0.007848437,-0.0061833253,-0.0047520697,-0.0034633807,-0.0022928945,-0.0011551133,-0.00010117685,0.0009906808,0.002086535,0.0031767532,0.0042173928,0.0054178457,0.006710569,0.008164894,0.0098927785,0.011961994,0.015254215,0.021478442,0.0009906808,2023-12-14,2023-12-07,-0.0008674011616312,0.0018580819297857615,0.0018580819297857615,3.4524684577963798e-06,0,1,0.02188259
r1_qqq,48,1,-0.018632172,-0.01228602,-0.00911243,-0.0070165996,-0.0053418637,-0.0039270013,-0.0026703943,-0.0015168071,-0.0003952686,0.00061489205,0.0016555223,0.002703439,0.0037420944,0.0047409325,0.005901608,0.0071314857,0.00850613,0.010122178,0.012029678,0.01507041,0.02083901,0.0016555223,2023-12-15,2023-12-14,0.0048225420003533,-0.003167019732087814,0.003167019732087814,1.003001398343357e-05,1,1,0.021142107
r1_qqq,48,2,-0.018671868,-0.012370172,-0.009266848,-0.0072128093,-0.005563161,-0.0041719666,-0.002895619,-0.001755225,-0.0006086513,0.00042325965,0.0015026806,0.002584809,0.003665239,0.0047031394,0.0058975057,0.0071628173,0.008574897,0.010233718,0.012130026,0.015198795,0.02096075,0.0015026806,2023-12-18,2023-12-14,0.0062787332928894,-0.004776052700650497,0.004776052700650497,2.2810679399390906e-05,1,1,0.021396874
r1_qqq,48,3,-0.018782133,-0.012436166,-0.009297935,-0.007237986,-0.005603575,-0.0042106044,-0.002941194,-0.0018005203,-0.0007039547,0.00030299765,0.0013619871,0.0024225533,0.0034868377,0.0045108297,0.0056885136,0.006955477,0.008361608,0.010033817,0.011981524,0.015102513,0.020982567,0.0013619871,2023-12-19,2023-12-14,0.0050966465630156,-0.0037346594751399955,0.0037346594751399955,1.3947681395252946e-05,1,1,0.021279458
r1_qqq,48,4,-0.01886089,-0.012469031,-0.009262148,-0.0071449284,-0.005474348,-0.0040823785,-0.0027957777,-0.0016714535,-0.0005858454,0.0004148084,0.0014468264,0.0024921105,0.003514867,0.004541072,0.0056746327,0.006909315,0.008303541,0.00992875,0.011822725,0.014912298,0.020670554,0.0014468264,2023-12-20,2023-12-14,-0.0149711807153707,0.01641800709884219,0.01641800709884219,0.00026955095709763256,0,0,0.021084873
r1_qqq,48,5,-0.018466827,-0.0123723475,-0.009272093,-0.0072267833,-0.0055894176,-0.0041922196,-0.0029356102,-0.0018013888,-0.00069886964,0.00032113522,0.0013728461,0.0024330723,0.003481353,0.004492492,0.005652393,0.0069058663,0.008318955,0.00999273,0.01200112,0.015201321,0.021241017,0.0013728461,2023-12-21,2023-12-14,0.0115682097739582,-0.010195363697693223,0.010195363697693223,0.00010394544092824084,1,1,0.021273213
r1_qqq,49,1,-0.019085687,-0.012246803,-0.008970236,-0.0068128887,-0.005091564,-0.003639577,-0.0023548221,-0.0011822998,-4.2770655e-05,0.0009869942,0.0020429576,0.0031135345,0.0041625635,0.005168642,0.006330462,0.007562349,0.008933545,0.010537862,0.0124299945,0.0154080875,0.021256408,0.0020429576,2023-12-22,2023-12-21,0.0014948848824511,0.0005480726991285852,0.0005480726991285852,3.003836835300927e-07,1,1,0.021400232
r1_qqq,49,2,-0.019026503,-0.012318101,-0.009166595,-0.0070865485,-0.0054126987,-0.0040019527,-0.0027058185,-0.0015504875,-0.00039246553,0.00065527135,0.0017437565,0.0028379858,0.003916767,0.0049584815,0.006147081,0.0074012075,0.008792413,0.010415965,0.012263317,0.0152239185,0.020966014,0.0017437565,2023-12-26,2023-12-21,0.0061029543645535,-0.004359197897077013,0.004359197897077013,1.9002606305880653e-05,1,1,0.021429911
r1_qqq,49,3,-0.019206977,-0.012393904,-0.009210173,-0.007122067,-0.0054641203,-0.0040528653,-0.002771574,-0.0016187762,-0.00051321014,0.0005071293,0.0015740343,0.002645575,0.0037136695,0.0047469833,0.005924386,0.0071896897,0.008587992,0.010234958,0.012144325,0.015163142,0.020986892,0.0015740343,2023-12-27,2023-12-21,0.0020336601688276,-0.00045962583187324473,0.00045962583187324473,2.1125590532517224e-07,1,1,0.021354498
r1_qqq,49,4,-0.019391133,-0.012520781,-0.009253504,-0.007098979,-0.0054001445,-0.003986295,-0.0026810819,-0.0015379135,-0.0004324756,0.00058635476,0.0016340846,0.002700158,0.0037405225,0.00477441,0.005916449,0.007157108,0.008548217,0.0101598045,0.012030253,0.015030108,0.020829074,0.0016340846,2023-12-28,2023-12-21,-0.0004861644148609,0.002120249034442599,0.002120249034442599,4.495455968054774e-06,0,1,0.021283757
r1_qqq,49,5,-0.019121876,-0.012537181,-0.009348215,-0.00725332,-0.005588564,-0.0041661053,-0.0028877263,-0.001732962,-0.00061418064,0.00041784233,0.0014830003,0.0025495116,0.0036072205,0.004614723,0.005774643,0.007021096,0.008415657,0.010067218,0.012038258,0.015156108,0.021312227,0.0014830003,2023-12-29,2023-12-21,-0.0043371340822498,0.005820134431503216,0.005820134431503216,3.3873964800769264e-05,0,1,0.021386473
