model,window,horizon,q0.01,q0.05,q0.1,q0.15,q0.2,q0.25,q0.3,q0.35,q0.4,q0.45,q0.5,q0.55,q0.6,q0.65,q0.7,q0.75,q0.8,q0.85,q0.9,q0.95,q0.99,prediction,date,forecast_origin,actual,error,abs_error,squared_error,correct_direction,interval_coverage,interval_width
r2_qqq_calendar,0,1,-0.0429448,-0.02871535,-0.021812249,-0.017177721,-0.013556086,-0.010516148,-0.007860482,-0.00550188,-0.0032774066,-0.0012762191,0.0007135569,0.0027335736,0.0048249504,0.006896775,0.009357861,0.012038187,0.015130106,0.018774811,0.023119388,0.030047065,0.04237513,0.0007135569,2023-01-03,2022-12-30,-0.0067827173204042,0.007496274208917467,0.007496274208917467,5.61941270152812e-05,0,1,0.044931635
r2_qqq_calendar,0,2,-0.043902993,-0.029489448,-0.022432068,-0.01771702,-0.014012565,-0.010940772,-0.008191341,-0.0057934737,-0.0034873625,-0.0014407036,0.0006002423,0.0026647542,0.0048033483,0.0069316863,0.009446099,0.0121935215,0.015348911,0.01905465,0.02334347,0.030337842,0.04258048,0.0006002423,2023-01-04,2022-12-30,0.0047526462719854,-0.004152403983202207,0.004152403983202207,1.7242458839713554e-05,1,1,0.04577554
r2_qqq_calendar,0,3,-0.04401221,-0.029681087,-0.022624126,-0.017878054,-0.014190351,-0.011114504,-0.008356493,-0.0059476336,-0.0036843028,-0.0016345911,0.00041934327,0.0024663266,0.0046011684,0.006723311,0.009230662,0.012004079,0.015171151,0.01891546,0.023306869,0.030507281,0.043111827,0.00041934327,2023-01-05,2022-12-30,-0.0157781972169871,0.016197540485718708,0.016197540485718708,0.00026236031778649666,0,1,0.045930997
r2_qqq_calendar,0,4,-0.043458458,-0.02937821,-0.022558141,-0.01795056,-0.014312806,-0.011288527,-0.008544358,-0.0061286413,-0.0038183834,-0.0017392212,0.00033680766,0.0024089862,0.0045445934,0.0067176726,0.009254131,0.012074869,0.015336028,0.019134657,0.023576248,0.0308809,0.04340826,0.00033680766,2023-01-06,2022-12-30,0.027227395160866,-0.026890587503134302,0.026890587503134302,0.0007231036962637227,1,0,0.04613439
r2_qqq_calendar,0,5,-0.044058688,-0.029734211,-0.022585811,-0.017903352,-0.014253447,-0.011217439,-0.008504019,-0.006084435,-0.0037590635,-0.0016605698,0.00042412037,0.0025163584,0.0047049085,0.0068780086,0.009439125,0.0122650815,0.015488334,0.019245116,0.023703514,0.03086243,0.043592267,0.00042412037,2023-01-09,2022-12-30,0.0064526310170744,-0.006028510645611623,0.006028510645611623,3.634294060425267e-05,1,1,0.046289325
r2_qqq_calendar,1,1,-0.042864915,-0.028857565,-0.022135297,-0.017634997,-0.014106709,-0.011122607,-0.008487063,-0.006142782,-0.003921522,-0.0019111165,8.940435e-05,0.0021269098,0.0042175264,0.006263354,0.008673316,0.011280947,0.014259076,0.01774265,0.02186121,0.028375223,0.04010013,8.940435e-05,2023-01-10,2023-01-09,0.0084286878744476,-0.008339283526629255,0.008339283526629255,6.954364973751007e-05,1,1,0.043996505
r2_qqq_calendar,1,2,-0.0435392,-0.029286891,-0.02246015,-0.01792668,-0.0143444585,-0.011351315,-0.008650102,-0.0062829284,-0.0040022545,-0.0019627768,6.898824e-05,0.002132881,0.004245022,0.006344146,0.008812882,0.011493045,0.014552986,0.01813421,0.022280354,0.02894904,0.040655218,6.898824e-05,2023-01-11,2023-01-09,0.0171524483430358,-0.01708346009945221,0.01708346009945221,0.00029184460896957565,1,1,0.044740506
r2_qqq_calendar,1,3,-0.044055596,-0.029593116,-0.022647085,-0.018009845,-0.01441364,-0.011387842,-0.008657185,-0.0062560136,-0.0039956765,-0.0019288043,0.00014250976,0.0022135102,0.004346428,0.0064615747,0.00894502,0.01166452,0.0147455335,0.018360952,0.022577405,0.02939709,0.041486565,0.00014250976,2023-01-12,2023-01-09,0.0053897954002944,-0.005247285642287619,0.005247285642287619,2.753400661175779e-05,1,1,0.045224488
r2_qqq_calendar,1,4,-0.04352783,-0.029311633,-0.022527335,-0.01798317,-0.014405002,-0.011410691,-0.0086846305,-0.0062662927,-0.0039403816,-0.0018382489,0.00025718307,0.0023514195,0.0044897567,0.0066391486,0.009135871,0.0118951835,0.015051974,0.01870093,0.02295356,0.029853493,0.04177963,0.00025718307,2023-01-13,2023-01-09,0.0068570660094839,-0.006599882939422172,0.006599882939422172,4.3558454814075845e-05,1,1,0.045480896
r2_qqq_calendar,1,5,-0.043974746,-0.029601555,-0.022544365,-0.01793635,-0.01433395,-0.011319594,-0.0086061,-0.006172925,-0.0038168675,-0.001690994,0.00042269749,0.002532401,0.004720545,0.0068704435,0.009387747,0.012148056,0.015249807,0.0188551,0.023091493,0.029856294,0.042001266,0.00042269749,2023-01-17,2023-01-09,0.002026548435775,-0.0016038509505832523,0.0016038509505832523,2.572337871686802e-06,1,1,0.045635857
r2_qqq_calendar,2,1,-0.033763666,-0.022264026,-0.016495252,-0.012778876,-0.0099516865,-0.0076152836,-0.005579355,-0.0037886137,-0.0021070256,-0.000603153,0.0008608727,0.0023493469,0.0039031599,0.0054476033,0.007289961,0.009296395,0.01161074,0.014354805,0.017658655,0.02313235,0.0335072,0.0008608727,2023-01-18,2023-01-17,-0.0130851307316483,0.01394600341010699,0.01394600341010699,0.0001944910111147158,0,1,0.03415391
r2_qqq_calendar,2,2,-0.035322208,-0.023344653,-0.01729603,-0.013415928,-0.010458573,-0.008045549,-0.005897194,-0.0040462893,-0.0022719875,-0.0007030181,0.0008329024,0.0023960369,0.0040086447,0.0056286897,0.0075442353,0.009638088,0.012027843,0.014856477,0.018174728,0.023758411,0.034162447,0.0008329024,2023-01-19,2023-01-17,-0.0098732653864193,0.010706167770409886,0.010706167770409886,0.00011462202832816338,0,1,0.035470758
r2_qqq_calendar,2,3,-0.03636199,-0.024329731,-0.018147117,-0.014097238,-0.011029131,-0.008507164,-0.006279854,-0.004353699,-0.0025637834,-0.000958119,0.0006194884,0.0021962244,0.0038468214,0.0055009765,0.007458677,0.009631575,0.012112195,0.015069551,0.018571531,0.024462262,0.03527488,0.0006194884,2023-01-20,2023-01-17,0.0269993239167042,-0.026379835497670614,0.026379835497670614,0.0006958957208841626,1,0,0.036718648
r2_qqq_calendar,2,4,-0.035853542,-0.023985012,-0.0179877,-0.014064069,-0.01105993,-0.008603189,-0.006393474,-0.0044691884,-0.0026387265,-0.0010074177,0.0006009367,0.0022146413,0.003884532,0.005582931,0.0075621144,0.009770741,0.012308145,0.01528552,0.018830938,0.024811339,0.035588723,0.0006009367,2023-01-23,2023-01-17,0.021972610585793,-0.02137167387961511,0.02137167387961511,0.0004567484444166228,1,0,0.03681864
r2_qqq_calendar,2,5,-0.036110476,-0.024142701,-0.017984333,-0.014043313,-0.011054671,-0.00860361,-0.006418139,-0.0044896347,-0.0026434348,-0.0009895081,0.0006448374,0.0022823256,0.004007478,0.0057198177,0.007743779,0.009976219,0.0125044985,0.015473891,0.019068472,0.025042826,0.036022767,0.0006448374,2023-01-24,2023-01-17,-0.0020438944791116,0.0026887318688117146,0.0026887318688117146,7.2292790623637355e-06,0,1,0.037052803
r2_qqq_calendar,3,1,-0.04042754,-0.026911378,-0.020220678,-0.015821967,-0.012439563,-0.009594074,-0.0070947343,-0.004876329,-0.002778623,-0.00087883126,0.0010079928,0.0029229154,0.0048965598,0.0068282485,0.009113868,0.011579802,0.014403491,0.01769804,0.0215827,0.027548725,0.037977166,0.0010079928,2023-01-25,2023-01-24,-0.0022216672089368,0.003229659983184923,0.003229659983184923,1.0430703606986038e-05,0,1,0.04180338
r2_qqq_calendar,3,2,-0.041227233,-0.02762224,-0.020909116,-0.016484696,-0.01302802,-0.010159936,-0.007575346,-0.0053130994,-0.003137517,-0.0011895557,0.0007469316,0.0027053733,0.004717407,0.0067104097,0.009064262,0.011630594,0.0145581355,0.017979184,0.021921532,0.028078577,0.038474616,0.0007469316,2023-01-26,2023-01-24,0.0193095497439804,-0.018562618154306196,0.018562618154306196,0.00034457079274257795,1,1,0.042830646
r2_qqq_calendar,3,3,-0.04170438,-0.027939063,-0.021103794,-0.016592024,-0.013136761,-0.010234773,-0.0076281526,-0.005333591,-0.0031763448,-0.0012025253,0.00077056984,0.0027339135,0.0047630896,0.006769593,0.009130476,0.011725541,0.014656459,0.018069038,0.022016983,0.028227193,0.038795896,0.00077056984,2023-01-27,2023-01-24,0.0099051495315105,-0.009134579694324015,0.009134579694324015,8.344054619195663e-05,1,1,0.04312078
r2_qqq_calendar,3,4,-0.040998016,-0.027440589,-0.020724222,-0.016294945,-0.012856423,-0.009990954,-0.007389873,-0.005088076,-0.002892649,-0.000914227,0.001050117,0.0030076196,0.005007767,0.0070104054,0.009339592,0.011909985,0.014835138,0.018179312,0.02203217,0.028115597,0.038397443,0.001050117,2023-01-30,2023-01-24,-0.0204256152916658,0.02147573225162507,0.02147573225162507,0.00046120707574348916,0,1,0.042756394
r2_qqq_calendar,3,5,-0.041217282,-0.027478926,-0.020587854,-0.01615783,-0.012724012,-0.009857209,-0.007279601,-0.004971247,-0.0027457266,-0.00073654833,0.0012498554,0.0032225377,0.0052597104,0.007252703,0.0095971795,0.012170684,0.015056397,0.018373493,0.022249293,0.028204396,0.038615957,0.0012498554,2023-01-31,2023-01-24,0.0148746010740544,-0.013624745689823786,0.013624745689823786,0.0001856336951123718,1,1,0.042837147
r2_qqq_calendar,4,1,-0.040074237,-0.026421754,-0.019611344,-0.01513525,-0.01166728,-0.008778641,-0.006255203,-0.004015441,-0.0018942216,1.5989834e-05,0.0019246915,0.0038604734,0.005828296,0.007753858,0.0100204805,0.0124791805,0.015296409,0.018610423,0.022540744,0.028695287,0.04007872,0.0019246915,2023-02-01,2023-01-31,0.0211582091057085,-0.019233517616742156,0.019233517616742156,0.0003699281999135309,1,1,0.042152088
r2_qqq_calendar,4,2,-0.040817652,-0.027489703,-0.020795638,-0.01634279,-0.012831967,-0.009926544,-0.0073154,-0.0050401506,-0.0028388042,-0.0008709722,0.0010910798,0.003084576,0.0051013436,0.007099401,0.009440003,0.011989554,0.014892561,0.0182916,0.022181636,0.028459985,0.0398209,0.0010910798,2023-02-02,2023-01-31,0.0352610161728343,-0.03416993638641443,0.03416993638641443,0.001167584552651609,1,0,0.042977273
r2_qqq_calendar,4,3,-0.04125215,-0.027719775,-0.020911714,-0.016387172,-0.012892249,-0.009972116,-0.007368478,-0.0050869505,-0.0029494797,-0.0009965479,0.00096493214,0.002925665,0.004926693,0.006916678,0.009232319,0.0117804,0.014654434,0.018014742,0.021900766,0.028182417,0.039451662,0.00096493214,2023-02-03,2023-01-31,-0.017932327289362,0.018897259433050203,0.018897259433050203,0.00035710641408000487,0,1,0.04281248
r2_qqq_calendar,4,4,-0.040382028,-0.027013462,-0.020372028,-0.01599097,-0.012566635,-0.009732762,-0.0071659326,-0.0049188123,-0.00277598,-0.00084508536,0.0010776045,0.0030147382,0.004980356,0.006951985,0.009224421,0.011730676,0.014585177,0.017870883,0.021690145,0.027874956,0.038993698,0.0010776045,2023-02-06,2023-01-31,-0.0084950927191433,0.009572697199231057,0.009572697199231057,9.163653166816612e-05,0,1,0.04206217
r2_qqq_calendar,4,5,-0.040350012,-0.026946882,-0.020181851,-0.015810238,-0.012423478,-0.009615951,-0.0071138586,-0.004894709,-0.0027645146,-0.0008422645,0.0010824866,0.003002416,0.0049902415,0.006929936,0.009202652,0.011689384,0.014480518,0.017708227,0.021498404,0.02749809,0.038631473,0.0010824866,2023-02-07,2023-01-31,0.0205069744018541,-0.019424487812414886,0.019424487812414886,0.00037731072677465446,1,1,0.041680254
r2_qqq_calendar,5,1,-0.04904429,-0.031867463,-0.023725504,-0.018470855,-0.014443994,-0.0111037865,-0.008197387,-0.005643868,-0.003237997,-0.0010668355,0.001090665,0.0032846716,0.005539155,0.007752752,0.010365432,0.013198782,0.01644551,0.020224027,0.024661174,0.031409614,0.04307328,0.001090665,2023-02-08,2023-02-07,-0.0179409360620829,0.019031601060711098,0.019031601060711098,0.0003622018389340598,0,1,0.048386678
r2_qqq_calendar,5,2,-0.049649566,-0.032725513,-0.024641847,-0.019363122,-0.01526288,-0.011888517,-0.008874134,-0.0062631154,-0.0037577052,-0.0015249418,0.00068742095,0.0029357034,0.0052371207,0.0075304536,0.010235728,0.0131928865,0.016565533,0.02047407,0.024917845,0.03184773,0.04358731,0.00068742095,2023-02-09,2023-02-07,-0.0088773330739221,0.00956475402419329,0.00956475402419329,9.148451954332173e-05,0,1,0.04955969
r2_qqq_calendar,5,3,-0.050764628,-0.033433754,-0.025161345,-0.019743063,-0.015599448,-0.012163631,-0.009110213,-0.0064491606,-0.0039486503,-0.0016577526,0.00063700625,0.0029238919,0.005272007,0.0076111327,0.01035067,0.013364683,0.016749477,0.020653943,0.0250775,0.032000903,0.043645058,0.00063700625,2023-02-10,2023-02-07,-0.0065848338652944,0.007221840112710539,0.007221840112710539,5.215497461355497e-05,0,1,0.050238844
r2_qqq_calendar,5,4,-0.04938385,-0.032567307,-0.02462133,-0.01940628,-0.015348542,-0.012001334,-0.008988285,-0.006342937,-0.0038102162,-0.0015245758,0.0007490652,0.003017557,0.005337257,0.00766504,0.010379372,0.013384546,0.016814178,0.020745277,0.025238663,0.03224885,0.043914534,0.0007490652,2023-02-13,2023-02-07,0.0158891323804265,-0.015140067188941512,0.015140067188941512,0.00022922163448566333,1,1,0.049859993
r2_qqq_calendar,5,5,-0.049580477,-0.03256599,-0.024322283,-0.019071192,-0.015036073,-0.011705618,-0.008739162,-0.0061218725,-0.0036070577,-0.0013522354,0.00088571606,0.0031095955,0.0054200334,0.007686348,0.010347432,0.013260411,0.016515542,0.02023832,0.024489278,0.030994236,0.042518925,0.00088571606,2023-02-14,2023-02-07,0.0073621354680275,-0.006476419410644976,0.006476419410644976,4.194400838257902e-05,1,1,0.048811562
r2_qqq_calendar,6,1,-0.040971022,-0.027520362,-0.02097182,-0.016587928,-0.013154402,-0.010264198,-0.0077176383,-0.00545593,-0.0033187314,-0.0013931664,0.0005067236,0.0024410037,0.0044441465,0.0064095124,0.008741267,0.011272755,0.014178417,0.017595882,0.021665446,0.028160967,0.039732862,0.0005067236,2023-02-15,2023-02-14,0.0076314809733262,-0.00712475738266536,0.00712475738266536,5.076216776184455e-05,1,1,0.042637266
r2_qqq_calendar,6,2,-0.04189477,-0.028162837,-0.021418333,-0.01694376,-0.0134214815,-0.010503103,-0.007883269,-0.005599424,-0.0034066718,-0.001452167,0.00047899684,0.0024382425,0.0044544106,0.006459321,0.008822357,0.011386719,0.014319238,0.017764814,0.02176614,0.028280146,0.03969845,0.00047899684,2023-02-16,2023-02-14,-0.0189424734073557,0.019421470244401697,0.019421470244401697,0.0003771935064541805,0,1,0.043184474
r2_qqq_calendar,6,3,-0.042030975,-0.028362123,-0.021598425,-0.017050834,-0.013530343,-0.010584593,-0.007937986,-0.005617467,-0.003443981,-0.0014735267,0.00048663205,0.002446674,0.004473143,0.00647617,0.008829787,0.01141201,0.014363899,0.01785911,0.021980343,0.028721709,0.04060015,0.00048663205,2023-02-17,2023-02-14,-0.0070806970446996,0.007567329097042939,0.007567329097042939,5.72644696629527e-05,0,1,0.043578766
r2_qqq_calendar,6,4,-0.04181604,-0.028252523,-0.021564802,-0.017070126,-0.013542816,-0.010617231,-0.007966839,-0.005632958,-0.0034079158,-0.0014108482,0.0005704498,0.002553994,0.0045896275,0.0066467277,0.009029616,0.011662041,0.014691814,0.01819947,0.02230473,0.029044246,0.040740665,0.0005704498,2023-02-21,2023-02-14,-0.0239597385794969,0.02453018838298709,0.02453018838298709,0.0006017301421048348,0,0,0.043869533
r2_qqq_calendar,6,5,-0.04145522,-0.028089382,-0.02125305,-0.01676211,-0.013270008,-0.0103615895,-0.0077657085,-0.005453116,-0.0032368589,-0.0012520289,0.00070749066,0.002658526,0.004703034,0.0067119556,0.009070652,0.011644645,0.01453787,0.017887693,0.021882163,0.02836118,0.040073723,0.00070749066,2023-02-22,2023-02-14,0.0007478792879324,-4.038862721655184e-05,4.038862721655184e-05,1.6312412084375922e-09,1,1,0.04313521
r2_qqq_calendar,7,1,-0.043212555,-0.028878229,-0.021969745,-0.017354926,-0.013733426,-0.010676021,-0.007991488,-0.005613299,-0.0033688073,-0.0013402515,0.00067360897,0.0027182614,0.0048200605,0.0068765674,0.009309726,0.011937156,0.014945712,0.018469581,0.022622865,0.029027006,0.04011581,0.00067360897,2023-02-23,2023-02-22,0.0086960001826702,-0.008022391211841846,0.008022391211841846,6.435876075583728e-05,1,1,0.04459261
r2_qqq_calendar,7,2,-0.04357487,-0.029374605,-0.022474494,-0.01783515,-0.014153729,-0.011078551,-0.008303987,-0.0058795996,-0.0035557311,-0.0014739685,0.0005991042,0.0026927446,0.0048417794,0.0069754235,0.009482213,0.012204414,0.0153024895,0.018904991,0.023034861,0.029565899,0.040636577,0.0005991042,2023-02-24,2023-02-22,-0.0168857319559351,0.017484836168532112,0.017484836168532112,0.0003057194958404087,0,1,0.045509353
r2_qqq_calendar,7,3,-0.044749677,-0.030197922,-0.023103978,-0.018317228,-0.014581293,-0.011433571,-0.008597726,-0.0061070835,-0.003758595,-0.0016060923,0.00056285947,0.0027139944,0.004927551,0.0071014413,0.009641604,0.012422421,0.015546702,0.019179707,0.023355661,0.030027064,0.041446336,0.00056285947,2023-02-27,2023-02-22,0.0071359332098312,-0.006573073743531785,0.006573073743531785,4.320529843790696e-05,1,1,0.046459638
r2_qqq_calendar,7,4,-0.044452466,-0.029976642,-0.02292955,-0.018196447,-0.014451482,-0.011320971,-0.008483211,-0.0059731165,-0.003572861,-0.0013997009,0.0007678295,0.0029154015,0.005102841,0.007285139,0.009812515,0.012585632,0.015734939,0.019348472,0.0235163,0.030174408,0.04145892,0.0007678295,2023-02-28,2023-02-22,-0.0012937763052507,0.0020616057839690405,0.0020616057839690405,4.250218408494602e-06,0,1,0.046445847
r2_qqq_calendar,7,5,-0.04489284,-0.030280173,-0.022973616,-0.018200373,-0.01446217,-0.0113306,-0.008516343,-0.006004333,-0.003592105,-0.0014190174,0.00073259755,0.002870749,0.005080809,0.0072494806,0.009794477,0.012578213,0.015697815,0.019295597,0.023490593,0.03004738,0.041563887,0.00073259755,2023-03-01,2023-02-22,-0.0080716312184522,0.008804228764172837,0.008804228764172837,7.751444413188836e-05,0,1,0.04646421
r2_qqq_calendar,8,1,-0.036754865,-0.024730563,-0.01860525,-0.014592323,-0.011501401,-0.008919614,-0.006654215,-0.004648902,-0.0027486745,-0.0010312431,0.0006749524,0.002403123,0.004176363,0.005909881,0.007960159,0.010180529,0.012726312,0.015721219,0.019290145,0.025001645,0.03527229,0.0006749524,2023-03-02,2023-03-01,0.0082418768716725,-0.007566924468030263,0.007566924468030263,5.725834590487508e-05,1,1,0.037895396
r2_qqq_calendar,8,2,-0.03744909,-0.025359299,-0.019161236,-0.015086656,-0.011920235,-0.009300815,-0.006950527,-0.004903756,-0.0029256644,-0.0011604642,0.0006012779,0.002384706,0.0042020567,0.005995229,0.008102137,0.010396779,0.013012179,0.016092487,0.019665023,0.025507733,0.035773944,0.0006012779,2023-03-03,2023-03-01,0.020462795192698,-0.019861517273211834,0.019861517273211834,0.00039447986839409203,1,0,0.038826257
r2_qqq_calendar,8,3,-0.03773068,-0.025548073,-0.019256828,-0.0151062915,-0.011930467,-0.009276231,-0.00690548,-0.0048336135,-0.0028855593,-0.0011018463,0.0006889033,0.0024708952,0.004292521,0.0060800766,0.008169026,0.010457776,0.013039974,0.016077202,0.019618772,0.025423855,0.03566486,0.0006889033,2023-03-06,2023-03-01,0.0011338980081591,-0.0004449946833874276,0.0004449946833874276,1.9802026824307692e-07,1,1,0.038875602
r2_qqq_calendar,8,4,-0.036970757,-0.02499825,-0.01890629,-0.014900938,-0.011791022,-0.009206222,-0.0068585244,-0.0047992337,-0.0028325175,-0.0010525959,0.0007202155,0.0024887114,0.004286864,0.0060937167,0.008177869,0.010481886,0.013114989,0.016172165,0.019759988,0.025643237,0.035782665,0.0007202155,2023-03-07,2023-03-01,-0.0123415330922968,0.013061748587972603,0.013061748587972603,0.00017060927617540427,0,1,0.038666278
r2_qqq_calendar,8,5,-0.037308995,-0.0251562,-0.018883016,-0.014858736,-0.011765942,-0.009191624,-0.0068883635,-0.0048376517,-0.002865616,-0.0010782336,0.00070303003,0.0024790282,0.004313827,0.006109105,0.00821292,0.010522074,0.01311528,0.016134378,0.019727988,0.02548882,0.035699908,0.00070303003,2023-03-08,2023-03-01,0.0049816744576051,-0.004278644424568033,0.004278644424568033,1.8306798111887116e-05,1,1,0.038611002
r2_qqq_calendar,9,1,-0.037236888,-0.024413861,-0.01809472,-0.014068083,-0.011014516,-0.008492728,-0.0063027157,-0.004368016,-0.0025457514,-0.00090626616,0.0007137791,0.0023505967,0.00404674,0.0057195406,0.007705887,0.009866685,0.012350496,0.015295387,0.018833818,0.024655422,0.035901736,0.0007137791,2023-03-09,2023-03-08,-0.0174777454882048,0.018191524613567434,0.018191524613567434,0.00033093156776602974,0,1,0.03692854
r2_qqq_calendar,9,2,-0.037566084,-0.024661431,-0.01830908,-0.0142467255,-0.0111650955,-0.008651846,-0.0064226976,-0.0044910028,-0.0026396436,-0.0009919791,0.0006422991,0.002293279,0.003995508,0.005688366,0.007689352,0.009874465,0.012380611,0.01534831,0.018830612,0.024662938,0.035675634,0.0006422991,2023-03-10,2023-03-08,-0.0141430761934709,0.014785375321701561,0.014785375321701561,0.00021860732340358153,0,1,0.03713969
r2_qqq_calendar,9,3,-0.037693605,-0.024808474,-0.018363686,-0.014218059,-0.011105448,-0.00854791,-0.0062946873,-0.0043443963,-0.0025360694,-0.0009008757,0.0007152368,0.0023278426,0.0039996016,0.0056590266,0.00761361,0.009776983,0.012241048,0.015164936,0.018625814,0.02442596,0.035398472,0.0007152368,2023-03-13,2023-03-08,0.0073889910625397,-0.0066737542427248095,0.0066737542427248095,4.4538995692287395e-05,1,1,0.036989503
r2_qqq_calendar,9,4,-0.037058562,-0.024304457,-0.018041926,-0.014041538,-0.011002352,-0.00852255,-0.006303661,-0.00437558,-0.0025577294,-0.00092767255,0.00068182504,0.002296942,0.003961155,0.005642582,0.0075974423,0.009777916,0.012283836,0.015214919,0.018699203,0.024544515,0.03548214,0.00068182504,2023-03-14,2023-03-08,0.0227198468759511,-0.02203802183557715,0.02203802183557715,0.0004856744064253753,1,0,0.03674113
r2_qqq_calendar,9,5,-0.037095875,-0.024364047,-0.01801912,-0.014040604,-0.011045558,-0.008586687,-0.0064093377,-0.0044899313,-0.0026638934,-0.0010166996,0.00062008173,0.0022595644,0.0039777267,0.0056722774,0.007676753,0.009882971,0.012378684,0.015311347,0.018851418,0.024685035,0.03581728,0.00062008173,2023-03-15,2023-03-08,0.0052320206903445,-0.004611938960623222,0.004611938960623222,2.1269980976514405e-05,1,1,0.03687054
r2_qqq_calendar,10,1,-0.036828313,-0.025234792,-0.019431382,-0.0155615825,-0.012518101,-0.009923514,-0.007617791,-0.005543245,-0.0035615193,-0.0017598422,4.966116e-05,0.0018842834,0.0037537978,0.0055601373,0.007676676,0.00994267,0.012508138,0.015499938,0.019020364,0.024531983,0.03444239,4.966116e-05,2023-03-16,2023-03-15,0.0260194127605386,-0.02596975159950982,0.02596975159950982,0.0006744279981402428,1,0,0.038451746
r2_qqq_calendar,10,2,-0.037077088,-0.025300877,-0.019487144,-0.015640298,-0.012596574,-0.010036771,-0.007713183,-0.0056526577,-0.0036539896,-0.0018515729,-3.1811847e-05,0.001810367,0.0036917035,0.005541888,0.007711784,0.010054954,0.012718603,0.015844326,0.019449985,0.02513717,0.03504048,-3.1811847e-05,2023-03-17,2023-03-15,-0.0047370347383138,0.004705222891020516,0.004705222891020516,2.2139122454183464e-05,1,1,0.03893713
r2_qqq_calendar,10,3,-0.037254494,-0.025388302,-0.019469798,-0.015541844,-0.012488297,-0.009884628,-0.0075118053,-0.005400138,-0.0033918843,-0.0015443922,0.0003287145,0.0021940423,0.0041028354,0.0059656077,0.008135084,0.010493051,0.01314867,0.016264226,0.01990024,0.025658185,0.035888243,0.0003287145,2023-03-20,2023-03-15,0.0035424803903469,-0.003213765896684781,0.003213765896684781,1.0328291238694135e-05,1,1,0.039370038
r2_qqq_calendar,10,4,-0.03677717,-0.024958542,-0.019046238,-0.0151254535,-0.012040925,-0.009438268,-0.007040381,-0.004906072,-0.0028528522,-0.0009797701,0.0008985377,0.002765952,0.0046448503,0.0065167635,0.008655188,0.010992898,0.0136451265,0.016689803,0.020206256,0.02579426,0.035633087,0.0008985377,2023-03-21,2023-03-15,0.0141813144076155,-0.013282776715932924,0.013282776715932924,0.00017643215728532983,1,1,0.039252494
r2_qqq_calendar,10,5,-0.03632123,-0.024611851,-0.018649066,-0.014762847,-0.01170439,-0.009112049,-0.006766222,-0.004644848,-0.0025899718,-0.0007200304,0.0011423772,0.0029951343,0.0048868353,0.0067226766,0.008855888,0.011166209,0.013742352,0.016705345,0.02016811,0.025535757,0.035301037,0.0011423772,2023-03-22,2023-03-15,-0.0136914171817484,0.014833794331993411,0.014833794331993411,0.00022004145428387986,0,1,0.038817175
r2_qqq_calendar,11,1,-0.03564393,-0.023581635,-0.017583914,-0.013648822,-0.010618245,-0.008084394,-0.0058601047,-0.003885859,-0.002019895,-0.00034495554,0.0013137017,0.0029911348,0.004716058,0.0064093145,0.008414557,0.010577143,0.013061254,0.015989363,0.019492233,0.025119439,0.03532894,0.0013137017,2023-03-23,2023-03-22,0.0117884985240139,-0.01047479678634181,0.01047479678634181,0.00010972136771515669,1,1,0.037076145
r2_qqq_calendar,11,2,-0.036372513,-0.024128243,-0.018010698,-0.0140099665,-0.010915622,-0.008357282,-0.0060688565,-0.0040696287,-0.0021468864,-0.00043866428,0.0012538139,0.002963618,0.0047183237,0.006452725,0.008489807,0.010701799,0.013211221,0.01615677,0.019588033,0.02523512,0.03543554,0.0012538139,2023-03-24,2023-03-22,0.0036737147071858,-0.002419900852767105,0.002419900852767105,5.855920137222963e-06,1,1,0.03759873
r2_qqq_calendar,11,3,-0.036734674,-0.024627933,-0.018519018,-0.014489393,-0.0113969995,-0.008812797,-0.0064933826,-0.00445838,-0.0025502022,-0.00082028384,0.0009041659,0.0026205424,0.004396372,0.006149994,0.008207542,0.010470439,0.013035466,0.016070003,0.019652335,0.025553998,0.03615031,0.0009041659,2023-03-27,2023-03-22,-0.0068751671728668,0.007779333079698422,0.007779333079698422,6.051802316489013e-05,0,1,0.03817135
r2_qqq_calendar,11,4,-0.036113143,-0.024187222,-0.018291049,-0.0143993925,-0.011362692,-0.008827421,-0.0065098577,-0.0044681444,-0.0025185233,-0.000757961,0.0009927233,0.0027378174,0.004518142,0.006310844,0.00837796,0.010659563,0.013267182,0.016298197,0.01986708,0.025772462,0.03619186,0.0009927233,2023-03-28,2023-03-22,-0.0053255299509548,0.006318253225930815,0.006318253225930815,3.992032382698515e-05,0,1,0.038158126
r2_qqq_calendar,11,5,-0.036214463,-0.024296576,-0.018229853,-0.014311849,-0.011281002,-0.0087457085,-0.006473894,-0.004441203,-0.0024894923,-0.00072755484,0.0010172651,0.002758302,0.0045638457,0.0063404148,0.008419131,0.010696979,0.01325735,0.016225934,0.019781671,0.025520219,0.035926193,0.0010172651,2023-03-29,2023-03-22,0.0180695041814693,-0.017052239043252985,0.017052239043252985,0.00029077885638824146,1,1,0.038011525
r2_qqq_calendar,12,1,-0.030950364,-0.020086179,-0.014768755,-0.011323069,-0.008678738,-0.0064745294,-0.0045451825,-0.0028255547,-0.0011986755,0.00026285846,0.0017043242,0.0031634748,0.0046571954,0.0061180256,0.007843485,0.00969761,0.011811526,0.01428958,0.017234568,0.021914415,0.030726623,0.0017043242,2023-03-30,2023-03-29,0.0094208040587384,-0.007716479905486453,0.007716479905486453,5.954406213177622e-05,1,1,0.03200332
r2_qqq_calendar,12,2,-0.032688916,-0.021546975,-0.01610125,-0.012585887,-0.009873702,-0.0076314686,-0.005613079,-0.0038466176,-0.002130789,-0.000600329,0.000917861,0.0024528764,0.004017421,0.0055627604,0.007376512,0.009334388,0.011549456,0.014139911,0.017111624,0.021944031,0.030747237,0.000917861,2023-03-31,2023-03-29,0.0164941723763124,-0.015576311371021057,0.015576311371021057,0.00024262147592699987,1,1,0.033212874
r2_qqq_calendar,12,3,-0.033372466,-0.022289872,-0.016802516,-0.013193967,-0.010426543,-0.008109919,-0.0060363202,-0.0042116963,-0.0025000246,-0.00094659603,0.0006007628,0.0021510308,0.0037461622,0.005327135,0.0071752565,0.009198269,0.0114840055,0.014174069,0.017317953,0.022391913,0.031584553,0.0006007628,2023-04-03,2023-03-29,-0.0024333940319017,0.003034156813588781,0.003034156813588781,9.206107569447225e-06,0,1,0.03412047
r2_qqq_calendar,12,4,-0.03259402,-0.021838678,-0.016609985,-0.013158547,-0.010466224,-0.008218712,-0.0061611882,-0.0043454706,-0.0026039784,-0.0010304034,0.0005331562,0.0021011643,0.003695946,0.005297689,0.007139295,0.00916689,0.01147499,0.014141634,0.01725976,0.022341428,0.031421117,0.0005331562,2023-04-04,2023-03-29,-0.0033789779525106,0.003912134165861194,0.003912134165861194,1.530479373169846e-05,0,1,0.033869743
r2_qqq_calendar,12,5,-0.032812245,-0.021924043,-0.016459802,-0.012941517,-0.010232971,-0.007972188,-0.0059442855,-0.004127958,-0.0023749939,-0.0007839195,0.0008037939,0.0023951952,0.004045649,0.00565645,0.0075352853,0.009577525,0.011862629,0.014508526,0.017631177,0.022625843,0.031867914,0.0008037939,2023-04-05,2023-03-29,-0.0099217046698915,0.010725498566812479,0.010725498566812479,0.00011503631950669653,0,1,0.03409098
r2_qqq_calendar,13,1,-0.027075676,-0.017921273,-0.013409429,-0.010399158,-0.008011549,-0.005996284,-0.0041952366,-0.0025675106,-0.0010074262,0.00040337548,0.0018236049,0.0032594735,0.0047016824,0.0061007775,0.0077344743,0.009469132,0.01142597,0.013693892,0.016365021,0.020578811,0.028312018,0.0018236049,2023-04-06,2023-04-05,0.0067195768010278,-0.004895971879217471,0.004895971879217471,2.3970540642088257e-05,1,1,0.02977445
r2_qqq_calendar,13,2,-0.027289687,-0.018222226,-0.01370355,-0.010673088,-0.008257133,-0.0062213084,-0.004365434,-0.0027268785,-0.0011199329,0.00032712324,0.0017810924,0.003242129,0.004704113,0.006116804,0.0077449214,0.009481418,0.011398461,0.013610648,0.01614586,0.020265656,0.02790858,0.0017810924,2023-04-10,2023-04-05,-0.0005661991030468,0.002347291477632369,0.002347291477632369,5.5097772809655506e-06,0,1,0.02984941
r2_qqq_calendar,13,3,-0.028020814,-0.018894408,-0.014312466,-0.01120893,-0.008764346,-0.006686787,-0.0048038224,-0.0031360672,-0.0015563619,-0.00011176175,0.0013542516,0.0028176554,0.0042914134,0.0057166237,0.007358606,0.009136078,0.0111049535,0.013415648,0.016098391,0.020430706,0.028276429,0.0013542516,2023-04-11,2023-04-05,-0.0064381489962189,0.0077924006352050705,0.0077924006352050705,6.072150765954438e-05,0,1,0.030410856
r2_qqq_calendar,13,4,-0.027953282,-0.0188679,-0.014384644,-0.011363903,-0.0089585865,-0.006922664,-0.0050392845,-0.0033680056,-0.0017555335,-0.000281405,0.0012103721,0.00270493,0.0042002634,0.0056768875,0.0073414794,0.009158593,0.011192325,0.013515306,0.016212914,0.020557499,0.028285192,0.0012103721,2023-04-12,2023-04-05,-0.0088732423491183,0.010083614429213413,0.010083614429213413,0.00010167927995704093,0,1,0.030597558
r2_qqq_calendar,13,5,-0.028360965,-0.019156272,-0.014566507,-0.01153281,-0.009139976,-0.0071049966,-0.005254059,-0.0035791881,-0.0019478259,-0.00044710503,0.001076145,0.0026069828,0.00416044,0.005656657,0.007374478,0.00922625,0.011263102,0.013598333,0.016331881,0.02061882,0.028467989,0.001076145,2023-04-13,2023-04-05,0.0193929675084669,-0.018316822527268888,0.018316822527268888,0.000335505987495465,1,0,0.030898388
r2_qqq_calendar,14,1,-0.030348666,-0.019710952,-0.0145129105,-0.0111503415,-0.008555459,-0.006387737,-0.004491474,-0.0027950846,-0.0011842627,0.00027018905,0.0017189065,0.0031859518,0.004679447,0.006145686,0.007877387,0.009744671,0.011873699,0.014373378,0.017349336,0.022073977,0.030728865,0.0017189065,2023-04-14,2023-04-13,-0.0018816519287805,0.00360055838165981,0.00360055838165981,1.296402065974071e-05,0,1,0.031862248
r2_qqq_calendar,14,2,-0.031173483,-0.020562505,-0.015356176,-0.011980277,-0.009365382,-0.00719598,-0.0052448367,-0.0035340495,-0.0018692475,-0.00037742173,0.0011143093,0.0026169978,0.0041454304,0.005648327,0.0074116057,0.009313809,0.011463672,0.013981261,0.016876519,0.021600755,0.030133583,0.0011143093,2023-04-17,2023-04-13,0.0008471181588541,0.000267191140883115,0.000267191140883115,7.139110576642063e-08,1,1,0.032232694
r2_qqq_calendar,14,3,-0.031833686,-0.021130959,-0.015847653,-0.012398059,-0.009753054,-0.007540586,-0.0055661704,-0.0038264696,-0.0021900136,-0.0006975845,0.0008020543,0.0023030038,0.0038421636,0.005363548,0.0071392558,0.00908269,0.011272013,0.013856754,0.016872806,0.021746939,0.030449234,0.0008020543,2023-04-18,2023-04-13,6.280041075873191e-05,0.0007392538920081872,0.0007392538920081872,5.464963168492524e-07,1,1,0.03272046
r2_qqq_calendar,14,4,-0.03131964,-0.020768398,-0.015616576,-0.012247655,-0.0096426895,-0.0074861823,-0.0055282013,-0.00381262,-0.002176451,-0.0006934197,0.00078911823,0.0022842577,0.0038012199,0.005324333,0.0070684217,0.008993471,0.01118063,0.013716329,0.01668737,0.02152831,0.030137267,0.00078911823,2023-04-19,2023-04-13,-0.0004704163280929,0.0012595345602984102,0.0012595345602984102,1.5864273085861095e-06,0,1,0.032303948
r2_qqq_calendar,14,5,-0.031155488,-0.020748278,-0.015546526,-0.012196529,-0.009630482,-0.007495513,-0.00559065,-0.0038987095,-0.0022766923,-0.00080290704,0.0006828803,0.0021767048,0.003726915,0.005244171,0.007021097,0.008958255,0.0111342,0.013677206,0.016699348,0.021546403,0.030390792,0.0006828803,2023-04-20,2023-04-13,-0.0076538410755792,0.008336721362637852,0.008336721362637852,6.950092307826233e-05,0,1,0.032245874
r2_qqq_calendar,15,1,-0.022760434,-0.015023639,-0.011135034,-0.008617109,-0.006685831,-0.0050859842,-0.003688488,-0.0024466796,-0.0012727929,-0.00022929284,0.00079872145,0.0018389166,0.0029062827,0.0039599366,0.0052042413,0.006545304,0.008064074,0.009841552,0.011954356,0.015373541,0.02189369,0.00079872145,2023-04-21,2023-04-20,0.0010425101363159,-0.00024378868779756412,0.00024378868779756412,5.943292429805819e-08,1,1,0.02308939
r2_qqq_calendar,15,2,-0.023343341,-0.015573001,-0.011686249,-0.009163447,-0.0072222706,-0.005614787,-0.004166816,-0.002899717,-0.0016629633,-0.000565724,0.0005277295,0.0016377287,0.0027724274,0.0038928157,0.0052114776,0.0066323024,0.008229785,0.010105619,0.012264952,0.015779518,0.022353483,0.0005277295,2023-04-24,2023-04-20,-0.0020865018792049,0.0026142313923285315,0.0026142313923285315,6.8342057726359726e-06,0,1,0.0239512
r2_qqq_calendar,15,3,-0.02369508,-0.015864016,-0.011875968,-0.009282928,-0.0072987066,-0.0056462535,-0.004174219,-0.0028862685,-0.0016797321,-0.0005913685,0.00049155985,0.0015828902,0.0027071533,0.0038188007,0.005127627,0.0065637324,0.00817458,0.010085026,0.01230919,0.01590696,0.022634855,0.00049155985,2023-04-25,2023-04-20,-0.0190439519412711,0.01953551179597971,0.01953551179597971,0.00038163622113086246,0,0,0.024185158
r2_qqq_calendar,15,4,-0.023759842,-0.015831158,-0.011848589,-0.009260165,-0.0072794547,-0.0056537306,-0.0041842647,-0.0029094052,-0.0016970233,-0.000611379,0.00046814006,0.001554342,0.0026633567,0.0037870547,0.0050727604,0.0064924085,0.008106211,0.009985264,0.012179108,0.015800565,0.022411017,0.00046814006,2023-04-26,2023-04-20,0.0060463247687046,-0.00557818470815686,0.00557818470815686,3.1116144638315036e-05,1,1,0.024027698
r2_qqq_calendar,15,5,-0.023598023,-0.015834719,-0.011883978,-0.009360243,-0.007436511,-0.005834155,-0.0044027655,-0.0031306148,-0.0019121348,-0.0008106183,0.00029028696,0.0013941436,0.0025406964,0.0036658042,0.004988114,0.0064345417,0.008056378,0.0099655315,0.012261406,0.015976418,0.02290554,0.00029028696,2023-04-27,2023-04-20,0.0268277234258742,-0.026537436465793936,0.026537436465793936,0.0007042355341760497,1,0,0.024145383
r2_qqq_calendar,16,1,-0.028707562,-0.018856592,-0.013957224,-0.010739392,-0.008214422,-0.0060906326,-0.00420172,-0.0024852632,-0.00082916056,0.00068067474,0.002214729,0.0037740027,0.0053404425,0.006867795,0.008652384,0.010573407,0.012752295,0.015301305,0.018304916,0.023017587,0.03174266,0.002214729,2023-04-28,2023-04-27,0.0068750159256159,-0.004660286838188641,0.004660286838188641,2.1718273414194284e-05,1,1,0.03226214
r2_qqq_calendar,16,2,-0.03019233,-0.02030947,-0.01537217,-0.012131121,-0.009566577,-0.007421194,-0.0054634227,-0.0037260817,-0.0020042341,-0.00044722948,0.0011337268,0.002739189,0.0043499265,0.005923025,0.007746976,0.009705853,0.011897829,0.0144394385,0.017331127,0.022019994,0.030559586,0.0011337268,2023-05-01,2023-04-27,-0.0011474643211766,0.0022811911145179387,0.0022811911145179387,5.203832900955595e-06,0,1,0.032703295
r2_qqq_calendar,16,3,-0.030392647,-0.02060382,-0.015737135,-0.012540637,-0.010037555,-0.007908885,-0.005972467,-0.0042390963,-0.0025801545,-0.0010494346,0.0005200242,0.0021088205,0.0037129093,0.0052941004,0.0071211956,0.009096078,0.011301784,0.013885182,0.016858887,0.021634115,0.030236414,0.0005200242,2023-05-02,2023-04-27,-0.0087599178883239,0.00927994210412645,0.00927994210412645,8.611732545593884e-05,0,1,0.032596022
r2_qqq_calendar,16,4,-0.029522069,-0.020157155,-0.015615999,-0.012611353,-0.010209387,-0.008165997,-0.0062608076,-0.00456169,-0.0029068855,-0.0013820564,0.0001652394,0.0017409573,0.0033182616,0.0048974636,0.006686818,0.008648936,0.010869265,0.013431956,0.016418254,0.021251054,0.029827353,0.0001652394,2023-05-03,2023-04-27,-0.0065654694599192,0.006730708858403318,0.006730708858403318,4.53024417365889e-05,0,1,0.03203425
r2_qqq_calendar,16,5,-0.029422272,-0.019993417,-0.015305264,-0.012263029,-0.009861559,-0.007827807,-0.0059846924,-0.0043235496,-0.002706007,-0.0012183066,0.00030884077,0.0018528597,0.0034409964,0.0049837423,0.006772945,0.008708838,0.010862305,0.013375369,0.016330464,0.021020822,0.029604966,0.00030884077,2023-05-04,2023-04-27,-0.0035360465834588,0.0038448873518705557,0.0038448873518705557,1.4783158748574174e-05,0,1,0.031635728
r2_qqq_calendar,17,1,-0.022841753,-0.014522221,-0.010612802,-0.008167462,-0.0063043623,-0.0047635166,-0.003415487,-0.002197986,-0.001025933,2.4318892e-05,0.0010874211,0.0021677038,0.0032477062,0.0043018083,0.0055282433,0.006851354,0.008338978,0.0100932615,0.012184594,0.01562226,0.02224257,0.0010874211,2023-05-05,2023-05-04,0.0210316998006338,-0.019944278714948308,0.019944278714948308,0.00039777425345954013,1,0,0.022797395
r2_qqq_calendar,17,2,-0.022644365,-0.014386132,-0.010516383,-0.008079127,-0.006217541,-0.004686555,-0.0033114336,-0.0021029708,-0.00091258786,0.00015436967,0.0012381198,0.002336252,0.0034324878,0.004500565,0.005742742,0.007072214,0.0085548675,0.010308124,0.012340921,0.015739575,0.022317227,0.0012381198,2023-05-08,2023-05-04,0.0024743442720162,-0.0012362244835483161,0.0012362244835483161,1.528250973724301e-06,1,1,0.022857305
r2_qqq_calendar,17,3,-0.022872485,-0.014546501,-0.010651455,-0.00822325,-0.0063865557,-0.0048627895,-0.003498652,-0.0022934347,-0.0011533852,-0.00011183722,0.00095502153,0.0020342479,0.003120008,0.004182755,0.005419122,0.0067741396,0.008288071,0.010109171,0.012249849,0.015755348,0.022492157,0.00095502153,2023-05-09,2023-05-04,-0.0063534401697938,0.007308461702511892,0.007308461702511892,5.3413612457083026e-05,0,1,0.022901304
r2_qqq_calendar,17,4,-0.023631873,-0.015030264,-0.010986389,-0.008469958,-0.0065698447,-0.005014249,-0.003606084,-0.0023870918,-0.0012226014,-0.00016375455,0.0009093632,0.0019939286,0.0030729999,0.0041565406,0.0053753466,0.00671899,0.008239092,0.010021251,0.012116594,0.01559261,0.022143736,0.0009093632,2023-05-10,2023-05-04,0.0108230081340718,-0.009913644923404876,0.009913644923404876,9.828035566735127e-05,1,1,0.023102984
r2_qqq_calendar,17,5,-0.023995599,-0.015475078,-0.011481315,-0.009029434,-0.007169307,-0.005617953,-0.004234995,-0.002994692,-0.0017935125,-0.00068280625,0.0004590751,0.0016084416,0.0027666292,0.0038913682,0.005198417,0.006616561,0.008202176,0.010081919,0.012341986,0.015997967,0.022935016,0.0004590751,2023-05-11,2023-05-04,0.0032548086431355,-0.0027957335526601194,0.0027957335526601194,7.816126097469573e-06,1,1,0.023823302
r2_qqq_calendar,18,1,-0.020011902,-0.012948511,-0.009470341,-0.007267824,-0.0055681313,-0.004170116,-0.0029483302,-0.0018662974,-0.0008352919,7.7936755e-05,0.0009808673,0.0019000969,0.0028332477,0.0037543487,0.004832372,0.0059956643,0.00730994,0.008857951,0.010699841,0.013745065,0.019712726,0.0009808673,2023-05-12,2023-05-11,-0.0035931080239036,0.004573975329674116,0.004573975329674116,2.092125031646744e-05,0,1,0.020170182
r2_qqq_calendar,18,2,-0.020290302,-0.0131770205,-0.009653774,-0.0074002407,-0.0056565623,-0.004228741,-0.002946726,-0.0018442892,-0.00076897646,0.00017304164,0.0011085747,0.002058054,0.0030160348,0.0039640064,0.005070341,0.0062644463,0.0075933076,0.009162723,0.01098951,0.014036343,0.019983876,0.0011085747,2023-05-15,2023-05-11,0.0054001509528436,-0.00429157627185958,0.00429157627185958,1.8417626897188173e-05,1,1,0.020643285
r2_qqq_calendar,18,3,-0.021097215,-0.013755754,-0.010121752,-0.007793823,-0.0060081137,-0.0045288545,-0.0032162839,-0.0020734,-0.0010001936,-3.5019482e-05,0.0009319579,0.0019053754,0.0028996833,0.0038877649,0.0050418414,0.006314829,0.0077357595,0.009439482,0.011431872,0.014676835,0.020866577,0.0009319579,2023-05-16,2023-05-11,0.0011317018770057,-0.00019974396577135097,0.00019974396577135097,3.9897651862066626e-08,1,1,0.021553624
r2_qqq_calendar,18,4,-0.021644989,-0.014152311,-0.010458122,-0.008078353,-0.0062517426,-0.0047571766,-0.0034037156,-0.0022351663,-0.0011192792,-0.00011535454,0.0008964231,0.0019157326,0.0029409435,0.0039735334,0.00514225,0.0064370194,0.007897763,0.009611658,0.011614773,0.014917916,0.021071075,0.0008964231,2023-05-17,2023-05-11,0.0120316188721409,-0.011135195748363988,0.011135195748363988,0.00012399258435438342,1,0,0.022072896
r2_qqq_calendar,18,5,-0.02133173,-0.014030152,-0.010388948,-0.008069399,-0.0062956656,-0.0048212353,-0.0035044278,-0.002344231,-0.0012307821,-0.00022740064,0.0007882967,0.0018051297,0.0028437178,0.0038586843,0.0050493414,0.0063536055,0.007808782,0.009534267,0.011605598,0.014983634,0.021407317,0.0007882967,2023-05-18,2023-05-11,0.0184027146388466,-0.017614417949567224,0.017614417949567224,0.000310267719702036,1,0,0.021994546
r2_qqq_calendar,19,1,-0.020503893,-0.013405706,-0.009844399,-0.0075643994,-0.0057874755,-0.0043104365,-0.0030049568,-0.0018224159,-0.00067791966,0.00035432348,0.001399918,0.0024608138,0.0035186731,0.0045392634,0.005712163,0.006955112,0.0083280485,0.009923789,0.011786037,0.0147420745,0.020474443,0.001399918,2023-05-19,2023-05-18,-0.0022558587156006,0.003655776709295144,0.003655776709295144,1.336470334822483e-05,0,1,0.021630436
r2_qqq_calendar,19,2,-0.021126118,-0.013877186,-0.010276783,-0.00796781,-0.0061694277,-0.004687404,-0.0033476849,-0.0021743877,-0.0010119131,2.4580215e-05,0.0010860746,0.002155747,0.0032221833,0.004259509,0.0054566297,0.0067337095,0.008150042,0.009801275,0.0116935,0.014726583,0.020440977,0.0010860746,2023-05-22,2023-05-18,0.003352598639055,-0.0022665240129817587,0.0022665240129817587,5.137131101422936e-06,1,1,0.021970283
r2_qqq_calendar,19,3,-0.021125507,-0.013805416,-0.010138964,-0.0077947862,-0.0059860484,-0.0044786786,-0.0031272648,-0.0019320712,-0.0007910041,0.0002460481,0.0013116368,0.0023777618,0.0034445815,0.0044797827,0.005667166,0.0069456673,0.008355407,0.010009948,0.011920755,0.014953298,0.020778567,0.0013116368,2023-05-23,2023-05-18,-0.0127575831205775,0.014069219883271025,0.014069219883271025,0.00019794294812382874,0,0,0.02205972
r2_qqq_calendar,19,4,-0.02120025,-0.013744854,-0.009953056,-0.0075184545,-0.0056547183,-0.004130508,-0.0027473653,-0.0015546998,-0.00041750504,0.000610415,0.0016551011,0.0027035533,0.0037371947,0.0047646817,0.0059074447,0.0071527795,0.008540523,0.010139568,0.011972048,0.014914636,0.020537872,0.0016551011,2023-05-24,2023-05-18,-0.0051424875099382,0.0067975885875693155,0.0067975885875693155,4.62072106058526e-05,0,1,0.021925105
r2_qqq_calendar,19,5,-0.020247528,-0.013246598,-0.009664161,-0.0073677087,-0.0055895057,-0.0041059623,-0.0027812677,-0.00160475,-0.00047549512,0.0005498457,0.0015972939,0.0026409405,0.0036835643,0.004684078,0.0058365143,0.007078597,0.00845047,0.010052011,0.011940889,0.014928763,0.020760372,0.0015972939,2023-05-25,2023-05-18,0.0240414859954386,-0.022444192110013868,0.022444192110013868,0.0005037417594712087,1,0,0.02160505
r2_qqq_calendar,20,1,-0.021216244,-0.012922251,-0.008838793,-0.006218294,-0.0042089154,-0.0025566092,-0.0011254426,0.00015586808,0.0013678133,0.002442696,0.0035235088,0.0046007647,0.00567474,0.0067349,0.007982301,0.009326337,0.010856382,0.012658982,0.014808517,0.018165616,0.024896031,0.0035235088,2023-05-26,2023-05-25,0.0252296513550687,-0.021706142569776193,0.021706142569776193,0.0004711566252594502,1,0,0.02364731
r2_qqq_calendar,20,2,-0.022155581,-0.01429984,-0.010489677,-0.008043263,-0.0061423457,-0.004567335,-0.0031400607,-0.0018788785,-0.00062357984,0.00050331856,0.0016480841,0.002803556,0.003958493,0.005085052,0.006394435,0.007805604,0.009380199,0.011216247,0.013316,0.016715275,0.023378927,0.0016480841,2023-05-30,2023-05-25,0.0045246532534874,-0.002876569109379403,0.002876569109379403,8.274649841035811e-06,1,1,0.023805678
r2_qqq_calendar,20,3,-0.022630187,-0.014758591,-0.010940768,-0.008487019,-0.0065928902,-0.00500386,-0.0035800345,-0.0023126556,-0.0011072065,-2.3617758e-08,0.0011312697,0.002270337,0.0034158882,0.004544578,0.0058458215,0.007260762,0.008832055,0.010688845,0.012853468,0.016314004,0.023095198,0.0011312697,2023-05-31,2023-05-25,-0.0057024013032606,0.006833671034819459,0.006833671034819459,4.669905981213046e-05,0,1,0.023794236
r2_qqq_calendar,20,4,-0.02251554,-0.0147385625,-0.011003878,-0.008607074,-0.006743875,-0.005191209,-0.003761332,-0.0025100869,-0.001305028,-0.00019997515,0.0009224473,0.0020620807,0.0031913808,0.0043198112,0.005588957,0.0069789486,0.008540855,0.010352564,0.012467006,0.015887382,0.022539562,0.0009224473,2023-06-01,2023-05-25,0.0114859799462648,-0.010563532642954763,0.010563532642954763,0.00011158822189877083,1,1,0.023470884
r2_qqq_calendar,20,5,-0.02169353,-0.014186053,-0.010556232,-0.008234496,-0.0064235744,-0.0048960703,-0.0035223868,-0.0022963395,-0.0011114378,-2.5114961e-05,0.0010862071,0.0022077002,0.0033470609,0.004451793,0.0057363776,0.007132226,0.008698377,0.010544577,0.012734384,0.016212275,0.023095554,0.0010862071,2023-06-02,2023-05-25,0.0074717597119565,-0.00638555260524702,0.00638555260524702,4.077528207437701e-05,1,1,0.023290616
r2_qqq_calendar,21,1,-0.021473462,-0.014017211,-0.010225957,-0.0077905445,-0.0059191217,-0.0043574306,-0.0029822385,-0.0017503717,-0.00057235826,0.0004778346,0.0015261603,0.0025844993,0.0036641848,0.0047266483,0.0059690257,0.0073031895,0.008806469,0.01054735,0.012583337,0.015765453,0.021715676,0.0015261603,2023-06-05,2023-06-02,0.0007045504264739,0.0008216098556089557,0.0008216098556089557,6.75042754833769e-07,1,1,0.022809293
r2_qqq_calendar,21,2,-0.021809174,-0.014299102,-0.010527193,-0.008097914,-0.006228973,-0.0046791155,-0.0032814404,-0.0020565842,-0.0008594777,0.00020078346,0.0012672411,0.0023495061,0.003451464,0.004539108,0.005814685,0.0071894648,0.008731491,0.010527537,0.012575566,0.015810993,0.021694502,0.0012672411,2023-06-06,2023-06-02,-0.0001691905428187,0.0014364316240415918,0.0014364316240415918,2.0633358105467647e-06,0,1,0.023102758
r2_qqq_calendar,21,3,-0.022415787,-0.014785984,-0.01089489,-0.008397858,-0.006487411,-0.0048896843,-0.0034586783,-0.002196962,-0.0010083056,6.6629196e-05,0.0011520009,0.0022380862,0.003356955,0.0044614226,0.005748385,0.0071543376,0.008723165,0.010568564,0.012700228,0.016049182,0.022183862,0.0011520009,2023-06-07,2023-06-02,-0.0171107318366459,0.018262732692300377,0.018262732692300377,0.000333527405390417,0,0,0.023595117
r2_qqq_calendar,21,4,-0.02236896,-0.014644075,-0.010753586,-0.008251225,-0.006329531,-0.004738693,-0.0032861317,-0.0020206834,-0.0008098886,0.0002846703,0.0013849408,0.0024952795,0.00361197,0.0047378284,0.006014243,0.0074113985,0.00898644,0.010793037,0.0128550455,0.016124269,0.022024527,0.0013849408,2023-06-08,2023-06-02,0.0123367327936661,-0.010951791980370556,0.010951791980370556,0.00011994174758130882,1,1,0.023608632
r2_qqq_calendar,21,5,-0.022027314,-0.014484646,-0.010680937,-0.008259159,-0.0063854437,-0.004806298,-0.0033859033,-0.0021175335,-0.00089135277,0.00022773951,0.0013511169,0.0024810901,0.0036325422,0.004758859,0.0060702697,0.007490184,0.00906502,0.01088058,0.012987565,0.016263124,0.022358421,0.0013511169,2023-06-09,2023-06-02,0.0038155301771962,-0.0024644132535808637,0.0024644132535808637,6.073332684425019e-06,1,1,0.023668502
r2_qqq_calendar,22,1,-0.0211965,-0.013386446,-0.009684755,-0.007349681,-0.0055636168,-0.004089888,-0.0027941924,-0.0016350931,-0.000528078,0.00046492732,0.0014569199,0.002461172,0.0034713459,0.0044642054,0.0056231534,0.006867961,0.008278175,0.009944831,0.0119316345,0.015198742,0.02163094,0.0014569199,2023-06-12,2023-06-09,0.0167558990218552,-0.01529897908073535,0.01529897908073535,0.00023405876091277784,1,0,0.021616388
r2_qqq_calendar,22,2,-0.021425989,-0.013645977,-0.01001011,-0.0077195764,-0.005963414,-0.0045221066,-0.0032213232,-0.002088623,-0.0009767595,1.5808953e-05,0.0010201146,0.0020411867,0.003071166,0.0040881447,0.0052792896,0.0065690037,0.008018717,0.009744179,0.0117540965,0.015099366,0.021526752,0.0010201146,2023-06-13,2023-06-09,0.0076545720961307,-0.006634457460082025,0.006634457460082025,4.401602578963804e-05,1,1,0.021764208
r2_qqq_calendar,22,3,-0.021581834,-0.013705862,-0.010013692,-0.007701426,-0.0059384936,-0.004471763,-0.0031589596,-0.0020006704,-0.0009036674,9.617151e-05,0.0011131656,0.0021362617,0.003170193,0.0041873585,0.005367268,0.0066575725,0.008101789,0.009842357,0.011891362,0.0152924275,0.021948254,0.0011131656,2023-06-14,2023-06-09,0.0072412842753781,-0.006128118639762513,0.006128118639762513,3.7553838063004754e-05,1,1,0.021905053
r2_qqq_calendar,22,4,-0.021864679,-0.013762052,-0.009939822,-0.007549934,-0.0057313554,-0.004249363,-0.0029107796,-0.0017551574,-0.00065072917,0.00034461526,0.0013524079,0.0023749045,0.0033968736,0.004420015,0.0055775624,0.006852284,0.008298066,0.010000731,0.012001167,0.015348833,0.021734456,0.0013524079,2023-06-15,2023-06-09,0.0118453596174816,-0.010492951764362525,0.010492951764362525,0.00011010203672923863,1,1,0.02194099
r2_qqq_calendar,22,5,-0.021104425,-0.013336117,-0.00967239,-0.0073887836,-0.005638878,-0.0041805664,-0.0028737239,-0.0017192976,-0.0006097597,0.00039430894,0.001414717,0.0024376314,0.0034694995,0.0044750944,0.005642674,0.0069220783,0.008354784,0.0100645125,0.012129175,0.015547186,0.022191493,0.001414717,2023-06-16,2023-06-09,-0.0063128088774829,0.007727525819718728,0.007727525819718728,5.9714655294419596e-05,0,1,0.021801565
r2_qqq_calendar,23,1,-0.021062883,-0.013850165,-0.010002632,-0.0075427108,-0.005670225,-0.0041236933,-0.0027574843,-0.0015368824,-0.00036559688,0.00068210997,0.0017307425,0.0027871537,0.0038436523,0.0048770355,0.006071803,0.0073397523,0.008757743,0.010400689,0.01231937,0.015355241,0.021096526,0.0017307425,2023-06-20,2023-06-16,-0.0014325067080124,0.003163249223077176,0.003163249223077176,1.0006145647298357e-05,0,1,0.022322003
r2_qqq_calendar,23,2,-0.02140633,-0.014029645,-0.010165339,-0.007684849,-0.005792727,-0.0042433436,-0.0028464969,-0.0016309486,-0.00043640597,0.00062504783,0.0016943109,0.0027746437,0.0038551595,0.0049097883,0.006124853,0.007424213,0.008860305,0.010520757,0.012403473,0.01543138,0.021077605,0.0016943109,2023-06-21,2023-06-16,-0.0137214581073898,0.015415769029565447,0.015415769029565447,0.0002376459347729092,0,0,0.022568813
r2_qqq_calendar,23,3,-0.021282736,-0.014013283,-0.010143723,-0.0076784277,-0.0058009373,-0.0042419014,-0.0028484121,-0.0016275732,-0.00047560732,0.0005669949,0.0016274166,0.002687675,0.003764014,0.004824178,0.0060478626,0.00738443,0.008856311,0.010580073,0.012551184,0.015667418,0.021432921,0.0016274166,2023-06-22,2023-06-16,0.011729675160402,-0.010102258577623903,0.010102258577623903,0.00010205562836917573,1,1,0.022694908
r2_qqq_calendar,23,4,-0.02095548,-0.013642891,-0.009792497,-0.0073570204,-0.005490104,-0.003955071,-0.002560445,-0.0013558934,-0.00020968556,0.0008178225,0.0018483611,0.0028831556,0.00391082,0.004938799,0.0060930876,0.007355818,0.008766448,0.010389701,0.012252222,0.015265677,0.020813221,0.0018483611,2023-06-23,2023-06-16,-0.0099627606043514,0.011811121710009514,0.011811121710009514,0.00013950259604865806,0,0,0.022044718
r2_qqq_calendar,23,5,-0.020026224,-0.013098951,-0.009473332,-0.007194227,-0.0054282616,-0.003943282,-0.0026063977,-0.0014213532,-0.00028235902,0.00074648065,0.0017822068,0.0028131746,0.0038504007,0.004858047,0.0060204263,0.007282063,0.0086778,0.010298337,0.012219369,0.01527249,0.020999536,0.0017822068,2023-06-26,2023-06-16,-0.0134962083103563,0.015278415128817719,0.015278415128817719,0.00023342996884848614,0,0,0.0216927
r2_qqq_calendar,24,1,-0.022512602,-0.014738992,-0.010762479,-0.008171191,-0.00616141,-0.0044815047,-0.0029902994,-0.0016441371,-0.00035653665,0.0008074859,0.0019785399,0.0031612183,0.0043390323,0.0054738694,0.00678794,0.008176605,0.009728148,0.011528126,0.013647823,0.016981326,0.023187416,0.0019785399,2023-06-27,2023-06-26,0.0170480945144602,-0.015069554652721518,0.015069554652721518,0.00022709147743136076,1,0,0.024410302
r2_qqq_calendar,24,2,-0.022533307,-0.014784899,-0.010868881,-0.008301405,-0.0062956484,-0.004622888,-0.0031004394,-0.0017521488,-0.00042399424,0.00077336887,0.0019821485,0.0032045755,0.0044197626,0.0055924845,0.00693713,0.008365243,0.009937535,0.01175398,0.013821836,0.017185405,0.02338001,0.0019821485,2023-06-28,2023-06-26,0.0019496425274241,3.250597646057315e-05,3.250597646057315e-05,1.056638505655336e-09,1,1,0.024690717
r2_qqq_calendar,24,3,-0.022201909,-0.0145227965,-0.010608357,-0.008041979,-0.006046576,-0.0043622474,-0.0028402396,-0.0014917635,-0.00021849258,0.0009417399,0.0021147574,0.0032845202,0.004449346,0.0055737044,0.006858333,0.008254855,0.009797043,0.011614023,0.013726568,0.017140528,0.023421342,0.0021147574,2023-06-29,2023-06-26,-0.0020047757929046,0.004119533222712978,0.004119533222712978,1.6970553973035974e-05,0,1,0.024334926
r2_qqq_calendar,24,4,-0.022687476,-0.014785342,-0.010742392,-0.008120028,-0.006093606,-0.0044154916,-0.0028819514,-0.0015436063,-0.00026889486,0.0008871193,0.0020526368,0.0032215582,0.004383172,0.005527733,0.00680873,0.008202303,0.00975324,0.011535457,0.013595311,0.016923994,0.022953853,0.0020526368,2023-06-30,2023-06-26,0.0153026439258629,-0.013250007108765236,0.013250007108765236,0.00017556268838232929,1,0,0.024337703
r2_qqq_calendar,24,5,-0.022243334,-0.014701376,-0.010873945,-0.008412315,-0.006491009,-0.004855992,-0.003375929,-0.002033689,-0.0007333341,0.0004583364,0.0016747672,0.0028878965,0.004106702,0.0052710087,0.0066044894,0.008034804,0.009604826,0.011411376,0.013546992,0.016925251,0.023146484,0.0016747672,2023-07-03,2023-06-26,0.0023520286544612,-0.0006772614200985382,0.0006772614200985382,4.586830311538886e-07,1,1,0.024420938
r2_qqq_calendar,25,1,-0.021064153,-0.013115721,-0.009263329,-0.0068999305,-0.0051257485,-0.0036909138,-0.002452916,-0.0013622756,-0.00032405858,0.000588084,0.001498939,0.0024201227,0.0033522956,0.0042812605,0.005367235,0.006544704,0.007876905,0.009456187,0.011347088,0.014510812,0.020815339,0.001498939,2023-07-05,2023-07-03,-2.6749910601002063e-05,0.0015256889143963875,0.0015256889143963875,2.327726663512027e-06,0,1,0.020610418
r2_qqq_calendar,25,2,-0.021003583,-0.013031258,-0.009184806,-0.006796011,-0.0050026365,-0.003560772,-0.0022914396,-0.0012051362,-0.00014820464,0.00076915364,0.001687844,0.0026150541,0.0035498585,0.00447705,0.0055559683,0.006726523,0.008045746,0.009614666,0.0114563,0.014562342,0.020751752,0.001687844,2023-07-06,2023-07-03,-0.0076450088604561,0.00933285291150426,0.00933285291150426,8.710214346777354e-05,0,1,0.020641105
r2_qqq_calendar,25,3,-0.021293582,-0.013188274,-0.009274618,-0.0068653706,-0.005065801,-0.0036042966,-0.0023263467,-0.0012293374,-0.00020711655,0.0007090316,0.0016327268,0.002554973,0.0034907109,0.004420307,0.005503776,0.006702173,0.008052199,0.009693822,0.011639257,0.014875118,0.021305043,0.0016327268,2023-07-07,2023-07-03,-0.0033255356303529,0.00495826238162081,0.00495826238162081,2.458436584499607e-05,0,1,0.020913875
r2_qqq_calendar,25,4,-0.021737559,-0.013399763,-0.009378227,-0.006904054,-0.005059278,-0.003582509,-0.002267565,-0.0011615012,-0.0001224017,0.00080072304,0.001725638,0.0026546859,0.0035835353,0.00453132,0.005603336,0.0067996867,0.0081664985,0.009796052,0.011713376,0.014942405,0.021181364,0.001725638,2023-07-10,2023-07-03,0.0003273731723106,0.0013982648801380304,0.0013982648801380304,1.9551446750274202e-06,1,1,0.021091603
r2_qqq_calendar,25,5,-0.021153336,-0.01314085,-0.009304378,-0.00694619,-0.00516511,-0.003702361,-0.0024151711,-0.0012906421,-0.00021984147,0.000741886,0.0017082796,0.0026678324,0.0036336584,0.0045806263,0.0056931297,0.0069227004,0.008320253,0.010004031,0.012048837,0.015420712,0.022001468,0.0017082796,2023-07-11,2023-07-03,0.0049285637019557,-0.00322028410531404,0.00322028410531404,1.0370229718938247e-05,1,1,0.021353215
r2_qqq_calendar,26,1,-0.017425237,-0.010965412,-0.00785475,-0.0058802115,-0.0043424545,-0.0030705337,-0.0019546673,-0.00095369277,4.6985006e-06,0.00085359655,0.0017032521,0.0025598258,0.0034035759,0.0042262254,0.0051790453,0.006196656,0.0073413043,0.008699674,0.010325659,0.013003511,0.018179419,0.0017032521,2023-07-12,2023-07-11,0.0125509115297961,-0.010847659445242859,0.010847659445242859,0.00011767171543996661,1,0,0.01818041
r2_qqq_calendar,26,2,-0.017609073,-0.011166611,-0.008094163,-0.006136025,-0.004603051,-0.003337202,-0.0021901184,-0.0011925547,-0.00020425445,0.0006725325,0.0015628018,0.0024575845,0.003341293,0.004201819,0.005190929,0.006245998,0.00741299,0.008799349,0.010402471,0.013098337,0.018304795,0.0015628018,2023-07-13,2023-07-11,0.0168359401762764,-0.01527313840447916,0.01527313840447916,0.00023326875672237624,1,0,0.018496633
r2_qqq_calendar,26,3,-0.018039646,-0.01147119,-0.008354263,-0.0063811615,-0.0048522153,-0.003574174,-0.0024232708,-0.0014071746,-0.00043711875,0.00044920255,0.001358424,0.002270884,0.003175307,0.0040571047,0.0050657,0.0061584455,0.007363899,0.008812744,0.010504207,0.013299289,0.018662507,0.001358424,2023-07-14,2023-07-11,-0.0002109015467391,0.0015693255108595477,0.0015693255108595477,2.4627825590345804e-06,0,1,0.01885847
r2_qqq_calendar,26,4,-0.018253163,-0.011571161,-0.0083453795,-0.006295994,-0.0047080945,-0.003408298,-0.0022260968,-0.0012043996,-0.00023170198,0.00064667687,0.0015319994,0.0024238308,0.0032983746,0.0041714567,0.0051497654,0.006227736,0.007444145,0.008887641,0.010576923,0.0133898165,0.018616298,0.0015319994,2023-07-17,2023-07-11,0.0092953861151,-0.007763386673304949,0.007763386673304949,6.027017263924888e-05,1,1,0.018922303
r2_qqq_calendar,26,5,-0.01785739,-0.011414847,-0.008282528,-0.0063023805,-0.00476796,-0.0034796582,-0.0023241937,-0.0012980476,-0.00031053304,0.0005821507,0.0014999995,0.0024146666,0.0033240083,0.0042062327,0.005220686,0.006333246,0.00758439,0.009085435,0.010898022,0.0138511155,0.019419067,0.0014999995,2023-07-18,2023-07-11,0.0081472340462976,-0.00664723449892037,0.00664723449892037,4.418572648363715e-05,1,1,0.019180551
r2_qqq_calendar,27,1,-0.018588722,-0.011985584,-0.008740587,-0.006680655,-0.0050810156,-0.003755057,-0.002589375,-0.0015405789,-0.00052302,0.000381105,0.0012988877,0.0022301702,0.0031520994,0.0040463167,0.005075377,0.0061709182,0.0073902127,0.008820544,0.010504248,0.013215185,0.018505128,0.0012988877,2023-07-19,2023-07-18,-0.0002332234596016,0.0015321111147405695,0.0015321111147405695,2.3473644679115905e-06,0,1,0.019244835
r2_qqq_calendar,27,2,-0.018798327,-0.012152738,-0.008922364,-0.006857094,-0.0052459775,-0.0039208247,-0.0027249092,-0.0016839451,-0.00064822927,0.0002657048,0.0012024306,0.0021442105,0.0030809399,0.0039942493,0.005043494,0.0061638355,0.0074140397,0.008887942,0.010576385,0.013314348,0.018595459,0.0012024306,2023-07-20,2023-07-18,-0.0233218944619509,0.024524325038036945,0.024524325038036945,0.0006014425185712858,0,0,0.019498749
r2_qqq_calendar,27,3,-0.01876506,-0.011995217,-0.008696659,-0.0066061094,-0.004996061,-0.0036549487,-0.0024561554,-0.0014071852,-0.00041338237,0.00048566377,0.0014099783,0.0023350595,0.0032617701,0.0041662655,0.0052019507,0.0063235033,0.0075572273,0.0090227425,0.010717281,0.013427698,0.01869554,0.0014099783,2023-07-21,2023-07-18,-0.0030036478442139,0.004413626100774762,0.004413626100774762,1.948009535744023e-05,0,1,0.01941394
r2_qqq_calendar,27,4,-0.018711086,-0.011935094,-0.008605074,-0.0064824307,-0.0048429733,-0.0034990616,-0.0022743326,-0.0012233164,-0.00021885532,0.000682445,0.0015921523,0.0025062626,0.0033979318,0.004294379,0.0052880533,0.006378064,0.0076021003,0.009034601,0.010685308,0.013385952,0.018602826,0.0015921523,2023-07-24,2023-07-18,0.001595926555765,-3.774269444075133e-06,3.774269444075133e-06,1.4245109836479211e-11,1,1,0.019290382
r2_qqq_calendar,27,5,-0.018313365,-0.01184152,-0.008620369,-0.0065778173,-0.00498799,-0.0036586786,-0.0024684246,-0.0014175593,-0.00040859712,0.00050279475,0.0014302821,0.0023537,0.0032697371,0.004160419,0.005187722,0.006306344,0.007558757,0.009046316,0.01081499,0.013651647,0.01918361,0.0014302821,2023-07-25,2023-07-18,0.0067548667537705,-0.005324584617345124,0.005324584617345124,2.8351201347268323e-05,1,1,0.01943536
r2_qqq_calendar,28,1,-0.021840775,-0.0128550045,-0.008789458,-0.006298692,-0.004460282,-0.0029800825,-0.0017156323,-0.00061067275,0.00041808616,0.0013199968,0.0022040275,0.0030889132,0.0039878637,0.004879177,0.005941095,0.0070837066,0.008395676,0.009951799,0.011825503,0.014884921,0.020897912,0.0022040275,2023-07-26,2023-07-25,-0.0033320030631799,0.005536030555732896,0.005536030555732896,3.064763431400828e-05,0,1,0.020614961
r2_qqq_calendar,28,2,-0.022841947,-0.0138673885,-0.009848518,-0.0073792473,-0.00553059,-0.004034393,-0.0027022806,-0.0015407044,-0.00041412443,0.0005850282,0.0015859547,0.002595098,0.0036186487,0.004619923,0.005789945,0.007044959,0.008447738,0.010099796,0.012006241,0.0151807,0.021328473,0.0015859547,2023-07-27,2023-07-25,-0.0023868178677164,0.003972772551549224,0.003972772551549224,1.5782921746342934e-05,0,1,0.021854758
r2_qqq_calendar,28,3,-0.023481036,-0.014388883,-0.010345633,-0.007875187,-0.0060339104,-0.004518231,-0.0031748917,-0.0019958045,-0.000885585,0.00012575537,0.0011448709,0.0021621156,0.0031947186,0.0042075273,0.005382143,0.006664098,0.008096834,0.009812745,0.011831697,0.015188338,0.021683728,0.0011448709,2023-07-28,2023-07-25,0.0180508396179979,-0.016905968735144033,0.016905968735144033,0.0002858117788736675,1,0,0.022177331
r2_qqq_calendar,28,4,-0.023712559,-0.014442296,-0.010303486,-0.0077735586,-0.0058933557,-0.0043712384,-0.003004453,-0.0018279619,-0.00071939966,0.0002772031,0.0012719199,0.0022741107,0.0032804057,0.0042963102,0.005455784,0.006737388,0.008197137,0.009910616,0.011929219,0.015295617,0.021557406,0.0012719199,2023-07-31,2023-07-25,0.000521392842211,0.0007505270872114381,0.0007505270872114381,5.632909086380856e-07,1,1,0.022232704
r2_qqq_calendar,28,5,-0.023642622,-0.014551952,-0.010491398,-0.008018062,-0.0061616884,-0.0046205423,-0.003255818,-0.0020402963,-0.00088035304,0.00017670622,0.0012397256,0.0023037663,0.0033814383,0.0044342186,0.005662079,0.0070033283,0.008519906,0.010318874,0.012489241,0.016025664,0.022669565,0.0012397256,2023-08-01,2023-07-25,-0.0023224135397624,0.0035621391611795647,0.0035621391611795647,1.2688835403609053e-05,0,1,0.022980638
r2_qqq_calendar,29,1,-0.020138312,-0.01252213,-0.00893787,-0.006726329,-0.005062769,-0.003706357,-0.0025274898,-0.0014749042,-0.0004588426,0.00044026918,0.0013552156,0.0022845196,0.003209065,0.004106722,0.0051476993,0.0062691416,0.0075190286,0.008987824,0.0107317865,0.013563253,0.019110452,0.0013552156,2023-08-02,2023-08-01,-0.0221886192819113,0.023543834839762197,0.023543834839762197,0.0005543121589620002,0,0,0.019669656
r2_qqq_calendar,29,2,-0.020399041,-0.012648588,-0.009067086,-0.0068351515,-0.00514348,-0.0037685893,-0.0025438005,-0.0014789938,-0.0004280617,0.00050145306,0.0014524614,0.0024154575,0.0033701144,0.004290244,0.0053523234,0.0064897807,0.0077505964,0.009236719,0.010955874,0.013770488,0.019276842,0.0014524614,2023-08-03,2023-08-01,-0.0016038595662548,0.003056320916964,0.003056320916964,9.341097547471666e-06,0,1,0.020022959
r2_qqq_calendar,29,3,-0.020362355,-0.012645315,-0.009031559,-0.0068093506,-0.005137395,-0.0037598563,-0.0025399185,-0.001476079,-0.0004757229,0.00043187215,0.0013668911,0.0023056325,0.0032427502,0.004154986,0.0052093645,0.0063636075,0.0076380325,0.0091677,0.010955005,0.013840729,0.019491127,0.0013668911,2023-08-04,2023-08-01,-0.0046927748078882,0.006059665891195764,0.006059665891195764,3.6719550712921357e-05,0,1,0.019986564
r2_qqq_calendar,29,4,-0.020663844,-0.012736421,-0.009050604,-0.0067899413,-0.0050869975,-0.0037054743,-0.002453531,-0.0013851697,-0.0003712384,0.0005446447,0.001481,0.0024264301,0.0033555764,0.004281016,0.0053116735,0.006448609,0.0077218274,0.009216532,0.0109576285,0.013801861,0.019266812,0.001481,2023-08-07,2023-08-01,0.0084313684432052,-0.006950368458426736,0.006950368458426736,4.830762170789324e-05,1,1,0.020008232
r2_qqq_calendar,29,5,-0.020243032,-0.012591186,-0.009087425,-0.0069504064,-0.0053115347,-0.0039452133,-0.0027324047,-0.0016565681,-0.0006214971,0.0003324252,0.0013103622,0.002290823,0.0032661008,0.0042048353,0.005290657,0.006473332,0.007797005,0.009362645,0.011227942,0.014183902,0.019922541,0.0013103622,2023-08-08,2023-08-01,-0.0085387037068401,0.009849065954590263,0.009849065954590263,9.700410017786902e-05,0,1,0.020315368
r2_qqq_calendar,30,1,-0.024522638,-0.014958907,-0.010698879,-0.008124222,-0.006207871,-0.0046606124,-0.0033294102,-0.0021530625,-0.0010336541,-3.081878e-05,0.0009797602,0.0020014348,0.0030337593,0.0040507945,0.005247218,0.0065517463,0.008048532,0.009853315,0.012056105,0.01584186,0.023525376,0.0009797602,2023-08-09,2023-08-08,-0.0110554963224507,0.012035256518510642,0.012035256518510642,0.0001448473994663529,0,0,0.022754984
r2_qqq_calendar,30,2,-0.024115967,-0.014624348,-0.010429412,-0.007870219,-0.0059659127,-0.0044385586,-0.0030970192,-0.0019465225,-0.00083609397,0.00014257897,0.0011299057,0.0021277682,0.003143422,0.004137293,0.005304076,0.0065794326,0.0080328705,0.009791743,0.011886774,0.0155194765,0.022903208,0.0011299057,2023-08-10,2023-08-08,0.0018464159928446,-0.0007165102996115869,0.0007165102996115869,5.13387009449486e-07,1,1,0.022316186
r2_qqq_calendar,30,3,-0.023938913,-0.014455418,-0.010288496,-0.0077870414,-0.005933998,-0.0044375816,-0.0031324762,-0.002004187,-0.00095581537,-1.0817697e-05,0.00094484614,0.0018991854,0.0028689997,0.0038245698,0.004947987,0.00619674,0.007615185,0.00936375,0.011476967,0.015142856,0.022657026,0.00094484614,2023-08-11,2023-08-08,-0.0063958634790211,0.007340709614119587,0.007340709614119587,5.3886017638827734e-05,0,1,0.021765463
r2_qqq_calendar,30,4,-0.02369972,-0.014215575,-0.010021809,-0.0074997754,-0.005633638,-0.0041516577,-0.0028363336,-0.0017311383,-0.00070322515,0.0002067119,0.001113745,0.0020334467,0.002957788,0.0039026814,0.004982839,0.0062076324,0.0076295636,0.009358034,0.011457794,0.01513026,0.022492396,0.001113745,2023-08-14,2023-08-08,0.0111595394982643,-0.01004579446359198,0.01004579446359198,0.00010091798640473526,1,1,0.021479603
r2_qqq_calendar,30,5,-0.023312233,-0.014075101,-0.009985176,-0.0075375354,-0.0057256385,-0.004253999,-0.002974166,-0.0018689075,-0.00083557214,9.0887275e-05,0.0010233148,0.0019532435,0.0029015678,0.0038443967,0.0049627624,0.0062276274,0.007692527,0.009505286,0.011784549,0.015679004,0.023403153,0.0010233148,2023-08-15,2023-08-08,-0.0106682657008915,0.011691580477721876,0.011691580477721876,0.0001366930540670473,0,0,0.021769725
r2_qqq_calendar,31,1,-0.025170049,-0.015721131,-0.0112727,-0.008563174,-0.0065591764,-0.004934453,-0.0035346176,-0.002302178,-0.001133241,-8.800604e-05,0.0009529146,0.002010094,0.0030882712,0.0041450416,0.005390949,0.0067506204,0.008310505,0.010173163,0.012434821,0.0162632,0.024174005,0.0009529146,2023-08-16,2023-08-15,-0.0106454049149103,0.011598319504926307,0.011598319504926307,0.000134521015338354,0,1,0.02370752
r2_qqq_calendar,31,2,-0.025967402,-0.01622639,-0.011725526,-0.008962147,-0.0069150464,-0.0052629225,-0.0038073093,-0.0025495873,-0.0013342306,-0.0002589374,0.00082576624,0.0019291702,0.0030575995,0.0041696527,0.0054852604,0.006926599,0.008581394,0.01056724,0.012916973,0.016873736,0.024801942,0.00082576624,2023-08-17,2023-08-15,-0.0109830747314802,0.011808840972658117,0.011808840972658117,0.0001394487251175291,0,1,0.0246425
r2_qqq_calendar,31,3,-0.025993316,-0.01618405,-0.011604675,-0.008819212,-0.0067541157,-0.0050664726,-0.0035868161,-0.0023010268,-0.0011073643,-2.5566027e-05,0.0010659691,0.0021648316,0.003289611,0.00440028,0.0057097636,0.0071723405,0.008836405,0.010857824,0.013264515,0.017298235,0.025516516,0.0010659691,2023-08-18,2023-08-15,-0.0012557773095976,0.00232174642751472,0.00232174642751472,5.390506473677366e-06,0,1,0.02486919
r2_qqq_calendar,31,4,-0.025594257,-0.015810994,-0.011278725,-0.008527413,-0.0064880946,-0.0048425724,-0.0033732152,-0.0021177088,-0.00093601516,0.00012522374,0.0011895283,0.0022710275,0.003365562,0.0044675516,0.005728832,0.007136755,0.008762814,0.0107061835,0.013024479,0.016980596,0.024900397,0.0011895283,2023-08-21,2023-08-15,0.0159831687795263,-0.014793640513558335,0.014793640513558335,0.0002188517996443945,1,0,0.024303205
r2_qqq_calendar,31,5,-0.0250536,-0.0155712925,-0.011190851,-0.008548963,-0.006570241,-0.0049444255,-0.0035100635,-0.0022542179,-0.0010617874,1.745568e-05,0.0011003133,0.0021788904,0.0032826122,0.004367316,0.0056544086,0.007088416,0.00872964,0.010718571,0.013156278,0.017237948,0.025477197,0.0011003133,2023-08-22,2023-08-15,-0.0014299050643682,0.002530218332038772,0.002530218332038772,6.402004807785064e-06,0,1,0.02434713
r2_qqq_calendar,32,1,-0.02266952,-0.014262161,-0.010272046,-0.007805602,-0.0059537003,-0.004436829,-0.0031259723,-0.0019611495,-0.00085296354,0.00013560294,0.00112183,0.002118311,0.003128548,0.004118017,0.0052826223,0.0065507567,0.007996342,0.0097152805,0.011787179,0.01522485,0.021853147,0.00112183,2023-08-23,2023-08-22,0.0156453750178487,-0.014523545055490823,0.014523545055490823,0.0002109333609788719,1,0,0.022059225
r2_qqq_calendar,32,2,-0.023171602,-0.014608326,-0.010619104,-0.008135464,-0.0062611266,-0.0047316416,-0.0033671467,-0.002180177,-0.0010230159,-1.9387558e-06,0.0010323591,0.0020765432,0.0031342073,0.004165528,0.0053793816,0.006699427,0.008199809,0.009985341,0.012083649,0.015570073,0.022203676,0.0010323591,2023-08-24,2023-08-22,-0.021607367593535,0.02263972667671811,0.02263972667671811,0.0005125572239965017,0,0,0.022702754
r2_qqq_calendar,32,3,-0.02323789,-0.014597401,-0.010547375,-0.008070407,-0.006212365,-0.004679083,-0.0033178772,-0.0021261408,-0.001007675,3.2897333e-06,0.0010290599,0.0020540317,0.0030948762,0.004109007,0.0053032087,0.006622677,0.008110965,0.009911795,0.01205248,0.015611977,0.022446705,0.0010290599,2023-08-25,2023-08-22,0.0077213756064449,-0.006692315733482366,0.006692315733482366,4.4787089876615614e-05,1,1,0.022599855
r2_qqq_calendar,32,4,-0.023362366,-0.014576085,-0.010455047,-0.007933434,-0.0060489783,-0.0045182416,-0.0031391506,-0.0019559863,-0.00084146514,0.00016200879,0.0011718574,0.0021954835,0.0032243498,0.004260732,0.0054394915,0.0067546195,0.008261628,0.01004877,0.012160704,0.015690219,0.022274585,0.0011718574,2023-08-28,2023-08-22,0.0074991678284883,-0.006327310477051089,0.006327310477051089,4.003485787300048e-05,1,1,0.02261575
r2_qqq_calendar,32,5,-0.023584636,-0.014867251,-0.010828639,-0.008355514,-0.006478165,-0.004918753,-0.0035375075,-0.0023174535,-0.001151015,-8.093893e-05,0.0009985922,0.0020786189,0.0031751704,0.0042481786,0.0055129407,0.00691805,0.008523112,0.010450714,0.012785498,0.016561491,0.023567261,0.0009985922,2023-08-29,2023-08-22,0.0216047048707227,-0.020606112633712103,0.020606112633712103,0.00042461187787322955,1,0,0.023614138
r2_qqq_calendar,33,1,-0.027835505,-0.017554233,-0.0126337325,-0.009553472,-0.0072222245,-0.0052897846,-0.0035845493,-0.0020261675,-0.0005045711,0.0009015806,0.0023577083,0.0038400567,0.0052993577,0.0067082085,0.0083199,0.010030428,0.011942858,0.014165263,0.016753592,0.020733953,0.028277528,0.0023577083,2023-08-30,2023-08-29,0.0055611096663493,-0.0032034013761299933,0.0032034013761299933,1.0261780376591535e-05,1,1,0.029387325
r2_qqq_calendar,33,2,-0.027828915,-0.017768523,-0.013043371,-0.010095547,-0.007842249,-0.005985063,-0.004296408,-0.0027963456,-0.0012983166,7.226895e-05,0.0014893836,0.0029273736,0.004336667,0.0057062134,0.007269393,0.008930029,0.0107759405,0.012916907,0.015337852,0.019197162,0.02631116,0.0014893836,2023-08-31,2023-08-29,0.0029940241883801,-0.0015046405542002692,0.0015046405542002692,2.2639431973440935e-06,1,1,0.028381223
r2_qqq_calendar,33,3,-0.027820978,-0.017748957,-0.013023564,-0.010114572,-0.007928342,-0.0061054067,-0.004459214,-0.002985522,-0.0015684873,-0.00024711824,0.0011399635,0.0025363623,0.003916687,0.0052595944,0.006777364,0.008396482,0.01018887,0.012284695,0.014700622,0.01853862,0.025803339,0.0011399635,2023-09-01,2023-08-29,-0.0010586031472088,0.002198566658586373,0.002198566658586373,4.833695352247649e-06,0,1,0.027724186
r2_qqq_calendar,33,4,-0.027489536,-0.01747644,-0.012776384,-0.009867272,-0.0076578106,-0.0058266893,-0.004146152,-0.002666902,-0.0012270513,0.00010484299,0.0014740195,0.0028674065,0.0042260797,0.0055722217,0.007062053,0.008675399,0.010473825,0.01254193,0.014927152,0.018714681,0.025870351,0.0014740195,2023-09-05,2023-08-29,0.0012704357526035,0.00020358373664757716,0.00020358373664757716,4.144633782739005e-08,1,1,0.027703535
r2_qqq_calendar,33,5,-0.026756113,-0.017224904,-0.012707301,-0.009922156,-0.0077706445,-0.0059661306,-0.004343396,-0.0028815905,-0.0014519172,-0.00012006934,0.0012635599,0.0026578142,0.00405004,0.0053805574,0.0069064694,0.008537426,0.010331139,0.01240849,0.01483837,0.01862942,0.025907323,0.0012635599,2023-09-06,2023-08-29,-0.0088471703969042,0.010110730309235602,0.010110730309235602,0.00010222686738609546,0,1,0.027545672
r2_qqq_calendar,34,1,-0.020275746,-0.012554272,-0.008856303,-0.006564689,-0.004848409,-0.0034624166,-0.0022724126,-0.0012300822,-0.0002472179,0.00061971514,0.0014808205,0.0023556408,0.003242626,0.004118135,0.005153763,0.0062829126,0.007578393,0.009134871,0.011031237,0.014263786,0.020627793,0.0014808205,2023-09-07,2023-09-06,-0.0071771395992647,0.008657960071616906,0.008657960071616906,7.496027260171262e-05,0,1,0.01988754
r2_qqq_calendar,34,2,-0.02062931,-0.012896508,-0.009204372,-0.006896849,-0.005155011,-0.003744071,-0.002495147,-0.0014239347,-0.0003866935,0.00052345434,0.0014370144,0.002360932,0.003297283,0.004225046,0.005317101,0.006516366,0.007875539,0.009512832,0.011451226,0.014765416,0.021212485,0.0014370144,2023-09-08,2023-09-06,0.0013965694170855,4.044501740112748e-05,4.044501740112748e-05,1.6357994325775045e-09,1,1,0.020655598
r2_qqq_calendar,34,3,-0.02137996,-0.0134853115,-0.009688241,-0.0073128324,-0.005518065,-0.004046107,-0.0027528116,-0.0016306452,-0.00058274914,0.00036397044,0.00132012,0.0022849503,0.0032741013,0.0042528245,0.005411266,0.00671032,0.008176973,0.00996196,0.012066128,0.01556278,0.022201099,0.00132012,2023-09-11,2023-09-06,0.0117140049677535,-0.010393885020558448,0.010393885020558448,0.00010803284582058928,1,1,0.02175437
r2_qqq_calendar,34,4,-0.022116235,-0.013927038,-0.009998738,-0.0075363577,-0.005686381,-0.0041930685,-0.0028529118,-0.0017081334,-0.00062345667,0.00036038287,0.0013642054,0.0023767976,0.0033949069,0.004415484,0.005572688,0.006867838,0.008354802,0.010134772,0.012247871,0.01581062,0.022383787,0.0013642054,2023-09-12,2023-09-06,-0.0111505421770686,0.012514747558901617,0.012514747558901617,0.000156618906463034,0,0,0.022246609
r2_qqq_calendar,34,5,-0.021811,-0.013871902,-0.010060352,-0.0076843225,-0.0058916295,-0.0044094203,-0.0030964809,-0.0019405095,-0.00083593914,0.00017401067,0.0011958036,0.0022156152,0.003242211,0.004241635,0.005414478,0.006720717,0.008210873,0.010013387,0.012223599,0.01590115,0.022716107,0.0011958036,2023-09-13,2023-09-06,0.003801875337276,-0.0026060717033849537,0.0026060717033849537,6.791609723183755e-06,1,1,0.02228395
r2_qqq_calendar,35,1,-0.020475816,-0.012809736,-0.009303435,-0.007112508,-0.0054323548,-0.0040623797,-0.0028810604,-0.0018429006,-0.0008619639,2.1254273e-06,0.00085369044,0.001722708,0.0026106718,0.0034925127,0.004533163,0.00567646,0.006972326,0.008513463,0.010368503,0.013415606,0.019335162,0.00085369044,2023-09-14,2023-09-13,0.0081439473666954,-0.007290256931516822,0.007290256931516822,5.314784612752907e-05,1,1,0.019671937
r2_qqq_calendar,35,2,-0.020828497,-0.013107693,-0.009568234,-0.0073285615,-0.005605263,-0.004197911,-0.0029460792,-0.0018731409,-0.0008325365,7.5628566e-05,0.0009798426,0.0018953093,0.0028156731,0.0037323884,0.004812082,0.0059894845,0.007323298,0.008916159,0.010778786,0.013863687,0.019780172,0.0009798426,2023-09-15,2023-09-13,-0.0172713450484119,0.018251187666519696,0.018251187666519696,0.00033310585123852063,0,0,0.02034702
r2_qqq_calendar,35,3,-0.021730464,-0.013746429,-0.010086487,-0.007765198,-0.0059885,-0.004520889,-0.0032312553,-0.0021116908,-0.0010653835,-0.000117632415,0.00083470315,0.001794651,0.0027676334,0.0037347213,0.004874772,0.00614284,0.00757251,0.0092927925,0.011308605,0.014565356,0.020702833,0.00083470315,2023-09-18,2023-09-13,0.0010419800872549,-0.00020727693285863425,0.00020727693285863425,4.296372689528277e-08,1,1,0.021395091
r2_qqq_calendar,35,4,-0.02229371,-0.014016173,-0.010152203,-0.0076981196,-0.0058434643,-0.0043562734,-0.0030335244,-0.0019127907,-0.0008594994,7.8829675e-05,0.0010206092,0.0019741023,0.0029364347,0.0039078435,0.0050130566,0.006256838,0.007673444,0.009358982,0.011335285,0.014560515,0.020541895,0.0010206092,2023-09-19,2023-09-13,-0.0021335824115804,0.0031541915799161956,0.0031541915799161956,9.948924522814225e-06,0,1,0.02148749
r2_qqq_calendar,35,5,-0.022183407,-0.0141427005,-0.010384163,-0.008007018,-0.0062029203,-0.004720995,-0.0034189909,-0.0022784432,-0.0011935008,-0.00021066325,0.00078328396,0.0017695694,0.0027790982,0.0037610722,0.0049230047,0.006210748,0.00766738,0.009417288,0.011522164,0.014907355,0.021253671,0.00078328396,2023-09-20,2023-09-13,-0.0145151657423048,0.01529844970424163,0.01529844970424163,0.00023404256335321085,0,0,0.021906327
r2_qqq_calendar,36,1,-0.02378687,-0.015485526,-0.011571137,-0.009081137,-0.0071459534,-0.005531576,-0.0041087894,-0.0028069196,-0.0015472553,-0.0004139491,0.00075613207,0.001933696,0.003095718,0.0041989842,0.0054698368,0.006806012,0.008297372,0.010045511,0.012121916,0.015435806,0.02174721,0.00075613207,2023-09-21,2023-09-20,-0.0184944984894994,0.01925063055668057,0.01925063055668057,0.0003705867768298037,0,0,0.023693053
r2_qqq_calendar,36,2,-0.023202287,-0.014916108,-0.01103783,-0.008552967,-0.0066216504,-0.0050143036,-0.003562474,-0.0022738688,-0.0010047883,0.00014018477,0.0013256839,0.0025109276,0.0036857512,0.0048098518,0.006098668,0.0074659716,0.008989894,0.010787557,0.012862825,0.016207172,0.02242006,0.0013256839,2023-09-22,2023-09-20,0.0001396564678419,0.0011860274332445497,0.0011860274332445497,1.4066610724086547e-06,1,1,0.023900654
r2_qqq_calendar,36,3,-0.022437913,-0.014073667,-0.0101421205,-0.007620581,-0.0056667137,-0.004021815,-0.0025445677,-0.0012376101,-5.4306693e-06,0.0011158071,0.002269016,0.0034054802,0.0045335237,0.0056074285,0.0068408814,0.0081877345,0.009689327,0.011493477,0.0136265,0.017029727,0.02346911,0.002269016,2023-09-25,2023-09-20,0.0047386490510759,-0.0024696329379436614,0.0024696329379436614,6.09908684817624e-06,1,1,0.02376862
r2_qqq_calendar,36,4,-0.022753801,-0.014322756,-0.01030892,-0.0077388464,-0.0057660756,-0.004138934,-0.0026487517,-0.0013586688,-0.00013088167,0.000992246,0.0021384752,0.0032776543,0.0043873526,0.005479475,0.006695001,0.00802064,0.009506958,0.011243892,0.013273194,0.016519535,0.0226554,0.0021384752,2023-09-26,2023-09-20,-0.0151302101202984,0.017268685309283868,0.017268685309283868,0.0002982074923110765,0,0,0.023582116
r2_qqq_calendar,36,5,-0.023124505,-0.014805299,-0.010831061,-0.008322746,-0.00639234,-0.004769453,-0.0033166208,-0.002008187,-0.00074893225,0.00041276927,0.0016108449,0.002803829,0.003968072,0.005073154,0.0063388613,0.0077025923,0.009221107,0.010994956,0.01309468,0.01638167,0.022700306,0.0016108449,2023-09-27,2023-09-20,0.0023405542696593,-0.000729709407943268,0.000729709407943268,5.324758200409147e-07,1,1,0.02392574
r2_qqq_calendar,37,1,-0.02303811,-0.0145953,-0.010677946,-0.008196705,-0.00627241,-0.0046883686,-0.0033064547,-0.0020639522,-0.000872779,0.00019186368,0.0012728467,0.0023681,0.0034528486,0.004495521,0.0057115676,0.007014964,0.008474483,0.010206689,0.012299292,0.01571887,0.022448976,0.0012728467,2023-09-28,2023-09-27,0.0083304344476373,-0.0070575877358377975,0.0070575877358377975,4.980954464904809e-05,1,1,0.022977237
r2_qqq_calendar,37,2,-0.023273846,-0.014831545,-0.010949503,-0.008474654,-0.006543014,-0.0049512195,-0.003522291,-0.0022736797,-0.0010458909,5.3040523e-05,0.0011760548,0.0023051784,0.003413875,0.0044883634,0.0057330937,0.007058907,0.008538448,0.010294384,0.01234788,0.015771309,0.022517232,0.0011760548,2023-09-29,2023-09-27,0.0007258351296467,0.00045021969263430296,0.00045021969263430296,2.0269777163572623e-07,1,1,0.023297383
r2_qqq_calendar,37,3,-0.023889516,-0.01528203,-0.011306627,-0.008761935,-0.0067977807,-0.0051526427,-0.0036918914,-0.0024044886,-0.0011905343,-7.574958e-05,0.0010721947,0.0022206672,0.0033606347,0.004463552,0.0057382295,0.007130224,0.008677719,0.010535731,0.012731224,0.016316473,0.023276526,0.0010721947,2023-10-02,2023-09-27,0.0083110867584301,-0.007238892098347641,0.007238892098347641,5.2401558811519914e-05,1,1,0.024037851
r2_qqq_calendar,37,4,-0.024976235,-0.016075365,-0.011895879,-0.0092100045,-0.007146879,-0.0054536397,-0.003914997,-0.0025803056,-0.00130172,-0.00012929305,0.0010729923,0.0022832265,0.003469775,0.004633343,0.005936525,0.007366946,0.008976189,0.010868637,0.013098305,0.016768387,0.023782732,0.0010729923,2023-10-03,2023-09-27,-0.0177055542958447,0.01877854663371232,0.01877854663371232,0.0003526338136745083,0,0,0.024994183
r2_qqq_calendar,37,5,-0.025508994,-0.016618164,-0.012395472,-0.009693796,-0.0076160575,-0.005892897,-0.004361713,-0.002999615,-0.001681427,-0.00045560265,0.00080593885,0.0020719355,0.0033281168,0.004524185,0.005913284,0.0074211485,0.0091044605,0.011098884,0.013483299,0.017312674,0.024696222,0.00080593885,2023-10-04,2023-09-27,0.0135171472799436,-0.01271120843071796,0.01271120843071796,0.00016157481976915533,1,0,0.025878772
r2_qqq_calendar,38,1,-0.02555353,-0.016514372,-0.012319961,-0.009660923,-0.00759094,-0.0058633327,-0.00434033,-0.0029565603,-0.0016151812,-0.00040286503,0.00083808746,0.0021030263,0.0033623225,0.0045723426,0.005972654,0.0074719423,0.009136235,0.011097947,0.0134334,0.017221343,0.024805967,0.00083808746,2023-10-05,2023-10-04,-0.0029510625295717,0.0037891499937887964,0.0037891499937887964,1.4357657675429636e-05,0,1,0.02575336
r2_qqq_calendar,38,2,-0.02574142,-0.016526653,-0.012287855,-0.009593485,-0.0074899555,-0.0057471357,-0.004176985,-0.0027988025,-0.0014409253,-0.00022599791,0.0010223715,0.0022810784,0.0035225973,0.0047279764,0.006121799,0.007609778,0.009271726,0.011236643,0.013523179,0.017300481,0.02475843,0.0010223715,2023-10-06,2023-10-04,0.0166166589118683,-0.015594287448390688,0.015594287448390688,0.00024318180102303534,1,0,0.025811035
r2_qqq_calendar,38,3,-0.025883686,-0.016587233,-0.0122741815,-0.009533219,-0.0074194088,-0.0056428188,-0.0040572397,-0.0026563278,-0.0013299595,-0.000119492404,0.0011311927,0.00238574,0.0036380892,0.00485996,0.0062707392,0.007808544,0.009517656,0.011560858,0.013954743,0.017816994,0.025482023,0.0011311927,2023-10-09,2023-10-04,0.0050869307118005,-0.0039557380471846905,0.0039557380471846905,1.564786349794455e-05,1,1,0.026228923
r2_qqq_calendar,38,4,-0.025822474,-0.016578337,-0.012278427,-0.009548554,-0.0074344086,-0.0056828484,-0.0040784716,-0.0026768502,-0.001328305,-9.968159e-05,0.0011565514,0.0024243493,0.0036654582,0.0048916284,0.006269046,0.0077834637,0.0094835665,0.011472123,0.013805817,0.017610839,0.025160898,0.0011565514,2023-10-10,2023-10-04,0.0055227701536552,-0.004366218739485829,0.004366218739485829,1.9063866081037224e-05,1,1,0.026084244
r2_qqq_calendar,38,5,-0.02525028,-0.016260197,-0.012038036,-0.00938178,-0.007319428,-0.0055863718,-0.004029221,-0.002630836,-0.0012807004,-3.5218567e-05,0.00124824,0.0025369357,0.0038205946,0.0050424584,0.0064599207,0.007992922,0.009704278,0.011730274,0.014135993,0.017967353,0.02569594,0.00124824,2023-10-11,2023-10-04,0.0071100055770865,-0.005861765571861557,0.005861765571861557,3.436029561946144e-05,1,1,0.02617403
r2_qqq_calendar,39,1,-0.02115663,-0.013617755,-0.009973164,-0.007631134,-0.00579606,-0.0042717396,-0.0029323737,-0.0017171559,-0.00054757186,0.000498806,0.0015632056,0.002633439,0.0036903026,0.0047113,0.005893776,0.007146911,0.008547483,0.0101944115,0.012152082,0.015290433,0.021293966,0.0015632056,2023-10-12,2023-10-11,-0.0034808754319549,0.005044081048503558,0.005044081048503558,2.544275362387275e-05,0,1,0.022125246
r2_qqq_calendar,39,2,-0.02136532,-0.013793455,-0.010162869,-0.0078234505,-0.0059815897,-0.0044514746,-0.003062484,-0.0018365039,-0.0006233174,0.00046240934,0.0015776432,0.002696412,0.0038052115,0.0048682415,0.0060861893,0.007382414,0.008813234,0.0104899155,0.012412293,0.015534807,0.02149683,0.0015776432,2023-10-13,2023-10-11,-0.0126498584915164,0.01422750170344739,0.01422750170344739,0.0002024218047215984,0,0,0.022575162
r2_qqq_calendar,39,3,-0.021665799,-0.014054576,-0.0103843985,-0.008005734,-0.0061528767,-0.0045983125,-0.0032111495,-0.0019859327,-0.0008253208,0.00023092174,0.0013245636,0.0024174864,0.003513459,0.0045817923,0.005815815,0.0071585486,0.00864369,0.010409064,0.012457817,0.01573132,0.021869386,0.0013245636,2023-10-16,2023-10-11,0.0112430463391276,-0.009918482702683092,0.009918482702683092,9.837629912342368e-05,1,1,0.022842215
r2_qqq_calendar,39,4,-0.021531504,-0.013851058,-0.010118398,-0.007713679,-0.0058620856,-0.004342066,-0.0029553336,-0.0017571225,-0.0006166013,0.00041667372,0.0014742085,0.0025393397,0.003582883,0.004619789,0.0057747974,0.0070433766,0.0084676435,0.01013165,0.012077508,0.015236626,0.021180676,0.0014742085,2023-10-17,2023-10-11,-0.0032807631805108,0.004754971728244524,0.004754971728244524,2.2609756136404713e-05,0,1,0.022195905
r2_qqq_calendar,39,5,-0.020809447,-0.013513102,-0.0099497475,-0.0076720053,-0.0059080133,-0.0044308817,-0.0031091,-0.0019301326,-0.0007965983,0.0002429159,0.0013122547,0.0023820437,0.0034367219,0.004444735,0.0056082816,0.0068719075,0.00828458,0.009962387,0.0119891325,0.015234167,0.021443818,0.0013122547,2023-10-18,2023-10-11,-0.0132048793631459,0.014517134058367681,0.014517134058367681,0.0002107471812686189,0,0,0.021938879
r2_qqq_calendar,40,1,-0.02326994,-0.0150259575,-0.011121789,-0.008605938,-0.0066250153,-0.0049614212,-0.0034714846,-0.0021135032,-0.00079460256,0.00040664358,0.0016376574,0.0028885226,0.0041151294,0.0052780267,0.006613017,0.008014121,0.009569619,0.011379131,0.013522162,0.016986541,0.02383463,0.0016376574,2023-10-19,2023-10-18,-0.0094008394642612,0.011038496870069768,0.011038496870069768,0.00012184841315054007,0,1,0.02464395
r2_qqq_calendar,40,2,-0.023246,-0.014953067,-0.011067835,-0.008562894,-0.0065762843,-0.004913576,-0.0033912207,-0.0020416533,-0.00069428806,0.0005292558,0.0017873211,0.00306575,0.004314586,0.0055126413,0.0068774275,0.008317091,0.009895321,0.01173455,0.013857216,0.017373655,0.024250548,0.0017873211,2023-10-20,2023-10-18,-0.0150302349830184,0.016817556042982997,0.016817556042982997,0.0002828301912588739,0,0,0.02492505
r2_qqq_calendar,40,3,-0.023240061,-0.014930415,-0.011004847,-0.008468549,-0.0064775245,-0.0047844313,-0.0032425022,-0.0018690214,-0.0005591847,0.00064497115,0.0018908761,0.0031406458,0.0043667615,0.005547696,0.006893002,0.008346876,0.00995161,0.011849637,0.014081563,0.017725635,0.02480947,0.0018908761,2023-10-23,2023-10-18,0.0030129458884896,-0.0011220697908849676,0.0011220697908849676,1.2590406156166349e-06,1,1,0.02508641
r2_qqq_calendar,40,4,-0.024072193,-0.015353432,-0.011140156,-0.0084269345,-0.006326608,-0.0045843814,-0.0029865496,-0.0015855607,-0.00024270211,0.0009875137,0.002249175,0.0035203875,0.00475822,0.0059641465,0.007300088,0.008745631,0.010349867,0.012200142,0.014359527,0.01790094,0.024746826,0.002249175,2023-10-24,2023-10-18,0.0096811135502815,-0.007431938566109514,0.007431938566109514,5.5233710850425944e-05,1,1,0.025499683
r2_qqq_calendar,40,5,-0.023925124,-0.0155303925,-0.011539206,-0.008989487,-0.006987769,-0.0052808323,-0.0037260125,-0.0023044294,-0.00090942986,0.00038962037,0.0017390259,0.003089092,0.004421615,0.005675583,0.007098887,0.008617059,0.010275259,0.012192487,0.014460487,0.018090807,0.025140122,0.0017390259,2023-10-25,2023-10-18,-0.0247801883627321,0.02651921429360615,0.02651921429360615,0.0007032687267502047,0,0,0.025999693
r2_qqq_calendar,41,1,-0.031465933,-0.020551892,-0.015236738,-0.011801433,-0.009158946,-0.0069594346,-0.005012077,-0.0032618481,-0.0015887808,-6.476423e-05,0.0014768783,0.003030591,0.0045948466,0.006110459,0.007884966,0.009782497,0.011956426,0.014533457,0.017645003,0.022796784,0.033165924,0.0014768783,2023-10-26,2023-10-25,-0.019251559335109,0.020728437635418182,0.020728437635418182,0.00042966812680542095,0,0,0.03288174
r2_qqq_calendar,41,2,-0.03193878,-0.020929748,-0.01563209,-0.012229448,-0.009595018,-0.00741773,-0.00545605,-0.003735168,-0.002059435,-0.0005503484,0.0009778419,0.00252298,0.004080635,0.005600263,0.0073668663,0.00927513,0.011438792,0.013982113,0.016980983,0.022056911,0.032043155,0.0009778419,2023-10-27,2023-10-25,0.0047899236420034,-0.003812081737616522,0.003812081737616522,1.4531967174269401e-05,1,1,0.032613073
r2_qqq_calendar,41,3,-0.0314234,-0.020640738,-0.01535995,-0.011961587,-0.009355603,-0.0071660527,-0.0051996005,-0.0034682143,-0.0018386178,-0.00034921954,0.0011624473,0.0026750965,0.004209681,0.005710427,0.0074587273,0.009382706,0.011557192,0.0141513795,0.017247126,0.022403985,0.032719992,0.0011624473,2023-10-30,2023-10-25,0.0112020471088803,-0.010039599840737004,0.010039599840737004,0.00010079356496212647,1,1,0.032607075
r2_qqq_calendar,41,4,-0.031321045,-0.020630866,-0.015449385,-0.012107542,-0.009517673,-0.007360434,-0.0053813434,-0.0036449623,-0.001986588,-0.00046494795,0.0010788622,0.0026320976,0.0041914703,0.0057318145,0.0074786376,0.009393513,0.011588279,0.01415744,0.017227344,0.022411589,0.03261508,0.0010788622,2023-10-31,2023-10-25,0.0047711985214375,-0.0036923362902127246,0.0036923362902127246,1.3633347280021866e-05,1,1,0.03267673
r2_qqq_calendar,41,5,-0.030744601,-0.020226086,-0.015085711,-0.011812515,-0.009267859,-0.0071234195,-0.005189982,-0.0034491662,-0.0017667481,-0.00022037284,0.0013409343,0.0029048314,0.0044798097,0.0060059144,0.007779999,0.009722075,0.011911944,0.014493678,0.017599825,0.022740692,0.032999348,0.0013409343,2023-11-01,2023-10-25,0.0172078220804967,-0.015866887772250923,0.015866887772250923,0.00025175812757720584,1,1,0.032685537
r2_qqq_calendar,42,1,-0.027621869,-0.018445395,-0.013941994,-0.011017858,-0.0087202545,-0.0067798235,-0.005048779,-0.0034650655,-0.0019257327,-0.0005156214,0.00093053567,0.0024015212,0.00386944,0.00528772,0.0069282525,0.008678605,0.01063151,0.012914471,0.015609812,0.019874785,0.0281611,0.00093053567,2023-11-02,2023-11-01,0.017990593572641,-0.01706005790739341,0.01706005790739341,0.0002910455758036164,1,0,0.029551806
r2_qqq_calendar,42,2,-0.02761321,-0.018414427,-0.013921144,-0.011001285,-0.008696994,-0.006770792,-0.0050155055,-0.0034594196,-0.0019131589,-0.00051430304,0.00091794826,0.002369716,0.0038041605,0.0051961876,0.0068049007,0.008526931,0.0104455445,0.0126904575,0.015279847,0.019507794,0.027623396,0.00091794826,2023-11-03,2023-11-01,0.0116802560485975,-0.010762307790022447,0.010762307790022447,0.00011582726896717785,1,1,0.029200992
r2_qqq_calendar,42,3,-0.02736565,-0.018227356,-0.013723929,-0.01081593,-0.008560745,-0.006649619,-0.00492721,-0.0033904973,-0.001922609,-0.00056989945,0.00082600594,0.0022349195,0.0036445765,0.0050240955,0.0066211596,0.008357188,0.010288533,0.012568661,0.01523801,0.019524833,0.027743204,0.00082600594,2023-11-06,2023-11-01,0.0040711361324804,-0.003245130192154842,0.003245130192154842,1.0530869964034922e-05,1,1,0.02896194
r2_qqq_calendar,42,4,-0.027049122,-0.017998233,-0.013571154,-0.01071086,-0.008472112,-0.0065937415,-0.004854019,-0.0033171205,-0.0018268437,-0.00045746338,0.00094117346,0.0023589258,0.0037588319,0.0051397593,0.0066932347,0.008393777,0.010299084,0.01250968,0.01509384,0.019263225,0.027270831,0.00094117346,2023-11-07,2023-11-01,0.0094081784734363,-0.00846700500891081,0.00846700500891081,7.169017382092074e-05,1,1,0.028664995
r2_qqq_calendar,42,5,-0.026316732,-0.017564189,-0.013228918,-0.010438753,-0.008241337,-0.006381,-0.004697214,-0.0031758493,-0.0016870454,-0.00031267782,0.0011069977,0.00253493,0.003970942,0.005341132,0.0069261394,0.008645368,0.010550181,0.01277969,0.015411067,0.019563943,0.027656568,0.0011069977,2023-11-08,2023-11-01,0.0006436135591921,0.0004633841598424526,0.0004633841598424526,2.1472487959289566e-07,1,1,0.028639985
r2_qqq_calendar,43,1,-0.020397093,-0.012886704,-0.009356272,-0.0070907623,-0.005300703,-0.003812809,-0.0025022815,-0.001313897,-0.00016779089,0.00085282826,0.001896666,0.0029484823,0.003980055,0.004971624,0.006116994,0.0073265736,0.008678865,0.010276332,0.012178927,0.015255571,0.021235708,0.001896666,2023-11-09,2023-11-08,-0.0077252839773484,0.009621949990984095,0.009621949990984095,9.258192162899881e-05,0,1,0.0215352
r2_qqq_calendar,43,2,-0.020481337,-0.013111474,-0.009693355,-0.007486143,-0.0057245526,-0.00425178,-0.0029057446,-0.0017154336,-0.0005248139,0.0005381668,0.0016338463,0.002731974,0.0038166074,0.004859669,0.0060531455,0.007322034,0.00872357,0.010373873,0.012274929,0.01539708,0.021437796,0.0016338463,2023-11-10,2023-11-08,0.0222332321185845,-0.02059938580116658,0.02059938580116658,0.0004243346953853033,1,0,0.021968285
r2_qqq_calendar,43,3,-0.021204023,-0.013582645,-0.0100602545,-0.0077938954,-0.006014817,-0.0045116055,-0.0031505472,-0.0019415764,-0.0007843644,0.00027206546,0.0013747762,0.0024771108,0.0035727236,0.0046318024,0.00584193,0.0071501844,0.008589815,0.010301429,0.012301456,0.015524484,0.021673499,0.0013747762,2023-11-13,2023-11-08,-0.0031234554160218,0.004498231658322668,0.004498231658322668,2.02340880519363e-05,0,1,0.02236171
r2_qqq_calendar,43,4,-0.022009782,-0.014126238,-0.010413535,-0.0080235675,-0.0061676195,-0.004634018,-0.0032288027,-0.0020089257,-0.0008342399,0.0002330167,0.0013353209,0.002447778,0.003530465,0.0046077846,0.005796602,0.0070952,0.008548382,0.0102452645,0.012229167,0.015471056,0.021563005,0.0013353209,2023-11-14,2023-11-08,0.0212980868044946,-0.019962765926651995,0.019962765926651995,0.00039851202344229786,1,0,0.022642702
r2_qqq_calendar,43,5,-0.021760711,-0.014197377,-0.010623338,-0.008329924,-0.0065281945,-0.005007167,-0.0036344454,-0.002396995,-0.0011916078,-8.07188e-05,0.0010685425,0.002225658,0.0033670177,0.004456923,0.005702332,0.007046172,0.008536381,0.010294814,0.0123988325,0.015782366,0.022246128,0.0010685425,2023-11-15,2023-11-08,0.0007522251805099,0.0003163172980962048,0.0003163172980962048,1.0005663307488331e-07,1,1,0.023022171
r2_qqq_calendar,44,1,-0.025590515,-0.016703857,-0.012533909,-0.009848334,-0.007740992,-0.0059793866,-0.0044251615,-0.003020684,-0.0016688999,-0.00045270423,0.0007789118,0.002021984,0.0032636707,0.0044648238,0.0058584157,0.007340143,0.009006435,0.010955403,0.013269035,0.016975807,0.02420581,0.0007789118,2023-11-16,2023-11-15,0.0008555391939437,-7.662738404106177e-05,7.662738404106177e-05,5.871755984976367e-09,1,1,0.025802944
r2_qqq_calendar,44,2,-0.025691377,-0.016761985,-0.01262157,-0.009958475,-0.007861143,-0.006113667,-0.0045334753,-0.0031398307,-0.0017726492,-0.0005492368,0.00069939834,0.0019514819,0.0032044663,0.0044153226,0.0058166664,0.007313278,0.008986074,0.010943683,0.013207099,0.016868744,0.023948256,0.00069939834,2023-11-17,2023-11-15,0.0002332676087256,0.0004661307319317534,0.0004661307319317534,2.1727785925123216e-07,1,1,0.02582867
r2_qqq_calendar,44,3,-0.026042541,-0.016978025,-0.01277347,-0.010073348,-0.007971467,-0.0062059136,-0.004621061,-0.0032193821,-0.0018918631,-0.0006863751,0.0005468191,0.0017767994,0.0030114434,0.0042091277,0.005591246,0.0070829685,0.008740424,0.010703436,0.0130026825,0.016732989,0.024023004,0.0005468191,2023-11-20,2023-11-15,0.0121012472256054,-0.01155442810263157,0.01155442810263157,0.0001335048087788822,1,1,0.025776152
r2_qqq_calendar,44,4,-0.026010962,-0.016912585,-0.01267651,-0.009957498,-0.007852087,-0.0061113667,-0.0045198365,-0.0031317219,-0.0018066663,-0.0006067158,0.0006062785,0.0018278653,0.0030342015,0.004236126,0.0055859187,0.007066269,0.008736853,0.010673582,0.012944083,0.016666485,0.023842202,0.0006062785,2023-11-21,2023-11-15,-0.0058265356050379,0.00643281408646548,0.00643281408646548,4.138109707102871e-05,0,1,0.025620593
r2_qqq_calendar,44,5,-0.026290646,-0.017241342,-0.013000172,-0.010286136,-0.008172589,-0.006402629,-0.004815433,-0.003396308,-0.0020222194,-0.0007609846,0.0005209363,0.0017985525,0.0030752046,0.0043077255,0.0057388195,0.0072973086,0.009045405,0.011109321,0.013580183,0.017532408,0.025160106,0.0005209363,2023-11-22,2023-11-15,0.0040847757907733,-0.0035638395191318964,0.0035638395191318964,1.2700952118126266e-05,1,1,0.026580354
r2_qqq_calendar,45,1,-0.022329843,-0.014140097,-0.010424707,-0.008074928,-0.0062477305,-0.004731461,-0.003402537,-0.0022059425,-0.0010586107,-2.9771998e-05,0.0010108249,0.002066983,0.0031293987,0.0041665765,0.005385618,0.0067010713,0.008185277,0.009955307,0.012078644,0.015532129,0.022206943,0.0010108249,2023-11-24,2023-11-22,-0.0014111335189653,0.0024219584451628286,0.0024219584451628286,5.865882710095546e-06,0,1,0.02250335
r2_qqq_calendar,45,2,-0.022401696,-0.014282328,-0.010617916,-0.008283329,-0.006454719,-0.004942654,-0.0035765888,-0.0023839942,-0.0012091963,-0.00016097052,0.0009066513,0.0019824947,0.003060086,0.0041129473,0.005345159,0.0066776215,0.008176356,0.009967054,0.012060435,0.015510836,0.022145329,0.0009066513,2023-11-27,2023-11-22,-0.0008732109834671,0.0017798622992120663,0.0017798622992120663,3.167909804156463e-06,0,1,0.02267835
r2_qqq_calendar,45,3,-0.022702625,-0.014391217,-0.010640815,-0.008258969,-0.0064222463,-0.004893728,-0.0035385382,-0.0023467168,-0.0012230751,-0.00020512243,0.0008371834,0.0018863014,0.0029458057,0.003988556,0.0052084876,0.0065539097,0.008058187,0.0098697115,0.012006328,0.015480781,0.022122314,0.0008371834,2023-11-28,2023-11-22,0.0026175077073207,-0.0017803243244929115,0.0017803243244929115,3.1695547003811416e-06,1,1,0.022647142
r2_qqq_calendar,45,4,-0.023551619,-0.0149486195,-0.010987361,-0.008475936,-0.0065563032,-0.0049998853,-0.0035990821,-0.0023956732,-0.0012524156,-0.00022298575,0.0008294856,0.0019030608,0.002971722,0.004039439,0.005250515,0.0065966276,0.008117006,0.009914729,0.0120323375,0.0154922595,0.022060795,0.0008294856,2023-11-29,2023-11-22,-0.0009742900706899,0.0018037756649848652,0.0018037756649848652,3.2536066495915927e-06,0,1,0.023019698
r2_qqq_calendar,45,5,-0.023063362,-0.014809206,-0.011011536,-0.0086095035,-0.0067559327,-0.0052196886,-0.0038488114,-0.0026361549,-0.0014697912,-0.00040487494,0.0006918405,0.001798734,0.0029123612,0.003987051,0.005242564,0.0066260146,0.008176567,0.010027435,0.012255278,0.0158547,0.022771312,0.0006918405,2023-11-30,2023-11-22,-0.0025173512652739,0.0032091917486152663,0.0032091917486152663,1.029891167938031e-05,0,1,0.023266815
r2_qqq_calendar,46,1,-0.020456282,-0.013480748,-0.010113909,-0.007954867,-0.0062755845,-0.0048691984,-0.003634711,-0.002516758,-0.0014408838,-0.00047692616,0.00049805234,0.0014878139,0.0024837216,0.0034486705,0.004578652,0.005799238,0.0071726325,0.008800312,0.010743765,0.013886613,0.019770289,0.00049805234,2023-12-01,2023-11-30,0.0028508871302309,-0.002352834793024,0.002352834793024,5.535831563264289e-06,1,1,0.020857673
r2_qqq_calendar,46,2,-0.020662127,-0.013622018,-0.010244708,-0.008063625,-0.0063611753,-0.004939313,-0.0036544327,-0.0025260376,-0.0014147719,-0.0004262489,0.0005800942,0.0015974137,0.0026185531,0.0036073148,0.004764066,0.00600651,0.0074082525,0.009076701,0.011021933,0.014158508,0.019972363,0.0005800942,2023-12-04,2023-11-30,-0.0093270578034749,0.009907151976094182,0.009907151976094182,9.815166027742687e-05,0,1,0.02126664
r2_qqq_calendar,46,3,-0.021066612,-0.013903439,-0.010435102,-0.008207005,-0.0064835604,-0.0050343643,-0.0037393842,-0.002593718,-0.0015153504,-0.00053506903,0.00046802315,0.0014737294,0.0024833584,0.0034690422,0.004625322,0.0058906567,0.0073097106,0.009015267,0.011021563,0.014228764,0.020163355,0.00046802315,2023-12-05,2023-11-30,0.0025079080099603,-0.0020398848594995055,0.0020398848594995055,4.161130240015317e-06,1,1,0.021456664
r2_qqq_calendar,46,4,-0.021140976,-0.013906156,-0.010380395,-0.008108979,-0.006362481,-0.0049290746,-0.00362342,-0.0024927212,-0.001417879,-0.0004464931,0.00053646386,0.0015320176,0.0025178455,0.0035038574,0.0046142596,0.005848384,0.0072480044,0.008898839,0.01084,0.013999718,0.01981546,0.00053646386,2023-12-06,2023-11-30,-0.0058007216845044,0.006337185548186402,0.006337185548186402,4.015992067214259e-05,0,1,0.021220393
r2_qqq_calendar,46,5,-0.020655463,-0.01365709,-0.010228837,-0.008049988,-0.006367023,-0.0049585537,-0.003702354,-0.0025827053,-0.0015063226,-0.00052105566,0.00048158187,0.0014822913,0.0024876408,0.0034573148,0.0045934925,0.0058473647,0.007262306,0.008961234,0.011024224,0.014312822,0.020410659,0.00048158187,2023-12-07,2023-11-30,0.0138755574714016,-0.013393975603030605,0.013393975603030605,0.00017939858245457905,1,0,0.02125306
r2_qqq_calendar,47,1,-0.020827102,-0.013561461,-0.010082028,-0.007860936,-0.0061167586,-0.004649939,-0.0033471202,-0.0021517647,-0.0009799079,7.9453224e-05,0.0011755169,0.0022886645,0.003386115,0.004445097,0.0056636687,0.0069608353,0.008398018,0.010080349,0.012055157,0.015190284,0.021262733,0.0011755169,2023-12-08,2023-12-07,0.004446804591604,-0.003271287724525159,0.003271287724525159,1.0701323376628992e-05,1,1,0.022137184
r2_qqq_calendar,47,2,-0.020607123,-0.0133276805,-0.009855292,-0.0076198163,-0.005859876,-0.0043882905,-0.003045565,-0.0018493885,-0.0006502817,0.00042996398,0.0015543271,0.0026883988,0.0038058935,0.0048830705,0.006108817,0.0073974794,0.0088166,0.010467463,0.012342604,0.015382625,0.021362096,0.0015543271,2023-12-11,2023-12-07,0.008505766401478,-0.006951439315863795,0.006951439315863795,4.832250856213691e-05,1,1,0.022197895
r2_qqq_calendar,47,3,-0.020969646,-0.01360318,-0.010094492,-0.007862517,-0.006126881,-0.004663402,-0.0033371008,-0.0021495663,-0.00100997,3.7549078e-05,0.0011350518,0.002238147,0.003335617,0.0044035907,0.005628628,0.0069461106,0.008404059,0.010127394,0.012125077,0.015307836,0.021469377,0.0011350518,2023-12-12,2023-12-07,0.0079327545535958,-0.006797702721061427,0.006797702721061427,4.6208762283925925e-05,1,1,0.022219568
r2_qqq_calendar,47,4,-0.020926032,-0.013484728,-0.009916501,-0.0076421406,-0.005875676,-0.00441659,-0.0030712269,-0.0018968158,-0.00076892955,0.00026937103,0.0013327207,0.002410369,0.0034564303,0.0045027668,0.0056612524,0.006925012,0.008339712,0.00998724,0.011896408,0.014988524,0.020992152,0.0013327207,2023-12-13,2023-12-07,0.0126371701389748,-0.0113044493973452,0.0113044493973452,0.00012779057617713825,1,0,0.021812908
r2_qqq_calendar,47,5,-0.020323345,-0.013236712,-0.009805599,-0.007631133,-0.00592384,-0.0044791815,-0.0031846373,-0.0020196596,-0.0008920816,0.0001440486,0.0012159221,0.0022870258,0.0033458173,0.0043629683,0.005536753,0.0068052956,0.008228121,0.009916461,0.011928431,0.015136073,0.021398598,0.0012159221,2023-12-14,2023-12-07,-0.0008674011616312,0.0020833232257790896,0.0020833232257790896,4.3402356630705916e-06,0,1,0.021734029
r2_qqq_calendar,48,1,-0.019033147,-0.01187977,-0.008594309,-0.0065143886,-0.0048974412,-0.0035622388,-0.0023941635,-0.0013398661,-0.0003202353,0.00058071344,0.001498492,0.0024192573,0.00333284,0.004229953,0.005273629,0.0063945325,0.0076556727,0.009157849,0.010950083,0.0138823,0.019704996,0.001498492,2023-12-15,2023-12-14,0.0048225420003533,-0.00332405003139373,0.00332405003139373,1.1049308611208657e-05,1,1,0.019544393
r2_qqq_calendar,48,2,-0.019070128,-0.011981493,-0.008778961,-0.0067539527,-0.005176278,-0.0038735867,-0.002696374,-0.0016665983,-0.0006384673,0.00026911247,0.0012054355,0.0021446967,0.0030818866,0.0039952267,0.0050546713,0.0061981617,0.0074821594,0.00901689,0.010797214,0.013738586,0.019546947,0.0012054355,2023-12-18,2023-12-14,0.0062787332928894,-0.005073297804516359,0.005073297804516359,2.5738350613310506e-05,1,1,0.019576175
r2_qqq_calendar,48,3,-0.01910848,-0.011971301,-0.008733735,-0.006707871,-0.005148702,-0.003846773,-0.0026835005,-0.0016562829,-0.0006785418,0.00020943007,0.0011311676,0.0020500626,0.002971262,0.0038691987,0.0049138693,0.0060508307,0.007317195,0.008843999,0.010634278,0.013573154,0.01942451,0.0011311676,2023-12-19,2023-12-14,0.0050966465630156,-0.003965478927693983,0.003965478927693983,1.572502312598502e-05,1,1,0.019368013
r2_qqq_calendar,48,4,-0.01918833,-0.011971941,-0.008666638,-0.006589807,-0.004994022,-0.0036914733,-0.002506275,-0.0014896216,-0.0005200732,0.0003568219,0.0012504377,0.0021525999,0.00303658,0.0039334223,0.0049329046,0.0060432097,0.007304846,0.008804468,0.010570565,0.013511013,0.019245425,0.0012504377,2023-12-20,2023-12-14,-0.0149711807153707,0.016221618409041093,0.016221618409041093,0.0002631409038085409,0,0,0.019237204
r2_qqq_calendar,48,5,-0.018845351,-0.0118851345,-0.008678521,-0.006668474,-0.005107013,-0.0038033975,-0.0026414308,-0.0016151855,-0.0006244432,0.00027705464,0.0011998299,0.0021221656,0.0030313234,0.0039196336,0.004948194,0.0060841534,0.007375194,0.008933572,0.010823957,0.013897604,0.019936431,0.0011998299,2023-12-21,2023-12-14,0.0115682097739582,-0.01036837991616177,0.01036837991616177,0.00010750330208586676,1,0,0.019502478
r2_qqq_calendar,49,1,-0.018185992,-0.011594635,-0.008503358,-0.006498075,-0.004903616,-0.0035683287,-0.0023884962,-0.001318414,-0.0002793234,0.000651845,0.0015940086,0.0025485656,0.0034869101,0.0043938737,0.0054367315,0.0065447143,0.0077701327,0.009203706,0.010887272,0.013532944,0.018821705,0.0015940086,2023-12-22,2023-12-21,0.0014948848824511,9.91237625916771e-05,9.91237625916771e-05,9.825520310331164e-09,1,1,0.01939063
r2_qqq_calendar,49,2,-0.017882064,-0.011465525,-0.008497732,-0.006561624,-0.005011436,-0.0037137978,-0.0025265138,-0.0014818253,-0.0004345319,0.00049939594,0.0014543266,0.0024168487,0.0033574281,0.004271006,0.00531687,0.0064210817,0.0076437662,0.0090689,0.010695526,0.013298187,0.018517217,0.0014543266,2023-12-26,2023-12-21,0.0061029543645535,-0.004648627807557989,0.004648627807557989,2.1609740493201397e-05,1,1,0.019193258
r2_qqq_calendar,49,3,-0.018242836,-0.01166539,-0.008633376,-0.006667807,-0.0051159435,-0.0038101599,-0.0026362063,-0.0015908123,-0.00059512985,0.00031661667,0.0012581008,0.0022071041,0.003146172,0.0040643904,0.0051162536,0.0062477076,0.0074924645,0.00895619,0.010642568,0.013285899,0.018548293,0.0012581008,2023-12-27,2023-12-21,0.0020336601688276,-0.0007755593201826281,0.0007755593201826281,6.014922591221403e-07,1,1,0.019275945
r2_qqq_calendar,49,4,-0.018527983,-0.01183969,-0.008701044,-0.006654145,-0.0050519546,-0.0037319986,-0.0025215608,-0.0014719828,-0.00046336028,0.00045990298,0.0014002139,0.0023556177,0.0032839468,0.0042086574,0.0052282023,0.0063399384,0.0075793606,0.009014898,0.010670683,0.013294379,0.018517671,0.0014002139,2023-12-28,2023-12-21,-0.0004861644148609,0.001886378336303528,0.001886378336303528,3.558423227675266e-06,0,1,0.019371727
r2_qqq_calendar,49,5,-0.018061878,-0.011728564,-0.008680759,-0.0067032524,-0.005148485,-0.0038368637,-0.0026646764,-0.001619803,-0.0006094404,0.00031233655,0.0012640222,0.002211523,0.003153452,0.0040535177,0.0050898176,0.0062096124,0.0074531035,0.008920774,0.010655593,0.013365505,0.018866578,0.0012640222,2023-12-29,2023-12-21,-0.0043371340822498,0.005601156279824177,0.005601156279824177,3.1372951671013814e-05,0,1,0.019336352
