model,window,horizon,q0.01,q0.05,q0.1,q0.15,q0.2,q0.25,q0.3,q0.35,q0.4,q0.45,q0.5,q0.55,q0.6,q0.65,q0.7,q0.75,q0.8,q0.85,q0.9,q0.95,q0.99,prediction,date,forecast_origin,actual,error,abs_error,squared_error,correct_direction,interval_coverage,interval_width
r3_control,0,1,-0.04623699,-0.03152425,-0.024379008,-0.019660654,-0.015983053,-0.01291539,-0.010238766,-0.007869837,-0.0056337267,-0.0036049122,-0.0015799858,0.00047016187,0.002564247,0.0046017296,0.0069902763,0.009582084,0.012571001,0.016115341,0.020420635,0.027575921,0.041000262,-0.0015799858,2023-01-03,2022-12-30,-0.0067827173204042,0.005202731482952087,0.005202731482952087,2.706841488370082e-05,1,1,0.04479964
r3_control,0,2,-0.046050448,-0.030477975,-0.022810142,-0.017803352,-0.013925559,-0.010751176,-0.007927803,-0.0054682274,-0.0030993468,-0.0009652326,0.0011860417,0.003360988,0.005613419,0.007833098,0.010429358,0.013254416,0.016482502,0.020257376,0.024654375,0.03203775,0.04561344,0.0011860417,2023-01-04,2022-12-30,0.0047526462719854,-0.0035666045284908294,0.0035666045284908294,1.2720667862651291e-05,1,1,0.04746452
r3_control,0,3,-0.04768382,-0.032142732,-0.024390446,-0.019246653,-0.015280602,-0.011982013,-0.0090336455,-0.0064665256,-0.0040391847,-0.0018121399,0.00044441715,0.0026940177,0.005007539,0.0072783185,0.009926037,0.012853511,0.016163524,0.020084146,0.024696171,0.03243855,0.04636065,0.00044441715,2023-01-05,2022-12-30,-0.0157781972169871,0.01622261436697976,0.01622261436697976,0.0002631732168997381,0,1,0.049086615
r3_control,0,4,-0.047333,-0.032447595,-0.025184881,-0.02028375,-0.01639808,-0.0131667415,-0.010226962,-0.007628101,-0.005123737,-0.002836931,-0.0005246651,0.0017770957,0.004141655,0.0065223784,0.009296312,0.012396431,0.016006231,0.020263247,0.025319647,0.03380472,0.048515227,-0.0005246651,2023-01-06,2022-12-30,0.027227395160866,-0.02775206027347318,0.02775206027347318,0.0007701768494224883,0,0,0.050504528
r3_control,0,5,-0.048993815,-0.033453062,-0.025754292,-0.020738548,-0.016813207,-0.013550037,-0.010618586,-0.0080015175,-0.005460126,-0.003135908,-0.0007861643,0.0015891729,0.0040657464,0.006517516,0.009394716,0.012585599,0.01624358,0.02058083,0.025795525,0.03435572,0.049479645,-0.0007861643,2023-01-09,2022-12-30,0.0064526310170744,-0.007238795326903874,0.007238795326903874,5.240015778480536e-05,0,1,0.051549815
r3_control,1,1,-0.04351966,-0.029613094,-0.022836749,-0.018341875,-0.014868635,-0.011928845,-0.009328128,-0.007009033,-0.0047940807,-0.002762602,-0.0007188171,0.0013697558,0.0035076872,0.005596542,0.008043771,0.010684124,0.013697667,0.017239729,0.021425698,0.028077941,0.040257994,-0.0007188171,2023-01-10,2023-01-09,0.0084286878744476,-0.009147504989277617,0.009147504989277617,8.36768475288589e-05,0,1,0.044262446
r3_control,1,2,-0.044329997,-0.030588001,-0.024024747,-0.019679425,-0.016262965,-0.013395936,-0.010789682,-0.008496943,-0.0062896707,-0.004289632,-0.0022798346,-0.0002458511,0.0018519608,0.0039542066,0.0064444914,0.009176336,0.012366932,0.016210299,0.02078132,0.02815352,0.040712405,-0.0022798346,2023-01-11,2023-01-09,0.0171524483430358,-0.019432282932025414,0.019432282932025414,0.0003776136199502862,0,1,0.044806067
r3_control,1,3,-0.045227233,-0.030843593,-0.023858963,-0.019227931,-0.015668822,-0.012653086,-0.009912418,-0.0074859997,-0.0051750285,-0.0030493075,-0.0009072637,0.001227176,0.003443962,0.0056481715,0.008260973,0.0111445915,0.014459831,0.018413298,0.023082178,0.030506812,0.043419752,-0.0009072637,2023-01-12,2023-01-09,0.0053897954002944,-0.006297059118839837,0.006297059118839837,3.9652953546163944e-05,0,1,0.04694114
r3_control,1,4,-0.045242462,-0.030481573,-0.023220027,-0.018405944,-0.014678917,-0.011587832,-0.0087880315,-0.0062955376,-0.0038866764,-0.001688237,0.0005213637,0.0027180112,0.0049646352,0.007213687,0.009830165,0.012723973,0.016046213,0.019912863,0.024393698,0.031599466,0.04410891,0.0005213637,2023-01-13,2023-01-09,0.0068570660094839,-0.006335702318988409,0.006335702318988409,4.01411238748351e-05,1,1,0.047613725
r3_control,1,5,-0.045107078,-0.030593066,-0.02323168,-0.018412864,-0.014652023,-0.011503728,-0.0086769685,-0.006133744,-0.00365955,-0.0014079382,0.0008291702,0.003056565,0.0053495946,0.0076059042,0.010254314,0.013169337,0.016465746,0.020305388,0.024807062,0.031955313,0.04467944,0.0008291702,2023-01-17,2023-01-09,0.002026548435775,-0.0011973782105868637,0.0011973782105868637,1.4337145791881997e-06,1,1,0.048038743
r3_control,2,1,-0.03465496,-0.022786966,-0.016796453,-0.012976703,-0.010096115,-0.007734338,-0.0056845816,-0.0038908888,-0.0022109249,-0.0007050896,0.0007622176,0.0022532325,0.003812307,0.005365899,0.0072228634,0.00924684,0.0115931155,0.014387512,0.017771928,0.02344277,0.034467917,0.0007622176,2023-01-18,2023-01-17,-0.0130851307316483,0.013847348351570312,0.013847348351570312,0.00019174905636973704,0,1,0.03456838
r3_control,2,2,-0.036006786,-0.023727087,-0.01748459,-0.013521137,-0.010527758,-0.0081027765,-0.005952062,-0.0041077887,-0.0023482796,-0.0007914106,0.0007340716,0.002283223,0.0038876203,0.0055033755,0.0074196793,0.009526,0.011937921,0.014812482,0.018209198,0.02399539,0.034989573,0.0007340716,2023-01-19,2023-01-17,-0.0098732653864193,0.01060733698294491,0.01060733698294491,0.00011251559786975082,0,1,0.035693787
r3_control,2,3,-0.037100032,-0.02472431,-0.018320858,-0.014173444,-0.011058686,-0.00851904,-0.006290657,-0.004373632,-0.0025961138,-0.0010034401,0.00056121254,0.002123217,0.0037660706,0.0054146443,0.007371274,0.009552715,0.012048403,0.015038678,0.018601378,0.024665272,0.03608007,0.00056121254,2023-01-20,2023-01-17,0.0269993239167042,-0.026438111377962672,0.026438111377962672,0.0006989737332335592,1,0,0.03692224
r3_control,2,4,-0.03658606,-0.024332006,-0.018094111,-0.014066192,-0.011012645,-0.008540844,-0.006332279,-0.004419881,-0.0026073018,-0.0009956653,0.0005977712,0.0021987348,0.0038599954,0.005546996,0.007519027,0.009727286,0.012274006,0.015277053,0.018872501,0.024995973,0.036337975,0.0005977712,2023-01-23,2023-01-17,0.021972610585793,-0.021374839386838568,0.021374839386838568,0.00045688375881314534,1,0,0.036966614
r3_control,2,5,-0.036629014,-0.024354149,-0.01800209,-0.013975207,-0.010951992,-0.008496667,-0.0063184723,-0.004409793,-0.0025898288,-0.00095937535,0.0006504427,0.0022657928,0.0039690104,0.005660811,0.007670334,0.009900314,0.012437905,0.015440183,0.019100389,0.02525282,0.036808435,0.0006504427,2023-01-24,2023-01-17,-0.0020438944791116,0.0026943371501423597,0.0026943371501423597,7.259452678637253e-06,0,1,0.037102476
r3_control,3,1,-0.038253143,-0.025175232,-0.018794248,-0.014685516,-0.01155132,-0.008940228,-0.006655108,-0.0046276744,-0.002706735,-0.00096660666,0.0007666893,0.002519268,0.0043232352,0.006080112,0.008160097,0.010391247,0.0129532255,0.015960388,0.019554134,0.025319247,0.035775058,0.0007666893,2023-01-25,2023-01-24,-0.0022216672089368,0.002988356515993167,0.002988356515993167,8.93027466667882e-06,0,1,0.038348384
r3_control,3,2,-0.039387908,-0.026424969,-0.020144586,-0.01608442,-0.0129404515,-0.010339067,-0.008001108,-0.0059514455,-0.003982391,-0.0022108434,-0.00043804446,0.0013514638,0.0032059907,0.005048103,0.0072415154,0.009646902,0.012433207,0.015763447,0.019677674,0.026045946,0.036872853,-0.00043804446,2023-01-26,2023-01-24,0.0193095497439804,-0.019747594202840932,0.019747594202840932,0.00038996747680007676,0,1,0.039822258
r3_control,3,3,-0.040816788,-0.027305067,-0.020652367,-0.016306493,-0.012998349,-0.010235738,-0.0077681937,-0.0055981614,-0.0035530904,-0.0016779162,0.00020544577,0.002077002,0.0040129162,0.0059106997,0.008141075,0.010592635,0.013376722,0.016659722,0.02050788,0.026783152,0.037783306,0.00020544577,2023-01-27,2023-01-24,0.0099051495315105,-0.009699703758775099,0.009699703758775099,9.408425300799578e-05,1,1,0.04116025
r3_control,3,4,-0.04034219,-0.02682656,-0.020135038,-0.015778793,-0.0124449255,-0.009698121,-0.007229689,-0.0050631734,-0.0030029821,-0.0011424643,0.00071781676,0.0025715395,0.0044597588,0.0063477745,0.008531764,0.010940796,0.013703577,0.016914632,0.020679377,0.026870873,0.03762927,0.00071781676,2023-01-30,2023-01-24,-0.0204256152916658,0.02114343204963536,0.02114343204963536,0.00044704471883754766,0,0,0.040814415
r3_control,3,5,-0.040169384,-0.026846953,-0.020134231,-0.015845008,-0.01256101,-0.009852567,-0.0074402676,-0.0052938354,-0.0032292744,-0.001353167,0.0005137829,0.002380033,0.0043098014,0.006199493,0.008415235,0.01084409,0.013587921,0.016790353,0.02063172,0.026822338,0.03774574,0.0005137829,2023-01-31,2023-01-24,0.0148746010740544,-0.014360818174693295,0.014360818174693295,0.00020623309864660128,1,1,0.04076595
r3_control,4,1,-0.040681954,-0.026427178,-0.019406077,-0.0148751605,-0.011417658,-0.008555673,-0.006067956,-0.0038654746,-0.001779504,9.612374e-05,0.0019697177,0.0038649554,0.0057975743,0.0076932195,0.009931578,0.012365642,0.015168874,0.018477958,0.022438934,0.028766252,0.04061136,0.0019697177,2023-02-01,2023-01-31,0.0211582091057085,-0.01918849142988851,0.01918849142988851,0.0003681982033549047,1,1,0.04184501
r3_control,4,2,-0.041498985,-0.027690392,-0.020875426,-0.016428024,-0.012965827,-0.010114534,-0.0075619123,-0.005337043,-0.0031883547,-0.0012638245,0.0006562432,0.0026003292,0.0045862757,0.00655665,0.008880566,0.011423474,0.014340612,0.01778955,0.021777008,0.02832186,0.04014963,0.0006562432,2023-02-02,2023-01-31,0.0352610161728343,-0.03460477299197819,0.03460477299197819,0.0011974903138263434,1,0,0.042652436
r3_control,4,3,-0.042002868,-0.027998379,-0.02106257,-0.016531495,-0.013072448,-0.01018636,-0.007618026,-0.0053701294,-0.003260953,-0.0013309767,0.000601416,0.0025335317,0.004515171,0.0064803916,0.008776401,0.01130928,0.014184225,0.017581163,0.0215482,0.02805482,0.039861586,0.000601416,2023-02-03,2023-01-31,-0.017932327289362,0.018533743277419853,0.018533743277419853,0.0003434996398733056,0,1,0.042610772
r3_control,4,4,-0.040934086,-0.02736769,-0.020700984,-0.016335232,-0.012936103,-0.010123706,-0.0075768814,-0.005347198,-0.0032214974,-0.0013009203,0.0006080738,0.0025283492,0.004483583,0.006449289,0.0087231295,0.011240669,0.014132606,0.01749309,0.021441424,0.027948007,0.039715026,0.0006080738,2023-02-06,2023-01-31,-0.0084950927191433,0.009103166499456434,0.009103166499456434,8.28676403168259e-05,0,1,0.042142406
r3_control,4,5,-0.041277952,-0.027488016,-0.02056773,-0.016143816,-0.012752161,-0.009955063,-0.0074728588,-0.0052761766,-0.0031688914,-0.0012608545,0.00064737245,0.0025576379,0.0045449724,0.0064907833,0.008774182,0.011280244,0.014114243,0.01742418,0.021362057,0.027700316,0.039434124,0.00064737245,2023-02-07,2023-01-31,0.0205069744018541,-0.01985960195210588,0.01985960195210588,0.00039440378969608775,1,1,0.04192979
r3_control,5,1,-0.048534125,-0.031601384,-0.023584243,-0.018367892,-0.014346287,-0.011006448,-0.008101438,-0.005548707,-0.003143424,-0.00097046606,0.0011950844,0.0033978159,0.0056576678,0.007881,0.010501095,0.013345105,0.016610235,0.020428488,0.024937548,0.031852193,0.044074297,0.0011950844,2023-02-08,2023-02-07,-0.0179409360620829,0.019136020482115698,0.019136020482115698,0.00036618727989195154,0,1,0.04852179
r3_control,5,2,-0.049602907,-0.03292952,-0.02506401,-0.01989305,-0.01582186,-0.012456722,-0.009431739,-0.006809464,-0.0042855535,-0.0020315622,0.00020852889,0.0024827295,0.0048117116,0.007140048,0.009891532,0.012915129,0.016388716,0.020466486,0.025140304,0.03248982,0.044999722,0.00020852889,2023-02-09,2023-02-07,-0.0088773330739221,0.009085861960936937,0.009085861960936937,8.25528875732008e-05,0,1,0.050204314
r3_control,5,3,-0.050974764,-0.03381893,-0.025682483,-0.02030608,-0.016151857,-0.012690502,-0.0096032685,-0.006913911,-0.004378266,-0.0020608306,0.00025854167,0.0025687076,0.0049406406,0.0072993897,0.010064354,0.013112299,0.016550047,0.02055845,0.02514027,0.032404423,0.04485529,0.00025854167,2023-02-10,2023-02-07,-0.0065848338652944,0.0068433755312656795,0.0068433755312656795,4.6831788661925824e-05,0,1,0.050822753
r3_control,5,4,-0.049939506,-0.033190478,-0.025317298,-0.0200974,-0.01598138,-0.01258027,-0.009515865,-0.0068245283,-0.004243778,-0.0019192753,0.0003972863,0.0027051792,0.0050650705,0.007430035,0.010193657,0.013260814,0.016775897,0.020830039,0.025485158,0.032827735,0.0452872,0.0003972863,2023-02-13,2023-02-07,0.0158891323804265,-0.015491846089890796,0.015491846089890796,0.00023999729527286477,1,1,0.050802454
r3_control,5,5,-0.05037436,-0.033364154,-0.025156321,-0.019856954,-0.015740806,-0.0123403855,-0.009304857,-0.0066276896,-0.0040480075,-0.0017356894,0.0005590847,0.0028461255,0.0052143983,0.007539014,0.010269485,0.01326771,0.016636947,0.020518703,0.024976138,0.031845037,0.044162348,0.0005590847,2023-02-14,2023-02-07,0.0073621354680275,-0.006803050768538324,0.006803050768538324,4.6281499759309876e-05,1,1,0.05013246
r3_control,6,1,-0.040816106,-0.027503112,-0.021154078,-0.016968355,-0.01368805,-0.010948856,-0.008530816,-0.0063730245,-0.004320128,-0.0024503896,-0.0005827822,0.0013286918,0.0032883647,0.0051915473,0.0074236942,0.009837339,0.012593849,0.015847111,0.019748934,0.026159823,0.038108032,-0.0005827822,2023-02-15,2023-02-14,0.0076314809733262,-0.008214263175726468,0.008214263175726468,6.747411952009587e-05,0,1,0.04090301
r3_control,6,2,-0.04126558,-0.027474137,-0.020865878,-0.01655908,-0.0131785665,-0.010391489,-0.007889436,-0.005704811,-0.003594,-0.00169057,0.00021558051,0.0021544558,0.0041322587,0.0060820286,0.008358794,0.010812921,0.013604531,0.01689449,0.02072832,0.027119571,0.038755275,0.00021558051,2023-02-16,2023-02-14,-0.0189424734073557,0.019158053919659558,0.019158053919659558,0.00036703102998858294,0,1,0.0415942
r3_control,6,3,-0.0414286,-0.027669897,-0.020945597,-0.016485913,-0.0130351875,-0.010157707,-0.0075818314,-0.0053291735,-0.0032149327,-0.0012888671,0.0006427931,0.0025731425,0.004539417,0.0064597502,0.008690334,0.011128477,0.013892128,0.017189115,0.021100985,0.027642941,0.039646454,0.0006427931,2023-02-17,2023-02-14,-0.0070806970446996,0.007723490123140773,0.007723490123140773,5.965229968225308e-05,0,1,0.042046584
r3_control,6,4,-0.04086235,-0.027467325,-0.020937255,-0.016605416,-0.013205343,-0.01038933,-0.007833829,-0.005584083,-0.0034268154,-0.0014700114,0.00049555773,0.0024705622,0.004474953,0.006479818,0.008777508,0.01131229,0.014224143,0.01762511,0.021634588,0.028311927,0.040331464,0.00049555773,2023-02-21,2023-02-14,-0.0239597385794969,0.02445529631098003,0.02445529631098003,0.0005980615176578335,0,0,0.042571843
r3_control,6,5,-0.04080929,-0.027508186,-0.020856893,-0.016526159,-0.013152632,-0.010344988,-0.007833114,-0.0055989036,-0.0034438327,-0.0014941122,0.0004651947,0.0024226976,0.0044496865,0.006420775,0.008716748,0.011215455,0.014017582,0.01729689,0.02122903,0.027706696,0.039634317,0.0004651947,2023-02-22,2023-02-14,0.0007478792879324,-0.00028268459323454315,0.00028268459323454315,7.991057925217911e-08,1,1,0.042085923
r3_control,7,1,-0.04355449,-0.029185446,-0.022567714,-0.018287169,-0.014972338,-0.012203485,-0.009800511,-0.007669972,-0.0056576957,-0.003819707,-0.0019778453,-0.000107759515,0.0017982837,0.0036345809,0.005785444,0.008104909,0.010764637,0.013928583,0.017773274,0.024010371,0.035639904,-0.0019778453,2023-02-23,2023-02-22,0.0086960001826702,-0.010673845510598863,0.010673845510598863,0.0001139309779841315,0,1,0.04034099
r3_control,7,2,-0.044535033,-0.03001683,-0.02340501,-0.019087754,-0.015699942,-0.012881596,-0.010344158,-0.008126237,-0.006002128,-0.004077262,-0.0021280989,-0.00016185042,0.001850929,0.0038425084,0.006191892,0.008767218,0.011767471,0.015376792,0.019673495,0.026682472,0.038819566,-0.0021280989,2023-02-24,2023-02-22,-0.0168857319559351,0.014757633097414711,0.014757633097414711,0.00021778773463791012,1,1,0.043078505
r3_control,7,3,-0.04716162,-0.031229919,-0.023565065,-0.018500593,-0.014613802,-0.011380581,-0.008513984,-0.0060141096,-0.0036644305,-0.0014938611,0.0007256351,0.0029350892,0.005178048,0.0073384014,0.009820155,0.01253097,0.01556319,0.019142145,0.02329677,0.030177524,0.04260253,0.0007256351,2023-02-27,2023-02-22,0.0071359332098312,-0.0064102981152630665,0.0064102981152630665,4.109192192654522e-05,1,1,0.046861835
r3_control,7,4,-0.046641804,-0.03111788,-0.023857804,-0.019063022,-0.015286534,-0.012146088,-0.009306261,-0.006791459,-0.004365022,-0.0021302134,0.00015402974,0.0024163604,0.0047215284,0.0070066294,0.009630514,0.01252288,0.015829282,0.019712545,0.02424664,0.031618714,0.0446762,0.00015402974,2023-02-28,2023-02-22,-0.0012937763052507,0.0014478060432922724,0.0014478060432922724,2.0961423389936253e-06,0,1,0.048104443
r3_control,7,5,-0.0485065,-0.032592483,-0.02493805,-0.020038027,-0.016237328,-0.013080568,-0.010258781,-0.0077480692,-0.0053120833,-0.0030825501,-0.00082533585,0.0014468299,0.003790103,0.006080745,0.008748818,0.011672094,0.014958488,0.01884231,0.023423959,0.030825088,0.044060517,-0.00082533585,2023-03-01,2023-02-22,-0.0080716312184522,0.007246295364719078,0.007246295364719078,5.250879651274919e-05,1,1,0.04836201
r3_control,8,1,-0.039526414,-0.026738174,-0.020370448,-0.01613941,-0.012835488,-0.010060046,-0.0076151364,-0.0054490925,-0.0033924612,-0.0015302522,0.00032730488,0.0022104161,0.0041356985,0.006005145,0.008208757,0.01059038,0.0133190425,0.01653027,0.02037504,0.026591983,0.038182497,0.00032730488,2023-03-02,2023-03-01,0.0082418768716725,-0.007914571992934723,0.007914571992934723,6.264044983134672e-05,1,1,0.04074549
r3_control,8,2,-0.039686773,-0.026976477,-0.020610556,-0.01635512,-0.012987052,-0.01018648,-0.0076633804,-0.005463961,-0.0033374857,-0.0014371721,0.00046457368,0.0023865807,0.0043389997,0.0062605706,0.008516535,0.010971893,0.013775512,0.01708515,0.020956047,0.027350752,0.038947824,0.00046457368,2023-03-03,2023-03-01,0.020462795192698,-0.019998221515534428,0.019998221515534428,0.0003999288637843841,1,1,0.041566603
r3_control,8,3,-0.040080287,-0.027138855,-0.020606589,-0.01624516,-0.012874735,-0.01004522,-0.0075115673,-0.0052987835,-0.0032133458,-0.0013000391,0.00062127196,0.0025340337,0.004481019,0.006381772,0.008601249,0.011032452,0.013776542,0.017011607,0.020811677,0.027093386,0.038563006,0.00062127196,2023-03-06,2023-03-01,0.0011338980081591,-0.0005126260481874635,0.0005126260481874635,2.627854652802957e-07,1,1,0.041418266
r3_control,8,4,-0.03946239,-0.026692986,-0.020316761,-0.016074108,-0.012746601,-0.009977361,-0.007458996,-0.0052472837,-0.0031329158,-0.0012175083,0.0006926681,0.0025968014,0.004525583,0.0064436323,0.008655192,0.011100427,0.013895214,0.017146867,0.020980228,0.027317982,0.03871197,0.0006926681,2023-03-07,2023-03-01,-0.0123415330922968,0.013034201172161034,0.013034201172161034,0.00016989040019636407,0,1,0.04129699
r3_control,8,5,-0.04010306,-0.027086403,-0.020478904,-0.01619096,-0.012869867,-0.0101016695,-0.007620822,-0.0054087634,-0.0032760312,-0.0013431765,0.00058308145,0.002500605,0.004475186,0.0063954964,0.00864071,0.011112541,0.01389422,0.017147327,0.021026399,0.027289666,0.038794763,0.00058308145,2023-03-08,2023-03-01,0.0049816744576051,-0.0043985930096200766,0.0043985930096200766,1.93476204642786e-05,1,1,0.041505303
r3_control,9,1,-0.038104467,-0.023895796,-0.017376086,-0.013276256,-0.010176927,-0.007631757,-0.005429964,-0.0034632646,-0.0015990243,8.85856e-05,0.0017874446,0.003509233,0.0052671083,0.0069835084,0.009011376,0.0112018185,0.013714125,0.016689744,0.020295097,0.026232935,0.038380686,0.0017874446,2023-03-09,2023-03-08,-0.0174777454882048,0.019265190064825854,0.019265190064825854,0.00037114754823386483,0,0,0.037671182
r3_control,9,2,-0.039424792,-0.025050571,-0.018490953,-0.014376339,-0.011246255,-0.008690123,-0.006418634,-0.004428559,-0.0024997643,-0.0007599505,0.0009995594,0.002768139,0.0045757466,0.0063559334,0.008446055,0.010712612,0.013305498,0.016388869,0.020002028,0.026099332,0.03812442,0.0009995594,2023-03-10,2023-03-08,-0.0141430761934709,0.015142635608975236,0.015142635608975236,0.00022929941318620482,0,1,0.03849298
r3_control,9,3,-0.039601058,-0.025376188,-0.018788122,-0.014605973,-0.01145879,-0.008859507,-0.0065568923,-0.004542495,-0.0026532165,-0.0009262339,0.0008111776,0.0025517968,0.00433507,0.00609093,0.008149426,0.010426609,0.013021688,0.016126113,0.019840457,0.026081407,0.03846047,0.0008111776,2023-03-13,2023-03-08,0.0073889910625397,-0.006577813465624187,0.006577813465624187,4.3267629988546875e-05,1,1,0.03862858
r3_control,9,4,-0.039498217,-0.02557684,-0.01917373,-0.015075314,-0.01193558,-0.009353461,-0.0070271767,-0.004985133,-0.0030412304,-0.0012716531,0.00050441205,0.0022878456,0.004097368,0.005905269,0.007996348,0.010317821,0.012989786,0.016131138,0.019878836,0.026220502,0.03869658,0.00050441205,2023-03-14,2023-03-08,0.0227198468759511,-0.022215434827920457,0.022215434827920457,0.0004935255445935813,1,0,0.03905257
r3_control,9,5,-0.040184688,-0.025991144,-0.019282611,-0.015088872,-0.011915496,-0.00930117,-0.006986503,-0.004926386,-0.0029508555,-0.0011401539,0.0006864266,0.0025212907,0.0044087,0.0062485086,0.008399368,0.010761374,0.013435636,0.016594142,0.020409238,0.026724946,0.03939638,0.0006864266,2023-03-15,2023-03-08,0.0052320206903445,-0.004545594101544695,0.004545594101544695,2.0662425735997928e-05,1,1,0.03969185
r3_control,10,1,-0.04602317,-0.027210066,-0.019406056,-0.0147009,-0.011201679,-0.008356711,-0.005900543,-0.0037155272,-0.0016264453,0.0002558856,0.0021679006,0.0041109785,0.006097091,0.008042236,0.010346915,0.01283258,0.015692612,0.01906818,0.023195965,0.030187428,0.046096254,0.0021679006,2023-03-16,2023-03-15,0.0260194127605386,-0.023851512201977513,0.023851512201977513,0.0005688946343210822,1,0,0.04260202
r3_control,10,2,-0.048404343,-0.027897393,-0.019526362,-0.014492285,-0.010760111,-0.0077581382,-0.005141357,-0.0028456692,-0.00063967495,0.0013381917,0.0033522323,0.0053782994,0.0074768392,0.009559137,0.01202696,0.014738854,0.017875915,0.021601003,0.026022393,0.03368724,0.050920594,0.0033522323,2023-03-17,2023-03-15,-0.0047370347383138,0.008089267015707141,0.008089267015707141,6.543624085140752e-05,0,1,0.045548756
r3_control,10,3,-0.052273307,-0.03193584,-0.023611242,-0.018519687,-0.014734572,-0.011629918,-0.0088732755,-0.0064560426,-0.004180153,-0.002101654,2.0552878e-05,0.0021270076,0.004314413,0.00650677,0.009121556,0.012060708,0.015476368,0.019623598,0.02465492,0.033316623,0.052194633,2.0552878e-05,2023-03-20,2023-03-15,0.0035424803903469,-0.0035219275126609135,0.0035219275126609135,1.240397340443789e-05,1,1,0.04826616
r3_control,10,4,-0.050976913,-0.031121809,-0.023019753,-0.017953858,-0.014102924,-0.0109557,-0.008116557,-0.005629161,-0.0032448494,-0.0010607679,0.0011600757,0.0033698918,0.0056182565,0.007905455,0.01055729,0.013529105,0.016990008,0.021119086,0.02604951,0.034595504,0.052909993,0.0011600757,2023-03-21,2023-03-15,0.0141813144076155,-0.013021238752408463,0.013021238752408463,0.0001695526586472239,1,1,0.049069263
r3_control,10,5,-0.05146485,-0.03129772,-0.022768628,-0.017662141,-0.013829507,-0.010693144,-0.007933483,-0.0054661497,-0.0030846775,-0.00090153224,0.0013014043,0.003518615,0.0058047096,0.00807916,0.010737308,0.013679338,0.017058529,0.021057708,0.02584253,0.03400038,0.05205417,0.0013014043,2023-03-22,2023-03-15,-0.0136914171817484,0.014992821503314624,0.014992821503314624,0.00022478469663025338,0,1,0.048611157
r3_control,11,1,-0.040701028,-0.02641268,-0.01973775,-0.015385306,-0.012040797,-0.009254036,-0.006838919,-0.0046994304,-0.0026712876,-0.0008614431,0.00094085437,0.0027626394,0.004645088,0.006502587,0.008705558,0.011103318,0.013864309,0.01713827,0.021076025,0.02742661,0.03877678,0.00094085437,2023-03-23,2023-03-22,0.0117884985240139,-0.010847644153885536,0.010847644153885536,0.00011767138368932705,1,1,0.040813774
r3_control,11,2,-0.041721813,-0.027164219,-0.020352403,-0.015927289,-0.012509592,-0.009699351,-0.007204872,-0.005024728,-0.0029385195,-0.0010920024,0.00075416226,0.0026095263,0.004536985,0.006449082,0.008704017,0.011167496,0.0140056,0.017360585,0.021289472,0.027722167,0.039045326,0.00075416226,2023-03-24,2023-03-22,0.0036737147071858,-0.002919552445457603,0.002919552445457603,8.52378648177747e-06,1,1,0.041641876
r3_control,11,3,-0.042488247,-0.027819287,-0.020826407,-0.016240599,-0.012741414,-0.009850395,-0.0072867046,-0.005051406,-0.0029712152,-0.0010986401,0.00076310826,0.0026115912,0.0045376625,0.0064431424,0.008688897,0.011172595,0.014022271,0.017413283,0.021427598,0.027990576,0.039579608,0.00076310826,2023-03-27,2023-03-22,-0.0068751671728668,0.007638275428208449,0.007638275428208449,5.834325151717296e-05,0,1,0.042254005
r3_control,11,4,-0.041098613,-0.027117541,-0.020646114,-0.016357077,-0.013019232,-0.010256278,-0.0077464567,-0.0055414424,-0.0034456723,-0.001555139,0.00031860505,0.0021795232,0.0040873983,0.0060389214,0.008308205,0.010834795,0.013771731,0.017218584,0.021285472,0.027990898,0.039553866,0.00031860505,2023-03-28,2023-03-22,-0.0053255299509548,0.005644134996277129,0.005644134996277129,3.1856259856200225e-05,0,1,0.041931584
r3_control,11,5,-0.04131948,-0.02702386,-0.020123981,-0.015714725,-0.012354026,-0.009567498,-0.0071104188,-0.0049179615,-0.0028223412,-0.0009301789,0.0009343445,0.002795455,0.0047233696,0.0066398885,0.00888719,0.011364315,0.014182187,0.017481623,0.021428637,0.027789813,0.03918823,0.0009343445,2023-03-29,2023-03-22,0.0180695041814693,-0.01713515969792984,0.01713515969792984,0.00029361369787355904,1,1,0.04155262
r3_control,12,1,-0.034675714,-0.022336949,-0.01627836,-0.012461357,-0.0095870625,-0.007230676,-0.0052024815,-0.003412958,-0.0017228526,-0.00020572646,0.0013048714,0.002841201,0.004420404,0.005978579,0.007829603,0.009843754,0.0121600935,0.014919725,0.018269856,0.023802245,0.034595016,0.0013048714,2023-03-30,2023-03-29,0.0094208040587384,-0.008115932656057525,0.008115932656057525,6.586836287766096e-05,1,1,0.034548216
r3_control,12,2,-0.03598902,-0.023359535,-0.017135603,-0.013216811,-0.010263149,-0.007868575,-0.0057541085,-0.00392103,-0.0021599499,-0.0005956094,0.0009750192,0.0025556635,0.0041851304,0.005802104,0.00771577,0.009802632,0.012197768,0.015049745,0.018409664,0.024069289,0.03483619,0.0009750192,2023-03-31,2023-03-29,0.0164941723763124,-0.015519153194233859,0.015519153194233859,0.00024084411586609898,1,1,0.035545267
r3_control,12,3,-0.037053153,-0.024321316,-0.017974876,-0.013916119,-0.010882187,-0.008402213,-0.006222746,-0.0043312926,-0.002569441,-0.0009749916,0.00062139356,0.0022220325,0.0038845032,0.0055399784,0.0074957856,0.009657942,0.012136414,0.01511258,0.018672444,0.024618806,0.035937283,0.00062139356,2023-04-03,2023-03-29,-0.0024333940319017,0.003054787587676985,0.003054787587676985,9.331727205825374e-06,0,1,0.03664732
r3_control,12,4,-0.036138315,-0.023744402,-0.017649725,-0.013724966,-0.010755863,-0.0083429795,-0.0061806324,-0.0043066596,-0.0025281364,-0.0009259307,0.00066942046,0.0022712552,0.0039106016,0.005579959,0.0075193197,0.009685491,0.012195115,0.015159849,0.018695302,0.024649989,0.035781357,0.00066942046,2023-04-04,2023-03-29,-0.0033789779525106,0.004048398416474943,0.004048398416474943,1.6389529738516824e-05,0,1,0.036345027
r3_control,12,5,-0.036368668,-0.023838084,-0.017520245,-0.013548978,-0.010581224,-0.00815806,-0.0060316673,-0.004154197,-0.0023611472,-0.0007348162,0.0008896537,0.0025257855,0.0042303833,0.005916319,0.00790521,0.0100999065,0.012609147,0.015592576,0.019203229,0.02516963,0.036543466,0.0008896537,2023-04-05,2023-03-29,-0.0099217046698915,0.010811358359119498,0.010811358359119498,0.00011688546956930304,0,1,0.036723472
r3_control,13,1,-0.030639524,-0.020161819,-0.014971468,-0.011528851,-0.008825171,-0.006562062,-0.0045481087,-0.0027368893,-0.0010012693,0.0005736712,0.002159846,0.0037584575,0.005367445,0.0069291038,0.008762944,0.010716481,0.012949151,0.015560512,0.018675094,0.023637759,0.033028938,0.002159846,2023-04-06,2023-04-05,0.0067195768010278,-0.0045597307857532755,0.0045597307857532755,2.0791144838546184e-05,1,1,0.03364656
r3_control,13,2,-0.031026904,-0.020602655,-0.015379803,-0.011899045,-0.009147303,-0.006849072,-0.0047682775,-0.0029389053,-0.0011477345,0.00047029078,0.0021008411,0.0037373868,0.005390882,0.0069896146,0.008845222,0.010846204,0.013078567,0.015676036,0.018683502,0.023609426,0.032928538,0.0021008411,2023-04-10,2023-04-05,-0.0005661991030468,0.0026670402452839866,0.0026670402452839866,7.1131036699644675e-06,0,1,0.034063306
r3_control,13,3,-0.03156554,-0.021289943,-0.016063794,-0.01253673,-0.009780942,-0.00745244,-0.005353762,-0.003502293,-0.0017485587,-0.00014040203,0.001488109,0.003111822,0.0047570197,0.006351472,0.008201297,0.010220624,0.012473576,0.015139132,0.018259266,0.023362871,0.032862414,0.001488109,2023-04-11,2023-04-05,-0.0064381489962189,0.007926257999040048,0.007926257999040048,6.282556586734634e-05,0,1,0.03432306
r3_control,13,4,-0.031141482,-0.021173012,-0.01622427,-0.012876256,-0.010204654,-0.007946843,-0.0058598886,-0.0040062577,-0.0022171875,-0.00057762343,0.0010811659,0.0027462537,0.00442138,0.0060824887,0.0079755625,0.010062119,0.0124245025,0.015151658,0.018351814,0.023570403,0.033090685,0.0010811659,2023-04-12,2023-04-05,-0.0088732423491183,0.009954408206731387,0.009954408206731387,9.909024274624119e-05,0,1,0.034576084
r3_control,13,5,-0.03203947,-0.021694591,-0.016485447,-0.013045347,-0.010343307,-0.008062375,-0.005997894,-0.0041369614,-0.0023263865,-0.000658229,0.0010301827,0.0027319677,0.0044710967,0.006154426,0.008099786,0.01022269,0.012581892,0.015315107,0.018530801,0.023615224,0.03316042,0.0010301827,2023-04-13,2023-04-05,0.0193929675084669,-0.018362784809725346,0.018362784809725346,0.0003371918659682799,1,0,0.035016246
r3_control,14,1,-0.032090858,-0.020692665,-0.015225545,-0.011706941,-0.009000051,-0.0067466497,-0.0047806483,-0.0030278773,-0.0013641203,0.00014090503,0.0016454465,0.0031753962,0.0047351765,0.006266908,0.0080790715,0.01004284,0.012294059,0.01495314,0.018147418,0.023286995,0.033026427,0.0016454465,2023-04-14,2023-04-13,-0.0018816519287805,0.003527098450941865,0.003527098450941865,1.2440423482636502e-05,0,1,0.03337296
r3_control,14,2,-0.03317002,-0.021770194,-0.016288238,-0.012757823,-0.010027042,-0.007767969,-0.0057399687,-0.0039678914,-0.0022442222,-0.000695236,0.0008563554,0.002425148,0.004020174,0.005594147,0.007450097,0.009465677,0.011761128,0.014473,0.017623387,0.022826592,0.032427825,0.0008563554,2023-04-17,2023-04-13,0.0008471181588541,9.237255871740076e-06,9.237255871740076e-06,8.53268960399965e-11,1,1,0.033911623
r3_control,14,3,-0.033925556,-0.022407653,-0.016808465,-0.013162979,-0.0103758555,-0.008051495,-0.0059869965,-0.0041754083,-0.0024737571,-0.0009176881,0.0006472921,0.002217946,0.0038245213,0.0054114996,0.0072694835,0.009307352,0.011613584,0.014354983,0.01757568,0.022858713,0.032601766,0.0006472921,2023-04-18,2023-04-13,6.280041075873191e-05,0.0005844917124174255,0.0005844917124174255,3.416305618846545e-07,1,1,0.034384146
r3_control,14,4,-0.033252083,-0.021986417,-0.01659112,-0.013070179,-0.010342918,-0.00808691,-0.0060427785,-0.004252333,-0.0025442145,-0.0009921454,0.0005619015,0.0021316437,0.0037256698,0.005322831,0.0071604764,0.0091979625,0.011523858,0.014243411,0.01746081,0.022759533,0.032486185,0.0005619015,2023-04-19,2023-04-13,-0.0004704163280929,0.0010323178127090008,0.0010323178127090008,1.0656800664362958e-06,0,1,0.034051932
r3_control,14,5,-0.03333206,-0.022099592,-0.01656993,-0.013020167,-0.010310619,-0.00806648,-0.0060700565,-0.004302711,-0.0026066122,-0.0010631104,0.00049741834,0.002069402,0.0037039614,0.0053004464,0.0071738786,0.009226933,0.011543025,0.014272405,0.017531684,0.022814265,0.032740075,0.00049741834,2023-04-20,2023-04-13,-0.0076538410755792,0.008151259414943431,0.008151259414943431,6.644303004970392e-05,0,1,0.034101613
r3_control,15,1,-0.024956228,-0.016096424,-0.011827497,-0.009126542,-0.0070733055,-0.0053908774,-0.0039312127,-0.0026365952,-0.0014126011,-0.00031935528,0.000770775,0.0018782686,0.0030067496,0.004107632,0.00540695,0.006805851,0.008400034,0.0102819335,0.012554273,0.016316673,0.023827955,0.000770775,2023-04-21,2023-04-20,0.0010425101363159,-0.00027173511712469444,0.00027173511712469444,7.38399738787714e-08,1,1,0.02438177
r3_control,15,2,-0.02590431,-0.01695781,-0.012677483,-0.009955524,-0.007881074,-0.006178063,-0.00465621,-0.0033296226,-0.0020398232,-0.00088985113,0.00027018794,0.001444912,0.0026437636,0.003825415,0.0052249166,0.006743229,0.008469494,0.010527708,0.0129378885,0.016936222,0.024642274,0.00027018794,2023-04-24,2023-04-20,-0.0020865018792049,0.002356689821283237,0.002356689821283237,5.553986913740016e-06,0,1,0.025615372
r3_control,15,3,-0.026351694,-0.017251989,-0.012823742,-0.009989785,-0.007837953,-0.006056027,-0.0044795843,-0.00310417,-0.0018152868,-0.0006440008,0.0005385544,0.00173051,0.002948436,0.0041396595,0.005539409,0.0070787473,0.008815002,0.010893233,0.013342591,0.017378911,0.025271026,0.0005385544,2023-04-25,2023-04-20,-0.0190439519412711,0.019582506333094808,0.019582506333094808,0.00038347455428569825,0,0,0.026166333
r3_control,15,4,-0.026508253,-0.017339312,-0.012910696,-0.01007751,-0.007926261,-0.00617275,-0.0045956336,-0.0032310027,-0.0019315161,-0.00075653236,0.00042831257,0.0016233642,0.002834059,0.004047438,0.005435234,0.0069671674,0.008716453,0.010777416,0.01321451,0.017291935,0.025068667,0.00042831257,2023-04-26,2023-04-20,0.0060463247687046,-0.005618012194191343,0.005618012194191343,3.156206101408263e-05,1,1,0.026125206
r3_control,15,5,-0.026480226,-0.017460655,-0.0130349025,-0.010250969,-0.008151889,-0.0064226673,-0.0048871967,-0.0035276557,-0.002224425,-0.0010347888,0.00016729391,0.001376323,0.0026212058,0.0038334355,0.0052556293,0.006816356,0.008575246,0.010671487,0.013212979,0.017404413,0.02551939,0.00016729391,2023-04-27,2023-04-20,0.0268277234258742,-0.026660429515238566,0.026660429515238566,0.0007107785019370037,1,0,0.026247881
r3_control,16,1,-0.029199861,-0.019083356,-0.014218938,-0.01106755,-0.008596458,-0.006537745,-0.004712704,-0.0030620322,-0.0014710319,-1.949603e-05,0.0014532419,0.0029559012,0.0044621895,0.005922726,0.0076278127,0.009460628,0.0115352515,0.013971558,0.016868979,0.021536117,0.030560952,0.0014532419,2023-04-28,2023-04-27,0.0068750159256159,-0.00542177401017385,0.00542177401017385,2.9395633417396634e-05,1,1,0.031087916
r3_control,16,2,-0.030337447,-0.020077027,-0.015080399,-0.011840947,-0.00929012,-0.0071736085,-0.0052591483,-0.0035733718,-0.0019066251,-0.0004014828,0.0011282929,0.002677853,0.0042213895,0.0057269325,0.0074708257,0.009337565,0.011421926,0.013861134,0.01666644,0.021327466,0.030264756,0.0011282929,2023-05-01,2023-04-27,-0.0011474643211766,0.002275757196541023,0.002275757196541023,5.179070817608256e-06,0,1,0.03174684
r3_control,16,3,-0.031060416,-0.02079732,-0.015842417,-0.012610425,-0.0100968825,-0.007984551,-0.006083634,-0.004397095,-0.0027905519,-0.0013145452,0.00019839896,0.00173281,0.003279337,0.004809486,0.006590418,0.008524574,0.010698712,0.013276872,0.016285682,0.021188594,0.030372625,0.00019839896,2023-05-02,2023-04-27,-0.0087599178883239,0.00895831685245422,0.00895831685245422,8.025144082896527e-05,0,1,0.0321281
r3_control,16,4,-0.03036286,-0.020441106,-0.015745092,-0.012659537,-0.010224684,-0.008181046,-0.006292241,-0.004625762,-0.003007791,-0.0015194714,-9.22582e-06,0.0015321096,0.0030671752,0.0045979824,0.0063319094,0.008238701,0.010398296,0.012917544,0.015879434,0.020751275,0.029816082,-9.22582e-06,2023-05-03,2023-04-27,-0.0065654694599192,0.006556243640251864,0.006556243640251864,4.2984330670343016e-05,1,1,0.031624526
r3_control,16,5,-0.030190451,-0.020281272,-0.015440243,-0.012318436,-0.00988864,-0.007861285,-0.006042919,-0.004418457,-0.0028434708,-0.0013923235,0.00010684124,0.001620777,0.0031780459,0.0046850336,0.006437025,0.008339283,0.010462129,0.012962421,0.015924986,0.020711623,0.02982576,0.00010684124,2023-05-04,2023-04-27,-0.0035360465834588,0.0036428878219071964,0.0036428878219071964,1.3270631682999758e-05,0,1,0.03136523
r3_control,17,1,-0.024375673,-0.015412784,-0.011193447,-0.008593119,-0.0066358307,-0.005033487,-0.0036394408,-0.0023914932,-0.0011960899,-0.00011718167,0.0009746493,0.0020833274,0.0031987892,0.004292687,0.005574911,0.0069657783,0.008545331,0.010421814,0.012677753,0.016410977,0.023894407,0.0009746493,2023-05-05,2023-05-04,0.0210316998006338,-0.020057050528240365,0.020057050528240365,0.00040228527589238706,1,0,0.0238712
r3_control,17,2,-0.024057837,-0.015131886,-0.010929543,-0.008309359,-0.0063361865,-0.0047321278,-0.003302527,-0.0020575875,-0.00084113365,0.00025002542,0.0013536147,0.0024691154,0.00359626,0.0046947952,0.005977164,0.007366548,0.008920743,0.010765189,0.0129164,0.016520105,0.023750285,0.0013536147,2023-05-08,2023-05-04,0.0024743442720162,-0.001120729541255745,0.001120729541255745,1.2560347046433129e-06,1,1,0.023845943
r3_control,17,3,-0.02437715,-0.015426343,-0.011210844,-0.0086003505,-0.006649609,-0.0050521814,-0.0036387597,-0.0024034078,-0.0012415005,-0.00017753572,0.0009052568,0.0020008225,0.0031156295,0.0042155874,0.0055077975,0.006940656,0.008548533,0.010483747,0.012761748,0.016486641,0.023839952,0.0009052568,2023-05-09,2023-05-04,-0.0063534401697938,0.007258696946398601,0.007258696946398601,5.268868135965638e-05,0,1,0.023972593
r3_control,17,4,-0.024952495,-0.01576062,-0.011417446,-0.008732234,-0.0067313365,-0.005115357,-0.0036652912,-0.0024226534,-0.0012423849,-0.00017699061,0.0008976189,0.0019874494,0.0030838365,0.0041834963,0.0054371757,0.006839616,0.00843045,0.010315396,0.012540932,0.01622584,0.023446662,0.0008976189,2023-05-10,2023-05-04,0.0108230081340718,-0.009925389250316743,0.009925389250316743,9.851335177030315e-05,1,1,0.023958378
r3_control,17,5,-0.02532186,-0.01621261,-0.0119333165,-0.009316496,-0.0073631224,-0.0057531167,-0.0043327394,-0.0030711093,-0.0018555459,-0.00073452736,0.00041223795,0.0015656905,0.0027383317,0.0038809867,0.0052222223,0.0066949427,0.00834555,0.010323273,0.012702932,0.01655483,0.024134886,0.00041223795,2023-05-11,2023-05-04,0.0032548086431355,-0.0028425706962601064,0.0028425706962601064,8.080208163236665e-06,1,1,0.024636248
r3_control,18,1,-0.021531317,-0.013968366,-0.010229677,-0.007872276,-0.006067605,-0.0045936937,-0.0033101772,-0.0021839002,-0.0011177306,-0.00016812923,0.0007645807,0.0017182837,0.0026951656,0.0036598952,0.0047976007,0.0060321186,0.0074405214,0.009112242,0.011123985,0.014498276,0.021274036,0.0007645807,2023-05-12,2023-05-11,-0.0035931080239036,0.004357688700235716,0.004357688700235716,1.8989450808162045e-05,0,1,0.021353662
r3_control,18,2,-0.02196009,-0.014316117,-0.010508041,-0.008082785,-0.0062201177,-0.00470333,-0.0033465074,-0.0021894847,-0.0010674726,-8.3767896e-05,0.0008873181,0.0018769352,0.0028792925,0.0038808428,0.0050595724,0.006344408,0.007786013,0.009505132,0.0115310745,0.014950529,0.021741992,0.0008873181,2023-05-15,2023-05-11,0.0054001509528436,-0.004512832846009755,0.004512832846009755,2.0365660296024504e-05,1,1,0.022039115
r3_control,18,3,-0.022922622,-0.015018324,-0.011082849,-0.008561187,-0.0066393116,-0.0050557316,-0.003659139,-0.002450262,-0.0013184684,-0.00029901604,0.00071613677,0.0017402206,0.002793969,0.0038482766,0.005092351,0.0064739697,0.008027361,0.009898126,0.01210162,0.015738416,0.022806093,0.00071613677,2023-05-16,2023-05-11,0.0011317018770057,-0.00041556510854542624,0.00041556510854542624,1.726943594403719e-07,1,1,0.02318447
r3_control,18,4,-0.02339945,-0.015326258,-0.011331158,-0.0087622935,-0.0068030814,-0.005213321,-0.0037811946,-0.0025503116,-0.0013759226,-0.00032381876,0.00073686865,0.0018103208,0.0028997015,0.003993739,0.005243945,0.006638127,0.008220579,0.010092658,0.01230117,0.015978586,0.022998357,0.00073686865,2023-05-17,2023-05-11,0.0120316188721409,-0.011294750222885416,0.011294750222885416,0.00012757138259737014,1,1,0.023632329
r3_control,18,5,-0.022888968,-0.015091605,-0.011163663,-0.00866142,-0.006767243,-0.0052090655,-0.0038222233,-0.0026117174,-0.001453468,-0.00041432754,0.00063341844,0.0016854585,0.0027731778,0.003838365,0.005097532,0.00648914,0.008047047,0.009910383,0.012162434,0.015897015,0.023165967,0.00063341844,2023-05-18,2023-05-11,0.0184027146388466,-0.017769296195233847,0.017769296195233847,0.0003157478872739521,1,0,0.023326097
r3_control,19,1,-0.022056438,-0.014343008,-0.010417183,-0.0079443585,-0.006051273,-0.0045064553,-0.0031612155,-0.0019579113,-0.00080654246,0.00023155427,0.0012800581,0.0023461236,0.00341208,0.0044349907,0.005618133,0.0068762833,0.008276402,0.009915897,0.011851146,0.014938294,0.021058047,0.0012800581,2023-05-19,2023-05-18,-0.0022558587156006,0.003535916774510672,0.003535916774510672,1.2502707436265953e-05,0,1,0.022268329
r3_control,19,2,-0.022784585,-0.01488385,-0.010903349,-0.0083834035,-0.0064576543,-0.004896927,-0.0035061555,-0.0023085615,-0.0011367346,-9.5047784e-05,0.0009698541,0.0020425909,0.0031124146,0.0041570417,0.0053743315,0.0066801016,0.008144939,0.00987148,0.011871992,0.015087207,0.021199442,0.0009698541,2023-05-22,2023-05-18,0.003352598639055,-0.002382744513767616,0.002382744513767616,5.677471417889674e-06,1,1,0.02277534
r3_control,19,3,-0.022742372,-0.014771677,-0.01071297,-0.008139107,-0.0061794636,-0.0045736856,-0.003158961,-0.0019269901,-0.0007654905,0.00028409425,0.0013572212,0.002431636,0.0035109038,0.004561076,0.005775372,0.0070969583,0.008563574,0.010303296,0.012321775,0.0155284535,0.02175405,0.0013572212,2023-05-23,2023-05-18,-0.0127575831205775,0.014114804281592832,0.014114804281592832,0.00019922769990767135,0,0,0.023034744
r3_control,19,4,-0.022895489,-0.014808982,-0.010635438,-0.007986093,-0.0059871343,-0.0043780413,-0.0029383078,-0.0017125071,-0.00055229105,0.0004924567,0.0015532968,0.0026235625,0.0036825596,0.0047315042,0.0059095235,0.0072010267,0.00865114,0.01033593,0.01227594,0.015390583,0.021453565,0.0015532968,2023-05-24,2023-05-18,-0.0051424875099382,0.006695784319954236,0.006695784319954236,4.4833527659345006e-05,0,1,0.022911377
r3_control,19,5,-0.02189399,-0.014296937,-0.010353034,-0.007848018,-0.005938047,-0.0043694545,-0.0029843391,-0.0017728602,-0.0006220827,0.00042087171,0.0014861735,0.002547102,0.0036114713,0.0046294867,0.0058122277,0.0070988876,0.008531175,0.010218112,0.012211447,0.015374601,0.02164196,0.0014861735,2023-05-25,2023-05-18,0.0240414859954386,-0.022555312513758148,0.022555312513758148,0.000508742122593295,1,0,0.022564482
r3_control,20,1,-0.02483525,-0.015673969,-0.011169636,-0.008302445,-0.006116917,-0.0043191547,-0.0027519697,-0.0013473589,-1.184587e-05,0.0011929234,0.0024085084,0.00363462,0.0048682624,0.0060736444,0.0074905106,0.009011555,0.010733854,0.012752473,0.01514349,0.018895032,0.026393868,0.0024085084,2023-05-26,2023-05-25,0.0252296513550687,-0.022821142910863772,0.022821142910863772,0.0005208045637580678,1,0,0.026313126
r3_control,20,2,-0.025249949,-0.016201364,-0.011750529,-0.008904479,-0.0067234295,-0.004933615,-0.0033303278,-0.0019281992,-0.0005518873,0.00068468635,0.0019356126,0.0031955598,0.0044624154,0.005692773,0.0071252203,0.008664317,0.010376845,0.012361524,0.0146373,0.018319968,0.025649037,0.0019356126,2023-05-30,2023-05-25,0.0045246532534874,-0.002589040610349826,0.002589040610349826,6.7031312820406e-06,1,1,0.02638783
r3_control,20,3,-0.025663177,-0.016638279,-0.012205686,-0.009366835,-0.0072064586,-0.0054136417,-0.003824357,-0.0024248376,-0.0011072389,9.76655e-05,0.0013195504,0.0025476103,0.0037986075,0.0050383247,0.006479827,0.008061076,0.009825375,0.01190452,0.014322591,0.018154604,0.025623953,0.0013195504,2023-05-31,2023-05-25,-0.0057024013032606,0.007021951746701276,0.007021951746701276,4.9307806333001095e-05,0,1,0.026528277
r3_control,20,4,-0.025427863,-0.016607016,-0.012329941,-0.009599353,-0.0075015705,-0.0057654497,-0.00418128,-0.0027984232,-0.0014758338,-0.00026637677,0.0009542585,0.0021949613,0.003438766,0.0046782545,0.0060902145,0.0076492527,0.009406402,0.011442529,0.013810001,0.017612286,0.025010638,0.0009542585,2023-06-01,2023-05-25,0.0114859799462648,-0.010531721457773622,0.010531721457773622,0.00011091715686412935,1,1,0.026139941
r3_control,20,5,-0.024667406,-0.016036356,-0.011792439,-0.0091003105,-0.0070379665,-0.005316601,-0.0037820954,-0.0024263242,-0.0011297729,5.736475e-05,0.0012637941,0.0024802024,0.0037280505,0.004935764,0.0063495273,0.007892493,0.009620807,0.011646447,0.014029267,0.017790606,0.025284654,0.0012637941,2023-06-02,2023-05-25,0.0074717597119565,-0.006207965571997582,0.006207965571997582,3.853883654310727e-05,1,1,0.025821706
r3_control,21,1,-0.023706693,-0.015431991,-0.011220436,-0.008539977,-0.006501387,-0.0048216414,-0.0033549627,-0.002056161,-0.00082718825,0.0002680604,0.0013521458,0.0024493015,0.0035732472,0.00468008,0.005982118,0.0073901676,0.008993899,0.010876679,0.013120693,0.016736163,0.023803338,0.0013521458,2023-06-05,2023-06-02,0.0007045504264739,0.0006475953757557429,0.0006475953757557429,4.193797707002218e-07,1,1,0.024341129
r3_control,21,2,-0.02414238,-0.015824366,-0.0116247265,-0.008940868,-0.0068941703,-0.0052124974,-0.0037071686,-0.0024013636,-0.001135342,-1.662261e-05,0.0010989379,0.002231728,0.0033831284,0.0045231828,0.005867881,0.0073283585,0.008976335,0.010921995,0.013180666,0.016873848,0.023910666,0.0010989379,2023-06-06,2023-06-02,-0.0001691905428187,0.0012681284798772084,0.0012681284798772084,1.6081498414756793e-06,0,1,0.024805393
r3_control,21,3,-0.024868296,-0.016417056,-0.0120966295,-0.009335087,-0.007240932,-0.005508071,-0.003973065,-0.0026313916,-0.0013775163,-0.00024452637,0.0008897587,0.0020266834,0.0031998754,0.0043612635,0.005724449,0.007224293,0.008914382,0.010930266,0.013298636,0.017148381,0.024499727,0.0008897587,2023-06-07,2023-06-02,-0.0171107318366459,0.018000490532494185,0.018000490532494185,0.0003240176594104128,0,0,0.025395267
r3_control,21,4,-0.02474502,-0.016219316,-0.0119247055,-0.009178158,-0.0070892805,-0.005376314,-0.0038269062,-0.0024879915,-0.0012150723,-7.2499504e-05,0.0010714772,0.0022306577,0.0034046413,0.004586306,0.0059387092,0.007433538,0.009135605,0.011120965,0.013435036,0.01720858,0.024288176,0.0010714772,2023-06-08,2023-06-02,0.0123367327936661,-0.01126525560121206,0.01126525560121206,0.00012690598376063967,1,1,0.025359742
r3_control,21,5,-0.024421502,-0.016099535,-0.011876334,-0.009193652,-0.00714478,-0.005441956,-0.003923743,-0.0025845703,-0.0012995783,-0.00013356243,0.0010345649,0.0022110671,0.003422671,0.0046085306,0.006001225,0.007525631,0.009232774,0.011235315,0.013604524,0.01740698,0.024712324,0.0010345649,2023-06-09,2023-06-02,0.0038155301771962,-0.0027809652564951136,0.0027809652564951136,7.733767757832933e-06,1,1,0.025480859
r3_control,22,1,-0.023154616,-0.014850571,-0.01081442,-0.008272533,-0.0063321376,-0.0047408687,-0.0033480686,-0.0021115567,-0.0009382644,0.000118427,0.0011693505,0.0022361102,0.0033154662,0.00437716,0.005624881,0.006970141,0.00850362,0.010325294,0.012514287,0.016132992,0.023321774,0.0011693505,2023-06-12,2023-06-09,0.0167558990218552,-0.01558654855795821,0.01558654855795821,0.00024294049594958915,1,0,0.023328707
r3_control,22,2,-0.02329734,-0.015049712,-0.011071487,-0.008564603,-0.006647788,-0.0050816974,-0.003675261,-0.0024616015,-0.0012789468,-0.00022497546,0.0008327088,0.0019104974,0.0029974272,0.0040761186,0.0053475024,0.0067306478,0.008289536,0.010156542,0.012351234,0.016033731,0.023191743,0.0008327088,2023-06-13,2023-06-09,0.0076545720961307,-0.006821863310820312,0.006821863310820312,4.653781903151627e-05,1,1,0.023422722
r3_control,22,3,-0.023715224,-0.015313671,-0.011253068,-0.008696899,-0.0067562815,-0.0051510353,-0.0037244791,-0.0024750517,-0.0012979506,-0.00022621785,0.00085931417,0.0019514452,0.0030587772,0.004153219,0.0054328367,0.0068397075,0.008422141,0.0103368,0.012607156,0.016396599,0.023871059,0.00085931417,2023-06-14,2023-06-09,0.0072412842753781,-0.006381970107040368,0.006381970107040368,4.072954244715684e-05,1,1,0.023860224
r3_control,22,4,-0.024068085,-0.015426671,-0.011220401,-0.008578859,-0.0065796524,-0.004960954,-0.003506943,-0.0022576724,-0.0010665915,1.6632694e-06,0.0010815667,0.0021799523,0.0032839798,0.0043869587,0.0056475755,0.007044385,0.008633045,0.010514513,0.012740831,0.016472246,0.023663014,0.0010815667,2023-06-15,2023-06-09,0.0118453596174816,-0.010763792941915463,0.010763792941915463,0.00011585923849642915,1,1,0.023961231
r3_control,22,5,-0.02330837,-0.015040996,-0.011003737,-0.0084682405,-0.006534826,-0.004937146,-0.0035086216,-0.0022521634,-0.001045395,4.6190376e-05,0.0011545528,0.0022645153,0.0033915732,0.004484616,0.005762132,0.007168011,0.008742422,0.010628597,0.012910276,0.016705459,0.024168545,0.0011545528,2023-06-16,2023-06-09,-0.0063128088774829,0.0074673616734071465,0.0074673616734071465,5.576149036146998e-05,0,1,0.023914013
r3_control,23,1,-0.023765704,-0.01546342,-0.0111711705,-0.008460285,-0.00640323,-0.0047158822,-0.0032368742,-0.001918092,-0.00065593387,0.00047728344,0.0016177115,0.00276823,0.003919962,0.0050401413,0.006346128,0.0077386633,0.009311962,0.0111535005,0.013344898,0.016888084,0.023889901,0.0016177115,2023-06-20,2023-06-16,-0.0014325067080124,0.003050218211071072,0.003050218211071072,9.303831135149611e-06,0,1,0.024516068
r3_control,23,2,-0.024241967,-0.015704127,-0.011358373,-0.008598489,-0.0065003624,-0.0047914176,-0.0032641697,-0.0019374023,-0.00064133306,0.00051438663,0.0016857084,0.0028674537,0.0040519154,0.0052029365,0.0065390947,0.007974352,0.009577838,0.01145024,0.013615021,0.017165214,0.024064038,0.0016857084,2023-06-21,2023-06-16,-0.0137214581073898,0.015407166519359045,0.015407166519359045,0.00023738078015525833,0,0,0.024973392
r3_control,23,3,-0.02429718,-0.015867174,-0.011502204,-0.008739204,-0.0066489773,-0.004922882,-0.003390861,-0.0020533681,-0.0007945609,0.00034791694,0.0015158913,0.0026800737,0.0038629107,0.005023759,0.006375935,0.00785975,0.009513225,0.011471232,0.013756909,0.017447818,0.024586715,0.0015158913,2023-06-22,2023-06-16,0.011729675160402,-0.010213783873857497,0.010213783873857497,0.00010432138102187146,1,1,0.025259115
r3_control,23,4,-0.02394678,-0.015407605,-0.011016608,-0.008254024,-0.006160649,-0.0044548204,-0.0029169885,-0.0015973285,-0.00035131842,0.00076879293,0.00189859,0.0030358478,0.004167817,0.0052937865,0.0065664877,0.007966544,0.009547959,0.011390162,0.013542181,0.01706609,0.023908922,0.00189859,2023-06-23,2023-06-16,-0.0099627606043514,0.011861350614010929,0.011861350614010929,0.00014069163838849745,0,1,0.02455879
r3_control,23,5,-0.022901032,-0.014868027,-0.010760134,-0.00818041,-0.0061999294,-0.0045506293,-0.0030764807,-0.0017727743,-0.0005243942,0.0006105582,0.0017566758,0.0028968113,0.0040432806,0.0051508355,0.0064397226,0.007848937,0.009427243,0.011285685,0.013510718,0.017098997,0.024125097,0.0017566758,2023-06-26,2023-06-16,-0.0134962083103563,0.015252884084587854,0.015252884084587854,0.00023265047289787344,0,0,0.024270851
r3_control,24,1,-0.023994235,-0.015662357,-0.011432694,-0.008682203,-0.0065563326,-0.0047905156,-0.0032328018,-0.0018374752,-0.0005112345,0.0006893488,0.0018931029,0.003110071,0.004328535,0.005507936,0.0068845637,0.0083455285,0.009996111,0.011929041,0.014232172,0.017899552,0.0248956,0.0018931029,2023-06-27,2023-06-26,0.0170480945144602,-0.015154991624579662,0.015154991624579662,0.0002296737711410797,1,0,0.025664866
r3_control,24,2,-0.023990963,-0.015768144,-0.01162169,-0.0089003695,-0.0067768046,-0.005011851,-0.0034119773,-0.0020031473,-0.0006208117,0.0006250846,0.0018784977,0.0031442367,0.004406922,0.0056296024,0.007040313,0.008550581,0.010223338,0.012175249,0.0144281825,0.01814052,0.025171924,0.0018784977,2023-06-28,2023-06-26,0.0019496425274241,-7.114487098932557e-05,7.114487098932557e-05,5.061592668087778e-09,1,1,0.026049873
r3_control,24,3,-0.023916228,-0.015730655,-0.011581731,-0.008856773,-0.006747695,-0.00497559,-0.0033830786,-0.0019758332,-0.0006469652,0.000566893,0.0017915176,0.0030154767,0.0042402935,0.0054305918,0.0068025715,0.008302215,0.009972017,0.01196048,0.014297024,0.018111918,0.02530726,0.0017915176,2023-06-29,2023-06-26,-0.0020047757929046,0.0037962933923904145,0.0037962933923904145,1.4411843521107121e-05,0,1,0.025878755
r3_control,24,4,-0.024519142,-0.016053831,-0.011733659,-0.008929194,-0.0067753172,-0.0050056456,-0.0033996692,-0.0020050018,-0.00067893567,0.0005201771,0.0017292269,0.0029479095,0.004167718,0.0053715575,0.00673016,0.0082180565,0.009882702,0.011815933,0.014077961,0.017768038,0.024649855,0.0017292269,2023-06-30,2023-06-26,0.0153026439258629,-0.013573417021872989,0.013573417021872989,0.0001842376496496714,1,0,0.02581162
r3_control,24,5,-0.024016716,-0.015976327,-0.011872786,-0.00921471,-0.0071554016,-0.005420565,-0.0038622185,-0.002460265,-0.0011091732,0.00012503991,0.0013820617,0.0026381223,0.003911261,0.005131707,0.0065386062,0.008058797,0.009738854,0.011691218,0.014020592,0.017755745,0.02483329,0.0013820617,2023-07-03,2023-06-26,0.0023520286544612,-0.0009699669084897587,0.0009699669084897587,9.4083580356518e-07,1,1,0.025893379
r3_control,25,1,-0.022874277,-0.014597386,-0.01051086,-0.008020013,-0.006150162,-0.004648107,-0.0033581564,-0.002223646,-0.0011372752,-0.00016540253,0.0008270846,0.001843332,0.0028616332,0.0038565556,0.0050161164,0.0062760226,0.007702417,0.0094084125,0.011477249,0.014994545,0.022361737,0.0008270846,2023-07-05,2023-07-03,-2.6749910601002063e-05,0.0008538344970909478,0.0008538344970909478,7.290333484225517e-07,0,1,0.021988109
r3_control,25,2,-0.022999614,-0.014642205,-0.01052894,-0.0079929475,-0.0060867565,-0.0045575253,-0.0032194038,-0.0020776116,-0.00096362596,1.7159982e-05,0.0010236333,0.0020413923,0.0030510712,0.004046715,0.0052080704,0.0064647193,0.00788711,0.009597016,0.011637909,0.0151211675,0.022360312,0.0010236333,2023-07-06,2023-07-03,-0.0076450088604561,0.008668642149606994,0.008668642149606994,7.514535671794297e-05,0,1,0.022166848
r3_control,25,3,-0.023506833,-0.014901464,-0.010688256,-0.008106418,-0.0061872974,-0.0046281773,-0.0032660833,-0.0020955342,-0.0009930982,1.4374644e-05,0.001058127,0.0021030665,0.0031400628,0.004156216,0.005331881,0.006611018,0.00804364,0.009784603,0.011869055,0.015393594,0.022845743,0.001058127,2023-07-07,2023-07-03,-0.0033255356303529,0.004383662662945793,0.004383662662945793,1.9216498342505e-05,0,1,0.02255731
r3_control,25,4,-0.023873057,-0.015094771,-0.010755399,-0.008079318,-0.006093721,-0.004512639,-0.003107013,-0.001925101,-0.00080761,0.0001987344,0.0012258436,0.002266254,0.0032921666,0.00432417,0.0054864627,0.0067820465,0.0082619,0.010039125,0.012156052,0.015753284,0.02314309,0.0012258436,2023-07-10,2023-07-03,0.0003273731723106,0.0008984703876399902,0.0008984703876399902,8.072490374659542e-07,1,1,0.022911452
r3_control,25,5,-0.023215912,-0.014814603,-0.010656385,-0.008088498,-0.0061586276,-0.004583366,-0.0032032772,-0.0019965358,-0.00084313925,0.00020822727,0.0012887385,0.0023666336,0.00344037,0.00447786,0.0056915535,0.0070341206,0.008559199,0.010419799,0.012687062,0.016479127,0.02427606,0.0012887385,2023-07-11,2023-07-03,0.0049285637019557,-0.0036398252509889243,0.0036398252509889243,1.3248327857736586e-05,1,1,0.023343448
r3_control,26,1,-0.020478817,-0.012988022,-0.009605335,-0.007501766,-0.005869991,-0.0045269704,-0.0033584845,-0.002304758,-0.0012829717,-0.00036356092,0.0005821324,0.0015564791,0.0025185726,0.0034368215,0.004503858,0.005651421,0.006940527,0.008479488,0.010347002,0.013438005,0.019399961,0.0005821324,2023-07-12,2023-07-11,0.0125509115297961,-0.011968779157722272,0.011968779157722272,0.00014325167452632705,1,0,0.019952338
r3_control,26,2,-0.020867748,-0.013269588,-0.009846864,-0.0076847975,-0.0059981667,-0.0046100607,-0.0033666107,-0.002280327,-0.0012125812,-0.00025441014,0.00074025936,0.0017451578,0.0027409063,0.003706891,0.004831317,0.006026207,0.007359792,0.008961491,0.0108463215,0.013976854,0.019949783,0.00074025936,2023-07-13,2023-07-11,0.0168359401762764,-0.016095680814357385,0.016095680814357385,0.0002590709408776724,1,0,0.020693187
r3_control,26,3,-0.022775266,-0.014792957,-0.011204182,-0.008943712,-0.0072112107,-0.0057659866,-0.004465932,-0.003314088,-0.0022078007,-0.0011857088,-0.00010554952,0.0009743386,0.0020532112,0.0030959663,0.00430073,0.0055979583,0.0070427675,0.008776348,0.0108368285,0.014184792,0.020430965,-0.00010554952,2023-07-14,2023-07-11,-0.0002109015467391,0.00010535202359786489,0.00010535202359786489,1.1099048876165082e-08,1,1,0.022041012
r3_control,26,4,-0.022979131,-0.014745053,-0.010976918,-0.008582263,-0.006736991,-0.005220257,-0.0038264613,-0.0026030068,-0.0014167111,-0.00030521274,0.00085050636,0.0020016923,0.0031264205,0.004238843,0.005480391,0.0068275523,0.008348891,0.010138837,0.012241634,0.015643798,0.021937765,0.00085050636,2023-07-17,2023-07-11,0.0092953861151,-0.00844487975538871,0.00844487975538871,7.131599408297409e-05,1,1,0.023218552
r3_control,26,5,-0.022286989,-0.014137523,-0.010329898,-0.0079212515,-0.006064263,-0.004506645,-0.0031170996,-0.0018617898,-0.0006331511,0.0005125482,0.0017065785,0.0028982593,0.0040664664,0.005174143,0.006431914,0.0077900253,0.009315449,0.011138399,0.013311922,0.01682072,0.023466311,0.0017065785,2023-07-18,2023-07-11,0.0081472340462976,-0.006440655510338475,0.006440655510338475,4.1482043402853353e-05,1,1,0.023641821
r3_control,27,1,-0.020754019,-0.013453851,-0.009847318,-0.00757284,-0.0058189495,-0.004375237,-0.0031152673,-0.001986081,-0.00089201884,8.260856e-05,0.0010744483,0.0020824648,0.0030832477,0.0040512653,0.005168115,0.006361384,0.0076906728,0.009248049,0.011093556,0.014072212,0.020030856,0.0010744483,2023-07-19,2023-07-18,-0.0002332234596016,0.0013076718038993072,0.0013076718038993072,1.7100055467132682e-06,0,1,0.020940874
r3_control,27,2,-0.020815605,-0.01344389,-0.009839034,-0.007545621,-0.0057743713,-0.004328157,-0.0030360643,-0.0019149528,-0.0008079718,0.0001679269,0.0011690675,0.0021738939,0.0031726619,0.0041449885,0.0052656867,0.0064605656,0.007794039,0.009362349,0.011176527,0.014130841,0.01999501,0.0011690675,2023-07-20,2023-07-18,-0.0233218944619509,0.02449096192020053,0.02449096192020053,0.0005998072157767124,0,0,0.02101556
r3_control,27,3,-0.020825652,-0.01331339,-0.009627057,-0.0072994037,-0.0055257273,-0.004060437,-0.0027622299,-0.0016350768,-0.0005732102,0.00038501457,0.0013685535,0.0023530729,0.0033397682,0.004301377,0.0054065697,0.0066057183,0.007929951,0.009502536,0.0113328025,0.014258123,0.020103293,0.0013685535,2023-07-21,2023-07-18,-0.0030036478442139,0.004372201338317153,0.004372201338317153,1.9116144542782303e-05,0,1,0.02095986
r3_control,27,4,-0.020911878,-0.013354142,-0.009610324,-0.007235486,-0.005425549,-0.0039554248,-0.0026276985,-0.0014964369,-0.00042355643,0.0005384479,0.0015095839,0.0024857374,0.0034413356,0.004400993,0.0054704724,0.006647115,0.007969263,0.009516549,0.011305183,0.014213651,0.01999954,0.0015095839,2023-07-24,2023-07-18,0.001595926555765,-8.634265135708144e-05,8.634265135708144e-05,7.455053443370517e-09,1,1,0.020915508
r3_control,27,5,-0.02032693,-0.013151377,-0.00953892,-0.007255973,-0.0055040442,-0.0040518567,-0.0027658413,-0.0016348648,-0.00055707863,0.00041727955,0.0014096296,0.0023966136,0.0033793373,0.004329982,0.005429748,0.006627128,0.00796425,0.009550123,0.011434975,0.014452699,0.020530405,0.0014096296,2023-07-25,2023-07-18,0.0067548667537705,-0.00534523716109851,0.00534523716109851,2.8571560308388453e-05,1,1,0.020973895
r3_control,28,1,-0.022514386,-0.013764832,-0.009539373,-0.006965062,-0.005075515,-0.0035628607,-0.0022864523,-0.001177185,-0.00014302187,0.0007698543,0.0016745359,0.002587612,0.0035220506,0.0044526258,0.00556411,0.0067730867,0.008167941,0.0098384395,0.01187738,0.015279811,0.022189846,0.0016745359,2023-07-26,2023-07-25,-0.0033320030631799,0.005006538980298092,0.005006538980298092,2.506543256124426e-05,0,1,0.021416754
r3_control,28,2,-0.023270197,-0.014542151,-0.010325774,-0.0077316966,-0.0058089206,-0.00426535,-0.002910701,-0.0017425889,-0.0006153785,0.00037815454,0.001381724,0.0023886927,0.0034180528,0.0044339807,0.005632098,0.006930986,0.008404541,0.010162563,0.012229954,0.015743572,0.022787731,0.001381724,2023-07-27,2023-07-25,-0.0023868178677164,0.003768541892839221,0.003768541892839221,1.420190799808422e-05,0,1,0.022555728
r3_control,28,3,-0.023996038,-0.015081307,-0.010822753,-0.008217554,-0.006296783,-0.0047350004,-0.0033679628,-0.0021831857,-0.0010705205,-5.5377503e-05,0.00097155385,0.001995883,0.0030447976,0.004081192,0.005295775,0.006632185,0.0081457235,0.009971808,0.012149224,0.015820945,0.023144934,0.00097155385,2023-07-28,2023-07-25,0.0180508396179979,-0.01707928577080418,0.01707928577080418,0.00029170200244079417,1,0,0.022971977
r3_control,28,4,-0.02425571,-0.015172768,-0.010775514,-0.008064788,-0.006076107,-0.0044898656,-0.0030852985,-0.0018954842,-0.00078076683,0.00021990165,0.0012198942,0.0022303,0.0032539465,0.00429557,0.0054942975,0.0068347994,0.008374157,0.010210867,0.012395722,0.01607852,0.023215994,0.0012198942,2023-07-31,2023-07-25,0.000521392842211,0.0006985013127176246,0.0006985013127176246,4.879040838682448e-07,1,1,0.023171235
r3_control,28,5,-0.024219822,-0.015349233,-0.011035592,-0.008379143,-0.0064119175,-0.0048035556,-0.0034021495,-0.002171168,-0.0010047905,5.7748824e-05,0.0011272506,0.002200074,0.0032970004,0.0043768813,0.0056496575,0.0070554456,0.00866083,0.010592622,0.012944495,0.01683663,0.024401903,0.0011272506,2023-08-01,2023-07-25,-0.0023224135397624,0.003449664148750506,0.003449664148750506,1.1900182739174554e-05,0,1,0.023980089
r3_control,29,1,-0.024070611,-0.01511421,-0.010861894,-0.008238042,-0.006262414,-0.004650738,-0.0032512804,-0.0020004413,-0.00079535594,0.00028452097,0.0013930354,0.0025181838,0.0036368677,0.004714564,0.005969379,0.0073140417,0.008822076,0.01059914,0.012731179,0.016202284,0.02314814,0.0013930354,2023-08-02,2023-08-01,-0.0221886192819113,0.023581654685364113,0.023581654685364113,0.0005560944376997553,0,0,0.023593072
r3_control,29,2,-0.024622144,-0.015435262,-0.011146776,-0.008475461,-0.006452341,-0.004804678,-0.0033392108,-0.002058513,-0.0007983478,0.00033024466,0.001496434,0.0026696713,0.0038421096,0.0049643544,0.006263088,0.0076528387,0.009195466,0.011012891,0.013129405,0.016609322,0.023564398,0.001496434,2023-08-03,2023-08-01,-0.0016038595662548,0.0031002935451551134,0.0031002935451551134,9.61182006613046e-06,0,1,0.024276182
r3_control,29,3,-0.024711847,-0.015595833,-0.011288002,-0.008621463,-0.006616113,-0.004957387,-0.0034873527,-0.002199453,-0.0009841209,0.00012916618,0.0012849631,0.0024420875,0.0036030984,0.0047226963,0.0060180984,0.007436403,0.009009558,0.010896527,0.013123826,0.016743261,0.023988143,0.0012849631,2023-08-04,2023-08-01,-0.0046927748078882,0.005977737909968128,0.005977737909968128,3.573335052027012e-05,0,1,0.024411827
r3_control,29,4,-0.024772031,-0.01567265,-0.011424529,-0.008791371,-0.0067973887,-0.0051626773,-0.003671188,-0.002380221,-0.0011443201,-1.1735232e-05,0.0011566468,0.0023368273,0.0034999247,0.004649997,0.005938152,0.007351539,0.008941614,0.01080624,0.012997375,0.0165841,0.023650162,0.0011566468,2023-08-07,2023-08-01,0.0084313684432052,-0.007274721684887252,0.007274721684887252,5.2921575592568824e-05,1,1,0.024421904
r3_control,29,5,-0.02464033,-0.015653389,-0.011448688,-0.008864593,-0.0068930415,-0.0052569066,-0.0038075987,-0.0025173007,-0.0012770188,-0.00012297205,0.0010644172,0.0022638652,0.003460902,0.0046115653,0.0059426166,0.007395063,0.00902411,0.010953236,0.013247289,0.016898379,0.02418303,0.0010644172,2023-08-08,2023-08-01,-0.0085387037068401,0.009603120892101946,0.009603120892101946,9.221993086832488e-05,0,1,0.024695978
r3_control,30,1,-0.026844598,-0.017325586,-0.012944071,-0.010216592,-0.008164336,-0.0064999685,-0.0050816233,-0.0038251819,-0.0026291327,-0.00155486,-0.00046387827,0.0006431324,0.0017755515,0.0028908164,0.0042224275,0.00569041,0.0073939115,0.009479525,0.012076906,0.01662796,0.025937596,-0.00046387827,2023-08-09,2023-08-08,-0.0110554963224507,0.010591618052212062,0.010591618052212062,0.00011218237296394443,1,1,0.025020976
r3_control,30,2,-0.026231745,-0.01658537,-0.0121759605,-0.009435319,-0.0073648402,-0.005689453,-0.004220942,-0.002951284,-0.0017322911,-0.0006492283,0.00045967987,0.0015739073,0.0027094777,0.003830021,0.0051567676,0.0066059325,0.008286191,0.010342409,0.012838374,0.017235167,0.026119035,0.00045967987,2023-08-10,2023-08-08,0.0018464159928446,-0.0013867361247723287,0.0013867361247723287,1.9230370797485755e-06,1,1,0.025014333
r3_control,30,3,-0.02661543,-0.016742125,-0.012297309,-0.009559825,-0.0075120227,-0.0058407933,-0.0043771975,-0.0030982697,-0.0019004812,-0.0008052116,0.00031909207,0.0014416723,0.0025853491,0.0037039774,0.005030592,0.006493258,0.008172213,0.01023281,0.012756946,0.017130435,0.026100462,0.00031909207,2023-08-11,2023-08-08,-0.0063958634790211,0.006714955547842291,0.006714955547842291,4.5090628009497965e-05,0,1,0.025054254
r3_control,30,4,-0.027243553,-0.017177891,-0.012532437,-0.009643979,-0.0074996906,-0.0057930844,-0.0042706183,-0.0029749554,-0.0017548595,-0.0006437235,0.00048373517,0.001622109,0.0027650087,0.0039215256,0.0052439533,0.0067270985,0.008455199,0.010557851,0.013141579,0.017657248,0.026641713,0.00048373517,2023-08-14,2023-08-08,0.0111595394982643,-0.010675804324789302,0.010675804324789302,0.00011397279798118997,1,1,0.025674015
r3_control,30,5,-0.026167596,-0.01654975,-0.012021296,-0.009202237,-0.0070994785,-0.005384128,-0.0038885975,-0.0025677201,-0.001312935,-0.00016221432,0.0010042777,0.002171816,0.003351736,0.0045130956,0.0058794855,0.007408034,0.009180453,0.011374688,0.014145688,0.018950935,0.028500374,0.0010042777,2023-08-15,2023-08-08,-0.0106682657008915,0.011672543429389483,0.011672543429389483,0.00013624827011098358,0,1,0.026166983
r3_control,31,1,-0.024438817,-0.015280423,-0.010823762,-0.008133935,-0.006163895,-0.0045889183,-0.0032543396,-0.0020862825,-0.0009775057,9.504078e-06,0.001007103,0.0020233982,0.003046432,0.0040377425,0.0052028396,0.0064764023,0.007938156,0.009707165,0.0118927825,0.015669275,0.023822559,0.001007103,2023-08-16,2023-08-15,-0.0106454049149103,0.0116525079268537,0.0116525079268537,0.0001357809409853883,0,1,0.022716545
r3_control,31,2,-0.025958583,-0.016507301,-0.011986258,-0.009244855,-0.0072401026,-0.0056432,-0.004255569,-0.0030675204,-0.0019168447,-0.00089917006,0.00015063949,0.00120867,0.0022828914,0.0033462967,0.0046149045,0.006011444,0.0076404414,0.00962541,0.0120228445,0.01613485,0.02457433,0.00015063949,2023-08-17,2023-08-15,-0.0109830747314802,0.011133714222519528,0.011133714222519528,0.00012395959238873362,0,1,0.024009103
r3_control,31,3,-0.02612587,-0.01647517,-0.011821439,-0.008994575,-0.006910776,-0.0052165925,-0.0037445736,-0.0024661603,-0.0012748716,-0.00018360867,0.00093946105,0.0020698758,0.003205471,0.004310761,0.005607015,0.0070448364,0.0086927395,0.010708632,0.0131441355,0.017279383,0.026066924,0.00093946105,2023-08-18,2023-08-15,-0.0012557773095976,0.0021952383629466775,0.0021952383629466775,4.819071470152808e-06,0,1,0.024965573
r3_control,31,4,-0.02589625,-0.016400475,-0.011804649,-0.0089978725,-0.0069370535,-0.005289427,-0.0038273,-0.0025860185,-0.0014122797,-0.00034007296,0.0007526026,0.0018635512,0.0029738455,0.004087612,0.0053523034,0.0067598172,0.008392692,0.010367905,0.012751163,0.016868113,0.025379458,0.0007526026,2023-08-21,2023-08-15,0.0159831687795263,-0.01523056619207228,0.01523056619207228,0.00023197014653109508,1,0,0.024555812
r3_control,31,5,-0.02505865,-0.015896164,-0.011445089,-0.008749332,-0.006749567,-0.0051240404,-0.0037083135,-0.0024731024,-0.0013010971,-0.00023167854,0.00085598254,0.001941863,0.0030383742,0.004112054,0.0053837723,0.006810044,0.008456095,0.010488345,0.013008314,0.017296704,0.026116306,0.00085598254,2023-08-22,2023-08-15,-0.0014299050643682,0.0022858876008182284,0.0022858876008182284,5.2252821235745164e-06,0,1,0.024453403
r3_control,32,1,-0.019861251,-0.012257174,-0.008724284,-0.00651949,-0.004835192,-0.0034639656,-0.0022875858,-0.0012320293,-0.00021829562,0.0006803279,0.0016034081,0.002531549,0.0034426772,0.004318258,0.0053390507,0.0064292145,0.007665191,0.009144932,0.0109400535,0.013909669,0.019806737,0.0016034081,2023-08-23,2023-08-22,0.0156453750178487,-0.014041966883306296,0.014041966883306296,0.00019717683395187072,1,0,0.019664338
r3_control,32,2,-0.020556254,-0.012917559,-0.009430618,-0.0072530215,-0.005578497,-0.0042153914,-0.0030021518,-0.0019413902,-0.0008940573,3.5777877e-05,0.0010051364,0.0019764337,0.0029453894,0.00388841,0.0049853283,0.0061595845,0.0074893152,0.009080105,0.010932938,0.014014528,0.01996964,0.0010051364,2023-08-24,2023-08-22,-0.021607367593535,0.02261250400144678,0.02261250400144678,0.0005113253372154466,0,0,0.020363556
r3_control,32,3,-0.021267004,-0.013446328,-0.009935387,-0.007754431,-0.006089665,-0.0047121625,-0.0034791206,-0.0023882005,-0.001345045,-0.00039222772,0.00061360624,0.0016163543,0.002621184,0.0035948597,0.004721601,0.005943985,0.007311343,0.008952383,0.010892626,0.014051997,0.02018352,0.00061360624,2023-08-25,2023-08-22,0.0077213756064449,-0.007107769362584924,0.007107769362584924,5.052038531170089e-05,1,1,0.020828012
r3_control,32,4,-0.021383235,-0.013571393,-0.0099559305,-0.007677073,-0.0059458544,-0.0045373132,-0.0032567768,-0.0021582416,-0.0011042253,-0.000135977,0.00086229993,0.001870472,0.0028543526,0.0038465047,0.004954737,0.006167272,0.0075464323,0.009179056,0.0110997055,0.014281642,0.020364443,0.00086229993,2023-08-28,2023-08-22,0.0074991678284883,-0.006636867898184011,0.006636867898184011,4.404801549794545e-05,1,1,0.021055635
r3_control,32,5,-0.021011485,-0.013465327,-0.009947101,-0.0077378983,-0.006031905,-0.0046164263,-0.0033630272,-0.0022409034,-0.0011599907,-0.00015908903,0.00087056856,0.0019053041,0.0029280747,0.0039197407,0.005066255,0.0063159354,0.007741332,0.009453009,0.011519276,0.014873344,0.021308443,0.00087056856,2023-08-29,2023-08-22,0.0216047048707227,-0.02073413630935501,0.02073413630935501,0.00042990440849491383,1,0,0.021466376
r3_control,33,1,-0.027138736,-0.016884126,-0.011975771,-0.008936998,-0.0066514397,-0.004768668,-0.0031244701,-0.0016207994,-0.00014529187,0.0012083971,0.002618603,0.0040494655,0.0054552304,0.0068164994,0.008376613,0.010034674,0.01189406,0.014056612,0.016597047,0.020557923,0.028272944,0.002618603,2023-08-30,2023-08-29,0.0055611096663493,-0.002942506723673948,0.002942506723673948,8.658345818866392e-06,1,1,0.028572818
r3_control,33,2,-0.027060313,-0.017004807,-0.012258791,-0.0093179755,-0.00708906,-0.005268673,-0.0036279582,-0.0021686617,-0.0007075816,0.0006225565,0.0020078002,0.0034035358,0.0047755996,0.0061053443,0.0076139327,0.009211407,0.010987282,0.013044223,0.015371852,0.019148944,0.02639235,0.0020078002,2023-08-31,2023-08-29,0.0029940241883801,-0.000986224033992149,0.000986224033992149,9.726378452237473e-07,1,1,0.027630642
r3_control,33,3,-0.027054053,-0.017049188,-0.012349887,-0.009479796,-0.007332906,-0.005553009,-0.003950213,-0.0025192236,-0.001142689,0.00013891529,0.0014914033,0.0028514927,0.0041962783,0.0055040633,0.006978105,0.008551362,0.010299547,0.012344096,0.0147122815,0.018514147,0.025920661,0.0014914033,2023-09-01,2023-08-29,-0.0010586031472088,0.002550006470807006,0.002550006470807006,6.502533001157601e-06,0,1,0.027062168
r3_control,33,4,-0.026874531,-0.017016634,-0.012370446,-0.009511497,-0.007354442,-0.005573211,-0.0039372547,-0.0025036058,-0.0011100902,0.00018566825,0.0015151162,0.0028649182,0.0041770833,0.0054883463,0.006935752,0.008507211,0.010270105,0.012308006,0.014672326,0.01848372,0.025898155,0.0015151162,2023-09-05,2023-08-29,0.0012704357526035,0.00024468044072827803,0.00024468044072827803,5.986851807498438e-08,1,1,0.027042773
r3_control,33,5,-0.02636674,-0.016868105,-0.012364847,-0.009614148,-0.007503338,-0.005741347,-0.004176106,-0.0027673547,-0.0013951161,-0.000116645766,0.0012120672,0.002546193,0.0038767036,0.005153703,0.006625268,0.00820156,0.009963269,0.012025109,0.014475813,0.01835759,0.025937328,0.0012120672,2023-09-06,2023-08-29,-0.0088471703969042,0.010059237600500434,0.010059237600500434,0.00010118826110332174,0,1,0.02684066
r3_control,34,1,-0.022260452,-0.01422906,-0.010160829,-0.0076423935,-0.005769723,-0.004265915,-0.0029891466,-0.0018801136,-0.0008369591,8.6244705e-05,0.0010052441,0.0019397682,0.0028934677,0.003829765,0.004938858,0.0061570383,0.007557474,0.009248317,0.011331481,0.014911355,0.02202387,0.0010052441,2023-09-07,2023-09-06,-0.0071771395992647,0.008182383691349167,0.008182383691349167,6.695140287245682e-05,0,1,0.02149231
r3_control,34,2,-0.022747945,-0.014679283,-0.010606698,-0.008059248,-0.006156329,-0.004622801,-0.0032786953,-0.0021339785,-0.0010326913,-7.0514994e-05,0.0008997504,0.0018790794,0.002874722,0.0038613465,0.005034311,0.0063296924,0.0078111035,0.009604429,0.011756316,0.01544809,0.022606106,0.0008997504,2023-09-08,2023-09-06,0.0013965694170855,-0.0004968190269954518,0.0004968190269954518,2.4682914558470744e-07,1,1,0.022363015
r3_control,34,3,-0.023628231,-0.015352535,-0.011132392,-0.008484104,-0.0065008667,-0.004884205,-0.0034769322,-0.0022646773,-0.0011345687,-0.000109483844,0.00092634314,0.001968566,0.0030377181,0.0040893,0.00533777,0.0067402436,0.008334106,0.010275676,0.012589794,0.016464336,0.023862889,0.00092634314,2023-09-11,2023-09-06,0.0117140049677535,-0.010787661825698526,0.010787661825698526,0.00011637364766563325,1,1,0.023722187
r3_control,34,4,-0.024217535,-0.015707973,-0.01138432,-0.008665024,-0.006639677,-0.0050131152,-0.003563819,-0.0023327873,-0.0011700578,-0.00011445891,0.0009613897,0.0020471537,0.0031465665,0.004241762,0.0054922453,0.006897854,0.008516224,0.010468339,0.012801593,0.01675257,0.024115037,0.0009613897,2023-09-12,2023-09-06,-0.0111505421770686,0.01211193186072127,0.01211193186072127,0.000146698893398755,0,1,0.024185915
r3_control,34,5,-0.024148423,-0.015775478,-0.0115070455,-0.008830583,-0.0068280343,-0.0051913685,-0.0037606072,-0.0025118175,-0.0013188566,-0.00022652355,0.00087939226,0.0019835292,0.0030993563,0.0041850987,0.0054667057,0.006901858,0.008537209,0.010530085,0.01297085,0.01704726,0.02466534,0.00087939226,2023-09-13,2023-09-06,0.003801875337276,-0.0029224830765904367,0.0029224830765904367,8.540907332957504e-06,1,1,0.024477895
r3_control,35,1,-0.018720398,-0.011844669,-0.008603737,-0.006597646,-0.0050682216,-0.0038313863,-0.0027740297,-0.0018352527,-0.0009332221,-0.00012708193,0.0006933101,0.0015341704,0.0023773094,0.003201155,0.004175523,0.0052409125,0.0064683985,0.007958797,0.00981222,0.012943506,0.019197682,0.0006933101,2023-09-14,2023-09-13,0.0081439473666954,-0.007450637256331291,0.007450637256331291,5.5511995525431864e-05,1,1,0.018415958
r3_control,35,2,-0.018716075,-0.011706209,-0.008366845,-0.006255051,-0.0046272064,-0.0033069816,-0.0021302924,-0.001115217,-0.00011682258,0.0007665631,0.0016714148,0.002573075,0.0034645954,0.0043454356,0.005369468,0.0064803544,0.007748968,0.009291609,0.01113713,0.014267632,0.020510564,0.0016714148,2023-09-15,2023-09-13,-0.0172713450484119,0.01894275987075191,0.01894275987075191,0.00035882815152096895,0,0,0.019503973
r3_control,35,3,-0.019594677,-0.012109769,-0.008561981,-0.0063098217,-0.00458616,-0.0031690649,-0.0019302367,-0.0008529655,0.00015693865,0.0010749461,0.002016076,0.0029639108,0.0039168787,0.004850551,0.0059311953,0.007137638,0.008505181,0.010171441,0.012165504,0.015454389,0.021901324,0.002016076,2023-09-18,2023-09-13,0.0010419800872549,0.000974095799531084,0.000974095799531084,9.488626266641019e-07,1,1,0.020727485
r3_control,35,4,-0.020858785,-0.013265506,-0.009571867,-0.0072098714,-0.0054167896,-0.0039738733,-0.0026760967,-0.0015610304,-0.0004942319,0.0004812996,0.0014810665,0.0024865088,0.003476398,0.0044663106,0.005574902,0.0068062395,0.008207602,0.009889141,0.011891361,0.015238134,0.021712244,0.0014810665,2023-09-19,2023-09-13,-0.0021335824115804,0.003614648869507627,0.003614648869507627,1.3065686449832767e-05,0,1,0.021463228
r3_control,35,5,-0.021159092,-0.013767398,-0.010180154,-0.007914012,-0.0061881645,-0.0047688186,-0.003516374,-0.0023976555,-0.0013175057,-0.00031744567,0.00072176935,0.0017651183,0.0028088985,0.003816105,0.004995331,0.0062906495,0.007763674,0.009551235,0.011748373,0.015378004,0.022343744,0.00072176935,2023-09-20,2023-09-13,-0.0145151657423048,0.015236935091488686,0.015236935091488686,0.00023216419098223934,0,0,0.021928526
r3_control,36,1,-0.021865534,-0.01424877,-0.010606122,-0.008287284,-0.0064875083,-0.004988159,-0.0036703,-0.002467458,-0.0013032437,-0.0002536227,0.0008333978,0.0019302818,0.0030124506,0.004040936,0.0052276654,0.0064764344,0.007876266,0.009534761,0.011512472,0.014716473,0.020814063,0.0008333978,2023-09-21,2023-09-20,-0.0184944984894994,0.01932789627889202,0.01932789627889202,0.00037356757456760806,0,0,0.022118594
r3_control,36,2,-0.021864178,-0.014245052,-0.010652017,-0.008350418,-0.006563261,-0.0050769667,-0.003732144,-0.0025408063,-0.0013648332,-0.0003041536,0.00080105424,0.0019094064,0.0030129254,0.004082002,0.005319134,0.0066445223,0.00814582,0.009937587,0.012018816,0.015401166,0.0215502,0.00080105424,2023-09-22,2023-09-20,0.0001396564678419,0.0006613977691028648,0.0006613977691028648,4.374470089742465e-07,1,1,0.022670832
r3_control,36,3,-0.021086333,-0.01341304,-0.009755881,-0.0074025956,-0.005574419,-0.0040259166,-0.0026276275,-0.0013823274,-0.0002021229,0.0008720165,0.0019819073,0.00307919,0.0041781566,0.0052326224,0.006453289,0.007791115,0.009292273,0.011094408,0.013222777,0.01659567,0.02286325,0.0019819073,2023-09-25,2023-09-20,0.0047386490510759,-0.002756741759738052,0.002756741759738052,7.599625129883652e-06,1,1,0.022978658
r3_control,36,4,-0.021347836,-0.013579885,-0.009799025,-0.0073633012,-0.005491571,-0.0039489185,-0.0025355376,-0.0013094244,-0.00013634862,0.0009411084,0.0020437143,0.0031423906,0.0042134863,0.005271868,0.0064499476,0.007735515,0.009184432,0.010887972,0.012886502,0.016117802,0.022147357,0.0020437143,2023-09-26,2023-09-20,-0.0151302101202984,0.01717392440146996,0.01717392440146996,0.00029494367934740535,0,0,0.022685528
r3_control,36,5,-0.02138888,-0.013812985,-0.010085699,-0.007695814,-0.0058416864,-0.004284005,-0.0028955697,-0.00164567,-0.00044086776,0.0006705581,0.001812645,0.0029519955,0.004062954,0.005121708,0.006336492,0.007647198,0.009117033,0.010840368,0.01289422,0.016169468,0.02235883,0.001812645,2023-09-27,2023-09-20,0.0023405542696593,-0.0005279092683223678,0.0005279092683223678,2.7868819558065774e-07,1,1,0.022979919
r3_control,37,1,-0.024504807,-0.015808307,-0.011668899,-0.009059173,-0.007050032,-0.005394115,-0.00396067,-0.0026710874,-0.0014304793,-0.0003122515,0.0008341485,0.0019975468,0.0031562094,0.0042685485,0.0055646286,0.006958136,0.008521367,0.010382214,0.01263586,0.016352877,0.023746582,0.0008341485,2023-09-28,2023-09-27,0.0083304344476373,-0.007496285954041879,0.007496285954041879,5.6194303104765555e-05,1,1,0.024304759
r3_control,37,2,-0.024498753,-0.015763793,-0.0116372835,-0.009016429,-0.0069921366,-0.005332269,-0.0038535325,-0.0025643208,-0.0013032565,-0.00017410476,0.0009905819,0.0021556707,0.0033100068,0.0044285706,0.005728372,0.0071150637,0.008677459,0.010535801,0.012726878,0.01638887,0.023653207,0.0009905819,2023-09-29,2023-09-27,0.0007258351296467,0.0002647468018996304,0.0002647468018996304,7.009086911608215e-08,1,1,0.024364162
r3_control,37,3,-0.025003871,-0.016100718,-0.011902734,-0.0092387,-0.00720325,-0.005511503,-0.0040146923,-0.0027004916,-0.0014612379,-0.00032319163,0.00085692486,0.0020357126,0.0032123802,0.0043505887,0.0056645996,0.007095609,0.008696093,0.010613936,0.012895907,0.016656203,0.02412833,0.00085692486,2023-10-02,2023-09-27,0.0083110867584301,-0.007454161898157544,0.007454161898157544,5.556452960394368e-05,1,1,0.024798641
r3_control,37,4,-0.025621943,-0.016583947,-0.012240633,-0.009464356,-0.007348532,-0.0056241835,-0.004066561,-0.002722826,-0.0014422762,-0.00026958183,0.00093171134,0.0021429341,0.0033366417,0.004515707,0.0058428734,0.0073084896,0.008965631,0.01092102,0.013239749,0.017085316,0.024642091,0.00093171134,2023-10-03,2023-09-27,-0.0177055542958447,0.01863726563942742,0.01863726563942742,0.000347347670514582,0,0,0.025480382
r3_control,37,5,-0.025899945,-0.016970929,-0.012620621,-0.009856048,-0.0077432566,-0.0059985197,-0.004459847,-0.0030955966,-0.0017855489,-0.0005695987,0.00068313547,0.001944856,0.0032016477,0.0044066724,0.0058126897,0.007345943,0.009071333,0.011128445,0.013613091,0.017641215,0.025598157,0.00068313547,2023-10-04,2023-09-27,0.0135171472799436,-0.012834011810499504,0.012834011810499504,0.00016471185915204075,1,1,0.026233712
r3_control,38,1,-0.026534036,-0.01701798,-0.012627273,-0.00989694,-0.007817885,-0.006102356,-0.004620011,-0.0032777372,-0.0019787066,-0.00080031203,0.0004156015,0.0016652482,0.002917241,0.0041142283,0.005504906,0.0070046973,0.008682193,0.01067263,0.013065535,0.016966626,0.024854105,0.0004156015,2023-10-05,2023-10-04,-0.0029510625295717,0.0033666640352368084,0.0033666640352368084,1.1334426726156989e-05,0,1,0.025692808
r3_control,38,2,-0.027087446,-0.017319525,-0.012858121,-0.010067552,-0.007935032,-0.006188072,-0.0046359412,-0.0032751935,-0.0019483744,-0.0007590921,0.0004770087,0.0017236369,0.0029715106,0.0041886577,0.005613394,0.0071398825,0.0088797975,0.010961658,0.013415798,0.017456431,0.025342626,0.0004770087,2023-10-06,2023-10-04,0.0166166589118683,-0.016139650215688462,0.016139650215688462,0.0002604883090847726,1,0,0.026273917
r3_control,38,3,-0.028026206,-0.017996399,-0.013362248,-0.010455755,-0.00824726,-0.0064031086,-0.004762265,-0.0033098268,-0.00193586,-0.0006726717,0.0006441186,0.0019594356,0.0032784157,0.0045518177,0.0060220226,0.0076166037,0.009406753,0.011555226,0.01410693,0.018271293,0.026596647,0.0006441186,2023-10-09,2023-10-04,0.0050869307118005,-0.004442812128505006,0.004442812128505006,1.973857960919118e-05,1,1,0.027469179
r3_control,38,4,-0.027494535,-0.017676812,-0.013122723,-0.010243483,-0.008034531,-0.006208744,-0.004538479,-0.00307363,-0.0016643008,-0.00035772577,0.0009855751,0.0023376876,0.0036675467,0.0049866415,0.0064696004,0.0081007825,0.009953911,0.012132831,0.0146980565,0.01887558,0.027125837,0.0009855751,2023-10-10,2023-10-04,0.0055227701536552,-0.004537195012270003,0.004537195012270003,2.0586138579367788e-05,1,1,0.02782078
r3_control,38,5,-0.02698947,-0.017374452,-0.012849284,-0.010015293,-0.007829711,-0.0060020634,-0.004378604,-0.0029160199,-0.0015024581,-0.00018547269,0.0011751737,0.0025477936,0.003920239,0.005232522,0.0067609022,0.008416886,0.010283862,0.012501303,0.015137081,0.0193226,0.027719423,0.0011751737,2023-10-11,2023-10-04,0.0071100055770865,-0.005934831902376405,0.005934831902376405,3.522222970946474e-05,1,1,0.027986366
r3_control,39,1,-0.021037843,-0.012716927,-0.008685603,-0.006094819,-0.0041043973,-0.002485224,-0.0011083133,0.00012631858,0.0012964947,0.0023164654,0.003351583,0.0043768184,0.0053826817,0.006357696,0.0075046327,0.008724003,0.010112418,0.011762638,0.0137611,0.01694073,0.023385586,0.003351583,2023-10-12,2023-10-11,-0.0034808754319549,0.006832458344683091,0.006832458344683091,4.66824870318296e-05,0,1,0.022446703
r3_control,39,2,-0.022208067,-0.013916696,-0.00997888,-0.007443329,-0.0054662325,-0.0038389903,-0.002380119,-0.0010891928,0.00019183544,0.0013330558,0.0025119053,0.0036790646,0.004838308,0.0059503554,0.007225859,0.008589617,0.0101188375,0.011918941,0.0139915,0.017357,0.023994738,0.0025119053,2023-10-13,2023-10-11,-0.0126498584915164,0.015161763764939,0.015161763764939,0.00022987908046381722,0,0,0.02397038
r3_control,39,3,-0.022703981,-0.014453702,-0.010529394,-0.007974835,-0.005990636,-0.0043224967,-0.0028431911,-0.0015276994,-0.00028582482,0.00084752287,0.0020252636,0.0031954078,0.004368385,0.0055003786,0.006807203,0.008239599,0.009843057,0.011761185,0.014021258,0.01760352,0.024554148,0.0020252636,2023-10-16,2023-10-11,0.0112430463391276,-0.009217782722312391,0.009217782722312391,8.496751831576084e-05,1,1,0.024550652
r3_control,39,4,-0.023102045,-0.015004485,-0.011137755,-0.008616038,-0.0066625252,-0.0050453846,-0.0035580108,-0.0022612137,-0.0010187117,0.00013211317,0.0013136005,0.0024975261,0.0036543184,0.0048077456,0.0060940166,0.0074975444,0.00909204,0.010954629,0.013148565,0.016714815,0.023633203,0.0013136005,2023-10-17,2023-10-11,-0.0032807631805108,0.004594363636852901,0.004594363636852901,2.1108177227636214e-05,0,1,0.024286319
r3_control,39,5,-0.022489747,-0.014612136,-0.010748412,-0.008256408,-0.006326959,-0.0047117076,-0.003282378,-0.0019984264,-0.0007686168,0.0003692133,0.0015292007,0.0026868684,0.0038227495,0.0049086106,0.006163697,0.0075258226,0.0090762405,0.01091887,0.013151061,0.016714925,0.023795491,0.0015292007,2023-10-18,2023-10-11,-0.0132048793631459,0.01473408006418891,0.01473408006418891,0.00021709311533792906,0,0,0.023899473
r3_control,40,1,-0.023900015,-0.015205803,-0.010934137,-0.008248144,-0.0061977073,-0.004511282,-0.0030374837,-0.0017126045,-0.00043678665,0.00071687065,0.0018974375,0.0030918992,0.0042715115,0.005396705,0.0066962163,0.008073941,0.009622566,0.011445419,0.013645037,0.017254988,0.024620038,0.0018974375,2023-10-19,2023-10-18,-0.0094008394642612,0.011298276962234642,0.011298276962234642,0.00012765106231536205,0,1,0.024579175
r3_control,40,2,-0.024024395,-0.01533803,-0.01112873,-0.008465346,-0.0064138197,-0.004729605,-0.003213804,-0.0018808137,-0.000556141,0.000635494,0.0018645386,0.0031030693,0.004323996,0.005495341,0.0068378006,0.008267859,0.009855955,0.011717693,0.013898905,0.017568035,0.024930106,0.0018645386,2023-10-20,2023-10-18,-0.0150302349830184,0.01689477362745887,0.01689477362745887,0.0002854333759230798,0,0,0.025027636
r3_control,40,3,-0.023919351,-0.015315442,-0.011118344,-0.008470255,-0.0064452095,-0.0047540525,-0.0032363962,-0.0018960964,-0.00062204956,0.00054464705,0.001747948,0.0029537275,0.004144996,0.0052920617,0.0066111987,0.008047719,0.009651748,0.011570102,0.01385394,0.017641628,0.025253955,0.001747948,2023-10-23,2023-10-18,0.0030129458884896,-0.001264997887350734,0.001264997887350734,1.6002196550018205e-06,1,1,0.024972284
r3_control,40,4,-0.02456127,-0.015758472,-0.011437166,-0.0087013915,-0.0066086985,-0.0048840414,-0.00330533,-0.0019276452,-0.0006085654,0.0006100412,0.0018598405,0.0031165597,0.004350229,0.005558422,0.0069032167,0.008369527,0.010020728,0.011948086,0.014222567,0.017985443,0.025468253,0.0018598405,2023-10-24,2023-10-18,0.0096811135502815,-0.007821273078983998,0.007821273078983998,6.117231257603983e-05,1,1,0.025659733
r3_control,40,5,-0.024518622,-0.015849648,-0.011635711,-0.008989664,-0.0069469013,-0.005228279,-0.003687169,-0.00229245,-0.00093495916,0.0003248318,0.0016302092,0.0029367188,0.004229943,0.005458291,0.006861974,0.008380113,0.010065914,0.012041541,0.014404705,0.018218782,0.02582642,0.0016302092,2023-10-25,2023-10-18,-0.0247801883627321,0.02641039751625018,0.02641039751625018,0.0006975090969663537,0,0,0.026040416
r3_control,41,1,-0.032053534,-0.020649804,-0.015109251,-0.011596979,-0.008929769,-0.00672892,-0.0048029427,-0.003073854,-0.0014189176,9.2758026e-05,0.001635095,0.0031974523,0.004771642,0.0063031423,0.00809868,0.01003674,0.01227093,0.014938416,0.01819423,0.02373931,0.035103742,0.001635095,2023-10-26,2023-10-25,-0.019251559335109,0.020886654323268836,0.020886654323268836,0.0004362523288197248,0,0,0.03330348
r3_control,41,2,-0.03265363,-0.021099709,-0.015535767,-0.012021649,-0.009345522,-0.0071529383,-0.005194797,-0.0034776304,-0.001805039,-0.00029916706,0.001235678,0.002787731,0.0043594576,0.0058934093,0.0076763295,0.009614085,0.011824137,0.014429076,0.01753207,0.022923196,0.03373078,0.001235678,2023-10-27,2023-10-25,0.0047899236420034,-0.0035542456649108357,0.0035542456649108357,1.2632662246537468e-05,1,1,0.033067837
r3_control,41,3,-0.03259215,-0.021269718,-0.015720492,-0.012198768,-0.009541992,-0.0073363,-0.005369625,-0.0036379944,-0.0020039498,-0.0004949237,0.0010521978,0.0026017448,0.004178168,0.005725746,0.007533514,0.00953609,0.011820584,0.014557603,0.017859321,0.023457738,0.034760673,0.0010521978,2023-10-30,2023-10-25,0.0112020471088803,-0.010149849341458697,0.010149849341458697,0.00010301944165430954,1,1,0.03357981
r3_control,41,4,-0.032392032,-0.021015545,-0.015489904,-0.011973212,-0.00930867,-0.007131913,-0.005156512,-0.0034349551,-0.001792974,-0.00027879595,0.0012721455,0.0028341077,0.004412665,0.005976278,0.0077513126,0.009713454,0.011984695,0.014675514,0.01793335,0.023518872,0.034634892,0.0012721455,2023-10-31,2023-10-25,0.0047711985214375,-0.003499052979121361,0.003499052979121361,1.2243371750698072e-05,1,1,0.033423252
r3_control,41,5,-0.031510845,-0.020483408,-0.015079114,-0.011676876,-0.009085881,-0.00692552,-0.0050074006,-0.0032784347,-0.0016026994,-5.19711e-05,0.0015183307,0.0030929595,0.0046761143,0.006211826,0.00799995,0.009971588,0.012213713,0.014895065,0.01816441,0.023693535,0.034800097,0.0015183307,2023-11-01,2023-10-25,0.0172078220804967,-0.015689491427298637,0.015689491427298637,0.0002461601412472774,1,1,0.033243522
r3_control,42,1,-0.024910223,-0.016083019,-0.011761012,-0.008997399,-0.0068454794,-0.005049947,-0.0034722472,-0.0020296334,-0.0006271717,0.00065120123,0.0019724355,0.0033112273,0.0046341773,0.0059064724,0.007383558,0.008959666,0.0107361935,0.012834971,0.015364335,0.019478755,0.027591256,0.0019724355,2023-11-02,2023-11-01,0.017990593572641,-0.016018158064717635,0.016018158064717635,0.0002565813877862786,1,0,0.027125347
r3_control,42,2,-0.025348617,-0.016465433,-0.012102732,-0.009299068,-0.0071052187,-0.005283298,-0.0036369574,-0.002171245,-0.00071656785,0.00060361397,0.001968272,0.0033365518,0.0046882657,0.005987279,0.007476772,0.009062085,0.010826919,0.012905696,0.015324937,0.019375514,0.027375313,0.001968272,2023-11-03,2023-11-01,0.0116802560485975,-0.009711984018243953,0.009711984018243953,9.432263357062596e-05,1,1,0.02742767
r3_control,42,3,-0.026149368,-0.01729954,-0.012945579,-0.010142804,-0.007976506,-0.0061455104,-0.0044930214,-0.0030103296,-0.0015856449,-0.00026309426,0.0011240344,0.0025138415,0.0039008977,0.0052378927,0.006778764,0.008448457,0.010316235,0.012538271,0.015185835,0.019541627,0.028044943,0.0011240344,2023-11-06,2023-11-01,0.0040711361324804,-0.0029471017295884068,0.0029471017295884068,8.685408604542978e-06,1,1,0.028131414
r3_control,42,4,-0.026096411,-0.017274179,-0.012938026,-0.010118487,-0.007927161,-0.0060953917,-0.0043963077,-0.0028948311,-0.001438844,-7.6092845e-05,0.0013304967,0.0027495814,0.0041414257,0.005516077,0.007048723,0.008720772,0.010612976,0.012820791,0.015436711,0.019737229,0.028082872,0.0013304967,2023-11-07,2023-11-01,0.0094081784734363,-0.008077681730114881,0.008077681730114881,6.524894213303174e-05,1,1,0.028374737
r3_control,42,5,-0.02553566,-0.01699749,-0.0127394805,-0.009991051,-0.007831026,-0.0060105952,-0.0043774853,-0.002890642,-0.0014329858,-6.763816e-05,0.001345075,0.002767056,0.0041810167,0.0055278866,0.0070780967,0.008755502,0.01063696,0.012856981,0.015532909,0.019845346,0.028233722,0.001345075,2023-11-08,2023-11-01,0.0006436135591921,0.0007014614092204185,0.0007014614092204185,4.920481086254954e-07,1,1,0.02827239
r3_control,43,1,-0.021863261,-0.013683934,-0.009747638,-0.00726575,-0.0053589307,-0.0037948426,-0.0024399967,-0.0012177152,-4.3296375e-05,0.0009975915,0.0020616443,0.0031282664,0.0041792425,0.0051880595,0.0063575385,0.0075958045,0.008990027,0.010645608,0.0126378415,0.015882054,0.022399066,0.0020616443,2023-11-09,2023-11-08,-0.0077252839773484,0.0097869283135571,0.0097869283135571,9.578396581470564e-05,0,1,0.02238548
r3_control,43,2,-0.022367937,-0.014244496,-0.010388839,-0.007940747,-0.0060449117,-0.004484754,-0.0030828158,-0.0018478319,-0.000622451,0.00046620207,0.0015906432,0.0027099918,0.0038203974,0.0048896475,0.0061233286,0.0074462285,0.008930972,0.010689056,0.0127416765,0.016127577,0.022764692,0.0015906432,2023-11-10,2023-11-08,0.0222332321185845,-0.020642588924080416,0.020642588924080416,0.0004261164774885675,1,0,0.023130516
r3_control,43,3,-0.022742013,-0.01449792,-0.010551639,-0.008045112,-0.006117768,-0.0045118816,-0.0030809487,-0.0018199624,-0.0006250124,0.0004583433,0.0015822593,0.002702493,0.0038220056,0.0049000885,0.0061448175,0.007503705,0.009018415,0.010827559,0.01296048,0.016403183,0.02314876,0.0015822593,2023-11-13,2023-11-08,-0.0031234554160218,0.004705714728293872,0.004705714728293872,2.214375110408187e-05,0,1,0.023512118
r3_control,43,4,-0.023355434,-0.014937313,-0.01089385,-0.008325413,-0.006360588,-0.004747564,-0.003280072,-0.002010142,-0.0007971537,0.0003102823,0.0014469947,0.002586726,0.0036996535,0.004806831,0.00603695,0.007385353,0.008904382,0.010681465,0.012771158,0.016189182,0.022808764,0.0014469947,2023-11-14,2023-11-08,0.0212980868044946,-0.01985109208446775,0.01985109208446775,0.00039406585694601814,1,0,0.023665007
r3_control,43,5,-0.02302885,-0.014890546,-0.010966891,-0.008494645,-0.006588446,-0.0049942173,-0.003574846,-0.002300314,-0.0010657212,7.574645e-05,0.0012502603,0.0024297638,0.003589567,0.0046979287,0.0059703477,0.0073485747,0.008884578,0.010695357,0.0128736105,0.016376415,0.023249198,0.0012502603,2023-11-15,2023-11-08,0.0007522251805099,0.0004980350962100278,0.0004980350962100278,2.480389570569316e-07,1,1,0.023840502
r3_control,44,1,-0.027340932,-0.01775702,-0.013172708,-0.010278305,-0.008047809,-0.0062052575,-0.00459784,-0.0031560967,-0.0017707921,-0.00051989505,0.0007500551,0.0020281104,0.0033130702,0.0045629474,0.006019962,0.007584368,0.009355956,0.011433492,0.013926966,0.017993158,0.026014697,0.0007500551,2023-11-16,2023-11-15,0.0008555391939437,-0.0001054841229772178,0.0001054841229772178,1.1126900200272808e-08,1,1,0.027099675
r3_control,44,2,-0.027284564,-0.017629525,-0.013038212,-0.010129578,-0.007886072,-0.006041683,-0.004395567,-0.0029560232,-0.0015491208,-0.0002959305,0.000985434,0.002269745,0.003559013,0.0048025,0.0062491447,0.007808169,0.009565157,0.011622749,0.014026146,0.017976457,0.025643222,0.000985434,2023-11-17,2023-11-15,0.0002332676087256,0.0007521664372895434,0.0007521664372895434,5.657543493848446e-07,1,1,0.027064359
r3_control,44,3,-0.027645351,-0.017959671,-0.013324286,-0.010386115,-0.008141307,-0.00628464,-0.0046441527,-0.0032112114,-0.0018610301,-0.00063556497,0.00061510666,0.0018609932,0.0031247258,0.00436023,0.005803591,0.0073856283,0.009155782,0.011253334,0.013725711,0.017765544,0.0256145,0.00061510666,2023-11-20,2023-11-15,0.0121012472256054,-0.011486140562870057,0.011486140562870057,0.00013193142503000886,1,1,0.027049996
r3_control,44,4,-0.027260503,-0.017627474,-0.013041894,-0.010132147,-0.007917631,-0.0061047473,-0.0044613797,-0.0030424225,-0.0016945197,-0.00046986606,0.0007666845,0.0020082553,0.0032443483,0.004477052,0.005873883,0.007422932,0.009181141,0.011234469,0.013667564,0.017673641,0.025434254,0.0007666845,2023-11-21,2023-11-15,-0.0058265356050379,0.0065932200808584114,0.0065932200808584114,4.34705510346346e-05,0,1,0.026709458
r3_control,44,5,-0.02800171,-0.018255305,-0.013581415,-0.010629046,-0.00837578,-0.0065127057,-0.0048686764,-0.0034162663,-0.0020140791,-0.00071835896,0.00059741805,0.0019095761,0.0032261997,0.004501049,0.005991462,0.00762855,0.0094725955,0.011661283,0.01429651,0.018536989,0.026687102,0.00059741805,2023-11-22,2023-11-15,0.0040847757907733,-0.0034873577376976286,0.0034873577376976286,1.2161663990679523e-05,1,1,0.027877925
r3_control,45,1,-0.02184759,-0.013953022,-0.010254207,-0.007925748,-0.006121807,-0.004627299,-0.0033200246,-0.0021414987,-0.0010051877,1.5933725e-05,0.001057887,0.0021174834,0.0031773604,0.0042067133,0.0054130256,0.0067140684,0.008184505,0.009942239,0.012061187,0.015537371,0.022267083,0.001057887,2023-11-24,2023-11-22,-0.0014111335189653,0.0024690205031645852,0.0024690205031645852,6.096062245047102e-06,0,1,0.022315394
r3_control,45,2,-0.022049645,-0.01419631,-0.010535289,-0.008212364,-0.0064008837,-0.0049068937,-0.0035590017,-0.0023817078,-0.0012188694,-0.00017802158,0.00089044083,0.001965655,0.0030406332,0.004091088,0.005320983,0.006653473,0.008159689,0.009968512,0.012094565,0.015626535,0.022391312,0.00089044083,2023-11-27,2023-11-22,-0.0008732109834671,0.001763651814893631,0.001763651814893631,3.1104677241775986e-06,0,1,0.022629853
r3_control,45,3,-0.022385886,-0.014348662,-0.010601121,-0.008226426,-0.006401094,-0.004879255,-0.003528622,-0.0023374646,-0.0012094356,-0.00018366287,0.0008762558,0.0019427197,0.0030169184,0.004068151,0.0052960655,0.006652245,0.008174772,0.010015685,0.012196322,0.015769122,0.022597527,0.0008762558,2023-11-28,2023-11-22,0.0026175077073207,-0.0017412519082357983,0.0017412519082357983,3.031958207934809e-06,1,1,0.022797443
r3_control,45,4,-0.023298645,-0.014996576,-0.011048084,-0.008545588,-0.006631249,-0.0050767157,-0.0036714836,-0.002458089,-0.0012989284,-0.00024505344,0.00084045413,0.0019468762,0.0030421056,0.0041329768,0.005367337,0.0067357672,0.00828578,0.010125109,0.012298123,0.015871294,0.022618962,0.00084045413,2023-11-29,2023-11-22,-0.0009742900706899,0.0018147442001920772,0.0018147442001920772,3.293296512130782e-06,0,1,0.023346208
r3_control,45,5,-0.022854952,-0.014898133,-0.011110238,-0.008709793,-0.006853733,-0.005313147,-0.0039390805,-0.0027168477,-0.0015364196,-0.0004483716,0.00067827257,0.0018180425,0.0029591045,0.0040560574,0.005334275,0.0067394804,0.0083206715,0.010212023,0.012492848,0.016200168,0.023268463,0.00067827257,2023-11-30,2023-11-22,-0.0025173512652739,0.0031956238338946416,0.0031956238338946416,1.0212011687755488e-05,0,1,0.023603085
r3_control,46,1,-0.020629216,-0.01358427,-0.0101449005,-0.007945945,-0.0062365276,-0.004812709,-0.0035702914,-0.002445533,-0.0013579677,-0.00038504068,0.00061178725,0.0016218311,0.00263142,0.003605582,0.0047455137,0.005976261,0.007365229,0.009017556,0.011006741,0.01425565,0.020526825,0.00061178725,2023-12-01,2023-11-30,0.0028508871302309,-0.0022390998757744695,0.0022390998757744695,5.0135682536932445e-06,1,1,0.021151641
r3_control,46,2,-0.020868504,-0.013764344,-0.010314391,-0.008089637,-0.0063547287,-0.004910848,-0.0036129074,-0.002474691,-0.0013486373,-0.00034771152,0.00068471377,0.0017211097,0.0027554522,0.0037509354,0.004916801,0.00617193,0.0075930385,0.009290762,0.011288191,0.014548506,0.020742645,0.00068471377,2023-12-04,2023-11-30,-0.0093270578034749,0.010011771573644664,0.010011771573644664,0.00010023557004283935,0,1,0.021602582
r3_control,46,3,-0.021201069,-0.013990016,-0.010454587,-0.008180749,-0.0064268336,-0.0049601723,-0.0036576062,-0.0025101022,-0.0014273567,-0.00044358792,0.0005770545,0.0015991881,0.0026201159,0.003608671,0.0047696056,0.0060448516,0.007479484,0.009211121,0.01126175,0.014557242,0.020835329,0.0005770545,2023-12-05,2023-11-30,0.0025079080099603,-0.001930853499601579,0.001930853499601579,3.728195236923665e-06,1,1,0.021716338
r3_control,46,4,-0.021368083,-0.014097135,-0.01050995,-0.008190587,-0.0064104577,-0.0049540577,-0.003629635,-0.002487631,-0.0014020684,-0.00041381942,0.00059709494,0.0016181247,0.002621599,0.0036214245,0.004746108,0.005997087,0.00741853,0.009104291,0.011100995,0.01436373,0.020552734,0.00059709494,2023-12-06,2023-11-30,-0.0058007216845044,0.006397816626854341,0.006397816626854341,4.093205759085385e-05,0,1,0.021610945
r3_control,46,5,-0.020897,-0.0138858715,-0.010376832,-0.008134698,-0.00641143,-0.0049775955,-0.0037102904,-0.0025840558,-0.0015031111,-0.00050649466,0.0005166295,0.0015400704,0.0025583543,0.0035362206,0.0046812533,0.005946928,0.0073783705,0.009105841,0.0112090735,0.014586513,0.021029336,0.0005166295,2023-12-07,2023-11-30,0.0138755574714016,-0.013358927984591184,0.013358927984591184,0.00017846095689749348,1,0,0.021585906
r3_control,47,1,-0.020870937,-0.013355228,-0.009767739,-0.007491979,-0.0057173274,-0.0042363903,-0.0029352356,-0.0017517712,-0.00059667847,0.00045174005,0.0015343266,0.002633562,0.0037152604,0.004759705,0.005967756,0.007260545,0.008711456,0.010423556,0.012469243,0.015777884,0.022361053,0.0015343266,2023-12-08,2023-12-07,0.004446804591604,-0.002912478007525628,0.002912478007525628,8.482528144320452e-06,1,1,0.022236982
r3_control,47,2,-0.02067056,-0.013187826,-0.009614686,-0.0073203207,-0.0055221883,-0.0040278924,-0.0026690613,-0.0014654245,-0.0002577275,0.0008330156,0.0019717447,0.003110873,0.004238485,0.0053266115,0.0065700137,0.007886073,0.009351851,0.011066797,0.013041843,0.016280815,0.022785982,0.0019717447,2023-12-11,2023-12-07,0.008505766401478,-0.006534021702074356,0.006534021702074356,4.269343960317867e-05,1,1,0.022656528
r3_control,47,3,-0.021448102,-0.013911779,-0.010327333,-0.008032624,-0.0062569124,-0.0047690864,-0.0034250051,-0.002223906,-0.0010691226,2.4005858e-06,0.0011273588,0.0022529801,0.0033752734,0.004467068,0.0057200687,0.007071156,0.0085808495,0.010368113,0.0124730505,0.015889425,0.022682188,0.0011273588,2023-12-12,2023-12-07,0.0079327545535958,-0.006805395794773716,0.006805395794773716,4.631341192352378e-05,1,1,0.022800382
r3_control,47,4,-0.020936258,-0.0134105105,-0.009780182,-0.007425321,-0.0056021535,-0.0041015805,-0.0027233867,-0.001523722,-0.00037399124,0.0006865682,0.0017718918,0.002869008,0.0039378353,0.0050074807,0.0061920937,0.007491341,0.008954834,0.01066969,0.012677478,0.01596695,0.022603339,0.0017718918,2023-12-13,2023-12-07,0.0126371701389748,-0.010865278300103857,0.010865278300103857,0.00011805427253870777,1,1,0.02245766
r3_control,47,5,-0.020922426,-0.013695774,-0.010161569,-0.007890993,-0.00612193,-0.0046337605,-0.00330918,-0.0021202131,-0.00096996286,9.1433896e-05,0.0011881503,0.0022839848,0.0033711386,0.0044204257,0.0056379656,0.0069604013,0.008461329,0.010253201,0.012411116,0.015886819,0.02281372,0.0011881503,2023-12-14,2023-12-07,-0.0008674011616312,0.0020555514194346997,0.0020555514194346997,4.2252916379400084e-06,0,1,0.022572685
r3_control,48,1,-0.02067152,-0.013187277,-0.009610712,-0.007357184,-0.005619184,-0.004177113,-0.00291904,-0.0017686656,-0.00064488203,0.0003552579,0.0013920425,0.0024370102,0.003474299,0.0044811433,0.0056536216,0.0069131632,0.008329729,0.010005685,0.012009382,0.0152555015,0.021650834,0.0013920425,2023-12-15,2023-12-14,0.0048225420003533,-0.003430499503180348,0.003430499503180348,1.1768326841320615e-05,1,1,0.021620095
r3_control,48,2,-0.020941826,-0.013397299,-0.009861126,-0.0076157437,-0.0058817705,-0.004448714,-0.0031590015,-0.0020089531,-0.0008642065,0.00015732457,0.0012280273,0.0022996415,0.0033748248,0.004410872,0.005610703,0.006896644,0.008343352,0.010058714,0.012050173,0.0152857015,0.021615317,0.0012280273,2023-12-18,2023-12-14,0.0062787332928894,-0.00505070601433198,0.00505070601433198,2.550963124320924e-05,1,1,0.021911299
r3_control,48,3,-0.02098112,-0.013402047,-0.009811862,-0.0075627947,-0.0058453656,-0.0044067316,-0.003116593,-0.0019662953,-0.0008701032,0.00012702463,0.0011743079,0.0022164257,0.0032675588,0.004280121,0.0054629794,0.0067523555,0.008194692,0.009917643,0.011949908,0.015202476,0.021634215,0.0011743079,2023-12-19,2023-12-14,0.0050966465630156,-0.003922338669053932,0.003922338669053932,1.5384740634755772e-05,1,1,0.021761771
r3_control,48,4,-0.021425517,-0.0136830695,-0.009998042,-0.007675644,-0.005909922,-0.0044622007,-0.0031372053,-0.0019886852,-0.00089185085,0.00011998422,0.0011633711,0.0022101165,0.0032348474,0.0042695394,0.0054213484,0.0066853696,0.008120108,0.009802941,0.011780934,0.01499818,0.02127446,0.0011633711,2023-12-20,2023-12-14,-0.0149711807153707,0.016134551855508016,0.016134551855508016,0.00026032376357807715,0,0,0.021778977
r3_control,48,5,-0.020896006,-0.013497658,-0.009967638,-0.007750221,-0.006031525,-0.0045883297,-0.003304865,-0.0021483311,-0.001027182,1.6508428e-05,0.0010870113,0.0021634477,0.0032216175,0.0042445767,0.005431717,0.006728347,0.008204968,0.009968359,0.01208507,0.015461882,0.02210931,0.0010870113,2023-12-21,2023-12-14,0.0115682097739582,-0.01048119847020554,0.01048119847020554,0.00010985552137183896,1,1,0.022052709
r3_control,49,1,-0.018674819,-0.011870907,-0.008660326,-0.0065804427,-0.0049359538,-0.0035614856,-0.002350347,-0.001255282,-0.00019411749,0.00076161814,0.001728523,0.0027106982,0.0036732617,0.0046023456,0.005669441,0.0068083927,0.00807173,0.009552317,0.011302938,0.014060052,0.0196125,0.001728523,2023-12-22,2023-12-21,0.0014948848824511,0.00023363817450304547,0.00023363817450304547,5.458679658511552e-08,1,1,0.019963264
r3_control,49,2,-0.018550929,-0.011916783,-0.008847291,-0.006854561,-0.0052661435,-0.003937702,-0.0027201679,-0.0016506123,-0.000576511,0.00038541565,0.0013672188,0.002361274,0.0033256891,0.0042649033,0.0053422814,0.0064860643,0.0077542397,0.009236537,0.01093667,0.013663281,0.019094907,0.0013672188,2023-12-26,2023-12-21,0.0061029543645535,-0.004735735572114993,0.004735735572114993,2.242719140899532e-05,1,1,0.01978396
r3_control,49,3,-0.018811235,-0.012036261,-0.008905664,-0.006882258,-0.0052947346,-0.0039597247,-0.0027627593,-0.001697849,-0.0006830951,0.00024751946,0.0012087896,0.0021816853,0.0031403517,0.0040776995,0.0051540025,0.00631535,0.0075936425,0.009101004,0.010843214,0.013590873,0.019054648,0.0012087896,2023-12-27,2023-12-21,0.0020336601688276,-0.0008248705222020812,0.0008248705222020812,6.804113783979341e-07,1,1,0.019748878
r3_control,49,4,-0.019295637,-0.012357762,-0.009096318,-0.0069769854,-0.005325619,-0.003967696,-0.0027239155,-0.0016444416,-0.0006053379,0.00034673375,0.0013183502,0.002307499,0.0032697162,0.0042222827,0.0052753994,0.0064246855,0.0077037015,0.009185428,0.010903089,0.013631291,0.01908279,0.0013183502,2023-12-28,2023-12-21,-0.0004861644148609,0.00180451461633354,0.00180451461633354,3.2562730005613833e-06,0,1,0.019999407
r3_control,49,5,-0.018807719,-0.012263667,-0.009117576,-0.0070759654,-0.0054727052,-0.004117546,-0.002903135,-0.0018167559,-0.0007616954,0.00020485999,0.0012042862,0.002198093,0.0031846105,0.004119584,0.0051949057,0.0063574594,0.0076425783,0.009159446,0.010954952,0.013773018,0.019500282,0.0012042862,2023-12-29,2023-12-21,-0.0043371340822498,0.005541420318565766,0.005541420318565766,3.0707339147013515e-05,0,1,0.020072527
