model,window,horizon,q0.01,q0.05,q0.1,q0.15,q0.2,q0.25,q0.3,q0.35,q0.4,q0.45,q0.5,q0.55,q0.6,q0.65,q0.7,q0.75,q0.8,q0.85,q0.9,q0.95,q0.99,prediction,date,forecast_origin,actual,error,abs_error,squared_error,correct_direction,interval_coverage,interval_width
r5_plus_fed,0,1,-0.04518206,-0.030865986,-0.023852576,-0.019187963,-0.015543606,-0.01248778,-0.009811202,-0.007433087,-0.0051832437,-0.0031371578,-0.0010904042,0.0009914034,0.0031235947,0.005203608,0.0076459763,0.010297959,0.013352429,0.01695937,0.021302545,0.028446265,0.041556835,-0.0010904042,2023-01-03,2022-12-30,-0.0067827173204042,0.0056923130920968935,0.0056923130920968935,3.24024283384577e-05,1,1,0.045155123
r5_plus_fed,0,2,-0.045477286,-0.030383732,-0.022905516,-0.017966988,-0.014119159,-0.010953263,-0.008127517,-0.0056612836,-0.0032856783,-0.0011486314,0.0010017065,0.0031752747,0.0054296777,0.0076509085,0.01024902,0.013070226,0.016290776,0.020047558,0.024412042,0.031710293,0.044944376,0.0010017065,2023-01-04,2022-12-30,0.0047526462719854,-0.003750939808700609,0.003750939808700609,1.4069549448494962e-05,1,1,0.047317557
r5_plus_fed,0,3,-0.046749014,-0.031743813,-0.024239697,-0.019236404,-0.015366645,-0.012136396,-0.009235433,-0.0067022583,-0.0043026838,-0.0021057832,0.00011434569,0.00232839,0.0046145017,0.006862414,0.009492435,0.012398534,0.015695933,0.01960364,0.024210041,0.031898282,0.04551804,0.00011434569,2023-01-05,2022-12-30,-0.0157781972169871,0.015892542907222595,0.015892542907222595,0.0002525729200579112,0,1,0.04844974
r5_plus_fed,0,4,-0.046348568,-0.031866126,-0.024762759,-0.019946914,-0.016124634,-0.012944281,-0.010045918,-0.007481322,-0.005012166,-0.0027613132,-0.00049384555,0.0017645408,0.004086643,0.0064276857,0.009156283,0.012201575,0.015746318,0.01991266,0.024850454,0.03311078,0.04724019,-0.00049384555,2023-01-06,2022-12-30,0.027227395160866,-0.02772124071400336,0.02772124071400336,0.0007684671867237175,0,0,0.049613215
r5_plus_fed,0,5,-0.04821631,-0.0330224,-0.025408594,-0.020409051,-0.016489336,-0.013223451,-0.010297199,-0.0076833656,-0.0051551093,-0.002851174,-0.00054111285,0.0017826485,0.0042009903,0.0065926113,0.009401987,0.012509282,0.016067976,0.020266129,0.025297325,0.03351364,0.047873057,-0.00054111285,2023-01-09,2022-12-30,0.0064526310170744,-0.0069937438684259,0.0069937438684259,4.891245329714487e-05,0,1,0.050705917
r5_plus_fed,1,1,-0.041476212,-0.02833955,-0.021857679,-0.017525613,-0.014161978,-0.011311131,-0.008786485,-0.0065270355,-0.004373133,-0.0024059555,-0.00043384853,0.0015841243,0.003654409,0.0056745578,0.008047172,0.010608617,0.013536838,0.016971795,0.02103682,0.027501058,0.03912401,-0.00043384853,2023-01-10,2023-01-09,0.0084286878744476,-0.008862536404967354,0.008862536404967354,7.854455152937166e-05,0,1,0.042894498
r5_plus_fed,1,2,-0.04261879,-0.029386206,-0.022933036,-0.018630454,-0.015245481,-0.012406801,-0.009830291,-0.0075570503,-0.0053650136,-0.0033879664,-0.0014011329,0.00061191,0.0026890738,0.0047617084,0.0072121015,0.009884102,0.012993356,0.016700413,0.021064017,0.028114907,0.040016167,-0.0014011329,2023-01-11,2023-01-09,0.0171524483430358,-0.018553581247028928,0.018553581247028928,0.00034423537709010353,0,1,0.043997053
r5_plus_fed,1,3,-0.04350551,-0.02977942,-0.022979442,-0.018447252,-0.01494905,-0.011994306,-0.009313367,-0.006943074,-0.004695091,-0.0026388536,-0.00057328504,0.0014930664,0.003639383,0.005765872,0.008281284,0.0110476,0.014225843,0.018005254,0.02247229,0.029626112,0.041956108,-0.00057328504,2023-01-12,2023-01-09,0.0053897954002944,-0.005963080440740026,0.005963080440740026,3.555832834273626e-05,0,1,0.04545173
r5_plus_fed,1,4,-0.043922387,-0.029924437,-0.022972357,-0.018321441,-0.014700072,-0.011693275,-0.008963588,-0.006538898,-0.004202454,-0.0020775595,5.295116e-05,0.0021773076,0.004348733,0.006528143,0.009053292,0.011838753,0.015039576,0.018754078,0.023082072,0.03008277,0.042032596,5.295116e-05,2023-01-13,2023-01-09,0.0068570660094839,-0.006804114849596884,0.006804114849596884,4.629597888650483e-05,1,1,0.04605443
r5_plus_fed,1,5,-0.043946277,-0.030140221,-0.023067508,-0.018411148,-0.014773167,-0.011729885,-0.008999871,-0.0065444172,-0.0041629635,-0.001998238,0.00015649357,0.0023102525,0.0045397445,0.0067335917,0.009306811,0.012127654,0.015324569,0.019048205,0.023446618,0.030476332,0.042776052,0.00015649357,2023-01-17,2023-01-09,0.002026548435775,-0.001870054869310367,0.001870054869310367,3.497105214231414e-06,1,1,0.046514124
r5_plus_fed,2,1,-0.033446953,-0.021947393,-0.016113745,-0.012410505,-0.009629259,-0.007353515,-0.0053803837,-0.0036543896,-0.002039441,-0.0005943626,0.0008121291,0.0022436283,0.0037411512,0.005232999,0.0070155826,0.008956974,0.01120603,0.013884224,0.017130867,0.022610364,0.03362936,0.0008121291,2023-01-18,2023-01-17,-0.0130851307316483,0.013897259849196765,0.013897259849196765,0.0001931338313160965,0,1,0.03324461
r5_plus_fed,2,2,-0.034903888,-0.022957698,-0.01686846,-0.013014699,-0.010114343,-0.0077688238,-0.005689887,-0.0039064493,-0.0022047358,-0.0006998178,0.0007730238,0.0022718725,0.0038229516,0.005386714,0.007240287,0.009273934,0.011601795,0.014376206,0.017656505,0.023278136,0.03432844,0.0007730238,2023-01-19,2023-01-17,-0.0098732653864193,0.010646289200382237,0.010646289200382237,0.00011334347373817544,0,1,0.034524966
r5_plus_fed,2,3,-0.03599892,-0.023947572,-0.017694894,-0.013663517,-0.010642597,-0.00818263,-0.0060250387,-0.0041693174,-0.0024504215,-0.0009135177,0.00059564196,0.002104836,0.0036930563,0.0052888794,0.0071836174,0.00929583,0.011713175,0.01461136,0.018072044,0.023987515,0.035486147,0.00059564196,2023-01-20,2023-01-17,0.0269993239167042,-0.026403681953985982,0.026403681953985982,0.000697154420727245,1,0,0.035766937
r5_plus_fed,2,4,-0.03558796,-0.02363156,-0.017518574,-0.013589938,-0.010621282,-0.008220884,-0.006077009,-0.004223501,-0.002467934,-0.0009085748,0.00063001364,0.0021772431,0.0037823385,0.0054144626,0.00732118,0.009455445,0.0119153615,0.014816491,0.018299341,0.024270462,0.035704978,0.00063001364,2023-01-23,2023-01-17,0.021972610585793,-0.02134259694109772,0.02134259694109772,0.00045550644419015373,1,0,0.035817914
r5_plus_fed,2,5,-0.035627145,-0.02367499,-0.01746705,-0.013544233,-0.010603243,-0.008215517,-0.006097973,-0.004241593,-0.002472757,-0.00088856975,0.0006745512,0.0022426485,0.0038952054,0.0055364496,0.007486066,0.009646354,0.012104713,0.0150163425,0.018581845,0.024620013,0.036335357,0.0006745512,2023-01-24,2023-01-17,-0.0020438944791116,0.0027184456573471605,0.0027184456573471605,7.389946791949636e-06,0,1,0.036048897
r5_plus_fed,3,1,-0.038037166,-0.025253044,-0.018925142,-0.014835935,-0.01171491,-0.00910925,-0.006823745,-0.0047969264,-0.0028761285,-0.001136479,0.00059398793,0.0023488277,0.0041579655,0.005919389,0.008004039,0.010243738,0.01281722,0.015838552,0.019442147,0.025226235,0.035680443,0.00059398793,2023-01-25,2023-01-24,-0.0022216672089368,0.0028156551427625013,0.0028156551427625013,7.927913882964921e-06,0,1,0.038367286
r5_plus_fed,3,2,-0.03942688,-0.026589956,-0.020282114,-0.016191393,-0.013024603,-0.010405678,-0.008050965,-0.005988507,-0.0040076305,-0.0022280104,-0.0004507022,0.001347797,0.0032106233,0.005063744,0.007267808,0.009682367,0.012480796,0.01582184,0.019745296,0.026132168,0.036962755,-0.0004507022,2023-01-26,2023-01-24,0.0193095497439804,-0.019760251953471683,0.019760251953471683,0.0003904675572646815,0,1,0.04002741
r5_plus_fed,3,3,-0.04071505,-0.027412528,-0.020772234,-0.016429441,-0.013120413,-0.010353347,-0.007875794,-0.0056967554,-0.0036429903,-0.001764057,0.00011976264,0.0019941765,0.003935558,0.005842105,0.008082757,0.010545934,0.013348015,0.01665407,0.020530753,0.026858447,0.03788406,0.00011976264,2023-01-27,2023-01-24,0.0099051495315105,-0.009785386890831246,0.009785386890831246,9.5753796603252e-05,1,1,0.041302986
r5_plus_fed,3,4,-0.040233,-0.0269951,-0.020362293,-0.016029783,-0.012698827,-0.009946805,-0.0074651735,-0.005283407,-0.0032029867,-0.0013237523,0.0005534765,0.002426577,0.0043355464,0.0062482767,0.008459631,0.010898248,0.013698197,0.016948458,0.020758951,0.02703612,0.03783907,0.0005534765,2023-01-30,2023-01-24,-0.0204256152916658,0.020979091799441286,0.020979091799441286,0.0004401222927293846,0,0,0.041121244
r5_plus_fed,3,5,-0.040141903,-0.027017737,-0.02033003,-0.016047033,-0.012753281,-0.01003217,-0.0076032886,-0.0054383962,-0.0033548148,-0.0014634777,0.00041517604,0.0022947951,0.0042436533,0.0061552026,0.008399914,0.010858838,0.013640983,0.016886568,0.020779835,0.027058396,0.038006753,0.00041517604,2023-01-31,2023-01-24,0.0148746010740544,-0.014459425037286738,0.014459425037286738,0.00020907497240891458,1,1,0.041109867
r5_plus_fed,4,1,-0.039809287,-0.02600998,-0.019090876,-0.0146145625,-0.011201913,-0.008373315,-0.0059097954,-0.00372936,-0.0016655877,0.00018981585,0.0020382884,0.0039090053,0.005814923,0.0076830615,0.009887156,0.012285541,0.015050936,0.018310687,0.022201458,0.028391458,0.039890744,0.0020382884,2023-02-01,2023-01-31,0.0211582091057085,-0.01911992070985665,0.01911992070985665,0.0003655713679512053,1,1,0.041292332
r5_plus_fed,4,2,-0.040824935,-0.027411662,-0.020679137,-0.016269118,-0.0128403865,-0.010013817,-0.0074799503,-0.0052724727,-0.0031389764,-0.0012279475,0.00067409093,0.0026076848,0.004579287,0.006536429,0.008843247,0.011366371,0.014263342,0.017682329,0.021619754,0.028052635,0.039562564,0.00067409093,2023-02-02,2023-01-31,0.0352610161728343,-0.034586925242573584,0.034586925242573584,0.0011962553977353737,1,0,0.04229889
r5_plus_fed,4,3,-0.041392773,-0.027775673,-0.02088753,-0.01638,-0.012937386,-0.010065408,-0.0075087175,-0.0052721174,-0.0031768586,-0.0012621657,0.0006516281,0.002567286,0.0045305993,0.0064779087,0.008748483,0.011251728,0.014089849,0.017430937,0.021317322,0.027684165,0.039094824,0.0006516281,2023-02-03,2023-01-31,-0.017932327289362,0.018583955417614925,0.018583955417614925,0.0003453633989638991,0,1,0.04220485
r5_plus_fed,4,4,-0.04024046,-0.027057424,-0.020487601,-0.016185457,-0.0128293475,-0.010045998,-0.0075212927,-0.005310046,-0.003199469,-0.0012916038,0.00060168793,0.0025101656,0.0044529415,0.0064075417,0.008665611,0.0111619495,0.014027434,0.017343704,0.021232318,0.027627688,0.039049897,0.00060168793,2023-02-06,2023-01-31,-0.0084950927191433,0.00909678065339294,0.00909678065339294,8.275141825594407e-05,0,1,0.04171992
r5_plus_fed,4,5,-0.040549133,-0.02712731,-0.020329751,-0.015984189,-0.012640182,-0.009875118,-0.007415477,-0.0052348967,-0.0031425632,-0.0012480639,0.0006447277,0.0025398636,0.0045157275,0.0064496053,0.008719065,0.011205099,0.014014203,0.017282238,0.021161212,0.027376594,0.038740773,0.0006447277,2023-02-07,2023-01-31,0.0205069744018541,-0.019862246675387146,0.019862246675387146,0.0003945088429939277,1,1,0.041490965
r5_plus_fed,5,1,-0.047410153,-0.030853607,-0.023005588,-0.017917491,-0.014003227,-0.010752203,-0.0079254275,-0.0054391166,-0.0030944971,-0.0009804548,0.0011235115,0.0032667727,0.0054678274,0.0076314136,0.0101819765,0.012955264,0.016139297,0.019862337,0.024262087,0.031049069,0.04307077,0.0011235115,2023-02-08,2023-02-07,-0.0179409360620829,0.019064447527349246,0.019064447527349246,0.00036345315952305277,0,1,0.047267675
r5_plus_fed,5,2,-0.048699867,-0.032264482,-0.02449652,-0.019411238,-0.015425762,-0.012139094,-0.009188932,-0.006632573,-0.0041713733,-0.0019775573,0.00019979721,0.002413146,0.004676239,0.0069389185,0.009611322,0.012543031,0.015912998,0.019869758,0.024408849,0.03158257,0.04380636,0.00019979721,2023-02-09,2023-02-07,-0.0088773330739221,0.009077130287930968,0.009077130287930968,8.239429426407374e-05,0,1,0.04890537
r5_plus_fed,5,3,-0.049895596,-0.03303171,-0.025003042,-0.019735277,-0.015678318,-0.012303003,-0.009295684,-0.0066761523,-0.0042121327,-0.0019647696,0.0002813012,0.0025205917,0.00481837,0.007104884,0.009783694,0.012735329,0.016068866,0.019958409,0.024417752,0.031509627,0.043649368,0.0002813012,2023-02-10,2023-02-07,-0.0065848338652944,0.006866135075928811,0.006866135075928811,4.7143810880899935e-05,0,1,0.049420796
r5_plus_fed,5,4,-0.04865473,-0.032259006,-0.024551056,-0.019477462,-0.015489059,-0.012192836,-0.009218753,-0.006608988,-0.0041073654,-0.0018564105,0.0003825106,0.0026178374,0.0049013677,0.007195111,0.009871559,0.012841442,0.016248515,0.020179046,0.024706734,0.031874616,0.04401308,0.0003825106,2023-02-13,2023-02-07,0.0158891323804265,-0.015506621784471545,0.015506621784471545,0.00024045531916664747,1,1,0.049257793
r5_plus_fed,5,5,-0.048950303,-0.032329217,-0.024321895,-0.019187303,-0.015208469,-0.01192165,-0.0089878645,-0.0063991863,-0.0039067147,-0.0016712,0.0005480788,0.0027592215,0.0050529526,0.0073025823,0.009946323,0.012846463,0.016107425,0.019869046,0.024206867,0.03092338,0.042909186,0.0005480788,2023-02-14,2023-02-07,0.0073621354680275,-0.006814056673063842,0.006814056673063842,4.643136834372588e-05,1,1,0.04852876
r5_plus_fed,6,1,-0.03970979,-0.026802493,-0.02055256,-0.01643197,-0.013213324,-0.010526391,-0.008154386,-0.0060355277,-0.004018692,-0.0021842886,-0.00035283001,0.0015230062,0.0034525802,0.0053313593,0.0075396486,0.009932584,0.012669517,0.015900515,0.019775651,0.026153928,0.038053613,-0.00035283001,2023-02-15,2023-02-14,0.0076314809733262,-0.00798431098821626,0.00798431098821626,6.374922195655092e-05,0,1,0.040328212
r5_plus_fed,6,2,-0.040215347,-0.02686399,-0.020368509,-0.016130842,-0.01281606,-0.010085374,-0.007636277,-0.00549569,-0.0034278757,-0.001565282,0.0002994698,0.0021979753,0.0041426932,0.0060645198,0.008311909,0.010736022,0.013501442,0.016765453,0.020570053,0.026930679,0.038530782,0.0002994698,2023-02-16,2023-02-14,-0.0189424734073557,0.019241943208021674,0.019241943208021674,0.00037025237842073144,0,1,0.040938564
r5_plus_fed,6,3,-0.04032661,-0.027027192,-0.020435693,-0.016064126,-0.012686928,-0.009874589,-0.0073561613,-0.0051525775,-0.003087795,-0.0012113396,0.0006677675,0.002548009,0.0044724965,0.0063560815,0.008548308,0.010947486,0.013679203,0.016945299,0.020829504,0.027339159,0.039290085,0.0006677675,2023-02-17,2023-02-14,-0.0070806970446996,0.007748464527509323,0.007748464527509323,6.003870253407027e-05,0,1,0.041265197
r5_plus_fed,6,4,-0.039982487,-0.026968008,-0.020523485,-0.016249696,-0.01291169,-0.010155547,-0.0076551223,-0.0054573156,-0.0033533499,-0.0014463519,0.00046539813,0.0023906166,0.0043474087,0.0063161245,0.008570229,0.011057361,0.013923954,0.01727294,0.02123254,0.02785782,0.039774586,0.00046539813,2023-02-21,2023-02-14,-0.0239597385794969,0.02442513670996965,0.02442513670996965,0.000596587303300707,0,0,0.041756026
r5_plus_fed,6,5,-0.03987897,-0.026995521,-0.020444594,-0.016177904,-0.012865978,-0.010115308,-0.0076602637,-0.0054754517,-0.0033745435,-0.0014754257,0.00042726862,0.0023276526,0.004302614,0.0062283846,0.008476387,0.01092353,0.013680004,0.016914628,0.020820346,0.0272873,0.039158978,0.00042726862,2023-02-22,2023-02-14,0.0007478792879324,-0.00032061066781762654,0.00032061066781762654,1.0279120031846446e-07,1,1,0.04126494
r5_plus_fed,7,1,-0.04344781,-0.029381895,-0.022766799,-0.018424058,-0.015041624,-0.0122024035,-0.009735141,-0.007546864,-0.0054800096,-0.003597807,-0.0017185679,0.00019276801,0.0021493568,0.00404256,0.0062648654,0.008670656,0.011430042,0.014705462,0.018663239,0.025053144,0.036683418,-0.0017185679,2023-02-23,2023-02-22,0.0086960001826702,-0.010414568099793638,0.010414568099793638,0.00010846322870523926,0,1,0.041430037
r5_plus_fed,7,2,-0.043690547,-0.029550117,-0.022980556,-0.018647496,-0.015233631,-0.012385942,-0.0098163765,-0.0075667617,-0.005409892,-0.003458761,-0.0014884232,0.00050344196,0.00255186,0.0045861606,0.0069873147,0.009614593,0.012670781,0.016324414,0.02064001,0.027642533,0.039580338,-0.0014884232,2023-02-24,2023-02-22,-0.0168857319559351,0.015397308748160341,0.015397308748160341,0.00023707711668617497,1,1,0.043620564
r5_plus_fed,7,3,-0.046499427,-0.031127082,-0.023638839,-0.01864667,-0.014800936,-0.011595486,-0.008746681,-0.0062617348,-0.0039280946,-0.0017784876,0.0004084956,0.002586297,0.00481094,0.0069649755,0.009454349,0.012179357,0.01524798,0.01887339,0.023096927,0.03004296,0.04237602,0.0004084956,2023-02-27,2023-02-22,0.0071359332098312,-0.006727437608098916,0.006727437608098916,4.525841677086366e-05,1,1,0.046735764
r5_plus_fed,7,4,-0.045627147,-0.030614698,-0.023464562,-0.018704083,-0.014955269,-0.011845045,-0.009032119,-0.006543261,-0.0041506337,-0.0019549192,0.0002774577,0.0024940798,0.0047613885,0.0070189694,0.0096185515,0.012488242,0.015779853,0.01963533,0.024135888,0.031436305,0.044167142,0.0002774577,2023-02-28,2023-02-22,-0.0012937763052507,0.0015712340058273333,0.0015712340058273333,2.4687763010682085e-06,0,1,0.047600448
r5_plus_fed,7,5,-0.047137488,-0.031823717,-0.0242928,-0.019423267,-0.01564572,-0.0125086,-0.009710685,-0.0072223214,-0.0048207985,-0.0026307886,-0.00043085654,0.0017747261,0.0040559764,0.006288502,0.008901962,0.011764405,0.014993915,0.018801017,0.023295097,0.030522166,0.043331526,-0.00043085654,2023-03-01,2023-02-22,-0.0080716312184522,0.00764077467811872,0.00764077467811872,5.838143768178023e-05,1,1,0.047587898
r5_plus_fed,8,1,-0.037859276,-0.025545249,-0.019366788,-0.015287717,-0.012124946,-0.009476037,-0.0071451394,-0.0050794506,-0.0031189672,-0.0013451878,0.00042077748,0.0022119884,0.0040458133,0.0058303103,0.007935934,0.010213313,0.012825228,0.015901921,0.019583922,0.025537403,0.03653247,0.00042077748,2023-03-02,2023-03-01,0.0082418768716725,-0.007821099395279814,0.007821099395279814,6.116959575084628e-05,1,1,0.03895071
r5_plus_fed,8,2,-0.03827555,-0.025890952,-0.019655049,-0.015524108,-0.012289819,-0.009611103,-0.007204191,-0.0051080924,-0.0030816998,-0.0012729474,0.00053373445,0.0023637104,0.004225148,0.0060591907,0.008211502,0.010553152,0.0132297985,0.016390989,0.020082407,0.026182184,0.037141807,0.00053373445,2023-03-03,2023-03-01,0.020462795192698,-0.01992906074444389,0.01992906074444389,0.00039716746215573445,1,0,0.039737456
r5_plus_fed,8,3,-0.038604867,-0.026071806,-0.019680293,-0.015436161,-0.012177355,-0.009456135,-0.007029103,-0.004914775,-0.0029306428,-0.0011195753,0.00069323985,0.002498086,0.0043388545,0.0061395955,0.0082414625,0.010544049,0.013148195,0.016223619,0.019839043,0.025826793,0.036649544,0.00069323985,2023-03-06,2023-03-01,0.0011338980081591,-0.00044065815444171335,0.00044065815444171335,1.941796090759769e-07,1,1,0.039519336
r5_plus_fed,8,4,-0.037910093,-0.02555043,-0.019342305,-0.0152442595,-0.012057687,-0.009418436,-0.007024739,-0.004930029,-0.0029335832,-0.0011298768,0.0006639678,0.0024574823,0.004280605,0.006106107,0.00821085,0.0105412025,0.0132070845,0.016308432,0.019968474,0.026013548,0.036737382,0.0006639678,2023-03-07,2023-03-01,-0.0123415330922968,0.013005500895417414,0.013005500895417414,0.00016914305354070314,0,1,0.03931078
r5_plus_fed,8,5,-0.03831193,-0.025836108,-0.019462371,-0.015349988,-0.012186504,-0.009558918,-0.0072098076,-0.005117761,-0.003105431,-0.0012809435,0.00053916965,0.0023548282,0.004233176,0.0060664234,0.008212613,0.010570369,0.013224624,0.016324343,0.02003047,0.026017243,0.03688872,0.00053916965,2023-03-08,2023-03-01,0.0049816744576051,-0.0044425048108055355,0.0044425048108055355,1.9735848994030328e-05,1,1,0.03949284
r5_plus_fed,9,1,-0.036862224,-0.023042602,-0.016659793,-0.012644964,-0.009617778,-0.0071365456,-0.0049933465,-0.0030809597,-0.0012709489,0.00036135648,0.0019988625,0.003654389,0.0053443755,0.006998607,0.008957013,0.011074109,0.013508109,0.016398685,0.019907702,0.025704265,0.03753171,0.0019988625,2023-03-09,2023-03-08,-0.0174777454882048,0.01947660797267481,0.01947660797267481,0.00037933825812125994,0,0,0.036567494
r5_plus_fed,9,2,-0.03833482,-0.024406845,-0.017995942,-0.013965495,-0.010900946,-0.008400418,-0.006176299,-0.0042269165,-0.002335504,-0.00063287676,0.0010856438,0.0028098284,0.0045755124,0.006315256,0.008357287,0.01057036,0.013104811,0.016122513,0.019657051,0.025643636,0.037449528,0.0010856438,2023-03-10,2023-03-08,-0.0141430761934709,0.01522871996643806,0.01522871996643806,0.00023191391181618922,0,1,0.03765299
r5_plus_fed,9,3,-0.03881805,-0.024993116,-0.018550329,-0.014453422,-0.011369803,-0.008820872,-0.006560509,-0.0045815418,-0.0027254466,-0.0010323757,0.0006684574,0.0023704756,0.004117887,0.0058392826,0.007857435,0.010090285,0.012641787,0.015703192,0.019378662,0.025579676,0.037805527,0.0006684574,2023-03-13,2023-03-08,0.0073889910625397,-0.00672053364432517,0.00672053364432517,4.5165572464506556e-05,1,1,0.03792899
r5_plus_fed,9,4,-0.03878309,-0.025260916,-0.019026699,-0.015024738,-0.011950857,-0.009419037,-0.007130933,-0.005120596,-0.0032058728,-0.0014632482,0.0002831709,0.0020363186,0.0038142977,0.005596894,0.007655526,0.009941177,0.012577449,0.015683206,0.019401457,0.025729105,0.038063433,0.0002831709,2023-03-14,2023-03-08,0.0227198468759511,-0.02243667597704049,0.02243667597704049,0.0005034044288987058,1,0,0.038428158
r5_plus_fed,9,5,-0.039504737,-0.025680933,-0.019101167,-0.014983511,-0.011864914,-0.009296138,-0.0070222532,-0.0049982835,-0.0030603488,-0.0012863366,0.0004960121,0.002286767,0.0041321144,0.005934366,0.008042551,0.01035675,0.012983205,0.016092716,0.019874228,0.026173592,0.038697075,0.0004960121,2023-03-15,2023-03-08,0.0052320206903445,-0.004736008589860278,0.004736008589860278,2.2429777363230337e-05,1,1,0.038975395
r5_plus_fed,10,1,-0.044579916,-0.027389105,-0.020030169,-0.015534974,-0.012169739,-0.009424122,-0.0070560924,-0.0049515823,-0.0029409216,-0.0011309157,0.0007010648,0.0025632132,0.00446258,0.006307857,0.008481667,0.010824013,0.013497779,0.016654138,0.020484876,0.026926043,0.040775646,0.0007010648,2023-03-16,2023-03-15,0.0260194127605386,-0.025318347934549294,0.025318347934549294,0.0006410187421348964,1,0,0.040515043
r5_plus_fed,10,2,-0.046939336,-0.028165687,-0.020283822,-0.015490984,-0.0119050555,-0.009013416,-0.0064812684,-0.0042594294,-0.0021217517,-0.00020896921,0.0017364715,0.0036943962,0.005707356,0.0076999622,0.010044031,0.012586688,0.015506514,0.018952183,0.023009175,0.029947577,0.04464024,0.0017364715,2023-03-17,2023-03-15,-0.0047370347383138,0.006473506284196323,0.006473506284196323,4.190628361152929e-05,0,1,0.043293
r5_plus_fed,10,3,-0.04865897,-0.03020293,-0.02240951,-0.017598767,-0.014008637,-0.011059279,-0.008434602,-0.0061307666,-0.003955243,-0.0019659656,6.891998e-05,0.002095613,0.0042035,0.0063081817,0.008811825,0.011606618,0.014833432,0.018715672,0.023379724,0.03126399,0.047519132,6.891998e-05,2023-03-20,2023-03-15,0.0035424803903469,-0.0034735604097976464,0.0034735604097976464,1.2065621920513593e-05,1,1,0.045789234
r5_plus_fed,10,4,-0.047639444,-0.029584032,-0.02201496,-0.017252196,-0.013615829,-0.0106365755,-0.007939651,-0.0055703544,-0.0032954311,-0.0012073827,0.0009163524,0.003033516,0.00518088,0.0073608095,0.00988226,0.012694061,0.015962727,0.019836849,0.024438692,0.032297716,0.048152328,0.0009163524,2023-03-21,2023-03-15,0.0141813144076155,-0.013264962028479713,0.013264962028479713,0.00017595921761700864,1,1,0.046453655
r5_plus_fed,10,5,-0.047943324,-0.029624851,-0.021674903,-0.016882293,-0.013260084,-0.010285825,-0.00765669,-0.0053001987,-0.003024383,-0.00093535567,0.0011661268,0.00328015,0.0054507228,0.007600838,0.010111194,0.012879391,0.016041871,0.019773617,0.024227744,0.031704538,0.047230784,0.0011661268,2023-03-22,2023-03-15,-0.0136914171817484,0.01485754398896868,0.01485754398896868,0.00022074661338413937,0,1,0.045902647
r5_plus_fed,11,1,-0.039353,-0.025840616,-0.019390045,-0.015168357,-0.011911402,-0.00918931,-0.006825142,-0.004730052,-0.0027440106,-0.0009762998,0.00078141224,0.0025585347,0.0043941215,0.006209121,0.008361623,0.0107103605,0.013416106,0.016625749,0.020480327,0.026708283,0.037746277,0.00078141224,2023-03-23,2023-03-22,0.0117884985240139,-0.011007086287621402,0.011007086287621402,0.0001211559485431431,1,1,0.039870374
r5_plus_fed,11,2,-0.040070985,-0.026265224,-0.019675296,-0.015386229,-0.012074577,-0.009346426,-0.0069233966,-0.004806787,-0.0027801974,-0.0009919528,0.00079275103,0.0025874798,0.00445267,0.006305158,0.008491447,0.010879294,0.013629566,0.01688192,0.020686496,0.02691878,0.037804812,0.00079275103,2023-03-24,2023-03-22,0.0036737147071858,-0.0028809636766550196,0.0028809636766550196,8.299951706205608e-06,1,1,0.04036179
r5_plus_fed,11,3,-0.040727027,-0.026880015,-0.020164602,-0.015753986,-0.012380979,-0.009591828,-0.007110947,-0.0049494165,-0.002936974,-0.0011334217,0.00065643335,0.0024332297,0.0042912336,0.0061334902,0.008306324,0.010709,0.0134679135,0.016757643,0.02065109,0.027039792,0.0382197,0.00065643335,2023-03-27,2023-03-22,-0.0068751671728668,0.007531600518151113,0.007531600518151113,5.672500636501411e-05,0,1,0.040815692
r5_plus_fed,11,4,-0.039515782,-0.026164182,-0.019869674,-0.015695067,-0.012448964,-0.009765148,-0.0073235156,-0.0051829005,-0.0031490463,-0.0013166834,0.0004971614,0.0023005507,0.0041487785,0.006042648,0.008237091,0.010678373,0.013508244,0.01682432,0.020732243,0.027191447,0.03827281,0.0004971614,2023-03-28,2023-03-22,-0.0053255299509548,0.005822691361703759,0.005822691361703759,3.390373469365957e-05,0,1,0.040601917
r5_plus_fed,11,5,-0.03968552,-0.026203062,-0.019592399,-0.0153471595,-0.012103784,-0.009412802,-0.0070349933,-0.0049145697,-0.0028893305,-0.0010662455,0.0007296484,0.0025235754,0.0043897494,0.006248581,0.00843589,0.010843166,0.013586405,0.016802361,0.020663004,0.02689735,0.03791231,0.0007296484,2023-03-29,2023-03-22,0.0180695041814693,-0.017339855785096506,0.017339855785096506,0.0003006705986479448,1,1,0.040255405
r5_plus_fed,12,1,-0.03449705,-0.022298388,-0.016271466,-0.012477769,-0.009619937,-0.0072771977,-0.0052608196,-0.0034811175,-0.0017976732,-0.00028831963,0.0012158974,0.0027455129,0.0043153767,0.0058649066,0.0077022505,0.009702132,0.011998035,0.014729402,0.01803494,0.023480551,0.03401752,0.0012158974,2023-03-30,2023-03-29,0.0094208040587384,-0.008204906674638737,0.008204906674638737,6.732049353953129e-05,1,1,0.034306407
r5_plus_fed,12,2,-0.035648666,-0.02312965,-0.016933847,-0.013038197,-0.010105546,-0.0077306787,-0.0056365053,-0.0038216533,-0.0020778554,-0.00053173956,0.00102298,0.0025877163,0.00420042,0.0058001745,0.007688294,0.009740691,0.012095239,0.014891562,0.018175593,0.023694685,0.03413201,0.00102298,2023-03-31,2023-03-29,0.0164941723763124,-0.015471192409947598,0.015471192409947598,0.00023935779458562017,1,1,0.035109438
r5_plus_fed,12,3,-0.03663926,-0.024011211,-0.017695764,-0.013672734,-0.010668613,-0.008217372,-0.0060628764,-0.0041952906,-0.0024550215,-0.00088470185,0.00068976555,0.0022658429,0.00390138,0.005527794,0.0074436218,0.009556794,0.011977222,0.014882819,0.018355703,0.024154874,0.03514396,0.00068976555,2023-04-03,2023-03-29,-0.0024333940319017,0.003123159586754484,0.003123159586754484,9.75412580433644e-06,0,1,0.036051467
r5_plus_fed,12,4,-0.03573621,-0.023410313,-0.017318664,-0.013414974,-0.010470052,-0.008086402,-0.0059529184,-0.004110065,-0.0023640085,-0.00079337193,0.00076965604,0.0023402688,0.0039457823,0.0055866,0.0074857865,0.009605425,0.012058821,0.014953999,0.018397408,0.024185253,0.034930676,0.00076965604,2023-04-04,2023-03-29,-0.0033789779525106,0.004148633987628405,0.004148633987628405,1.721116396330556e-05,0,1,0.03571607
r5_plus_fed,12,5,-0.035700954,-0.023391817,-0.017160017,-0.0132487975,-0.010324507,-0.00793905,-0.005849568,-0.004005454,-0.0022484818,-0.0006576923,0.00093119324,0.0025304414,0.004196458,0.0058474606,0.007794371,0.009938232,0.012390223,0.015302604,0.018825887,0.02463735,0.03563401,0.00093119324,2023-04-05,2023-03-29,-0.0099217046698915,0.010852897907084429,0.010852897907084429,0.00011778539298159757,0,1,0.035985902
r5_plus_fed,13,1,-0.029778115,-0.019615997,-0.014576568,-0.01123408,-0.0086067235,-0.0064058946,-0.0044470886,-0.0026821466,-0.0009875842,0.0005480773,0.002097053,0.003659503,0.0052335337,0.006764706,0.008562433,0.010479258,0.012667954,0.0152272,0.018274194,0.0231465,0.03236297,0.002097053,2023-04-06,2023-04-05,0.0067195768010278,-0.004622523813362862,0.004622523813362862,2.1367726405106738e-05,1,1,0.03285076
r5_plus_fed,13,2,-0.030125143,-0.020013038,-0.014961457,-0.011593662,-0.008929175,-0.0067015383,-0.004682148,-0.0029018028,-0.0011544955,0.0004236796,0.0020166365,0.0036167433,0.005235068,0.006801918,0.008618705,0.010575082,0.012761839,0.015309356,0.018256778,0.02309848,0.03223453,0.0020166365,2023-04-10,2023-04-05,-0.0005661991030468,0.0025828356460227027,0.0025828356460227027,6.671039974365512e-06,0,1,0.033218235
r5_plus_fed,13,3,-0.03055073,-0.020557988,-0.015492861,-0.012080908,-0.009413217,-0.0071591767,-0.0051254695,-0.0033286791,-0.0016258185,-6.615843e-05,0.0015149377,0.003091035,0.0046900683,0.006240774,0.008039165,0.010002304,0.012196477,0.014797712,0.01784871,0.022852298,0.032161843,0.0015149377,2023-04-11,2023-04-05,-0.0064381489962189,0.007953086724862318,0.007953086724862318,6.325158845318122e-05,0,1,0.03334157
r5_plus_fed,13,4,-0.03031204,-0.020539071,-0.015685942,-0.012416313,-0.00981559,-0.007624172,-0.005599704,-0.0038036914,-0.0020701685,-0.00048123143,0.0011273777,0.0027437503,0.0043687145,0.0059854104,0.007823166,0.009846456,0.0121389665,0.014786535,0.01789547,0.022983361,0.032255955,0.0011273777,2023-04-12,2023-04-05,-0.0088732423491183,0.010000620083637841,0.010000620083637841,0.00010001240205726055,0,1,0.033581413
r5_plus_fed,13,5,-0.031036243,-0.0209745,-0.015916156,-0.012583256,-0.009967648,-0.007760158,-0.005763441,-0.003960985,-0.002207213,-0.0005892669,0.0010507806,0.0027056797,0.0043966775,0.006036216,0.007930251,0.009992277,0.012287622,0.014949742,0.018090177,0.023078686,0.032402866,0.0010507806,2023-04-13,2023-04-05,0.0193929675084669,-0.018342186864757897,0.018342186864757897,0.00033643581898169713,1,0,0.034006335
r5_plus_fed,14,1,-0.030801196,-0.019715818,-0.014394902,-0.010976176,-0.008349071,-0.0061639743,-0.0042583644,-0.0025561203,-0.0009391684,0.00052018196,0.0019808107,0.0034655242,0.004974616,0.006458283,0.008211868,0.0101116905,0.012289323,0.014860208,0.017947724,0.022922384,0.032402817,0.0019808107,2023-04-14,2023-04-13,-0.0018816519287805,0.0038624625877867382,0.0038624625877867382,1.4918617242052226e-05,0,1,0.032342628
r5_plus_fed,14,2,-0.03186877,-0.02084615,-0.015563345,-0.012162724,-0.009533133,-0.0073554986,-0.0053981068,-0.0036813829,-0.0020060833,-0.0005016846,0.0010083955,0.002535013,0.004086529,0.0056182523,0.007420083,0.009373184,0.011596861,0.014221894,0.01726476,0.022299297,0.031625964,0.0010083955,2023-04-17,2023-04-13,0.0008471181588541,0.00016127729599222252,0.00016127729599222252,2.6010366202562953e-08,1,1,0.032828104
r5_plus_fed,14,3,-0.032648392,-0.021479933,-0.016091969,-0.012600529,-0.009930028,-0.0077006747,-0.0057152365,-0.0039667897,-0.0023207704,-0.00081679574,0.0007001667,0.0022247909,0.0037844258,0.005326653,0.0071297903,0.009105253,0.011343193,0.014005932,0.017137418,0.022275474,0.031767882,0.0007001667,2023-04-18,2023-04-13,6.280041075873191e-05,0.0006373662710226792,0.0006373662710226792,4.062357634373554e-07,1,1,0.03322939
r5_plus_fed,14,4,-0.032269992,-0.02125267,-0.015997596,-0.012581969,-0.009941799,-0.007761116,-0.0057842094,-0.004053535,-0.0024013205,-0.00089745363,0.00061042525,0.0021355834,0.0036801307,0.005232815,0.0070112734,0.008979086,0.01122497,0.013849105,0.016954588,0.022083266,0.031511948,0.00061042525,2023-04-19,2023-04-13,-0.0004704163280929,0.0010808415814916165,0.0010808415814916165,1.1682185242812987e-06,0,1,0.032952182
r5_plus_fed,14,5,-0.032152586,-0.021288006,-0.01595388,-0.012533207,-0.00991844,-0.007751354,-0.0058244076,-0.0041151466,-0.0024757227,-0.0009833,0.0005265215,0.0020480272,0.0036273336,0.005172027,0.006982247,0.008959126,0.01119105,0.013821472,0.016974721,0.022107264,0.031767048,0.0005265215,2023-04-20,2023-04-13,-0.0076538410755792,0.008180362546908234,0.008180362546908234,6.691833139885897e-05,0,1,0.0329286
r5_plus_fed,15,1,-0.023867462,-0.015280681,-0.011227487,-0.008670084,-0.0067224274,-0.0051262635,-0.0037410308,-0.0025128012,-0.001351449,-0.00031784078,0.00071379816,0.0017656311,0.0028361478,0.003882483,0.005116492,0.0064493176,0.007967968,0.009766607,0.011939539,0.015552642,0.022835657,0.00071379816,2023-04-21,2023-04-20,0.0010425101363159,-0.0003287119770481466,0.0003287119770481466,1.0805156385490124e-07,1,1,0.023167025
r5_plus_fed,15,2,-0.024687827,-0.016033817,-0.011981584,-0.009409545,-0.007446764,-0.0058350824,-0.0043952344,-0.0031421175,-0.0019255457,-0.0008462916,0.00024028253,0.0013423952,0.0024658062,0.0035789823,0.004899883,0.0063347667,0.007971143,0.009930743,0.012231272,0.016057825,0.02350438,0.00024028253,2023-04-24,2023-04-20,-0.0020865018792049,0.002326784413128064,0.002326784413128064,5.41392570517571e-06,0,1,0.024212856
r5_plus_fed,15,3,-0.025216384,-0.016343258,-0.0121317115,-0.009447895,-0.0074089607,-0.005722943,-0.0042307707,-0.0029300414,-0.0017125626,-0.00061235495,0.0004961144,0.0016170595,0.0027667272,0.0038989126,0.005235063,0.006707865,0.008373,0.010372527,0.012730302,0.016605346,0.024206696,0.0004961144,2023-04-25,2023-04-20,-0.0190439519412711,0.019540066312615546,0.019540066312615546,0.00038181419150141294,0,0,0.024862014
r5_plus_fed,15,4,-0.025628867,-0.016588822,-0.012300776,-0.0095634125,-0.007490004,-0.0058073387,-0.004296524,-0.0029936684,-0.0017555415,-0.0006403267,0.0004830609,0.0016174653,0.0027652704,0.0039210343,0.0052414597,0.0067017474,0.0083708875,0.010341648,0.012674144,0.01658391,0.024084274,0.0004830609,2023-04-26,2023-04-20,0.0060463247687046,-0.005563263872773624,0.005563263872773624,3.094990491810818e-05,1,1,0.02497492
r5_plus_fed,15,5,-0.025492184,-0.016683556,-0.012442103,-0.009773942,-0.007759874,-0.0061000925,-0.004626562,-0.0033206714,-0.002068731,-0.0009290323,0.00022145745,0.0013793046,0.0025684987,0.0037278254,0.0050902204,0.006585365,0.008274352,0.010292932,0.012750303,0.016816609,0.024728522,0.00022145745,2023-04-27,2023-04-20,0.0268277234258742,-0.026606265977086214,0.026606265977086214,0.0007078933892434554,1,0,0.025192406
r5_plus_fed,16,1,-0.028403984,-0.018457811,-0.013670781,-0.010570627,-0.008143961,-0.0061231973,-0.004333603,-0.0027162181,-0.0011585751,0.00025654834,0.0016900502,0.0031529432,0.0046205283,0.0060445014,0.00770828,0.009498549,0.011527867,0.013909506,0.016739463,0.021308513,0.03017572,0.0016900502,2023-04-28,2023-04-27,0.0068750159256159,-0.005184965687803798,0.005184965687803798,2.6883869183702714e-05,1,1,0.030410245
r5_plus_fed,16,2,-0.029731765,-0.019615706,-0.014698911,-0.011510765,-0.009000788,-0.0069176797,-0.005032885,-0.0033714196,-0.001727968,-0.00024796446,0.0012529125,0.002775156,0.0042937496,0.005776678,0.0074931155,0.009329089,0.0113800885,0.013775806,0.016524825,0.021105846,0.029906696,0.0012529125,2023-05-01,2023-04-27,-0.0011474643211766,0.002400376771758389,0.002400376771758389,5.761808646397225e-06,0,1,0.031223737
r5_plus_fed,16,3,-0.030631922,-0.020495811,-0.015616223,-0.012435556,-0.009959928,-0.007877729,-0.006000613,-0.004333482,-0.0027455802,-0.0012910204,0.0001994834,0.001712803,0.0032436326,0.004761985,0.0065288595,0.008449306,0.010610695,0.013168504,0.016150592,0.021013387,0.030077435,0.0001994834,2023-05-02,2023-04-27,-0.0087599178883239,0.008959401290280868,0.008959401290280868,8.027087148028647e-05,0,1,0.031766817
r5_plus_fed,16,4,-0.029998159,-0.020205412,-0.015591062,-0.012559332,-0.010161678,-0.008145092,-0.006275415,-0.004621825,-0.0030129184,-0.0015321581,-3.1212134e-05,0.0015010455,0.0030272047,0.0045552882,0.006284177,0.008183501,0.010335841,0.012839347,0.015778717,0.020634148,0.029638698,-3.1212134e-05,2023-05-03,2023-04-27,-0.0065654694599192,0.006534257326156308,0.006534257326156308,4.2696518804427376e-05,1,1,0.03136978
r5_plus_fed,16,5,-0.02991316,-0.0200901,-0.015312233,-0.012240006,-0.009846729,-0.007847114,-0.0060501047,-0.0044389954,-0.0028753965,-0.0014337176,5.2582443e-05,0.0015567371,0.0031075364,0.0046130563,0.006363929,0.0082607055,0.010378683,0.012868973,0.015824538,0.020612013,0.029680068,5.2582443e-05,2023-05-04,2023-04-27,-0.0035360465834588,0.0035886290269177596,0.0035886290269177596,1.2878258292836705e-05,0,1,0.03113677
r5_plus_fed,17,1,-0.02456077,-0.015508366,-0.011313843,-0.008720019,-0.00676147,-0.0051497426,-0.0037423603,-0.002478049,-0.0012652503,-0.00017306584,0.00093128515,0.002056831,0.0031912518,0.004305551,0.0056115896,0.007029867,0.008641203,0.010554572,0.012854371,0.016681788,0.024382822,0.00093128515,2023-05-05,2023-05-04,0.0210316998006338,-0.02010041465354429,0.02010041465354429,0.00040402666924441795,1,0,0.024168214
r5_plus_fed,17,2,-0.024447504,-0.015371657,-0.011175633,-0.0085579185,-0.006581108,-0.0049681077,-0.0035275393,-0.0022662499,-0.0010339388,6.958094e-05,0.0011858382,0.0023163273,0.00346388,0.004585197,0.0058966507,0.007313181,0.008906052,0.010796012,0.013005144,0.016727082,0.024195047,0.0011858382,2023-05-08,2023-05-04,0.0024743442720162,-0.0012885060225041834,0.0012885060225041834,1.6602477700295514e-06,1,1,0.024180777
r5_plus_fed,17,3,-0.02473777,-0.015608588,-0.0113914395,-0.008782699,-0.00682848,-0.0052219057,-0.003792973,-0.002536802,-0.0013520335,-0.00027096496,0.0008289341,0.0019421227,0.0030778693,0.004196051,0.005508386,0.0069570877,0.0085902605,0.0105597805,0.012887046,0.016727807,0.024348354,0.0008289341,2023-05-09,2023-05-04,-0.0063534401697938,0.00718237424650161,0.00718237424650161,5.158649981680957e-05,0,1,0.024278484
r5_plus_fed,17,4,-0.025195897,-0.01586154,-0.011544454,-0.008872909,-0.006872797,-0.005250646,-0.0037901157,-0.0025309785,-0.0013338255,-0.00025189796,0.0008369744,0.00194059,0.0030517576,0.0041752174,0.0054557906,0.006886106,0.008515389,0.010445911,0.012735045,0.016550984,0.024002569,0.0008369744,2023-05-10,2023-05-04,0.0108230081340718,-0.009986033716746692,0.009986033716746692,9.972086939200174e-05,1,1,0.024279498
r5_plus_fed,17,5,-0.025236309,-0.016058294,-0.011828415,-0.009247309,-0.007315237,-0.0057181763,-0.0043032174,-0.003039152,-0.0018208598,-0.0007002085,0.0004443702,0.0016000844,0.0027810526,0.0039379694,0.005295654,0.0067825397,0.0084559545,0.01046326,0.012890291,0.016860252,0.0246891,0.0004443702,2023-05-11,2023-05-04,0.0032548086431355,-0.002810438437621367,0.002810438437621367,7.89856421165963e-06,1,1,0.024718706
r5_plus_fed,18,1,-0.020889927,-0.013366018,-0.009751056,-0.007485711,-0.0057527977,-0.0043373792,-0.0031035256,-0.002017537,-0.0009851679,-6.868855e-05,0.0008362364,0.0017636814,0.0027093373,0.0036419607,0.004738448,0.0059291366,0.007287131,0.008900329,0.010846563,0.014138219,0.020886265,0.0008362364,2023-05-12,2023-05-11,-0.0035931080239036,0.004429344426295987,0.004429344426295987,1.9619092046759327e-05,0,1,0.020597618
r5_plus_fed,18,2,-0.021330075,-0.013693803,-0.010011214,-0.0076806187,-0.0058935494,-0.004440167,-0.003142084,-0.0020317044,-0.00095279695,-9.190469e-06,0.000927061,0.0018813752,0.0028479518,0.0038131757,0.0049475385,0.0061819996,0.0075710258,0.009231285,0.011191091,0.014524815,0.02127608,0.000927061,2023-05-15,2023-05-11,0.0054001509528436,-0.0044730899357065795,0.0044730899357065795,2.0008533572919493e-05,1,1,0.021202303
r5_plus_fed,18,3,-0.0221093,-0.014230829,-0.010443588,-0.00804619,-0.0062210895,-0.0047171903,-0.003386899,-0.0022314503,-0.0011466293,-0.00017021302,0.000807179,0.0017916476,0.0028008888,0.0038060716,0.0049881386,0.0062959525,0.0077685574,0.009549972,0.011658446,0.015174979,0.02218266,0.000807179,2023-05-16,2023-05-11,0.0011317018770057,-0.00032452285535663735,0.00032452285535663735,1.0531508364882497e-07,1,1,0.022102034
r5_plus_fed,18,4,-0.022658868,-0.014573927,-0.010689226,-0.008218849,-0.006341619,-0.0048211305,-0.0034518724,-0.002278138,-0.0011598773,-0.00015822126,0.0008512328,0.0018730988,0.002905681,0.003948364,0.005135589,0.0064592813,0.007966095,0.009755662,0.011874756,0.015437941,0.022373673,0.0008512328,2023-05-17,2023-05-11,0.0120316188721409,-0.01118038608082141,0.01118038608082141,0.00012500103291622516,1,0,0.022563983
r5_plus_fed,18,5,-0.022080334,-0.014322199,-0.010547305,-0.008164153,-0.0063575082,-0.0048694955,-0.0035450268,-0.002384931,-0.0012764855,-0.000281609,0.00072114565,0.001727328,0.002764186,0.0037819124,0.004985116,0.006315391,0.007815269,0.009620677,0.011817696,0.01548991,0.022740833,0.00072114565,2023-05-18,2023-05-11,0.0184027146388466,-0.017681568984749402,0.017681568984749402,0.000312637881762452,1,0,0.022365
r5_plus_fed,19,1,-0.02088899,-0.013527354,-0.0097858505,-0.0074269935,-0.005618319,-0.004140319,-0.0028517449,-0.0016965494,-0.0005894177,0.00040547963,0.0014119846,0.002436909,0.003462652,0.0044490257,0.005589532,0.0068039107,0.008156001,0.009738977,0.011608682,0.014616717,0.020635325,0.0014119846,2023-05-19,2023-05-18,-0.0022558587156006,0.0036678432738178274,0.0036678432738178274,1.3453074281290677e-05,0,1,0.021394532
r5_plus_fed,19,2,-0.021577097,-0.014042835,-0.0102583105,-0.007860479,-0.0060264403,-0.0045393305,-0.003214772,-0.0020714584,-0.0009519457,4.069623e-05,0.0010571064,0.002082155,0.003109955,0.0041165478,0.0052901898,0.0065493593,0.007965859,0.009637975,0.01157471,0.014708425,0.020712733,0.0010571064,2023-05-22,2023-05-18,0.003352598639055,-0.002295492219588564,0.002295492219588564,5.269284530191632e-06,1,1,0.021833021
r5_plus_fed,19,3,-0.021512872,-0.013886926,-0.0100340275,-0.007595509,-0.005736282,-0.004211025,-0.0028622458,-0.0016846774,-0.00057348475,0.00042990845,0.00145729,0.0024859754,0.0035209875,0.004528809,0.005691485,0.0069534653,0.008355004,0.010019045,0.011953062,0.015052282,0.021132372,0.00145729,2023-05-23,2023-05-18,-0.0127575831205775,0.014214873146005438,0.014214873146005438,0.00020206261855702654,0,0,0.02198709
r5_plus_fed,19,4,-0.021741368,-0.013986946,-0.009987076,-0.0074487743,-0.005535577,-0.003997019,-0.002620525,-0.0014502314,-0.00034426898,0.00065030536,0.0016593229,0.0026776416,0.0036857345,0.004691704,0.0058193253,0.007056982,0.008451399,0.010075415,0.0119517045,0.014995478,0.020952318,0.0016593229,2023-05-24,2023-05-18,-0.0051424875099382,0.006801810389215369,0.006801810389215369,4.626462457083813e-05,0,1,0.02193878
r5_plus_fed,19,5,-0.020773368,-0.013505064,-0.009723571,-0.00732015,-0.0054883007,-0.003986169,-0.0026627535,-0.0015053793,-0.00040978246,0.0005807401,0.0015899277,0.0025959816,0.0036083874,0.0045829164,0.0057177837,0.0069532227,0.008337535,0.009975942,0.011927493,0.0150553435,0.021267444,0.0015899277,2023-05-25,2023-05-18,0.0240414859954386,-0.022451558289502467,0.022451558289502467,0.0005040724696269269,1,0,0.021651063
r5_plus_fed,20,1,-0.024001505,-0.015073358,-0.010701551,-0.0079039,-0.0057613337,-0.0039929296,-0.0024477532,-0.0010576544,0.00026666222,0.0014577432,0.0026617919,0.0038748225,0.005089487,0.006277074,0.007668962,0.009163123,0.010854729,0.012837605,0.01518447,0.01887331,0.026246859,0.0026617919,2023-05-26,2023-05-25,0.0252296513550687,-0.022567859492148772,0.022567859492148772,0.0005093082820573694,1,0,0.025886022
r5_plus_fed,20,2,-0.02451563,-0.015710019,-0.011416439,-0.00866304,-0.006541769,-0.004794251,-0.0032239435,-0.0018418698,-0.00047992202,0.00074438844,0.0019895583,0.003243384,0.0045033316,0.005725552,0.007143666,0.008662241,0.010356617,0.012320709,0.014565389,0.018208008,0.025420409,0.0019895583,2023-05-30,2023-05-25,0.0045246532534874,-0.002535094914368443,0.002535094914368443,6.426706224856743e-06,1,1,0.025981829
r5_plus_fed,20,3,-0.024844749,-0.016035391,-0.011757848,-0.009018656,-0.0069249216,-0.0051831817,-0.0036317687,-0.0022603676,-0.00096487475,0.00021882192,0.0014253873,0.002638825,0.0038714898,0.005087787,0.0064961277,0.008035668,0.009756963,0.011788435,0.014155894,0.017924944,0.025260951,0.0014253873,2023-05-31,2023-05-25,-0.0057024013032606,0.007127788641064441,0.007127788641064441,5.080537091168727e-05,0,1,0.025913741
r5_plus_fed,20,4,-0.024816273,-0.016110417,-0.01191212,-0.009231199,-0.007171093,-0.0054680537,-0.0039131697,-0.0025580325,-0.001262372,-7.612319e-05,0.001123376,0.0023438027,0.0035630127,0.0047824294,0.006162799,0.0076817973,0.009396307,0.011382525,0.013692224,0.017421182,0.024657467,0.001123376,2023-06-01,2023-05-25,0.0114859799462648,-0.010362603988433059,0.010362603988433059,0.00010738356142108875,1,1,0.025604345
r5_plus_fed,20,5,-0.024092248,-0.015645495,-0.011515664,-0.008893523,-0.0068795797,-0.005195317,-0.0036938777,-0.0023623994,-0.0010903786,7.5285716e-05,0.0012605714,0.0024564192,0.0036800196,0.0048669223,0.0062515684,0.0077556185,0.009443688,0.011423231,0.013766528,0.01748701,0.024864145,0.0012605714,2023-06-02,2023-05-25,0.0074717597119565,-0.006211188297351717,0.006211188297351717,3.8578860065158926e-05,1,1,0.025282193
r5_plus_fed,21,1,-0.022186985,-0.014358525,-0.010464769,-0.007980543,-0.0060744104,-0.0044957767,-0.0031133862,-0.0018810667,-0.00071017304,0.0003323403,0.0013713277,0.002427384,0.0035053415,0.0045624385,0.0058032833,0.0071446635,0.00866995,0.010464595,0.012607652,0.016088454,0.022991657,0.0013713277,2023-06-05,2023-06-02,0.0007045504264739,0.0006667772447484887,0.0006667772447484887,4.4459189411438606e-07,1,1,0.023072422
r5_plus_fed,21,2,-0.022555942,-0.014704741,-0.010842236,-0.008363629,-0.006456462,-0.0048807063,-0.0034655458,-0.0022309734,-0.0010304422,3.0356881e-05,0.0010953322,0.002177093,0.003277499,0.0043666456,0.005650938,0.0070422012,0.008618655,0.010485335,0.012659164,0.016227469,0.023101421,0.0010953322,2023-06-06,2023-06-02,-0.0001691905428187,0.0012645227481142627,0.0012645227481142627,1.599017780498447e-06,0,1,0.0235014
r5_plus_fed,21,3,-0.023312012,-0.01524427,-0.011241321,-0.008681904,-0.00672603,-0.005099447,-0.0036504003,-0.0023774763,-0.0011836847,-0.00010490412,0.0009834656,0.002075956,0.0032009513,0.0043107164,0.0056097573,0.007035423,0.008642305,0.010565393,0.012829593,0.016519755,0.02366767,0.0009834656,2023-06-07,2023-06-02,-0.0171107318366459,0.01809419741598427,0.01809419741598427,0.00032739998012861187,0,0,0.024070915
r5_plus_fed,21,4,-0.023478596,-0.015290403,-0.011254109,-0.008665983,-0.006689502,-0.0050647636,-0.003589477,-0.0023114728,-0.0010915414,7.2253606e-06,0.0011131867,0.002235676,0.0033663139,0.004507778,0.0058086407,0.007244791,0.008881125,0.010794247,0.013029174,0.016692039,0.023636078,0.0011131867,2023-06-08,2023-06-02,0.0123367327936661,-0.011223546086877262,0.011223546086877262,0.0001259679867642579,1,1,0.024283282
r5_plus_fed,21,5,-0.02319942,-0.015231199,-0.0112678055,-0.008741236,-0.0067999186,-0.005179655,-0.003729701,-0.0024435183,-0.001205285,-7.742355e-05,0.0010569824,0.0022033148,0.003377397,0.004526283,0.005874702,0.0073465602,0.009000139,0.0109468,0.013259207,0.016993677,0.024242885,0.0010569824,2023-06-09,2023-06-02,0.0038155301771962,-0.00275854774004751,0.00275854774004751,7.609585634121224e-06,1,1,0.024527013
r5_plus_fed,22,1,-0.022675034,-0.01411667,-0.010172765,-0.0077133095,-0.0058460664,-0.004317845,-0.0029818288,-0.001797456,-0.0006760198,0.0003284889,0.001323967,0.0023343337,0.0033579862,0.004364444,0.005548101,0.006825133,0.008283867,0.010016586,0.012101896,0.01558441,0.022715608,0.001323967,2023-06-12,2023-06-09,0.0167558990218552,-0.015431932013935053,0.015431932013935053,0.0002381445256827136,1,0,0.022274662
r5_plus_fed,22,2,-0.022908697,-0.014369742,-0.010477876,-0.008048622,-0.0061979257,-0.0046895444,-0.0033362024,-0.00216776,-0.0010312422,-2.1877495e-05,0.0009872188,0.0020177015,0.0030580696,0.0040908335,0.0053079175,0.0066319276,0.0081257485,0.009913627,0.0120206,0.015587399,0.022722594,0.0009872188,2023-06-13,2023-06-09,0.0076545720961307,-0.006667353286816628,0.006667353286816628,4.445359985122449e-05,1,1,0.022498477
r5_plus_fed,22,3,-0.023403851,-0.014686673,-0.010699118,-0.008217505,-0.0063379174,-0.004785576,-0.0034058343,-0.002196576,-0.0010592405,-2.8427909e-05,0.0010126283,0.002060603,0.003126235,0.004178445,0.005407341,0.006762474,0.008289666,0.01013928,0.012339037,0.01604068,0.023516921,0.0010126283,2023-06-14,2023-06-09,0.0072412842753781,-0.00622865595943015,0.00622865595943015,3.879615506094473e-05,1,1,0.023038154
r5_plus_fed,22,4,-0.023897538,-0.014882101,-0.010734908,-0.008159992,-0.0062161246,-0.0046423776,-0.0032289843,-0.0020128565,-0.00085508043,0.00018294228,0.0012299024,0.0022941532,0.0033645,0.004435694,0.005659704,0.0070158057,0.008561634,0.010389214,0.01255701,0.016219823,0.023421437,0.0012299024,2023-06-15,2023-06-09,0.0118453596174816,-0.010615457237335514,0.010615457237335514,0.00011268793235769894,1,1,0.02329192
r5_plus_fed,22,5,-0.023241665,-0.014547297,-0.010559553,-0.0080918465,-0.0062145935,-0.00465969,-0.0032666165,-0.0020350695,-0.0008516554,0.00022100206,0.0013068682,0.002396423,0.0035020255,0.0045738034,0.0058261435,0.007202455,0.0087468205,0.010595828,0.012841212,0.01660094,0.024109526,0.0013068682,2023-06-16,2023-06-09,-0.0063128088774829,0.00761967703576375,0.00761967703576375,5.805947812934544e-05,0,1,0.023400765
r5_plus_fed,23,1,-0.023114044,-0.014901325,-0.010673881,-0.008035313,-0.006051272,-0.0044338554,-0.0030201075,-0.0017657912,-0.0005636215,0.00050932437,0.001588622,0.0026788847,0.0037692906,0.0048354436,0.0060763457,0.007405856,0.008909643,0.010667947,0.01275855,0.016160658,0.02293713,0.001588622,2023-06-20,2023-06-16,-0.0014325067080124,0.003021128699698923,0.003021128699698923,9.127218620144505e-06,0,1,0.02343243
r5_plus_fed,23,2,-0.023465917,-0.015034989,-0.010763936,-0.008080318,-0.0060608643,-0.004427931,-0.0029779628,-0.0017250587,-0.00050375995,0.000577428,0.0016700422,0.0027776954,0.0038868499,0.004969213,0.0062264674,0.00757992,0.009094043,0.010863296,0.012909016,0.016284795,0.022897577,0.0016700422,2023-06-21,2023-06-16,-0.0137214581073898,0.015391500276670151,0.015391500276670151,0.00023689828076673734,0,0,0.023672951
r5_plus_fed,23,3,-0.023579959,-0.015248548,-0.010960655,-0.00828284,-0.006272705,-0.0046221153,-0.003161954,-0.0018921028,-0.0007003178,0.0003779144,0.0014790302,0.0025780334,0.0036939445,0.0047926004,0.0060713426,0.0074768215,0.009044205,0.010902224,0.013067195,0.016580014,0.023444815,0.0014790302,2023-06-22,2023-06-16,0.011729675160402,-0.010250644922868847,0.010250644922868847,0.00010507572133473688,1,1,0.02402785
r5_plus_fed,23,4,-0.023070388,-0.014655099,-0.01036807,-0.0077084713,-0.0057077664,-0.0040875506,-0.0026313483,-0.0013905301,-0.00022232233,0.00082367414,0.0018752435,0.0029348107,0.0039866255,0.0050407443,0.006229961,0.0075422185,0.009029792,0.010768481,0.012803406,0.016160276,0.022711674,0.0018752435,2023-06-23,2023-06-16,-0.0099627606043514,0.011838004103295146,0.011838004103295146,0.0001401383411496327,0,1,0.023171477
r5_plus_fed,23,5,-0.021918995,-0.014033524,-0.0100574065,-0.0075992052,-0.0057241647,-0.00416794,-0.0027812894,-0.0015592312,-0.00039235826,0.0006642325,0.0017280668,0.0027832158,0.003843603,0.004871918,0.006071502,0.007387203,0.008868187,0.010620925,0.012732592,0.016165376,0.02290497,0.0017280668,2023-06-26,2023-06-16,-0.0134962083103563,0.015224275135664206,0.015224275135664206,0.0002317785534064034,0,0,0.02279
r5_plus_fed,24,1,-0.023439625,-0.015386519,-0.011216689,-0.008519762,-0.006452348,-0.0047407756,-0.003233385,-0.0018886931,-0.0006103127,0.00054369424,0.0017008259,0.002873601,0.0040488113,0.0051888023,0.0065165516,0.007930537,0.00952729,0.01139689,0.013624952,0.017196808,0.024090687,0.0017008259,2023-06-27,2023-06-26,0.0170480945144602,-0.015347268641629153,0.015347268641629153,0.00023553865475833355,1,0,0.02484164
r5_plus_fed,24,2,-0.023382774,-0.015393047,-0.01130775,-0.008644141,-0.006585997,-0.0048834365,-0.0033468287,-0.001997343,-0.0006756581,0.00051182276,0.001707392,0.0029198467,0.0041328454,0.005312399,0.0066742087,0.0081315795,0.009750236,0.011639745,0.013820453,0.017423965,0.02429654,0.001707392,2023-06-28,2023-06-26,0.0019496425274241,-0.00024225048119604878,0.00024225048119604878,5.8685295639717184e-08,1,1,0.025128203
r5_plus_fed,24,3,-0.023117486,-0.015192329,-0.011107894,-0.008451022,-0.0064121173,-0.004708052,-0.0031803448,-0.0018363185,-0.0005728889,0.0005746886,0.0017289688,0.00288712,0.004051223,0.0051884544,0.006503582,0.007944666,0.009554748,0.011476819,0.013738116,0.01743262,0.024477292,0.0017289688,2023-06-29,2023-06-26,-0.0020047757929046,0.0037337446041260207,0.0037337446041260207,1.3940848768840175e-05,0,1,0.02484601
r5_plus_fed,24,4,-0.023634842,-0.015465621,-0.01123491,-0.008510079,-0.0064273127,-0.0047234283,-0.0031813812,-0.0018484637,-0.00058630074,0.00055092963,0.001692934,0.0028448736,0.0039979825,0.0051423605,0.0064336015,0.007848251,0.009436241,0.011283161,0.0134477755,0.017007675,0.02373281,0.001692934,2023-06-30,2023-06-26,0.0153026439258629,-0.013609709964113823,0.013609709964113823,0.00018522420530729908,1,0,0.024682686
r5_plus_fed,24,5,-0.023088643,-0.0153439455,-0.011338028,-0.008761392,-0.006772035,-0.005098807,-0.0036002288,-0.002255982,-0.000967667,0.00020350597,0.0013897783,0.0025715376,0.0037708639,0.004925106,0.006260741,0.007706859,0.009315069,0.01119295,0.013446311,0.017085398,0.024046184,0.0013897783,2023-07-03,2023-06-26,0.0023520286544612,-0.0009622503188824604,0.0009622503188824604,9.259256761893966e-07,1,1,0.024784338
r5_plus_fed,25,1,-0.021927275,-0.01371713,-0.009878151,-0.0075324695,-0.0057518436,-0.0043132883,-0.003070086,-0.001967312,-0.0009036714,4.54572e-05,0.0010210284,0.002020266,0.0030160765,0.0039870013,0.0051138597,0.006332012,0.0077041173,0.009334649,0.011296087,0.014593195,0.021446537,0.0010210284,2023-07-05,2023-07-03,-2.6749910601002063e-05,0.0010477782905106963,0.0010477782905106963,1.097839346065517e-06,0,1,0.021174237
r5_plus_fed,25,2,-0.021975,-0.013717503,-0.009883317,-0.007512716,-0.005711083,-0.0042561637,-0.002975354,-0.001873747,-0.00078879076,0.00016803476,0.0011566614,0.0021566802,0.0031476635,0.0041212672,0.00525171,0.006466499,0.007836093,0.009471846,0.011403637,0.014663523,0.021393258,0.0011566614,2023-07-06,2023-07-03,-0.0076450088604561,0.008801670287104598,0.008801670287104598,7.746939984289993e-05,0,1,0.021286953
r5_plus_fed,25,3,-0.022459509,-0.013923503,-0.009989675,-0.0075821513,-0.0057754577,-0.004299098,-0.002998426,-0.0018714909,-0.0008042144,0.00017199825,0.0011899649,0.0022109796,0.003223071,0.004210882,0.0053478507,0.0065759956,0.00794432,0.009597704,0.011562809,0.014843673,0.021733884,0.0011899649,2023-07-07,2023-07-03,-0.0033255356303529,0.004515500570193038,0.004515500570193038,2.0389745399413652e-05,0,1,0.021552484
r5_plus_fed,25,4,-0.022989688,-0.01426833,-0.01019035,-0.0076716337,-0.00578771,-0.004278987,-0.0029289902,-0.001786565,-0.00069954153,0.0002847708,0.0012938755,0.0023152158,0.0033140257,0.0043220543,0.005447966,0.0066937637,0.008108805,0.009796985,0.011791816,0.015156108,0.022005593,0.0012938755,2023-07-10,2023-07-03,0.0003273731723106,0.0009665023375624326,0.0009665023375624326,9.341267685136464e-07,1,1,0.021982167
r5_plus_fed,25,5,-0.022326844,-0.013986525,-0.010083161,-0.0076733,-0.005844339,-0.0043414813,-0.0030172118,-0.0018499892,-0.0007306599,0.00029180382,0.0013442985,0.0023952527,0.0034351028,0.0044398555,0.0056075156,0.006891481,0.008345903,0.010111148,0.012251283,0.01580189,0.023060855,0.0013442985,2023-07-11,2023-07-03,0.0049285637019557,-0.003584265223739767,0.003584265223739767,1.2846957194110281e-05,1,1,0.022334445
r5_plus_fed,26,1,-0.019683022,-0.012375241,-0.009134998,-0.007133417,-0.0055884686,-0.0043196375,-0.0032192739,-0.0022279678,-0.001268614,-0.00040998077,0.00047155184,0.0013797431,0.0022762052,0.0031317503,0.0041264994,0.005200548,0.0064101103,0.007862631,0.0096329935,0.012574882,0.018285194,0.00047155184,2023-07-12,2023-07-11,0.0125509115297961,-0.01207935968541158,0.01207935968541158,0.00014591093040954654,1,0,0.01876799
r5_plus_fed,26,2,-0.020294523,-0.012859476,-0.00959391,-0.007550304,-0.0059640845,-0.004659952,-0.003494484,-0.0024771907,-0.0014782884,-0.00058622635,0.00034019773,0.0012770956,0.002205795,0.003109095,0.0041664625,0.0052957074,0.0065685045,0.008107205,0.009928903,0.0129510695,0.018676387,0.00034019773,2023-07-13,2023-07-11,0.0168359401762764,-0.016495742446165442,0.016495742446165442,0.00027210951885022427,1,0,0.019522812
r5_plus_fed,26,3,-0.022022614,-0.014192259,-0.010748336,-0.008594244,-0.006951592,-0.005584009,-0.0043578558,-0.0032722794,-0.0022348634,-0.0012808111,-0.00027460256,0.0007318233,0.0017382933,0.0027119224,0.003843039,0.005066107,0.0064361445,0.00809062,0.010066376,0.013278069,0.019264627,-0.00027460256,2023-07-14,2023-07-11,-0.0002109015467391,-6.370100986206672e-05,6.370100986206672e-05,4.057818657447122e-09,1,1,0.020814713
r5_plus_fed,26,4,-0.022313736,-0.014153083,-0.010471928,-0.00814588,-0.006364189,-0.0049082628,-0.0035739692,-0.0024073047,-0.0012818788,-0.00023240405,0.0008583546,0.001944344,0.0030044315,0.004054302,0.005223571,0.0064938255,0.007928645,0.009621049,0.011609822,0.014827036,0.020789592,0.0008583546,2023-07-17,2023-07-11,0.0092953861151,-0.008437031500052426,0.008437031500052426,7.118350053287689e-05,1,1,0.02208175
r5_plus_fed,26,5,-0.021596422,-0.0135584045,-0.009829132,-0.007482645,-0.0056853932,-0.0041858135,-0.0028564197,-0.0016599317,-0.00049708213,0.0005828482,0.0017046973,0.002826499,0.00392606,0.004968173,0.006152141,0.007432706,0.008868202,0.010585304,0.012636179,0.01594649,0.022244206,0.0017046973,2023-07-18,2023-07-11,0.0081472340462976,-0.006442536781939198,0.006442536781939198,4.150628018663947e-05,1,1,0.022465311
r5_plus_fed,27,1,-0.019717274,-0.012581942,-0.009082876,-0.0068848687,-0.0051955166,-0.0038072204,-0.002600431,-0.0015211661,-0.000477774,0.000447352,0.0013871709,0.0023414916,0.003286936,0.004205301,0.005264384,0.006395955,0.007655262,0.009130457,0.010877185,0.013697211,0.019386588,0.0013871709,2023-07-19,2023-07-18,-0.0002332234596016,0.00162039432480206,0.00162039432480206,2.6256777678507244e-06,0,1,0.01996006
r5_plus_fed,27,2,-0.019783873,-0.0126414895,-0.00916766,-0.00696283,-0.005264893,-0.0038811218,-0.002647034,-0.0015764162,-0.0005181038,0.00041171734,0.001365738,0.0023216924,0.0032738955,0.0042027812,0.005271352,0.006410828,0.007685187,0.009182208,0.010908924,0.013725485,0.019364167,0.001365738,2023-07-20,2023-07-18,-0.0233218944619509,0.02468763245149577,0.02468763245149577,0.000609479196060147,0,0,0.020076584
r5_plus_fed,27,3,-0.019865977,-0.01257891,-0.009026033,-0.0067848857,-0.0050788624,-0.0036750196,-0.0024339885,-0.0013575265,-0.00034541282,0.000566918,0.0015038709,0.0024425606,0.003384595,0.004305956,0.00536264,0.0065104254,0.007779231,0.009286063,0.011038043,0.013842034,0.019469585,0.0015038709,2023-07-21,2023-07-18,-0.0030036478442139,0.0045075187831184835,0.0045075187831184835,2.0317725580165936e-05,0,1,0.020064075
r5_plus_fed,27,4,-0.019865684,-0.012566376,-0.008977554,-0.006693631,-0.004957067,-0.0035497409,-0.0022800674,-0.0012016469,-0.00017913563,0.00073708955,0.0016597017,0.002586386,0.0034941782,0.0044135936,0.0054354565,0.0065629245,0.007831376,0.009316641,0.011030901,0.013823913,0.019402267,0.0016597017,2023-07-24,2023-07-18,0.001595926555765,6.377513896939466e-05,6.377513896939466e-05,4.067268350565601e-09,1,1,0.020008456
r5_plus_fed,27,5,-0.019553026,-0.012545782,-0.009015759,-0.00678867,-0.005091156,-0.0036910134,-0.0024605286,-0.0013813524,-0.0003565083,0.0005695914,0.001512434,0.0024526962,0.0033908763,0.004305114,0.0053631035,0.006515323,0.007804738,0.009334785,0.011154659,0.014069994,0.019948157,0.001512434,2023-07-25,2023-07-18,0.0067548667537705,-0.0052424327694536145,0.0052424327694536145,2.7483101342241095e-05,1,1,0.020170419
r5_plus_fed,28,1,-0.02249351,-0.013683933,-0.009527592,-0.0069952984,-0.0051288917,-0.0036305059,-0.0023636254,-0.0012610708,-0.0002295879,0.0006772524,0.001576573,0.0024870464,0.0034180616,0.0043458673,0.0054520564,0.006656831,0.008044711,0.009702651,0.011718282,0.015075222,0.02187615,0.001576573,2023-07-26,2023-07-25,-0.0033320030631799,0.004908576069057336,0.004908576069057336,2.4094119025722367e-05,0,1,0.021245874
r5_plus_fed,28,2,-0.023167914,-0.014363285,-0.0102113,-0.007657568,-0.005758041,-0.0042314185,-0.0028917044,-0.0017369349,-0.0006230477,0.00035440185,0.001340162,0.0023310354,0.0033450464,0.0043495987,0.005534663,0.006819256,0.008277888,0.010017326,0.012059924,0.01552278,0.022450339,0.001340162,2023-07-27,2023-07-25,-0.0023868178677164,0.003726979876717178,0.003726979876717178,1.3890379001454792e-05,0,1,0.022271223
r5_plus_fed,28,3,-0.023958534,-0.01490905,-0.010686599,-0.008105865,-0.006196963,-0.0046437304,-0.0032824767,-0.002103026,-0.0009961772,9.114294e-06,0.0010248488,0.0020390726,0.0030796751,0.0041100304,0.0053163925,0.0066439286,0.00814705,0.009957618,0.012108739,0.015728662,0.02292406,0.0010248488,2023-07-28,2023-07-25,0.0180508396179979,-0.01702599083647181,0.01702599083647181,0.000289884363963622,1,0,0.022795338
r5_plus_fed,28,4,-0.024428112,-0.015134116,-0.010743529,-0.008039279,-0.006051537,-0.004466863,-0.0030620212,-0.0018711701,-0.00075523823,0.00024619608,0.0012468585,0.002259465,0.0032852571,0.004331794,0.005534464,0.006877717,0.0084195845,0.010254628,0.012426466,0.016081743,0.023128107,0.0012468585,2023-07-31,2023-07-25,0.000521392842211,0.0007254656623898229,0.0007254656623898229,5.263004273067045e-07,1,1,0.023169994
r5_plus_fed,28,5,-0.024431907,-0.0153549025,-0.0110428035,-0.008393088,-0.006427923,-0.004820807,-0.0034199771,-0.0021871766,-0.0010185062,4.5352543e-05,0.0011142809,0.0021872679,0.0032856134,0.0043693297,0.0056473855,0.007055993,0.008663986,0.010593935,0.012937544,0.01681443,0.024324479,0.0011142809,2023-08-01,2023-07-25,-0.0023224135397624,0.003436694434161089,0.003436694434161089,1.1810868633793809e-05,0,1,0.023980347
r5_plus_fed,29,1,-0.023417765,-0.01464473,-0.010488063,-0.007917864,-0.0059788036,-0.004396496,-0.0030218265,-0.0017947117,-0.00061207614,0.00044354837,0.0015267978,0.002627092,0.0037207743,0.004777524,0.0060062152,0.00732357,0.008803089,0.010548469,0.01264412,0.016078845,0.023027195,0.0015267978,2023-08-02,2023-08-01,-0.0221886192819113,0.02371541705429648,0.02371541705429648,0.0005624210060592163,0,0,0.023132183
r5_plus_fed,29,2,-0.023988888,-0.015012536,-0.0108338045,-0.008226036,-0.006246641,-0.004634548,-0.0032001757,-0.001946409,-0.00071126985,0.0003922911,0.0015317845,0.00268055,0.0038302904,0.0049350103,0.006212452,0.0075807767,0.009103053,0.0109005,0.012994479,0.016457325,0.023423955,0.0015317845,2023-08-03,2023-08-01,-0.0016038595662548,0.0031356441053657586,0.0031356441053657586,9.832263955515028e-06,0,1,0.023828283
r5_plus_fed,29,3,-0.024041567,-0.015111629,-0.010915271,-0.008313687,-0.006353835,-0.004732329,-0.0032935513,-0.002032914,-0.0008420774,0.000246617,0.0013755737,0.0025073243,0.0036437593,0.004742872,0.006011695,0.0074015707,0.008944628,0.010799294,0.012989384,0.016570173,0.023794549,0.0013755737,2023-08-04,2023-08-01,-0.0046927748078882,0.006068348495143583,0.006068348495143583,3.682485345851139e-05,0,1,0.023904655
r5_plus_fed,29,4,-0.024162726,-0.015213684,-0.011040486,-0.008449456,-0.0064872866,-0.004882601,-0.0034207967,-0.0021589797,-0.0009527799,0.00014800439,0.001280408,0.0024248513,0.0035532298,0.004675117,0.0059310286,0.007310358,0.008864051,0.010689636,0.012840114,0.016388526,0.02342454,0.001280408,2023-08-07,2023-08-01,0.0084313684432052,-0.007150960439837716,0.007150960439837716,5.113623521212402e-05,1,1,0.0238806
r5_plus_fed,29,5,-0.023878617,-0.015113738,-0.011030112,-0.008516934,-0.0065973233,-0.0050032954,-0.0035886287,-0.0023277919,-0.0011162931,6.735412e-06,0.0011612735,0.002328321,0.0034942683,0.0046183043,0.0059183254,0.0073372265,0.008932148,0.010825083,0.013089041,0.016723275,0.024013637,0.0011612735,2023-08-08,2023-08-01,-0.0085387037068401,0.009699977159293416,0.009699977159293416,9.408955689081395e-05,0,1,0.024119154
r5_plus_fed,30,1,-0.025254011,-0.016140828,-0.0118882675,-0.009247603,-0.007255964,-0.005630608,-0.004232817,-0.0029911106,-0.0018036041,-0.0007338978,0.00035314605,0.0014627054,0.0025943636,0.0037110613,0.00503243,0.006483043,0.008152896,0.010177451,0.012665698,0.016978733,0.02565488,0.00035314605,2023-08-09,2023-08-08,-0.0110554963224507,0.011408642375835689,0.011408642375835689,0.0001301571208597138,0,1,0.024553966
r5_plus_fed,30,2,-0.025102623,-0.01588899,-0.011626755,-0.008974925,-0.00697514,-0.005353016,-0.003927058,-0.0026937132,-0.0015053913,-0.00045117812,0.000626285,0.0017148751,0.0028306204,0.003936123,0.0052439966,0.006674922,0.008328334,0.010339372,0.012762077,0.016975297,0.025317464,0.000626285,2023-08-10,2023-08-08,0.0018464159928446,-0.001220131014492113,0.001220131014492113,1.4887196925255527e-06,1,1,0.024388831
r5_plus_fed,30,3,-0.025213089,-0.015835192,-0.011541286,-0.008892827,-0.0069079283,-0.00528426,-0.0038577165,-0.002610148,-0.001439612,-0.00037294067,0.00071476935,0.0018014912,0.0029121533,0.0040047355,0.005296588,0.006725961,0.008364039,0.01037559,0.012819128,0.017022595,0.025472384,0.00071476935,2023-08-11,2023-08-08,-0.0063958634790211,0.007110632833111194,0.007110632833111194,5.0561099287318926e-05,0,1,0.024360415
r5_plus_fed,30,4,-0.025706738,-0.016168924,-0.011702197,-0.008928864,-0.0068672523,-0.0052260268,-0.0037628673,-0.002518092,-0.0013479171,-0.00028805668,0.00078151777,0.0018637211,0.0029560346,0.0040694806,0.005344485,0.006778034,0.008444492,0.0104650445,0.012929246,0.017207023,0.025558438,0.00078151777,2023-08-14,2023-08-08,0.0111595394982643,-0.010378021731382565,0.010378021731382565,0.00010770333505704878,1,1,0.024631443
r5_plus_fed,30,5,-0.02479353,-0.015703358,-0.011391956,-0.008712681,-0.0067103785,-0.0050738296,-0.0036425148,-0.0023796994,-0.0011815563,-8.932066e-05,0.0010146024,0.0021203093,0.0032421611,0.0043546795,0.0056667533,0.007136097,0.008837881,0.010936014,0.013568439,0.01808834,0.026917838,0.0010146024,2023-08-15,2023-08-08,-0.0106682657008915,0.01168286807145167,0.01168286807145167,0.00013648940637494487,0,1,0.024960395
r5_plus_fed,31,1,-0.023514021,-0.014799977,-0.010535077,-0.007944176,-0.00603478,-0.0045012897,-0.0031953258,-0.0020496864,-0.0009577563,1.4132282e-05,0.0009965355,0.0019991777,0.003006174,0.003986722,0.0051356154,0.006388837,0.00782205,0.009550543,0.011674334,0.015322883,0.023110418,0.0009965355,2023-08-16,2023-08-15,-0.0106454049149103,0.011641940442430181,0.011641940442430181,0.00013553477726509144,0,0,0.022209411
r5_plus_fed,31,2,-0.024657637,-0.01573403,-0.011443917,-0.008824625,-0.006896071,-0.0053529604,-0.0040070065,-0.002850841,-0.0017261651,-0.0007324683,0.00029118574,0.0013243512,0.002372655,0.0034128863,0.004648304,0.0060036164,0.0075777764,0.009489563,0.011785137,0.015700862,0.02368643,0.00029118574,2023-08-17,2023-08-15,-0.0109830747314802,0.01127426047605263,0.01127426047605263,0.0001271089492818825,0,1,0.023229053
r5_plus_fed,31,3,-0.024765681,-0.015649285,-0.011248157,-0.008569863,-0.0065901205,-0.004978325,-0.0035713948,-0.0023476698,-0.0012019393,-0.00015458136,0.0009202133,0.0020008236,0.003084157,0.004141228,0.005376722,0.006741197,0.008298667,0.010206381,0.012502654,0.016391639,0.02457438,0.0009202133,2023-08-18,2023-08-15,-0.0012557773095976,0.0021759906028817775,0.0021759906028817775,4.734935103829802e-06,0,1,0.023750812
r5_plus_fed,31,4,-0.024767362,-0.01570583,-0.011293165,-0.008587306,-0.006597631,-0.005008542,-0.0035974118,-0.0024022518,-0.001271244,-0.00024388044,0.0007995375,0.0018596561,0.002917647,0.003986282,0.0051961476,0.0065443018,0.008100878,0.009981507,0.012240404,0.016120357,0.024061164,0.0007995375,2023-08-21,2023-08-15,0.0159831687795263,-0.015183631259601958,0.015183631259601958,0.00023054265822756173,1,0,0.02353357
r5_plus_fed,31,5,-0.023851043,-0.015197626,-0.010971833,-0.0083991755,-0.006482889,-0.00492104,-0.0035577952,-0.002364696,-0.0012309136,-0.00020029812,0.00084736664,0.001893357,0.0029480625,0.003983444,0.005205333,0.006570656,0.008141911,0.0100758085,0.012468505,0.016515493,0.024794625,0.00084736664,2023-08-22,2023-08-15,-0.0014299050643682,0.002277271702849817,0.002277271702849817,5.185966408600505e-06,0,1,0.023440339
r5_plus_fed,32,1,-0.019436955,-0.012037969,-0.008708868,-0.0066371444,-0.0050544315,-0.0037680885,-0.0026669858,-0.0016766499,-0.00072121364,0.00012541556,0.0010009173,0.0018879336,0.0027627198,0.0036065527,0.0045895055,0.0056455964,0.006841827,0.008281017,0.01002648,0.012939784,0.018728085,0.0010009173,2023-08-23,2023-08-22,0.0156453750178487,-0.014644457734030576,0.014644457734030576,0.00021446014232380793,1,0,0.01873535
r5_plus_fed,32,2,-0.019919148,-0.012448316,-0.009141341,-0.007080651,-0.0054907296,-0.004197086,-0.0030458954,-0.0020399084,-0.0010449168,-0.00016590391,0.00075308233,0.0016731551,0.0025899282,0.003483223,0.0045200493,0.0056282375,0.0068878434,0.00840025,0.01016862,0.013130506,0.018909698,0.00075308233,2023-08-24,2023-08-22,-0.021607367593535,0.02236044992853027,0.02236044992853027,0.0004999897210063094,0,0,0.01930996
r5_plus_fed,32,3,-0.020359185,-0.012686421,-0.009344287,-0.0072726365,-0.005686854,-0.004372949,-0.003195654,-0.0021551992,-0.0011611595,-0.00025628618,0.0006982108,0.001646376,0.002596216,0.003515004,0.0045725377,0.005717789,0.0069969106,0.008535354,0.010356888,0.013328522,0.019157363,0.0006982108,2023-08-25,2023-08-22,0.0077213756064449,-0.0070231648184855035,0.0070231648184855035,4.9324844067612514e-05,1,1,0.019701175
r5_plus_fed,32,4,-0.020321386,-0.012746681,-0.009345451,-0.0071949847,-0.0055546635,-0.0042162575,-0.0029929793,-0.0019405098,-0.0009304884,-6.2355666e-06,0.00094505725,0.0019014963,0.0028303696,0.003769363,0.004811428,0.0059504,0.0072470284,0.00878887,0.0106027005,0.013619017,0.019440355,0.00094505725,2023-08-28,2023-08-22,0.0074991678284883,-0.0065541105742036795,0.0065541105742036795,4.295636541888849e-05,1,1,0.019948151
r5_plus_fed,32,5,-0.020372242,-0.012930889,-0.009530082,-0.007395555,-0.0057492233,-0.0043819346,-0.0031717478,-0.0020881386,-0.0010469332,-8.4416715e-05,0.00090163643,0.0018926543,0.0028651145,0.003807235,0.0048908563,0.006065656,0.007405358,0.009014305,0.010956292,0.014115427,0.020243064,0.00090163643,2023-08-29,2023-08-22,0.0216047048707227,-0.020703068436003735,0.020703068436003735,0.00042861704266585415,1,0,0.020486373
r5_plus_fed,33,1,-0.026644394,-0.016733104,-0.011974511,-0.008996596,-0.0067437086,-0.004876339,-0.0032397986,-0.0017439856,-0.00028217048,0.0010568772,0.0024413513,0.0038464118,0.0052312994,0.0065709297,0.008105205,0.009734344,0.011557856,0.013672458,0.016144484,0.01996963,0.02740301,0.0024413513,2023-08-30,2023-08-29,0.0055611096663493,-0.0031197583643812025,0.0031197583643812025,9.732892252126476e-06,1,1,0.028118994
r5_plus_fed,33,2,-0.02653272,-0.016784592,-0.01217269,-0.009283354,-0.0070771165,-0.0052660145,-0.003626392,-0.0021670626,-0.0007113776,0.00060988404,0.0019764004,0.0033532518,0.0047106333,0.006027147,0.007517312,0.00908928,0.010831614,0.0128334435,0.015089253,0.018715167,0.025678566,0.0019764004,2023-08-31,2023-08-29,0.0029940241883801,-0.0010176238074259534,0.0010176238074259534,1.035558213440094e-06,1,1,0.027261943
r5_plus_fed,33,3,-0.026542313,-0.016793063,-0.0122185685,-0.00939651,-0.00727112,-0.005503412,-0.003906631,-0.0024807367,-0.0011103645,0.00015783514,0.0014846683,0.0028178422,0.0041432525,0.0054350365,0.0068904012,0.008442755,0.010163944,0.012165574,0.014472378,0.01814649,0.025277518,0.0014846683,2023-09-01,2023-08-29,-0.0010586031472088,0.002543271495193352,0.002543271495193352,6.468229898263029e-06,0,1,0.026690947
r5_plus_fed,33,4,-0.0264967,-0.016796155,-0.012226754,-0.0093912035,-0.0072447457,-0.005470914,-0.0038428558,-0.0024142638,-0.0010290102,0.00024980342,0.0015536668,0.002877017,0.0041720704,0.0054667383,0.0068991506,0.008453043,0.010188688,0.0121798245,0.014470357,0.018129619,0.025213862,0.0015536668,2023-09-05,2023-08-29,0.0012704357526035,0.000283231025305302,0.000283231025305302,8.021981369549263e-08,1,1,0.02669711
r5_plus_fed,33,5,-0.025992664,-0.016672725,-0.012248519,-0.009526196,-0.0074282177,-0.005668153,-0.0040970095,-0.002678668,-0.0012999425,-2.1009684e-05,0.0012978275,0.0026208009,0.003945307,0.00521922,0.0066858362,0.008250767,0.009987538,0.011999818,0.014368776,0.01808745,0.025369361,0.0012978275,2023-09-06,2023-08-29,-0.0088471703969042,0.010144997857707292,0.010144997857707292,0.00010292098153288554,0,1,0.026617296
r5_plus_fed,34,1,-0.021950176,-0.01410183,-0.01012293,-0.007647397,-0.005802878,-0.0043133474,-0.0030416849,-0.0019325565,-0.0008871272,3.608176e-05,0.000955448,0.0018907548,0.0028470699,0.0037871525,0.0049012313,0.0061213705,0.0075251786,0.009221697,0.011298107,0.0148448255,0.02183876,0.000955448,2023-09-07,2023-09-06,-0.0071771395992647,0.008132587619514305,0.008132587619514305,6.613898138907734e-05,0,1,0.021421038
r5_plus_fed,34,2,-0.022588542,-0.014669312,-0.010676927,-0.008171888,-0.006295532,-0.004779003,-0.0034437699,-0.0023020774,-0.0012042341,-0.00024469022,0.00072183344,0.0016988682,0.002697338,0.0036907482,0.0048707635,0.006173081,0.007666578,0.009476786,0.011638602,0.015321572,0.022404388,0.00072183344,2023-09-08,2023-09-06,0.0013965694170855,-0.0006747359812669471,0.0006747359812669471,4.5526864441627003e-07,1,1,0.022315528
r5_plus_fed,34,3,-0.023322636,-0.015181488,-0.0110402815,-0.008444545,-0.0064976374,-0.00490345,-0.003507401,-0.0022994755,-0.0011715048,-0.00015267247,0.0008741526,0.001903963,0.0029637164,0.0040061246,0.005239478,0.006620593,0.0081926845,0.010111785,0.012400194,0.016235953,0.023566404,0.0008741526,2023-09-11,2023-09-06,0.0117140049677535,-0.010839852386080385,0.010839852386080385,0.00011750239975201262,1,1,0.023440477
r5_plus_fed,34,4,-0.023851493,-0.015495709,-0.011258781,-0.008593673,-0.0066037057,-0.00500282,-0.003570927,-0.0023497099,-0.0011954332,-0.00015146387,0.0009106137,0.0019840344,0.0030721226,0.004161817,0.00540413,0.006795653,0.008400367,0.010332025,0.012633976,0.016538082,0.023790784,0.0009106137,2023-09-12,2023-09-06,-0.0111505421770686,0.01206115586291493,0.01206115586291493,0.00014547148074952717,0,1,0.023892757
r5_plus_fed,34,5,-0.023599349,-0.0154665075,-0.011318406,-0.008718417,-0.006764045,-0.0051597105,-0.003747966,-0.002509435,-0.0013279102,-0.0002500082,0.0008337055,0.0019191642,0.0030191962,0.004096111,0.0053672404,0.006786535,0.008408088,0.010380595,0.012798201,0.016844036,0.024395496,0.0008337055,2023-09-13,2023-09-06,0.003801875337276,-0.002968169862187791,0.002968169862187791,8.81003233079989e-06,1,1,0.024116607
r5_plus_fed,35,1,-0.01895055,-0.011972176,-0.00864151,-0.00657907,-0.0050108605,-0.0037448108,-0.0026648757,-0.0017082434,-0.00079162966,2.4030916e-05,0.00085205986,0.00170085,0.0025541286,0.003390172,0.0043790797,0.0054611084,0.006706433,0.008217382,0.010091798,0.013276403,0.019625446,0.00085205986,2023-09-14,2023-09-13,0.0081439473666954,-0.007291887502721991,0.007291887502721991,5.317162335235316e-05,1,1,0.018733308
r5_plus_fed,35,2,-0.019118365,-0.012025344,-0.008616169,-0.006462142,-0.0048065726,-0.0034653677,-0.0022732955,-0.0012448421,-0.00023561448,0.0006556453,0.0015668568,0.002477134,0.0033819806,0.004278839,0.0053227316,0.006455442,0.007751188,0.009325691,0.011208057,0.014422146,0.020810127,0.0015668568,2023-09-15,2023-09-13,-0.0172713450484119,0.018838201798699016,0.018838201798699016,0.0003548778470085068,0,0,0.019824225
r5_plus_fed,35,3,-0.020055164,-0.012579614,-0.009020391,-0.0067607956,-0.005029723,-0.00360029,-0.0023437638,-0.0012454264,-0.0002114647,0.0007319653,0.0017022325,0.0026791156,0.003660885,0.0046207663,0.0057296767,0.0069624777,0.008362515,0.010066183,0.012107686,0.015505379,0.02215674,0.0017022325,2023-09-18,2023-09-13,0.0010419800872549,0.0006602524319097814,0.0006602524319097814,4.3593327384278055e-07,1,1,0.021128077
r5_plus_fed,35,4,-0.021248661,-0.013554984,-0.009777829,-0.0073605203,-0.0055330866,-0.0040662675,-0.0027501932,-0.0016227193,-0.0005480527,0.0004339442,0.0014392707,0.0024530354,0.003455002,0.004462238,0.0055909194,0.0068456866,0.008275967,0.009991622,0.012036033,0.015482694,0.022110736,0.0014392707,2023-09-19,2023-09-13,-0.0021335824115804,0.0035728530914193556,0.0035728530914193556,1.2765279212864845e-05,0,1,0.021813862
r5_plus_fed,35,5,-0.021354644,-0.01390038,-0.0102405725,-0.007926035,-0.0061685434,-0.004728454,-0.0034622357,-0.0023345295,-0.0012506845,-0.00024805206,0.0007875133,0.0018299491,0.0028783658,0.003895975,0.0050898846,0.0064015724,0.007896668,0.00971076,0.011946645,0.015664378,0.022751171,0.0007875133,2023-09-20,2023-09-13,-0.0145151657423048,0.015302679014675942,0.015302679014675942,0.00023417198502620346,0,0,0.022187218
r5_plus_fed,36,1,-0.023019755,-0.014974851,-0.011133957,-0.0087248245,-0.006876491,-0.0053461394,-0.0040028687,-0.0027800454,-0.0015920482,-0.00052279874,0.00058699894,0.0017076524,0.0028135122,0.0038692474,0.0050864066,0.006371312,0.007809839,0.009513211,0.011542671,0.0148510225,0.021143537,0.00058699894,2023-09-21,2023-09-20,-0.0184944984894994,0.019081497429479222,0.019081497429479222,0.0003641035441512222,0,0,0.022676628
r5_plus_fed,36,2,-0.022914069,-0.01481253,-0.011000515,-0.008591711,-0.0067446977,-0.005220764,-0.0038506866,-0.0026414448,-0.0014505843,-0.00037966706,0.0007346906,0.0018530742,0.0029640489,0.004040711,0.005286427,0.006622767,0.008135864,0.009942366,0.012044163,0.015484554,0.021771355,0.0007346906,2023-09-22,2023-09-20,0.0001396564678419,0.0005950341089498633,0.0005950341089498633,3.5406559081375777e-07,1,1,0.02304468
r5_plus_fed,36,3,-0.022142055,-0.01403,-0.010170216,-0.007736366,-0.00586989,-0.0043010865,-0.0028905272,-0.0016393906,-0.00045484464,0.0006220648,0.0017375168,0.0028399515,0.0039416975,0.0049985,0.0062201,0.0075585525,0.009059136,0.010863404,0.012993801,0.016395204,0.02276362,0.0017375168,2023-09-25,2023-09-20,0.0047386490510759,-0.0030011322120186926,0.0030011322120186926,9.00679455401621e-06,1,1,0.023164017
r5_plus_fed,36,4,-0.022243615,-0.014040748,-0.010074574,-0.0075746244,-0.0056694364,-0.0041076997,-0.0026832875,-0.0014530628,-0.00027956604,0.00079334533,0.0018906572,0.0029842923,0.0040479763,0.0050988304,0.0062681637,0.007546507,0.008986921,0.01068451,0.012680972,0.01593098,0.022008639,0.0018906572,2023-09-26,2023-09-20,-0.0151302101202984,0.017020867357098,0.017020867357098,0.0002897099255879242,0,0,0.022755545
r5_plus_fed,36,5,-0.021973003,-0.014056787,-0.010242267,-0.007850708,-0.006000571,-0.0044471514,-0.0030591644,-0.0018093004,-0.0006048521,0.0005070837,0.0016471362,0.002783206,0.0038870352,0.0049382336,0.00614439,0.0074477675,0.008911353,0.010636495,0.012701819,0.016013017,0.022264259,0.0016471362,2023-09-27,2023-09-20,0.0023405542696593,-0.0006934180955169393,0.0006934180955169393,4.808286551903392e-07,1,1,0.022944085
r5_plus_fed,37,1,-0.023973508,-0.015321029,-0.011176136,-0.008587772,-0.006611815,-0.004994186,-0.0035982945,-0.0023506153,-0.0011524041,-7.9735735e-05,0.0010191994,0.00213346,0.0032419565,0.00431179,0.0055581946,0.0069008023,0.008409136,0.010207402,0.012388943,0.016013037,0.023426134,0.0010191994,2023-09-28,2023-09-27,0.0083304344476373,-0.007311235068848829,0.007311235068848829,5.345415823196494e-05,1,1,0.02356508
r5_plus_fed,37,2,-0.023824781,-0.015168445,-0.01106137,-0.008476219,-0.006499992,-0.004890887,-0.003466808,-0.002233893,-0.0010327736,3.5666257e-05,0.0011362727,0.0022372277,0.003329583,0.004392215,0.005627309,0.006948707,0.008439559,0.010217968,0.0123216,0.015865156,0.023097001,0.0011362727,2023-09-29,2023-09-27,0.0007258351296467,0.00041043755036767183,0.00041043755036767183,1.6845898275181514e-07,1,1,0.02338297
r5_plus_fed,37,3,-0.024376258,-0.015530043,-0.011353579,-0.008736763,-0.0067526326,-0.005113714,-0.0036688142,-0.00240573,-0.001216752,-0.00012765717,0.0010013257,0.0021263736,0.0032493188,0.00433705,0.0055912696,0.006958694,0.008486999,0.010324486,0.012513902,0.01614704,0.023564298,0.0010013257,2023-10-02,2023-09-27,0.0083110867584301,-0.007309761089663006,0.007309761089663006,5.34326071879513e-05,1,1,0.02386748
r5_plus_fed,37,4,-0.024924777,-0.015923075,-0.011589331,-0.008855832,-0.0067879367,-0.0051155547,-0.0036127416,-0.0023266973,-0.0011074555,3.4357508e-06,0.0011404906,0.002287269,0.0034169753,0.0045369808,0.0057978863,0.007195095,0.008779856,0.010657672,0.012887234,0.016604856,0.024080522,0.0011404906,2023-10-03,2023-09-27,-0.0177055542958447,0.018846044935799507,0.018846044935799507,0.00035517340972217423,0,0,0.024476565
r5_plus_fed,37,5,-0.02484045,-0.01607951,-0.011824249,-0.009151841,-0.0071162735,-0.0054384014,-0.003961224,-0.0026563306,-0.0014077681,-0.0002546482,0.0009304542,0.0021223463,0.0033059488,0.004443113,0.0057716393,0.007224219,0.008865555,0.010831145,0.013214478,0.01710448,0.02498076,0.0009304542,2023-10-04,2023-09-27,0.0135171472799436,-0.01258669310542129,0.01258669310542129,0.0001584248433300598,1,0,0.025038727
r5_plus_fed,38,1,-0.025784792,-0.0165185,-0.012216653,-0.0095359655,-0.0074937907,-0.0058070994,-0.00434616,-0.0030262207,-0.001751978,-0.00060043496,0.0005815864,0.0017943335,0.0030119405,0.004184291,0.0055470876,0.007019274,0.008670197,0.010631101,0.012989832,0.01685791,0.024764363,0.0005815864,2023-10-05,2023-10-04,-0.0029510625295717,0.0035326489137861607,0.0035326489137861607,1.247960834807454e-05,0,1,0.025206484
r5_plus_fed,38,2,-0.026207397,-0.016698357,-0.012332467,-0.009594861,-0.0075029917,-0.0057897824,-0.0042663617,-0.0029338587,-0.0016364818,-0.00047814936,0.0007189247,0.0019251251,0.0031341973,0.0043162624,0.0056976294,0.0071776644,0.0088615995,0.010874396,0.013244638,0.01717984,0.025004014,0.0007189247,2023-10-06,2023-10-04,0.0166166589118683,-0.015897734229280914,0.015897734229280914,0.00025273795362485,1,0,0.025577106
r5_plus_fed,38,3,-0.026973877,-0.017248612,-0.01275201,-0.009938028,-0.0078014657,-0.006020393,-0.0044356715,-0.0030355165,-0.0017098753,-0.00049698516,0.0007610749,0.0020178866,0.003282602,0.0045090932,0.0059271627,0.0074697076,0.009202898,0.011288067,0.013764917,0.017829584,0.026052803,0.0007610749,2023-10-09,2023-10-04,0.0050869307118005,-0.0043258558246775415,0.0043258558246775415,1.8713028615896614e-05,1,1,0.026516926
r5_plus_fed,38,4,-0.026645683,-0.017001772,-0.012514919,-0.009693952,-0.0075382157,-0.005767921,-0.0041553914,-0.0027500044,-0.0014040914,-0.00016760969,0.0010985215,0.002374462,0.0036344188,0.004888887,0.006302586,0.007862581,0.009635304,0.011724559,0.014189233,0.018232567,0.026315462,0.0010985215,2023-10-10,2023-10-04,0.0055227701536552,-0.004424248634202867,0.004424248634202867,1.9573975977245934e-05,1,1,0.026704151
r5_plus_fed,38,5,-0.02594863,-0.016653381,-0.012273679,-0.009537925,-0.007432025,-0.005672749,-0.0041096285,-0.002706916,-0.0013582124,-0.0001097567,0.001171552,0.002463118,0.0037595432,0.0050052325,0.0064612264,0.008042686,0.009829827,0.011958813,0.014507516,0.018597526,0.026893884,0.001171552,2023-10-11,2023-10-04,0.0071100055770865,-0.005938453583038441,0.005938453583038441,3.52652309579021e-05,1,1,0.026781194
r5_plus_fed,39,1,-0.0199649,-0.011961763,-0.008103406,-0.005631033,-0.003734374,-0.0021960884,-0.00089084974,0.00027702746,0.0013808962,0.002335517,0.0033004917,0.0042540976,0.0051866937,0.0060908445,0.0071527613,0.008280262,0.009561969,0.011085013,0.0129292905,0.015872512,0.021869434,0.0033004917,2023-10-12,2023-10-11,-0.0034808754319549,0.006781367152392904,0.006781367152392904,4.598694045555344e-05,0,1,0.021032697
r5_plus_fed,39,2,-0.020938296,-0.013012069,-0.009272149,-0.006871862,-0.005002334,-0.0034659214,-0.002090173,-0.00087535626,0.0003307995,0.0013984774,0.002500148,0.0035902476,0.0046698335,0.0057054386,0.0068891686,0.00815097,0.009563221,0.011226884,0.013139363,0.016246302,0.022401638,0.002500148,2023-10-13,2023-10-11,-0.0126498584915164,0.01515000651592641,0.01515000651592641,0.00022952269743261268,0,0,0.022411512
r5_plus_fed,39,3,-0.021369616,-0.013454946,-0.0097203255,-0.0073007224,-0.005422075,-0.003847675,-0.0024534885,-0.0012163054,-4.9766502e-05,0.0010087468,0.0021046444,0.0031890864,0.004270008,0.005311688,0.0065087234,0.007819761,0.009283814,0.011043088,0.013120017,0.016426906,0.022883534,0.0021046444,2023-10-16,2023-10-11,0.0112430463391276,-0.009138401908326328,0.009138401908326328,8.351038943810228e-05,1,1,0.022840343
r5_plus_fed,39,4,-0.02184551,-0.013967223,-0.010215146,-0.0077798744,-0.0059057176,-0.0043658167,-0.0029553568,-0.001733168,-0.0005693356,0.0005004625,0.001595729,0.0026905497,0.0037567876,0.004821581,0.0060035004,0.0072945124,0.0087603405,0.010475773,0.012492575,0.015770756,0.022138452,0.001595729,2023-10-17,2023-10-11,-0.0032807631805108,0.004876492211179535,0.004876492211179535,2.3780176285694673e-05,0,1,0.02270772
r5_plus_fed,39,5,-0.021203574,-0.013614449,-0.009910697,-0.007530547,-0.005696147,-0.0041612824,-0.0028042435,-0.0015856053,-0.00042265852,0.000649424,0.0017381953,0.0028206024,0.0038754735,0.00488145,0.006040113,0.007295044,0.0087233875,0.010423137,0.012487295,0.015785702,0.022350345,0.0017381953,2023-10-18,2023-10-11,-0.0132048793631459,0.014943074670698714,0.014943074670698714,0.0002232954806140775,0,0,0.022397991
r5_plus_fed,40,1,-0.02326724,-0.01468292,-0.010509334,-0.007885296,-0.005885039,-0.004244074,-0.002809715,-0.0015273937,-0.0002975498,0.00080726226,0.0019307113,0.0030686394,0.0041940967,0.0052682078,0.006512261,0.007830929,0.009319599,0.0110762445,0.013198351,0.01669943,0.023957184,0.0019307113,2023-10-19,2023-10-18,-0.0094008394642612,0.011331550789519217,0.011331550789519217,0.00012840404329545358,0,1,0.023707684
r5_plus_fed,40,2,-0.02351184,-0.014942673,-0.010846495,-0.0082591865,-0.006266968,-0.00463475,-0.0031659314,-0.0018807664,-0.0006086045,0.0005309101,0.0017000219,0.0028819148,0.0040486995,0.00517614,0.0064723375,0.007857232,0.009402357,0.011224361,0.013364648,0.016972175,0.024264773,0.0017000219,2023-10-20,2023-10-18,-0.0150302349830184,0.01673025689163691,0.01673025689163691,0.00027990149566016427,0,0,0.024211142
r5_plus_fed,40,3,-0.023476116,-0.014909993,-0.010794595,-0.008200384,-0.0062138364,-0.0045552514,-0.0030686061,-0.001759255,-0.00052030024,0.00060748006,0.0017633529,0.002921057,0.004068012,0.0051755463,0.0064474326,0.007834243,0.009383098,0.0112383375,0.013446923,0.017126031,0.024611581,0.0017633529,2023-10-23,2023-10-18,0.0030129458884896,-0.0012495929970593412,0.0012495929970593412,1.5614826582997467e-06,1,1,0.024241518
r5_plus_fed,40,4,-0.024282316,-0.015481037,-0.0111959735,-0.008489448,-0.006421886,-0.0047245673,-0.0031755615,-0.0018275656,-0.0005416559,0.0006373719,0.0018409007,0.0030514654,0.004240429,0.005407196,0.006708914,0.008127464,0.009728351,0.011597364,0.013806124,0.017490411,0.024870846,0.0018409007,2023-10-24,2023-10-18,0.0096811135502815,-0.007840212804107344,0.007840212804107344,6.146893681368875e-05,1,1,0.025002098
r5_plus_fed,40,5,-0.024139067,-0.015533584,-0.011376207,-0.008763415,-0.0067459624,-0.005051572,-0.003530157,-0.0021582094,-0.0008280348,0.0003975739,0.0016594541,0.0029204441,0.0041704844,0.0053595235,0.006721741,0.008193996,0.009832649,0.011755468,0.014067376,0.017840898,0.025458558,0.0016594541,2023-10-25,2023-10-18,-0.0247801883627321,0.026439642442076968,0.026439642442076968,0.0006990546924648777,0,0,0.025443584
r5_plus_fed,41,1,-0.032518055,-0.020725582,-0.014905979,-0.011282992,-0.008589785,-0.006389496,-0.0044795075,-0.0027798167,-0.0011649446,0.00030385907,0.001793182,0.003298063,0.0048252023,0.006317258,0.0080761565,0.009981333,0.0121912975,0.014835667,0.01807665,0.023650993,0.03504392,0.001793182,2023-10-26,2023-10-25,-0.019251559335109,0.021044741324450975,0.021044741324450975,0.00044288113741305457,0,0,0.03298263
r5_plus_fed,41,2,-0.033592403,-0.021495396,-0.015586067,-0.011919678,-0.0091919685,-0.006982056,-0.005028449,-0.0033266037,-0.0016839108,-0.00021282039,0.0012793225,0.0027883684,0.004331159,0.0058430713,0.0076117115,0.009544282,0.011764545,0.014382049,0.017513996,0.02299516,0.033897582,0.0012793225,2023-10-27,2023-10-25,0.0047899236420034,-0.0035106010950966306,0.0035106010950966306,1.2324320048893662e-05,1,1,0.03310006
r5_plus_fed,41,3,-0.033627313,-0.021809913,-0.015906854,-0.012219222,-0.0094826175,-0.007231834,-0.0052411985,-0.0035020038,-0.0018729377,-0.00037700235,0.0011459677,0.0026705542,0.004240179,0.005785256,0.0076005827,0.009625818,0.0119503755,0.014734014,0.018095681,0.023842208,0.03530813,0.0011459677,2023-10-30,2023-10-25,0.0112020471088803,-0.010056079360864181,0.010056079360864181,0.00010112473211199856,1,1,0.034002535
r5_plus_fed,41,4,-0.03289888,-0.021219745,-0.0154955555,-0.011908422,-0.009215826,-0.0070250016,-0.005046239,-0.003324699,-0.0016912261,-0.00018686696,0.0013476087,0.0028895896,0.0044596796,0.006018038,0.0077970163,0.009769882,0.012066641,0.014787828,0.018095946,0.023841096,0.035137836,0.0013476087,2023-10-31,2023-10-25,0.0047711985214375,-0.003423589773545418,0.003423589773545418,1.1720966937524767e-05,1,1,0.0335915
r5_plus_fed,41,5,-0.03197169,-0.020572767,-0.01494281,-0.011466609,-0.008851106,-0.0066837957,-0.004767108,-0.0030473422,-0.0013904349,0.00013731925,0.0016690568,0.0032046763,0.0047575207,0.0062726326,0.008047448,0.010009739,0.01224764,0.014924061,0.018205116,0.023840403,0.03500866,0.0016690568,2023-11-01,2023-10-25,0.0172078220804967,-0.015538765250500294,0.015538765250500294,0.00024145322551015545,1,1,0.033147924
r5_plus_fed,42,1,-0.026077183,-0.01698147,-0.012537309,-0.009707792,-0.0075104847,-0.005671262,-0.004046222,-0.002556175,-0.0011040124,0.00022394548,0.0016009198,0.0030023558,0.004390344,0.005726948,0.0072765034,0.008936519,0.010802809,0.012999357,0.015631415,0.019903978,0.028283799,0.0016009198,2023-11-02,2023-11-01,0.017990593572641,-0.016389673815602645,0.016389673815602645,0.00026862140778185096,1,0,0.028168723
r5_plus_fed,42,2,-0.026398519,-0.017184362,-0.012693025,-0.009815327,-0.0075686816,-0.0057020644,-0.004013272,-0.0025077558,-0.0010139307,0.00034164247,0.0017424594,0.0031554785,0.0045546503,0.0058976775,0.0074401763,0.009083333,0.010910185,0.0130508,0.015532885,0.019673932,0.027820196,0.0017424594,2023-11-03,2023-11-01,0.0116802560485975,-0.009937796680636808,0.009937796680636808,9.875980286567595e-05,1,1,0.02822591
r5_plus_fed,42,3,-0.026948338,-0.017792014,-0.013296036,-0.010421688,-0.008209188,-0.0063429307,-0.0046630153,-0.0031581027,-0.0017170878,-0.00038410907,0.0010100491,0.0024114256,0.0038169953,0.005181847,0.0067614242,0.008478813,0.010394338,0.012663509,0.015344564,0.019735675,0.028241416,0.0010100491,2023-11-06,2023-11-01,0.0040711361324804,-0.003061086997987526,0.003061086997987526,9.370253609248285e-06,1,1,0.0286406
r5_plus_fed,42,4,-0.026571244,-0.017468428,-0.013046853,-0.010211885,-0.008014218,-0.006180283,-0.0044804104,-0.0029800083,-0.001528238,-0.00017470142,0.0012204167,0.0026344396,0.00402246,0.0053949454,0.006926279,0.008602474,0.010497663,0.012706652,0.015322316,0.019620724,0.027954139,0.0012204167,2023-11-07,2023-11-01,0.0094081784734363,-0.008187761730127995,0.008187761730127995,6.703944214934857e-05,1,1,0.02836917
r5_plus_fed,42,5,-0.025735099,-0.017017523,-0.012721474,-0.009987359,-0.007847072,-0.006044364,-0.0044267275,-0.0029587229,-0.0015251588,-0.00018619324,0.001200085,0.002595942,0.003989523,0.005318031,0.0068531884,0.008519948,0.010387242,0.012593056,0.015255452,0.019554643,0.027908469,0.001200085,2023-11-08,2023-11-01,0.0006436135591921,0.0005564714809897752,0.0005564714809897752,3.096605091549538e-07,1,1,0.027976926
r5_plus_fed,43,1,-0.021260738,-0.013264968,-0.009465086,-0.0070766346,-0.0052395132,-0.0037289814,-0.0024167653,-0.0012313912,-8.8106935e-05,0.0009227807,0.0019597695,0.0030026485,0.0040303688,0.0050227125,0.006170942,0.007390935,0.008761487,0.010387635,0.012337242,0.015524435,0.021935439,0.0019597695,2023-11-09,2023-11-08,-0.0077252839773484,0.009685053498256994,0.009685053498256994,9.380026126410004e-05,0,1,0.021802329
r5_plus_fed,43,2,-0.021644115,-0.0137107,-0.009997845,-0.0076473104,-0.005826086,-0.004325873,-0.0029759547,-0.0017841726,-0.000599115,0.0004527972,0.0015408893,0.0026286163,0.003708971,0.004753646,0.0059580673,0.0072490224,0.008699006,0.010417174,0.012416249,0.015726227,0.022233024,0.0015408893,2023-11-10,2023-11-08,0.0222332321185845,-0.020692342853568777,0.020692342853568777,0.0004281730527696388,1,0,0.022414094
r5_plus_fed,43,3,-0.022003599,-0.0139262425,-0.010124328,-0.0077253953,-0.0058810953,-0.004343979,-0.0029714028,-0.0017597212,-0.00060903,0.00043260478,0.001516487,0.002600077,0.0036840877,0.0047316593,0.0059397314,0.0072572147,0.008726967,0.01048552,0.012556433,0.015913777,0.022517612,0.001516487,2023-11-13,2023-11-08,-0.0031234554160218,0.00463994239976809,0.00463994239976809,2.1529065473165667e-05,0,1,0.02268076
r5_plus_fed,43,4,-0.022678321,-0.014378407,-0.010441094,-0.007957225,-0.0060620476,-0.0045115137,-0.003102244,-0.001886249,-0.0007254393,0.0003335523,0.0014215779,0.0025162704,0.0035840264,0.0046551004,0.0058422782,0.007143375,0.0086126905,0.0103337765,0.012357856,0.015683478,0.022128344,0.0014215779,2023-11-14,2023-11-08,0.0212980868044946,-0.019876508925266902,0.019876508925266902,0.0003950756070562148,1,0,0.02279895
r5_plus_fed,43,5,-0.022214137,-0.014264718,-0.010491761,-0.008128957,-0.00630598,-0.004780051,-0.0034205979,-0.002198988,-0.0010154968,7.69888e-05,0.0012019397,0.0023336997,0.0034473867,0.004516905,0.005746151,0.0070761833,0.008563539,0.010323628,0.012446734,0.01587885,0.022608604,0.0012019397,2023-11-15,2023-11-08,0.0007522251805099,0.0004497144721640001,0.0004497144721640001,2.0224310647374522e-07,1,1,0.022938496
r5_plus_fed,44,1,-0.027283246,-0.017785432,-0.013197253,-0.010297154,-0.008070314,-0.006231149,-0.004628669,-0.0031963412,-0.0018237323,-0.0005883494,0.0006610172,0.0019203183,0.0031959391,0.004445617,0.005905204,0.0074774856,0.009261953,0.011353531,0.013856897,0.01794548,0.025953794,0.0006610172,2023-11-16,2023-11-15,0.0008555391939437,-0.00019452199536245144,0.00019452199536245144,3.783880667978958e-08,1,1,0.02705415
r5_plus_fed,44,2,-0.027089905,-0.017551547,-0.012980312,-0.01007961,-0.007850212,-0.0060193506,-0.0043875133,-0.0029632342,-0.0015763047,-0.00034484768,0.00090789003,0.0021663709,0.0034421443,0.004680838,0.0061263414,0.007691057,0.009461897,0.011536493,0.01395902,0.01793664,0.02556523,0.00090789003,2023-11-17,2023-11-15,0.0002332676087256,0.0006746224242512658,0.0006746224242512658,4.5511541530265483e-07,1,1,0.026939332
r5_plus_fed,44,3,-0.027264142,-0.017714074,-0.013100226,-0.010173275,-0.007941852,-0.0061030644,-0.004481689,-0.003071291,-0.0017454835,-0.00055011077,0.0006592169,0.0018666872,0.0031053456,0.0043239794,0.0057531316,0.007330571,0.009102606,0.011208505,0.013688289,0.017734354,0.025475102,0.0006592169,2023-11-20,2023-11-15,0.0121012472256054,-0.011442030331768544,0.011442030331768544,0.00013092005811311138,1,1,0.026788514
r5_plus_fed,44,4,-0.02706256,-0.017492332,-0.012899843,-0.009986017,-0.007776238,-0.0059764297,-0.004351773,-0.0029538232,-0.0016303358,-0.00043341075,0.0007691523,0.001975992,0.0031880564,0.00440565,0.0057909773,0.0073327376,0.009087567,0.011140455,0.013571386,0.017572965,0.025207652,0.0007691523,2023-11-21,2023-11-15,-0.0058265356050379,0.00659568791105816,0.00659568791105816,4.350309902007875e-05,0,1,0.02647123
r5_plus_fed,44,5,-0.02757576,-0.017995607,-0.013354087,-0.010423928,-0.008196021,-0.0063560517,-0.004732551,-0.0033020908,-0.0019260411,-0.0006634218,0.0006100264,0.0018789157,0.003160496,0.004409655,0.005875187,0.007489216,0.00930855,0.011468979,0.014076549,0.018282773,0.026273694,0.0006100264,2023-11-22,2023-11-15,0.0040847757907733,-0.0034747493762671625,0.0034747493762671625,1.2073883227869034e-05,1,1,0.027430635
r5_plus_fed,45,1,-0.02169763,-0.013538589,-0.009918391,-0.007656017,-0.0059058606,-0.0044558146,-0.003187055,-0.0020429573,-0.0009394845,4.9363174e-05,0.0010562526,0.0020831677,0.0031126991,0.004114111,0.005287283,0.0065543214,0.007985178,0.009694665,0.011755514,0.015149934,0.021788942,0.0010562526,2023-11-24,2023-11-22,-0.0014111335189653,0.002467386148461457,0.002467386148461457,6.087994405619463e-06,0,1,0.021673905
r5_plus_fed,45,2,-0.021884406,-0.013764025,-0.010180187,-0.007922528,-0.0061652362,-0.0047167204,-0.0034121734,-0.0022723286,-0.0011476442,-0.00014393622,0.0008834017,0.0019193805,0.0029575564,0.0039780675,0.005173821,0.0064702127,0.007941219,0.009710078,0.0117915245,0.015256209,0.02193349,0.0008834017,2023-11-27,2023-11-22,-0.0008732109834671,0.0017566127042517045,0.0017566127042517045,3.0856881927384864e-06,0,1,0.021971712
r5_plus_fed,45,3,-0.022292765,-0.013932507,-0.0102471,-0.0079248585,-0.0061422815,-0.004657777,-0.0033425593,-0.0021820306,-0.0010846726,-8.7924345e-05,0.0009371774,0.0019694648,0.0030113407,0.0040339557,0.005228461,0.0065490208,0.00803442,0.009831988,0.011963755,0.01545132,0.022160614,0.0009371774,2023-11-28,2023-11-22,0.0026175077073207,-0.0016803303151322405,0.0016803303151322405,2.8235099679524144e-06,1,1,0.022210855
r5_plus_fed,45,4,-0.023335716,-0.01465985,-0.010743631,-0.008274254,-0.00639373,-0.0048710383,-0.0034974362,-0.0023130733,-0.0011833224,-0.0001587123,0.00089300924,0.0019629702,0.0030244093,0.0040869084,0.005289162,0.0066238143,0.008138859,0.009938646,0.012066655,0.015562949,0.022195432,0.00089300924,2023-11-29,2023-11-22,-0.0009742900706899,0.0018672993151542378,0.0018672993151542378,3.4868067323754856e-06,0,1,0.022810286
r5_plus_fed,45,5,-0.022856804,-0.0145549765,-0.010803106,-0.008441165,-0.006624402,-0.0051177186,-0.0037755312,-0.002580555,-0.0014278763,-0.00036809908,0.00072520773,0.0018295249,0.002937838,0.004006329,0.0052512083,0.006619024,0.0081596365,0.010003699,0.012233414,0.015864106,0.022840202,0.00072520773,2023-11-30,2023-11-22,-0.0025173512652739,0.003242558999195607,0.003242558999195607,1.0514188863264415e-05,0,1,0.02303652
r5_plus_fed,46,1,-0.019455517,-0.012678905,-0.0093874475,-0.007293988,-0.005672825,-0.0043289056,-0.003163542,-0.0021131502,-0.0011019467,-0.00020409079,0.00071377755,0.0016460449,0.0025816194,0.0034887244,0.004554139,0.005709674,0.0070171864,0.008579315,0.010464202,0.01356941,0.01958112,0.00071377755,2023-12-01,2023-11-30,0.0028508871302309,-0.00213710957647511,0.00213710957647511,4.567237341861625e-06,1,1,0.01985165
r5_plus_fed,46,2,-0.019697597,-0.012900248,-0.009613966,-0.007500622,-0.00585824,-0.0044966764,-0.0032788203,-0.0022152693,-0.001167822,-0.00024401443,0.0007066354,0.0016610321,0.0026184828,0.0035470088,0.004639235,0.0058195274,0.0071652057,0.008781459,0.010688067,0.013820282,0.019774333,0.0007066354,2023-12-04,2023-11-30,-0.0093270578034749,0.010033693219028946,0.010033693219028946,0.00010067499961358745,0,1,0.020302033
r5_plus_fed,46,3,-0.020158604,-0.013195276,-0.009803399,-0.0076293214,-0.005955395,-0.0045631337,-0.0033318494,-0.002251068,-0.0012350996,-0.00031588774,0.0006354195,0.0015887005,0.0025448406,0.0034748416,0.0045697615,0.0057746237,0.0071329894,0.008776967,0.010726375,0.013871751,0.01986307,0.0006354195,2023-12-05,2023-11-30,0.0025079080099603,-0.0018724885033806625,0.0018724885033806625,3.5062131952927533e-06,1,1,0.020529773
r5_plus_fed,46,4,-0.020549593,-0.013453901,-0.009952488,-0.007689591,-0.0059614046,-0.004559491,-0.00329245,-0.002209556,-0.0011859587,-0.00025780924,0.0006890565,0.0016448887,0.0025876085,0.003536975,0.004606796,0.0057998556,0.0071644485,0.008787177,0.010712034,0.013872605,0.019835299,0.0006890565,2023-12-06,2023-11-30,-0.0058007216845044,0.006489778211839597,0.006489778211839597,4.2117221238867955e-05,0,1,0.020664522
r5_plus_fed,46,5,-0.020072801,-0.013278493,-0.009871888,-0.0076958775,-0.0060309167,-0.004652305,-0.0034392255,-0.0023642837,-0.0013367999,-0.00039275028,0.00057374616,0.0015411264,0.0025067083,0.0034413491,0.0045389733,0.00575624,0.0071402355,0.008816732,0.0108703,0.014185614,0.020471334,0.00057374616,2023-12-07,2023-11-30,0.0138755574714016,-0.013301811309866218,0.013301811309866218,0.00017693818412328483,1,0,0.02074219
r5_plus_fed,47,1,-0.02089969,-0.013375625,-0.009777593,-0.007517263,-0.005765991,-0.0043094493,-0.0030301872,-0.0018680515,-0.00073279487,0.0002946995,0.001357987,0.0024401478,0.0035078432,0.004542479,0.0057380316,0.007022728,0.008462427,0.010164724,0.0121994745,0.015528962,0.022199526,0.001357987,2023-12-08,2023-12-07,0.004446804591604,-0.0030888175341863685,0.0030888175341863685,9.540793759497158e-06,1,1,0.021977067
r5_plus_fed,47,2,-0.020795878,-0.013248379,-0.009641659,-0.007346024,-0.0055598235,-0.004081702,-0.0027424984,-0.0015580885,-0.00037068466,0.0006983247,0.0018130508,0.002934574,0.0040454874,0.0051194527,0.0063466257,0.0076487735,0.009098916,0.0107986955,0.012764102,0.016027,0.0226236,0.0018130508,2023-12-11,2023-12-07,0.008505766401478,-0.006692715576329179,0.006692715576329179,4.4792441785639214e-05,1,1,0.022405762
r5_plus_fed,47,3,-0.02151392,-0.013900704,-0.010254897,-0.007942834,-0.0061646565,-0.0046808734,-0.0033469184,-0.0021597727,-0.0010227793,2.9845785e-05,0.0011343998,0.0022422527,0.003346292,0.004421425,0.0056551956,0.006992714,0.008490991,0.010278424,0.012389954,0.015854567,0.02278891,0.0011343998,2023-12-12,2023-12-07,0.0079327545535958,-0.0067983547632789795,0.0067983547632789795,4.621762748739799e-05,1,1,0.022644851
r5_plus_fed,47,4,-0.021182371,-0.013518122,-0.00981119,-0.007438931,-0.005617061,-0.004127584,-0.0027667405,-0.0015878789,-0.00046192188,0.0005756003,0.0016402266,0.002719066,0.003772028,0.0048277155,0.005997039,0.00728369,0.008737452,0.010451238,0.012466696,0.0157994,0.022500083,0.0016402266,2023-12-13,2023-12-07,0.0126371701389748,-0.010996943563428833,0.010996943563428833,0.00012093276773723885,1,0,0.022277886
r5_plus_fed,47,5,-0.020790283,-0.0135049485,-0.00996056,-0.007717348,-0.0059799966,-0.0045215534,-0.0032248572,-0.00206281,-0.0009382343,9.924854e-05,0.0011714922,0.002244288,0.0033080596,0.004336432,0.0055316435,0.0068353335,0.008314739,0.010090561,0.012237852,0.015726564,0.022663627,0.0011714922,2023-12-14,2023-12-07,-0.0008674011616312,0.00203889331820384,0.00203889331820384,4.157085963016265e-06,0,1,0.022198413
r5_plus_fed,48,1,-0.021021344,-0.013002209,-0.009438779,-0.0072276653,-0.0055321446,-0.0041312245,-0.0029077972,-0.0017923331,-0.0007025813,0.0002635927,0.0012634404,0.0022727845,0.003274572,0.0042481627,0.0053781485,0.006593288,0.0079576345,0.00957136,0.011499332,0.0146555975,0.021021096,0.0012634404,2023-12-15,2023-12-14,0.0048225420003533,-0.003559101646557414,0.003559101646557414,1.2667204530527694e-05,1,1,0.020938111
r5_plus_fed,48,2,-0.021234483,-0.013131914,-0.0096076215,-0.007410891,-0.00572678,-0.004340831,-0.0030984245,-0.0019956615,-0.0008989862,7.481901e-05,0.001092165,0.0021154587,0.0031425687,0.004135936,0.0052871825,0.0065221568,0.007914441,0.00956852,0.011491828,0.01464574,0.020916242,0.001092165,2023-12-18,2023-12-14,0.0062787332928894,-0.005186568282839461,0.005186568282839461,2.6900490552556275e-05,1,1,0.021099448
r5_plus_fed,48,3,-0.021266222,-0.013139424,-0.009565114,-0.007367353,-0.0056965332,-0.004301394,-0.003053306,-0.0019431412,-0.0008867457,7.429526e-05,0.0010797987,0.0020808096,0.0030874484,0.004059607,0.0051930314,0.0064260475,0.007805851,0.00945869,0.011409819,0.014573901,0.020975074,0.0010797987,2023-12-19,2023-12-14,0.0050966465630156,-0.004016847886942049,0.004016847886942049,1.6135066946830804e-05,1,1,0.020974934
r5_plus_fed,48,4,-0.021517785,-0.013234193,-0.009573542,-0.007313121,-0.005603463,-0.0042066774,-0.0029319972,-0.0018326035,-0.0007848976,0.0001766302,0.0011635588,0.0021551696,0.0031233076,0.0041049123,0.005194991,0.006394974,0.007760875,0.009370754,0.011270357,0.01439586,0.020599982,0.0011635588,2023-12-20,2023-12-14,-0.0149711807153707,0.0161347395170068,0.0161347395170068,0.00026032981928166086,0,0,0.020843899
r5_plus_fed,48,5,-0.021000244,-0.013060193,-0.009557515,-0.007403178,-0.005742958,-0.0043538734,-0.0031206904,-0.0020149539,-0.00094499247,4.5386332e-05,0.0010610058,0.0020788696,0.0030798868,0.004051701,0.0051793354,0.0064140563,0.007821611,0.009510994,0.011551402,0.014839416,0.021394743,0.0010610058,2023-12-21,2023-12-14,0.0115682097739582,-0.010507204023287172,0.010507204023287172,0.00011040133638698213,1,0,0.021108918
r5_plus_fed,49,1,-0.018326499,-0.01140492,-0.008240434,-0.006204481,-0.0046014506,-0.0032637394,-0.0020852722,-0.0010197901,1.22901e-05,0.0009389274,0.0018761326,0.0028279305,0.00375752,0.0046556834,0.0056840624,0.006781541,0.0079988325,0.009424763,0.011110217,0.013782795,0.019235313,0.0018761326,2023-12-22,2023-12-21,0.0014948848824511,0.0003812476803054384,0.0003812476803054384,1.4534979373827779e-07,1,1,0.019350652
r5_plus_fed,49,2,-0.018273216,-0.011530202,-0.008523597,-0.0065910104,-0.0050570257,-0.0037754949,-0.0026004382,-0.001566723,-0.00052619365,0.00040487156,0.0013548334,0.0023194458,0.0032553447,0.004169151,0.0052144537,0.006323236,0.0075533427,0.008992804,0.01064222,0.013313017,0.018663356,0.0013548334,2023-12-26,2023-12-21,0.0061029543645535,-0.004748120998204161,0.004748120998204161,2.2544653013587275e-05,1,1,0.019165818
r5_plus_fed,49,3,-0.01848695,-0.011620127,-0.008562274,-0.0066086277,-0.0050793313,-0.003793036,-0.0026372964,-0.0016054602,-0.00062060845,0.00028448214,0.0012184368,0.0021653336,0.0030961118,0.004006983,0.0050489153,0.0061707157,0.0074059847,0.008865634,0.0105540035,0.013243546,0.018633848,0.0012184368,2023-12-27,2023-12-21,0.0020336601688276,-0.0008152234173129267,0.0008152234173129267,6.645892201353663e-07,1,1,0.019116279
r5_plus_fed,49,4,-0.018853622,-0.0118444925,-0.008674778,-0.0066381176,-0.0050533027,-0.0037491738,-0.0025536928,-0.0015146562,-0.0005139519,0.00040391105,0.001338935,0.0022922128,0.0032183048,0.0041377586,0.0051509524,0.0062555806,0.0074879667,0.008918515,0.01058304,0.013253096,0.01860712,0.001338935,2023-12-28,2023-12-21,-0.0004861644148609,0.0018250994063696224,0.0018250994063696224,3.330987843130748e-06,0,1,0.019257817
r5_plus_fed,49,5,-0.01835847,-0.011727665,-0.008652855,-0.0066824965,-0.0051413164,-0.0038413068,-0.0026795445,-0.0016417142,-0.0006356574,0.00028362568,0.0012365361,0.002185108,0.0031296706,0.0040290104,0.0050629447,0.006180008,0.007417071,0.0088811,0.010623622,0.013382041,0.019006524,0.0012365361,2023-12-29,2023-12-21,-0.0043371340822498,0.005573670156679551,0.005573670156679551,3.106579901546025e-05,0,1,0.019276477
