model,window,horizon,q0.01,q0.05,q0.1,q0.15,q0.2,q0.25,q0.3,q0.35,q0.4,q0.45,q0.5,q0.55,q0.6,q0.65,q0.7,q0.75,q0.8,q0.85,q0.9,q0.95,q0.99,prediction,date,forecast_origin,actual,error,abs_error,squared_error,correct_direction,interval_coverage,interval_width
r6_plus_gdelt_fed_recession,0,1,-0.043367587,-0.028960172,-0.022122119,-0.017726602,-0.014334964,-0.011508534,-0.009036413,-0.006822713,-0.004709736,-0.002777912,-0.0008157389,0.001185833,0.0032233237,0.005199097,0.007504182,0.009994614,0.012843648,0.01619776,0.020241285,0.026938358,0.039632194,-0.0008157389,2023-01-03,2022-12-30,-0.0067827173204042,0.005966978396556525,0.005966978396556525,3.5604831184972277e-05,1,1,0.042363405
r6_plus_gdelt_fed_recession,0,2,-0.045133837,-0.029605001,-0.022123957,-0.017314553,-0.01361326,-0.010587619,-0.007890859,-0.0055265888,-0.0032343154,-0.0011603019,0.00095264264,0.0030894605,0.0052931127,0.007455735,0.009976144,0.012702164,0.015811551,0.01944027,0.023650646,0.030709218,0.04380218,0.00095264264,2023-01-04,2022-12-30,0.0047526462719854,-0.00380000362816118,0.00380000362816118,1.4440027574038131e-05,1,1,0.0457746
r6_plus_gdelt_fed_recession,0,3,-0.047428206,-0.031696253,-0.023977809,-0.01894519,-0.01509779,-0.011895502,-0.009025935,-0.006512733,-0.0041248896,-0.0019227669,0.00033363033,0.0025864851,0.004894212,0.007148806,0.009764934,0.012650188,0.015900407,0.019739423,0.024252066,0.03177038,0.045339562,0.00033363033,2023-01-05,2022-12-30,-0.0157781972169871,0.016111827551340174,0.016111827551340174,0.0002595909870441243,0,1,0.048229873
r6_plus_gdelt_fed_recession,0,4,-0.047106896,-0.0319448,-0.024707478,-0.019896336,-0.016118571,-0.01296858,-0.010090639,-0.0075365296,-0.005054812,-0.0027645328,-0.00041867024,0.0019183031,0.004305739,0.00670436,0.009471358,0.012543619,0.016116533,0.020330455,0.025327306,0.033657625,0.048236568,-0.00041867024,2023-01-06,2022-12-30,0.027227395160866,-0.027646065403518296,0.027646065403518296,0.0007643049322956112,0,0,0.050034784
r6_plus_gdelt_fed_recession,0,5,-0.048870645,-0.033306465,-0.025768258,-0.020929802,-0.017153183,-0.01400581,-0.011167765,-0.008615423,-0.006118983,-0.0038110798,-0.0014595923,0.0009304931,0.0034090562,0.005856083,0.008710512,0.011864602,0.015490528,0.019807437,0.024998669,0.03349101,0.048554387,-0.0014595923,2023-01-09,2022-12-30,0.0064526310170744,-0.007912223271906788,0.007912223271906788,6.260327710450336e-05,0,1,0.050766926
r6_plus_gdelt_fed_recession,1,1,-0.04219569,-0.028762484,-0.022119036,-0.017679706,-0.014215245,-0.01127453,-0.008675359,-0.006346728,-0.0041168,-0.0020749187,-1.0983902e-05,0.002094203,0.004247671,0.0063540866,0.008828576,0.011504337,0.014558993,0.018139506,0.022360373,0.0289659,0.040717587,-1.0983902e-05,2023-01-10,2023-01-09,0.0084286878744476,-0.008439671776477293,0.008439671776477293,7.122805969466738e-05,0,1,0.044479407
r6_plus_gdelt_fed_recession,1,2,-0.04247411,-0.029135253,-0.022656048,-0.018352149,-0.0149530275,-0.012099352,-0.009503371,-0.0072073797,-0.004977181,-0.0029543508,-0.00090149033,0.0011816247,0.0033225527,0.0054582795,0.0079875365,0.010751317,0.013955145,0.01775937,0.022191165,0.029205443,0.040900078,-0.00090149033,2023-01-11,2023-01-09,0.0171524483430358,-0.018053938676525872,0.018053938676525872,0.00032594470173575674,0,1,0.044847213
r6_plus_gdelt_fed_recession,1,3,-0.043433584,-0.029562188,-0.022708783,-0.01814181,-0.0146097485,-0.011624473,-0.008923119,-0.006530575,-0.0042533767,-0.002148088,-1.1042983e-05,0.0021248327,0.0043234574,0.006496291,0.009051724,0.011846285,0.015019597,0.018745083,0.023061087,0.029871253,0.041623045,-1.1042983e-05,2023-01-12,2023-01-09,0.0053897954002944,-0.0054008383830999205,0.0054008383830999205,2.9169055240365364e-05,0,1,0.04576987
r6_plus_gdelt_fed_recession,1,4,-0.043157965,-0.029439246,-0.022673164,-0.018146845,-0.014602367,-0.011644458,-0.008952666,-0.0065546324,-0.0042333705,-0.002110396,2.781878e-05,0.0021637967,0.0043388004,0.0065220282,0.009058584,0.011858252,0.015075315,0.018805105,0.023105519,0.029926904,0.041539326,2.781878e-05,2023-01-13,2023-01-09,0.0068570660094839,-0.006829247229557153,0.006829247229557153,4.663861772241405e-05,1,1,0.045778684
r6_plus_gdelt_fed_recession,1,5,-0.04304603,-0.029357392,-0.022390507,-0.017821547,-0.014255853,-0.011271544,-0.008593895,-0.006183198,-0.0038370388,-0.0016937912,0.0004540351,0.0026047018,0.004820107,0.006994605,0.009542558,0.012333123,0.015483668,0.019147208,0.023400646,0.030042145,0.04176701,0.0004540351,2023-01-17,2023-01-09,0.002026548435775,-0.0015725133429313034,0.0015725133429313034,2.472798213696983e-06,1,1,0.045791153
r6_plus_gdelt_fed_recession,2,1,-0.033514857,-0.021859754,-0.01599458,-0.012310308,-0.009555773,-0.0073104776,-0.0053630075,-0.003660561,-0.0020636884,-0.0006254629,0.00078005815,0.0022108853,0.00370408,0.005194851,0.00697384,0.008911649,0.01115579,0.013831119,0.017076554,0.022563722,0.03340829,0.00078005815,2023-01-18,2023-01-17,-0.0130851307316483,0.013865188883224968,0.013865188883224968,0.00019224346276750523,0,1,0.033071134
r6_plus_gdelt_fed_recession,2,2,-0.03480197,-0.02271778,-0.016609622,-0.012785173,-0.009921723,-0.007615075,-0.005571472,-0.003822947,-0.0021495442,-0.0006632803,0.00079628255,0.002284986,0.0038234852,0.005375909,0.0072177397,0.009245756,0.011561902,0.014329515,0.017601611,0.023212109,0.034030754,0.00079628255,2023-01-19,2023-01-17,-0.0098732653864193,0.010669547933945362,0.010669547933945362,0.00011383925311475774,0,1,0.034211233
r6_plus_gdelt_fed_recession,2,3,-0.03582589,-0.023670051,-0.017423006,-0.013438161,-0.010466639,-0.008052025,-0.0059386347,-0.0041228714,-0.002434886,-0.0009166693,0.00058016065,0.0020791912,0.003653612,0.0052407337,0.0071254694,0.009230111,0.011630136,0.014509507,0.0179378,0.023787072,0.03493447,0.00058016065,2023-01-20,2023-01-17,0.0269993239167042,-0.026419163270936154,0.026419163270936154,0.0006979721879363819,1,0,0.035360806
r6_plus_gdelt_fed_recession,2,4,-0.035303976,-0.023275118,-0.017185548,-0.013314788,-0.01040223,-0.008053114,-0.0059570405,-0.0041465126,-0.002426011,-0.0008946321,0.0006253931,0.0021590665,0.0037484108,0.0053615044,0.007245498,0.009358617,0.011790033,0.014669161,0.018122189,0.024019262,0.03509646,0.0006253931,2023-01-23,2023-01-17,0.021972610585793,-0.02134721746522103,0.02134721746522103,0.0004557036935074378,1,0,0.035307735
r6_plus_gdelt_fed_recession,2,5,-0.035191145,-0.023205655,-0.017062703,-0.013214059,-0.010342107,-0.0080187,-0.005957557,-0.0041573956,-0.002438196,-0.0008949024,0.0006373473,0.0021777162,0.003799751,0.0054097157,0.007322717,0.0094469935,0.011862196,0.014733134,0.018237483,0.024166936,0.035437103,0.0006373473,2023-01-24,2023-01-17,-0.0020438944791116,0.0026812417652130305,0.0026812417652130305,7.189057403522688e-06,0,1,0.035300188
r6_plus_gdelt_fed_recession,3,1,-0.037330538,-0.024075475,-0.017722977,-0.013703165,-0.01067477,-0.008172102,-0.005998379,-0.0040687714,-0.0022441966,-0.0005939728,0.0010546446,0.0027190773,0.0044354633,0.006110316,0.00810027,0.010240255,0.012712588,0.015636714,0.01917255,0.024965102,0.035930797,0.0010546446,2023-01-25,2023-01-24,-0.0022216672089368,0.0032763117935925615,0.0032763117935925615,1.0734218968833707e-05,0,1,0.03689553
r6_plus_gdelt_fed_recession,3,2,-0.038967624,-0.025773916,-0.019496957,-0.015500915,-0.012442167,-0.009928815,-0.0076818895,-0.0057126926,-0.0038260403,-0.0021316337,-0.00043050633,0.0012810212,0.0030573688,0.004817519,0.0069200755,0.00923496,0.011929895,0.015171781,0.01902711,0.025443086,0.03688276,-0.00043050633,2023-01-26,2023-01-24,0.0193095497439804,-0.019740056077921994,0.019740056077921994,0.0003896698139595051,0,0,0.03852407
r6_plus_gdelt_fed_recession,3,3,-0.04040757,-0.026610142,-0.019898659,-0.015595101,-0.012358733,-0.009678669,-0.007303676,-0.0052214875,-0.003265643,-0.0014799298,0.00031388502,0.0020954642,0.0039474005,0.0057639685,0.007908187,0.010282586,0.012991799,0.016204674,0.02001622,0.026333142,0.0378443,0.00031388502,2023-01-27,2023-01-24,0.0099051495315105,-0.009591264516307815,0.009591264516307815,9.199235502178538e-05,1,1,0.039914876
r6_plus_gdelt_fed_recession,3,4,-0.039966162,-0.025986196,-0.019231373,-0.014919812,-0.011669373,-0.009014093,-0.006640996,-0.004570478,-0.0026048096,-0.00082810066,0.0009612394,0.0027491546,0.0045761983,0.0063986336,0.008508754,0.010842655,0.013534766,0.016691253,0.020428881,0.026669297,0.037988126,0.0009612394,2023-01-30,2023-01-24,-0.0204256152916658,0.02138685468313799,0.02138685468313799,0.0004573975532376614,0,0,0.039660253
r6_plus_gdelt_fed_recession,3,5,-0.039637763,-0.026046643,-0.019387215,-0.015206974,-0.0120369615,-0.009436225,-0.0071265534,-0.005073992,-0.0031034877,-0.0013030535,0.00049286726,0.0022989756,0.004161694,0.005986814,0.008134407,0.010497232,0.013188708,0.016356453,0.020196652,0.02650032,0.038055364,0.00049286726,2023-01-31,2023-01-24,0.0148746010740544,-0.01438173381707401,0.01438173381707401,0.00020683426758517017,1,1,0.03958387
r6_plus_gdelt_fed_recession,4,1,-0.042014286,-0.02679103,-0.01953512,-0.014951327,-0.011490189,-0.008644074,-0.0061942535,-0.0040243217,-0.0019669991,-0.00010768512,0.0017662052,0.0036724652,0.005623046,0.0075487234,0.009828618,0.012318994,0.015185508,0.018588493,0.022690952,0.029275898,0.041593097,0.0017662052,2023-02-01,2023-01-31,0.0211582091057085,-0.01939200392247816,0.01939200392247816,0.0003760498161294084,1,1,0.042226072
r6_plus_gdelt_fed_recession,4,2,-0.04296588,-0.028037958,-0.02092433,-0.016400002,-0.0129406685,-0.010119367,-0.0076138577,-0.0054304977,-0.0033252216,-0.0014336568,0.0004726971,0.002402269,0.0043810564,0.006348718,0.008678221,0.011233772,0.0141859865,0.017699016,0.021795424,0.028529072,0.040653527,0.0004726971,2023-02-02,2023-01-31,0.0352610161728343,-0.03478831906361748,0.03478831906361748,0.0012102271432720513,1,0,0.04271975
r6_plus_gdelt_fed_recession,4,3,-0.04366998,-0.028499356,-0.021162258,-0.016472623,-0.012948128,-0.0100504635,-0.0075037587,-0.0052889707,-0.003215717,-0.0013226557,0.0005799141,0.0024874602,0.004451799,0.006408515,0.008706357,0.011252952,0.014151678,0.01758857,0.02162504,0.028234243,0.040280506,0.0005799141,2023-02-03,2023-01-31,-0.017932327289362,0.018512241367478418,0.018512241367478418,0.0003427030804477792,0,1,0.0427873
r6_plus_gdelt_fed_recession,4,4,-0.042390738,-0.027806124,-0.020800626,-0.016292593,-0.012843933,-0.010033615,-0.0075159506,-0.005329494,-0.0032456098,-0.001363487,0.000519034,0.0024153832,0.004347926,0.0062942053,0.008550873,0.011057146,0.013942274,0.017319331,0.021294074,0.027867163,0.039932936,0.000519034,2023-02-06,2023-01-31,-0.0084950927191433,0.00901412670621839,0.00901412670621839,8.12544802757596e-05,0,1,0.0420947
r6_plus_gdelt_fed_recession,4,5,-0.0424433,-0.027813278,-0.020618437,-0.016099377,-0.012687007,-0.009902611,-0.0074550253,-0.0053023556,-0.0032466413,-0.0013792386,0.0004956565,0.0023794249,0.004334315,0.0062513836,0.008507858,0.010990611,0.013812479,0.017139839,0.021115737,0.027553676,0.039639946,0.0004956565,2023-02-07,2023-01-31,0.0205069744018541,-0.020011317891970398,0.020011317891970398,0.0004004528437734946,1,1,0.041734174
r6_plus_gdelt_fed_recession,5,1,-0.04839397,-0.03155673,-0.023544239,-0.0183531,-0.014363779,-0.011049365,-0.00816237,-0.005623206,-0.003226331,-0.0010519506,0.0011205826,0.0033317355,0.005595852,0.007820915,0.010439398,0.013277931,0.016536077,0.020351423,0.02486324,0.03180684,0.04419266,0.0011205826,2023-02-08,2023-02-07,-0.0179409360620829,0.019061518634267402,0.019061518634267402,0.0003633414926445234,0,1,0.04840748
r6_plus_gdelt_fed_recession,5,2,-0.04972184,-0.033061553,-0.025206517,-0.020071585,-0.01603914,-0.012703444,-0.009698872,-0.007089469,-0.0045724404,-0.0023158528,-6.657436e-05,0.0022177752,0.004554175,0.006891413,0.009655949,0.012697343,0.016198171,0.02032956,0.025079107,0.03257963,0.045404814,-6.657436e-05,2023-02-09,2023-02-07,-0.0088773330739221,0.008810758716588507,0.008810758716588507,7.762946916194036e-05,1,1,0.050285622
r6_plus_gdelt_fed_recession,5,3,-0.05112407,-0.034016155,-0.02593135,-0.020622136,-0.016522938,-0.013089863,-0.010016898,-0.0073265973,-0.0047777914,-0.00243778,-9.001133e-05,0.0022479515,0.0046427073,0.007024291,0.009816497,0.012893157,0.016366635,0.02043254,0.025096387,0.032519743,0.045389373,-9.001133e-05,2023-02-10,2023-02-07,-0.0065848338652944,0.0064948225352640075,0.0064948225352640075,4.218271976457319e-05,1,1,0.051027738
r6_plus_gdelt_fed_recession,5,4,-0.050017867,-0.03331814,-0.025459457,-0.020276362,-0.01618699,-0.012803157,-0.009749955,-0.0070638764,-0.00447893,-0.0021480615,0.00017997005,0.0024998693,0.004867273,0.007234581,0.010000259,0.013068441,0.016585559,0.020655587,0.025340572,0.032768108,0.045502387,0.00017997005,2023-02-13,2023-02-07,0.0158891323804265,-0.015709162325539264,0.015709162325539264,0.0002467777809701422,1,1,0.05080003
r6_plus_gdelt_fed_recession,5,5,-0.05015151,-0.033297185,-0.025155585,-0.019909024,-0.015827455,-0.01245435,-0.0094360635,-0.0067723417,-0.004200586,-0.0018901465,0.00040666,0.0026983002,0.0050671897,0.0073917555,0.010118439,0.01310859,0.016464556,0.020333854,0.024774602,0.031651165,0.044096336,0.00040666,2023-02-14,2023-02-07,0.0073621354680275,-0.006955475473985953,0.006955475473985953,4.837863906922012e-05,1,1,0.049930185
r6_plus_gdelt_fed_recession,6,1,-0.04101062,-0.027515199,-0.021065978,-0.016836878,-0.013536968,-0.010786616,-0.008359565,-0.0061963717,-0.004134833,-0.0022523259,-0.00036637922,0.0015678788,0.0035481644,0.0054736314,0.007730325,0.010173075,0.012961403,0.016253343,0.020197826,0.026653985,0.038737323,-0.00036637922,2023-02-15,2023-02-14,0.0076314809733262,-0.007997860189173901,0.007997860189173901,6.396576760557279e-05,0,1,0.041263804
r6_plus_gdelt_fed_recession,6,2,-0.041454606,-0.027544502,-0.020871498,-0.016539823,-0.0131507525,-0.01036122,-0.007858095,-0.005675425,-0.003561395,-0.0016519667,0.0002640409,0.0022167019,0.004204398,0.0061692935,0.008465748,0.010944244,0.013764461,0.017091827,0.020971214,0.027437123,0.039273206,0.0002640409,2023-02-16,2023-02-14,-0.0189424734073557,0.01920651430029944,0.01920651430029944,0.00036889019156760686,0,1,0.041842714
r6_plus_gdelt_fed_recession,6,3,-0.04170803,-0.027815653,-0.0210415,-0.016575402,-0.013134066,-0.010269473,-0.00770658,-0.005466315,-0.0033580873,-0.0014328174,0.0005005743,0.002439844,0.004414819,0.0063533853,0.008611042,0.011082854,0.013886578,0.017234184,0.021202374,0.027814614,0.03998754,0.0005005743,2023-02-17,2023-02-14,-0.0070806970446996,0.007581271345230898,0.007581271345230898,5.7475675210019116e-05,0,1,0.042243876
r6_plus_gdelt_fed_recession,6,4,-0.041373074,-0.027751151,-0.021126427,-0.016749725,-0.013330229,-0.010508311,-0.007951962,-0.005704854,-0.0035458698,-0.0015889404,0.00037976613,0.0023637628,0.004377873,0.0063945213,0.008710383,0.011268931,0.0142064355,0.017642837,0.021690913,0.028419947,0.040590793,0.00037976613,2023-02-21,2023-02-14,-0.0239597385794969,0.024339504713343615,0.024339504713343615,0.000592411489690876,0,0,0.04281734
r6_plus_gdelt_fed_recession,6,5,-0.041488968,-0.027926391,-0.021173526,-0.016789418,-0.013387719,-0.010565613,-0.008043049,-0.0058014244,-0.0036355876,-0.001673301,0.00030465474,0.0022861378,0.004339279,0.0063389833,0.008672181,0.011216839,0.014072902,0.017422942,0.02142733,0.028009778,0.04020645,0.00030465474,2023-02-22,2023-02-14,0.0007478792879324,-0.00044322455255906695,0.00044322455255906695,1.9644800399118511e-07,1,1,0.042600855
r6_plus_gdelt_fed_recession,7,1,-0.043886725,-0.029166399,-0.022617904,-0.01847049,-0.015283938,-0.012628293,-0.010327069,-0.008275959,-0.006334876,-0.0045455294,-0.0027341954,-0.00089879526,0.0009614398,0.0027468784,0.0048370585,0.007089533,0.00966895,0.012750628,0.016517043,0.022653103,0.034362465,-0.0027341954,2023-02-23,2023-02-22,0.0086960001826702,-0.011430195623677815,0.011430195623677815,0.00013064937199554346,0,1,0.03913495
r6_plus_gdelt_fed_recession,7,2,-0.045110513,-0.03006472,-0.023502247,-0.019317703,-0.016069742,-0.013366343,-0.010931936,-0.0087910695,-0.006737091,-0.004858986,-0.0029379362,-0.0010056165,0.00096938806,0.0029189545,0.005233503,0.007778892,0.010760331,0.014381782,0.018734023,0.025828976,0.03826689,-0.0029379362,2023-02-24,2023-02-22,-0.0168857319559351,0.01394779573189173,0.01394779573189173,0.00019454100577857717,1,1,0.04223627
r6_plus_gdelt_fed_recession,7,3,-0.048319258,-0.03183024,-0.024341766,-0.019509455,-0.015827682,-0.012744002,-0.009983962,-0.007543059,-0.0052172337,-0.0030394655,-0.0007844893,0.0014633228,0.0037400592,0.005933939,0.008475727,0.011252147,0.014360499,0.018040111,0.022299772,0.02920692,0.041807335,-0.0007844893,2023-02-27,2023-02-22,0.0071359332098312,-0.007920422536010227,0.007920422536010227,6.273309314893869e-05,0,1,0.046641536
r6_plus_gdelt_fed_recession,7,4,-0.047635622,-0.031238055,-0.023894897,-0.019132596,-0.015411998,-0.012318732,-0.009517154,-0.0070245867,-0.004609901,-0.002367082,-5.321289e-05,0.0022369113,0.004555735,0.006835911,0.009444988,0.0123136705,0.01558008,0.019423243,0.023900352,0.031105954,0.044108283,-5.321289e-05,2023-02-28,2023-02-22,-0.0012937763052507,0.0012405634146163869,0.0012405634146163869,1.5389975856846695e-06,1,1,0.04779525
r6_plus_gdelt_fed_recession,7,5,-0.049558762,-0.032886554,-0.025153501,-0.020281108,-0.01651579,-0.0133935455,-0.010602595,-0.008108252,-0.005675079,-0.0034298338,-0.0011452256,0.0011565278,0.003506486,0.005785488,0.008430595,0.011316674,0.014551693,0.018378984,0.022860773,0.030054001,0.043152295,-0.0011452256,2023-03-01,2023-02-22,-0.0080716312184522,0.006926405618112728,0.006926405618112728,4.797509478662356e-05,1,1,0.048014276
r6_plus_gdelt_fed_recession,8,1,-0.038968492,-0.026371079,-0.020224161,-0.016122242,-0.012891272,-0.010165443,-0.007758737,-0.005614272,-0.003571204,-0.0017132749,0.00015171031,0.0020445872,0.003973003,0.0058346326,0.008022576,0.010382671,0.013078939,0.01625238,0.02005866,0.026237832,0.037850495,0.00015171031,2023-03-02,2023-03-01,0.0082418768716725,-0.008090166563399177,0.008090166563399177,6.545079502354205e-05,1,1,0.040282823
r6_plus_gdelt_fed_recession,8,2,-0.039229736,-0.026544714,-0.020337824,-0.016183631,-0.01287222,-0.010108031,-0.0076123374,-0.0054289666,-0.0033112068,-0.0014098961,0.00050485594,0.002440111,0.0043987227,0.006319681,0.008571024,0.011016262,0.013804438,0.017097663,0.020957017,0.027350083,0.038997393,0.00050485594,2023-03-03,2023-03-01,0.020462795192698,-0.019957939253045228,0.019957939253045228,0.00039831933922824354,1,1,0.041294843
r6_plus_gdelt_fed_recession,8,3,-0.03970584,-0.026801726,-0.020424455,-0.016156074,-0.012836415,-0.010036539,-0.007523063,-0.005319806,-0.003236049,-0.0013157274,0.00062830094,0.0025681462,0.0045358134,0.006450882,0.008687807,0.011141397,0.013908357,0.017173508,0.021017136,0.027355157,0.038993668,0.00062830094,2023-03-06,2023-03-01,0.0011338980081591,-0.000505597065678536,0.000505597065678536,2.5562839282274577e-07,1,1,0.04144159
r6_plus_gdelt_fed_recession,8,4,-0.039039444,-0.02637073,-0.020166025,-0.01600977,-0.012728102,-0.009986786,-0.007481707,-0.005273957,-0.0031537956,-0.0012234868,0.0007154201,0.0026527809,0.0046098824,0.0065456247,0.00877777,0.01124709,0.014071116,0.017368618,0.021259878,0.02769664,0.03936076,0.0007154201,2023-03-07,2023-03-01,-0.0123415330922968,0.013056953208035908,0.013056953208035908,0.0001704840270768392,0,1,0.041425902
r6_plus_gdelt_fed_recession,8,5,-0.03993378,-0.026899697,-0.02040581,-0.01617328,-0.012877145,-0.010122803,-0.007646781,-0.0054297405,-0.0032846688,-0.0013273975,0.0006329593,0.0025878118,0.00458935,0.006526499,0.008789185,0.011284762,0.014096625,0.017397998,0.0213251,0.02765867,0.039389677,0.0006329593,2023-03-08,2023-03-01,0.0049816744576051,-0.004348715156021631,0.004348715156021631,1.891132350821224e-05,1,1,0.04173091
r6_plus_gdelt_fed_recession,9,1,-0.035177715,-0.02135963,-0.015130834,-0.011255829,-0.008352736,-0.0059749507,-0.0039259363,-0.0020860597,-0.00034054316,0.0012460105,0.0028544625,0.0044817445,0.00613683,0.0077507105,0.009661169,0.01172168,0.014088983,0.016889887,0.020294527,0.02582332,0.037193533,0.0028544625,2023-03-09,2023-03-08,-0.0174777454882048,0.020332207968377314,0.020332207968377314,0.0004133986808693459,0,0,0.03542536
r6_plus_gdelt_fed_recession,9,2,-0.03749437,-0.023798348,-0.017690226,-0.013884806,-0.010991537,-0.008619973,-0.006504931,-0.0046375175,-0.0028180731,-0.0011666514,0.0005170572,0.002205418,0.0039241277,0.005609622,0.0075915577,0.009739393,0.012200319,0.015139935,0.01859545,0.024358783,0.03562517,0.0005170572,2023-03-10,2023-03-08,-0.0141430761934709,0.014660133390173708,0.014660133390173708,0.00021491951101768606,0,1,0.036285676
r6_plus_gdelt_fed_recession,9,3,-0.038042445,-0.024255132,-0.018021112,-0.014112106,-0.011177572,-0.008742195,-0.006578306,-0.0046675447,-0.0028627526,-0.0011978123,0.0004937371,0.00218878,0.003911386,0.0055954964,0.0075576184,0.00971484,0.012160354,0.015076225,0.018560855,0.024350263,0.035884354,0.0004937371,2023-03-13,2023-03-08,0.0073889910625397,-0.00689525395027462,0.00689525395027462,4.754452703877775e-05,1,1,0.036581967
r6_plus_gdelt_fed_recession,9,4,-0.038237356,-0.02453258,-0.018351408,-0.014434268,-0.0114481235,-0.008988199,-0.0067695687,-0.004816551,-0.002949999,-0.0012380725,0.0004951058,0.0022355744,0.0039925957,0.005735011,0.0077392496,0.0099538155,0.012490295,0.015466494,0.018997667,0.024909515,0.0366746,0.0004951058,2023-03-14,2023-03-08,0.0227198468759511,-0.022224741068747302,0.022224741068747302,0.000493939115572863,1,0,0.037349075
r6_plus_gdelt_fed_recession,9,5,-0.038813293,-0.02491243,-0.018495008,-0.014508898,-0.011493141,-0.009000569,-0.006790997,-0.0048125223,-0.0029062757,-0.0011403769,0.0006591808,0.002474421,0.0043291724,0.006125574,0.008215137,0.010495872,0.013066746,0.016097263,0.019733816,0.025682425,0.0378249,0.0006591808,2023-03-15,2023-03-08,0.0052320206903445,-0.00457283988525741,0.00457283988525741,2.0910864616201007e-05,1,1,0.038228825
r6_plus_gdelt_fed_recession,10,1,-0.045784876,-0.026383616,-0.01845659,-0.013711287,-0.010211453,-0.0073733428,-0.004929418,-0.0027511679,-0.00067422946,0.001203235,0.0031129392,0.005049354,0.0070393304,0.009004515,0.011348071,0.0138754295,0.016795676,0.02024494,0.02448484,0.031654034,0.0480904,0.0031129392,2023-03-16,2023-03-15,0.0260194127605386,-0.022906473574144385,0.022906473574144385,0.0005247065316029751,1,0,0.04294143
r6_plus_gdelt_fed_recession,10,2,-0.0496376,-0.028097715,-0.019469973,-0.014333555,-0.010544587,-0.0075079408,-0.0048588007,-0.0025289129,-0.00028905275,0.0017268986,0.0037869993,0.0058637056,0.008032057,0.010198676,0.01278531,0.01564871,0.018988546,0.022962129,0.027680641,0.035858117,0.05400892,0.0037869993,2023-03-17,2023-03-15,-0.0047370347383138,0.008524034004908448,0.008524034004908448,7.265915571683557e-05,0,1,0.047150612
r6_plus_gdelt_fed_recession,10,3,-0.054446034,-0.03296787,-0.024240876,-0.01893195,-0.015000004,-0.011783879,-0.008936376,-0.006442637,-0.004102477,-0.001959265,0.00023082815,0.0024134228,0.0046984074,0.0070040408,0.009782095,0.012931905,0.016613897,0.021081181,0.026502047,0.03576007,0.055555467,0.00023082815,2023-03-20,2023-03-15,0.0035424803903469,-0.003311652235747606,0.003311652235747606,1.0967040530532117e-05,1,1,0.050742924
r6_plus_gdelt_fed_recession,10,4,-0.052643646,-0.032023292,-0.023716452,-0.018531082,-0.014573724,-0.011329048,-0.008400142,-0.0058259903,-0.00335139,-0.001078276,0.0012341632,0.0035285752,0.0058715944,0.008255391,0.011050874,0.014208537,0.017912706,0.022368701,0.027718868,0.0370138,0.05668301,0.0012341632,2023-03-21,2023-03-15,0.0141813144076155,-0.012947151226690549,0.012947151226690549,0.0001676287248867946,1,1,0.05143532
r6_plus_gdelt_fed_recession,10,5,-0.052196875,-0.031108608,-0.022271028,-0.01697847,-0.0129778525,-0.009681956,-0.0067637595,-0.004147759,-0.0016264465,0.0006821316,0.0029873885,0.005302901,0.007680261,0.010042961,0.012817768,0.015920233,0.019513665,0.023802863,0.028957015,0.03783716,0.05738592,0.0029873885,2023-03-22,2023-03-15,-0.0136914171817484,0.016678805703181275,0.016678805703181275,0.00027818255968447224,0,1,0.051228043
r6_plus_gdelt_fed_recession,11,1,-0.040856134,-0.026667444,-0.02007805,-0.015775958,-0.012452331,-0.0096730115,-0.0072595114,-0.0051166127,-0.0030820267,-0.001255636,0.00057355186,0.0024275417,0.004333369,0.0062036864,0.008413716,0.010820425,0.013584869,0.01686421,0.020806301,0.027155679,0.03866139,0.00057355186,2023-03-23,2023-03-22,0.0117884985240139,-0.011214946659650647,0.011214946659650647,0.0001257750285788092,1,1,0.040884353
r6_plus_gdelt_fed_recession,11,2,-0.041496024,-0.027009236,-0.02032075,-0.015969854,-0.012599036,-0.009816268,-0.0073414114,-0.0051742215,-0.0030968497,-0.0012488385,0.0006108486,0.0024842375,0.0044242702,0.0063412567,0.008605158,0.011077637,0.013931255,0.017305568,0.021264667,0.027716624,0.039106365,0.0006108486,2023-03-24,2023-03-22,0.0036737147071858,-0.00306286610946926,0.00306286610946926,9.381148804535362e-06,1,1,0.041585416
r6_plus_gdelt_fed_recession,11,3,-0.04219787,-0.027619781,-0.020759527,-0.016259925,-0.012821055,-0.00997104,-0.007437432,-0.0052260715,-0.0031593319,-0.0012887514,0.00058649987,0.0024540008,0.004394584,0.006308067,0.008564411,0.011061131,0.013922702,0.017324809,0.021352047,0.027890133,0.03955453,0.00058649987,2023-03-27,2023-03-22,-0.0068751671728668,0.007461667040361949,0.007461667040361949,5.567647502122385e-05,0,1,0.042111576
r6_plus_gdelt_fed_recession,11,4,-0.040748097,-0.02678551,-0.020382287,-0.016140463,-0.012840398,-0.010109806,-0.007626081,-0.0054428265,-0.003360743,-0.001472593,0.0004166108,0.002299788,0.004223814,0.0061778203,0.008445053,0.01096694,0.013893507,0.017324911,0.02135982,0.027940162,0.039445695,0.0004166108,2023-03-28,2023-03-22,-0.0053255299509548,0.005742140748356318,0.005742140748356318,3.297218037393405e-05,0,1,0.04174211
r6_plus_gdelt_fed_recession,11,5,-0.040740017,-0.026632233,-0.019864408,-0.015533787,-0.012233936,-0.009494551,-0.0070730112,-0.004914138,-0.0028448545,-0.00096859917,0.00088963786,0.002748185,0.004667281,0.0065642945,0.008788224,0.011236748,0.014015012,0.017265968,0.021122886,0.02728072,0.03847328,0.00088963786,2023-03-29,2023-03-22,0.0180695041814693,-0.01717986632472507,0.01717986632472507,0.00029514780693542256,1,1,0.040987294
r6_plus_gdelt_fed_recession,12,1,-0.034495737,-0.021889752,-0.015725186,-0.0118830195,-0.009010575,-0.0066709467,-0.0046667256,-0.0028971543,-0.0012238368,0.00028005213,0.0017885609,0.003321013,0.0048879986,0.00643608,0.008272431,0.010273657,0.012578116,0.0153270895,0.018667106,0.02416096,0.035091974,0.0017885609,2023-03-30,2023-03-29,0.0094208040587384,-0.007632243175596345,0.007632243175596345,5.825113589143698e-05,1,1,0.03439229
r6_plus_gdelt_fed_recession,12,2,-0.03573017,-0.022989906,-0.01676147,-0.012874214,-0.00995903,-0.0076037277,-0.0055279722,-0.0037273362,-0.00198819,-0.00043931295,0.001126884,0.0027036697,0.0043228655,0.0059224344,0.0078129405,0.00987384,0.012240004,0.015057695,0.0183751,0.023954581,0.034741282,0.001126884,2023-03-31,2023-03-29,0.0164941723763124,-0.015367288359172726,0.015367288359172726,0.0002361535515139656,1,1,0.035136573
r6_plus_gdelt_fed_recession,12,3,-0.036734257,-0.023878014,-0.017535765,-0.013529819,-0.010556004,-0.008133115,-0.00601102,-0.004168568,-0.0024476415,-0.00088580523,0.0006877008,0.0022643383,0.0038903747,0.005506038,0.007406297,0.009504527,0.011905101,0.014789124,0.018243527,0.024011603,0.0352726,0.0006877008,2023-04-03,2023-03-29,-0.0024333940319017,0.0031210948446065614,0.0031210948446065614,9.741233029029655e-06,0,1,0.03577929
r6_plus_gdelt_fed_recession,12,4,-0.03600197,-0.023371931,-0.017222336,-0.013318813,-0.010391384,-0.00802722,-0.0059200837,-0.004102402,-0.0023772516,-0.00082106434,0.0007376473,0.0023094318,0.003912363,0.0055415533,0.0074266368,0.009529557,0.0119633805,0.014836473,0.018257985,0.023995101,0.034985058,0.0007376473,2023-04-04,2023-03-29,-0.0033789779525106,0.004116625245646124,0.004116625245646124,1.694660341309101e-05,0,1,0.03548032
r6_plus_gdelt_fed_recession,12,5,-0.035872504,-0.023283305,-0.017002126,-0.01308943,-0.010179711,-0.007813124,-0.005745526,-0.0039249742,-0.0021889198,-0.00061013584,0.00097582873,0.002576417,0.0042377613,0.0058761085,0.007804962,0.009930789,0.01235815,0.015242369,0.018723357,0.02445251,0.035670202,0.00097582873,2023-04-05,2023-03-29,-0.0099217046698915,0.010897533404118025,0.010897533404118025,0.00011875623429386819,0,1,0.03572548
r6_plus_gdelt_fed_recession,13,1,-0.030338299,-0.01949914,-0.014172128,-0.010688341,-0.007967963,-0.005701311,-0.0036884295,-0.0018682679,-0.00011817069,0.0014706989,0.0030869595,0.0047069783,0.0063170893,0.0078686355,0.009679469,0.011596336,0.01378935,0.016360814,0.019441525,0.02433512,0.03377629,0.0030869595,2023-04-06,2023-04-05,0.0067195768010278,-0.0036326173235137716,0.0036326173235137716,1.3195908619092358e-05,1,1,0.033613652
r6_plus_gdelt_fed_recession,13,2,-0.03069997,-0.020022098,-0.014711948,-0.011203207,-0.008443396,-0.006146078,-0.004072288,-0.0022428078,-0.00044528744,0.0011829255,0.0028421343,0.0044935597,0.0061565484,0.00774928,0.009592463,0.011582825,0.013809451,0.016419975,0.019454233,0.024419723,0.03392723,0.0028421343,2023-04-10,2023-04-05,-0.0005661991030468,0.0034083334334684863,0.0034083334334684863,1.1616736793699081e-05,0,1,0.03416618
r6_plus_gdelt_fed_recession,13,3,-0.031227289,-0.020747693,-0.015498021,-0.012003647,-0.0092783375,-0.0069701276,-0.004882967,-0.0030315523,-0.0012688431,0.00035428867,0.0020149597,0.0036649667,0.005324647,0.006922768,0.008768426,0.01078535,0.013036916,0.015716989,0.018877847,0.024031334,0.03376486,0.0020149597,2023-04-11,2023-04-05,-0.0064381489962189,0.008453108692899208,0.008453108692899208,7.145504657396815e-05,0,1,0.03437587
r6_plus_gdelt_fed_recession,13,4,-0.03129599,-0.021001063,-0.015936418,-0.012558445,-0.009882176,-0.007629398,-0.0055474574,-0.003698804,-0.0019100573,-0.00025994307,0.001425497,0.003120041,0.00481123,0.006484689,0.008379151,0.0104622925,0.012821257,0.015552553,0.018758,0.02397595,0.033666875,0.001425497,2023-04-12,2023-04-05,-0.0088732423491183,0.010298739350155302,0.010298739350155302,0.00010606403220243724,0,1,0.03469442
r6_plus_gdelt_fed_recession,13,5,-0.032275915,-0.02163587,-0.016376777,-0.012944999,-0.010252584,-0.007985141,-0.0059348647,-0.004077885,-0.0022624503,-0.00057107175,0.0011613264,0.002917463,0.004698919,0.006416684,0.008391222,0.010537153,0.012924683,0.015691767,0.018933134,0.024033658,0.033802852,0.0011613264,2023-04-13,2023-04-05,0.0193929675084669,-0.018231641087042155,0.018231641087042155,0.0003323927367267236,1,0,0.03530991
r6_plus_gdelt_fed_recession,14,1,-0.03154041,-0.020081576,-0.0146153765,-0.01111983,-0.008444005,-0.00622463,-0.004295765,-0.002577686,-0.0009461632,0.0005298804,0.0020118107,0.0035183243,0.005051802,0.0065614623,0.008347029,0.010291212,0.012531099,0.015192257,0.01841412,0.023635916,0.03374647,0.0020118107,2023-04-14,2023-04-13,-0.0018816519287805,0.003893462591005389,0.003893462591005389,1.5159050947558397e-05,0,1,0.033029497
r6_plus_gdelt_fed_recession,14,2,-0.032822166,-0.02147721,-0.01607564,-0.012616933,-0.009951124,-0.0077492776,-0.005775273,-0.0040520406,-0.0023740614,-0.0008647783,0.00065191847,0.0021845717,0.0037438932,0.0052875243,0.0071150544,0.009110465,0.011400476,0.014132297,0.017333372,0.022659319,0.03258574,0.00065191847,2023-04-17,2023-04-13,0.0008471181588541,-0.00019519969078854015,0.00019519969078854015,3.810291928394169e-08,1,1,0.033409014
r6_plus_gdelt_fed_recession,14,3,-0.033613484,-0.02205582,-0.01649376,-0.012901356,-0.010165137,-0.00788814,-0.00587073,-0.0041006673,-0.00243383,-0.0009085417,0.0006305919,0.0021779654,0.0037617132,0.005326457,0.00715998,0.00917789,0.011468333,0.014207286,0.017439712,0.022776939,0.032813933,0.0006305919,2023-04-18,2023-04-13,6.280041075873191e-05,0.0005677914688400644,0.0005677914688400644,3.2238715208755786e-07,1,1,0.033933472
r6_plus_gdelt_fed_recession,14,4,-0.03314681,-0.02185209,-0.016498033,-0.013020647,-0.010329504,-0.0081074685,-0.0060959333,-0.0043338016,-0.002647285,-0.0011105452,0.00043399006,0.0019958485,0.0035809358,0.005169329,0.0069991727,0.009029167,0.011353643,0.014087448,0.017335469,0.022736317,0.032848954,0.00043399006,2023-04-19,2023-04-13,-0.0004704163280929,0.0009044063905401648,0.0009044063905401648,8.179509192498892e-07,0,1,0.033833504
r6_plus_gdelt_fed_recession,14,5,-0.03327799,-0.022000886,-0.016500393,-0.012981587,-0.010300802,-0.008085792,-0.00611666,-0.0043744673,-0.0027014755,-0.0011740538,0.00037422028,0.0019398374,0.0035675867,0.005159355,0.00703094,0.009086233,0.011418532,0.014186455,0.01750965,0.02294481,0.033340745,0.00037422028,2023-04-20,2023-04-13,-0.0076538410755792,0.008028061358117063,0.008028061358117063,6.444976916969238e-05,0,1,0.034010045
r6_plus_gdelt_fed_recession,15,1,-0.024257109,-0.01554152,-0.011396805,-0.008781569,-0.0067859404,-0.00515191,-0.003732495,-0.002470623,-0.0012737381,-0.00019905833,0.0008783512,0.0019756581,0.0030890596,0.004172836,0.0054481863,0.0068218526,0.008388042,0.010243174,0.01249335,0.016246952,0.023827069,0.0008783512,2023-04-21,2023-04-20,0.0010425101363159,-0.00016415891964577422,0.00016415891964577422,2.6948150899267754e-08,1,1,0.023890154
r6_plus_gdelt_fed_recession,15,2,-0.025360974,-0.016572528,-0.012432657,-0.009808861,-0.007802517,-0.006155332,-0.004680121,-0.0033930058,-0.0021363322,-0.0010117678,0.00013176144,0.00129135,0.0024720326,0.0036392452,0.0050234715,0.0065321815,0.008255919,0.010325799,0.012762081,0.016819138,0.024633214,0.00013176144,2023-04-24,2023-04-20,-0.0020865018792049,0.0022182633161376203,0.0022182633161376203,4.920692139721872e-06,0,1,0.025194738
r6_plus_gdelt_fed_recession,15,3,-0.02562014,-0.016637014,-0.01232825,-0.00957305,-0.0074715773,-0.0057289996,-0.004186177,-0.0028388582,-0.001570071,-0.00041334747,0.00076564774,0.0019556317,0.0031665496,0.0043466776,0.005730351,0.007255969,0.008980937,0.011054795,0.01350712,0.017559161,0.025551038,0.00076564774,2023-04-25,2023-04-20,-0.0190439519412711,0.01980959968044308,0.01980959968044308,0.00039242023949941063,0,0,0.02583537
r6_plus_gdelt_fed_recession,15,4,-0.026123187,-0.016988358,-0.012624238,-0.009840256,-0.0077246795,-0.0060032536,-0.0044537154,-0.0031135876,-0.0018311205,-0.00066389615,0.00052479526,0.0017268448,0.0029411851,0.0041546407,0.0055381814,0.007064329,0.008810716,0.010876389,0.013323385,0.017419335,0.025289474,0.00052479526,2023-04-26,2023-04-20,0.0060463247687046,-0.005521529503767616,0.005521529503767616,3.0487288060976254e-05,1,1,0.025947623
r6_plus_gdelt_fed_recession,15,5,-0.026124978,-0.017170792,-0.01283478,-0.010107826,-0.008050082,-0.006354292,-0.00484577,-0.0035070956,-0.0022181137,-0.0010340044,0.00017317137,0.0013908603,0.0026390085,0.0038505336,0.0052673337,0.0068223877,0.008577408,0.010677492,0.01322134,0.017435009,0.025639744,0.00017317137,2023-04-27,2023-04-20,0.0268277234258742,-0.02665455205488549,0.02665455205488549,0.0007104651452466003,1,0,0.02605612
r6_plus_gdelt_fed_recession,16,1,-0.029388512,-0.01923489,-0.01447132,-0.011409549,-0.009000193,-0.0069930996,-0.005208648,-0.003586639,-0.002013943,-0.00057291123,0.0008997804,0.0024081753,0.0039166654,0.005370321,0.0070591513,0.008871204,0.010911805,0.0133078005,0.016156724,0.0207731,0.029812261,0.0008997804,2023-04-28,2023-04-27,0.0068750159256159,-0.00597523550037282,0.00597523550037282,3.5703439284915627e-05,1,1,0.030628044
r6_plus_gdelt_fed_recession,16,2,-0.030267183,-0.019880256,-0.014937388,-0.011749186,-0.009237937,-0.007157202,-0.0052764826,-0.0036182161,-0.0019738104,-0.00048565696,0.001036242,0.002578583,0.0041104066,0.005602011,0.0073256167,0.009162114,0.011212708,0.013618908,0.016387263,0.021010585,0.030010499,0.001036242,2023-05-01,2023-04-27,-0.0011474643211766,0.0021837063210039254,0.0021837063210039254,4.768573296392499e-06,0,1,0.03132465
r6_plus_gdelt_fed_recession,16,3,-0.030893894,-0.02046524,-0.015553569,-0.012372245,-0.009900708,-0.007828765,-0.0059643574,-0.004308589,-0.0027270915,-0.0012720485,0.00022932411,0.001752902,0.0032831451,0.004793177,0.006547113,0.008448392,0.010585139,0.013125029,0.01609643,0.020941967,0.030162945,0.00022932411,2023-05-02,2023-04-27,-0.0087599178883239,0.008989242000620935,0.008989242000620935,8.080647174572748e-05,0,1,0.03165
r6_plus_gdelt_fed_recession,16,4,-0.030426836,-0.020226853,-0.015477331,-0.012382549,-0.009959688,-0.007939993,-0.0060783867,-0.0044414,-0.002850009,-0.0013848533,0.000108464475,0.0016367421,0.0031524417,0.0046673026,0.0063772313,0.008257003,0.0103850905,0.012876105,0.015799828,0.0206023,0.02964585,0.000108464475,2023-05-03,2023-04-27,-0.0065654694599192,0.00667393393540749,0.00667393393540749,4.454139417418371e-05,0,1,0.031277157
r6_plus_gdelt_fed_recession,16,5,-0.030123508,-0.020099564,-0.015291176,-0.012209793,-0.009816754,-0.007826268,-0.0060426327,-0.004448107,-0.0028987634,-0.0014658591,2.3577188e-05,0.0015301479,0.0030771133,0.0045728274,0.006312087,0.008196283,0.010302465,0.012787829,0.015731215,0.02048896,0.029644312,2.3577188e-05,2023-05-04,2023-04-27,-0.0035360465834588,0.003559623771134783,0.003559623771134783,1.2670921392027812e-05,0,1,0.031022392
r6_plus_gdelt_fed_recession,17,1,-0.02501048,-0.01573253,-0.011569663,-0.008987308,-0.007002574,-0.005357581,-0.0039165886,-0.0026109503,-0.0013480029,-0.00020431547,0.0009722694,0.0021654663,0.0033536062,0.0045066904,0.0058543147,0.007306606,0.008948055,0.01089948,0.013242276,0.017088324,0.024946304,0.0009722694,2023-05-05,2023-05-04,0.0210316998006338,-0.020059430406664473,0.020059430406664473,0.0004023807482398152,1,0,0.024811938
r6_plus_gdelt_fed_recession,17,2,-0.024254518,-0.014922511,-0.010701335,-0.00804451,-0.0060126726,-0.0043511097,-0.0028671583,-0.0015690966,-0.0003009527,0.0008405361,0.0020137867,0.0031860182,0.004365942,0.005506098,0.0068314234,0.008266162,0.009870699,0.011787523,0.014025293,0.01774722,0.02538408,0.0020137867,2023-05-08,2023-05-04,0.0024743442720162,-0.000460557576118621,0.000460557576118621,2.121132809202594e-07,1,1,0.02472663
r6_plus_gdelt_fed_recession,17,3,-0.024598075,-0.015227718,-0.011036956,-0.0084132645,-0.0064202286,-0.0047747283,-0.0033062773,-0.0020166272,-0.0007937408,0.0003254671,0.0014815652,0.0026450928,0.0038241993,0.0049752216,0.0063188365,0.0078038033,0.009469894,0.011473321,0.013843682,0.017687544,0.025461625,0.0014815652,2023-05-09,2023-05-04,-0.0063534401697938,0.007835005350959733,0.007835005350959733,6.138730884956764e-05,0,1,0.024880636
r6_plus_gdelt_fed_recession,17,4,-0.025445145,-0.01583853,-0.011486164,-0.008757865,-0.0066944873,-0.0050173206,-0.0034993892,-0.0021911515,-0.00094220514,0.00019672075,0.0013593661,0.0025336987,0.003701622,0.004866858,0.006182683,0.0076447288,0.009296881,0.011251809,0.013548254,0.017312756,0.024941275,0.0013593661,2023-05-10,2023-05-04,0.0108230081340718,-0.009463642020751808,0.009463642020751808,8.956052029693937e-05,1,1,0.025034418
r6_plus_gdelt_fed_recession,17,5,-0.02624211,-0.016733855,-0.012435497,-0.00978944,-0.0078019705,-0.006159801,-0.004703243,-0.0034013316,-0.0021403928,-0.00097045145,0.00024311665,0.0014728376,0.0027135692,0.0039204224,0.0053276303,0.0068648625,0.008588732,0.010648061,0.013116831,0.017090982,0.02515209,0.00024311665,2023-05-11,2023-05-04,0.0032548086431355,-0.0030116919927543743,0.0030116919927543743,9.070288659220814e-06,1,1,0.025552329
r6_plus_gdelt_fed_recession,18,1,-0.022523064,-0.014763911,-0.010875866,-0.008415355,-0.006532126,-0.0049906964,-0.003646249,-0.0024642204,-0.0013437489,-0.00033996796,0.0006500321,0.001661754,0.0026974669,0.0037190178,0.0049224235,0.0062292996,0.0077199796,0.009488232,0.011616068,0.015164181,0.022255763,0.0006500321,2023-05-12,2023-05-11,-0.0035931080239036,0.004243140098094276,0.004243140098094276,1.8004237892055504e-05,0,1,0.022491934
r6_plus_gdelt_fed_recession,18,2,-0.022790225,-0.014939395,-0.010992647,-0.00847019,-0.0065350574,-0.004956953,-0.0035446668,-0.0023372015,-0.0011669516,-0.00013559379,0.0008846348,0.0019234512,0.0029747833,0.004022099,0.005254456,0.006597296,0.008103469,0.00989821,0.012013374,0.015568789,0.022596426,0.0008846348,2023-05-15,2023-05-11,0.0054001509528436,-0.004515516160970205,0.004515516160970205,2.0389886199983098e-05,1,1,0.023006022
r6_plus_gdelt_fed_recession,18,3,-0.023623524,-0.015526658,-0.011457592,-0.008848653,-0.006861894,-0.0052299085,-0.003791644,-0.0025481342,-0.0013831492,-0.00033427414,0.00070921914,0.0017659344,0.002855487,0.0039449013,0.0052336943,0.0066682524,0.008284227,0.010229705,0.01251753,0.016279187,0.023530856,0.00070921914,2023-05-16,2023-05-11,0.0011317018770057,-0.00042248273979902636,0.00042248273979902636,1.784916654280918e-07,1,1,0.023975123
r6_plus_gdelt_fed_recession,18,4,-0.024103604,-0.015834406,-0.011722775,-0.0090819895,-0.007068354,-0.005436684,-0.0039688894,-0.0027071985,-0.0015045253,-0.0004244335,0.00066549337,0.0017723918,0.0028990854,0.0040283105,0.005321633,0.0067655724,0.008408035,0.010349496,0.012637566,0.01642478,0.023625726,0.00066549337,2023-05-17,2023-05-11,0.0120316188721409,-0.011366125504435406,0.011366125504435406,0.00012918880898257702,1,1,0.02436034
r6_plus_gdelt_fed_recession,18,5,-0.023440145,-0.01550152,-0.011481326,-0.008918476,-0.006979355,-0.0053831004,-0.0039634686,-0.0027227267,-0.0015355512,-0.00046972564,0.00060580205,0.0016865202,0.0028055713,0.0039003983,0.0051951683,0.006627883,0.008233116,0.010154466,0.012470135,0.016296476,0.023724936,0.00060580205,2023-05-18,2023-05-11,0.0184027146388466,-0.017796912587123598,0.017796912587123598,0.00031673009763371837,1,0,0.023951462
r6_plus_gdelt_fed_recession,19,1,-0.022208333,-0.014334595,-0.010353852,-0.007861506,-0.00596253,-0.004418801,-0.0030826384,-0.001891985,-0.00075706147,0.00026334423,0.0012926789,0.0023407997,0.0033910961,0.004399474,0.0055705374,0.0068227397,0.008224872,0.00987666,0.011840958,0.014993221,0.021251308,0.0012926789,2023-05-19,2023-05-18,-0.0022558587156006,0.0035485375923805735,0.0035485375923805735,1.2592119044538117e-05,0,1,0.02219481
r6_plus_gdelt_fed_recession,19,2,-0.022965033,-0.014947169,-0.01094753,-0.008431289,-0.0065187006,-0.004974494,-0.003604229,-0.0024295326,-0.001283053,-0.00026711007,0.0007718142,0.0018206169,0.0028715509,0.0039043638,0.0051201424,0.0064325277,0.007924039,0.00969954,0.011768547,0.015106801,0.021385562,0.0007718142,2023-05-22,2023-05-18,0.003352598639055,-0.0025807844384935063,0.0025807844384935063,6.660448317970243e-06,1,1,0.022716077
r6_plus_gdelt_fed_recession,19,3,-0.022993412,-0.014820507,-0.010710777,-0.00812114,-0.006155856,-0.0045529287,-0.0031458598,-0.0019242343,-0.00077499094,0.000260545,0.0013179973,0.0023775592,0.0034468577,0.0044892193,0.0057000774,0.0070229755,0.008501718,0.010264886,0.012317642,0.015592125,0.021924278,0.0013179973,2023-05-23,2023-05-18,-0.0127575831205775,0.014075580467209683,0.014075580467209683,0.00019812196548889478,0,0,0.023028418
r6_plus_gdelt_fed_recession,19,4,-0.023284635,-0.014967633,-0.01071718,-0.008032674,-0.0060162847,-0.004401891,-0.0029642158,-0.0017455592,-0.00059393566,0.00044339919,0.0014952461,0.0025584276,0.0036131777,0.0046650376,0.005852272,0.0071574706,0.008635367,0.010359967,0.012353474,0.015564986,0.021777222,0.0014952461,2023-05-24,2023-05-18,-0.0051424875099382,0.006637733586894591,0.006637733586894591,4.405950717058853e-05,0,1,0.023070654
r6_plus_gdelt_fed_recession,19,5,-0.022336653,-0.014542273,-0.01052276,-0.007979215,-0.006049233,-0.004470736,-0.0030821296,-0.001870632,-0.0007221921,0.00031796185,0.0013807291,0.0024406414,0.0035088093,0.0045344704,0.005731931,0.0070383917,0.008504109,0.010239419,0.012297043,0.015581673,0.02206396,0.0013807291,2023-05-25,2023-05-18,0.0240414859954386,-0.022660756855656113,0.022660756855656113,0.0005135099012711655,1,0,0.022819802
r6_plus_gdelt_fed_recession,20,1,-0.027514098,-0.01727788,-0.012642951,-0.009767179,-0.0075817835,-0.0057856464,-0.0042244587,-0.002812435,-0.0014584711,-0.00021686548,0.0010534874,0.002347155,0.00363887,0.0048692147,0.0063044643,0.0078364145,0.009556098,0.011584,0.014013947,0.017919146,0.025536308,0.0010534874,2023-05-26,2023-05-25,0.0252296513550687,-0.024176163938711897,0.024176163938711897,0.0005844869027914736,1,0,0.026656898
r6_plus_gdelt_fed_recession,20,2,-0.027232436,-0.016945822,-0.012233287,-0.009280211,-0.007025891,-0.0051801456,-0.00353974,-0.0020982253,-0.00069331937,0.0005796185,0.0018906586,0.0032068912,0.004518545,0.0057830326,0.0072458037,0.008797273,0.010520838,0.012544194,0.01489236,0.018732063,0.02625526,0.0018906586,2023-05-30,2023-05-25,0.0045246532534874,-0.0026339946197039407,0.0026339946197039407,6.937927656629307e-06,1,1,0.027125647
r6_plus_gdelt_fed_recession,20,3,-0.028979143,-0.018370964,-0.01357494,-0.010552455,-0.0082678115,-0.006377224,-0.004702307,-0.0032254106,-0.0018267919,-0.0005353284,0.0008006999,0.0021349664,0.0034725352,0.0047733323,0.006276676,0.007906405,0.009725155,0.011877379,0.014417548,0.018475192,0.026324078,0.0008006999,2023-05-31,2023-05-25,-0.0057024013032606,0.0065031012301733845,0.0065031012301733845,4.2290325609882586e-05,0,1,0.027992487
r6_plus_gdelt_fed_recession,20,4,-0.028737705,-0.018256756,-0.013515177,-0.010520442,-0.008253055,-0.0063962406,-0.0047107404,-0.0032375974,-0.0018295374,-0.0005246259,0.00080527633,0.0021478245,0.0034736604,0.0047811894,0.0062628957,0.007889159,0.009725756,0.011874747,0.014385889,0.018436374,0.026136715,0.00080527633,2023-06-01,2023-05-25,0.0114859799462648,-0.010680703616635676,0.010680703616635676,0.00011407742974641441,1,1,0.027901066
r6_plus_gdelt_fed_recession,20,5,-0.027379055,-0.01724524,-0.012525778,-0.009572206,-0.007331351,-0.005473036,-0.0038237697,-0.0023535853,-0.00094237283,0.00036756147,0.0017147298,0.0030622354,0.004411829,0.005699606,0.0071904305,0.008803887,0.01061197,0.012737087,0.0152430255,0.01921263,0.02698593,0.0017147298,2023-06-02,2023-05-25,0.0074717597119565,-0.005757029891578376,0.005757029891578376,3.314339317252692e-05,1,1,0.027768804
r6_plus_gdelt_fed_recession,21,1,-0.024337891,-0.015617212,-0.011260094,-0.00849613,-0.006396915,-0.004672603,-0.0031727043,-0.0018444688,-0.0005899167,0.0005298528,0.0016399376,0.002762074,0.0039110617,0.0050412845,0.0063763773,0.00781957,0.0094732875,0.011427239,0.0137814125,0.01763018,0.025422713,0.0016399376,2023-06-05,2023-06-02,0.0007045504264739,0.0009353872062432922,0.0009353872062432922,8.749492256036312e-07,1,1,0.025041506
r6_plus_gdelt_fed_recession,21,2,-0.024994047,-0.016296303,-0.012000704,-0.0092652375,-0.007178985,-0.0054660374,-0.0039344206,-0.0026028014,-0.0013095154,-0.00016321646,0.0009857811,0.0021515994,0.003338634,0.0045182947,0.005918143,0.007445062,0.009181449,0.011251911,0.013676082,0.017695049,0.025520582,0.0009857811,2023-06-06,2023-06-02,-0.0001691905428187,0.0011549716229082095,0.0011549716229082095,1.3339594497232232e-06,0,1,0.025676787
r6_plus_gdelt_fed_recession,21,3,-0.025896497,-0.017021937,-0.012589099,-0.009762468,-0.007622014,-0.0058486103,-0.004275529,-0.0028968556,-0.0016007306,-0.00042222222,0.0007629999,0.001948402,0.003169235,0.0043740394,0.0057897097,0.0073437453,0.009101581,0.011211767,0.0137129575,0.017837957,0.025997186,0.0007629999,2023-06-07,2023-06-02,-0.0171107318366459,0.017873731709322927,0.017873731709322927,0.00031947028521685586,0,0,0.026302056
r6_plus_gdelt_fed_recession,21,4,-0.025806403,-0.016842837,-0.012416649,-0.009586987,-0.0074332915,-0.0056680446,-0.0040720645,-0.0026903143,-0.0013709699,-0.00018176678,0.0010127834,0.0022240723,0.0034494465,0.004683089,0.006099276,0.007666871,0.009460759,0.011567627,0.0140433265,0.018117191,0.025977207,0.0010127834,2023-06-08,2023-06-02,0.0123367327936661,-0.011323949412509476,0.011323949412509476,0.00012823183029707372,1,1,0.026459975
r6_plus_gdelt_fed_recession,21,5,-0.025543392,-0.016750138,-0.012368909,-0.009584277,-0.007458572,-0.0056944354,-0.0041217427,-0.0027295204,-0.0013876522,-0.00016309033,0.0010689658,0.0023125843,0.003590732,0.004840506,0.0063042277,0.007906882,0.009708237,0.011830677,0.014348445,0.018431248,0.026528697,0.0010689658,2023-06-09,2023-06-02,0.0038155301771962,-0.0027465644124799325,0.0027465644124799325,7.543616071901237e-06,1,1,0.026717354
r6_plus_gdelt_fed_recession,22,1,-0.023576964,-0.015224985,-0.011136583,-0.008555588,-0.0065797213,-0.0049555684,-0.0035275312,-0.0022569096,-0.0010469285,4.890668e-05,0.0011418003,0.0022534984,0.0033776544,0.004482124,0.0057784608,0.007175817,0.008769076,0.010662295,0.012940321,0.016706668,0.024174675,0.0011418003,2023-06-12,2023-06-09,0.0167558990218552,-0.015614098709529841,0.015614098709529841,0.00024380007851094144,1,0,0.024076905
r6_plus_gdelt_fed_recession,22,2,-0.023824563,-0.015508342,-0.011474133,-0.00892468,-0.0069677196,-0.005364605,-0.0039185956,-0.002668721,-0.0014447622,-0.00034791353,0.0007547711,0.0018803132,0.003012412,0.004137572,0.0054647196,0.006911263,0.008543514,0.010503077,0.0128065385,0.01667384,0.02413418,0.0007547711,2023-06-13,2023-06-09,0.0076545720961307,-0.006899800982269348,0.006899800982269348,4.7607253594925055e-05,1,1,0.024280671
r6_plus_gdelt_fed_recession,22,3,-0.024257785,-0.015795957,-0.011670665,-0.009062702,-0.0070788283,-0.00543339,-0.003966919,-0.0026792202,-0.0014599578,-0.00034508266,0.0007868616,0.0019290636,0.0030868736,0.0042324904,0.005573741,0.007050411,0.008711567,0.010720907,0.013102404,0.017070502,0.02482989,0.0007868616,2023-06-14,2023-06-09,0.0072412842753781,-0.006454422695978544,0.006454422695978544,4.1659572338362944e-05,1,1,0.024773069
r6_plus_gdelt_fed_recession,22,4,-0.024646591,-0.015916493,-0.011641307,-0.008947054,-0.0068987934,-0.0052354615,-0.003736435,-0.002442189,-0.0012016859,-8.411225e-05,0.0010502862,0.0022062499,0.0033679826,0.0045250338,0.0058480287,0.007313554,0.008980591,0.0109542655,0.01328891,0.01718678,0.024635257,0.0010502862,2023-06-15,2023-06-09,0.0118453596174816,-0.010795073389644395,0.010795073389644395,0.00011653360948780853,1,1,0.024930216
r6_plus_gdelt_fed_recession,22,5,-0.023897702,-0.015559387,-0.011455431,-0.008866996,-0.0068853367,-0.005243876,-0.003770077,-0.0024674372,-0.0012073641,-6.141144e-05,0.0011087568,0.0022844754,0.0034795224,0.0046356115,0.0059834896,0.007465207,0.009120306,0.011099083,0.013481544,0.01743172,0.025134964,0.0011087568,2023-06-16,2023-06-09,-0.0063128088774829,0.007421565632030258,0.007421565632030258,5.507963643053268e-05,0,1,0.024936974
r6_plus_gdelt_fed_recession,23,1,-0.02375932,-0.015276611,-0.011155632,-0.008583526,-0.006615243,-0.0049949666,-0.0035692607,-0.002281203,-0.0010307439,0.00010696601,0.0012769613,0.00246759,0.003644909,0.004775233,0.006082919,0.007472919,0.009028424,0.010852813,0.013029863,0.016582716,0.02376408,0.0012769613,2023-06-20,2023-06-16,-0.0014325067080124,0.0027094680029465536,0.0027094680029465536,7.341216858991185e-06,0,1,0.024185495
r6_plus_gdelt_fed_recession,23,2,-0.024015585,-0.015300215,-0.011125273,-0.008493922,-0.0064770463,-0.0048281983,-0.0033493668,-0.002053384,-0.0007740051,0.00038198533,0.0015760715,0.0027829856,0.0039811395,0.0051388084,0.006479044,0.007910434,0.009512138,0.011394614,0.013579153,0.017178971,0.024304569,0.0015760715,2023-06-21,2023-06-16,-0.0137214581073898,0.015297529596060806,0.015297529596060806,0.00023401441174235627,0,0,0.024704427
r6_plus_gdelt_fed_recession,23,3,-0.023950666,-0.015306261,-0.0111005725,-0.008457256,-0.0064477674,-0.004780548,-0.0032913773,-0.0019811222,-0.0007331277,0.0004138487,0.0016133167,0.0028120046,0.0040145474,0.005180821,0.006534072,0.008008624,0.009651623,0.011604851,0.013897749,0.017596958,0.02495589,0.0016133167,2023-06-22,2023-06-16,0.011729675160402,-0.010116358452157616,0.010116358452157616,0.00010234070833254083,1,1,0.024998322
r6_plus_gdelt_fed_recession,23,4,-0.023252308,-0.014506128,-0.010238521,-0.007545555,-0.005497384,-0.0038261295,-0.0023139354,-0.0010151626,0.00021608843,0.0013324982,0.0024746053,0.0036260053,0.0047572954,0.005875432,0.007125175,0.008496359,0.010039064,0.0118443,0.013956224,0.017416418,0.024422761,0.0024746053,2023-06-23,2023-06-16,-0.0099627606043514,0.012437365942999361,0.012437365942999361,0.0001546880716000804,0,1,0.024194743
r6_plus_gdelt_fed_recession,23,5,-0.022651605,-0.014485356,-0.010506354,-0.008009457,-0.0060854936,-0.0044792723,-0.0030419424,-0.0017613809,-0.00052513764,0.00061343994,0.0017838039,0.0029514194,0.004114121,0.005229194,0.006522202,0.007926901,0.0095023755,0.011368135,0.01360013,0.017212117,0.024468213,0.0017838039,2023-06-26,2023-06-16,-0.0134962083103563,0.015280012230617862,0.015280012230617862,0.00023347877376783145,0,0,0.024106484
r6_plus_gdelt_fed_recession,24,1,-0.023636423,-0.015503323,-0.011462581,-0.008832972,-0.006781394,-0.0050677215,-0.0035541046,-0.0021868865,-0.00087266765,0.0003251836,0.0015424989,0.0027819944,0.0040170075,0.0052119484,0.006602099,0.008084884,0.009760071,0.011732222,0.014097558,0.017908601,0.025380878,0.0015424989,2023-06-27,2023-06-26,0.0170480945144602,-0.015505595574789578,0.015505595574789578,0.00024042349412893414,1,0,0.02556014
r6_plus_gdelt_fed_recession,24,2,-0.023502147,-0.015436213,-0.011456,-0.008841337,-0.0067838845,-0.0050685173,-0.0035103927,-0.0021316982,-0.0007700734,0.0004647159,0.0017222301,0.002993187,0.004261327,0.0054904018,0.006911564,0.008434346,0.010133305,0.012135095,0.014459718,0.01830768,0.025762295,0.0017222301,2023-06-28,2023-06-26,0.0019496425274241,-0.00022741241710663132,0.00022741241710663132,5.1716407454280464e-08,1,1,0.025915718
r6_plus_gdelt_fed_recession,24,3,-0.023392124,-0.015334546,-0.01134977,-0.008729445,-0.006685234,-0.0049614534,-0.0034090725,-0.002033115,-0.00072783383,0.0004637468,0.0016785151,0.0028971073,0.004123284,0.005319022,0.0067070914,0.008228845,0.009939072,0.011993825,0.0144198015,0.01836686,0.02594807,0.0016785151,2023-06-29,2023-06-26,-0.0020047757929046,0.003683290902138158,0.003683290902138158,1.3566631869773727e-05,0,1,0.025769573
r6_plus_gdelt_fed_recession,24,4,-0.023820315,-0.015653115,-0.011565647,-0.008886677,-0.0068131783,-0.005102359,-0.0035399098,-0.0021788024,-0.0008762585,0.000313382,0.0015198938,0.002741742,0.0039579403,0.0051664165,0.006527572,0.008019752,0.009700057,0.011671465,0.013991875,0.017803634,0.025119297,0.0015198938,2023-06-30,2023-06-26,0.0153026439258629,-0.013782750164138666,0.013782750164138666,0.00018996420208706443,1,0,0.025557522
r6_plus_gdelt_fed_recession,24,5,-0.023738414,-0.015879361,-0.011906389,-0.009306044,-0.007277766,-0.005566778,-0.004035467,-0.0026540183,-0.0013209576,-0.00010014881,0.001151044,0.0024009037,0.003662293,0.0048732036,0.0062747477,0.0077913245,0.009487993,0.011487276,0.013887567,0.017780647,0.025357189,0.001151044,2023-07-03,2023-06-26,0.0023520286544612,-0.0012009846163368175,0.0012009846163368175,1.4423640486776928e-06,1,1,0.025793957
r6_plus_gdelt_fed_recession,25,1,-0.022429455,-0.014457441,-0.010530078,-0.008121786,-0.0063068406,-0.004844815,-0.0035895717,-0.0024812985,-0.0014141937,-0.00045161392,0.0005383916,0.0015568797,0.0025797489,0.003580104,0.0047470573,0.0060192407,0.0074608875,0.009186997,0.011278453,0.014815917,0.022190545,0.0005383916,2023-07-05,2023-07-03,-2.6749910601002063e-05,0.0005651414955971362,0.0005651414955971362,3.1938491004576785e-07,0,1,0.021808531
r6_plus_gdelt_fed_recession,25,2,-0.022398163,-0.014379126,-0.010444102,-0.008003336,-0.006157616,-0.004671081,-0.0033665178,-0.0022475168,-0.0011476583,-0.00017176721,0.0008359554,0.0018590367,0.0028734948,0.003876682,0.0050498145,0.006318412,0.0077609965,0.009496629,0.011565637,0.015071186,0.02227745,0.0008359554,2023-07-06,2023-07-03,-0.0076450088604561,0.008480964236261598,0.008480964236261598,7.192675437674826e-05,0,1,0.022009738
r6_plus_gdelt_fed_recession,25,3,-0.022810718,-0.014497823,-0.01045491,-0.007965109,-0.006106644,-0.004591715,-0.0032641853,-0.0021191125,-0.0010325087,-3.4436074e-05,0.001006106,0.0020521341,0.0030909504,0.004107895,0.005284623,0.006562825,0.0079959575,0.009734236,0.011810436,0.015287652,0.022615163,0.001006106,2023-07-07,2023-07-03,-0.0033255356303529,0.004331641661480174,0.004331641661480174,1.8763119483470725e-05,0,1,0.022265345
r6_plus_gdelt_fed_recession,25,4,-0.023188923,-0.014778908,-0.010639271,-0.008065456,-0.0061414875,-0.004601416,-0.00322589,-0.002062573,-0.00095139514,5.8418867e-05,0.0010948005,0.0021485083,0.0031868916,0.0042327866,0.0054090084,0.0067168097,0.008208166,0.009991427,0.012108533,0.015678154,0.022995586,0.0010948005,2023-07-10,2023-07-03,0.0003273731723106,0.0007674273642101792,0.0007674273642101792,5.889447593385829e-07,1,1,0.022747803
r6_plus_gdelt_fed_recession,25,5,-0.022576496,-0.014499622,-0.010504476,-0.008018812,-0.006139921,-0.0046007023,-0.0032482955,-0.0020587533,-0.0009163738,0.00013027398,0.001214375,0.0023011905,0.0033864342,0.0044347015,0.005659065,0.0070072543,0.008534277,0.01039146,0.012643739,0.016392853,0.024106205,0.001214375,2023-07-11,2023-07-03,0.0049285637019557,-0.003714188681019568,0.003714188681019568,1.379519755821388e-05,1,1,0.023148214
r6_plus_gdelt_fed_recession,26,1,-0.020196142,-0.012684214,-0.009293311,-0.0072032944,-0.0055976817,-0.0042839027,-0.0031506128,-0.0021308698,-0.0011400353,-0.00025299087,0.0006600097,0.0015976243,0.0025198874,0.0034026643,0.004426359,0.005528049,0.0067732115,0.008273581,0.010108509,0.013171455,0.019178696,0.0006600097,2023-07-12,2023-07-11,0.0125509115297961,-0.011890901847617603,0.011890901847617603,0.00014139354674967575,1,0,0.01940182
r6_plus_gdelt_fed_recession,26,2,-0.020607943,-0.012955901,-0.009496746,-0.007319841,-0.005633708,-0.004257322,-0.0030315751,-0.0019611986,-0.00091145927,2.8259303e-05,0.0010058483,0.0019872603,0.0029610146,0.0039039932,0.0049994024,0.006167384,0.007478853,0.009064516,0.0109384395,0.014061029,0.020114835,0.0010058483,2023-07-13,2023-07-11,0.0168359401762764,-0.01583009188867165,0.01583009188867165,0.000250591809203788,1,0,0.020435184
r6_plus_gdelt_fed_recession,26,3,-0.022976264,-0.014956578,-0.011371957,-0.009136184,-0.0074290717,-0.0060088476,-0.0047310228,-0.0035946683,-0.0025019576,-0.0014943937,-0.00042468624,0.00064254674,0.001709181,0.0027413694,0.0039337166,0.0052201916,0.00666268,0.00840528,0.010492513,0.013875971,0.020247256,-0.00042468624,2023-07-14,2023-07-11,-0.0002109015467391,-0.00021378469049924753,0.00021378469049924753,4.5703893891859055e-08,1,1,0.02186447
r6_plus_gdelt_fed_recession,26,4,-0.023509849,-0.015246487,-0.0115083335,-0.00915729,-0.0073510204,-0.0058624134,-0.004488469,-0.003278555,-0.0020979836,-0.0009868555,0.00017454897,0.0013273279,0.0024493516,0.0035675876,0.0048104394,0.0061548264,0.0076807896,0.009482775,0.011612939,0.015075199,0.02152506,0.00017454897,2023-07-17,2023-07-11,0.0092953861151,-0.00912083714340045,0.00912083714340045,8.318967019643327e-05,1,1,0.023121271
r6_plus_gdelt_fed_recession,26,5,-0.022623485,-0.014474056,-0.010716287,-0.008354566,-0.0065238015,-0.0049826405,-0.0036021513,-0.002345039,-0.0011101782,4.9060684e-05,0.001260693,0.0024707927,0.003650521,0.0047741383,0.0060439934,0.0074060904,0.008948165,0.010793881,0.013009658,0.016610116,0.023509713,0.001260693,2023-07-18,2023-07-11,0.0081472340462976,-0.006886541094096829,0.006886541094096829,4.742444824068435e-05,1,1,0.023725946
r6_plus_gdelt_fed_recession,27,1,-0.021299724,-0.014023099,-0.010616769,-0.008451695,-0.006757891,-0.005369149,-0.004167054,-0.0030895078,-0.0020472705,-0.0011132681,-0.0001564659,0.00082418113,0.001803001,0.0027566124,0.0038750381,0.0050899256,0.0064668176,0.008110454,0.010090955,0.013341969,0.019735888,-0.0001564659,2023-07-19,2023-07-18,-0.0002332234596016,7.675755632781639e-05,7.675755632781639e-05,5.891722453417905e-09,1,1,0.020707723
r6_plus_gdelt_fed_recession,27,2,-0.020778071,-0.013328982,-0.009854689,-0.007635625,-0.0058890274,-0.0044549364,-0.0031701603,-0.0020531416,-0.00094828295,3.2045005e-05,0.001043896,0.0020667738,0.0030730069,0.004055366,0.0051894067,0.006396549,0.0077465465,0.009351162,0.011224856,0.014299827,0.020346502,0.001043896,2023-07-20,2023-07-18,-0.0233218944619509,0.02436579041994238,0.02436579041994238,0.000593691742788556,0,0,0.021079544
r6_plus_gdelt_fed_recession,27,3,-0.021175582,-0.013390276,-0.009772122,-0.007467151,-0.0056863995,-0.004202025,-0.0028796764,-0.0017237337,-0.00062426744,0.00037926598,0.001423027,0.0024685801,0.0035073138,0.0045168344,0.005671533,0.006920529,0.008294595,0.009935787,0.011848587,0.01490745,0.02097469,0.001423027,2023-07-21,2023-07-18,-0.0030036478442139,0.0044266748613677,0.0044266748613677,1.959545032826474e-05,0,1,0.02162071
r6_plus_gdelt_fed_recession,27,4,-0.021869117,-0.013953818,-0.010196336,-0.0077858777,-0.0059299404,-0.004415397,-0.0030378143,-0.001851617,-0.00071153295,0.0003272193,0.0013934101,0.0024696293,0.0035163725,0.0045607192,0.005723045,0.0069932407,0.008421391,0.010101453,0.01204563,0.015191929,0.021312488,0.0013934101,2023-07-24,2023-07-18,0.001595926555765,-0.00020251641139122536,0.00020251641139122536,4.101289688278003e-08,1,1,0.022241965
r6_plus_gdelt_fed_recession,27,5,-0.021598427,-0.013992353,-0.0103147505,-0.007962275,-0.0061328816,-0.0046045384,-0.0032383238,-0.0020173911,-0.0008371913,0.00024815416,0.0013687256,0.0024893042,0.0035956975,0.004653292,0.0058679627,0.0071803536,0.008643239,0.010380446,0.012433475,0.015722286,0.022224283,0.0013687256,2023-07-25,2023-07-18,0.0067548667537705,-0.005386141197821587,0.005386141197821587,2.901051700287096e-05,1,1,0.022748224
r6_plus_gdelt_fed_recession,28,1,-0.021770883,-0.013386109,-0.009320467,-0.0068334597,-0.00499431,-0.0035171874,-0.00226289,-0.0011675756,-0.00014166147,0.0007737911,0.001687278,0.0026137126,0.0035534913,0.004480913,0.005583927,0.00677778,0.008152439,0.009797768,0.011806512,0.015149675,0.022041943,0.001687278,2023-07-26,2023-07-25,-0.0033320030631799,0.005019281102933338,0.005019281102933338,2.5193182790263703e-05,0,1,0.021126978
r6_plus_gdelt_fed_recession,28,2,-0.022838378,-0.014403797,-0.010296603,-0.00775698,-0.00586171,-0.004333216,-0.0029864681,-0.0018218523,-0.0006936032,0.00030827918,0.0013258692,0.0023481622,0.0033832476,0.004401483,0.005598132,0.0068904306,0.008348151,0.010086565,0.012127216,0.015591049,0.022621486,0.0013258692,2023-07-27,2023-07-25,-0.0023868178677164,0.003712687101995198,0.003712687101995198,1.3784045517321502e-05,0,1,0.022423819
r6_plus_gdelt_fed_recession,28,3,-0.023912966,-0.015196806,-0.011016827,-0.008447041,-0.006543767,-0.0049911784,-0.0036296996,-0.0024452242,-0.0013261718,-0.00029929526,0.00075036485,0.0017998343,0.0028680398,0.003921795,0.0051543633,0.006502622,0.008025076,0.009855143,0.012031282,0.015681945,0.023028765,0.00075036485,2023-07-28,2023-07-25,0.0180508396179979,-0.017300474765860035,0.017300474765860035,0.0002993064271241598,1,0,0.02304811
r6_plus_gdelt_fed_recession,28,4,-0.024226705,-0.015308122,-0.010969653,-0.008284813,-0.006306349,-0.004724393,-0.003319562,-0.0021237812,-0.0009952779,2.6203437e-05,0.0010564554,0.0021037646,0.0031575952,0.0042212154,0.0054380135,0.0067917607,0.008335224,0.010171688,0.012348962,0.016000519,0.023171166,0.0010564554,2023-07-31,2023-07-25,0.000521392842211,0.0005350625827757797,0.0005350625827757797,2.862919674866881e-07,1,1,0.023318615
r6_plus_gdelt_fed_recession,28,5,-0.024163239,-0.015479948,-0.011242092,-0.008618836,-0.0066670463,-0.005070719,-0.0036759172,-0.0024464356,-0.0012747335,-0.00019887296,0.0008973676,0.0020017582,0.0031289917,0.004232156,0.005528468,0.0069533894,0.008573982,0.010518854,0.0128744785,0.016754387,0.024413202,0.0008973676,2023-08-01,2023-07-25,-0.0023224135397624,0.0032197811410452945,0.0032197811410452945,1.0366990596230939e-05,0,1,0.02411657
r6_plus_gdelt_fed_recession,29,1,-0.023357365,-0.014564905,-0.010548053,-0.008052714,-0.006139272,-0.0045629423,-0.003188227,-0.0019448402,-0.00073436607,0.00035355473,0.0014833248,0.0026314668,0.0037619837,0.004850428,0.0061158347,0.007459861,0.008964694,0.010734201,0.012842484,0.01624003,0.0228729,0.0014833248,2023-08-02,2023-08-01,-0.0221886192819113,0.023671944080666647,0.023671944080666647,0.0005603609365582087,0,0,0.023390537
r6_plus_gdelt_fed_recession,29,2,-0.023960352,-0.014877323,-0.010727521,-0.008116986,-0.0061052567,-0.004451737,-0.0029752124,-0.00167331,-0.0003817345,0.0007796776,0.0019914247,0.0032000893,0.004409233,0.005564617,0.0068951785,0.008314475,0.009881197,0.011728814,0.013860133,0.017317198,0.024134157,0.0019914247,2023-08-03,2023-08-01,-0.0016038595662548,0.003595284275813287,0.003595284275813287,1.2926069023910271e-05,0,1,0.024587654
r6_plus_gdelt_fed_recession,29,3,-0.025234058,-0.01612919,-0.011975816,-0.009376079,-0.0073821675,-0.0057061957,-0.0042003635,-0.0028566578,-0.0015692883,-0.00037621876,0.00088075583,0.002133788,0.0033866481,0.0045899968,0.005968386,0.007456995,0.009098676,0.011054733,0.013351665,0.017024927,0.02419592,0.00088075583,2023-08-04,2023-08-01,-0.0046927748078882,0.005573530641238322,0.005573530641238322,3.106424380882246e-05,0,1,0.025327481
r6_plus_gdelt_fed_recession,29,4,-0.025875228,-0.016872104,-0.012813394,-0.010236402,-0.0082440805,-0.0065801768,-0.005035676,-0.0036712652,-0.0023359056,-0.0010903626,0.0002034902,0.001501668,0.002765786,0.0040228525,0.0054201325,0.0069347587,0.008627815,0.010598224,0.012900227,0.016633583,0.023767807,0.0002034902,2023-08-07,2023-08-01,0.0084313684432052,-0.008227878244149677,0.008227878244149677,6.769798040055158e-05,1,1,0.02571362
r6_plus_gdelt_fed_recession,29,5,-0.026045796,-0.01693951,-0.012747078,-0.010135357,-0.008121403,-0.006440283,-0.004940037,-0.0035782356,-0.002249113,-0.0009921874,0.00031232985,0.0016374481,0.0029524204,0.004217179,0.0056648445,0.0072245537,0.008969297,0.011022289,0.013440715,0.017249377,0.024670249,0.00031232985,2023-08-08,2023-08-01,-0.0085387037068401,0.008851033558862331,0.008851033558862331,7.834079506010717e-05,0,1,0.026187792
r6_plus_gdelt_fed_recession,30,1,-0.026498185,-0.017487692,-0.013576429,-0.011180858,-0.0094230855,-0.008021899,-0.0068477574,-0.005808468,-0.00482235,-0.0039369785,-0.0030366215,-0.002136493,-0.0012205191,-0.00031411485,0.0007757041,0.0019682914,0.0033653367,0.005092791,0.007248172,0.010965472,0.01859888,-0.0030366215,2023-08-09,2023-08-08,-0.0110554963224507,0.008018874830094638,0.008018874830094638,6.430235354072531e-05,1,1,0.020824602
r6_plus_gdelt_fed_recession,30,2,-0.024586547,-0.015543618,-0.0115249185,-0.009040127,-0.007171914,-0.005677057,-0.00436629,-0.0032233533,-0.0021223626,-0.0011323958,-0.000100720805,0.0009285167,0.0019740718,0.0029960237,0.0041943155,0.0054937564,0.0070250523,0.008907918,0.011207751,0.015266604,0.023467802,-0.000100720805,2023-08-10,2023-08-08,0.0018464159928446,-0.0019471367976113519,0.0019471367976113519,3.7913417086121906e-06,0,1,0.02273267
r6_plus_gdelt_fed_recession,30,3,-0.0269182,-0.01746446,-0.013322955,-0.010788453,-0.008909292,-0.007384269,-0.00604837,-0.0048732795,-0.0037731454,-0.0027655351,-0.0017028997,-0.0006469997,0.00043203018,0.0014810564,0.0027205774,0.0040835147,0.005667428,0.0076246564,0.010061805,0.014269345,0.022750542,-0.0017028997,2023-08-11,2023-08-08,-0.0063958634790211,0.004692963783647028,0.004692963783647028,2.202390907462263e-05,1,1,0.023384761
r6_plus_gdelt_fed_recession,30,4,-0.028132997,-0.018362034,-0.014018748,-0.011330431,-0.009340501,-0.0077584544,-0.006335878,-0.005121556,-0.0039633824,-0.0029028116,-0.0017869371,-0.00065930735,0.00046392775,0.0016098478,0.0029024843,0.0043476517,0.006062497,0.008174376,0.010821634,0.015428457,0.024363188,-0.0017869371,2023-08-14,2023-08-08,0.0111595394982643,-0.012946476620497511,0.012946476620497511,0.00016761125688508866,0,0,0.024840381
r6_plus_gdelt_fed_recession,30,5,-0.026753172,-0.017303677,-0.012961431,-0.010264404,-0.00823313,-0.006574678,-0.0051306933,-0.003841959,-0.002609365,-0.0014589692,-0.00027544016,0.00092858134,0.0021407634,0.003334167,0.0047243433,0.0062466622,0.00802649,0.010222222,0.013012415,0.017863095,0.02741821,-0.00027544016,2023-08-15,2023-08-08,-0.0106682657008915,0.01039282553604979,0.01039282553604979,0.00010801082262276859,1,1,0.025973845
r6_plus_gdelt_fed_recession,31,1,-0.022391858,-0.013959568,-0.010037165,-0.007632082,-0.0058285226,-0.004375123,-0.0031436174,-0.002050358,-0.0010014229,-6.830843e-05,0.00089059107,0.0018679013,0.0028359017,0.003763536,0.0048453044,0.0060244985,0.007371483,0.009009105,0.011033332,0.014491935,0.021928847,0.00089059107,2023-08-16,2023-08-15,-0.0106454049149103,0.011535995980309648,0.011535995980309648,0.00013307920325772037,0,0,0.021070497
r6_plus_gdelt_fed_recession,31,2,-0.025067233,-0.01630739,-0.012337758,-0.009915227,-0.008100271,-0.0066427924,-0.005363338,-0.0042514713,-0.0031544338,-0.002176667,-0.0011502722,-0.00012454018,0.0008994364,0.0019094456,0.0031087382,0.0044176704,0.005952814,0.007821523,0.010079589,0.013909925,0.021651559,-0.0011502722,2023-08-17,2023-08-15,-0.0109830747314802,0.00983280252693953,0.00983280252693953,9.66840055337884e-05,1,1,0.022417348
r6_plus_gdelt_fed_recession,31,3,-0.0243477,-0.015374106,-0.0112747885,-0.008736345,-0.0068138717,-0.005227308,-0.003832144,-0.00259779,-0.0014283553,-0.00035076417,0.0007745343,0.001902906,0.0030196123,0.004093156,0.005335117,0.0066894037,0.008230402,0.010097483,0.012345101,0.016093845,0.02410053,0.0007745343,2023-08-18,2023-08-15,-0.0012557773095976,0.0020303116123612406,0.0020303116123612406,4.1221652432889e-06,0,1,0.02361989
r6_plus_gdelt_fed_recession,31,4,-0.025063856,-0.016186433,-0.012071452,-0.009500141,-0.007578129,-0.0060284403,-0.0046367934,-0.0034419843,-0.0022925043,-0.0012336166,-0.00014173132,0.0009655998,0.0020533076,0.0031485292,0.004378211,0.0057314006,0.007293507,0.009169987,0.011428515,0.01527463,0.023114828,-0.00014173132,2023-08-21,2023-08-15,0.0159831687795263,-0.016124900097379855,0.016124900097379855,0.0002600124031504809,0,0,0.023499968
r6_plus_gdelt_fed_recession,31,5,-0.024006682,-0.015479905,-0.011464189,-0.008981729,-0.0071057044,-0.005569199,-0.004221543,-0.0030274538,-0.0018840018,-0.00082757627,0.00026095795,0.0013591872,0.002459131,0.0035306492,0.004781539,0.0061564976,0.007728046,0.009643088,0.011997636,0.015947204,0.024032112,0.00026095795,2023-08-22,2023-08-15,-0.0014299050643682,0.0016908630176554885,0.0016908630176554885,2.859017744475025e-06,0,1,0.023461826
r6_plus_gdelt_fed_recession,32,1,-0.016785843,-0.010110179,-0.00708955,-0.005187285,-0.0037139817,-0.0025061546,-0.0014737435,-0.00054343,0.00035095174,0.001136118,0.0019444221,0.002756242,0.0035543554,0.0043275515,0.005234199,0.006212246,0.007329286,0.0086818775,0.010345221,0.013141172,0.01887852,0.0019444221,2023-08-23,2023-08-22,0.0156453750178487,-0.013700952878062517,0.013700952878062517,0.00018771610976688958,1,0,0.01743477
r6_plus_gdelt_fed_recession,32,2,-0.018566826,-0.011549387,-0.008347945,-0.0063308706,-0.004762394,-0.0034897188,-0.0023597782,-0.0013771763,-0.00041020295,0.00043904223,0.0013230632,0.0022081095,0.0030863364,0.003943753,0.0049383,0.00600508,0.0072175367,0.008678009,0.010392687,0.013285406,0.019055922,0.0013230632,2023-08-24,2023-08-22,-0.021607367593535,0.022930430752896483,0.022930430752896483,0.0005258046545133807,0,0,0.018740632
r6_plus_gdelt_fed_recession,32,3,-0.019977579,-0.012744624,-0.009561194,-0.00758469,-0.0060639875,-0.004801813,-0.003667844,-0.0026636529,-0.0016981523,-0.0008177152,0.000119917066,0.0010534226,0.001989333,0.0029021902,0.003957792,0.0051050484,0.006395364,0.007955361,0.009818342,0.012873295,0.018900221,0.000119917066,2023-08-25,2023-08-22,0.0077213756064449,-0.007601458540841242,0.007601458540841242,5.778217194812826e-05,1,1,0.019379536
r6_plus_gdelt_fed_recession,32,4,-0.020497547,-0.013208402,-0.009906989,-0.007821254,-0.006226315,-0.004926232,-0.0037399589,-0.0027225395,-0.0017389749,-0.000835434,0.00010575947,0.0010579169,0.0019852594,0.0029331273,0.003993293,0.005159406,0.006504041,0.008117995,0.010039608,0.013234639,0.019333465,0.00010575947,2023-08-28,2023-08-22,0.0074991678284883,-0.0073934083575901074,0.0073934083575901074,5.466248714208325e-05,1,1,0.019946598
r6_plus_gdelt_fed_recession,32,5,-0.02019602,-0.013097388,-0.009831427,-0.007774073,-0.006167249,-0.0048305094,-0.0036454212,-0.0025754233,-0.0015396664,-0.0005768876,0.00042044005,0.0014265035,0.0024197444,0.0033851438,0.004497549,0.00569955,0.00707575,0.008727391,0.01071741,0.013962559,0.020299606,0.00042044005,2023-08-29,2023-08-22,0.0216047048707227,-0.02118426482414033,0.02118426482414033,0.00044877307613930934,1,0,0.020548835
r6_plus_gdelt_fed_recession,33,1,-0.024934664,-0.015135302,-0.01051021,-0.0076467576,-0.0054879272,-0.0037120797,-0.002168196,-0.0007591237,0.000625077,0.0018888137,0.0032015687,0.0045232167,0.005812295,0.0070607406,0.008489782,0.009997446,0.011690717,0.013660751,0.015979443,0.019603837,0.026487926,0.0032015687,2023-08-30,2023-08-29,0.0055611096663493,-0.00235954093431116,0.00235954093431116,5.567433420689982e-06,1,1,0.026489653
r6_plus_gdelt_fed_recession,33,2,-0.024895258,-0.015441169,-0.011038396,-0.008308285,-0.00623345,-0.004538415,-0.0030109477,-0.001648211,-0.0002778736,0.0009660673,0.002268262,0.0035721443,0.0048547736,0.0060965978,0.0075000343,0.008980789,0.0106328055,0.012548915,0.014714001,0.018221673,0.024730334,0.002268262,2023-08-31,2023-08-29,0.0029940241883801,-0.0007257622137026563,0.0007257622137026563,5.267307908385802e-07,1,1,0.025752395
r6_plus_gdelt_fed_recession,33,3,-0.025736032,-0.016101763,-0.011693207,-0.008993633,-0.006966862,-0.0052857283,-0.0037709195,-0.0024145986,-0.0011034393,0.00011904441,0.0014168405,0.002714486,0.0039997157,0.005249655,0.0066505685,0.008141056,0.009801038,0.011732758,0.013969681,0.017540796,0.024232147,0.0014168405,2023-09-01,2023-08-29,-0.0010586031472088,0.0024754436213300724,0.0024754436213300724,6.1278211223837425e-06,0,1,0.025662888
r6_plus_gdelt_fed_recession,33,4,-0.026162436,-0.016535394,-0.012070816,-0.009315667,-0.007249374,-0.0055495244,-0.003990565,-0.002623649,-0.0012882833,-3.553342e-05,0.0012561486,0.0025622575,0.0038248552,0.005091563,0.006481622,0.007975365,0.0096588805,0.011601533,0.013851654,0.01748611,0.024305137,0.0012561486,2023-09-05,2023-08-29,0.0012704357526035,-1.4287188905565866e-05,1.4287188905565866e-05,2.0412376682332438e-10,1,1,0.02592247
r6_plus_gdelt_fed_recession,33,5,-0.025957314,-0.016649194,-0.012281209,-0.009612804,-0.007576913,-0.0058861044,-0.004390644,-0.0030391833,-0.0017221313,-0.00048580847,0.0008011755,0.0020929945,0.0033773282,0.00461182,0.00603124,0.007543705,0.009253123,0.01126054,0.013668564,0.017488344,0.024666425,0.0008011755,2023-09-06,2023-08-29,-0.0088471703969042,0.009648345880406648,0.009648345880406648,9.309057822795993e-05,0,1,0.025949772
r6_plus_gdelt_fed_recession,34,1,-0.022806393,-0.01460208,-0.010544599,-0.008035336,-0.0061583137,-0.004639498,-0.0033454667,-0.0022092334,-0.0011314707,-0.00016786763,0.00080204156,0.0017924991,0.0027983575,0.0037788865,0.004935925,0.0062049082,0.00766221,0.009424841,0.011595384,0.01533395,0.022830185,0.00080204156,2023-09-07,2023-09-06,-0.0071771395992647,0.007979181154553878,0.007979181154553878,6.366733189718776e-05,0,1,0.022139983
r6_plus_gdelt_fed_recession,34,2,-0.02357603,-0.015253232,-0.011162775,-0.008608515,-0.0066892984,-0.005136523,-0.003769037,-0.0025963685,-0.001461484,-0.00046160174,0.00055826595,0.0015904997,0.0026363577,0.0036727355,0.004904998,0.0062641166,0.00782645,0.00972601,0.012008196,0.015923213,0.023506606,0.00055826595,2023-09-08,2023-09-06,0.0013965694170855,-0.0008383034665547327,0.0008383034665547327,7.027527020376818e-07,1,1,0.02317097
r6_plus_gdelt_fed_recession,34,3,-0.024349108,-0.015780838,-0.011528852,-0.008872832,-0.0068785306,-0.005242826,-0.0038099783,-0.0025666277,-0.0013977152,-0.00033239747,0.00075481756,0.0018500254,0.002966246,0.00405931,0.005353666,0.0067989617,0.008444682,0.010452468,0.012855081,0.016890887,0.024673784,0.00075481756,2023-09-11,2023-09-06,0.0117140049677535,-0.01095918740417874,0.01095918740417874,0.00012010378855990994,1,1,0.024383932
r6_plus_gdelt_fed_recession,34,4,-0.024944812,-0.01616134,-0.011803104,-0.009063275,-0.0070167794,-0.005371241,-0.003898629,-0.0026415666,-0.0014462431,-0.00035406122,0.0007693296,0.0019100105,0.0030602578,0.0042038406,0.00550557,0.006964514,0.008643998,0.0106743025,0.013102708,0.017215118,0.02495403,0.0007693296,2023-09-12,2023-09-06,-0.0111505421770686,0.011919871783624003,0.011919871783624003,0.00014208334333803567,0,1,0.024905812
r6_plus_gdelt_fed_recession,34,5,-0.024696179,-0.016112689,-0.0118395435,-0.009165049,-0.007155996,-0.005509248,-0.004063543,-0.0027913118,-0.001570057,-0.00044434174,0.0007052138,0.001859833,0.00302461,0.004154659,0.005485312,0.006971279,0.008667695,0.010739801,0.013276769,0.017524136,0.025512254,0.0007052138,2023-09-13,2023-09-06,0.003801875337276,-0.0030966615274244428,0.0030966615274244428,9.589312615430683e-06,1,1,0.025116313
r6_plus_gdelt_fed_recession,35,1,-0.019173158,-0.012217204,-0.009021191,-0.0070605013,-0.005578482,-0.0043852543,-0.0033730005,-0.0024756656,-0.001615395,-0.00084435026,-6.472174e-05,0.0007321143,0.0015366969,0.0023284962,0.003276942,0.004320929,0.0055364217,0.007017312,0.008861959,0.011962788,0.018097434,-6.472174e-05,2023-09-14,2023-09-13,0.0081439473666954,-0.008208669105149355,0.008208669105149355,6.738224847783351e-05,0,1,0.01788315
r6_plus_gdelt_fed_recession,35,2,-0.01894848,-0.011886461,-0.008603683,-0.0065463176,-0.004970991,-0.0036953946,-0.0025588577,-0.0015763524,-0.0006081275,0.0002543495,0.0011400671,0.002027655,0.0029079653,0.0037833236,0.004811434,0.005930264,0.007222276,0.008798006,0.01068851,0.0138673745,0.0200872,0.0011400671,2023-09-15,2023-09-13,-0.0172713450484119,0.0184114121694259,0.0184114121694259,0.00033898009807248406,0,0,0.019292193
r6_plus_gdelt_fed_recession,35,3,-0.019847665,-0.012309701,-0.008837293,-0.006657387,-0.0049905237,-0.0036117178,-0.0023957302,-0.0013258698,-0.00031049093,0.0006252599,0.0015904849,0.002560034,0.0035276443,0.0044688713,0.0055525987,0.006749329,0.0081045935,0.0097465385,0.011715662,0.014982405,0.021388346,0.0015904849,2023-09-18,2023-09-13,0.0010419800872549,0.0005485047824114976,0.0005485047824114976,3.008574963282843e-07,1,1,0.020552956
r6_plus_gdelt_fed_recession,35,4,-0.021033986,-0.013337244,-0.009670081,-0.0073345485,-0.005562868,-0.0041347616,-0.0028464445,-0.0017320588,-0.00065837696,0.00032982926,0.0013457049,0.0023669808,0.0033695048,0.0043698284,0.0054855775,0.006720685,0.008126505,0.009812867,0.011819064,0.015171941,0.021664908,0.0013457049,2023-09-19,2023-09-13,-0.0021335824115804,0.003479287303299324,0.003479287303299324,1.2105440138899883e-05,0,1,0.021489143
r6_plus_gdelt_fed_recession,35,5,-0.021720203,-0.014163486,-0.01057107,-0.008319916,-0.0066089984,-0.0052063703,-0.0039684754,-0.0028601098,-0.0017839106,-0.00078006386,0.0002679031,0.0013243818,0.0023861122,0.0034121776,0.0046183006,0.005939362,0.00744508,0.009270705,0.011511092,0.015200122,0.02223938,0.0002679031,2023-09-20,2023-09-13,-0.0145151657423048,0.01478306882996547,0.01478306882996547,0.00021853912403149662,0,0,0.022082161
r6_plus_gdelt_fed_recession,36,1,-0.021206658,-0.014229756,-0.011062116,-0.009064821,-0.007522938,-0.006259222,-0.0051780683,-0.0041924124,-0.0032410854,-0.0023935735,-0.0015069055,-0.00061480544,0.00027852567,0.0011534686,0.0021861582,0.0032936032,0.004553894,0.006069906,0.007888171,0.01085063,0.01646077,-0.0015069055,2023-09-21,2023-09-20,-0.0184944984894994,0.016987592952400755,0.016987592952400755,0.0002885783143164558,1,0,0.018950287
r6_plus_gdelt_fed_recession,36,2,-0.019385686,-0.012216944,-0.008884087,-0.006747341,-0.0050771683,-0.0037032876,-0.0024709457,-0.0013829395,-0.00031032035,0.0006465004,0.0016443431,0.0026388622,0.0036283652,0.004588014,0.005689971,0.0068712193,0.008207759,0.009808616,0.011664557,0.014710678,0.020368762,0.0016443431,2023-09-22,2023-09-20,0.0001396564678419,0.001504686669899189,0.001504686669899189,2.2640819745723106e-06,1,1,0.020548645
r6_plus_gdelt_fed_recession,36,3,-0.019011768,-0.011633431,-0.008190516,-0.0059871296,-0.004276385,-0.0028400335,-0.0015522502,-0.00040966662,0.00066804304,0.0016405876,0.002655001,0.0036499882,0.004656019,0.005629801,0.006757901,0.008003094,0.009400294,0.0110872025,0.013091877,0.016253777,0.02213518,0.002655001,2023-09-25,2023-09-20,0.0047386490510759,-0.0020836481595394255,0.0020836481595394255,4.341589652752035e-06,1,1,0.021282393
r6_plus_gdelt_fed_recession,36,4,-0.019352576,-0.0121204965,-0.008714231,-0.006511547,-0.0047930554,-0.0033731738,-0.0020578678,-0.00091457996,0.00019106278,0.0012103373,0.0022665358,0.003310216,0.0043240325,0.005344657,0.006471736,0.007702895,0.0090927845,0.010743112,0.0126808,0.015831599,0.021681726,0.0022665358,2023-09-26,2023-09-20,-0.0151302101202984,0.017396745888583795,0.017396745888583795,0.00030264676751195715,0,0,0.021395031
r6_plus_gdelt_fed_recession,36,5,-0.020399675,-0.013059701,-0.0094947135,-0.0072053974,-0.005409693,-0.0039087427,-0.0025826239,-0.0013819213,-0.00022759585,0.0008394155,0.0019342843,0.0030315667,0.004099589,0.005125147,0.0063077286,0.0075772884,0.009023028,0.010728539,0.012761873,0.016023682,0.022128757,0.0019342843,2023-09-27,2023-09-20,0.0023405542696593,-0.0004062699253437711,0.0004062699253437711,1.6505525223883336e-07,1,1,0.022256587
r6_plus_gdelt_fed_recession,37,1,-0.024791222,-0.015930392,-0.011880138,-0.009378814,-0.0074719195,-0.0059093856,-0.004566664,-0.0033542973,-0.00218027,-0.0011181913,-1.4818957e-05,0.0011073484,0.0022235082,0.0032913964,0.00453318,0.0058665783,0.007366432,0.009156922,0.01132796,0.01489045,0.021946492,-1.4818957e-05,2023-09-28,2023-09-27,0.0083304344476373,-0.008345253405062023,0.008345253405062023,6.964325439469929e-05,0,1,0.023208097
r6_plus_gdelt_fed_recession,37,2,-0.024983272,-0.016088422,-0.01205476,-0.0095332535,-0.007603408,-0.006031818,-0.004634556,-0.0034127412,-0.0022163803,-0.001143984,-2.150502e-05,0.0010927436,0.0022098098,0.0032930572,0.004561771,0.0059225997,0.007486126,0.0093638925,0.011589164,0.015237867,0.022303319,-2.150502e-05,2023-09-29,2023-09-27,0.0007258351296467,-0.000747340150060015,0.000747340150060015,5.585172998917257e-07,0,1,0.023643924
r6_plus_gdelt_fed_recession,37,3,-0.025273707,-0.016013993,-0.011799781,-0.009152501,-0.0071331635,-0.005459326,-0.0039785174,-0.002677448,-0.0014498823,-0.0003263188,0.00084614713,0.0020091606,0.0031823358,0.0043083346,0.0056004603,0.007013192,0.008602487,0.010501271,0.012762147,0.01642081,0.023662446,0.00084614713,2023-10-02,2023-09-27,0.0083110867584301,-0.007464939628652282,0.007464939628652282,5.5725323659423263e-05,1,1,0.024561927
r6_plus_gdelt_fed_recession,37,4,-0.026530609,-0.017037291,-0.012605866,-0.009809283,-0.0076943412,-0.0059782667,-0.004432668,-0.0030945824,-0.00181449,-0.00063229207,0.0005891731,0.0018099216,0.003007552,0.0041946666,0.005519176,0.0069686086,0.008609548,0.010542584,0.01282248,0.016569609,0.023913506,0.0005891731,2023-10-03,2023-09-27,-0.0177055542958447,0.018294727408374963,0.018294727408374963,0.0003346970509467461,0,0,0.025428347
r6_plus_gdelt_fed_recession,37,5,-0.026941745,-0.017693026,-0.013356096,-0.010644014,-0.008576483,-0.006871547,-0.005363749,-0.0040188753,-0.002725239,-0.0015141971,-0.00026292994,0.0010050435,0.0022655746,0.0034792745,0.0048942785,0.006424987,0.00816273,0.010232832,0.0127380295,0.016785657,0.024758033,-0.00026292994,2023-10-04,2023-09-27,0.0135171472799436,-0.013780077221471145,0.013780077221471145,0.00018989052822970793,0,0,0.026094126
r6_plus_gdelt_fed_recession,38,1,-0.027313927,-0.017297091,-0.012806971,-0.010033286,-0.007919155,-0.0061754026,-0.004673803,-0.0033074291,-0.0019820796,-0.000779775,0.00047052058,0.0017528132,0.0030324005,0.0042483956,0.005658851,0.007175411,0.008871787,0.010884494,0.013314184,0.017264651,0.025363762,0.00047052058,2023-10-05,2023-10-04,-0.0029510625295717,0.003421583108827817,0.003421583108827817,1.1707230970615831e-05,0,1,0.026121154
r6_plus_gdelt_fed_recession,38,2,-0.028359892,-0.018131025,-0.013606389,-0.010797202,-0.008654758,-0.006899831,-0.0053465515,-0.003976951,-0.0026383582,-0.0014339312,-0.00016947748,0.0011011396,0.002377377,0.003616389,0.005076464,0.006643121,0.008446405,0.010615191,0.013181798,0.01741519,0.02568173,-0.00016947748,2023-10-06,2023-10-04,0.0166166589118683,-0.01678613639559161,0.01678613639559161,0.00028177437509140535,0,0,0.026788186
r6_plus_gdelt_fed_recession,38,3,-0.029484395,-0.018918248,-0.014177374,-0.011208473,-0.008954165,-0.0070752455,-0.005407448,-0.003930433,-0.0025318973,-0.0012462568,0.00010345262,0.0014490742,0.0028053971,0.004110867,0.0056239697,0.0072654705,0.009114386,0.011333289,0.013973629,0.018261258,0.026861785,0.00010345262,2023-10-09,2023-10-04,0.0050869307118005,-0.0049834780905398425,0.0049834780905398425,2.4835053878890636e-05,1,1,0.028151002
r6_plus_gdelt_fed_recession,38,4,-0.028739264,-0.018445892,-0.013785099,-0.01083394,-0.008577538,-0.0067138774,-0.005011503,-0.003515788,-0.0020743867,-0.0007299482,0.0006586038,0.0020540613,0.0034222961,0.004782828,0.0063112117,0.007986855,0.009892515,0.012128509,0.01476292,0.019052006,0.027617954,0.0006586038,2023-10-10,2023-10-04,0.0055227701536552,-0.004864166361110746,0.004864166361110746,2.3660114388561357e-05,1,1,0.028548019
r6_plus_gdelt_fed_recession,38,5,-0.028190155,-0.018071508,-0.013385162,-0.010446686,-0.008189462,-0.006309883,-0.0046468154,-0.0031466158,-0.001696021,-0.00033462004,0.0010752961,0.0025013555,0.0039240574,0.0052823774,0.0068599447,0.008565897,0.010490567,0.0127736535,0.015485557,0.01978206,0.028527386,0.0010752961,2023-10-11,2023-10-04,0.0071100055770865,-0.006034709496415249,0.006034709496415249,3.641771870612439e-05,1,1,0.028870719
r6_plus_gdelt_fed_recession,39,1,-0.021297308,-0.0126125105,-0.008446467,-0.005799045,-0.0037910417,-0.0021684787,-0.0007944662,0.0004358401,0.0015998412,0.0026188756,0.003649253,0.004667699,0.005666086,0.0066332226,0.0077756,0.008984023,0.010370224,0.0120198,0.014026874,0.01722589,0.023678515,0.003649253,2023-10-12,2023-10-11,-0.0034808754319549,0.007130128364473621,0.007130128364473621,5.0838730493871275e-05,0,1,0.02247334
r6_plus_gdelt_fed_recession,39,2,-0.022553867,-0.013817842,-0.009703875,-0.007089844,-0.0050804876,-0.0034411782,-0.0019807094,-0.0006917536,0.00058014074,0.0017177702,0.0028909326,0.0040497635,0.0051997188,0.006308126,0.007581245,0.008946392,0.01048783,0.012314177,0.0144312065,0.017884672,0.024607677,0.0028909326,2023-10-13,2023-10-11,-0.0126498584915164,0.01554079109804957,0.01554079109804957,0.00024151618795321676,0,0,0.024135081
r6_plus_gdelt_fed_recession,39,3,-0.02315839,-0.014550131,-0.01050427,-0.00791879,-0.005938354,-0.0042777075,-0.00280233,-0.0014826306,-0.00023203982,0.0009190645,0.0021153954,0.0033002147,0.0044823857,0.005621736,0.006937446,0.008374719,0.009990328,0.011928957,0.014238704,0.017918238,0.025033243,0.0021153954,2023-10-16,2023-10-11,0.0112430463391276,-0.00912765095335561,0.00912765095335561,8.33140119262936e-05,1,1,0.024742974
r6_plus_gdelt_fed_recession,39,4,-0.024006661,-0.015351154,-0.011228844,-0.008580132,-0.0065580094,-0.0048983865,-0.0033812306,-0.0020625496,-0.00080132624,0.00037122128,0.0015739487,0.0027784056,0.003955969,0.005133311,0.006445638,0.007877948,0.009515455,0.011434577,0.013704748,0.017382162,0.024421107,0.0015739487,2023-10-17,2023-10-11,-0.0032807631805108,0.00485471183578829,0.00485471183578829,2.3568227008542913e-05,0,1,0.024933591
r6_plus_gdelt_fed_recession,39,5,-0.023299558,-0.014902979,-0.010806681,-0.0081947865,-0.0061893887,-0.004518238,-0.0030474602,-0.001722995,-0.00045371265,0.00072275277,0.0019236209,0.0031182088,0.0042906813,0.0054102093,0.0067010913,0.008097038,0.009692233,0.01158509,0.013874888,0.01753171,0.024712266,0.0019236209,2023-10-18,2023-10-11,-0.0132048793631459,0.015128500296812725,0.015128500296812725,0.0002288715212306627,0,0,0.024681568
r6_plus_gdelt_fed_recession,40,1,-0.026157469,-0.017031586,-0.012829624,-0.010179394,-0.008120808,-0.0063974704,-0.004886585,-0.0035038039,-0.0021564073,-0.0009213387,0.00036560546,0.0016858629,0.0029952459,0.0042358823,0.005667661,0.0071900412,0.008894617,0.010903148,0.013314728,0.017266823,0.025220511,0.00036560546,2023-10-19,2023-10-18,-0.0094008394642612,0.009766444925672378,0.009766444925672378,9.538344648619175e-05,0,1,0.026144352
r6_plus_gdelt_fed_recession,40,2,-0.026233276,-0.017031467,-0.0128733255,-0.010237966,-0.008182414,-0.0064785224,-0.0049414015,-0.0035767218,-0.002225165,-0.0010005196,0.00028530133,0.0015844182,0.002879377,0.004132941,0.0055971597,0.0071697677,0.008964274,0.011110534,0.01364991,0.017820418,0.02581645,0.00028530133,2023-10-20,2023-10-18,-0.0150302349830184,0.015315536311422275,0.015315536311422275,0.0002345656525064942,0,0,0.026523236
r6_plus_gdelt_fed_recession,40,3,-0.02592048,-0.01648059,-0.012154965,-0.009414389,-0.007297582,-0.0055126613,-0.0039074784,-0.0024777597,-0.0011160874,0.00013670974,0.0014439354,0.0027527777,0.0040559103,0.005304695,0.006757124,0.008336827,0.010119512,0.012255334,0.014806415,0.01893244,0.027065633,0.0014439354,2023-10-23,2023-10-18,0.0030129458884896,-0.0015690104467050393,0.0015690104467050393,2.461793781869547e-06,1,1,0.026961379
r6_plus_gdelt_fed_recession,40,4,-0.02675181,-0.017034607,-0.012503136,-0.009617282,-0.0074094255,-0.0055889906,-0.003922864,-0.002456296,-0.001044346,0.00027811888,0.001643905,0.003009862,0.0043476145,0.0056688767,0.0071487613,0.008762511,0.010591891,0.01273858,0.015270624,0.019380784,0.027402174,0.001643905,2023-10-24,2023-10-18,0.0096811135502815,-0.008037208599811769,0.008037208599811769,6.459672207688825e-05,1,1,0.02777376
r6_plus_gdelt_fed_recession,40,5,-0.026432296,-0.016728668,-0.012135644,-0.009220137,-0.0069773956,-0.005099798,-0.0034345356,-0.0019211757,-0.0004498672,0.0009215926,0.0023369528,0.0037484982,0.0051367003,0.0064490223,0.007952348,0.009574368,0.011384894,0.0135148205,0.016054979,0.020119423,0.028222885,0.0023369528,2023-10-25,2023-10-18,-0.0247801883627321,0.027117141198053526,0.027117141198053526,0.0007353393467551718,0,0,0.028190624
r6_plus_gdelt_fed_recession,41,1,-0.032483593,-0.021835083,-0.016823499,-0.013614268,-0.01113628,-0.009090154,-0.007308703,-0.0056968075,-0.0041330275,-0.0027114688,-0.0012492563,0.00022976693,0.0017079032,0.003138609,0.00479827,0.0065743895,0.008591083,0.0110045895,0.013934849,0.018994123,0.029428367,-0.0012492563,2023-10-26,2023-10-25,-0.019251559335109,0.01800230302412451,0.01800230302412451,0.00032408291417240244,1,0,0.030758347
r6_plus_gdelt_fed_recession,41,2,-0.031046478,-0.02003495,-0.014925242,-0.011683556,-0.009174075,-0.007118744,-0.005282428,-0.0036620295,-0.002072796,-0.0006329274,0.0008647682,0.0023712774,0.0038806894,0.0053503127,0.0070403763,0.0088503705,0.0109066935,0.013344749,0.01625355,0.021287011,0.03149571,0.0008647682,2023-10-27,2023-10-25,0.0047899236420034,-0.003925155415838075,0.003925155415838075,1.5406845038482976e-05,1,1,0.031178791
r6_plus_gdelt_fed_recession,41,3,-0.031909864,-0.020951053,-0.015808215,-0.012555712,-0.010077644,-0.008014912,-0.0061667464,-0.0045295684,-0.0029651655,-0.0015209508,-2.2447075e-05,0.0014655759,0.0029579056,0.0044107786,0.006095083,0.007933716,0.010021109,0.012546726,0.015626846,0.02083488,0.031388443,-2.2447075e-05,2023-10-30,2023-10-25,0.0112020471088803,-0.011224494183905712,0.011224494183905712,0.00012598926968453316,0,1,0.03143506
r6_plus_gdelt_fed_recession,41,4,-0.03191865,-0.020785764,-0.015539929,-0.012185951,-0.009622333,-0.007521159,-0.0055954694,-0.0038984516,-0.0022542393,-0.0007181878,0.00087898417,0.0024767637,0.004058436,0.0056218267,0.007373802,0.009291346,0.011504096,0.014134673,0.017295063,0.022662569,0.033304248,0.00087898417,2023-10-31,2023-10-25,0.0047711985214375,-0.003892214354662601,0.003892214354662601,1.5149332582641608e-05,1,1,0.03283499
r6_plus_gdelt_fed_recession,41,5,-0.030577868,-0.019409861,-0.014009639,-0.010598464,-0.007993233,-0.005829958,-0.0039221086,-0.0021897226,-0.0004996266,0.0010768034,0.0026841017,0.0042965384,0.005880732,0.0074012815,0.009157131,0.011086114,0.013283,0.015932323,0.019157017,0.024574686,0.035483744,0.0026841017,2023-11-01,2023-10-25,0.0172078220804967,-0.01452372038530186,0.01452372038530186,0.00021093845383043282,1,1,0.033166654
r6_plus_gdelt_fed_recession,42,1,-0.024171742,-0.015599397,-0.011535649,-0.009043682,-0.00715603,-0.0055995574,-0.004238204,-0.0029852646,-0.0017492017,-0.00060198864,0.0006013775,0.0018313813,0.00304179,0.0041954517,0.005520196,0.006917454,0.008487306,0.010342373,0.012579985,0.016240388,0.023317736,0.0006013775,2023-11-02,2023-11-01,0.017990593572641,-0.017389216059847012,0.017389216059847012,0.0003023848351760412,1,0,0.024115633
r6_plus_gdelt_fed_recession,42,2,-0.023419246,-0.014722315,-0.0105173215,-0.007867613,-0.0058406144,-0.004183783,-0.0027023244,-0.0013821784,-7.341775e-05,0.001124939,0.0023837246,0.003636515,0.004883279,0.0060780556,0.007441443,0.008887116,0.0105135925,0.012450089,0.014714993,0.018444503,0.02559667,0.0023837246,2023-11-03,2023-11-01,0.0116802560485975,-0.009296531495086953,0.009296531495086953,8.642549783914365e-05,1,1,0.025232315
r6_plus_gdelt_fed_recession,42,3,-0.026502548,-0.017654004,-0.013391116,-0.010716197,-0.008700541,-0.007012901,-0.00548645,-0.0041127587,-0.0027822985,-0.0015363875,-0.00020629622,0.0011199361,0.0024524895,0.0037338443,0.0051986254,0.0067793145,0.008555951,0.010673731,0.013221187,0.017321743,0.02504102,-0.00020629622,2023-11-06,2023-11-01,0.0040711361324804,-0.0042774323482455785,0.0042774323482455785,1.8296427493817684e-05,0,1,0.026612302
r6_plus_gdelt_fed_recession,42,4,-0.026138727,-0.01711063,-0.012707774,-0.0098831635,-0.0077327415,-0.0059508746,-0.004297517,-0.0028264557,-0.0013867158,-2.6126043e-05,0.0013962584,0.0028088805,0.0041867658,0.005556356,0.007070417,0.008712675,0.010564731,0.012725949,0.01527713,0.01939776,0.027121482,0.0013962584,2023-11-07,2023-11-01,0.0094081784734363,-0.008011920111798708,0.008011920111798708,6.419086387784462e-05,1,1,0.027984902
r6_plus_gdelt_fed_recession,42,5,-0.025859166,-0.017182054,-0.012879581,-0.01014236,-0.007999196,-0.0061847987,-0.004558263,-0.0030489326,-0.0015538109,-0.00013194249,0.0013385669,0.002813363,0.004262523,0.005638389,0.007200284,0.008859064,0.010719678,0.012898845,0.015510772,0.01968904,0.027618874,0.0013385669,2023-11-08,2023-11-01,0.0006436135591921,0.0006949533270690056,0.0006949533270690056,4.829601268042802e-07,1,1,0.028390354
r6_plus_gdelt_fed_recession,43,1,-0.020958643,-0.0133090755,-0.009656131,-0.007331937,-0.005524238,-0.004025722,-0.0027271765,-0.0015429355,-0.0003913306,0.0006371778,0.0017024092,0.0027801662,0.0038399748,0.004846187,0.0060063684,0.0072321002,0.008607578,0.010239024,0.012196166,0.015369603,0.021632737,0.0017024092,2023-11-09,2023-11-08,-0.0077252839773484,0.009427693214971614,0.009427693214971614,8.888139935562182e-05,0,1,0.021852298
r6_plus_gdelt_fed_recession,43,2,-0.022054857,-0.014357071,-0.010771693,-0.008476298,-0.006678929,-0.0051912195,-0.0038513518,-0.0026603045,-0.001474765,-0.00041657532,0.0006949011,0.0018067172,0.0029136997,0.0039916607,0.005239369,0.0065775034,0.008104128,0.009924575,0.012067071,0.0155348135,0.022043582,0.0006949011,2023-11-10,2023-11-08,0.0222332321185845,-0.02153833101822464,0.02153833101822464,0.0004638997030506177,1,0,0.022838764
r6_plus_gdelt_fed_recession,43,3,-0.022594657,-0.014544282,-0.010752296,-0.008324714,-0.006442078,-0.0048507885,-0.0034181715,-0.0021369152,-0.00091277825,0.00020867345,0.0013871086,0.002558623,0.0037296182,0.004855517,0.006152035,0.007554787,0.009125412,0.01099365,0.013195336,0.016650164,0.023285178,0.0013871086,2023-11-13,2023-11-08,-0.0031234554160218,0.004510563999025083,0.004510563999025083,2.0345187589301148e-05,0,1,0.023947632
r6_plus_gdelt_fed_recession,43,4,-0.023923157,-0.015616861,-0.011660824,-0.009120064,-0.0071689165,-0.0055612368,-0.0040877825,-0.0027962716,-0.0015466604,-0.00038044594,0.0008319632,0.0020439278,0.0032222697,0.004402067,0.005708312,0.007118541,0.008716722,0.010580478,0.012758676,0.01625857,0.022882542,0.0008319632,2023-11-14,2023-11-08,0.0212980868044946,-0.020466123601112853,0.020466123601112853,0.00041886221525602854,1,0,0.0244195
r6_plus_gdelt_fed_recession,43,5,-0.023172688,-0.015126668,-0.011209467,-0.008694029,-0.006734522,-0.0050836815,-0.0036165612,-0.0022788488,-0.0009774456,0.000239668,0.0014920877,0.0027483192,0.003972232,0.0051409905,0.0064724684,0.007897968,0.009494717,0.011365571,0.013587395,0.017120566,0.023998655,0.0014920877,2023-11-15,2023-11-08,0.0007522251805099,0.0007398625487653266,0.0007398625487653266,5.473965910655253e-07,1,1,0.024796862
r6_plus_gdelt_fed_recession,44,1,-0.02763333,-0.018462319,-0.014199867,-0.011488328,-0.009390017,-0.007656672,-0.0061484072,-0.0047735595,-0.0034329353,-0.0022160483,-0.0009477217,0.00033874638,0.0016256907,0.002866407,0.0043152547,0.005866676,0.0076277275,0.009711656,0.012217471,0.016315231,0.024304025,-0.0009477217,2023-11-16,2023-11-15,0.0008555391939437,-0.0018032609039066341,0.0018032609039066341,3.251749887558171e-06,0,1,0.026417337
r6_plus_gdelt_fed_recession,44,2,-0.025496488,-0.016097946,-0.011698169,-0.008880629,-0.0066899923,-0.0048831594,-0.0032750836,-0.0018471902,-0.00044484457,0.000821985,0.0021424394,0.0034527015,0.0047710584,0.0060316757,0.0074909865,0.00904492,0.01080143,0.012877644,0.015306801,0.019323684,0.02717777,0.0021424394,2023-11-17,2023-11-15,0.0002332676087256,0.0019091717547987178,0.0019091717547987178,3.644936789321215e-06,1,1,0.027004968
r6_plus_gdelt_fed_recession,44,3,-0.026897555,-0.017370533,-0.012973577,-0.010177678,-0.008035105,-0.0062502646,-0.0046501835,-0.0032240222,-0.0018629163,-0.00060332456,0.0007146349,0.0020354644,0.0033606652,0.0046338346,0.0061011384,0.007685137,0.009453926,0.0115560265,0.014054357,0.018109608,0.026118012,0.0007146349,2023-11-20,2023-11-15,0.0121012472256054,-0.011386612331212015,0.011386612331212015,0.0001296549403813095,1,1,0.027027935
r6_plus_gdelt_fed_recession,44,4,-0.028036337,-0.018299688,-0.013713494,-0.010757101,-0.008514407,-0.0066791596,-0.0050110742,-0.0035604588,-0.002174107,-0.00088474,0.00044053348,0.001776166,0.0030876512,0.004398301,0.005856579,0.0074436907,0.009254334,0.011368416,0.013891768,0.018053738,0.026163753,0.00044053348,2023-11-21,2023-11-15,-0.0058265356050379,0.006267069081686752,0.006267069081686752,3.9276154874634034e-05,0,1,0.027605262
r6_plus_gdelt_fed_recession,44,5,-0.029243473,-0.01974482,-0.01522603,-0.012333605,-0.010112946,-0.008278865,-0.0066560823,-0.005198716,-0.0037936165,-0.002474611,-0.001117047,0.00025709943,0.0016422457,0.0029926968,0.0045697647,0.0062864474,0.0082498295,0.010585319,0.013431818,0.018008664,0.026852308,-0.001117047,2023-11-22,2023-11-15,0.0040847757907733,-0.005201822829633919,0.005201822829633919,2.705896075090063e-05,0,1,0.028657848
r6_plus_gdelt_fed_recession,45,1,-0.018487457,-0.011484669,-0.008181652,-0.0061116037,-0.004511361,-0.0031832398,-0.002028274,-0.0009741506,5.0763843e-05,0.0009760425,0.0019358803,0.002907769,0.0038701207,0.0047955425,0.0058804615,0.0070391325,0.008357199,0.009933056,0.0118536865,0.015004974,0.02115322,0.0019358803,2023-11-24,2023-11-22,-0.0014111335189653,0.003347013800927754,0.003347013800927754,1.1202501383600852e-05,0,1,0.020035338
r6_plus_gdelt_fed_recession,45,2,-0.01914523,-0.0121006435,-0.008771831,-0.006656624,-0.0050138594,-0.003655613,-0.0024285442,-0.0013386012,-0.0002553389,0.00072432176,0.0017510043,0.0027720383,0.0037955027,0.004788627,0.0059475973,0.0071926597,0.008613972,0.010318335,0.012327126,0.01563038,0.021956716,0.0017510043,2023-11-27,2023-11-22,-0.0008732109834671,0.0026242152360498885,0.0026242152360498885,6.886505605116372e-06,0,1,0.021098956
r6_plus_gdelt_fed_recession,45,3,-0.020091895,-0.012691861,-0.00920417,-0.006990456,-0.005284978,-0.0038488451,-0.0025594383,-0.0014056874,-0.0003037038,0.00070850685,0.0017708689,0.0028260173,0.0038901211,0.0049131946,0.006099295,0.0074058627,0.008887507,0.010668813,0.012803791,0.01625192,0.022781434,0.0017708689,2023-11-28,2023-11-22,0.0026175077073207,-0.0008466388098826508,0.0008466388098826508,7.167972743995113e-07,1,1,0.02200796
r6_plus_gdelt_fed_recession,45,4,-0.021169325,-0.013448381,-0.009730809,-0.007346404,-0.0055235554,-0.004025678,-0.0026566903,-0.0014576331,-0.00030083876,0.00078081904,0.0019034483,0.0030241187,0.004120298,0.0052113254,0.006431512,0.0077685188,0.009290256,0.011097149,0.013228319,0.016697276,0.023236686,0.0019034483,2023-11-29,2023-11-22,-0.0009742900706899,0.0028777383245599105,0.0028777383245599105,8.28137786464088e-06,0,1,0.022959128
r6_plus_gdelt_fed_recession,45,5,-0.021682786,-0.014141887,-0.01051119,-0.00819525,-0.0064010867,-0.00488562,-0.0035309151,-0.0022914044,-0.0010752978,7.394121e-05,0.0012692747,0.002474045,0.0036561291,0.00478488,0.0060819713,0.007481508,0.009063612,0.01094158,0.013190825,0.016822651,0.023709362,0.0012692747,2023-11-30,2023-11-22,-0.0025173512652739,0.0037866260057537867,0.0037866260057537867,1.4338536507450878e-05,0,1,0.023702014
r6_plus_gdelt_fed_recession,46,1,-0.019544465,-0.013372839,-0.010340275,-0.008372247,-0.0068310504,-0.005541893,-0.004420979,-0.0033942042,-0.0023911397,-0.0014902328,-0.00055393355,0.00039918962,0.0013607767,0.0023032413,0.0034213571,0.004646088,0.0060479874,0.007744622,0.009813913,0.013236605,0.019774491,-0.00055393355,2023-12-01,2023-11-30,0.0028508871302309,-0.003404820684559878,0.003404820684559878,1.1592803894006798e-05,0,1,0.02015419
r6_plus_gdelt_fed_recession,46,2,-0.019387787,-0.012994898,-0.009832811,-0.0077655944,-0.006133383,-0.0047681304,-0.0035323673,-0.0024331615,-0.0013376907,-0.00035556147,0.0006676807,0.0016930134,0.0027155457,0.003705398,0.004854591,0.00608455,0.007487473,0.00916781,0.011157122,0.014441361,0.020739103,0.0006676807,2023-12-04,2023-11-30,-0.0093270578034749,0.0099947384986622,0.0099947384986622,9.989479765664033e-05,0,1,0.020989932
r6_plus_gdelt_fed_recession,46,3,-0.01971561,-0.013130798,-0.0098571135,-0.007712271,-0.006034222,-0.0046117706,-0.0033339055,-0.002193638,-0.0011098518,-0.00012097185,0.000916174,0.0019548698,0.0029969795,0.00400378,0.0051801107,0.006473746,0.007939875,0.009713676,0.011822763,0.0151770525,0.021556351,0.000916174,2023-12-05,2023-11-30,0.0025079080099603,-0.0015917340373052123,0.0015917340373052123,2.533617245515951e-06,1,1,0.021679876
r6_plus_gdelt_fed_recession,46,4,-0.020601738,-0.014022697,-0.010759999,-0.00861513,-0.006949216,-0.0055666417,-0.0042843274,-0.0031574988,-0.002065792,-0.0010486449,3.39689e-06,0.0010667193,0.002107304,0.0031487076,0.0043107867,0.005588908,0.007051895,0.008794526,0.010870621,0.014281156,0.020662006,3.39689e-06,2023-12-06,2023-11-30,-0.0058007216845044,0.005804118574455946,0.005804118574455946,3.3687792426344525e-05,0,1,0.021630619
r6_plus_gdelt_fed_recession,46,5,-0.020357471,-0.013942328,-0.010665593,-0.008530189,-0.0068645836,-0.0054624733,-0.0042166645,-0.0030861807,-0.0019923104,-0.0009676599,8.75267e-05,0.0011496712,0.002205677,0.0032247654,0.0044161207,0.005718512,0.007210764,0.009019852,0.011231617,0.014818242,0.021551909,8.75267e-05,2023-12-07,2023-11-30,0.0138755574714016,-0.013788030771757087,0.013788030771757087,0.00019010979256292031,1,0,0.02189721
r6_plus_gdelt_fed_recession,47,1,-0.02041712,-0.01317814,-0.00976732,-0.0076109073,-0.005942846,-0.0045551923,-0.0033420096,-0.0022328487,-0.0011481589,-0.0001536638,0.0008825282,0.0019446238,0.0029881352,0.0039819726,0.005131257,0.006364135,0.007754219,0.009401793,0.0113880895,0.014610467,0.020815372,0.0008825282,2023-12-08,2023-12-07,0.004446804591604,-0.0035642763931867235,0.0035642763931867235,1.2704066207028159e-05,1,1,0.02115541
r6_plus_gdelt_fed_recession,47,2,-0.02033116,-0.013056213,-0.009596845,-0.007383706,-0.0056487517,-0.0042043612,-0.0028974358,-0.0017362059,-0.00057403056,0.0004803575,0.0015907659,0.0027055463,0.0038041803,0.0048709656,0.0060931747,0.0073765907,0.00882277,0.010531581,0.012511765,0.015747871,0.022030307,0.0015907659,2023-12-11,2023-12-07,0.008505766401478,-0.006915000505224712,0.006915000505224712,4.7817231987258023e-05,1,1,0.02210861
r6_plus_gdelt_fed_recession,47,3,-0.022216829,-0.014732804,-0.011199249,-0.008927574,-0.007172972,-0.0057012774,-0.0043656616,-0.003160634,-0.0019990515,-0.000913781,0.00024444537,0.0014061762,0.0025644721,0.0036815666,0.0049553732,0.0063184923,0.007851731,0.009657439,0.011794565,0.015249832,0.021893198,0.00024444537,2023-12-12,2023-12-07,0.0079327545535958,-0.007688309182387087,0.007688309182387087,5.91100980839776e-05,1,1,0.022993814
r6_plus_gdelt_fed_recession,47,4,-0.020541944,-0.0131140705,-0.009549465,-0.0071896403,-0.005346003,-0.00380908,-0.0023903232,-0.0011468877,4.5677756e-05,0.0011581463,0.0023003526,0.0034423072,0.0045491154,0.005661128,0.006886143,0.008219496,0.009723245,0.011486313,0.01354899,0.016931733,0.023560857,0.0023003526,2023-12-13,2023-12-07,0.0126371701389748,-0.010336817582343831,0.010336817582343831,0.00010684979773065256,1,1,0.023098454
r6_plus_gdelt_fed_recession,47,5,-0.02171523,-0.014492983,-0.0109400395,-0.0086290315,-0.006809936,-0.0052662394,-0.003893951,-0.0026522395,-0.0014473128,-0.00032466714,0.00083564455,0.0019981447,0.0031516785,0.004265865,0.005553116,0.006938375,0.008517061,0.010394994,0.012658942,0.016291322,0.023246812,0.00083564455,2023-12-14,2023-12-07,-0.0008674011616312,0.0017030457085274193,0.0017030457085274193,2.9003646853336597e-06,0,1,0.02359898
r6_plus_gdelt_fed_recession,48,1,-0.020111803,-0.01281966,-0.009425491,-0.0072794175,-0.005612244,-0.0042256205,-0.0030167846,-0.00189681,-0.0007904101,0.00020750755,0.0012573218,0.0023295365,0.0033945893,0.004425681,0.005626882,0.0069139297,0.008358053,0.010064869,0.012101488,0.015389405,0.021777362,0.0012573218,2023-12-15,2023-12-14,0.0048225420003533,-0.003565220203041994,0.003565220203041994,1.2710795096178795e-05,1,1,0.02152698
r6_plus_gdelt_fed_recession,48,2,-0.020440849,-0.012950425,-0.00947549,-0.00725455,-0.005524325,-0.0040890486,-0.0027923798,-0.0016232836,-0.00045279466,0.0006046231,0.0017205982,0.0028424289,0.0039602695,0.005040466,0.0062799216,0.007593598,0.009062961,0.010797527,0.012802761,0.016064791,0.022445645,0.0017205982,2023-12-18,2023-12-14,0.0062787332928894,-0.0045581350925533014,0.0045581350925533014,2.0776595521965893e-05,1,1,0.022278251
r6_plus_gdelt_fed_recession,48,3,-0.020832472,-0.013178561,-0.009607514,-0.0073349616,-0.0055873087,-0.0041095475,-0.002773108,-0.0015662045,-0.00040748419,0.0006569743,0.0017859905,0.0029109106,0.0040449006,0.0051362077,0.006405309,0.007780485,0.009320546,0.011149315,0.013311442,0.016702283,0.023294846,0.0017859905,2023-12-19,2023-12-14,0.0050966465630156,-0.003310656013764163,0.003310656013764163,1.0960443241472817e-05,1,1,0.022918956
r6_plus_gdelt_fed_recession,48,4,-0.02208281,-0.014090997,-0.010293733,-0.007856539,-0.0060078334,-0.004488574,-0.0030874691,-0.0018614775,-0.00067488034,0.00044095668,0.0016020297,0.0027628522,0.0038968753,0.0050425674,0.0063105007,0.007684844,0.009245074,0.011064688,0.013194117,0.01659348,0.023080304,0.0016020297,2023-12-20,2023-12-14,-0.0149711807153707,0.016573210376087354,0.016573210376087354,0.00027467130217004955,0,0,0.023487851
r6_plus_gdelt_fed_recession,48,5,-0.021618925,-0.014012205,-0.010390934,-0.008076358,-0.0062709576,-0.004743354,-0.0033805617,-0.0021264092,-0.00089347997,0.0002746819,0.0014784446,0.0026936037,0.0038862322,0.005033703,0.006356229,0.0077798427,0.009402588,0.011321472,0.013604561,0.017205803,0.024172615,0.0014784446,2023-12-21,2023-12-14,0.0115682097739582,-0.01008976522190916,0.01008976522190916,0.0001018033622332476,1,1,0.023995494
r6_plus_gdelt_fed_recession,49,1,-0.018147174,-0.011641375,-0.008472647,-0.006438739,-0.0048408383,-0.0035029352,-0.0023204791,-0.0012395883,-0.00017676738,0.0007963036,0.0017968286,0.002813779,0.0038082548,0.004763202,0.005854281,0.0070106867,0.008291903,0.009788577,0.011556062,0.014347007,0.019658316,0.0017968286,2023-12-22,2023-12-21,0.0014948848824511,0.0003019437004317812,0.0003019437004317812,9.116999823043723e-08,1,1,0.020028709
r6_plus_gdelt_fed_recession,49,2,-0.017596843,-0.011311556,-0.008329054,-0.006398482,-0.004874241,-0.0036026244,-0.0024370407,-0.0014059234,-0.00036648818,0.0005760691,0.001553375,0.0025388065,0.0035005836,0.0044349455,0.0055063204,0.0066417153,0.007913464,0.00940338,0.011118635,0.013840423,0.018930148,0.001553375,2023-12-26,2023-12-21,0.0061029543645535,-0.004549579323441196,0.004549579323441196,2.0698672020283653e-05,1,1,0.019447688
r6_plus_gdelt_fed_recession,49,3,-0.017921101,-0.011426437,-0.008357332,-0.0063923546,-0.0048652524,-0.0035826734,-0.0024291642,-0.0013960821,-0.00040558042,0.0005098654,0.0014711809,0.0024394912,0.003399916,0.004328831,0.0053852093,0.0065194108,0.0077713868,0.009235652,0.01093467,0.013599423,0.018633565,0.0014711809,2023-12-27,2023-12-21,0.0020336601688276,-0.000562479234368629,0.000562479234368629,3.16382889095919e-07,1,1,0.019292003
r6_plus_gdelt_fed_recession,49,4,-0.018475588,-0.011903549,-0.008748844,-0.0067076813,-0.0051204935,-0.0038044557,-0.0025894365,-0.0015215911,-0.0004838861,0.00048575297,0.0014856097,0.0024935289,0.0034678576,0.004435085,0.0054977983,0.006647419,0.007938396,0.009426888,0.01115977,0.013901242,0.019080972,0.0014856097,2023-12-28,2023-12-21,-0.0004861644148609,0.001971774097137745,0.001971774097137745,3.887893090143369e-06,0,1,0.019908614
r6_plus_gdelt_fed_recession,49,5,-0.018566206,-0.012248086,-0.009103032,-0.007062176,-0.005463987,-0.004109698,-0.0028987979,-0.0018070454,-0.0007416433,0.00024977644,0.0012776244,0.0023023705,0.0033104226,0.0042679505,0.005364649,0.0065452573,0.007861765,0.009415205,0.011259998,0.014150842,0.019649204,0.0012776244,2023-12-29,2023-12-21,-0.0043371340822498,0.00561475847885708,0.00561475847885708,3.152551277589747e-05,0,1,0.02036303
