model,window,horizon,q0.01,q0.05,q0.1,q0.15,q0.2,q0.25,q0.3,q0.35,q0.4,q0.45,q0.5,q0.55,q0.6,q0.65,q0.7,q0.75,q0.8,q0.85,q0.9,q0.95,q0.99,prediction,date,forecast_origin,actual,error,abs_error,squared_error,correct_direction,interval_coverage,interval_width
r7_all_external,0,1,-0.03829478,-0.024140358,-0.01746218,-0.013286638,-0.010132478,-0.0075274818,-0.005273718,-0.0032487407,-0.0013142612,0.0004459458,0.0022408927,0.00407795,0.0059613707,0.0078015565,0.009972332,0.01233824,0.015070048,0.018278532,0.022156477,0.02856661,0.04073005,0.0022408927,2023-01-03,2022-12-30,-0.0067827173204042,0.009023610052920131,0.009023610052920131,8.142553838716126e-05,0,1,0.039618656
r7_all_external,0,2,-0.040192466,-0.02545059,-0.018356513,-0.01386382,-0.010450847,-0.007674223,-0.005212195,-0.0030488498,-0.0009431455,0.0009593291,0.0029032377,0.004867008,0.006910791,0.008917587,0.011271739,0.013848125,0.016802846,0.02027884,0.024344083,0.031206798,0.044011112,0.0029032377,2023-01-04,2022-12-30,0.0047526462719854,-0.0018494085659351229,0.0018494085659351229,3.4203120437542077e-06,1,1,0.042700596
r7_all_external,0,3,-0.04404065,-0.028847516,-0.021466771,-0.016741917,-0.013173082,-0.010209724,-0.007552726,-0.005213602,-0.0029845685,-0.0009106406,0.0012305203,0.0033840472,0.00560098,0.007784628,0.010323044,0.013155588,0.01638888,0.020240458,0.024834212,0.03255482,0.046475343,0.0012305203,2023-01-05,2022-12-30,-0.0157781972169871,0.017008717529661443,0.017008717529661443,0.0002892964720038125,0,1,0.046300985
r7_all_external,0,4,-0.045079593,-0.029783245,-0.022568159,-0.017867148,-0.01426315,-0.011279282,-0.00855916,-0.0061566886,-0.0038153997,-0.0016341422,0.0006196529,0.0028819316,0.005206723,0.0075462977,0.010230569,0.013203293,0.016682196,0.020805417,0.025728201,0.0340635,0.048770662,0.0006196529,2023-01-06,2022-12-30,0.027227395160866,-0.02660774224698267,0.02660774224698267,0.0007079719474818665,1,0,0.048296362
r7_all_external,0,5,-0.04984359,-0.03386984,-0.026180554,-0.021295488,-0.017547555,-0.014443931,-0.01167425,-0.009194377,-0.0067816703,-0.0045437906,-0.0022633784,5.2560965e-05,0.0024574373,0.0048238086,0.00758333,0.010632008,0.014170877,0.018435506,0.023654439,0.032329433,0.04796237,-0.0022633784,2023-01-09,2022-12-30,0.0064526310170744,-0.008716009369001205,0.008716009369001205,7.596881932051677e-05,0,1,0.049834993
r7_all_external,1,1,-0.04261671,-0.028927896,-0.022215042,-0.017745273,-0.014267001,-0.011322378,-0.008737301,-0.006422646,-0.004218014,-0.0022107016,-0.00019300423,0.001864122,0.003973516,0.0060401578,0.00847499,0.011118502,0.014140284,0.017687285,0.021877572,0.028414335,0.039684817,-0.00019300423,2023-01-10,2023-01-09,0.0084286878744476,-0.008621692108908714,0.008621692108908714,7.433357482081879e-05,0,1,0.044092614
r7_all_external,1,2,-0.043175377,-0.029277097,-0.022516908,-0.018061206,-0.01457265,-0.011666556,-0.009048333,-0.006740431,-0.004512361,-0.0025043814,-0.0004788612,0.0015710312,0.0036798553,0.0057733534,0.008252252,0.010951532,0.014070086,0.01776308,0.022042722,0.028796248,0.039834067,-0.0004788612,2023-01-11,2023-01-09,0.0171524483430358,-0.017631309556231867,0.017631309556231867,0.00031086307666767317,0,1,0.044559628
r7_all_external,1,3,-0.043281652,-0.029201126,-0.02233379,-0.017811064,-0.014336148,-0.011421929,-0.008794311,-0.0064774407,-0.0042832047,-0.0022728546,-0.00024267974,0.0017928265,0.003903286,0.0059966226,0.008468764,0.011182686,0.0142863635,0.01795365,0.022234902,0.028970271,0.040245153,-0.00024267974,2023-01-12,2023-01-09,0.0053897954002944,-0.005632475143972709,0.005632475143972709,3.172477624747039e-05,0,1,0.04456869
r7_all_external,1,4,-0.04304229,-0.029026804,-0.022220235,-0.017701562,-0.014198393,-0.011296464,-0.008665143,-0.0063393563,-0.004098865,-0.0020634793,-2.2369859e-05,0.0020263821,0.0041174367,0.0062233983,0.008670091,0.011373421,0.0144788,0.01807643,0.022223571,0.028797528,0.039693758,-2.2369859e-05,2023-01-13,2023-01-09,0.0068570660094839,-0.006879435868409131,0.006879435868409131,4.732663786755409e-05,0,1,0.04444381
r7_all_external,1,5,-0.042919215,-0.029113417,-0.022191467,-0.01768139,-0.014200721,-0.011306726,-0.008724518,-0.0064137075,-0.0041805767,-0.0021464562,-0.00010953286,0.0019352811,0.0040596942,0.006150261,0.008615145,0.011311346,0.014369651,0.017940875,0.02212986,0.028663721,0.03986899,-0.00010953286,2023-01-17,2023-01-09,0.002026548435775,-0.0021360812983274415,0.0021360812983274415,4.562843313064248e-06,0,1,0.04432133
r7_all_external,2,1,-0.0362121,-0.02307526,-0.01672552,-0.012804553,-0.009907759,-0.007557026,-0.0055281017,-0.0037554177,-0.0020932197,-0.0006018483,0.0008598408,0.002346951,0.003898914,0.0054443013,0.0072935163,0.009313489,0.011661117,0.014472815,0.017899271,0.02373087,0.03538032,0.0008598408,2023-01-18,2023-01-17,-0.0130851307316483,0.013944971504694316,0.013944971504694316,0.00019446223026673646,0,1,0.034624793
r7_all_external,2,2,-0.037874628,-0.024086878,-0.017439798,-0.0133492,-0.010321639,-0.007897989,-0.005763627,-0.0039366987,-0.002194318,-0.00064723444,0.00087503635,0.0024290672,0.00404101,0.0056588384,0.007583343,0.00970631,0.012147468,0.015076591,0.018559093,0.024550492,0.036214262,0.00087503635,2023-01-19,2023-01-17,-0.0098732653864193,0.010748301735008065,0.010748301735008065,0.00011552599018677738,0,1,0.03599889
r7_all_external,2,3,-0.038693637,-0.024917195,-0.018148601,-0.013914971,-0.010790284,-0.008265093,-0.006064916,-0.004176423,-0.0024291975,-0.0008594764,0.0006899672,0.002239298,0.0038687545,0.005504892,0.0074491953,0.009626654,0.012120969,0.015131549,0.018734595,0.024946462,0.03693853,0.0006899672,2023-01-20,2023-01-17,0.0269993239167042,-0.026309356730514013,0.026309356730514013,0.000692182251573443,1,0,0.036883198
r7_all_external,2,4,-0.037773747,-0.024288693,-0.017819548,-0.013784013,-0.010768717,-0.008338266,-0.0061714994,-0.004299463,-0.002524787,-0.00093989697,0.0006336623,0.002222314,0.0038684583,0.005542081,0.00749923,0.009695963,0.01224108,0.015270468,0.018930571,0.025236461,0.0372079,0.0006336623,2023-01-23,2023-01-17,0.021972610585793,-0.02133894831028868,0.02133894831028868,0.0004553507149891721,1,0,0.03675012
r7_all_external,2,5,-0.03765208,-0.024187671,-0.017646747,-0.013635365,-0.010665007,-0.008265666,-0.0061442656,-0.0042888713,-0.0025233165,-0.0009341864,0.0006395986,0.0022262288,0.003897109,0.0055584786,0.007539414,0.009741865,0.0122641,0.015282399,0.018988451,0.025304876,0.037416466,0.0006395986,2023-01-24,2023-01-17,-0.0020438944791116,0.0026834930629141807,0.0026834930629141807,7.201135018708531e-06,0,1,0.036635198
r7_all_external,3,1,-0.03739464,-0.023455802,-0.0169052,-0.012778891,-0.009678537,-0.007127076,-0.0049390574,-0.0030076245,-0.0011881839,0.00044631388,0.0020691135,0.0037124564,0.005426276,0.0071250247,0.009166112,0.011396112,0.013991221,0.017075844,0.020829495,0.02695408,0.038586978,0.0020691135,2023-01-25,2023-01-24,-0.0022216672089368,0.0042907807521939175,0.0042907807521939175,1.84107994633978e-05,0,1,0.037734695
r7_all_external,3,2,-0.04106993,-0.02705155,-0.020476203,-0.016292635,-0.013085217,-0.010459754,-0.008124856,-0.0060900464,-0.0041410774,-0.0024076088,-0.000673117,0.0010742454,0.002895975,0.0047149374,0.0068955044,0.009308889,0.0121381385,0.015543794,0.019601732,0.026342494,0.03836988,-0.000673117,2023-01-26,2023-01-24,0.0193095497439804,-0.019982666743658714,0.019982666743658714,0.00039930697018812395,0,1,0.040077936
r7_all_external,3,3,-0.042682175,-0.028099207,-0.021150509,-0.016684787,-0.013310796,-0.010516333,-0.008036891,-0.0058686156,-0.0038226189,-0.0019493,-6.7746965e-05,0.0018073113,0.0037679642,0.0057149515,0.008020751,0.010586896,0.01354342,0.017061798,0.021253183,0.028200071,0.040890977,-6.7746965e-05,2023-01-27,2023-01-24,0.0099051495315105,-0.009972896496725111,0.009972896496725111,9.945866453439199e-05,0,1,0.04240369
r7_all_external,3,4,-0.042320877,-0.027419757,-0.02034604,-0.015786365,-0.012341431,-0.009541453,-0.0070450334,-0.0048739393,-0.002801582,-0.00091672735,0.0009912692,0.0029049634,0.0048755575,0.0068569556,0.009151007,0.0116952155,0.014659496,0.01815485,0.022278238,0.02920673,0.041742317,0.0009912692,2023-01-30,2023-01-24,-0.0204256152916658,0.021416884539272197,0.021416884539272197,0.00045868294336851647,0,0,0.04262428
r7_all_external,3,5,-0.043570887,-0.028741958,-0.02151736,-0.016960265,-0.013507422,-0.010689348,-0.008210806,-0.006018097,-0.003914303,-0.0019998883,-9.819747e-05,0.0018174439,0.0038109638,0.005785746,0.0081227,0.010708635,0.013694593,0.01724821,0.021565061,0.028686164,0.04168642,-9.819747e-05,2023-01-31,2023-01-24,0.0148746010740544,-0.014972798547616722,0.014972798547616722,0.00022418469634751342,0,1,0.043082424
r7_all_external,4,1,-0.04367769,-0.028868001,-0.02183264,-0.01725464,-0.01371276,-0.010755704,-0.008202709,-0.0059420927,-0.0037911804,-0.0018486796,9.840808e-05,0.0020860194,0.0041275374,0.0061413147,0.008509052,0.011105786,0.014080298,0.017600983,0.0218126,0.028578777,0.040929366,9.840808e-05,2023-02-01,2023-01-31,0.0211582091057085,-0.02105980102227708,0.02105980102227708,0.0004435152190979027,1,1,0.04364524
r7_all_external,4,2,-0.044021536,-0.029121077,-0.02214417,-0.017601468,-0.014066806,-0.01116388,-0.008573197,-0.006321564,-0.0041556186,-0.0022164586,-0.00027083338,0.001703578,0.0037282153,0.00575024,0.008129369,0.010732695,0.013758408,0.01736188,0.021571103,0.028416408,0.04035154,-0.00027083338,2023-02-02,2023-01-31,0.0352610161728343,-0.03553184955056068,0.03553184955056068,0.001262512332483679,0,0,0.043715276
r7_all_external,4,3,-0.043408085,-0.028212205,-0.02095038,-0.01620039,-0.012574174,-0.0095901815,-0.0069657275,-0.0046947333,-0.002572705,-0.00063985155,0.0013008402,0.0032484904,0.0052594873,0.007254088,0.009566611,0.012134684,0.015060256,0.01852771,0.022589432,0.029256267,0.04122597,0.0013008402,2023-02-03,2023-01-31,-0.017932327289362,0.019233167462278652,0.019233167462278652,0.00036991473063205426,0,1,0.043539815
r7_all_external,4,4,-0.042771343,-0.028391456,-0.021531105,-0.017014487,-0.013506415,-0.0106426645,-0.008067603,-0.0058254027,-0.0036799947,-0.00174207,0.00018994312,0.0021373576,0.0041278433,0.0061491523,0.008482983,0.011069273,0.014051426,0.017538616,0.021607842,0.028319487,0.04032371,0.00018994312,2023-02-06,2023-01-31,-0.0084950927191433,0.008685035841820805,0.008685035841820805,7.542984757371202e-05,0,1,0.043138947
r7_all_external,4,5,-0.043274734,-0.028763337,-0.021651894,-0.017099503,-0.013628879,-0.010786787,-0.008276929,-0.0060703442,-0.0039638085,-0.0020595356,-0.00015365698,0.001761866,0.0037655607,0.0057444093,0.00807985,0.010643858,0.013570662,0.017028641,0.02115009,0.027774632,0.039885987,-0.00015365698,2023-02-07,2023-01-31,0.0205069744018541,-0.020660631378035182,0.020660631378035182,0.0004268616889390519,0,1,0.042801984
r7_all_external,5,1,-0.047631547,-0.030545207,-0.022520343,-0.01735986,-0.013414902,-0.0101564685,-0.007324106,-0.004831606,-0.0024787704,-0.0003487951,0.0017758951,0.0039325044,0.006132489,0.008291298,0.010827717,0.013577351,0.01674023,0.020452313,0.024860881,0.031744536,0.044713806,0.0017758951,2023-02-08,2023-02-07,-0.0179409360620829,0.019716831191040826,0.019716831191040826,0.0003887534322160004,0,1,0.047381222
r7_all_external,5,2,-0.049142,-0.032441165,-0.024685323,-0.01963874,-0.015678938,-0.012409596,-0.009465977,-0.0069128135,-0.004442841,-0.0022311183,-2.7339935e-05,0.0022151165,0.004496311,0.006777643,0.009470239,0.0124311345,0.015847104,0.019888634,0.024548221,0.032003272,0.045381837,-2.7339935e-05,2023-02-09,2023-02-07,-0.0088773330739221,0.008849993139317858,0.008849993139317858,7.832237856597315e-05,1,1,0.049233545
r7_all_external,5,3,-0.050666813,-0.033371616,-0.02527748,-0.0200073,-0.015954057,-0.012575852,-0.009567365,-0.006943644,-0.004469854,-0.002204118,6.500703e-05,0.0023303733,0.004642773,0.0069474503,0.009641218,0.012607392,0.01595938,0.019889178,0.024419844,0.031712156,0.04497714,6.500703e-05,2023-02-10,2023-02-07,-0.0065848338652944,0.006649840894046407,0.006649840894046407,4.422038391613192e-05,0,1,0.049697325
r7_all_external,5,4,-0.04916557,-0.032456532,-0.0247186,-0.019659681,-0.015670322,-0.012369466,-0.00939251,-0.006781213,-0.004271207,-0.0020133401,0.00023678379,0.002487507,0.004777475,0.0070656654,0.009730651,0.012678192,0.016060676,0.019974854,0.024509532,0.03180435,0.044976935,0.00023678379,2023-02-13,2023-02-07,0.0158891323804265,-0.015652348592585522,0.015652348592585522,0.00024499601646381397,1,1,0.04922813
r7_all_external,5,5,-0.049220756,-0.032257915,-0.024226246,-0.019099757,-0.015125061,-0.011846666,-0.008917084,-0.0063355854,-0.0038482985,-0.0016114631,0.0006151282,0.0028382977,0.005136046,0.007383313,0.010016071,0.012897802,0.016133675,0.019872518,0.024189008,0.03096465,0.04387022,0.0006151282,2023-02-14,2023-02-07,0.0073621354680275,-0.006747007268457619,0.006747007268457619,4.552210708061994e-05,1,1,0.048415255
r7_all_external,6,1,-0.04291017,-0.028501756,-0.021532767,-0.016993083,-0.0134716965,-0.010552794,-0.008004207,-0.005745525,-0.0036026987,-0.0016633316,0.00027519692,0.0022525976,0.0042842454,0.006275682,0.008621524,0.011178518,0.014111372,0.017587187,0.021771824,0.02872053,0.04219444,0.00027519692,2023-02-15,2023-02-14,0.0076314809733262,-0.007356284058299446,0.007356284058299446,5.411491514639057e-05,1,1,0.043304592
r7_all_external,6,2,-0.043189794,-0.028427612,-0.02125364,-0.016607609,-0.0130006345,-0.010055624,-0.007438402,-0.0051729092,-0.0029947432,-0.0010476466,0.0008978921,0.0028689757,0.004890019,0.0068957065,0.009246439,0.011790654,0.0146984905,0.018126639,0.02212328,0.028902281,0.041905742,0.0008978921,2023-02-16,2023-02-14,-0.0189424734073557,0.019840365517871085,0.019840365517871085,0.00039364010388272795,0,1,0.043376923
r7_all_external,6,3,-0.04348775,-0.028750243,-0.021530451,-0.016800305,-0.013179446,-0.010200518,-0.007553604,-0.005261643,-0.0031128423,-0.0011659937,0.0007821078,0.0027351053,0.004746925,0.0067387144,0.00906769,0.01163492,0.0145641295,0.018061835,0.022200562,0.029175963,0.04237838,0.0007821078,2023-02-17,2023-02-14,-0.0070806970446996,0.007862804862640014,0.007862804862640014,6.182370030795546e-05,0,1,0.04373101
r7_all_external,6,4,-0.042781617,-0.02853817,-0.02162458,-0.017063556,-0.013508862,-0.010597964,-0.007974067,-0.0056808954,-0.0034880098,-0.001513462,0.00046045543,0.0024502454,0.00448212,0.006540416,0.008917865,0.01156176,0.014617913,0.018206913,0.02244134,0.029622784,0.042937793,0.00046045543,2023-02-21,2023-02-14,-0.0239597385794969,0.024420194006443182,0.024420194006443182,0.0005963458753123235,0,0,0.044065922
r7_all_external,6,5,-0.043306753,-0.028886447,-0.02173246,-0.017127987,-0.013591518,-0.01067812,-0.008095933,-0.00581282,-0.0036208553,-0.0016465404,0.0003312182,0.0023139978,0.0043810382,0.006415941,0.008806558,0.011429197,0.0144094,0.017936513,0.022200963,0.029306464,0.04275571,0.0003312182,2023-02-22,2023-02-14,0.0007478792879324,-0.0004166610790475797,0.0004166610790475797,1.7360645479309347e-07,1,1,0.04393342
r7_all_external,7,1,-0.04535062,-0.030065514,-0.023272246,-0.018991772,-0.015718134,-0.013014983,-0.010701787,-0.008643841,-0.006699333,-0.0049324445,-0.0031380143,-0.0013301302,0.000509137,0.0022894656,0.00437802,0.0066453908,0.009252962,0.012404031,0.0162942,0.022784514,0.03542722,-0.0031380143,2023-02-23,2023-02-22,0.0086960001826702,-0.011834014530894006,0.011834014530894006,0.0001400438999174105,0,1,0.039566446
r7_all_external,7,2,-0.045101866,-0.029318849,-0.022345524,-0.017955843,-0.014581425,-0.011820125,-0.009357917,-0.007191999,-0.0051128305,-0.003224804,-0.0012830184,0.00067024305,0.0026543108,0.004601341,0.0068821516,0.009371475,0.012258685,0.015736382,0.019871728,0.02676733,0.039379448,-0.0012830184,2023-02-24,2023-02-22,-0.0168857319559351,0.01560271357180629,0.01560271357180629,0.00024344467080382822,1,1,0.042217255
r7_all_external,7,3,-0.045401324,-0.028687332,-0.021102933,-0.016280293,-0.012641803,-0.009645501,-0.00700601,-0.004694587,-0.002514843,-0.00048365403,0.0016332188,0.0037557352,0.0059191408,0.008008455,0.010415137,0.013072875,0.016064616,0.01964382,0.023853237,0.030891499,0.044153973,0.0016332188,2023-02-27,2023-02-22,0.0071359332098312,-0.005502714370997927,0.005502714370997927,3.0279865448787114e-05,1,1,0.04495617
r7_all_external,7,4,-0.045019973,-0.028363362,-0.020941343,-0.016223252,-0.012634115,-0.009709348,-0.007088694,-0.0047905706,-0.002570085,-0.0004972111,0.0016628199,0.0038300436,0.0060418267,0.008235372,0.010737335,0.013495773,0.01666869,0.02045252,0.024895558,0.032262042,0.04609451,0.0016628199,2023-02-28,2023-02-22,-0.0012937763052507,0.002956596184380229,0.002956596184380229,8.74146099749173e-06,0,1,0.045836903
r7_all_external,7,5,-0.049167667,-0.032543883,-0.024927994,-0.020202765,-0.016638417,-0.013718616,-0.011123047,-0.008820106,-0.0065901065,-0.004529877,-0.0024132198,-0.0002703503,0.0019247212,0.0040634703,0.006545194,0.009254655,0.012331951,0.01603653,0.02049853,0.02790491,0.04204704,-0.0024132198,2023-03-01,2023-02-22,-0.0080716312184522,0.0056584114461729375,0.0056584114461729375,3.2017620094180914e-05,1,1,0.045426525
r7_all_external,8,1,-0.036946364,-0.024573725,-0.01860703,-0.014691462,-0.011647294,-0.009096513,-0.0068624094,-0.004872329,-0.002979987,-0.0012654671,0.00045338966,0.0021944833,0.003978809,0.0057154302,0.0077706,0.010001514,0.012565401,0.015605403,0.019285724,0.025371911,0.03719026,0.00045338966,2023-03-02,2023-03-01,0.0082418768716725,-0.007788487214476843,0.007788487214476843,6.066053309006925e-05,1,1,0.03789275
r7_all_external,8,2,-0.037360303,-0.02487954,-0.018871292,-0.014930409,-0.011838899,-0.009270505,-0.006967671,-0.0049539865,-0.0030048229,-0.0012591003,0.0005029808,0.002282836,0.004097318,0.005884154,0.007994347,0.010297008,0.012951383,0.016115112,0.019854853,0.026151054,0.03797297,0.0005029808,2023-03-03,2023-03-01,0.020462795192698,-0.019959814412841555,0.019959814412841555,0.00039839419139507746,1,0,0.038726144
r7_all_external,8,3,-0.03808334,-0.025342742,-0.019091854,-0.01497038,-0.011805465,-0.009162124,-0.006813086,-0.004762091,-0.0028362917,-0.001074127,0.00071099104,0.0024906662,0.004313694,0.006094424,0.008188626,0.010499049,0.0131372055,0.016280394,0.020026274,0.026286403,0.038210623,0.00071099104,2023-03-06,2023-03-01,0.0011338980081591,-0.0004229069715465596,0.0004229069715465596,1.7885030658268256e-07,1,1,0.039118126
r7_all_external,8,4,-0.037401076,-0.024832034,-0.018736336,-0.014721256,-0.011606008,-0.009032337,-0.006699452,-0.0046601337,-0.0027156284,-0.0009492968,0.00082144304,0.0025935902,0.0043941303,0.00619225,0.008274885,0.010589716,0.013260536,0.016401542,0.020147542,0.026438585,0.038259633,0.00082144304,2023-03-07,2023-03-01,-0.0123415330922968,0.013162976134083352,0.013162976134083352,0.0001732639407064479,0,1,0.03888388
r7_all_external,8,5,-0.038180474,-0.025326425,-0.018980015,-0.014902353,-0.011776943,-0.009183681,-0.0068734307,-0.0048092376,-0.0028265964,-0.0010127617,0.0007993105,0.0026105768,0.0044686473,0.0062764524,0.008399654,0.010747819,0.013424227,0.016593477,0.020411016,0.026668325,0.038647305,0.0007993105,2023-03-08,2023-03-01,0.0049816744576051,-0.00418236394755832,0.00418236394755832,1.7492168189835612e-05,1,1,0.039391033
r7_all_external,9,1,-0.031380426,-0.018540148,-0.012738757,-0.009138895,-0.0064508487,-0.0042557516,-0.00237267,-0.00066683884,0.00095383055,0.0024269307,0.0039300285,0.0054456564,0.0069862846,0.008483621,0.0102664,0.012202684,0.014442266,0.017113062,0.020388983,0.025683152,0.035993062,0.0039300285,2023-03-09,2023-03-08,-0.0174777454882048,0.02140777401617988,0.02140777401617988,0.0004582927883278265,0,0,0.03312774
r7_all_external,9,2,-0.037566613,-0.024780884,-0.019087475,-0.015551798,-0.012863473,-0.010665062,-0.00871891,-0.0069991834,-0.0053258296,-0.0038135273,-0.002258563,-0.00071438326,0.00085203,0.0023772942,0.0041838917,0.006139373,0.00843077,0.011201059,0.014515649,0.019991385,0.030069722,-0.002258563,2023-03-10,2023-03-08,-0.0141430761934709,0.011884513244916146,0.011884513244916146,0.0001412416550685873,1,1,0.033603124
r7_all_external,9,3,-0.036952544,-0.024084559,-0.018296039,-0.014700529,-0.012003632,-0.009765439,-0.007777551,-0.0060123727,-0.0043445467,-0.0028041126,-0.001217908,0.00036162476,0.0019572892,0.0035080325,0.005304513,0.0072646653,0.009499116,0.012174977,0.0153788505,0.020627856,0.030583473,-0.001217908,2023-03-13,2023-03-08,0.0073889910625397,-0.008606899055662635,0.008606899055662635,7.407871135436637e-05,0,1,0.03367489
r7_all_external,9,4,-0.037143037,-0.024235817,-0.018399687,-0.014721371,-0.011922432,-0.009615076,-0.0075380495,-0.005703742,-0.003947067,-0.002325359,-0.0006618703,0.0010025976,0.0026613453,0.004304031,0.006167826,0.008214076,0.010569256,0.013341302,0.01662456,0.022060314,0.03244338,-0.0006618703,2023-03-14,2023-03-08,0.0227198468759511,-0.023381717166010698,0.023381717166010698,0.0005467046976313193,0,0,0.035024248
r7_all_external,9,5,-0.035609648,-0.022806374,-0.016801726,-0.013064353,-0.010214662,-0.00784886,-0.005764469,-0.0038901446,-0.0020876245,-0.00040211336,0.0013237903,0.0030628475,0.004807485,0.006484295,0.008415111,0.010509861,0.012889785,0.015715744,0.019108113,0.024627194,0.035507996,0.0013237903,2023-03-15,2023-03-08,0.0052320206903445,-0.003908230400882887,0.003908230400882887,1.5274264866385213e-05,1,1,0.03590984
r7_all_external,10,1,-0.04326593,-0.023275767,-0.015038793,-0.010178309,-0.0066209594,-0.0037562433,-0.0012606671,0.0010045909,0.003181527,0.005171734,0.0072224666,0.009273136,0.0113609275,0.013428164,0.015935672,0.0186188,0.02178532,0.02553604,0.03020518,0.037820194,0.05535643,0.0072224666,2023-03-16,2023-03-15,0.0260194127605386,-0.0187969461240895,0.0187969461240895,0.00035332518359192333,1,1,0.045243975
r7_all_external,10,2,-0.045540042,-0.02458009,-0.016090143,-0.0110545205,-0.007332437,-0.0043235677,-0.0016776546,0.00068756833,0.0030052233,0.0051250965,0.007322493,0.009536922,0.011844548,0.014129052,0.016853329,0.01990661,0.02343235,0.027658226,0.032623004,0.041058008,0.059883073,0.007322493,2023-03-17,2023-03-15,-0.0047370347383138,0.012059527747583038,0.012059527747583038,0.00014543220949472522,0,1,0.048713148
r7_all_external,10,3,-0.05644918,-0.03511449,-0.026320705,-0.021025743,-0.017073758,-0.013833695,-0.010944215,-0.008374486,-0.0059672203,-0.0037448502,-0.0014623365,0.00077127246,0.0030564405,0.0053447876,0.008058791,0.011120012,0.014671855,0.019007178,0.024271205,0.03324882,0.052973848,-0.0014623365,2023-03-20,2023-03-15,0.0035424803903469,-0.005004816903560713,0.005004816903560713,2.504819223816704e-05,0,1,0.05059191
r7_all_external,10,4,-0.052121636,-0.031941768,-0.023601452,-0.018460568,-0.014531697,-0.011315443,-0.008415664,-0.0058631855,-0.0034080148,-0.0011468242,0.0011599351,0.003465441,0.005805482,0.008174935,0.010940816,0.014051074,0.017660262,0.021999873,0.027158007,0.03600412,0.05520511,0.0011599351,2023-03-21,2023-03-15,0.0141813144076155,-0.013021379265701908,0.013021379265701908,0.00016955631798125156,1,1,0.050759457
r7_all_external,10,5,-0.052258004,-0.03159502,-0.022802386,-0.017598115,-0.013654831,-0.010410726,-0.007558745,-0.0050027254,-0.0025292595,-0.00024302532,0.002090352,0.0044526975,0.006870613,0.009273639,0.012054551,0.015138824,0.018656813,0.022850873,0.027782356,0.0362112,0.05563341,0.002090352,2023-03-22,2023-03-15,-0.0136914171817484,0.015781769070658334,0.015781769070658334,0.00024906423499958805,0,1,0.05058474
r7_all_external,11,1,-0.03934609,-0.025812209,-0.019552002,-0.015454924,-0.012265229,-0.009582805,-0.007241139,-0.005164856,-0.003193186,-0.0014183079,0.00035119697,0.0021517663,0.0040051863,0.005829339,0.007991937,0.010356765,0.013078733,0.016308565,0.020187741,0.026428694,0.037447035,0.00035119697,2023-03-23,2023-03-22,0.0117884985240139,-0.011437301554154598,0.011437301554154598,0.00013081186684066716,1,1,0.039739743
r7_all_external,11,2,-0.039592374,-0.025874266,-0.01952379,-0.015368589,-0.012130882,-0.009444782,-0.0070466204,-0.004948469,-0.0029316307,-0.0011352473,0.0006638245,0.0024882518,0.004374423,0.006242062,0.008453818,0.010875405,0.01366417,0.016964162,0.020823238,0.027073648,0.037856445,0.0006638245,2023-03-24,2023-03-22,0.0036737147071858,-0.003009890211326356,0.003009890211326356,9.059439084238216e-06,1,1,0.04034703
r7_all_external,11,3,-0.04044992,-0.02657869,-0.020091195,-0.015820833,-0.0125379935,-0.0098089175,-0.0073735155,-0.0052465857,-0.0032512618,-0.001442992,0.00036645366,0.0021755395,0.004058846,0.0059293266,0.008142467,0.010596648,0.013408616,0.016764075,0.020716175,0.027115973,0.038132656,0.00036645366,2023-03-27,2023-03-22,-0.0068751671728668,0.007241620836312809,0.007241620836312809,5.244107233691982e-05,0,1,0.04080737
r7_all_external,11,4,-0.03934661,-0.025812527,-0.019669745,-0.015593984,-0.012413671,-0.009783082,-0.00738744,-0.00528207,-0.0032681646,-0.0014396142,0.00039002247,0.002227158,0.0041079246,0.006019918,0.008237628,0.0107142795,0.013580797,0.01694437,0.020887855,0.027282238,0.038136113,0.00039002247,2023-03-28,2023-03-22,-0.0053255299509548,0.00571555242017362,0.00571555242017362,3.266753946775253e-05,0,1,0.0405576
r7_all_external,11,5,-0.03937499,-0.025798973,-0.01937829,-0.015254496,-0.012098412,-0.009476702,-0.0071486966,-0.0050750775,-0.0030816945,-0.0012754895,0.00052232516,0.0023258554,0.0042079655,0.006068163,0.008261162,0.010680507,0.013426973,0.016653392,0.020477686,0.026554585,0.037264228,0.00052232516,2023-03-29,2023-03-22,0.0180695041814693,-0.017547179016830842,0.017547179016830842,0.0003079034914487086,1,1,0.039855976
r7_all_external,12,1,-0.033275716,-0.02008397,-0.013885209,-0.010060511,-0.007221427,-0.004916356,-0.0029458166,-0.0011985039,0.00045034452,0.0019381595,0.003434417,0.00494939,0.006497321,0.008031778,0.009864963,0.011865823,0.014191692,0.0169792,0.020391738,0.025970291,0.037165016,0.003434417,2023-03-30,2023-03-29,0.0094208040587384,-0.005986386987917472,0.005986386987917472,3.5836829169107615e-05,1,1,0.034276947
r7_all_external,12,2,-0.035477974,-0.022467356,-0.016333766,-0.012523807,-0.0096598305,-0.0073371697,-0.0052836146,-0.0034859134,-0.0017388526,-0.00017107466,0.0014204968,0.0030187229,0.0046582236,0.0062676985,0.008165738,0.01023108,0.012605281,0.015427603,0.018751852,0.024353147,0.03530962,0.0014204968,2023-03-31,2023-03-29,0.0164941723763124,-0.015073675529763186,0.015073675529763186,0.00022721569397658148,1,1,0.03508562
r7_all_external,12,3,-0.037027203,-0.023936529,-0.017730901,-0.013827759,-0.010931722,-0.008563724,-0.006481249,-0.0046612173,-0.002950018,-0.0013902022,0.00019129601,0.0017709009,0.003395907,0.005006553,0.006900784,0.008987367,0.011380101,0.014264731,0.017743899,0.023568235,0.035082456,0.00019129601,2023-04-03,2023-03-29,-0.0024333940319017,0.0026246900461379865,0.0026246900461379865,6.888997838295826e-06,0,1,0.0354748
r7_all_external,12,4,-0.035892684,-0.02298862,-0.016907169,-0.0130622955,-0.010175286,-0.007842049,-0.005755684,-0.003949087,-0.0022339935,-0.00067964476,0.00088336424,0.0024616842,0.004061601,0.005685746,0.0075531933,0.009628258,0.012028657,0.0148581425,0.01823837,0.023912648,0.034985207,0.00088336424,2023-04-04,2023-03-29,-0.0033789779525106,0.004262342187561576,0.004262342187561576,1.8167560923867203e-05,0,1,0.035145536
r7_all_external,12,5,-0.03530725,-0.022608934,-0.016480744,-0.012662801,-0.009804908,-0.00746527,-0.005413636,-0.00359059,-0.0018497094,-0.00025663647,0.0013471917,0.002965717,0.004634586,0.0062702973,0.008186425,0.010286422,0.01268566,0.015533248,0.018981108,0.02465485,0.035981346,0.0013471917,2023-04-05,2023-03-29,-0.0099217046698915,0.011268896418100798,0.011268896418100798,0.000126988026481885,0,1,0.03546185
r7_all_external,13,1,-0.028229943,-0.017047469,-0.011704664,-0.008308136,-0.0057086656,-0.0035719047,-0.0016896804,9.4387615e-06,0.001633152,0.003105078,0.0046072025,0.006106127,0.0075876485,0.009009564,0.010681747,0.012451359,0.014497362,0.0169275,0.019896738,0.024684481,0.03452031,0.0046072025,2023-04-06,2023-04-05,0.0067195768010278,-0.002112374315824057,0.002112374315824057,4.462125250153154e-06,1,1,0.031601403
r7_all_external,13,2,-0.028505981,-0.017660437,-0.012377465,-0.008953836,-0.0063037714,-0.004118328,-0.0021567391,-0.00043227512,0.0012525689,0.0027796254,0.0043387474,0.0058676093,0.0074065938,0.008869514,0.010574027,0.012444282,0.014547018,0.017072234,0.020087924,0.025097862,0.035204202,0.0043387474,2023-04-10,2023-04-05,-0.0005661991030468,0.0049049464591337695,0.0049049464591337695,2.4058499766968904e-05,0,1,0.03246539
r7_all_external,13,3,-0.029896386,-0.01938321,-0.0143076135,-0.011011712,-0.008462549,-0.0063012615,-0.004341661,-0.0025949213,-0.00092320214,0.0006254693,0.0022201813,0.0038091345,0.0054003606,0.0069332873,0.00871433,0.010674657,0.012872448,0.015530491,0.01873187,0.023988646,0.034442373,0.0022201813,2023-04-11,2023-04-05,-0.0064381489962189,0.008658330278828601,0.008658330278828601,7.496668321728017e-05,0,1,0.033039484
r7_all_external,13,4,-0.030887928,-0.02010938,-0.014916323,-0.011546414,-0.008926947,-0.006752167,-0.004753509,-0.0029893885,-0.0012844098,0.00028752442,0.0019066628,0.003540941,0.005164862,0.0067603667,0.008558449,0.010541123,0.012790815,0.0154263405,0.018562913,0.023731612,0.03386954,0.0019066628,2023-04-12,2023-04-05,-0.0088732423491183,0.010779905179269918,0.010779905179269918,0.0001162063556740504,0,1,0.033479236
r7_all_external,13,5,-0.03190265,-0.021116763,-0.015922679,-0.01258609,-0.009985252,-0.0078017167,-0.005826313,-0.004030039,-0.0022709565,-0.00062041695,0.0010795891,0.0028035026,0.0045361863,0.0061914483,0.008092308,0.010157246,0.012462447,0.015168421,0.018396493,0.023571337,0.03407448,0.0010795891,2023-04-13,2023-04-05,0.0193929675084669,-0.01831337837997264,0.01831337837997264,0.00033537982768804924,1,0,0.03431917
r7_all_external,14,1,-0.030411026,-0.019181216,-0.013858214,-0.010469715,-0.007887503,-0.00575074,-0.0038985172,-0.0022519573,-0.0006969513,0.0007037539,0.002101173,0.0035216883,0.0049748057,0.0064113173,0.008117738,0.009981583,0.01213046,0.014684807,0.017776614,0.022783743,0.03263592,0.002101173,2023-04-14,2023-04-13,-0.0018816519287805,0.003982824854684893,0.003982824854684893,1.5862893823095743e-05,0,1,0.03163483
r7_all_external,14,2,-0.031116387,-0.020136416,-0.014949339,-0.011626522,-0.009078383,-0.006976508,-0.0050949235,-0.0034482507,-0.0018520623,-0.00042075795,0.0010120829,0.0024603852,0.0039452156,0.00542074,0.0071697813,0.00907463,0.011266508,0.013875687,0.016931763,0.02200948,0.03172008,0.0010120829,2023-04-17,2023-04-13,0.0008471181588541,0.00016496475131109068,0.00016496475131109068,2.7213369175129993e-08,1,1,0.0318811
r7_all_external,14,3,-0.032145113,-0.02079697,-0.015444447,-0.012015845,-0.009416415,-0.0072611887,-0.0053522033,-0.003675852,-0.0021020328,-0.0006714952,0.00076480175,0.00221265,0.0037097516,0.005201265,0.006956856,0.008896053,0.011113852,0.0137715135,0.016920794,0.022095805,0.031982705,0.00076480175,2023-04-18,2023-04-13,6.280041075873191e-05,0.0007020013382695335,0.0007020013382695335,4.928058789322161e-07,1,1,0.03236524
r7_all_external,14,4,-0.03237491,-0.02099617,-0.015651822,-0.012223206,-0.009610555,-0.0074823033,-0.0055705956,-0.0039074374,-0.002326169,-0.00089194276,0.00054247724,0.002001162,0.0034900801,0.0049989605,0.0067376057,0.008667127,0.010885556,0.013489677,0.016579531,0.021717133,0.03149955,0.00054247724,2023-04-19,2023-04-13,-0.0004704163280929,0.0010128935670162113,0.0010128935670162113,1.0259533781028242e-06,0,1,0.032231353
r7_all_external,14,5,-0.03240249,-0.021267379,-0.015876798,-0.012448089,-0.009862461,-0.0077392072,-0.0058639953,-0.0042092344,-0.0026356406,-0.0012056505,0.00023352221,0.0016891189,0.0032158787,0.004721012,0.006505192,0.008464198,0.010703465,0.01336513,0.016590448,0.02188507,0.03217977,0.00023352221,2023-04-20,2023-04-13,-0.0076538410755792,0.007887363284452383,0.007887363284452383,6.221049958092749e-05,0,1,0.032467246
r7_all_external,15,1,-0.024083314,-0.015399078,-0.011359718,-0.008799227,-0.006834853,-0.0052128662,-0.0037931527,-0.0025177193,-0.001299421,-0.00020043424,0.00091113255,0.0020508678,0.0032082498,0.004327025,0.0056386334,0.007055659,0.008668032,0.010579821,0.012907138,0.01684276,0.025077473,0.00091113255,2023-04-21,2023-04-20,0.0010425101363159,-0.00013137758738018855,0.00013137758738018855,1.726007046583908e-08,1,1,0.024266856
r7_all_external,15,2,-0.025610961,-0.016807865,-0.012778172,-0.010221502,-0.008255627,-0.006629886,-0.0051617357,-0.0038674634,-0.0025965308,-0.0014494708,-0.0002744759,0.0009234508,0.0021429283,0.003352612,0.0047862986,0.0063485554,0.008147722,0.0103188865,0.012893746,0.017234433,0.025827177,-0.0002744759,2023-04-24,2023-04-20,-0.0020865018792049,0.001812025982473881,0.001812025982473881,3.2834381611604336e-06,1,1,0.025671918
r7_all_external,15,3,-0.025199836,-0.01618426,-0.011967747,-0.009243775,-0.0071402495,-0.0053770547,-0.003802062,-0.0024121213,-0.001097645,0.000111737696,0.0013494754,0.0025996193,0.0038619917,0.00508206,0.006502325,0.008062877,0.0098390095,0.011983598,0.014552621,0.01890143,0.02786794,0.0013494754,2023-04-25,2023-04-20,-0.0190439519412711,0.020393427292433354,0.020393427292433354,0.0004158918767317656,0,0,0.026520368
r7_all_external,15,4,-0.02620698,-0.017018678,-0.012699794,-0.009934001,-0.007823618,-0.0060970783,-0.0045338953,-0.0031698667,-0.0018562617,-0.00065264816,0.0005768922,0.00182243,0.0030776951,0.0043350332,0.0057616453,0.0073340135,0.009139417,0.011282107,0.013843894,0.018207833,0.026901633,0.0005768922,2023-04-26,2023-04-20,0.0060463247687046,-0.005469432541304505,0.005469432541304505,2.991469232388066e-05,1,1,0.026543688
r7_all_external,15,5,-0.026650982,-0.01765644,-0.013368808,-0.010657646,-0.008606041,-0.0069048065,-0.0053834114,-0.0040186415,-0.0026955516,-0.0014688936,-0.00021162718,0.0010633662,0.0023730656,0.003643132,0.0051281196,0.006751244,0.008584738,0.010790836,0.013494661,0.018052317,0.027189666,-0.00021162718,2023-04-27,2023-04-20,0.0268277234258742,-0.027039350604816055,0.027039350604816055,0.0007311264811301663,0,0,0.026863469
r7_all_external,16,1,-0.030627789,-0.020335544,-0.015349094,-0.012111786,-0.009578516,-0.0074515026,-0.0055549233,-0.003834555,-0.0021759588,-0.00065220124,0.0008938024,0.002482526,0.0040957364,0.005667781,0.0075095445,0.009509062,0.011784877,0.014462716,0.01764902,0.022844873,0.03322199,0.0008938024,2023-04-28,2023-04-27,0.0068750159256159,-0.005981213543563955,0.005981213543563955,3.577491545371288e-05,1,1,0.032998115
r7_all_external,16,2,-0.031601857,-0.020994056,-0.015806824,-0.012435703,-0.009798808,-0.0076091867,-0.0056299274,-0.0038842196,-0.0021671336,-0.0006141213,0.0009595633,0.0025665583,0.0041898764,0.0057844273,0.0076473784,0.009651223,0.011914663,0.014563489,0.01762653,0.022751352,0.0328774,0.0009595633,2023-05-01,2023-04-27,-0.0011474643211766,0.0021070276230527873,0.0021070276230527873,4.439565404307479e-06,0,1,0.033433355
r7_all_external,16,3,-0.032096047,-0.021505497,-0.016340356,-0.012983593,-0.010386633,-0.00820339,-0.006235051,-0.0044905194,-0.0028315543,-0.001308506,0.0002460819,0.001826887,0.0034420008,0.0050503737,0.006934704,0.008992414,0.011321682,0.014077231,0.017305952,0.022612147,0.032864194,0.0002460819,2023-05-02,2023-04-27,-0.0087599178883239,0.009005999797023025,0.009005999797023025,8.110803234397876e-05,0,1,0.033646308
r7_all_external,16,4,-0.031203378,-0.021017835,-0.016182706,-0.013014262,-0.010520022,-0.008425598,-0.006485927,-0.0047655297,-0.0030912815,-0.0015543156,-2.9030343e-07,0.0015884795,0.0031872808,0.0047959704,0.0066339434,0.008665691,0.0109894965,0.0137108825,0.016930947,0.022285108,0.032525726,-2.9030343e-07,2023-05-03,2023-04-27,-0.0065654694599192,0.006565179156486352,0.006565179156486352,4.310157735676284e-05,1,1,0.03311365
r7_all_external,16,5,-0.03143449,-0.02113868,-0.016116483,-0.012908416,-0.01042551,-0.008349565,-0.00648281,-0.0048061856,-0.0031784233,-0.0016778957,-0.00013670501,0.0014263842,0.0030548687,0.004645998,0.006517498,0.008559625,0.0108653,0.013596458,0.016864313,0.022198148,0.03259413,-0.00013670501,2023-05-04,2023-04-27,-0.0035360465834588,0.003399341569884699,0.003399341569884699,1.155552310874617e-05,1,1,0.032980796
r7_all_external,17,1,-0.027488118,-0.017558223,-0.013150994,-0.010384493,-0.008243793,-0.0064545125,-0.0048851273,-0.0034643603,-0.00209337,-0.00085178664,0.00041563367,0.0017048714,0.003015657,0.0043059275,0.0058271806,0.007493729,0.009391735,0.011656504,0.014372683,0.018885193,0.0279869,0.00041563367,2023-05-05,2023-05-04,0.0210316998006338,-0.020616066135236037,0.020616066135236037,0.00042502218289242614,1,0,0.027523678
r7_all_external,17,2,-0.02684922,-0.016897114,-0.012472634,-0.009677308,-0.00752681,-0.0057516657,-0.004157967,-0.0027541865,-0.0013802226,-0.00014405073,0.0011171427,0.0023997712,0.003706495,0.0049856673,0.006493045,0.0081306705,0.010000389,0.01221965,0.014812163,0.01915684,0.027817918,0.0011171427,2023-05-08,2023-05-04,0.0024743442720162,-0.0013572015397610394,0.0013572015397610394,1.8419960195297363e-06,1,1,0.027284797
r7_all_external,17,3,-0.026982311,-0.016982798,-0.01252451,-0.009723543,-0.0075905,-0.005827944,-0.004257018,-0.0028800035,-0.0015808283,-0.00039936608,0.0008128557,0.0020430586,0.0033156986,0.0045744246,0.0060684877,0.007736304,0.009639342,0.011926147,0.014627508,0.019045874,0.027711406,0.0008128557,2023-05-09,2023-05-04,-0.0063534401697938,0.007166295893573448,0.007166295893573448,5.1355796834247665e-05,0,1,0.027152017
r7_all_external,17,4,-0.027426636,-0.017273901,-0.012771764,-0.009942355,-0.0077855517,-0.0060209567,-0.004417872,-0.0030285858,-0.0017005244,-0.0004840733,0.0007515471,0.0020050919,0.0032699052,0.004551641,0.0060178516,0.0076593203,0.00954941,0.011792961,0.014461921,0.018897688,0.027604477,0.0007515471,2023-05-10,2023-05-04,0.0108230081340718,-0.010071461026133124,0.010071461026133124,0.00010143432720091848,1,1,0.027233684
r7_all_external,17,5,-0.028017187,-0.017859694,-0.0133116655,-0.010503616,-0.008390553,-0.006640931,-0.005091943,-0.0037128644,-0.0023806675,-0.0011482107,0.00010929731,0.001382418,0.0026913192,0.0039796922,0.005506769,0.007190811,0.009106744,0.011415139,0.014212443,0.018810123,0.027887078,0.00010929731,2023-05-11,2023-05-04,0.0032548086431355,-0.0031455113324348597,0.0031455113324348597,9.894241542476127e-06,1,1,0.027524108
r7_all_external,18,1,-0.023125023,-0.0146455765,-0.010708481,-0.008269771,-0.006423159,-0.004915961,-0.0035999804,-0.0024403613,-0.001335483,-0.00034421822,0.0006401378,0.0016490108,0.002682743,0.003704844,0.004908385,0.006222926,0.0077270945,0.009521071,0.011696256,0.015419541,0.0232087,0.0006401378,2023-05-12,2023-05-11,-0.0035931080239036,0.004233245843476883,0.004233245843476883,1.7920370371314307e-05,0,1,0.022404738
r7_all_external,18,2,-0.023519857,-0.014869271,-0.010864133,-0.008371461,-0.006485895,-0.004959133,-0.0036005161,-0.0024382954,-0.001311973,-0.00031757983,0.00067104294,0.0016856887,0.002716522,0.0037524987,0.0049812244,0.006329215,0.007860393,0.009708558,0.011909921,0.015689427,0.02340761,0.00067104294,2023-05-15,2023-05-11,0.0054001509528436,-0.004729108008538955,0.004729108008538955,2.236446255642728e-05,1,1,0.022774054
r7_all_external,18,3,-0.024079299,-0.015199589,-0.011097467,-0.0085417535,-0.0066205026,-0.005047548,-0.0036638977,-0.0024665173,-0.0013444308,-0.0003306063,0.00068303023,0.0017126217,0.0027732104,0.0038361195,0.005097099,0.0065026153,0.008099373,0.010041448,0.01235484,0.016263328,0.024186922,0.00068303023,2023-05-16,2023-05-11,0.0011317018770057,-0.00044867164701253544,0.00044867164701253544,2.013062468329412e-07,1,1,0.023452306
r7_all_external,18,4,-0.024461051,-0.015402738,-0.011244069,-0.008646393,-0.006690427,-0.0051140375,-0.0037020321,-0.002491037,-0.0013383209,-0.00030154837,0.00074398145,0.0018112031,0.0028954549,0.0039910395,0.0052490486,0.006658345,0.008277677,0.010211453,0.012528048,0.016464574,0.024283437,0.00074398145,2023-05-17,2023-05-11,0.0120316188721409,-0.011287637421344773,0.011287637421344773,0.00012741075855574288,1,1,0.023772117
r7_all_external,18,5,-0.023791546,-0.015106154,-0.01107746,-0.008577249,-0.0067053055,-0.005171596,-0.003808787,-0.0026172902,-0.001476096,-0.0004476261,0.0005941286,0.0016452009,0.002735654,0.0038064392,0.005080554,0.006494933,0.008097663,0.010042915,0.012428198,0.016470533,0.024593925,0.0005941286,2023-05-18,2023-05-11,0.0184027146388466,-0.017808586017104472,0.017808586017104472,0.0003171457359286089,1,0,0.023505658
r7_all_external,19,1,-0.022999091,-0.014617124,-0.010503624,-0.007962685,-0.006043455,-0.0044932174,-0.0031672448,-0.0019948105,-0.000878809,0.000117102914,0.0011242011,0.0021473276,0.0031846392,0.0041942107,0.0053758845,0.0066617304,0.0081135,0.009843804,0.011920831,0.01533323,0.022301983,0.0011242011,2023-05-19,2023-05-18,-0.0022558587156006,0.0033800598252334496,0.0033800598252334496,1.1424804422157178e-05,0,1,0.022424456
r7_all_external,19,2,-0.024005203,-0.015400546,-0.011265543,-0.008704076,-0.0067860023,-0.0052484353,-0.003901396,-0.002755959,-0.0016475398,-0.00067331793,0.00032821583,0.0013349224,0.0023586361,0.003375,0.0045889043,0.005916987,0.0074621793,0.009322797,0.011532492,0.015166851,0.022214508,0.00032821583,2023-05-22,2023-05-18,0.003352598639055,-0.0030243828104239267,0.0030243828104239267,9.146891383987729e-06,1,1,0.022798035
r7_all_external,19,3,-0.0234251,-0.014716432,-0.010477762,-0.007829583,-0.0058342954,-0.0042203376,-0.0028153146,-0.0016058993,-0.00047676516,0.0005339449,0.0015656849,0.0026008573,0.003661492,0.004702808,0.0059263464,0.0072859013,0.008836914,0.010704424,0.012904843,0.016470196,0.023595931,0.0015656849,2023-05-23,2023-05-18,-0.0127575831205775,0.014323268034235106,0.014323268034235106,0.0002051560071805412,0,0,0.023382604
r7_all_external,19,4,-0.023243228,-0.014507255,-0.010223306,-0.0075328257,-0.0055195745,-0.0039175805,-0.0024998472,-0.0013030494,-0.00017743694,0.0008374574,0.0018686239,0.0029122776,0.003955824,0.005009328,0.0062030302,0.0075312178,0.009063866,0.0108765755,0.012994225,0.01646191,0.023392318,0.0018686239,2023-05-24,2023-05-18,-0.0051424875099382,0.0070111114008522225,0.0070111114008522225,4.915568307516001e-05,0,1,0.02321753
r7_all_external,19,5,-0.022628937,-0.014323536,-0.010164003,-0.007575833,-0.005647947,-0.004085914,-0.002730835,-0.0015627577,-0.00046817446,0.00051996164,0.0015236874,0.0025312004,0.0035582376,0.0045592654,0.0057442337,0.0070559327,0.008550323,0.010345778,0.012504784,0.016024964,0.023158278,0.0015236874,2023-05-25,2023-05-18,0.0240414859954386,-0.022517798607621993,0.022517798607621993,0.000507051254133423,1,0,0.022668786
r7_all_external,20,1,-0.026369909,-0.016147424,-0.011588401,-0.00875956,-0.0066181314,-0.004853983,-0.0033253245,-0.0019390249,-0.0006068882,0.00060523744,0.0018488558,0.0031060567,0.0043627196,0.005570292,0.006984865,0.008502369,0.010213997,0.012244513,0.0146824205,0.018606031,0.026788792,0.0018488558,2023-05-26,2023-05-25,0.0252296513550687,-0.023380795600708142,0.023380795600708142,0.0005466616029220933,1,0,0.026270822
r7_all_external,20,2,-0.027045915,-0.01687846,-0.012361656,-0.009545242,-0.0074032247,-0.00564918,-0.0040888223,-0.002708882,-0.0013537912,-0.00013020902,0.0011406383,0.002415335,0.0036956035,0.004936255,0.0063944487,0.007962392,0.009750284,0.011872935,0.0143517265,0.018391712,0.026576389,0.0011406383,2023-05-30,2023-05-25,0.0045246532534874,-0.0033840149989045184,0.0033840149989045184,1.1451557512810748e-05,1,1,0.026713382
r7_all_external,20,3,-0.02791337,-0.017480053,-0.012875603,-0.009999646,-0.00782168,-0.006014647,-0.0044151684,-0.0030005784,-0.0016574766,-0.00042547702,0.0008551866,0.002134438,0.0034262734,0.004684002,0.0061482657,0.0077455873,0.00955032,0.011693157,0.014217669,0.018252684,0.026499113,0.0008551866,2023-05-31,2023-05-25,-0.0057024013032606,0.006557587908155298,0.006557587908155298,4.3001959173184574e-05,0,1,0.027093273
r7_all_external,20,4,-0.027981002,-0.017705752,-0.013247536,-0.010473558,-0.00836506,-0.0066288305,-0.005046361,-0.0036594153,-0.002328874,-0.0010899021,0.00017970671,0.0014621795,0.0027252238,0.003984379,0.005408826,0.006973051,0.00875762,0.0108441375,0.013298621,0.017277695,0.025309581,0.00017970671,2023-06-01,2023-05-25,0.0114859799462648,-0.011306273237387452,0.011306273237387452,0.00012783181451846373,1,1,0.026546158
r7_all_external,20,5,-0.026018957,-0.016181335,-0.011733774,-0.0089865085,-0.006905986,-0.005176292,-0.0036450985,-0.0022807687,-0.00097432453,0.00024368908,0.0014969656,0.002760699,0.004030421,0.0052513294,0.006669087,0.008205056,0.009941351,0.011998486,0.01443919,0.018351717,0.02648883,0.0014969656,2023-06-02,2023-05-25,0.0074717597119565,-0.005974794064281403,0.005974794064281403,3.569816411057229e-05,1,1,0.026172964
r7_all_external,21,1,-0.02248335,-0.013975278,-0.009907278,-0.007332626,-0.0053688167,-0.0037496968,-0.0023381389,-0.0010814732,0.00011106041,0.0011762804,0.0022392774,0.003311927,0.004404912,0.00547625,0.006742337,0.008109469,0.009676789,0.011532125,0.01377174,0.017434234,0.024964763,0.0022392774,2023-06-05,2023-06-02,0.0007045504264739,0.0015347269270363606,0.0015347269270363606,2.3553867405704704e-06,1,1,0.023679018
r7_all_external,21,2,-0.023287607,-0.0149477,-0.011044807,-0.008567124,-0.0066647986,-0.005092399,-0.0036799272,-0.0024390812,-0.0012262899,-0.00014557134,0.0009481538,0.0020595416,0.003190826,0.004313027,0.005647332,0.007102342,0.00876407,0.010748759,0.013080175,0.016931428,0.024445307,0.0009481538,2023-06-06,2023-06-02,-0.0001691905428187,0.001117344328248595,0.001117344328248595,1.2484583478693038e-06,0,1,0.024124982
r7_all_external,21,3,-0.024540884,-0.01588227,-0.011790454,-0.009206059,-0.007238845,-0.0055989204,-0.004135854,-0.002840773,-0.0016122714,-0.0004897758,0.0006520859,0.0017966937,0.0029708866,0.0041221064,0.005473155,0.006952116,0.008625623,0.01063398,0.013013778,0.016928062,0.024712024,0.0006520859,2023-06-07,2023-06-02,-0.0171107318366459,0.017762817709944246,0.017762817709944246,0.0003155176929967089,0,0,0.024804233
r7_all_external,21,4,-0.024697352,-0.015780773,-0.011606877,-0.0089600105,-0.0069418973,-0.0052808123,-0.0037720802,-0.0024590145,-0.0011973173,-4.7741632e-05,0.0011194815,0.0023049694,0.0034982385,0.0046966113,0.006068183,0.007580713,0.009311287,0.011340001,0.01372609,0.017637376,0.025224855,0.0011194815,2023-06-08,2023-06-02,0.0123367327936661,-0.011217251277595435,0.011217251277595435,0.00012582672622471643,1,1,0.025332967
r7_all_external,21,5,-0.024645237,-0.015859267,-0.0117183495,-0.009102907,-0.0070952866,-0.005416691,-0.0039156773,-0.0025728855,-0.001266488,-5.765693e-05,0.0011697236,0.0024162035,0.0036865103,0.0049244333,0.006370041,0.007947379,0.009718832,0.011806104,0.014276874,0.018263256,0.026223289,0.0011697236,2023-06-09,2023-06-02,0.0038155301771962,-0.002645806602192755,0.002645806602192755,7.000292576206771e-06,1,1,0.025995225
r7_all_external,22,1,-0.023807015,-0.015356978,-0.011141108,-0.008500539,-0.006502907,-0.0048778867,-0.0034661968,-0.0022247937,-0.0010503456,8.401694e-06,0.0010605992,0.0021357068,0.0032326677,0.004320883,0.005605568,0.0070066527,0.008612625,0.010533926,0.012860521,0.016787197,0.025108347,0.0010605992,2023-06-12,2023-06-09,0.0167558990218552,-0.01569529979348799,0.01569529979348799,0.00024634243560746414,1,0,0.024001628
r7_all_external,22,2,-0.023900954,-0.015489821,-0.011347215,-0.008744862,-0.006780847,-0.0051859682,-0.0037710608,-0.002564985,-0.001398942,-0.00036446052,0.00067070243,0.0017280213,0.0028032425,0.003884404,0.005176211,0.0066011,0.008230018,0.010203444,0.01255573,0.016574092,0.024752222,0.00067070243,2023-06-13,2023-06-09,0.0076545720961307,-0.006983869666642399,0.006983869666642399,4.877443552064781e-05,1,1,0.023902945
r7_all_external,22,3,-0.024299651,-0.015723057,-0.011467063,-0.008797129,-0.0067880005,-0.0051479144,-0.0037085433,-0.0024588886,-0.0012856774,-0.00021933622,0.0008526387,0.0019346133,0.0030414828,0.004141409,0.0054384572,0.0068790596,0.008517145,0.010517608,0.012906587,0.01697704,0.025439158,0.0008526387,2023-06-14,2023-06-09,0.0072412842753781,-0.006388645594424568,0.006388645594424568,4.081479253116044e-05,1,1,0.02437365
r7_all_external,22,4,-0.024277015,-0.015538772,-0.011216749,-0.008497776,-0.006450096,-0.0048085013,-0.003347993,-0.0021063432,-0.00092937506,0.00011923217,0.0011745817,0.002256889,0.0033614475,0.0044703633,0.0057510165,0.007191199,0.008846868,0.010832771,0.013196841,0.017210955,0.025353774,0.0011745817,2023-06-15,2023-06-09,0.0118453596174816,-0.010670777914682995,0.010670777914682995,0.00011386550130448637,1,1,0.02441359
r7_all_external,22,5,-0.023776442,-0.015337546,-0.01115368,-0.008526269,-0.006542693,-0.0049161287,-0.003474681,-0.002214807,-0.0010100814,7.5827316e-05,0.0011781771,0.0022866803,0.0034275574,0.004540857,0.005855698,0.0073212944,0.008977939,0.010987241,0.013423244,0.017533585,0.026024675,0.0011781771,2023-06-16,2023-06-09,-0.0063128088774829,0.007490985951080808,0.007490985951080808,5.611487051929004e-05,0,1,0.024576925
r7_all_external,23,1,-0.02396413,-0.015357465,-0.011248226,-0.008715766,-0.0068022436,-0.00524425,-0.00389156,-0.0026886715,-0.0015252342,-0.00048026044,0.0005846082,0.0016713623,0.0027660134,0.0038418043,0.005097108,0.0064568166,0.00798961,0.009801222,0.0119631365,0.015553967,0.023027483,0.0005846082,2023-06-20,2023-06-16,-0.0014325067080124,0.0020171148847355227,0.0020171148847355227,4.068752458221601e-06,0,1,0.023211364
r7_all_external,23,2,-0.02362098,-0.01485789,-0.010752196,-0.008202342,-0.0062822946,-0.0047302386,-0.0033567462,-0.0021752182,-0.0010217521,1.3185345e-06,0.0010445984,0.0021058852,0.003168834,0.0042201974,0.005456861,0.006798516,0.008323496,0.010141611,0.012278469,0.01583796,0.02304171,0.0010445984,2023-06-21,2023-06-16,-0.0137214581073898,0.014766056515433185,0.014766056515433185,0.00021803642501696684,0,0,0.023030665
r7_all_external,23,3,-0.023204183,-0.014437158,-0.010275108,-0.0077100033,-0.00578627,-0.004216182,-0.0028366612,-0.0016441208,-0.0005219055,0.0004929936,0.0015345493,0.0025777235,0.0036382498,0.004681479,0.0059034075,0.0072561633,0.008780793,0.010619282,0.012788127,0.016341502,0.023667779,0.0015345493,2023-06-22,2023-06-16,0.011729675160402,-0.010195125873812973,0.010195125873812973,0.00010394059158289073,1,1,0.023063235
r7_all_external,23,4,-0.022320634,-0.013654075,-0.009564996,-0.0070245457,-0.0051090284,-0.0035623258,-0.002172531,-0.0009913753,0.00012507473,0.0011242722,0.0021320735,0.003149895,0.004156871,0.005170016,0.0063174414,0.0075943046,0.009049164,0.010777234,0.012816593,0.016203828,0.023263743,0.0021320735,2023-06-23,2023-06-16,-0.0099627606043514,0.012094834114789604,0.012094834114789604,0.00014628501226427842,0,0,0.022381589
r7_all_external,23,5,-0.022010596,-0.013689276,-0.009718786,-0.007272548,-0.005428017,-0.0039134747,-0.0025758906,-0.0014069334,-0.0002931989,0.00071427214,0.001737776,0.0027611656,0.0037917611,0.0047926763,0.005970276,0.0072654663,0.008726328,0.010479086,0.012595815,0.01608553,0.023376439,0.001737776,2023-06-26,2023-06-16,-0.0134962083103563,0.015233984289919894,0.015233984289919894,0.00023207427734552616,0,0,0.0223146
r7_all_external,24,1,-0.02304455,-0.01498143,-0.011100031,-0.008610497,-0.0066807065,-0.0050701336,-0.0036494315,-0.0023686297,-0.0011353105,-7.15848e-06,0.0011425391,0.0023250023,0.0035075776,0.004648248,0.005976166,0.00740377,0.009019043,0.010933888,0.013247286,0.017039604,0.024755627,0.0011425391,2023-06-27,2023-06-26,0.0170480945144602,-0.015905555430502528,0.015905555430502528,0.00025298669355278846,1,0,0.024347316
r7_all_external,24,2,-0.023075182,-0.014979874,-0.011138238,-0.008651374,-0.0067138732,-0.0051025306,-0.0036480583,-0.0023670574,-0.0011096445,3.2873446e-05,0.001202291,0.0023912955,0.0035806082,0.0047418415,0.006098333,0.007561029,0.009210824,0.01117359,0.013485991,0.01733944,0.025019541,0.001202291,2023-06-28,2023-06-26,0.0019496425274241,-0.0007473515333089261,0.0007473515333089261,5.585343143392029e-07,1,1,0.024624228
r7_all_external,24,3,-0.02310952,-0.014879413,-0.010967558,-0.008443374,-0.0064950595,-0.0048591336,-0.0033958443,-0.0020985927,-0.00086858263,0.000260227,0.0014157664,0.0025835573,0.0037581823,0.004903581,0.006240655,0.0077050887,0.009356358,0.011347788,0.013708087,0.01757069,0.025306216,0.0014157664,2023-06-29,2023-06-26,-0.0020047757929046,0.003420542219266697,0.003420542219266697,1.1700109073785943e-05,0,1,0.024675645
r7_all_external,24,4,-0.023695804,-0.0152795855,-0.01122435,-0.008613903,-0.00661566,-0.0049787746,-0.0034947777,-0.0022057886,-0.00097399217,0.00015464779,0.0013049878,0.0024763409,0.0036461493,0.0048071276,0.0061215963,0.00756716,0.009203272,0.011135052,0.013423214,0.017200692,0.024677824,0.0013049878,2023-06-30,2023-06-26,0.0153026439258629,-0.013997656107860199,0.013997656107860199,0.00019593437651391592,1,0,0.024647564
r7_all_external,24,5,-0.023365445,-0.015294272,-0.011365078,-0.008833456,-0.0068801916,-0.005241976,-0.0037807743,-0.0024658185,-0.0012029019,-4.306683e-05,0.0011458512,0.00233537,0.003537516,0.0046935743,0.006040234,0.0075097424,0.009161116,0.011127178,0.0134987915,0.017382938,0.025213538,0.0011458512,2023-07-03,2023-06-26,0.0023520286544612,-0.0012061774381822298,0.0012061774381822298,1.4548640123798468e-06,1,1,0.024863869
r7_all_external,25,1,-0.019171312,-0.011701653,-0.008343487,-0.0062729274,-0.004686659,-0.0033907413,-0.002261705,-0.0012481766,-0.00026405364,0.0006281562,0.0015497205,0.0024945408,0.0034297842,0.004332259,0.0053743813,0.006491569,0.007752516,0.00925744,0.011079938,0.014192421,0.021019598,0.0015497205,2023-07-05,2023-07-03,-2.6749910601002063e-05,0.0015764704419305147,0.0015764704419305147,2.4852590542805924e-06,0,1,0.019423425
r7_all_external,25,2,-0.019922616,-0.012361601,-0.008990141,-0.0068994397,-0.0052953786,-0.0039892765,-0.002828052,-0.0018156758,-0.0008075007,9.8367855e-05,0.0010449066,0.0020070234,0.002960539,0.0038991806,0.0049892864,0.0061584227,0.007490913,0.009087154,0.01098475,0.014212911,0.021012658,0.0010449066,2023-07-06,2023-07-03,-0.0076450088604561,0.008689915419856361,0.008689915419856361,7.551463000425735e-05,0,1,0.019974891
r7_all_external,25,3,-0.020578422,-0.012635082,-0.009132535,-0.0069722673,-0.0053357957,-0.00397994,-0.0027746335,-0.0017118941,-0.0006904403,0.00025695257,0.0012519776,0.00225098,0.0032430403,0.0042076185,0.0053116893,0.006499742,0.0078337,0.009440283,0.011362109,0.014563024,0.021491012,0.0012519776,2023-07-07,2023-07-03,-0.0033255356303529,0.004577513265900419,0.004577513265900419,2.095362769949432e-05,0,1,0.020494644
r7_all_external,25,4,-0.0214472,-0.013373043,-0.009737576,-0.0074552814,-0.0057339636,-0.004332812,-0.0030638396,-0.0019697454,-0.0009102316,6.9324204e-05,0.0010856361,0.0021155132,0.003121959,0.004137074,0.0052628326,0.0064930753,0.007895376,0.0095605925,0.011543372,0.014894559,0.021936597,0.0010856361,2023-07-10,2023-07-03,0.0003273731723106,0.0007582629172453192,0.0007582629172453192,5.749626516693818e-07,1,1,0.021280948
r7_all_external,25,5,-0.02148904,-0.013593552,-0.009997282,-0.0077428957,-0.0060151536,-0.004574334,-0.0032947343,-0.0021447479,-0.0010321982,4.4061308e-06,0.0010795095,0.0021632777,0.0032359906,0.0042749974,0.0054781963,0.006787177,0.008273096,0.010069098,0.012248899,0.015896043,0.02355005,0.0010795095,2023-07-11,2023-07-03,0.0049285637019557,-0.0038490542015415666,0.0038490542015415666,1.4815218246404787e-05,1,1,0.022246182
r7_all_external,26,1,-0.02003992,-0.012554963,-0.009361391,-0.007418975,-0.0059446525,-0.0047478164,-0.0037205054,-0.0028039664,-0.0019094119,-0.0011157172,-0.0002951108,0.00054749066,0.0013882979,0.0022044738,0.0031687154,0.004227382,0.0054449583,0.0069381134,0.008781344,0.011944562,0.0185886,-0.0002951108,2023-07-12,2023-07-11,0.0125509115297961,-0.012846022333359249,0.012846022333359249,0.0001650202897891646,0,0,0.018142734
r7_all_external,26,2,-0.018544735,-0.010903682,-0.0076060803,-0.0055558584,-0.0039817253,-0.0027086097,-0.0015838934,-0.00060613384,0.00034727872,0.0011938075,0.0020761935,0.0029511142,0.0038272825,0.004673222,0.0056629987,0.0067356955,0.007957495,0.009461999,0.011274335,0.014403411,0.021080833,0.0020761935,2023-07-13,2023-07-11,0.0168359401762764,-0.014759746718807056,0.014759746718807056,0.00021785012320333567,1,0,0.018880416
r7_all_external,26,3,-0.020862732,-0.012882257,-0.009501046,-0.007449147,-0.0058932933,-0.004606912,-0.0034586878,-0.002437002,-0.0014586496,-0.0005533288,0.00040816714,0.0013718909,0.0023319344,0.0032550064,0.004315261,0.0054602902,0.0067582256,0.008345999,0.010268952,0.013494649,0.020247165,0.00040816714,2023-07-14,2023-07-11,-0.0002109015467391,0.0006190686826408492,0.0006190686826408492,3.8324603382667647e-07,0,1,0.019769996
r7_all_external,26,4,-0.022188772,-0.013942217,-0.010409198,-0.008237823,-0.006594922,-0.005258808,-0.0040360633,-0.0029757607,-0.0019505582,-0.0010026271,-1.835551e-05,0.0009673698,0.0019222565,0.002888036,0.003963117,0.005146871,0.0065266867,0.008204786,0.0102386335,0.01366925,0.020647023,-1.835551e-05,2023-07-17,2023-07-11,0.0092953861151,-0.009313741624482673,0.009313741624482673,8.674578304762113e-05,0,1,0.020647831
r7_all_external,26,5,-0.022231933,-0.014066207,-0.010491007,-0.008305879,-0.0066455333,-0.005260881,-0.0040316912,-0.0029172383,-0.0018429259,-0.0008351761,0.00021637313,0.0012724077,0.002315032,0.0033195734,0.004481303,0.0057405876,0.0072037713,0.008998964,0.011215738,0.014923939,0.022574887,0.00021637313,2023-07-18,2023-07-11,0.0081472340462976,-0.007930860920275081,0.007930860920275081,6.289855493674652e-05,1,1,0.021706745
r7_all_external,27,1,-0.019369645,-0.012231386,-0.008921691,-0.0068404553,-0.0052199806,-0.0038903865,-0.0027404188,-0.001704404,-0.00070214336,0.00019118085,0.0011118846,0.0020574993,0.0029929164,0.0038941873,0.0049424,0.006070322,0.0073356098,0.008838438,0.01064058,0.013595475,0.019585494,0.0011118846,2023-07-19,2023-07-18,-0.0002332234596016,0.0013451080610158038,0.0013451080610158038,1.8093156958096952e-06,0,1,0.01956227
r7_all_external,27,2,-0.019314617,-0.012131633,-0.0088245915,-0.006719463,-0.005068196,-0.0037143847,-0.0025066985,-0.0014571248,-0.00042055018,0.0004943185,0.0014413696,0.0023922417,0.0033315292,0.0042433045,0.00530028,0.0064249155,0.007691511,0.009198993,0.010968721,0.013891578,0.019791372,0.0014413696,2023-07-20,2023-07-18,-0.0233218944619509,0.024763264110042395,0.024763264110042395,0.0006132192493837138,0,0,0.019793313
r7_all_external,27,3,-0.01978645,-0.012336135,-0.008900813,-0.006715444,-0.005027218,-0.0036273156,-0.0023871597,-0.0013053194,-0.00028310268,0.0006417444,0.0016044417,0.0025687406,0.0035337089,0.00446897,0.0055448827,0.0067171496,0.008019054,0.0095832655,0.011420832,0.01437913,0.020324899,0.0016044417,2023-07-21,2023-07-18,-0.0030036478442139,0.004608089513983485,0.004608089513983485,2.1234488968884554e-05,0,1,0.020321645
r7_all_external,27,4,-0.02017481,-0.012647397,-0.009132016,-0.0068812706,-0.0051466785,-0.0037313476,-0.0024455613,-0.0013434986,-0.00029112474,0.00066691724,0.001647078,0.002636407,0.0035979778,0.0045638215,0.0056426744,0.0068290345,0.008174888,0.009762745,0.011616638,0.014635062,0.020620806,0.001647078,2023-07-24,2023-07-18,0.001595926555765,5.115141071644733e-05,5.115141071644733e-05,2.6164668182826825e-09,1,1,0.020748654
r7_all_external,27,5,-0.020118441,-0.012807939,-0.0092943935,-0.007053072,-0.0053220442,-0.0038796521,-0.002600846,-0.0014645834,-0.0003762113,0.00062397023,0.0016536908,0.0026872705,0.0037074154,0.004686942,0.005817866,0.007047947,0.008434865,0.010090802,0.012063766,0.015226112,0.02159074,0.0016536908,2023-07-25,2023-07-18,0.0067548667537705,-0.005101175931347996,0.005101175931347996,2.602199588256409e-05,1,1,0.021358158
r7_all_external,28,1,-0.021120911,-0.012597347,-0.008661564,-0.0062224152,-0.00438058,-0.0028836029,-0.0015998102,-0.00046123864,0.00061378465,0.0015826898,0.002564706,0.0035642358,0.0045649046,0.005541968,0.0067033796,0.007953557,0.009395791,0.011118303,0.013222039,0.016725294,0.024079414,0.002564706,2023-07-26,2023-07-25,-0.0033320030631799,0.005896708971478393,0.005896708971478393,3.4771176694313765e-05,0,1,0.021883603
r7_all_external,28,2,-0.022742294,-0.013999292,-0.009928372,-0.007386835,-0.0054491134,-0.0038661475,-0.0024575288,-0.0012240683,-1.7578e-05,0.001070184,0.0021865817,0.0033088047,0.0044325525,0.005528808,0.006806919,0.008175351,0.009713308,0.011544433,0.013686155,0.017325299,0.02485559,0.0021865817,2023-07-27,2023-07-25,-0.0023868178677164,0.004573399592971055,0.004573399592971055,2.091598383698781e-05,0,1,0.023614526
r7_all_external,28,3,-0.024078682,-0.01502994,-0.010920547,-0.008370001,-0.006450486,-0.004866196,-0.003460019,-0.002220609,-0.0010391494,5.6010183e-05,0.0011988544,0.002347879,0.0035068167,0.004643997,0.0059614214,0.007398807,0.009022809,0.010976354,0.01330924,0.017224414,0.02521599,0.0011988544,2023-07-28,2023-07-25,0.0180508396179979,-0.016851985204183056,0.016851985204183056,0.00028398940532200465,1,0,0.024229787
r7_all_external,28,4,-0.024761138,-0.015417825,-0.0110834045,-0.008363431,-0.006326109,-0.004682107,-0.0032036055,-0.0019257161,-0.00070878677,0.00041193515,0.0015542133,0.002720035,0.0038767003,0.0050369813,0.0063520866,0.0078039705,0.009451736,0.011403768,0.013718986,0.017616997,0.02542088,0.0015542133,2023-07-31,2023-07-25,0.000521392842211,0.0010328205056337795,0.0010328205056337795,1.0667181968576158e-06,1,1,0.02480239
r7_all_external,28,5,-0.0247742,-0.015664862,-0.011412044,-0.008765961,-0.0067759603,-0.0051362794,-0.0036880653,-0.0023888513,-0.0011341269,3.4807366e-05,0.0012445009,0.0024740766,0.0037188034,0.00492553,0.006330841,0.007857157,0.0095846625,0.01164433,0.014135453,0.018245047,0.026522515,0.0012445009,2023-08-01,2023-07-25,-0.0023224135397624,0.0035669144012655837,0.0035669144012655837,1.2722878345955818e-05,0,1,0.025547497
r7_all_external,29,1,-0.02270287,-0.013609752,-0.009349821,-0.0066934978,-0.0046768812,-0.0030398874,-0.0016343567,-0.0003810688,0.00082127034,0.0018939945,0.0030015726,0.0041184416,0.005224092,0.0063020764,0.0075763995,0.008943805,0.010505407,0.012369388,0.014627499,0.018322848,0.025734207,0.0030015726,2023-08-02,2023-08-01,-0.0221886192819113,0.02519019184615557,0.02519019184615557,0.0006345457652461226,0,0,0.02397732
r7_all_external,29,2,-0.023803208,-0.014542261,-0.010236479,-0.007525769,-0.0054470687,-0.003744104,-0.0022361076,-0.000911774,0.00039717183,0.0015776636,0.0028080535,0.0040382724,0.0052788984,0.0064681773,0.00785112,0.009346896,0.011019356,0.013014214,0.015350147,0.01922854,0.026945425,0.0028080535,2023-08-03,2023-08-01,-0.0016038595662548,0.004411913078381007,0.004411913078381007,1.9464977011189378e-05,0,1,0.025586627
r7_all_external,29,3,-0.026994469,-0.017799769,-0.013532768,-0.010844557,-0.008787531,-0.007067935,-0.0055325115,-0.0041625663,-0.0028498706,-0.0016299231,-0.0003388864,0.0009480198,0.0022467843,0.0035049012,0.0049591437,0.006538664,0.0083071245,0.010439409,0.012989523,0.017168652,0.025385953,-0.0003388864,2023-08-04,2023-08-01,-0.0046927748078882,0.004353888409066131,0.004353888409066131,1.8956344278600406e-05,1,1,0.02652229
r7_all_external,29,4,-0.026939837,-0.017937532,-0.0138499485,-0.011236281,-0.009211972,-0.007527358,-0.005971412,-0.0045992094,-0.0032544401,-0.0020017307,-0.0006886255,0.0006380209,0.0019459133,0.0032579226,0.0047361036,0.0063581187,0.008202053,0.0103830015,0.012985813,0.017286189,0.025526244,-0.0006886255,2023-08-07,2023-08-01,0.0084313684432052,-0.009119993942811332,0.009119993942811332,8.317428951691539e-05,0,1,0.026835762
r7_all_external,29,5,-0.02637853,-0.017157128,-0.012847474,-0.010132393,-0.008041703,-0.00629841,-0.004745381,-0.0033282866,-0.0019427291,-0.00062342465,0.000752055,0.0021595198,0.0035630937,0.0049157534,0.006456878,0.008120688,0.009991229,0.012213239,0.014856575,0.019125003,0.027592728,0.000752055,2023-08-08,2023-08-01,-0.0085387037068401,0.009290758734827908,0.009290758734827908,8.631819786878108e-05,0,1,0.027704049
r7_all_external,30,1,-0.025157524,-0.016961975,-0.01315168,-0.010728596,-0.008890697,-0.0073858737,-0.0060878615,-0.0049248417,-0.0037988876,-0.0027800717,-0.0017349677,-0.0006841393,0.00038120378,0.0014340343,0.00268887,0.004067043,0.005669759,0.0076423762,0.0100937225,0.014376268,0.023077935,-0.0017349677,2023-08-09,2023-08-08,-0.0110554963224507,0.009320528629695537,0.009320528629695537,8.687225393697417e-05,1,1,0.023245402
r7_all_external,30,2,-0.021026585,-0.012613498,-0.008658716,-0.0061236857,-0.004182979,-0.0026096124,-0.0012096349,1.49497955e-05,0.0012012831,0.002277311,0.0033900186,0.0044835475,0.005610634,0.006691733,0.007959339,0.00934996,0.010956239,0.012928846,0.015338173,0.019615794,0.028449148,0.0033900186,2023-08-10,2023-08-08,0.0018464159928446,0.0015436026025379712,0.0015436026025379712,2.3827089945619978e-06,1,1,0.02399689
r7_all_external,30,3,-0.025375,-0.016834753,-0.012928961,-0.01048813,-0.008645283,-0.0071352166,-0.005793534,-0.004605691,-0.003482037,-0.0024429972,-0.0013565735,-0.00027515704,0.00082797493,0.0018975661,0.00315681,0.0045344257,0.006121054,0.0080700535,0.010488303,0.014698414,0.023200102,-0.0013565735,2023-08-11,2023-08-08,-0.0063958634790211,0.005039289936441091,0.005039289936441091,2.5394443063516456e-05,1,1,0.023417264
r7_all_external,30,4,-0.02586764,-0.017165277,-0.013135758,-0.0106062265,-0.008713071,-0.007198771,-0.005829068,-0.004654921,-0.0035402256,-0.0025178483,-0.001454323,-0.00036496756,0.00072221033,0.001826904,0.0030811229,0.004493008,0.006171231,0.00822729,0.010805937,0.0153117785,0.02410296,-0.001454323,2023-08-14,2023-08-08,0.0111595394982643,-0.012613862446384834,0.012613862446384834,0.00015910952581631757,0,0,0.023941696
r7_all_external,30,5,-0.024596615,-0.016221061,-0.012241053,-0.009736652,-0.007839218,-0.0062735523,-0.0049022045,-0.0036788417,-0.002513378,-0.0014315223,-0.00031384337,0.0008178992,0.0019621975,0.0030881683,0.0044064997,0.005857397,0.0075493753,0.009634374,0.012293245,0.016890718,0.025990143,-0.00031384337,2023-08-15,2023-08-08,-0.0106682657008915,0.010354422333270198,0.010354422333270198,0.00010721406185572465,1,1,0.024534298
r7_all_external,31,1,-0.022156917,-0.013778307,-0.009893977,-0.0075011468,-0.005696136,-0.004232089,-0.0029818316,-0.0018661853,-0.00079435145,0.0001640424,0.0011478608,0.0021541913,0.003153999,0.0041130735,0.0052335504,0.00646001,0.0078652,0.009579275,0.011706438,0.015377396,0.023387127,0.0011478608,2023-08-16,2023-08-15,-0.0106454049149103,0.011793265692474646,0.011793265692474646,0.0001390811156932995,0,0,0.021600414
r7_all_external,31,2,-0.02503069,-0.016368698,-0.012471527,-0.0100898845,-0.008303546,-0.006861592,-0.0055938847,-0.004491308,-0.0034055118,-0.0024306457,-0.0014109716,-0.0003896092,0.0006356997,0.0016508417,0.0028676738,0.004205958,0.005785718,0.007727525,0.010093598,0.014151788,0.0224098,-0.0014109716,2023-08-17,2023-08-15,-0.0109830747314802,0.009572103102978189,0.009572103102978189,9.162515781404467e-05,1,1,0.022565125
r7_all_external,31,3,-0.023675673,-0.0148705905,-0.010876866,-0.008396192,-0.00651425,-0.0049548736,-0.0035831013,-0.0023645803,-0.0012099216,-0.00014029068,0.00097272056,0.0020964455,0.0032124391,0.004290016,0.0055462006,0.006923734,0.008502949,0.010433394,0.012775025,0.016731357,0.025262672,0.00097272056,2023-08-18,2023-08-15,-0.0012557773095976,0.0022284978711466672,0.0022284978711466672,4.966202761705228e-06,0,1,0.02365189
r7_all_external,31,4,-0.024633856,-0.015995124,-0.0120106265,-0.009508313,-0.007631369,-0.0061116316,-0.004745951,-0.003569482,-0.0024356812,-0.0013909322,-0.00031475807,0.0007843134,0.0018707676,0.0029669185,0.0042050295,0.0055816965,0.007185417,0.009132274,0.01149981,0.015568787,0.023922095,-0.00031475807,2023-08-21,2023-08-15,0.0159831687795263,-0.016297926851435027,0.016297926851435027,0.00026562241965472685,0,0,0.023510437
r7_all_external,31,5,-0.023785952,-0.015418355,-0.011474633,-0.009016353,-0.007165513,-0.005647822,-0.0043165507,-0.0031383429,-0.0020100498,-0.0009654077,0.00011538105,0.0012096651,0.0023164202,0.0033992778,0.0046678497,0.006073988,0.0076851384,0.0096648205,0.012117299,0.016269878,0.02481583,0.00011538105,2023-08-22,2023-08-15,-0.0014299050643682,0.0015452861160962362,0.0015452861160962362,2.3879091805997907e-06,0,1,0.023591932
r7_all_external,32,1,-0.0179726,-0.010524352,-0.007146288,-0.005022282,-0.0034000343,-0.0020750768,-0.0009452802,7.893623e-05,0.0010610378,0.001923454,0.0028113483,0.0036839088,0.004548373,0.005380599,0.006366233,0.0074231545,0.008636805,0.010109415,0.01193293,0.015025512,0.021631563,0.0028113483,2023-08-23,2023-08-22,0.0156453750178487,-0.012834026719284148,0.012834026719284148,0.00016471224183129944,1,0,0.019079218
r7_all_external,32,2,-0.017672054,-0.009900172,-0.0064213728,-0.0042371736,-0.0025671034,-0.0012269907,-5.1014482e-05,0.0009713627,0.0019670923,0.0028510117,0.0037700594,0.004661479,0.005574526,0.006449094,0.0074799857,0.008610313,0.009899193,0.011473948,0.013349485,0.016558534,0.023297897,0.0037700594,2023-08-24,2023-08-22,-0.021607367593535,0.02537742703381997,0.02537742703381997,0.0006440138028568565,0,0,0.019770857
r7_all_external,32,3,-0.020384926,-0.012371744,-0.008824478,-0.0066346102,-0.004956253,-0.0035679543,-0.0023324925,-0.0012330702,-0.00019140179,0.00076546246,0.0017657737,0.0027571265,0.0037448604,0.004689945,0.00577473,0.0069574257,0.008288733,0.009909749,0.01188039,0.015183958,0.022090081,0.0017657737,2023-08-25,2023-08-22,0.0077213756064449,-0.0059556018583972505,0.0059556018583972505,3.5469193495744786e-05,1,1,0.02070487
r7_all_external,32,4,-0.023855753,-0.015740465,-0.012136753,-0.00989375,-0.00821309,-0.006865781,-0.005652701,-0.0046140216,-0.0036119707,-0.0026937276,-0.0017328078,-0.0007468272,0.00023108908,0.0012324237,0.0023686234,0.0036314225,0.005113571,0.006904254,0.009079313,0.012719596,0.019726072,-0.0017328078,2023-08-28,2023-08-22,0.0074991678284883,-0.009231975667777607,0.009231975667777607,8.52293747304378e-05,0,1,0.021216065
r7_all_external,32,5,-0.023842884,-0.015861727,-0.012296277,-0.010097103,-0.008417407,-0.00704767,-0.0058504757,-0.0047783847,-0.0037550977,-0.0027949424,-0.0018091493,-0.0007917866,0.00023268918,0.0012426949,0.0024234161,0.0037044594,0.005184418,0.006964603,0.0091296,0.012645254,0.0196134,-0.0018091493,2023-08-29,2023-08-22,0.0216047048707227,-0.023413854152775814,0.023413854152775814,0.0005482085662874573,0,0,0.021425877
r7_all_external,33,1,-0.02614105,-0.015786525,-0.01091769,-0.007912817,-0.0056637437,-0.0038227283,-0.0022216262,-0.0007670952,0.0006539605,0.0019457928,0.003283633,0.004634967,0.005957769,0.007243229,0.008726112,0.0103024235,0.012084101,0.014171215,0.016624251,0.020443909,0.027742032,0.003283633,2023-08-30,2023-08-29,0.0055611096663493,-0.002277476747156986,0.002277476747156986,5.186900333840766e-06,1,1,0.027541941
r7_all_external,33,2,-0.02627119,-0.016262693,-0.011605367,-0.008713436,-0.0065265023,-0.0047422675,-0.0031395955,-0.0017155795,-0.0002905677,0.0010013233,0.0023475685,0.0037001085,0.0050290823,0.0063157915,0.0077795247,0.00932185,0.011040026,0.013031605,0.015280617,0.018937172,0.02589353,0.0023475685,2023-08-31,2023-08-29,0.0029940241883801,-0.0006464556726919189,0.0006464556726919189,4.1790493675556134e-07,1,1,0.026885984
r7_all_external,33,3,-0.0278415,-0.017602319,-0.01293817,-0.010097216,-0.00798444,-0.0062385346,-0.004677623,-0.0032817272,-0.0019418617,-0.0006977308,0.00061812485,0.0019349954,0.0032495682,0.004539355,0.0060045104,0.0075715445,0.0093303565,0.011396483,0.013801911,0.017657576,0.024893414,0.00061812485,2023-09-01,2023-08-29,-0.0010586031472088,0.0016767279935778281,0.0016767279935778281,2.811416764447529e-06,0,1,0.026740082
r7_all_external,33,4,-0.027633471,-0.017459534,-0.012839544,-0.0100166425,-0.007901798,-0.0061639496,-0.004578971,-0.003191569,-0.0018445038,-0.0005846463,0.00070962054,0.0020326222,0.003313609,0.004601489,0.0060235336,0.0075556086,0.009290742,0.011298938,0.013638359,0.017440066,0.024615712,0.00070962054,2023-09-05,2023-08-29,0.0012704357526035,-0.0005608152153671671,0.0005608152153671671,3.1451370578732207e-07,1,1,0.026477903
r7_all_external,33,5,-0.026915744,-0.01718349,-0.012700794,-0.009987714,-0.007928046,-0.0062248823,-0.004723261,-0.0033779277,-0.0020783327,-0.00086167717,0.0004012966,0.0016750224,0.0029566733,0.0041947626,0.005635235,0.0071819806,0.008935772,0.011010313,0.013509507,0.017477157,0.02501364,0.0004012966,2023-09-06,2023-08-29,-0.0088471703969042,0.009248466991550028,0.009248466991550028,8.553414169379043e-05,0,1,0.0262103
r7_all_external,34,1,-0.023378104,-0.014957614,-0.010907608,-0.008413658,-0.0065378975,-0.005016062,-0.0037100655,-0.002555763,-0.0014555794,-0.00046706802,0.00054003345,0.0015662394,0.0025997707,0.0036041648,0.0047876495,0.0060832384,0.007568864,0.009378049,0.011613378,0.015475822,0.023412691,0.00054003345,2023-09-07,2023-09-06,-0.0071771395992647,0.0077171730477522205,0.0077171730477522205,5.9554759848953295e-05,0,1,0.022520985
r7_all_external,34,2,-0.023995198,-0.0154493125,-0.0113777835,-0.008852351,-0.006947181,-0.005402918,-0.00403794,-0.00286186,-0.0017196649,-0.0007065017,0.00033768782,0.0013923462,0.0024574874,0.003504108,0.00474563,0.0061095073,0.0076760524,0.009590676,0.011897569,0.015875794,0.023832304,0.00033768782,2023-09-08,2023-09-06,0.0013965694170855,-0.0010588816013131306,0.0010588816013131306,1.1212302455994597e-06,1,1,0.023275353
r7_all_external,34,3,-0.024626298,-0.015887385,-0.011697502,-0.009111351,-0.0071736616,-0.0055786194,-0.004175839,-0.002952434,-0.0017944244,-0.0007349955,0.0003555296,0.0014475515,0.00255079,0.0036230162,0.00488872,0.0062926053,0.00789355,0.009869286,0.01225793,0.016325137,0.02453091,0.0003555296,2023-09-11,2023-09-06,0.0117140049677535,-0.011358475368861766,0.011358475368861766,0.00012901496270503943,1,1,0.02395543
r7_all_external,34,4,-0.024943592,-0.016001891,-0.01170841,-0.009039698,-0.0070464355,-0.005446884,-0.0040114606,-0.0027867197,-0.0016215168,-0.0005567947,0.00054290664,0.0016626453,0.0027788584,0.0038851772,0.0051420406,0.006548474,0.008171971,0.010151802,0.012536614,0.0166104,0.024609182,0.00054290664,2023-09-12,2023-09-06,-0.0111505421770686,0.01169344881390647,0.01169344881390647,0.00013673674516345065,0,1,0.024245024
r7_all_external,34,5,-0.024193069,-0.015633477,-0.011499861,-0.0089338645,-0.00700462,-0.005424258,-0.0040327674,-0.0028082845,-0.001635449,-0.00055511063,0.00055181416,0.0016645859,0.002775878,0.0038492838,0.005114669,0.006528855,0.008156551,0.010167479,0.012650318,0.0168485,0.025092736,0.00055181416,2023-09-13,2023-09-06,0.003801875337276,-0.003250061182088542,0.003250061182088542,1.0562897687318771e-05,1,1,0.02415018
r7_all_external,35,1,-0.020164615,-0.012911345,-0.009620999,-0.0076298225,-0.0061484184,-0.0049621747,-0.0039602565,-0.003069708,-0.002208275,-0.0014377167,-0.0006419405,0.00016926177,0.000985119,0.0017857495,0.0027435198,0.0037942915,0.005019302,0.0065144333,0.008376301,0.011512942,0.01775794,-0.0006419405,2023-09-14,2023-09-13,0.0081439473666954,-0.008785887877527173,0.008785887877527173,7.719182579647894e-05,0,1,0.0179973
r7_all_external,35,2,-0.019700186,-0.012281954,-0.008879719,-0.0067757247,-0.0051861354,-0.003910087,-0.0027818389,-0.0017998978,-0.00083093194,3.843277e-05,0.00094766676,0.001857637,0.0027636136,0.0036605527,0.0047137015,0.005851136,0.007174143,0.008787535,0.010717639,0.013954083,0.020322995,0.00094766676,2023-09-15,2023-09-13,-0.0172713450484119,0.018219011810342932,0.018219011810342932,0.0003319323913454152,0,0,0.019597359
r7_all_external,35,3,-0.020195073,-0.01233317,-0.008705493,-0.006441117,-0.0047306805,-0.0033268663,-0.0020917293,-0.001001697,2.5936533e-05,0.0009690393,0.0019584002,0.0029462655,0.0039453483,0.0049163643,0.0060347235,0.0072726295,0.008683685,0.010388965,0.012442355,0.015829163,0.022515578,0.0019584002,2023-09-18,2023-09-13,0.0010419800872549,0.0009164201566383657,0.0009164201566383657,8.398259034930868e-07,1,1,0.021147847
r7_all_external,35,4,-0.020373987,-0.012424752,-0.008673746,-0.0062693204,-0.004446701,-0.0029683867,-0.0016305062,-0.000476829,0.00062041805,0.0016253564,0.0026581034,0.003683665,0.004683461,0.005696293,0.006824373,0.008067599,0.0094897235,0.011190992,0.013220572,0.016620547,0.023357589,0.0026581034,2023-09-19,2023-09-13,-0.0021335824115804,0.004791685771443562,0.004791685771443562,2.2960252532254687e-05,0,1,0.021894317
r7_all_external,35,5,-0.023351843,-0.015418181,-0.011698988,-0.009391306,-0.0076437974,-0.0062088273,-0.0049429447,-0.0038024534,-0.002696246,-0.0016520135,-0.00056449353,0.000539857,0.0016448996,0.0027223595,0.0039903764,0.0053627645,0.0069407197,0.008833107,0.011146538,0.014917242,0.022170048,-0.00056449353,2023-09-20,2023-09-13,-0.0145151657423048,0.01395067221234056,0.01395067221234056,0.00019462125517617107,1,0,0.022845525
r7_all_external,36,1,-0.023608966,-0.016428422,-0.013071443,-0.010894542,-0.009188066,-0.0077737034,-0.006541364,-0.005417403,-0.0043244446,-0.0033385425,-0.0023064804,-0.0012686539,-0.00022009993,0.00080744183,0.0020223453,0.003326713,0.004809549,0.0065851863,0.008702811,0.012155073,0.018737294,-0.0023064804,2023-09-21,2023-09-20,-0.0184944984894994,0.016188018063158106,0.016188018063158106,0.0002620519288131331,1,0,0.021774255
r7_all_external,36,2,-0.020134319,-0.012664249,-0.009104545,-0.0067700036,-0.0049442737,-0.0034323763,-0.0020709916,-0.00086499954,0.00031577793,0.0013800857,0.0024923799,0.0035936576,0.004701935,0.0057674823,0.006988801,0.008299481,0.009777477,0.011536064,0.0135739595,0.016908994,0.023179457,0.0024923799,2023-09-22,2023-09-20,0.0001396564678419,0.0023527233949732418,0.0023527233949732418,5.535307373254416e-06,1,1,0.022678506
r7_all_external,36,3,-0.019647367,-0.012028738,-0.00840357,-0.0060539544,-0.0042251875,-0.0026878323,-0.0013050591,-7.5076634e-05,0.0010834914,0.0021351832,0.0032301042,0.0043039788,0.005400217,0.0064602457,0.007689117,0.009053318,0.010591561,0.012441378,0.014638632,0.018079024,0.024499182,0.0032301042,2023-09-25,2023-09-20,0.0047386490510759,-0.0015085448281821848,0.0015085448281821848,2.2757074986352175e-06,1,1,0.023042202
r7_all_external,36,4,-0.019691331,-0.012154454,-0.008574575,-0.006249281,-0.0044399826,-0.0029413134,-0.0015551462,-0.0003467037,0.00081640144,0.0018920484,0.003006446,0.0041078175,0.005182624,0.0062622824,0.007459359,0.008769814,0.010251912,0.012000831,0.014054024,0.017373212,0.023655131,0.003006446,2023-09-26,2023-09-20,-0.0151302101202984,0.01813665606274499,0.01813665606274499,0.0003289382931383046,0,0,0.022628598
r7_all_external,36,5,-0.020655973,-0.012784334,-0.008890981,-0.0064117075,-0.004507104,-0.0029260658,-0.0015495883,-0.00031242243,0.0008630994,0.0019558675,0.0030757054,0.0042081294,0.0053135906,0.0063831895,0.0076167635,0.008942877,0.010445313,0.012202802,0.014286204,0.017610129,0.024106888,0.0030757054,2023-09-27,2023-09-20,0.0023405542696593,0.0007351511058630751,0.0007351511058630751,5.404471484517023e-07,1,1,0.023177184
r7_all_external,37,1,-0.023306718,-0.0148064,-0.010888707,-0.008442614,-0.00655966,-0.0050056535,-0.0036511966,-0.0024222666,-0.001232727,-0.0001582966,0.000953605,0.00207747,0.0031857372,0.0042395825,0.00545957,0.0067568505,0.008209747,0.009928181,0.011992321,0.015305722,0.02180027,0.000953605,2023-09-28,2023-09-27,0.0083304344476373,-0.007376829456555198,0.007376829456555198,5.441761283110045e-05,1,1,0.022881027
r7_all_external,37,2,-0.023416115,-0.015013274,-0.011196932,-0.008802399,-0.006963034,-0.0054539996,-0.004104544,-0.00291736,-0.0017516913,-0.0006992184,0.00040312,0.0015018219,0.0026036946,0.0036690196,0.004913691,0.0062395902,0.0077503715,0.00954922,0.011657979,0.015073853,0.021544188,0.00040312,2023-09-29,2023-09-27,0.0007258351296467,-0.00032271512181509675,0.00032271512181509675,1.0414504984813273e-07,1,1,0.022854911
r7_all_external,37,3,-0.023695437,-0.014987011,-0.011050516,-0.008585832,-0.0067005833,-0.0051222863,-0.0037068182,-0.0024471213,-0.0012477634,-0.00014248927,0.001015268,0.0021650041,0.003317475,0.004417374,0.0056734397,0.0070305853,0.008545217,0.010340119,0.012461228,0.015842069,0.022403631,0.001015268,2023-10-02,2023-09-27,0.0083110867584301,-0.007295818725059725,0.007295818725059725,5.322897086893211e-05,1,1,0.023511745
r7_all_external,37,4,-0.02480647,-0.01582573,-0.011644832,-0.009012281,-0.007010529,-0.0053776195,-0.0038966653,-0.0026088394,-0.0013743108,-0.00023268444,0.00094662845,0.0021305238,0.003290389,0.0044370736,0.005714901,0.007104737,0.008678185,0.010516115,0.012662329,0.01612606,0.022714982,0.00094662845,2023-10-03,2023-09-27,-0.0177055542958447,0.01865218274952036,0.01865218274952036,0.00034790392132150487,0,0,0.024307162
r7_all_external,37,5,-0.025006725,-0.016351823,-0.012316181,-0.009783166,-0.007835399,-0.0062154424,-0.0047696354,-0.0034690616,-0.0022169598,-0.0010431889,0.00017354885,0.0014062568,0.002630027,0.0038052078,0.0051635825,0.0066245585,0.008272129,0.010217059,0.012535001,0.016216813,0.023375321,0.00017354885,2023-10-04,2023-09-27,0.0135171472799436,-0.013343598432273864,0.013343598432273864,0.00017805161912178152,1,0,0.024851182
r7_all_external,38,1,-0.025690291,-0.015303649,-0.010739759,-0.007982417,-0.005931067,-0.004274891,-0.002867494,-0.0015952616,-0.0003729942,0.0007271908,0.0018617344,0.0030142867,0.0041609835,0.0052405735,0.006497875,0.007834037,0.009336781,0.011129101,0.01332173,0.016955009,0.02488979,0.0018617344,2023-10-05,2023-10-04,-0.0029510625295717,0.004812796961740005,0.004812796961740005,2.316301459493382e-05,0,1,0.02406149
r7_all_external,38,2,-0.027499026,-0.017004874,-0.012469597,-0.009717389,-0.0076563065,-0.0059937765,-0.0045376476,-0.0032544634,-0.0020005477,-0.0008726061,0.00030926024,0.0014917611,0.00268277,0.0038373354,0.005188988,0.0066336305,0.008299256,0.010297082,0.012679441,0.01667585,0.024898538,0.00030926024,2023-10-06,2023-10-04,0.0166166589118683,-0.01630739866994817,0.01630739866994817,0.00026593125138062737,1,0,0.025149038
r7_all_external,38,3,-0.028987525,-0.018146437,-0.013430861,-0.010534352,-0.00836524,-0.0065665315,-0.0049769958,-0.0035624283,-0.0022209221,-0.0009858018,0.00031103793,0.0015980003,0.0028975753,0.0041474686,0.0055855615,0.0071522687,0.008919965,0.011039935,0.013591143,0.01776223,0.026410125,0.00031103793,2023-10-09,2023-10-04,0.0050869307118005,-0.004775892778812244,0.004775892778812244,2.280915183471094e-05,1,1,0.027022004
r7_all_external,38,4,-0.02909494,-0.018373959,-0.013630984,-0.010660562,-0.00840968,-0.006555482,-0.0048634177,-0.003368917,-0.0019283424,-0.0005794686,0.0008218862,0.002219784,0.0035839705,0.0049432325,0.006458925,0.00811238,0.009993995,0.012197348,0.014815835,0.019118683,0.028008725,0.0008218862,2023-10-10,2023-10-04,0.0055227701536552,-0.004700883976946115,0.004700883976946115,2.209831016470872e-05,1,1,0.02844682
r7_all_external,38,5,-0.02776041,-0.017255856,-0.0124669215,-0.009482259,-0.007192157,-0.00527601,-0.003576508,-0.0020281475,-0.0005320976,0.0008813319,0.0023322036,0.0037963374,0.005243089,0.006617293,0.008198967,0.009898377,0.011811293,0.014072693,0.016773332,0.0211236,0.030293373,0.0023322036,2023-10-11,2023-10-04,0.0071100055770865,-0.004777802021234325,0.004777802021234325,2.2827392154110803e-05,1,1,0.029240254
r7_all_external,39,1,-0.016852146,-0.008616144,-0.0048521277,-0.0024698752,-0.0006698476,0.0007999689,0.0020509015,0.0031864338,0.0042560003,0.005216185,0.0062092384,0.0071878866,0.008157041,0.00909713,0.010217628,0.011382086,0.012740995,0.014358251,0.01633367,0.019474149,0.025979532,0.0062092384,2023-10-12,2023-10-11,-0.0034808754319549,0.009690113864302675,0.009690113864302675,9.389830670315091e-05,0,1,0.021185797
r7_all_external,39,2,-0.01851537,-0.0098412875,-0.0058797593,-0.003348263,-0.0014182813,0.00015070586,0.0015373013,0.0027467692,0.0039105164,0.004951199,0.006030327,0.0070631835,0.008108888,0.009115205,0.010283347,0.01157135,0.013043707,0.014828165,0.016948424,0.020461394,0.027317205,0.006030327,2023-10-13,2023-10-11,-0.0126498584915164,0.018680185666328956,0.018680185666328956,0.0003489493365285218,0,0,0.022828184
r7_all_external,39,3,-0.021652166,-0.012855055,-0.008911804,-0.0064549344,-0.0045982255,-0.003036949,-0.001645264,-0.0003892716,0.00080505764,0.001913567,0.003068437,0.004197955,0.00533052,0.006415593,0.0076696128,0.009042596,0.010595615,0.012468773,0.014728279,0.018373333,0.025525378,0.003068437,2023-10-16,2023-10-11,0.0112430463391276,-0.008174609237808168,0.008174609237808168,6.682423619085864e-05,1,1,0.023640083
r7_all_external,39,4,-0.022285253,-0.013291517,-0.0091708135,-0.006581765,-0.004635351,-0.0030502533,-0.0016093451,-0.00035975286,0.0008271318,0.0019282029,0.003057322,0.0041787666,0.005280046,0.0063880244,0.007630764,0.008996049,0.010579989,0.0124638565,0.014718648,0.018411864,0.02550835,0.003057322,2023-10-17,2023-10-11,-0.0032807631805108,0.00633808517973284,0.00633808517973284,4.0171323745549065e-05,0,1,0.023889462
r7_all_external,39,5,-0.022502746,-0.013386511,-0.009013807,-0.0062947036,-0.0042625032,-0.0025979672,-0.0011724121,0.00010319561,0.0013049535,0.0024186915,0.0035499532,0.0046890657,0.0058131167,0.006902799,0.008166751,0.00954307,0.011142074,0.013054485,0.015379097,0.01913738,0.026543489,0.0035499532,2023-10-18,2023-10-11,-0.0132048793631459,0.016754832587283323,0.016754832587283323,0.00028072441502789117,0,0,0.024392905
r7_all_external,40,1,-0.025777416,-0.016292347,-0.0119216945,-0.009156871,-0.007019201,-0.0052419086,-0.003686625,-0.0022744162,-0.00091397937,0.00032729906,0.0016009738,0.0029037131,0.004197711,0.005423445,0.00684624,0.008360043,0.010072982,0.012101682,0.014552245,0.018541979,0.026891982,0.0016009738,2023-10-19,2023-10-18,-0.0094008394642612,0.011001813238008883,0.011001813238008883,0.0001210398945240275,0,1,0.02647394
r7_all_external,40,2,-0.026777156,-0.01731571,-0.01308127,-0.010392511,-0.008298617,-0.0065590646,-0.004990086,-0.0035985734,-0.0022223152,-0.00097052683,0.00032913833,0.0016457399,0.0029579874,0.0042341333,0.005732353,0.007352781,0.009211372,0.01143628,0.014083844,0.018439744,0.027000444,0.00032913833,2023-10-20,2023-10-18,-0.0150302349830184,0.01535937331576346,0.01535937331576346,0.00023591034865298662,0,0,0.027165115
r7_all_external,40,3,-0.02640221,-0.0167726,-0.012377218,-0.009568825,-0.0073920977,-0.0055524074,-0.0038997445,-0.002425457,-0.0010220857,0.00026876113,0.0015985816,0.0029367753,0.0042724847,0.005561767,0.007067144,0.008715133,0.0105806505,0.012821939,0.015504528,0.01985546,0.028681878,0.0015985816,2023-10-23,2023-10-18,0.0030129458884896,-0.001414364333190139,0.001414364333190139,2.0004264670003866e-06,1,1,0.027881745
r7_all_external,40,4,-0.027580868,-0.01772849,-0.013183051,-0.010264238,-0.008013724,-0.0061475607,-0.0044345995,-0.002918012,-0.0014540734,-8.337818e-05,0.0013307547,0.002757783,0.004166458,0.0055468953,0.0070984066,0.008788639,0.01070678,0.012947603,0.015592291,0.01989367,0.0285325,0.0013307547,2023-10-24,2023-10-18,0.0096811135502815,-0.008350358830606914,0.008350358830606914,6.972849259989486e-05,1,1,0.028775342
r7_all_external,40,5,-0.027522316,-0.017680317,-0.013116905,-0.010204834,-0.007939612,-0.006028175,-0.004311963,-0.0027444332,-0.0012103808,0.00022449513,0.001709148,0.0031987994,0.004678709,0.006079863,0.0076900707,0.009431677,0.01137416,0.013651094,0.016350197,0.020663783,0.029474387,0.001709148,2023-10-25,2023-10-18,-0.0247801883627321,0.026489336417674588,0.026489336417674588,0.0007016849438487412,0,0,0.029467102
r7_all_external,41,1,-0.032005023,-0.021009699,-0.016014764,-0.012895451,-0.010511887,-0.008532193,-0.0067781336,-0.005175233,-0.0036018915,-0.002155255,-0.0006415628,0.0009086189,0.0024354407,0.0038947419,0.005566433,0.0073358067,0.009329929,0.011704848,0.014580862,0.019518858,0.02978176,-0.0006415628,2023-10-26,2023-10-25,-0.019251559335109,0.018609996533788895,0.018609996533788895,0.0003463319709876347,1,0,0.030595627
r7_all_external,41,2,-0.029483246,-0.01825517,-0.013057944,-0.009764252,-0.007235258,-0.005161291,-0.0032984384,-0.0016517875,-3.2733085e-05,0.0014483084,0.0029914053,0.004541075,0.006089031,0.0075845458,0.0092960885,0.011141113,0.01323971,0.015748385,0.018750405,0.023929976,0.034597095,0.0029914053,2023-10-27,2023-10-25,0.0047899236420034,-0.0017985183263062067,0.0017985183263062067,3.234668170059279e-06,1,1,0.03180835
r7_all_external,41,3,-0.031573232,-0.020255033,-0.01504905,-0.011802429,-0.009319175,-0.0072118538,-0.005291914,-0.0035628825,-0.0018948842,-0.0003404665,0.0012863493,0.0029135128,0.0045369426,0.0061115786,0.007930796,0.009917688,0.012169309,0.014891122,0.018209899,0.02370181,0.034632675,0.0012863493,2023-10-30,2023-10-25,0.0112020471088803,-0.009915697849563379,0.009915697849563379,9.832106384383583e-05,1,1,0.03325895
r7_all_external,41,4,-0.033213947,-0.021559319,-0.016196478,-0.01282344,-0.010241508,-0.008105375,-0.0061202315,-0.0043397667,-0.0025937345,-0.0009491306,0.00076900906,0.0024807588,0.004155684,0.005813477,0.0076603303,0.009677316,0.011997492,0.014741249,0.018039653,0.02364723,0.03459227,0.00076900906,2023-10-31,2023-10-25,0.0047711985214375,-0.004002189464470748,0.004002189464470748,1.6017520509520653e-05,1,1,0.034236133
r7_all_external,41,5,-0.031461157,-0.01975044,-0.014215656,-0.010731898,-0.008040744,-0.005780873,-0.0037763056,-0.0019326598,-0.00011677709,0.001596369,0.0033451717,0.005101415,0.006814798,0.008441925,0.010304776,0.012333739,0.014639866,0.017421462,0.020826574,0.02657033,0.038091943,0.0033451717,2023-11-01,2023-10-25,0.0172078220804967,-0.013862650392372163,0.013862650392372163,0.0001921730759011361,1,1,0.03504223
r7_all_external,42,1,-0.028597776,-0.019177077,-0.014768235,-0.012030957,-0.009953032,-0.008231334,-0.0067100255,-0.0053041284,-0.003908411,-0.0026091046,-0.0012335044,0.00017617544,0.0015750907,0.0029197899,0.0044655255,0.0061158473,0.007966736,0.010149161,0.012750229,0.016988628,0.02523214,-0.0012335044,2023-11-02,2023-11-01,0.017990593572641,-0.019224097959259733,0.019224097959259733,0.00036956594234721423,0,0,0.027518464
r7_all_external,42,2,-0.026808288,-0.017378356,-0.012926419,-0.010106146,-0.007941528,-0.006156544,-0.004555326,-0.003106014,-0.0016607542,-0.0003254826,0.0010896907,0.0025154613,0.00393757,0.005306529,0.006870934,0.008514806,0.010371395,0.012560424,0.015114844,0.019338313,0.027573057,0.0010896907,2023-11-03,2023-11-01,0.0116802560485975,-0.01059056532979767,0.01059056532979767,0.00011216007400471243,1,1,0.028041262
r7_all_external,42,3,-0.029239612,-0.019398132,-0.014731431,-0.011788871,-0.009574864,-0.007731444,-0.0060751024,-0.004576792,-0.0031345845,-0.0017869205,-0.0003475334,0.0010975546,0.0025532611,0.0039564855,0.0055623385,0.0072928844,0.009246547,0.011568508,0.014347638,0.018844698,0.027573355,-0.0003475334,2023-11-06,2023-11-01,0.0040711361324804,-0.004418669541265639,0.004418669541265639,1.9524640514908695e-05,0,1,0.029079068
r7_all_external,42,4,-0.028888674,-0.018604148,-0.013676821,-0.010530494,-0.008175256,-0.0062466995,-0.0044862805,-0.0029391064,-0.0014454785,-3.5926412e-05,0.0014339949,0.0029134024,0.004360433,0.0058131996,0.007422051,0.00915827,0.011129985,0.0134215,0.01613399,0.020560287,0.029157292,0.0014339949,2023-11-07,2023-11-01,0.0094081784734363,-0.00797418361956722,0.00797418361956722,6.358760439857417e-05,1,1,0.029810812
r7_all_external,42,5,-0.02921407,-0.01967654,-0.015084232,-0.012186015,-0.009951248,-0.008074765,-0.0064088344,-0.0048767678,-0.0033772874,-0.0019505229,-0.00047176817,0.0010223759,0.0025171547,0.0039585526,0.0056312894,0.0074179275,0.009453053,0.011858016,0.01478074,0.019462425,0.028543372,-0.00047176817,2023-11-08,2023-11-01,0.0006436135591921,-0.0011153817323484062,0.0011153817323484062,1.2440764088565316e-06,0,1,0.029864972
r7_all_external,43,1,-0.021493012,-0.013683992,-0.009946148,-0.0075721755,-0.0057230545,-0.0041892612,-0.0028543028,-0.0016413053,-0.00046720525,0.0005781086,0.0016562573,0.002738613,0.0038107545,0.0048484597,0.0060566603,0.007346341,0.008802562,0.01054052,0.012629757,0.016007764,0.022644134,0.0016562573,2023-11-09,2023-11-08,-0.0077252839773484,0.0093815412919559,0.0093815412919559,8.801331701267358e-05,0,1,0.022575904
r7_all_external,43,2,-0.021731623,-0.014038587,-0.010402549,-0.008070597,-0.0062461286,-0.0047327974,-0.0033693705,-0.0021605971,-0.0009576569,0.00011273578,0.0012314589,0.0023436758,0.0034548694,0.004530515,0.0057801907,0.007124046,0.008653982,0.010478477,0.012616292,0.016109101,0.022799915,0.0012314589,2023-11-10,2023-11-08,0.0222332321185845,-0.021001773265585586,0.021001773265585586,0.00044107448029906545,1,0,0.02301884
r7_all_external,43,3,-0.022130264,-0.014201579,-0.010442383,-0.0080447225,-0.0061919293,-0.0046397788,-0.003254194,-0.0020281938,-0.00086235034,0.00019429004,0.0012994134,0.002402027,0.0035151416,0.0045939446,0.005849411,0.007224911,0.008778794,0.010646356,0.012851417,0.01635347,0.023086552,0.0012994134,2023-11-13,2023-11-08,-0.0031234554160218,0.00442286880275414,0.00442286880275414,1.956176844637584e-05,0,1,0.0232938
r7_all_external,43,4,-0.022844946,-0.014695852,-0.010827307,-0.008361433,-0.0064728246,-0.0049230834,-0.0035113778,-0.002291535,-0.0011213901,-4.0153685e-05,0.0010766477,0.0022020775,0.003301925,0.00441065,0.005647733,0.0070011965,0.008543874,0.010357873,0.012489971,0.01593906,0.022489259,0.0010766477,2023-11-14,2023-11-08,0.0212980868044946,-0.02022143914193694,0.02022143914193694,0.0004089066009710593,1,0,0.023317277
r7_all_external,43,5,-0.022219473,-0.0144455535,-0.010720526,-0.008351244,-0.006512137,-0.004965494,-0.0035915668,-0.0023562673,-0.0011622022,-5.236736e-05,0.0010893214,0.0022374382,0.0033662291,0.0044541243,0.0057101785,0.0070727416,0.008615924,0.010448454,0.012652642,0.016171278,0.02299004,0.0010893214,2023-11-15,2023-11-08,0.0007522251805099,0.0003370962688890944,0.0003370962688890944,1.1363389449894864e-07,1,1,0.023373168
r7_all_external,44,1,-0.025933953,-0.017090918,-0.013052695,-0.010522706,-0.008589352,-0.0070014633,-0.00562496,-0.00437744,-0.0031567817,-0.0020498089,-0.0008975247,0.00027136656,0.001445142,0.0025878127,0.003931315,0.0053745196,0.0070248083,0.008994004,0.011377652,0.015342868,0.02315364,-0.0008975247,2023-11-16,2023-11-15,0.0008555391939437,-0.0017530638977034,0.0017530638977034,3.0732330294310368e-06,0,1,0.024430348
r7_all_external,44,2,-0.022900296,-0.013983996,-0.009829622,-0.007190129,-0.005161069,-0.003500442,-0.0020324374,-0.0007372837,0.0005280533,0.0016677432,0.0028543104,0.0040246374,0.005210202,0.006353105,0.0076791164,0.009104077,0.01072881,0.012672097,0.014968803,0.018834282,0.02650183,0.0028543104,2023-11-17,2023-11-15,0.0002332676087256,0.002621042833036609,0.002621042833036609,6.869865532612573e-06,1,1,0.024798425
r7_all_external,44,3,-0.025169466,-0.016057443,-0.011933879,-0.009350365,-0.0073885033,-0.005762597,-0.004309059,-0.0030133342,-0.0017765901,-0.00063155935,0.0005696441,0.00177031,0.0029818804,0.004153358,0.005500208,0.006957427,0.008598616,0.010564611,0.012923468,0.016821316,0.024601148,0.0005696441,2023-11-20,2023-11-15,0.0121012472256054,-0.011531603132557572,0.011531603132557572,0.0001329778708068116,1,1,0.024857346
r7_all_external,44,4,-0.026801333,-0.01731088,-0.012905753,-0.0101129385,-0.0080202585,-0.006328692,-0.004798615,-0.003473705,-0.0022051653,-0.0010242903,0.00019236453,0.0014216794,0.0026316463,0.0038507597,0.005204121,0.006678532,0.00837839,0.010375854,0.012783446,0.01681743,0.024699636,0.00019236453,2023-11-21,2023-11-15,-0.0058265356050379,0.006018900137305575,0.006018900137305575,3.6227158862857064e-05,0,1,0.0256892
r7_all_external,44,5,-0.028640112,-0.019329356,-0.014997838,-0.012262611,-0.010181781,-0.008480419,-0.0069872933,-0.00565602,-0.0043771765,-0.0031746079,-0.0019473161,-0.00069758197,0.0005658246,0.0018069256,0.003266621,0.0048586577,0.0067016417,0.008911769,0.011633414,0.016059838,0.024584342,-0.0019473161,2023-11-22,2023-11-15,0.0040847757907733,-0.0060320918990447794,0.0060320918990447794,3.638613267852165e-05,0,1,0.026631251
r7_all_external,45,1,-0.016246911,-0.008191246,-0.0045143543,-0.0022141547,-0.000461172,0.0009893922,0.0022211962,0.0033463344,0.0044178627,0.005402293,0.0064301314,0.0074480954,0.008474968,0.009490446,0.010700328,0.011980942,0.013476693,0.01528226,0.017508823,0.021177245,0.028778577,0.0064301314,2023-11-24,2023-11-22,-0.0014111335189653,0.007841264902205523,0.007841264902205523,6.148543526656018e-05,0,1,0.022023179
r7_all_external,45,2,-0.017044155,-0.008726649,-0.0049314983,-0.0025061197,-0.000637819,0.00088673603,0.0022530733,0.00344978,0.0046135127,0.0056765536,0.0067842104,0.007837033,0.008941798,0.010002107,0.011243934,0.0126411235,0.01422841,0.016182855,0.018562514,0.022595763,0.030697169,0.0067842104,2023-11-27,2023-11-22,-0.0008732109834671,0.007657421430689095,0.007657421430689095,5.863610296717663e-05,0,1,0.023494013
r7_all_external,45,3,-0.019740129,-0.010691683,-0.00657103,-0.00398929,-0.0020301002,-0.00040954037,0.0010106491,0.0022754392,0.0034766723,0.0045905793,0.0057507986,0.006884707,0.008048477,0.009163457,0.0104359,0.011893873,0.013559387,0.015625209,0.01818141,0.022521371,0.031147677,0.0057507986,2023-11-28,2023-11-22,0.0026175077073207,0.0031332909129629036,0.0031332909129629036,9.817511945255906e-06,1,1,0.02475244
r7_all_external,45,4,-0.023291308,-0.0139784645,-0.009732537,-0.007088559,-0.005100756,-0.0034833304,-0.0020164659,-0.0007329299,0.0005088992,0.0016816285,0.002903105,0.0041217646,0.0053386474,0.0065503456,0.007922539,0.0094384225,0.011181181,0.013275836,0.015802847,0.02002977,0.028180342,0.002903105,2023-11-29,2023-11-22,-0.0009742900706899,0.003877395063273294,0.003877395063273294,1.5034192476696113e-05,0,1,0.025535384
r7_all_external,45,5,-0.023250936,-0.013900811,-0.009534208,-0.006814322,-0.0047710505,-0.0030912862,-0.0016326004,-0.00031986478,0.0009491901,0.0021482788,0.0033896908,0.0046559535,0.00590847,0.0071203774,0.00852066,0.010054717,0.011811488,0.013903131,0.016443083,0.02060838,0.028804507,0.0033896908,2023-11-30,2023-11-22,-0.0025173512652739,0.005907042035110207,0.005907042035110207,3.4893145604558934e-05,0,1,0.025977291
r7_all_external,46,1,-0.019438075,-0.013179468,-0.010102368,-0.008120289,-0.0065754005,-0.0052732583,-0.004138791,-0.0030888878,-0.0020497679,-0.0011110291,-0.00012020751,0.0008927553,0.0019136454,0.002906633,0.00406579,0.0053275214,0.0067499736,0.008456985,0.010521948,0.013948267,0.020649709,-0.00012020751,2023-12-01,2023-11-30,0.0028508871302309,-0.0029710946375106017,0.0029710946375106017,8.827403345044254e-06,0,1,0.020624317
r7_all_external,46,2,-0.020052692,-0.013647354,-0.010521064,-0.008495077,-0.0069029965,-0.0055736657,-0.004368275,-0.003288716,-0.0022073663,-0.0012345535,-0.00020493992,0.0008274044,0.0018632138,0.002875067,0.00405607,0.00532878,0.006805431,0.008582073,0.010695359,0.014197272,0.020835327,-0.00020493992,2023-12-04,2023-11-30,-0.0093270578034749,0.009122117884416666,0.009122117884416666,8.321303469719438e-05,1,1,0.021216422
r7_all_external,46,3,-0.019295128,-0.012620464,-0.009296139,-0.007113176,-0.0053997096,-0.00394465,-0.0026401274,-0.0014734698,-0.00037163871,0.0006341149,0.001691234,0.0027506952,0.0038153653,0.004839242,0.0060299705,0.0073409933,0.008844001,0.010658267,0.012827777,0.016311444,0.023118528,0.001691234,2023-12-05,2023-11-30,0.0025079080099603,-0.0008166740611558619,0.0008166740611558619,6.669565221648085e-07,1,1,0.022123916
r7_all_external,46,4,-0.020748073,-0.014147152,-0.0108549595,-0.008702661,-0.007044796,-0.0056712325,-0.0044018896,-0.003290773,-0.0022130767,-0.001199318,-0.00014872538,0.00090941036,0.0019447916,0.0029899704,0.0041496046,0.005418799,0.006888414,0.008638924,0.010725428,0.01418611,0.020793457,-0.00014872538,2023-12-06,2023-11-30,-0.0058007216845044,0.005651996308738466,0.005651996308738466,3.194506227399324e-05,1,1,0.021580387
r7_all_external,46,5,-0.020250686,-0.01384093,-0.010566172,-0.008440497,-0.0067917225,-0.005398155,-0.004166725,-0.0030481424,-0.0019681917,-0.00095540984,8.677235e-05,0.0011310934,0.0021655723,0.0031676756,0.004335936,0.005609065,0.007083129,0.00887349,0.011070375,0.0146514615,0.021468228,8.677235e-05,2023-12-07,2023-11-30,0.0138755574714016,-0.013788785121214652,0.013788785121214652,0.00019013059511903058,1,0,0.021636548
r7_all_external,47,1,-0.021156652,-0.013621958,-0.010146261,-0.007979282,-0.006315349,-0.004933655,-0.003727208,-0.0026279285,-0.0015476521,-0.00055617513,0.00047815932,0.0015403256,0.0025897226,0.0036006118,0.004772185,0.0060315453,0.0074485433,0.009129527,0.011153502,0.014448843,0.020900939,0.00047815932,2023-12-08,2023-12-07,0.004446804591604,-0.003968645275487056,0.003968645275487056,1.575014532264573e-05,1,1,0.021299765
r7_all_external,47,2,-0.020881908,-0.013357467,-0.009857101,-0.0076402533,-0.0059105726,-0.00447413,-0.003173125,-0.0020156365,-0.0008547751,0.00019899735,0.0013089888,0.002422632,0.003522938,0.00459271,0.0058198324,0.0071077053,0.008557649,0.010267475,0.012256647,0.015512158,0.022016313,0.0013089888,2023-12-11,2023-12-07,0.008505766401478,-0.007196777621694751,0.007196777621694751,5.1793608136126353e-05,1,1,0.022113748
r7_all_external,47,3,-0.023074916,-0.015273634,-0.011655051,-0.009346825,-0.0075731957,-0.0060921325,-0.004750757,-0.003544283,-0.0023799373,-0.0012928619,-0.0001335266,0.001026241,0.0021874849,0.0033169182,0.0046131266,0.0060009914,0.0075683836,0.009419204,0.011609978,0.015144222,0.02207662,-0.0001335266,2023-12-12,2023-12-07,0.0079327545535958,-0.008066281152397636,0.008066281152397636,6.506489162952534e-05,0,1,0.02326503
r7_all_external,47,4,-0.02213615,-0.014274569,-0.010561359,-0.008153323,-0.0063016405,-0.0047773076,-0.0033768094,-0.0021503246,-0.00096791534,0.00014003398,0.0012852965,0.0024336653,0.003546751,0.004671089,0.005909916,0.0072559486,0.008778324,0.010560183,0.01264638,0.016062485,0.022830572,0.0012852965,2023-12-13,2023-12-07,0.0126371701389748,-0.01135187362341316,0.01135187362341316,0.0001288650347619434,1,1,0.023207739
r7_all_external,47,5,-0.02208817,-0.014613234,-0.011028944,-0.008726549,-0.0069275503,-0.0054115397,-0.0040657627,-0.0028506133,-0.0016674948,-0.00056180253,0.0005809127,0.001725445,0.0028579733,0.0039567063,0.0052264617,0.0065942556,0.008157584,0.01002188,0.012274109,0.015888494,0.022993991,0.0005809127,2023-12-14,2023-12-07,-0.0008674011616312,0.0014483138503782484,0.0014483138503782484,2.0976130091974672e-06,0,1,0.023303052
r7_all_external,48,1,-0.021198606,-0.013944283,-0.0105833355,-0.008454086,-0.0068057035,-0.005438747,-0.0042636683,-0.0031758677,-0.00210306,-0.0011350343,-0.00011144043,0.00093292596,0.00197662,0.0029898179,0.004175085,0.0054536425,0.006893022,0.008604791,0.0106467595,0.01398265,0.020393983,-0.00011144043,2023-12-15,2023-12-14,0.0048225420003533,-0.004933982429817282,0.004933982429817282,2.4344182617745656e-05,0,1,0.021230094
r7_all_external,48,2,-0.02123709,-0.013730193,-0.0102781085,-0.008080393,-0.006369317,-0.004957526,-0.003690672,-0.0025520895,-0.0014185852,-0.00039965543,0.0006834002,0.0017740475,0.0028653755,0.0039204336,0.005134569,0.0064218747,0.007881087,0.009611806,0.01162221,0.014891932,0.021084115,0.0006834002,2023-12-18,2023-12-14,0.0062787332928894,-0.00559533309500347,0.00559533309500347,3.1307752444041106e-05,1,1,0.021900319
r7_all_external,48,3,-0.021393824,-0.013635534,-0.010038255,-0.007758767,-0.006009392,-0.0045285043,-0.0031864296,-0.0019755145,-0.0008114523,0.00026063606,0.0014016195,0.0025292856,0.0036610272,0.004738998,0.005976824,0.007303809,0.008786349,0.010528459,0.012589771,0.015831636,0.022115238,0.0014016195,2023-12-19,2023-12-14,0.0050966465630156,-0.003695027042977234,0.003695027042977234,1.365322484833308e-05,1,1,0.022628026
r7_all_external,48,4,-0.021719571,-0.013830382,-0.010085995,-0.0076691876,-0.0058264984,-0.004305569,-0.0029015546,-0.001673599,-0.00048952724,0.0006199695,0.0017705208,0.0029101714,0.0040147514,0.0051352703,0.0063672434,0.0076954,0.009205144,0.010961893,0.013009272,0.016287275,0.02252841,0.0017705208,2023-12-20,2023-12-14,-0.0149711807153707,0.016741701530996488,0.016741701530996488,0.00028028457015297014,0,0,0.023095267
r7_all_external,48,5,-0.021647163,-0.014019136,-0.010375095,-0.0080401935,-0.00619996,-0.0046351748,-0.003242152,-0.00195455,-0.00069644395,0.00049188174,0.0017105672,0.0029321483,0.0041141394,0.0052501285,0.0065482324,0.007925153,0.009490138,0.011326357,0.0135034,0.016946742,0.02360553,0.0017105672,2023-12-21,2023-12-14,0.0115682097739582,-0.009857642616242642,0.009857642616242642,9.717311794956308e-05,1,1,0.023878494
r7_all_external,49,1,-0.018956006,-0.012196141,-0.008965866,-0.0069041075,-0.0052859066,-0.003926067,-0.0027152079,-0.0016044329,-0.00050411024,0.0005090897,0.0015573024,0.002623398,0.0036749993,0.0046875947,0.005852443,0.007086639,0.008454507,0.010052069,0.011940063,0.014936194,0.02067252,0.0015573024,2023-12-22,2023-12-21,0.0014948848824511,6.241754595835724e-05,6.241754595835724e-05,3.895950043463638e-09,1,1,0.020905929
r7_all_external,49,2,-0.018292788,-0.011658639,-0.008512559,-0.00647829,-0.0048863403,-0.0035642607,-0.0023575677,-0.0012878007,-0.00021572033,0.0007628136,0.0017872013,0.0028145765,0.003825366,0.004808118,0.0059319795,0.0071173045,0.008439854,0.009980849,0.011763189,0.014638462,0.020164747,0.0017872013,2023-12-26,2023-12-21,0.0061029543645535,-0.004315753095955063,0.004315753095955063,1.8625724785245708e-05,1,1,0.02027575
r7_all_external,49,3,-0.019058822,-0.012228679,-0.009018245,-0.006973232,-0.005395404,-0.004070309,-0.002877011,-0.0018031818,-0.00076732074,0.00019962499,0.0012210286,0.002249831,0.0032751572,0.0042681815,0.0054012504,0.0066162543,0.007970754,0.0095573235,0.011412239,0.014344564,0.01996338,0.0012210286,2023-12-27,2023-12-21,0.0020336601688276,-0.0008126315465877719,0.0008126315465877719,6.603700305096341e-07,1,1,0.020430483
r7_all_external,49,4,-0.019473845,-0.012478827,-0.009164973,-0.007041719,-0.0054089213,-0.0040649013,-0.0028318353,-0.0017466296,-0.0006904512,0.00030954453,0.001342847,0.0023892138,0.0034065088,0.0044251736,0.0055514756,0.006774592,0.008159117,0.009761324,0.011628732,0.014589478,0.020163719,0.001342847,2023-12-28,2023-12-21,-0.0004861644148609,0.0018290114268442947,0.0018290114268442947,3.3452827995270027e-06,0,1,0.020793706
r7_all_external,49,5,-0.018684259,-0.012018271,-0.00868001,-0.0065375604,-0.0048939,-0.0035162377,-0.002306771,-0.0012243905,-0.0001779173,0.00079982594,0.0018193244,0.0028406398,0.0038553942,0.0048321495,0.005953563,0.0071620587,0.008509897,0.010101869,0.011988,0.014953843,0.02067821,0.0018193244,2023-12-29,2023-12-21,-0.0043371340822498,0.0061564585290918745,0.0061564585290918745,3.7901981620428085e-05,0,1,0.020668011
