day,month,year,daily_equity_index
1,1,1985,272.59
2,1,1985,972.76
3,1,1985,735.81
4,1,1985,466.45
5,1,1985,697.47
6,1,1985,406.62
7,1,1985,584.08
8,1,1985,466.72
9,1,1985,408.88
10,1,1985,397.23
11,1,1985,408.68
12,1,1985,816.53
13,1,1985,370.30
14,1,1985,555.20
15,1,1985,450.09
16,1,1985,380.23
17,1,1985,375.29
18,1,1985,410.13
19,1,1985,608.71
20,1,1985,371.83
21,1,1985,554.43
22,1,1985,456.45
23,1,1985,267.85
24,1,1985,248.35
25,1,1985,406.62
26,1,1985,587.05
27,1,1985,115.79
28,1,1985,171.63
29,1,1985,151.89
30,1,1985,132.61
31,1,1985,125.56
1,2,1985,266.00
2,2,1985,379.78
3,2,1985,116.04
4,2,1985,173.62
5,2,1985,141.82
6,2,1985,126.98
7,2,1985,115.99
8,2,1985,126.33
9,2,1985,192.33
10,2,1985,116.09
11,2,1985,180.24
12,2,1985,148.21
13,2,1985,127.40
14,2,1985,121.82
15,2,1985,390.14
16,2,1985,752.14
17,2,1985,117.46
18,2,1985,187.25
19,2,1985,166.54
20,2,1985,122.15
21,2,1985,118.23
22,2,1985,124.57
23,2,1985,186.60
24,2,1985,116.04
25,2,1985,177.86
26,2,1985,150.20
27,2,1985,127.34
28,2,1985,118.18
1,3,1985,122.15
2,3,1985,181.94
3,3,1985,115.60
4,3,1985,352.92
5,3,1985,290.36
6,3,1985,243.52
7,3,1985,106.63
8,3,1985,124.63
9,3,1985,184.43
10,3,1985,112.98
11,3,1985,165.82
12,3,1985,288.03
13,3,1985,242.10
14,3,1985,109.09
15,3,1985,242.75
16,3,1985,364.62
17,3,1985,232.49
18,3,1985,326.22
19,3,1985,144.48
20,3,1985,240.91
21,3,1985,216.52
22,3,1985,242.10
23,3,1985,181.82
24,3,1985,112.84
25,3,1985,173.51
26,3,1985,141.30
27,3,1985,118.96
28,3,1985,112.41
29,3,1985,120.51
30,3,1985,186.99
31,3,1985,229.62
1,4,1985,432.74
2,4,1985,474.39
3,4,1985,505.73
4,4,1985,471.90
5,4,1985,543.91
6,4,1985,174.97
7,4,1985,103.48
8,4,1985,153.19
9,4,1985,123.72
10,4,1985,105.79
11,4,1985,95.82
12,4,1985,106.93
13,4,1985,152.23
14,4,1985,87.51
15,4,1985,142.95
16,4,1985,124.12
17,4,1985,104.24
18,4,1985,96.48
19,4,1985,108.43
20,4,1985,156.39
21,4,1985,96.61
22,4,1985,145.97
23,4,1985,122.37
24,4,1985,107.31
25,4,1985,98.20
26,4,1985,104.48
27,4,1985,162.22
28,4,1985,95.25
29,4,1985,149.78
30,4,1985,128.13
1,5,1985,109.14
2,5,1985,288.60
3,5,1985,333.35
4,5,1985,313.50
5,5,1985,94.12
6,5,1985,148.87
7,5,1985,247.66
8,5,1985,296.43
9,5,1985,289.11
10,5,1985,320.40
11,5,1985,160.39
12,5,1985,97.28
13,5,1985,149.45
14,5,1985,120.19
15,5,1985,101.76
16,5,1985,93.66
17,5,1985,105.46
18,5,1985,155.31
19,5,1985,97.45
20,5,1985,146.68
21,5,1985,126.86
22,5,1985,119.55
23,5,1985,90.91
24,5,1985,97.10
25,5,1985,163.31
26,5,1985,92.69
27,5,1985,195.12
28,5,1985,152.93
29,5,1985,110.48
30,5,1985,96.79
31,5,1985,221.14
1,6,1985,438.85
2,6,1985,286.86
3,6,1985,421.68
4,6,1985,336.26
5,6,1985,294.06
6,6,1985,274.11
7,6,1985,100.92
8,6,1985,155.48
9,6,1985,92.15
10,6,1985,276.93
11,6,1985,228.45
12,6,1985,95.31
13,6,1985,90.39
14,6,1985,101.34
15,6,1985,159.54
16,6,1985,179.76
17,6,1985,272.59
18,6,1985,115.15
19,6,1985,101.22
20,6,1985,92.25
21,6,1985,199.23
22,6,1985,446.86
23,6,1985,288.50
24,6,1985,275.38
25,6,1985,119.33
26,6,1985,97.42
27,6,1985,93.08
28,6,1985,200.49
29,6,1985,151.29
30,6,1985,291.20
1,7,1985,393.36
2,7,1985,112.74
3,7,1985,95.08
4,7,1985,134.39
5,7,1985,127.95
6,7,1985,496.54
7,7,1985,305.50
8,7,1985,571.18
9,7,1985,573.80
10,7,1985,491.71
11,7,1985,272.45
12,7,1985,194.62
13,7,1985,150.37
14,7,1985,95.31
15,7,1985,136.71
16,7,1985,108.35
17,7,1985,94.38
18,7,1985,89.85
19,7,1985,94.75
20,7,1985,145.89
21,7,1985,190.43
22,7,1985,266.52
23,7,1985,107.70
24,7,1985,93.14
25,7,1985,86.36
26,7,1985,96.58
27,7,1985,143.40
28,7,1985,90.36
29,7,1985,128.19
30,7,1985,110.16
31,7,1985,92.66
1,8,1985,89.13
2,8,1985,100.17
3,8,1985,291.62
4,8,1985,178.21
5,8,1985,525.51
6,8,1985,432.69
7,8,1985,371.79
8,8,1985,335.46
9,8,1985,577.82
10,8,1985,873.44
11,8,1985,360.84
12,8,1985,130.36
13,8,1985,525.66
14,8,1985,276.36
15,8,1985,263.74
16,8,1985,290.26
17,8,1985,442.21
18,8,1985,180.30
19,8,1985,122.54
20,8,1985,104.16
21,8,1985,177.51
22,8,1985,166.69
23,8,1985,181.76
24,8,1985,139.33
25,8,1985,86.81
26,8,1985,125.44
27,8,1985,287.57
28,8,1985,251.20
29,8,1985,245.03
30,8,1985,275.14
31,8,1985,142.42
1,9,1985,87.26
2,9,1985,162.71
3,9,1985,122.81
4,9,1985,86.23
5,9,1985,82.55
6,9,1985,86.28
7,9,1985,133.92
8,9,1985,84.47
9,9,1985,131.06
10,9,1985,110.25
11,9,1985,87.15
12,9,1985,86.09
13,9,1985,96.27
14,9,1985,400.97
15,9,1985,157.39
16,9,1985,129.73
17,9,1985,108.69
18,9,1985,87.66
19,9,1985,86.39
20,9,1985,90.91
21,9,1985,377.92
22,9,1985,245.48
23,9,1985,262.12
24,9,1985,103.28
25,9,1985,88.17
26,9,1985,85.06
27,9,1985,95.79
28,9,1985,131.06
29,9,1985,82.86
30,9,1985,131.25
1,10,1985,101.11
2,10,1985,85.03
3,10,1985,82.68
4,10,1985,89.58
5,10,1985,117.51
6,10,1985,78.04
7,10,1985,124.92
8,10,1985,102.45
9,10,1985,79.79
10,10,1985,78.56
11,10,1985,87.83
12,10,1985,120.40
13,10,1985,76.25
14,10,1985,125.68
15,10,1985,101.34
16,10,1985,80.84
17,10,1985,80.92
18,10,1985,86.86
19,10,1985,123.72
20,10,1985,75.48
21,10,1985,120.19
22,10,1985,103.68
23,10,1985,77.43
24,10,1985,73.40
25,10,1985,160.63
26,10,1985,235.85
27,10,1985,149.37
28,10,1985,222.05
29,10,1985,91.56
30,10,1985,71.51
31,10,1985,280.97
1,11,1985,536.92
2,11,1985,337.24
3,11,1985,204.96
4,11,1985,105.09
5,11,1985,88.90
6,11,1985,66.61
7,11,1985,68.76
8,11,1985,79.37
9,11,1985,109.67
10,11,1985,139.18
11,11,1985,110.84
12,11,1985,92.72
13,11,1985,71.23
14,11,1985,70.50
15,11,1985,76.83
16,11,1985,219.43
17,11,1985,135.81
18,11,1985,105.83
19,11,1985,86.42
20,11,1985,68.83
21,11,1985,70.06
22,11,1985,76.81
23,11,1985,111.39
24,11,1985,67.10
25,11,1985,104.40
26,11,1985,89.43
27,11,1985,76.83
28,11,1985,80.43
29,11,1985,187.45
30,11,1985,384.20
1,12,1985,217.01
2,12,1985,220.41
3,12,1985,175.71
4,12,1985,69.64
5,12,1985,70.76
6,12,1985,154.90
7,12,1985,212.09
8,12,1985,68.08
9,12,1985,103.52
10,12,1985,84.76
11,12,1985,69.29
12,12,1985,67.31
13,12,1985,150.87
14,12,1985,334.17
15,12,1985,210.62
16,12,1985,321.67
17,12,1985,269.72
18,12,1985,203.72
19,12,1985,214.02
20,12,1985,81.73
21,12,1985,117.46
22,12,1985,74.48
23,12,1985,110.16
24,12,1985,97.73
25,12,1985,113.55
26,12,1985,106.42
27,12,1985,92.50
28,12,1985,129.30
29,12,1985,80.12
30,12,1985,112.84
31,12,1985,182.93
1,1,1986,189.96
2,1,1986,254.60
3,1,1986,220.93
4,1,1986,200.19
5,1,1986,130.42
6,1,1986,200.94
7,1,1986,74.33
8,1,1986,64.16
9,1,1986,192.06
10,1,1986,265.15
11,1,1986,181.02
12,1,1986,58.27
13,1,1986,95.31
14,1,1986,75.12
15,1,1986,59.30
16,1,1986,61.69
17,1,1986,65.59
18,1,1986,89.76
19,1,1986,61.07
20,1,1986,102.03
21,1,1986,77.30
22,1,1986,58.59
23,1,1986,59.48
24,1,1986,131.06
25,1,1986,271.35
26,1,1986,57.40
27,1,1986,91.31
28,1,1986,74.56
29,1,1986,57.49
30,1,1986,60.72
31,1,1986,64.84
1,2,1986,358.44
2,2,1986,119.41
3,2,1986,192.06
4,2,1986,148.30
5,2,1986,119.65
6,2,1986,245.80
7,2,1986,257.97
8,2,1986,92.98
9,2,1986,60.92
10,2,1986,97.84
11,2,1986,73.97
12,2,1986,60.88
13,2,1986,59.25
14,2,1986,66.85
15,2,1986,275.80
16,2,1986,57.17
17,2,1986,103.40
18,2,1986,660.02
19,2,1986,493.51
20,2,1986,492.04
21,2,1986,518.68
22,2,1986,175.48
23,2,1986,57.17
24,2,1986,95.62
25,2,1986,73.72
26,2,1986,60.24
27,2,1986,64.43
28,2,1986,65.02
1,3,1986,85.00
2,3,1986,114.05
3,3,1986,92.76
4,3,1986,73.97
5,3,1986,57.56
6,3,1986,58.74
7,3,1986,61.55
8,3,1986,176.23
9,3,1986,110.00
10,3,1986,90.73
11,3,1986,72.14
12,3,1986,56.25
13,3,1986,56.81
14,3,1986,63.07
15,3,1986,87.49
16,3,1986,225.96
17,3,1986,90.63
18,3,1986,71.59
19,3,1986,57.47
20,3,1986,113.53
21,3,1986,61.32
22,3,1986,265.91
23,3,1986,57.42
24,3,1986,89.82
25,3,1986,348.31
26,3,1986,285.38
27,3,1986,297.28
28,3,1986,323.24
29,3,1986,96.86
30,3,1986,60.52
31,3,1986,94.51
1,4,1986,72.32
2,4,1986,58.56
3,4,1986,61.11
4,4,1986,66.16
5,4,1986,90.57
6,4,1986,54.63
7,4,1986,90.79
8,4,1986,73.36
9,4,1986,55.64
10,4,1986,56.97
11,4,1986,61.62
12,4,1986,90.12
13,4,1986,112.32
14,4,1986,272.45
15,4,1986,70.02
16,4,1986,55.06
17,4,1986,57.56
18,4,1986,62.94
19,4,1986,92.72
20,4,1986,56.92
21,4,1986,93.59
22,4,1986,70.24
23,4,1986,57.33
24,4,1986,57.77
25,4,1986,62.07
26,4,1986,435.73
27,4,1986,55.80
28,4,1986,185.57
29,4,1986,145.14
30,4,1986,277.22
1,5,1986,470.05
2,5,1986,183.84
3,5,1986,270.09
4,5,1986,55.13
5,5,1986,91.74
6,5,1986,69.86
7,5,1986,112.48
8,5,1986,116.67
9,5,1986,60.54
10,5,1986,89.67
11,5,1986,55.32
12,5,1986,554.62
13,5,1986,144.75
14,5,1986,112.77
15,5,1986,574.41
16,5,1986,620.43
17,5,1986,181.57
18,5,1986,115.87
19,5,1986,88.17
20,5,1986,70.78
21,5,1986,56.17
22,5,1986,54.93
23,5,1986,122.12
24,5,1986,275.23
25,5,1986,58.41
26,5,1986,235.54
27,5,1986,361.20
28,5,1986,59.34
29,5,1986,171.59
30,5,1986,185.96
31,5,1986,186.28
1,6,1986,57.39
2,6,1986,91.53
3,6,1986,71.17
4,6,1986,55.68
5,6,1986,56.42
6,6,1986,66.21
7,6,1986,92.72
8,6,1986,58.01
9,6,1986,357.96
10,6,1986,365.91
11,6,1986,112.23
12,6,1986,56.88
13,6,1986,59.93
14,6,1986,184.68
15,6,1986,59.13
16,6,1986,90.24
17,6,1986,439.21
18,6,1986,119.84
19,6,1986,119.18
20,6,1986,125.01
21,6,1986,92.09
22,6,1986,58.19
23,6,1986,92.53
24,6,1986,74.21
25,6,1986,118.05
26,6,1986,114.13
27,6,1986,123.29
28,6,1986,183.93
29,6,1986,59.75
30,6,1986,89.52
1,7,1986,74.17
2,7,1986,118.81
3,7,1986,173.80
4,7,1986,250.11
5,7,1986,234.21
6,7,1986,64.08
7,7,1986,94.41
8,7,1986,74.74
9,7,1986,179.36
10,7,1986,119.31
11,7,1986,128.80
12,7,1986,181.27
13,7,1986,245.57
14,7,1986,462.66
15,7,1986,73.44
16,7,1986,57.86
17,7,1986,60.62
18,7,1986,63.91
19,7,1986,88.96
20,7,1986,241.28
21,7,1986,90.33
22,7,1986,152.45
23,7,1986,116.40
24,7,1986,181.70
25,7,1986,181.98
26,7,1986,182.25
27,7,1986,120.21
28,7,1986,180.36
29,7,1986,147.24
30,7,1986,229.81
31,7,1986,182.35
1,8,1986,61.84
2,8,1986,88.23
3,8,1986,56.24
4,8,1986,89.28
5,8,1986,72.53
6,8,1986,115.30
7,8,1986,59.13
8,8,1986,187.08
9,8,1986,176.75
10,8,1986,56.11
11,8,1986,89.82
12,8,1986,71.85
13,8,1986,57.38
14,8,1986,57.80
15,8,1986,62.48
16,8,1986,90.18
17,8,1986,173.58
18,8,1986,271.99
19,8,1986,143.67
20,8,1986,56.67
21,8,1986,116.87
22,8,1986,125.42
23,8,1986,180.54
24,8,1986,54.90
25,8,1986,270.18
26,8,1986,204.44
27,8,1986,169.43
28,8,1986,167.68
29,8,1986,193.57
30,8,1986,176.00
31,8,1986,55.94
1,9,1986,346.94
2,9,1986,367.73
3,9,1986,222.87
4,9,1986,56.90
5,9,1986,59.96
6,9,1986,87.77
7,9,1986,53.37
8,9,1986,84.97
9,9,1986,71.38
10,9,1986,171.08
11,9,1986,225.63
12,9,1986,123.29
13,9,1986,245.93
14,9,1986,107.44
15,9,1986,170.97
16,9,1986,288.19
17,9,1986,215.82
18,9,1986,229.03
19,9,1986,60.07
20,9,1986,248.12
21,9,1986,157.24
22,9,1986,86.42
23,9,1986,632.36
24,9,1986,497.25
25,9,1986,55.63
26,9,1986,303.30
27,9,1986,497.30
28,9,1986,325.82
29,9,1986,85.68
30,9,1986,282.00
1,10,1986,270.10
2,10,1986,56.74
3,10,1986,59.22
4,10,1986,81.78
5,10,1986,52.00
6,10,1986,171.90
7,10,1986,69.97
8,10,1986,54.96
9,10,1986,54.45
10,10,1986,58.51
11,10,1986,331.74
12,10,1986,51.16
13,10,1986,255.00
14,10,1986,150.41
15,10,1986,54.95
16,10,1986,55.27
17,10,1986,178.88
18,10,1986,247.58
19,10,1986,51.08
20,10,1986,336.08
21,10,1986,136.02
22,10,1986,108.06
23,10,1986,111.81
24,10,1986,119.68
25,10,1986,243.41
26,10,1986,202.86
27,10,1986,83.50
28,10,1986,68.69
29,10,1986,53.86
30,10,1986,55.10
31,10,1986,59.91
1,11,1986,80.24
2,11,1986,48.98
3,11,1986,164.20
4,11,1986,69.52
5,11,1986,48.17
6,11,1986,51.31
7,11,1986,58.67
8,11,1986,166.43
9,11,1986,103.70
10,11,1986,167.10
11,11,1986,142.53
12,11,1986,57.55
13,11,1986,53.82
14,11,1986,59.17
15,11,1986,246.75
16,11,1986,150.93
17,11,1986,246.38
18,11,1986,201.89
19,11,1986,108.69
20,11,1986,53.52
21,11,1986,58.73
22,11,1986,82.40
23,11,1986,51.10
24,11,1986,79.18
25,11,1986,69.25
26,11,1986,58.39
27,11,1986,62.74
28,11,1986,71.02
29,11,1986,94.71
30,11,1986,53.50
1,12,1986,85.06
2,12,1986,132.61
3,12,1986,52.71
4,12,1986,53.30
5,12,1986,56.55
6,12,1986,80.89
7,12,1986,52.32
8,12,1986,81.01
9,12,1986,67.53
10,12,1986,52.74
11,12,1986,51.69
12,12,1986,111.85
13,12,1986,247.13
14,12,1986,101.97
15,12,1986,83.01
16,12,1986,65.61
17,12,1986,53.47
18,12,1986,50.88
19,12,1986,56.48
20,12,1986,81.36
21,12,1986,54.17
22,12,1986,74.29
23,12,1986,66.76
24,12,1986,61.83
25,12,1986,85.73
26,12,1986,84.60
27,12,1986,102.81
28,12,1986,119.23
29,12,1986,166.74
30,12,1986,73.50
31,12,1986,196.73
1,1,1987,516.06
2,1,1987,71.59
3,1,1987,173.34
4,1,1987,110.27
5,1,1987,168.04
6,1,1987,63.30
7,1,1987,52.53
8,1,1987,51.01
9,1,1987,53.96
10,1,1987,227.71
11,1,1987,50.69
12,1,1987,78.76
13,1,1987,60.96
14,1,1987,49.89
15,1,1987,49.79
16,1,1987,54.63
17,1,1987,77.10
18,1,1987,49.47
19,1,1987,160.29
20,1,1987,63.45
21,1,1987,96.91
22,1,1987,98.11
23,1,1987,114.35
24,1,1987,461.66
25,1,1987,95.91
26,1,1987,159.63
27,1,1987,122.34
28,1,1987,49.87
29,1,1987,48.55
30,1,1987,53.06
31,1,1987,73.26
1,2,1987,47.63
2,2,1987,300.73
3,2,1987,236.31
4,2,1987,192.43
5,2,1987,193.40
6,2,1987,206.36
7,2,1987,71.55
8,2,1987,47.07
9,2,1987,76.48
10,2,1987,59.03
11,2,1987,46.14
12,2,1987,46.10
13,2,1987,51.24
14,2,1987,73.06
15,2,1987,45.88
16,2,1987,83.04
17,2,1987,67.62
18,2,1987,48.91
19,2,1987,47.95
20,2,1987,153.10
21,2,1987,145.38
22,2,1987,91.08
23,2,1987,151.55
24,2,1987,59.00
25,2,1987,95.15
26,2,1987,47.15
27,2,1987,48.44
28,2,1987,70.56
1,3,1987,46.10
2,3,1987,73.94
3,3,1987,58.26
4,3,1987,47.08
5,3,1987,47.02
6,3,1987,50.95
7,3,1987,70.04
8,3,1987,46.31
9,3,1987,74.62
10,3,1987,59.04
11,3,1987,47.49
12,3,1987,46.66
13,3,1987,50.66
14,3,1987,70.52
15,3,1987,46.46
16,3,1987,366.01
17,3,1987,298.73
18,3,1987,144.17
19,3,1987,96.65
20,3,1987,50.11
21,3,1987,72.61
22,3,1987,90.97
23,3,1987,151.63
24,3,1987,119.10
25,3,1987,97.89
26,3,1987,96.67
27,3,1987,101.87
28,3,1987,146.72
29,3,1987,87.37
30,3,1987,73.58
31,3,1987,58.91
1,4,1987,97.19
2,4,1987,94.26
3,4,1987,103.00
4,4,1987,151.51
5,4,1987,44.80
6,4,1987,72.40
7,4,1987,58.17
8,4,1987,91.08
9,4,1987,94.38
10,4,1987,98.38
11,4,1987,362.56
12,4,1987,233.01
13,4,1987,366.61
14,4,1987,299.79
15,4,1987,248.53
16,4,1987,47.77
17,4,1987,52.16
18,4,1987,158.83
19,4,1987,52.01
20,4,1987,79.25
21,4,1987,59.13
22,4,1987,46.53
23,4,1987,46.08
24,4,1987,199.41
25,4,1987,210.46
26,4,1987,136.83
27,4,1987,71.36
28,4,1987,57.36
29,4,1987,45.70
30,4,1987,47.72
1,5,1987,197.95
2,5,1987,288.19
3,5,1987,138.68
4,5,1987,73.54
5,5,1987,60.07
6,5,1987,46.14
7,5,1987,95.20
8,5,1987,204.36
9,5,1987,299.73
10,5,1987,49.65
11,5,1987,74.35
12,5,1987,57.10
13,5,1987,95.16
14,5,1987,95.15
15,5,1987,48.65
16,5,1987,71.34
17,5,1987,45.94
18,5,1987,70.69
19,5,1987,113.29
20,5,1987,90.41
21,5,1987,46.21
22,5,1987,98.70
23,5,1987,146.72
24,5,1987,94.80
25,5,1987,94.65
26,5,1987,72.05
27,5,1987,48.46
28,5,1987,47.47
29,5,1987,50.22
30,5,1987,75.25
31,5,1987,48.52
1,6,1987,73.92
2,6,1987,551.66
3,6,1987,48.44
4,6,1987,92.31
5,6,1987,48.64
6,6,1987,291.46
7,6,1987,188.36
8,6,1987,73.18
9,6,1987,177.70
10,6,1987,48.28
11,6,1987,46.98
12,6,1987,50.84
13,6,1987,152.11
14,6,1987,47.91
15,6,1987,73.34
16,6,1987,58.46
17,6,1987,95.67
18,6,1987,97.40
19,6,1987,51.00
20,6,1987,72.85
21,6,1987,47.64
22,6,1987,73.97
23,6,1987,61.53
24,6,1987,48.65
25,6,1987,47.50
26,6,1987,51.99
27,6,1987,74.89
28,6,1987,51.89
29,6,1987,74.35
30,6,1987,59.51
1,7,1987,45.67
2,7,1987,45.65
3,7,1987,54.60
4,7,1987,187.97
5,7,1987,109.05
6,7,1987,148.87
7,7,1987,60.08
8,7,1987,47.70
9,7,1987,46.10
10,7,1987,49.52
11,7,1987,152.88
12,7,1987,149.39
13,7,1987,199.40
14,7,1987,56.18
15,7,1987,45.51
16,7,1987,45.01
17,7,1987,49.13
18,7,1987,297.25
19,7,1987,198.86
20,7,1987,67.46
21,7,1987,57.58
22,7,1987,95.38
23,7,1987,46.55
24,7,1987,50.10
25,7,1987,71.78
26,7,1987,148.16
27,7,1987,67.69
28,7,1987,56.36
29,7,1987,46.45
30,7,1987,322.09
31,7,1987,50.23
1,8,1987,155.62
2,8,1987,49.11
3,8,1987,69.06
4,8,1987,56.97
5,8,1987,47.48
6,8,1987,45.11
7,8,1987,148.05
8,8,1987,309.45
9,8,1987,47.26
10,8,1987,66.38
11,8,1987,57.58
12,8,1987,47.68
13,8,1987,44.63
14,8,1987,50.45
15,8,1987,75.50
16,8,1987,48.07
17,8,1987,68.98
18,8,1987,56.29
19,8,1987,48.01
20,8,1987,44.51
21,8,1987,95.38
22,8,1987,151.59
23,8,1987,93.56
24,8,1987,140.60
25,8,1987,56.51
26,8,1987,46.93
27,8,1987,45.20
28,8,1987,51.13
29,8,1987,293.68
30,8,1987,138.28
31,8,1987,140.85
1,9,1987,104.72
2,9,1987,89.06
3,9,1987,42.90
4,9,1987,47.03
5,9,1987,73.12
6,9,1987,137.66
7,9,1987,275.70
8,9,1987,204.18
9,9,1987,141.67
10,9,1987,127.56
11,9,1987,137.31
12,9,1987,351.59
13,9,1987,43.99
14,9,1987,63.31
15,9,1987,52.74
16,9,1987,44.19
17,9,1987,84.69
18,9,1987,95.35
19,9,1987,136.95
20,9,1987,44.07
21,9,1987,62.37
22,9,1987,52.44
23,9,1987,45.01
24,9,1987,43.64
25,9,1987,46.91
26,9,1987,67.67
27,9,1987,42.66
28,9,1987,66.37
29,9,1987,53.18
30,9,1987,91.62
1,10,1987,84.50
2,10,1987,94.60
3,10,1987,69.45
4,10,1987,43.78
5,10,1987,63.21
6,10,1987,109.25
7,10,1987,46.62
8,10,1987,84.57
9,10,1987,46.68
10,10,1987,400.78
11,10,1987,42.10
12,10,1987,62.45
13,10,1987,55.65
14,10,1987,44.49
15,10,1987,210.74
16,10,1987,283.79
17,10,1987,262.69
18,10,1987,218.75
19,10,1987,2147.31
20,10,1987,1733.31
21,10,1987,959.07
22,10,1987,1011.40
23,10,1987,707.97
24,10,1987,3023.89
25,10,1987,1368.42
26,10,1987,2605.83
27,10,1987,1576.71
28,10,1987,1070.33
29,10,1987,528.98
30,10,1987,426.50
31,10,1987,2094.38
1,11,1987,615.90
2,11,1987,653.38
3,11,1987,861.91
4,11,1987,918.96
5,11,1987,571.48
6,11,1987,283.09
7,11,1987,937.70
8,11,1987,1044.22
9,11,1987,996.75
10,11,1987,528.97
11,11,1987,357.43
12,11,1987,175.80
13,11,1987,141.79
14,11,1987,1235.14
15,11,1987,511.30
16,11,1987,654.81
17,11,1987,419.06
18,11,1987,521.78
19,11,1987,741.28
20,11,1987,315.05
21,11,1987,812.63
22,11,1987,509.85
23,11,1987,497.49
24,11,1987,698.21
25,11,1987,654.36
26,11,1987,363.22
27,11,1987,731.14
28,11,1987,609.45
29,11,1987,469.60
30,11,1987,858.98
1,12,1987,599.64
2,12,1987,263.57
3,12,1987,382.33
4,12,1987,278.08
5,12,1987,1016.81
6,12,1987,611.11
7,12,1987,700.38
8,12,1987,416.39
9,12,1987,131.46
10,12,1987,284.41
11,12,1987,277.93
12,12,1987,834.23
13,12,1987,312.33
14,12,1987,458.26
15,12,1987,159.60
16,12,1987,260.59
17,12,1987,85.68
18,12,1987,275.23
19,12,1987,495.06
20,12,1987,721.43
21,12,1987,764.59
22,12,1987,607.88
23,12,1987,288.24
24,12,1987,146.50
25,12,1987,322.89
26,12,1987,1893.57
27,12,1987,652.68
28,12,1987,1550.14
29,12,1987,228.93
30,12,1987,438.38
31,12,1987,351.44
1,1,1988,758.85
2,1,1988,2226.19
3,1,1988,1125.38
4,1,1988,940.27
5,1,1988,845.51
6,1,1988,392.60
7,1,1988,208.59
8,1,1988,281.61
9,1,1988,1212.24
10,1,1988,882.16
11,1,1988,507.09
12,1,1988,249.31
13,1,1988,292.43
14,1,1988,238.81
15,1,1988,356.95
16,1,1988,692.69
17,1,1988,428.66
18,1,1988,373.81
19,1,1988,210.14
20,1,1988,203.18
21,1,1988,356.63
22,1,1988,134.10
23,1,1988,1869.42
24,1,1988,569.39
25,1,1988,625.77
26,1,1988,143.28
27,1,1988,83.58
28,1,1988,389.50
29,1,1988,427.57
30,1,1988,2429.20
31,1,1988,361.68
1,2,1988,172.80
2,2,1988,143.40
3,2,1988,166.85
4,2,1988,317.05
5,2,1988,44.36
6,2,1988,327.72
7,2,1988,507.45
8,2,1988,238.56
9,2,1988,146.71
10,2,1988,40.73
11,2,1988,78.68
12,2,1988,83.90
13,2,1988,443.49
14,2,1988,160.18
15,2,1988,128.01
16,2,1988,317.75
17,2,1988,41.37
18,2,1988,118.84
19,2,1988,128.60
20,2,1988,124.43
21,2,1988,124.42
22,2,1988,348.13
23,2,1988,286.35
24,2,1988,161.98
25,2,1988,78.27
26,2,1988,126.98
27,2,1988,179.12
28,2,1988,79.63
29,2,1988,283.22
1,3,1988,291.99
2,3,1988,126.45
3,3,1988,464.84
4,3,1988,511.46
5,3,1988,314.34
6,3,1988,196.22
7,3,1988,293.52
8,3,1988,48.29
9,3,1988,76.67
10,3,1988,117.63
11,3,1988,133.31
12,3,1988,184.10
13,3,1988,38.81
14,3,1988,118.34
15,3,1988,98.77
16,3,1988,40.33
17,3,1988,38.25
18,3,1988,44.14
19,3,1988,64.70
20,3,1988,40.59
21,3,1988,59.29
22,3,1988,240.67
23,3,1988,204.50
24,3,1988,115.78
25,3,1988,84.24
26,3,1988,64.26
27,3,1988,82.21
28,3,1988,356.74
29,3,1988,98.76
30,3,1988,43.13
31,3,1988,80.47
1,4,1988,88.75
2,4,1988,67.36
3,4,1988,248.42
4,4,1988,517.08
5,4,1988,98.41
6,4,1988,79.46
7,4,1988,190.48
8,4,1988,207.94
9,4,1988,180.72
10,4,1988,161.25
11,4,1988,114.96
12,4,1988,47.17
13,4,1988,77.69
14,4,1988,37.59
15,4,1988,41.19
16,4,1988,546.56
17,4,1988,154.37
18,4,1988,116.34
19,4,1988,141.17
20,4,1988,200.28
21,4,1988,36.72
22,4,1988,80.76
23,4,1988,301.27
24,4,1988,38.50
25,4,1988,164.07
26,4,1988,47.60
27,4,1988,37.98
28,4,1988,111.38
29,4,1988,80.82
30,4,1988,477.55
1,5,1988,115.66
2,5,1988,221.73
3,5,1988,140.29
4,5,1988,116.24
5,5,1988,112.29
6,5,1988,42.35
7,5,1988,59.93
8,5,1988,156.89
9,5,1988,593.12
10,5,1988,94.13
11,5,1988,117.58
12,5,1988,302.50
13,5,1988,331.53
14,5,1988,188.56
15,5,1988,117.96
16,5,1988,172.76
17,5,1988,46.89
18,5,1988,38.36
19,5,1988,38.88
20,5,1988,42.85
21,5,1988,62.07
22,5,1988,78.02
23,5,1988,228.88
24,5,1988,94.28
25,5,1988,157.78
26,5,1988,112.59
27,5,1988,124.21
28,5,1988,119.65
29,5,1988,40.12
30,5,1988,310.70
31,5,1988,306.06
1,6,1988,202.02
2,6,1988,39.60
3,6,1988,43.25
4,6,1988,300.06
5,6,1988,158.43
6,6,1988,59.05
7,6,1988,47.36
8,6,1988,78.58
9,6,1988,38.55
10,6,1988,43.22
11,6,1988,499.68
12,6,1988,197.17
13,6,1988,56.81
14,6,1988,48.67
15,6,1988,40.06
16,6,1988,38.36
17,6,1988,41.70
18,6,1988,124.20
19,6,1988,82.81
20,6,1988,345.97
21,6,1988,285.29
22,6,1988,242.72
23,6,1988,229.42
24,6,1988,43.52
25,6,1988,305.85
26,6,1988,80.66
27,6,1988,117.41
28,6,1988,93.67
29,6,1988,39.56
30,6,1988,38.86
1,7,1988,42.98
2,7,1988,188.87
3,7,1988,43.44
4,7,1988,232.76
5,7,1988,63.46
6,7,1988,43.39
7,7,1988,40.30
8,7,1988,43.73
9,7,1988,186.60
10,7,1988,124.79
11,7,1988,174.56
12,7,1988,142.49
13,7,1988,123.19
14,7,1988,116.93
15,7,1988,128.76
16,7,1988,124.12
17,7,1988,80.28
18,7,1988,107.76
19,7,1988,90.25
20,7,1988,77.03
21,7,1988,74.30
22,7,1988,82.19
23,7,1988,61.38
24,7,1988,125.50
25,7,1988,182.89
26,7,1988,141.64
27,7,1988,125.43
28,7,1988,119.23
29,7,1988,43.25
30,7,1988,127.25
31,7,1988,126.92
1,8,1988,112.98
2,8,1988,49.43
3,8,1988,40.11
4,8,1988,38.44
5,8,1988,43.71
6,8,1988,125.30
7,8,1988,81.19
8,8,1988,466.18
9,8,1988,95.77
10,8,1988,79.47
11,8,1988,76.99
12,8,1988,124.77
13,8,1988,253.72
14,8,1988,158.29
15,8,1988,163.97
16,8,1988,45.24
17,8,1988,37.93
18,8,1988,37.11
19,8,1988,41.74
20,8,1988,61.17
21,8,1988,118.60
22,8,1988,354.70
23,8,1988,286.55
24,8,1988,82.60
25,8,1988,38.26
26,8,1988,42.47
27,8,1988,300.73
28,8,1988,78.01
29,8,1988,191.32
30,8,1988,191.32
31,8,1988,42.47
1,9,1988,35.78
2,9,1988,40.46
3,9,1988,118.39
4,9,1988,38.78
5,9,1988,142.83
6,9,1988,58.01
7,9,1988,39.75
8,9,1988,37.74
9,9,1988,40.44
10,9,1988,220.59
11,9,1988,75.75
12,9,1988,217.79
13,9,1988,91.56
14,9,1988,78.01
15,9,1988,112.05
16,9,1988,119.26
17,9,1988,159.76
18,9,1988,107.81
19,9,1988,102.53
20,9,1988,86.28
21,9,1988,75.84
22,9,1988,178.78
23,9,1988,196.68
24,9,1988,212.34
25,9,1988,35.75
26,9,1988,49.56
27,9,1988,42.11
28,9,1988,224.73
29,9,1988,344.75
30,9,1988,38.19
1,10,1988,320.33
2,10,1988,110.54
3,10,1988,162.00
4,10,1988,46.66
5,10,1988,38.32
6,10,1988,256.94
7,10,1988,292.93
8,10,1988,167.57
9,10,1988,226.40
10,10,1988,55.24
11,10,1988,48.22
12,10,1988,39.08
13,10,1988,38.76
14,10,1988,40.50
15,10,1988,860.51
16,10,1988,299.89
17,10,1988,52.33
18,10,1988,278.31
19,10,1988,244.92
20,10,1988,73.32
21,10,1988,80.61
22,10,1988,114.81
23,10,1988,74.91
24,10,1988,110.75
25,10,1988,93.38
26,10,1988,40.37
27,10,1988,147.61
28,10,1988,163.90
29,10,1988,110.45
30,10,1988,37.15
31,10,1988,54.65
1,11,1988,45.13
2,11,1988,38.46
3,11,1988,35.56
4,11,1988,39.39
5,11,1988,110.05
6,11,1988,244.04
7,11,1988,359.00
8,11,1988,416.18
9,11,1988,289.29
10,11,1988,102.42
11,11,1988,121.52
12,11,1988,297.41
13,11,1988,76.33
14,11,1988,336.68
15,11,1988,361.08
16,11,1988,154.13
17,11,1988,73.24
18,11,1988,39.98
19,11,1988,221.96
20,11,1988,142.32
21,11,1988,54.22
22,11,1988,45.77
23,11,1988,41.23
24,11,1988,86.54
25,11,1988,252.54
26,11,1988,128.13
27,11,1988,121.74
28,11,1988,58.15
29,11,1988,46.66
30,11,1988,40.59
1,12,1988,114.21
2,12,1988,82.35
3,12,1988,58.31
4,12,1988,38.59
5,12,1988,54.85
6,12,1988,91.31
7,12,1988,81.36
8,12,1988,75.58
9,12,1988,83.10
10,12,1988,297.94
11,12,1988,115.63
12,12,1988,167.29
13,12,1988,182.81
14,12,1988,76.63
15,12,1988,110.13
16,12,1988,125.39
17,12,1988,238.46
18,12,1988,40.04
19,12,1988,55.97
20,12,1988,187.71
21,12,1988,161.35
22,12,1988,40.33
23,12,1988,46.77
24,12,1988,206.90
25,12,1988,141.50
26,12,1988,75.73
27,12,1988,184.39
28,12,1988,225.15
29,12,1988,131.23
30,12,1988,45.52
31,12,1988,379.87
1,1,1989,237.82
2,1,1989,742.11
3,1,1989,561.36
4,1,1989,71.75
5,1,1989,68.73
6,1,1989,37.05
7,1,1989,50.62
8,1,1989,107.17
9,1,1989,50.36
10,1,1989,38.85
11,1,1989,33.76
12,1,1989,65.39
13,1,1989,73.34
14,1,1989,96.65
15,1,1989,69.09
16,1,1989,100.41
17,1,1989,84.47
18,1,1989,33.07
19,1,1989,95.21
20,1,1989,33.06
21,1,1989,456.94
22,1,1989,96.02
23,1,1989,140.59
24,1,1989,115.33
25,1,1989,63.18
26,1,1989,61.77
27,1,1989,33.90
28,1,1989,47.59
29,1,1989,123.43
30,1,1989,194.20
31,1,1989,77.65
1,2,1989,33.16
2,2,1989,31.03
3,2,1989,34.27
4,2,1989,48.28
5,2,1989,32.92
6,2,1989,192.09
7,2,1989,76.10
8,2,1989,64.29
9,2,1989,61.85
10,2,1989,67.78
11,2,1989,48.66
12,2,1989,94.69
13,2,1989,145.63
14,2,1989,116.01
15,2,1989,99.76
16,2,1989,30.34
17,2,1989,34.32
18,2,1989,47.07
19,2,1989,31.32
20,2,1989,51.09
21,2,1989,40.04
22,2,1989,32.18
23,2,1989,30.37
24,2,1989,67.45
25,2,1989,142.39
26,2,1989,60.80
27,2,1989,94.51
28,2,1989,74.42
1,3,1989,31.91
2,3,1989,29.68
3,3,1989,100.23
4,3,1989,90.73
5,3,1989,62.14
6,3,1989,92.64
7,3,1989,74.25
8,3,1989,64.66
9,3,1989,60.50
10,3,1989,66.13
11,3,1989,92.76
12,3,1989,60.25
13,3,1989,90.12
14,3,1989,37.48
15,3,1989,30.95
16,3,1989,29.44
17,3,1989,32.32
18,3,1989,45.24
19,3,1989,30.65
20,3,1989,177.45
21,3,1989,148.73
22,3,1989,94.16
23,3,1989,90.25
24,3,1989,100.61
25,3,1989,48.95
26,3,1989,32.50
27,3,1989,47.55
28,3,1989,114.27
29,3,1989,96.66
30,3,1989,89.16
31,3,1989,131.15
1,4,1989,179.76
2,4,1989,91.32
3,4,1989,90.76
4,4,1989,36.07
5,4,1989,30.50
6,4,1989,29.70
7,4,1989,33.12
8,4,1989,321.33
9,4,1989,59.89
10,4,1989,137.52
11,4,1989,486.85
12,4,1989,31.00
13,4,1989,85.18
14,4,1989,33.65
15,4,1989,45.31
16,4,1989,29.93
17,4,1989,92.44
18,4,1989,74.44
19,4,1989,62.42
20,4,1989,56.84
21,4,1989,65.67
22,4,1989,91.62
23,4,1989,30.82
24,4,1989,229.91
25,4,1989,221.68
26,4,1989,30.68
27,4,1989,28.67
28,4,1989,32.69
29,4,1989,45.63
30,4,1989,90.25
1,5,1989,45.76
2,5,1989,36.39
3,5,1989,30.55
4,5,1989,57.03
5,5,1989,32.62
6,5,1989,45.45
7,5,1989,59.31
8,5,1989,92.25
9,5,1989,371.92
10,5,1989,29.44
11,5,1989,365.34
12,5,1989,31.91
13,5,1989,136.16
14,5,1989,93.14
15,5,1989,139.40
16,5,1989,106.59
17,5,1989,29.71
18,5,1989,85.66
19,5,1989,96.54
20,5,1989,134.24
21,5,1989,59.19
22,5,1989,181.33
23,5,1989,36.15
24,5,1989,30.06
25,5,1989,28.61
26,5,1989,32.54
27,5,1989,46.96
28,5,1989,30.83
29,5,1989,58.31
30,5,1989,47.21
31,5,1989,32.74
1,6,1989,29.45
2,6,1989,32.92
3,6,1989,46.13
4,6,1989,29.95
5,6,1989,363.09
6,6,1989,296.06
7,6,1989,248.37
8,6,1989,231.34
9,6,1989,32.37
10,6,1989,140.34
11,6,1989,30.01
12,6,1989,45.83
13,6,1989,37.26
14,6,1989,188.10
15,6,1989,58.58
16,6,1989,67.30
17,6,1989,93.09
18,6,1989,187.90
19,6,1989,277.36
20,6,1989,224.73
21,6,1989,191.15
22,6,1989,184.68
23,6,1989,205.09
24,6,1989,46.89
25,6,1989,30.68
26,6,1989,46.91
27,6,1989,259.59
28,6,1989,733.43
29,6,1989,30.02
30,6,1989,33.39
1,7,1989,193.12
2,7,1989,63.83
3,7,1989,48.69
4,7,1989,100.98
5,7,1989,83.85
6,7,1989,65.26
7,7,1989,70.35
8,7,1989,237.91
9,7,1989,159.33
10,7,1989,237.95
11,7,1989,38.22
12,7,1989,63.59
13,7,1989,60.59
14,7,1989,443.46
15,7,1989,95.11
16,7,1989,64.01
17,7,1989,94.36
18,7,1989,76.12
19,7,1989,63.09
20,7,1989,30.68
21,7,1989,34.18
22,7,1989,93.53
23,7,1989,97.38
24,7,1989,186.64
25,7,1989,76.05
26,7,1989,64.12
27,7,1989,60.24
28,7,1989,67.67
29,7,1989,93.53
30,7,1989,190.61
31,7,1989,46.08
1,8,1989,37.62
2,8,1989,32.39
3,8,1989,31.15
4,8,1989,34.29
5,8,1989,138.61
6,8,1989,126.21
7,8,1989,93.01
8,8,1989,76.02
9,8,1989,63.66
10,8,1989,29.83
11,8,1989,33.28
12,8,1989,47.57
13,8,1989,31.07
14,8,1989,93.58
15,8,1989,37.61
16,8,1989,32.58
17,8,1989,62.92
18,8,1989,34.70
19,8,1989,189.42
20,8,1989,128.48
21,8,1989,46.99
22,8,1989,39.24
23,8,1989,31.82
24,8,1989,122.69
25,8,1989,33.39
26,8,1989,46.35
27,8,1989,30.70
28,8,1989,94.26
29,8,1989,38.16
30,8,1989,32.59
31,8,1989,30.01
1,9,1989,33.51
2,9,1989,46.04
3,9,1989,62.85
4,9,1989,57.40
5,9,1989,189.72
6,9,1989,303.13
7,9,1989,303.17
8,9,1989,321.16
9,9,1989,423.80
10,9,1989,29.83
11,9,1989,44.50
12,9,1989,36.20
13,9,1989,31.07
14,9,1989,29.33
15,9,1989,31.53
16,9,1989,42.46
17,9,1989,29.49
18,9,1989,44.29
19,9,1989,73.08
20,9,1989,94.38
21,9,1989,29.65
22,9,1989,32.28
23,9,1989,41.90
24,9,1989,29.05
25,9,1989,44.31
26,9,1989,36.52
27,9,1989,60.98
28,9,1989,116.69
29,9,1989,157.10
30,9,1989,168.54
1,10,1989,58.07
2,10,1989,44.31
3,10,1989,149.53
4,10,1989,30.31
5,10,1989,29.45
6,10,1989,31.41
7,10,1989,41.13
8,10,1989,29.29
9,10,1989,44.10
10,10,1989,38.10
11,10,1989,30.08
12,10,1989,28.35
13,10,1989,31.02
14,10,1989,577.26
15,10,1989,257.00
16,10,1989,371.89
17,10,1989,460.55
18,10,1989,90.90
19,10,1989,84.93
20,10,1989,30.80
21,10,1989,291.53
22,10,1989,85.60
23,10,1989,43.11
24,10,1989,107.27
25,10,1989,483.87
26,10,1989,424.25
27,10,1989,60.89
28,10,1989,40.02
29,10,1989,28.04
30,10,1989,213.72
31,10,1989,35.34
1,11,1989,28.09
2,11,1989,27.28
3,11,1989,29.01
4,11,1989,78.09
5,11,1989,27.57
6,11,1989,407.15
7,11,1989,34.60
8,11,1989,26.44
9,11,1989,81.08
10,11,1989,121.10
11,11,1989,41.77
12,11,1989,28.51
13,11,1989,170.51
14,11,1989,33.99
15,11,1989,28.71
16,11,1989,27.40
17,11,1989,60.00
18,11,1989,117.05
19,11,1989,27.71
20,11,1989,43.07
21,11,1989,35.38
22,11,1989,31.09
23,11,1989,33.17
24,11,1989,39.56
25,11,1989,95.11
26,11,1989,92.80
27,11,1989,46.49
28,11,1989,176.60
29,11,1989,31.01
30,11,1989,28.96
1,12,1989,63.16
2,12,1989,130.82
3,12,1989,58.78
4,12,1989,87.33
5,12,1989,398.50
6,12,1989,149.88
7,12,1989,28.13
8,12,1989,31.34
9,12,1989,129.98
10,12,1989,90.40
11,12,1989,754.15
12,12,1989,105.01
13,12,1989,90.35
14,12,1989,114.26
15,12,1989,93.25
16,12,1989,43.57
17,12,1989,30.02
18,12,1989,178.00
19,12,1989,36.09
20,12,1989,31.14
21,12,1989,29.71
22,12,1989,34.12
23,12,1989,98.47
24,12,1989,34.63
25,12,1989,127.43
26,12,1989,50.76
27,12,1989,36.97
28,12,1989,100.02
29,12,1989,72.40
30,12,1989,380.12
31,12,1989,99.98
1,1,1990,602.93
2,1,1990,44.43
3,1,1990,62.06
4,1,1990,143.24
5,1,1990,667.87
6,1,1990,901.32
7,1,1990,178.94
8,1,1990,83.05
9,1,1990,65.19
10,1,1990,86.20
11,1,1990,83.51
12,1,1990,175.01
13,1,1990,123.19
14,1,1990,29.33
15,1,1990,127.14
16,1,1990,105.82
17,1,1990,56.84
18,1,1990,54.36
19,1,1990,58.48
20,1,1990,81.94
21,1,1990,28.75
22,1,1990,40.84
23,1,1990,129.69
24,1,1990,139.95
25,1,1990,106.79
26,1,1990,56.73
27,1,1990,197.23
28,1,1990,135.05
29,1,1990,79.39
30,1,1990,96.97
31,1,1990,111.26
1,2,1990,213.66
2,2,1990,58.20
3,2,1990,319.69
4,2,1990,86.35
5,2,1990,121.14
6,2,1990,32.16
7,2,1990,27.83
8,2,1990,53.40
9,2,1990,57.63
10,2,1990,239.02
11,2,1990,28.00
12,2,1990,199.12
13,2,1990,225.24
14,2,1990,137.46
15,2,1990,129.21
16,2,1990,28.47
17,2,1990,39.23
18,2,1990,27.42
19,2,1990,126.35
20,2,1990,105.42
21,2,1990,27.56
22,2,1990,26.04
23,2,1990,112.20
24,2,1990,76.95
25,2,1990,104.76
26,2,1990,314.14
27,2,1990,95.88
28,2,1990,26.96
1,3,1990,52.23
2,3,1990,55.23
3,3,1990,38.66
4,3,1990,26.79
5,3,1990,38.64
6,3,1990,30.96
7,3,1990,25.93
8,3,1990,74.56
9,3,1990,79.74
10,3,1990,110.99
11,3,1990,53.24
12,3,1990,76.40
13,3,1990,125.72
14,3,1990,26.12
15,3,1990,55.23
16,3,1990,77.33
17,3,1990,26.79
18,3,1990,154.57
19,3,1990,278.68
20,3,1990,259.29
21,3,1990,124.26
22,3,1990,132.89
23,3,1990,74.00
24,3,1990,106.48
25,3,1990,190.99
26,3,1990,62.86
27,3,1990,77.29
28,3,1990,61.93
29,3,1990,181.50
30,3,1990,173.97
31,3,1990,53.16
1,4,1990,78.00
2,4,1990,145.49
3,4,1990,116.89
4,4,1990,25.88
5,4,1990,24.28
6,4,1990,26.48
7,4,1990,74.72
8,4,1990,52.88
9,4,1990,36.06
10,4,1990,28.44
11,4,1990,51.89
12,4,1990,75.75
13,4,1990,82.08
14,4,1990,79.67
15,4,1990,110.92
16,4,1990,37.68
17,4,1990,30.84
18,4,1990,51.87
19,4,1990,73.25
20,4,1990,26.95
21,4,1990,36.51
22,4,1990,51.47
23,4,1990,35.75
24,4,1990,59.48
25,4,1990,77.40
26,4,1990,72.04
27,4,1990,78.49
28,4,1990,73.05
29,4,1990,25.89
30,4,1990,37.54
1,5,1990,29.25
2,5,1990,25.23
3,5,1990,23.98
4,5,1990,26.40
5,5,1990,74.60
6,5,1990,104.54
7,5,1990,224.27
8,5,1990,29.94
9,5,1990,25.47
10,5,1990,74.06
11,5,1990,25.96
12,5,1990,112.93
13,5,1990,79.78
14,5,1990,37.11
15,5,1990,29.90
16,5,1990,76.16
17,5,1990,24.12
18,5,1990,105.14
19,5,1990,111.48
20,5,1990,78.16
21,5,1990,110.84
22,5,1990,60.50
23,5,1990,25.91
24,5,1990,73.06
25,5,1990,26.13
26,5,1990,75.03
27,5,1990,54.25
28,5,1990,136.76
29,5,1990,115.79
30,5,1990,105.03
31,5,1990,226.31
1,6,1990,52.71
2,6,1990,185.91
3,6,1990,51.39
4,6,1990,73.05
5,6,1990,29.94
6,6,1990,25.23
7,6,1990,173.00
8,6,1990,190.02
9,6,1990,223.64
10,6,1990,231.82
11,6,1990,37.12
12,6,1990,30.29
13,6,1990,25.76
14,6,1990,124.87
15,6,1990,26.51
16,6,1990,37.86
17,6,1990,26.43
18,6,1990,37.60
19,6,1990,30.92
20,6,1990,133.39
21,6,1990,175.15
22,6,1990,189.64
23,6,1990,38.06
24,6,1990,26.46
25,6,1990,36.98
26,6,1990,30.29
27,6,1990,53.33
28,6,1990,48.20
29,6,1990,53.51
30,6,1990,37.61
1,7,1990,52.88
2,7,1990,37.77
3,7,1990,30.73
4,7,1990,33.15
5,7,1990,29.60
6,7,1990,28.18
7,7,1990,76.20
8,7,1990,106.33
9,7,1990,146.34
10,7,1990,119.41
11,7,1990,103.48
12,7,1990,24.41
13,7,1990,53.59
14,7,1990,76.14
15,7,1990,26.94
16,7,1990,75.39
17,7,1990,91.32
18,7,1990,77.79
19,7,1990,99.83
20,7,1990,108.91
21,7,1990,112.76
22,7,1990,132.24
23,7,1990,260.41
24,7,1990,59.74
25,7,1990,26.25
26,7,1990,24.69
27,7,1990,26.61
28,7,1990,73.71
29,7,1990,130.40
30,7,1990,109.82
31,7,1990,60.37
1,8,1990,104.72
2,8,1990,194.68
3,8,1990,185.57
4,8,1990,147.48
5,8,1990,127.79
6,8,1990,971.14
7,8,1990,154.17
8,8,1990,131.44
9,8,1990,74.22
10,8,1990,53.52
11,8,1990,565.92
12,8,1990,154.50
13,8,1990,151.81
14,8,1990,89.33
15,8,1990,103.81
16,8,1990,74.26
17,8,1990,488.04
18,8,1990,284.01
19,8,1990,122.69
20,8,1990,110.84
21,8,1990,171.77
22,8,1990,283.96
23,8,1990,545.89
24,8,1990,53.00
25,8,1990,316.26
26,8,1990,170.48
27,8,1990,481.30
28,8,1990,29.60
29,8,1990,483.03
30,8,1990,115.10
31,8,1990,51.79
1,9,1990,302.04
2,9,1990,71.87
3,9,1990,140.93
4,9,1990,448.10
5,9,1990,25.45
6,9,1990,47.06
7,9,1990,25.88
8,9,1990,272.21
9,9,1990,96.00
10,9,1990,34.93
11,9,1990,166.62
12,9,1990,49.44
13,9,1990,46.27
14,9,1990,101.17
15,9,1990,97.18
16,9,1990,69.25
17,9,1990,137.63
18,9,1990,84.57
19,9,1990,24.81
20,9,1990,69.25
21,9,1990,25.42
22,9,1990,64.56
23,9,1990,162.10
24,9,1990,232.80
25,9,1990,54.93
26,9,1990,343.91
27,9,1990,68.61
28,9,1990,98.16
29,9,1990,255.35
30,9,1990,190.97
1,10,1990,195.49
2,10,1990,110.90
3,10,1990,72.83
4,10,1990,154.18
5,10,1990,72.00
6,10,1990,220.55
7,10,1990,202.99
8,10,1990,132.02
9,10,1990,57.52
10,10,1990,73.78
11,10,1990,132.93
12,10,1990,145.39
13,10,1990,353.78
14,10,1990,89.64
15,10,1990,161.64
16,10,1990,26.80
17,10,1990,94.40
18,10,1990,85.49
19,10,1990,119.77
20,10,1990,283.11
21,10,1990,44.37
22,10,1990,129.50
23,10,1990,134.82
24,10,1990,71.59
25,10,1990,21.93
26,10,1990,46.96
27,10,1990,247.04
28,10,1990,111.85
29,10,1990,63.19
30,10,1990,162.57
31,10,1990,95.27
1,11,1990,128.31
2,11,1990,93.40
3,11,1990,183.47
4,11,1990,84.42
5,11,1990,96.19
6,11,1990,137.41
7,11,1990,61.13
8,11,1990,42.40
9,11,1990,47.78
10,11,1990,251.24
11,11,1990,229.05
12,11,1990,33.16
13,11,1990,29.08
14,11,1990,23.60
15,11,1990,21.80
16,11,1990,23.80
17,11,1990,287.27
18,11,1990,154.68
19,11,1990,190.52
20,11,1990,109.08
21,11,1990,24.52
22,11,1990,181.45
23,11,1990,90.34
24,11,1990,74.59
25,11,1990,98.27
26,11,1990,69.06
27,11,1990,137.94
28,11,1990,469.43
29,11,1990,111.83
30,11,1990,519.90
1,12,1990,262.63
2,12,1990,47.31
3,12,1990,100.36
4,12,1990,104.60
5,12,1990,48.84
6,12,1990,44.67
7,12,1990,24.75
8,12,1990,198.64
9,12,1990,118.93
10,12,1990,137.35
11,12,1990,28.14
12,12,1990,24.34
13,12,1990,44.37
14,12,1990,24.81
15,12,1990,33.75
16,12,1990,23.94
17,12,1990,70.03
18,12,1990,28.36
19,12,1990,24.77
20,12,1990,47.06
21,12,1990,25.41
22,12,1990,72.03
23,12,1990,81.76
24,12,1990,111.95
25,12,1990,89.70
26,12,1990,174.93
27,12,1990,54.61
28,12,1990,28.59
29,12,1990,418.29
30,12,1990,107.13
31,12,1990,418.82
1,1,1991,536.68
2,1,1991,317.79
3,1,1991,296.38
4,1,1991,516.20
5,1,1991,671.71
6,1,1991,408.12
7,1,1991,307.71
8,1,1991,136.79
9,1,1991,166.39
10,1,1991,175.67
11,1,1991,24.14
12,1,1991,431.82
13,1,1991,209.77
14,1,1991,240.37
15,1,1991,242.61
16,1,1991,522.84
17,1,1991,767.33
18,1,1991,170.27
19,1,1991,311.48
20,1,1991,215.12
21,1,1991,262.72
22,1,1991,138.15
23,1,1991,45.20
24,1,1991,42.94
25,1,1991,45.96
26,1,1991,427.27
27,1,1991,174.83
28,1,1991,31.78
29,1,1991,158.60
30,1,1991,23.13
31,1,1991,87.90
1,2,1991,47.46
2,2,1991,253.96
3,2,1991,246.38
4,2,1991,99.69
5,2,1991,211.65
6,2,1991,22.92
7,2,1991,85.22
8,2,1991,120.91
9,2,1991,124.72
10,2,1991,44.48
11,2,1991,134.93
12,2,1991,80.04
13,2,1991,118.61
14,2,1991,108.43
15,2,1991,70.54
16,2,1991,93.52
17,2,1991,66.81
18,2,1991,104.10
19,2,1991,88.78
20,2,1991,233.46
21,2,1991,217.50
22,2,1991,47.21
23,2,1991,155.79
24,2,1991,166.74
25,2,1991,279.55
26,2,1991,79.85
27,2,1991,67.61
28,2,1991,104.83
1,3,1991,114.04
2,3,1991,184.96
3,3,1991,65.19
4,3,1991,96.87
5,3,1991,79.75
6,3,1991,87.65
7,3,1991,83.00
8,3,1991,91.06
9,3,1991,123.59
10,3,1991,172.87
11,3,1991,189.69
12,3,1991,26.01
13,3,1991,67.56
14,3,1991,63.07
15,3,1991,67.37
16,3,1991,278.30
17,3,1991,199.81
18,3,1991,297.63
19,3,1991,186.44
20,3,1991,22.91
21,3,1991,145.78
22,3,1991,46.14
23,3,1991,156.15
24,3,1991,21.93
25,3,1991,32.63
26,3,1991,79.63
27,3,1991,46.15
28,3,1991,21.21
29,3,1991,24.42
30,3,1991,202.39
31,3,1991,182.94
1,4,1991,33.69
2,4,1991,27.26
3,4,1991,183.66
4,4,1991,42.86
5,4,1991,23.80
6,4,1991,32.33
7,4,1991,66.73
8,4,1991,31.96
9,4,1991,48.48
10,4,1991,68.66
11,4,1991,41.87
12,4,1991,46.35
13,4,1991,62.00
14,4,1991,132.20
15,4,1991,199.94
16,4,1991,26.43
17,4,1991,333.78
18,4,1991,147.13
19,4,1991,164.56
20,4,1991,96.37
21,4,1991,21.81
22,4,1991,99.68
23,4,1991,104.42
24,4,1991,389.82
25,4,1991,464.80
26,4,1991,47.24
27,4,1991,62.80
28,4,1991,68.35
29,4,1991,203.95
30,4,1991,26.76
1,5,1991,46.04
2,5,1991,21.36
3,5,1991,24.46
4,5,1991,31.82
5,5,1991,66.26
6,5,1991,32.88
7,5,1991,27.20
8,5,1991,22.72
9,5,1991,21.07
10,5,1991,48.31
11,5,1991,96.88
12,5,1991,68.85
13,5,1991,68.53
14,5,1991,26.35
15,5,1991,45.24
16,5,1991,42.01
17,5,1991,46.44
18,5,1991,31.82
19,5,1991,44.18
20,5,1991,98.63
21,5,1991,108.79
22,5,1991,22.72
23,5,1991,84.30
24,5,1991,96.62
25,5,1991,129.17
26,5,1991,68.85
27,5,1991,68.53
28,5,1991,52.69
29,5,1991,22.62
30,5,1991,21.01
31,5,1991,23.22
1,6,1991,32.75
2,6,1991,22.81
3,6,1991,34.06
4,6,1991,54.28
5,6,1991,24.05
6,6,1991,21.29
7,6,1991,24.29
8,6,1991,98.33
9,6,1991,68.88
10,6,1991,101.86
11,6,1991,82.76
12,6,1991,69.56
13,6,1991,21.69
14,6,1991,24.00
15,6,1991,32.91
16,6,1991,46.14
17,6,1991,69.06
18,6,1991,167.54
19,6,1991,141.14
20,6,1991,43.95
21,6,1991,48.62
22,6,1991,98.13
23,6,1991,69.41
24,6,1991,68.87
25,6,1991,55.46
26,6,1991,23.85
27,6,1991,21.68
28,6,1991,24.37
29,6,1991,65.01
30,6,1991,114.69
1,7,1991,33.86
2,7,1991,169.15
3,7,1991,142.51
4,7,1991,27.53
5,7,1991,62.73
6,7,1991,70.91
7,7,1991,48.32
8,7,1991,71.32
9,7,1991,28.49
10,7,1991,73.56
11,7,1991,66.08
12,7,1991,73.99
13,7,1991,230.33
14,7,1991,145.49
15,7,1991,205.69
16,7,1991,27.11
17,7,1991,47.75
18,7,1991,22.55
19,7,1991,72.97
20,7,1991,128.17
21,7,1991,47.14
22,7,1991,267.35
23,7,1991,27.84
24,7,1991,95.90
25,7,1991,132.97
26,7,1991,24.63
27,7,1991,286.21
28,7,1991,208.75
29,7,1991,303.55
30,7,1991,109.32
31,7,1991,48.63
1,8,1991,66.46
2,8,1991,24.56
3,8,1991,127.43
4,8,1991,90.56
5,8,1991,33.71
6,8,1991,27.23
7,8,1991,23.61
8,8,1991,21.69
9,8,1991,73.44
10,8,1991,95.46
11,8,1991,22.70
12,8,1991,34.25
13,8,1991,27.17
14,8,1991,71.07
15,8,1991,65.42
16,8,1991,71.85
17,8,1991,31.87
18,8,1991,138.21
19,8,1991,1264.42
20,8,1991,208.17
21,8,1991,165.32
22,8,1991,21.68
23,8,1991,48.71
24,8,1991,98.54
25,8,1991,65.62
26,8,1991,33.51
27,8,1991,27.04
28,8,1991,23.49
29,8,1991,40.97
30,8,1991,71.33
31,8,1991,161.68
1,9,1991,21.84
2,9,1991,39.72
3,9,1991,33.47
4,9,1991,48.28
5,9,1991,43.06
6,9,1991,46.59
7,9,1991,60.86
8,9,1991,43.17
9,9,1991,519.49
10,9,1991,26.45
11,9,1991,45.82
12,9,1991,41.13
13,9,1991,47.86
14,9,1991,58.63
15,9,1991,62.76
16,9,1991,63.82
17,9,1991,105.48
18,9,1991,183.93
19,9,1991,169.16
20,9,1991,184.43
21,9,1991,237.67
22,9,1991,21.28
23,9,1991,64.24
24,9,1991,26.37
25,9,1991,23.07
26,9,1991,63.25
27,9,1991,46.01
28,9,1991,60.94
29,9,1991,43.02
30,9,1991,95.78
1,10,1991,133.47
2,10,1991,138.32
3,10,1991,144.14
4,10,1991,68.40
5,10,1991,167.05
6,10,1991,41.84
7,10,1991,31.97
8,10,1991,207.67
9,10,1991,45.51
10,10,1991,42.09
11,10,1991,45.42
12,10,1991,193.89
13,10,1991,20.31
14,10,1991,31.99
15,10,1991,27.71
16,10,1991,22.43
17,10,1991,41.13
18,10,1991,22.77
19,10,1991,28.17
20,10,1991,41.03
21,10,1991,63.83
22,10,1991,52.96
23,10,1991,22.82
24,10,1991,20.41
25,10,1991,117.06
26,10,1991,142.52
27,10,1991,62.13
28,10,1991,500.50
29,10,1991,78.43
30,10,1991,67.68
31,10,1991,41.73
1,11,1991,22.96
2,11,1991,28.13
3,11,1991,40.66
4,11,1991,449.14
5,11,1991,52.61
6,11,1991,102.04
7,11,1991,20.06
8,11,1991,366.82
9,11,1991,446.49
10,11,1991,61.34
11,11,1991,160.37
12,11,1991,138.74
13,11,1991,22.79
14,11,1991,183.34
15,11,1991,89.62
16,11,1991,84.43
17,11,1991,40.96
18,11,1991,284.30
19,11,1991,361.37
20,11,1991,539.63
21,11,1991,125.52
22,11,1991,289.45
23,11,1991,343.22
24,11,1991,80.88
25,11,1991,93.52
26,11,1991,53.05
27,11,1991,117.35
28,11,1991,97.64
29,11,1991,28.85
30,11,1991,232.58
1,12,1991,110.33
2,12,1991,166.68
3,12,1991,80.26
4,12,1991,91.63
5,12,1991,384.23
6,12,1991,23.47
7,12,1991,174.12
8,12,1991,63.03
9,12,1991,483.65
10,12,1991,389.80
11,12,1991,45.29
12,12,1991,82.74
13,12,1991,46.26
14,12,1991,89.18
15,12,1991,43.94
16,12,1991,134.48
17,12,1991,110.05
18,12,1991,118.11
19,12,1991,21.61
20,12,1991,48.37
21,12,1991,62.55
22,12,1991,46.96
23,12,1991,102.09
24,12,1991,60.29
25,12,1991,76.18
26,12,1991,60.11
27,12,1991,57.65
28,12,1991,238.27
29,12,1991,142.63
30,12,1991,34.18
31,12,1991,175.83
1,1,1992,300.81
2,1,1992,55.96
3,1,1992,79.32
4,1,1992,257.17
5,1,1992,207.63
6,1,1992,33.79
7,1,1992,26.08
8,1,1992,22.99
9,1,1992,21.36
10,1,1992,22.94
11,1,1992,232.61
12,1,1992,149.11
13,1,1992,64.40
14,1,1992,25.44
15,1,1992,22.65
16,1,1992,83.20
17,1,1992,473.72
18,1,1992,57.49
19,1,1992,128.84
20,1,1992,134.01
21,1,1992,27.66
22,1,1992,22.65
23,1,1992,20.34
24,1,1992,22.48
25,1,1992,85.01
26,1,1992,41.43
27,1,1992,94.00
28,1,1992,251.26
29,1,1992,359.36
30,1,1992,20.71
31,1,1992,114.08
1,2,1992,115.76
2,2,1992,82.85
3,2,1992,31.57
4,2,1992,203.67
5,2,1992,88.80
6,2,1992,202.90
7,2,1992,228.25
8,2,1992,198.38
9,2,1992,20.80
10,2,1992,61.11
11,2,1992,50.20
12,2,1992,21.46
13,2,1992,20.01
14,2,1992,22.22
15,2,1992,85.18
16,2,1992,61.60
17,2,1992,126.71
18,2,1992,130.75
19,2,1992,21.92
20,2,1992,60.24
21,2,1992,22.06
22,2,1992,27.83
23,2,1992,39.98
24,2,1992,62.25
25,2,1992,225.70
26,2,1992,109.50
27,2,1992,203.93
28,2,1992,21.62
29,2,1992,55.72
1,3,1992,19.59
2,3,1992,60.85
3,3,1992,540.14
4,3,1992,473.90
5,3,1992,39.52
6,3,1992,21.67
7,3,1992,110.90
8,3,1992,80.02
9,3,1992,30.52
10,3,1992,24.93
11,3,1992,20.62
12,3,1992,18.95
13,3,1992,21.49
14,3,1992,27.93
15,3,1992,40.23
16,3,1992,30.60
17,3,1992,76.12
18,3,1992,21.49
19,3,1992,40.01
20,3,1992,21.84
21,3,1992,83.36
22,3,1992,60.74
23,3,1992,92.68
24,3,1992,25.39
25,3,1992,21.94
26,3,1992,19.90
27,3,1992,44.33
28,3,1992,114.37
29,3,1992,81.91
30,3,1992,31.28
31,3,1992,100.94
1,4,1992,22.47
2,4,1992,20.02
3,4,1992,21.81
4,4,1992,28.48
5,4,1992,80.63
6,4,1992,122.16
7,4,1992,98.96
8,4,1992,21.76
9,4,1992,38.79
10,4,1992,306.02
11,4,1992,84.38
12,4,1992,40.21
13,4,1992,61.80
14,4,1992,97.65
15,4,1992,194.37
16,4,1992,179.52
17,4,1992,22.68
18,4,1992,31.07
19,4,1992,21.44
20,4,1992,64.72
21,4,1992,25.04
22,4,1992,21.36
23,4,1992,39.43
24,4,1992,21.85
25,4,1992,113.43
26,4,1992,161.23
27,4,1992,30.10
28,4,1992,49.82
29,4,1992,43.18
30,4,1992,79.08
1,5,1992,109.06
2,5,1992,58.05
3,5,1992,101.71
4,5,1992,152.03
5,5,1992,49.54
6,5,1992,21.71
7,5,1992,19.60
8,5,1992,133.74
9,5,1992,58.85
10,5,1992,41.11
11,5,1992,60.69
12,5,1992,50.27
13,5,1992,43.82
14,5,1992,39.56
15,5,1992,21.66
16,5,1992,56.50
17,5,1992,20.05
18,5,1992,125.02
19,5,1992,185.17
20,5,1992,156.32
21,5,1992,142.36
22,5,1992,157.25
23,5,1992,86.42
24,5,1992,64.61
25,5,1992,38.73
26,5,1992,97.32
27,5,1992,22.98
28,5,1992,21.34
29,5,1992,23.12
30,5,1992,148.90
31,5,1992,43.34
1,6,1992,31.97
2,6,1992,103.87
3,6,1992,22.66
4,6,1992,42.54
5,6,1992,44.27
6,6,1992,88.32
7,6,1992,42.57
8,6,1992,396.50
9,6,1992,131.69
10,6,1992,114.11
11,6,1992,62.74
12,6,1992,23.52
13,6,1992,29.47
14,6,1992,65.28
15,6,1992,196.42
16,6,1992,155.47
17,6,1992,165.70
18,6,1992,21.00
19,6,1992,116.62
20,6,1992,326.86
21,6,1992,128.87
22,6,1992,131.09
23,6,1992,75.54
24,6,1992,23.28
25,6,1992,84.68
26,6,1992,376.66
27,6,1992,91.07
28,6,1992,65.50
29,6,1992,100.74
30,6,1992,185.12
1,7,1992,70.46
2,7,1992,132.40
3,7,1992,51.17
4,7,1992,112.41
5,7,1992,72.12
6,7,1992,139.87
7,7,1992,195.95
8,7,1992,145.66
9,7,1992,66.53
10,7,1992,24.23
11,7,1992,91.59
12,7,1992,155.55
13,7,1992,65.57
14,7,1992,52.32
15,7,1992,69.79
16,7,1992,297.34
17,7,1992,159.23
18,7,1992,404.07
19,7,1992,156.10
20,7,1992,462.13
21,7,1992,374.13
22,7,1992,47.11
23,7,1992,108.03
24,7,1992,191.53
25,7,1992,91.81
26,7,1992,131.62
27,7,1992,159.89
28,7,1992,178.72
29,7,1992,46.97
30,7,1992,64.19
31,7,1992,46.77
1,8,1992,29.16
2,8,1992,106.97
3,8,1992,31.50
4,8,1992,25.66
5,8,1992,23.03
6,8,1992,211.85
7,8,1992,69.52
8,8,1992,58.05
9,8,1992,43.28
10,8,1992,64.16
11,8,1992,53.83
12,8,1992,145.04
13,8,1992,64.92
14,8,1992,48.20
15,8,1992,61.07
16,8,1992,43.16
17,8,1992,65.87
18,8,1992,103.97
19,8,1992,69.72
20,8,1992,20.80
21,8,1992,162.80
22,8,1992,92.18
23,8,1992,133.23
24,8,1992,549.49
25,8,1992,133.30
26,8,1992,97.52
27,8,1992,42.69
28,8,1992,23.01
29,8,1992,287.44
30,8,1992,107.94
31,8,1992,67.01
1,9,1992,81.48
2,9,1992,22.85
3,9,1992,21.06
4,9,1992,92.80
5,9,1992,268.53
6,9,1992,41.38
7,9,1992,301.61
8,9,1992,188.52
9,9,1992,141.22
10,9,1992,187.35
11,9,1992,44.75
12,9,1992,82.67
13,9,1992,20.48
14,9,1992,159.20
15,9,1992,50.72
16,9,1992,339.19
17,9,1992,166.33
18,9,1992,44.67
19,9,1992,217.32
20,9,1992,123.04
21,9,1992,492.10
22,9,1992,406.07
23,9,1992,244.70
24,9,1992,61.72
25,9,1992,109.56
26,9,1992,279.08
27,9,1992,164.28
28,9,1992,367.81
29,9,1992,203.07
30,9,1992,45.77
1,10,1992,41.45
2,10,1992,154.09
3,10,1992,110.97
4,10,1992,264.33
5,10,1992,30.57
6,10,1992,351.28
7,10,1992,45.02
8,10,1992,124.01
9,10,1992,281.79
10,10,1992,165.58
11,10,1992,98.64
12,10,1992,122.87
13,10,1992,26.49
14,10,1992,67.26
15,10,1992,61.42
16,10,1992,108.83
17,10,1992,80.76
18,10,1992,98.35
19,10,1992,61.48
20,10,1992,25.09
21,10,1992,22.03
22,10,1992,40.43
23,10,1992,44.27
24,10,1992,216.95
25,10,1992,79.17
26,10,1992,60.12
27,10,1992,74.18
28,10,1992,350.82
29,10,1992,97.15
30,10,1992,335.74
31,10,1992,157.61
1,11,1992,149.88
2,11,1992,358.24
3,11,1992,203.71
4,11,1992,209.19
5,11,1992,212.11
6,11,1992,244.66
7,11,1992,82.45
8,11,1992,121.54
9,11,1992,31.30
10,11,1992,24.90
11,11,1992,427.56
12,11,1992,42.18
13,11,1992,44.56
14,11,1992,54.51
15,11,1992,81.03
16,11,1992,123.73
17,11,1992,150.73
18,11,1992,131.51
19,11,1992,119.35
20,11,1992,173.80
21,11,1992,218.12
22,11,1992,157.14
23,11,1992,248.35
24,11,1992,25.29
25,11,1992,22.87
26,11,1992,23.03
27,11,1992,164.55
28,11,1992,32.20
29,11,1992,43.34
30,11,1992,64.36
1,12,1992,24.92
2,12,1992,21.79
3,12,1992,20.28
4,12,1992,21.52
5,12,1992,80.51
6,12,1992,81.07
7,12,1992,29.70
8,12,1992,73.96
9,12,1992,42.58
10,12,1992,19.85
11,12,1992,21.69
12,12,1992,55.70
13,12,1992,84.63
14,12,1992,123.82
15,12,1992,271.98
16,12,1992,238.99
17,12,1992,219.31
18,12,1992,22.04
19,12,1992,27.70
20,12,1992,41.36
21,12,1992,61.71
22,12,1992,50.28
23,12,1992,24.05
24,12,1992,70.61
25,12,1992,105.57
26,12,1992,120.11
27,12,1992,98.61
28,12,1992,130.14
29,12,1992,106.62
30,12,1992,97.34
31,12,1992,140.01
1,1,1993,225.89
2,1,1993,439.81
3,1,1993,142.83
4,1,1993,197.40
5,1,1993,50.63
6,1,1993,45.87
7,1,1993,21.43
8,1,1993,208.34
9,1,1993,143.92
10,1,1993,108.21
11,1,1993,158.17
12,1,1993,25.42
13,1,1993,22.33
14,1,1993,41.06
15,1,1993,21.62
16,1,1993,55.87
17,1,1993,42.16
18,1,1993,61.70
19,1,1993,78.60
20,1,1993,65.70
21,1,1993,40.16
22,1,1993,21.71
23,1,1993,27.74
24,1,1993,20.25
25,1,1993,60.98
26,1,1993,48.15
27,1,1993,43.56
28,1,1993,19.80
29,1,1993,21.43
30,1,1993,81.75
31,1,1993,58.91
1,2,1993,60.89
2,2,1993,48.89
3,2,1993,109.80
4,2,1993,98.30
5,2,1993,107.68
6,2,1993,27.27
7,2,1993,20.21
8,2,1993,30.00
9,2,1993,24.14
10,2,1993,229.11
11,2,1993,19.69
12,2,1993,21.26
13,2,1993,219.38
14,2,1993,79.61
15,2,1993,124.29
16,2,1993,266.02
17,2,1993,135.14
18,2,1993,136.80
19,2,1993,42.51
20,2,1993,108.95
21,2,1993,40.25
22,2,1993,181.41
23,2,1993,240.65
24,2,1993,169.90
25,2,1993,19.51
26,2,1993,21.40
27,2,1993,214.36
28,2,1993,19.57
1,3,1993,296.89
2,3,1993,71.00
3,3,1993,62.32
4,3,1993,19.23
5,3,1993,20.94
6,3,1993,25.95
7,3,1993,38.53
8,3,1993,29.31
9,3,1993,23.73
10,3,1993,84.10
11,3,1993,19.25
12,3,1993,41.83
13,3,1993,133.26
14,3,1993,20.38
15,3,1993,59.82
16,3,1993,48.45
17,3,1993,21.10
18,3,1993,19.22
19,3,1993,20.77
20,3,1993,51.84
21,3,1993,58.76
22,3,1993,211.10
23,3,1993,169.01
24,3,1993,42.90
25,3,1993,39.39
26,3,1993,20.74
27,3,1993,53.89
28,3,1993,39.49
29,3,1993,60.99
30,3,1993,24.20
31,3,1993,21.55
1,4,1993,19.42
2,4,1993,20.90
3,4,1993,130.15
4,4,1993,158.05
5,4,1993,149.03
6,4,1993,120.81
7,4,1993,42.85
8,4,1993,59.39
9,4,1993,66.86
10,4,1993,59.02
11,4,1993,62.21
12,4,1993,31.70
13,4,1993,25.18
14,4,1993,64.92
15,4,1993,19.84
16,4,1993,21.44
17,4,1993,54.99
18,4,1993,20.17
19,4,1993,91.55
20,4,1993,24.28
21,4,1993,210.10
22,4,1993,58.69
23,4,1993,42.76
24,4,1993,27.17
25,4,1993,19.70
26,4,1993,88.04
27,4,1993,23.62
28,4,1993,21.24
29,4,1993,18.83
30,4,1993,20.94
1,5,1993,27.11
2,5,1993,20.00
3,5,1993,120.17
4,5,1993,287.42
5,5,1993,43.06
6,5,1993,18.42
7,5,1993,41.71
8,5,1993,80.72
9,5,1993,20.00
10,5,1993,29.65
11,5,1993,71.86
12,5,1993,20.85
13,5,1993,211.65
14,5,1993,229.29
15,5,1993,107.29
16,5,1993,101.41
17,5,1993,569.93
18,5,1993,47.46
19,5,1993,41.68
20,5,1993,76.33
21,5,1993,42.50
22,5,1993,219.72
23,5,1993,39.92
24,5,1993,123.93
25,5,1993,217.50
26,5,1993,63.62
27,5,1993,134.84
28,5,1993,62.79
29,5,1993,83.07
30,5,1993,20.33
31,5,1993,72.38
1,6,1993,60.93
2,6,1993,44.33
3,6,1993,39.81
4,6,1993,43.25
5,6,1993,111.52
6,6,1993,20.22
7,6,1993,30.12
8,6,1993,72.53
9,6,1993,64.50
10,6,1993,59.01
11,6,1993,66.05
12,6,1993,83.39
13,6,1993,41.03
14,6,1993,155.09
15,6,1993,200.06
16,6,1993,22.26
17,6,1993,39.52
18,6,1993,22.20
19,6,1993,113.17
20,6,1993,82.86
21,6,1993,187.97
22,6,1993,25.51
23,6,1993,89.46
24,6,1993,60.37
25,6,1993,22.45
26,6,1993,28.80
27,6,1993,20.82
28,6,1993,63.24
29,6,1993,25.63
30,6,1993,135.68
1,7,1993,79.12
2,7,1993,199.32
3,7,1993,59.19
4,7,1993,89.72
5,7,1993,109.83
6,7,1993,63.67
7,7,1993,45.56
8,7,1993,20.52
9,7,1993,111.23
10,7,1993,172.32
11,7,1993,85.40
12,7,1993,62.07
13,7,1993,50.64
14,7,1993,44.38
15,7,1993,20.30
16,7,1993,22.75
17,7,1993,202.45
18,7,1993,148.88
19,7,1993,91.44
20,7,1993,75.92
21,7,1993,66.18
22,7,1993,20.34
23,7,1993,22.30
24,7,1993,118.01
25,7,1993,42.90
26,7,1993,31.59
27,7,1993,75.68
28,7,1993,44.50
29,7,1993,19.94
30,7,1993,156.05
31,7,1993,200.98
1,8,1993,62.73
2,8,1993,126.97
3,8,1993,49.38
4,8,1993,158.25
5,8,1993,79.98
6,8,1993,89.91
7,8,1993,28.90
8,8,1993,62.82
9,8,1993,637.69
10,8,1993,25.42
11,8,1993,22.50
12,8,1993,40.47
13,8,1993,225.37
14,8,1993,87.15
15,8,1993,41.75
16,8,1993,61.65
17,8,1993,100.65
18,8,1993,45.18
19,8,1993,20.41
20,8,1993,22.54
21,8,1993,144.63
22,8,1993,41.33
23,8,1993,93.89
24,8,1993,75.90
25,8,1993,66.70
26,8,1993,19.78
27,8,1993,44.26
28,8,1993,169.65
29,8,1993,58.37
30,8,1993,31.05
31,8,1993,24.58
1,9,1993,22.08
2,9,1993,39.41
3,9,1993,43.27
4,9,1993,27.86
5,9,1993,39.26
6,9,1993,390.36
7,9,1993,94.41
8,9,1993,22.01
9,9,1993,19.51
10,9,1993,21.62
11,9,1993,26.65
12,9,1993,19.94
13,9,1993,59.85
14,9,1993,23.86
15,9,1993,21.71
16,9,1993,18.96
17,9,1993,21.63
18,9,1993,26.20
19,9,1993,19.07
20,9,1993,179.88
21,9,1993,265.95
22,9,1993,42.36
23,9,1993,18.77
24,9,1993,41.99
25,9,1993,79.83
26,9,1993,58.88
27,9,1993,120.83
28,9,1993,92.98
29,9,1993,21.60
30,9,1993,19.35
1,10,1993,42.89
2,10,1993,77.92
3,10,1993,19.27
4,10,1993,87.67
5,10,1993,119.58
6,10,1993,105.65
7,10,1993,38.35
8,10,1993,42.29
9,10,1993,26.08
10,10,1993,19.32
11,10,1993,58.11
12,10,1993,50.60
13,10,1993,21.12
14,10,1993,19.23
15,10,1993,21.00
16,10,1993,26.41
17,10,1993,173.37
18,10,1993,464.13
19,10,1993,380.75
20,10,1993,101.53
21,10,1993,94.02
22,10,1993,104.84
23,10,1993,26.17
24,10,1993,19.10
25,10,1993,28.88
26,10,1993,23.45
27,10,1993,20.79
28,10,1993,18.23
29,10,1993,20.91
30,10,1993,76.97
31,10,1993,57.06
1,11,1993,28.55
2,11,1993,69.50
3,11,1993,18.94
4,11,1993,18.47
5,11,1993,81.86
6,11,1993,26.17
7,11,1993,19.20
8,11,1993,28.80
9,11,1993,23.44
10,11,1993,60.17
11,11,1993,37.89
12,11,1993,21.76
13,11,1993,158.72
14,11,1993,37.61
15,11,1993,430.67
16,11,1993,46.85
17,11,1993,121.41
18,11,1993,36.94
19,11,1993,82.48
20,11,1993,155.31
21,11,1993,112.07
22,11,1993,113.53
23,11,1993,96.30
24,11,1993,21.34
25,11,1993,22.19
26,11,1993,26.62
27,11,1993,29.94
28,11,1993,20.99
29,11,1993,30.50
30,11,1993,24.71
1,12,1993,20.78
2,12,1993,18.95
3,12,1993,20.51
4,12,1993,26.35
5,12,1993,37.70
6,12,1993,55.20
7,12,1993,45.82
8,12,1993,20.15
9,12,1993,18.93
10,12,1993,20.58
11,12,1993,26.08
12,12,1993,19.63
13,12,1993,28.97
14,12,1993,23.64
15,12,1993,20.80
16,12,1993,57.54
17,12,1993,21.39
18,12,1993,80.21
19,12,1993,79.95
20,12,1993,29.65
21,12,1993,24.09
22,12,1993,21.68
23,12,1993,21.64
24,12,1993,26.60
25,12,1993,298.54
26,12,1993,48.84
27,12,1993,64.65
28,12,1993,54.24
29,12,1993,114.19
30,12,1993,43.95
31,12,1993,126.37
1,1,1994,333.76
2,1,1994,211.36
3,1,1994,123.50
4,1,1994,75.45
5,1,1994,67.18
6,1,1994,60.79
7,1,1994,66.02
8,1,1994,196.21
9,1,1994,63.11
10,1,1994,60.36
11,1,1994,47.28
12,1,1994,20.81
13,1,1994,19.43
14,1,1994,21.04
15,1,1994,54.74
16,1,1994,20.70
17,1,1994,59.95
18,1,1994,51.60
19,1,1994,21.33
20,1,1994,20.07
21,1,1994,85.90
22,1,1994,82.24
23,1,1994,62.01
24,1,1994,30.19
25,1,1994,46.74
26,1,1994,21.14
27,1,1994,19.56
28,1,1994,85.24
29,1,1994,52.81
30,1,1994,40.06
31,1,1994,29.10
1,2,1994,119.61
2,2,1994,20.58
3,2,1994,19.46
4,2,1994,62.85
5,2,1994,80.19
6,2,1994,60.25
7,2,1994,115.21
8,2,1994,47.69
9,2,1994,41.86
10,2,1994,38.42
11,2,1994,20.82
12,2,1994,27.22
13,2,1994,39.91
14,2,1994,56.38
15,2,1994,115.76
16,2,1994,40.85
17,2,1994,18.16
18,2,1994,20.00
19,2,1994,25.22
20,2,1994,19.15
21,2,1994,28.91
22,2,1994,25.13
23,2,1994,59.47
24,2,1994,74.81
25,2,1994,20.29
26,2,1994,184.27
27,2,1994,38.53
28,2,1994,55.98
1,3,1994,22.64
2,3,1994,59.94
3,3,1994,18.71
4,3,1994,20.41
5,3,1994,25.92
6,3,1994,19.11
7,3,1994,27.33
8,3,1994,22.67
9,3,1994,19.80
10,3,1994,36.66
11,3,1994,40.36
12,3,1994,51.37
13,3,1994,58.00
14,3,1994,249.39
15,3,1994,70.92
16,3,1994,59.71
17,3,1994,17.74
18,3,1994,40.41
19,3,1994,78.93
20,3,1994,38.80
21,3,1994,57.02
22,3,1994,116.72
23,3,1994,202.40
24,3,1994,533.25
25,3,1994,141.10
26,3,1994,211.59
27,3,1994,78.06
28,3,1994,147.19
29,3,1994,234.13
30,3,1994,458.72
31,3,1994,489.30
1,4,1994,188.68
2,4,1994,302.26
3,4,1994,807.87
4,4,1994,408.57
5,4,1994,165.86
6,4,1994,142.40
7,4,1994,75.60
8,4,1994,247.96
9,4,1994,131.80
10,4,1994,116.98
11,4,1994,144.54
12,4,1994,114.20
13,4,1994,98.69
14,4,1994,55.20
15,4,1994,61.54
16,4,1994,103.35
17,4,1994,38.22
18,4,1994,86.50
19,4,1994,68.91
20,4,1994,97.78
21,4,1994,74.14
22,4,1994,19.92
23,4,1994,155.99
24,4,1994,37.97
25,4,1994,54.74
26,4,1994,44.32
27,4,1994,39.65
28,4,1994,18.36
29,4,1994,20.21
30,4,1994,25.95
1,5,1994,18.94
2,5,1994,27.53
3,5,1994,68.37
4,5,1994,172.67
5,5,1994,162.63
6,5,1994,178.59
7,5,1994,51.67
8,5,1994,19.07
9,5,1994,370.05
10,5,1994,295.36
11,5,1994,256.45
12,5,1994,235.63
13,5,1994,261.61
14,5,1994,52.12
15,5,1994,75.41
16,5,1994,55.04
17,5,1994,115.49
18,5,1994,19.90
19,5,1994,18.05
20,5,1994,80.54
21,5,1994,261.12
22,5,1994,19.16
23,5,1994,57.23
24,5,1994,23.37
25,5,1994,20.09
26,5,1994,73.29
27,5,1994,119.94
28,5,1994,159.14
29,5,1994,19.41
30,5,1994,33.35
31,5,1994,27.92
1,6,1994,20.66
2,6,1994,18.91
3,6,1994,40.95
4,6,1994,77.98
5,6,1994,18.66
6,6,1994,28.86
7,6,1994,23.22
8,6,1994,19.77
9,6,1994,18.33
10,6,1994,20.44
11,6,1994,26.51
12,6,1994,38.71
13,6,1994,28.47
14,6,1994,23.59
15,6,1994,20.04
16,6,1994,74.11
17,6,1994,82.03
18,6,1994,108.91
19,6,1994,19.47
20,6,1994,199.91
21,6,1994,23.58
22,6,1994,62.76
23,6,1994,38.13
24,6,1994,41.75
25,6,1994,26.84
26,6,1994,58.94
27,6,1994,312.76
28,6,1994,23.32
29,6,1994,62.36
30,6,1994,37.74
1,7,1994,20.89
2,7,1994,55.71
3,7,1994,40.79
4,7,1994,35.43
5,7,1994,30.10
6,7,1994,22.47
7,7,1994,119.71
8,7,1994,22.14
9,7,1994,252.14
10,7,1994,83.03
11,7,1994,117.79
12,7,1994,24.31
13,7,1994,20.98
14,7,1994,57.95
15,7,1994,21.14
16,7,1994,26.91
17,7,1994,79.79
18,7,1994,116.55
19,7,1994,94.51
20,7,1994,21.18
21,7,1994,18.70
22,7,1994,103.17
23,7,1994,53.02
24,7,1994,39.84
25,7,1994,28.73
26,7,1994,23.39
27,7,1994,20.63
28,7,1994,18.74
29,7,1994,20.75
30,7,1994,218.87
31,7,1994,39.91
1,8,1994,57.52
2,8,1994,23.69
3,8,1994,42.03
4,8,1994,56.34
5,8,1994,20.92
6,8,1994,80.72
7,8,1994,79.37
8,8,1994,57.99
9,8,1994,116.69
10,8,1994,103.90
11,8,1994,18.62
12,8,1994,20.63
13,8,1994,26.83
14,8,1994,19.52
15,8,1994,28.79
16,8,1994,188.22
17,8,1994,185.25
18,8,1994,167.68
19,8,1994,185.82
20,8,1994,27.38
21,8,1994,39.78
22,8,1994,28.91
23,8,1994,168.48
24,8,1994,21.10
25,8,1994,19.19
26,8,1994,20.64
27,8,1994,54.50
28,8,1994,18.97
29,8,1994,29.92
30,8,1994,23.96
31,8,1994,20.70
1,9,1994,18.23
2,9,1994,20.53
3,9,1994,51.90
4,9,1994,18.86
5,9,1994,33.00
6,9,1994,57.95
7,9,1994,42.65
8,9,1994,169.86
9,9,1994,19.94
10,9,1994,121.47
11,9,1994,91.32
12,9,1994,54.35
13,9,1994,23.23
14,9,1994,19.51
15,9,1994,18.31
16,9,1994,20.34
17,9,1994,25.12
18,9,1994,18.05
19,9,1994,82.78
20,9,1994,22.80
21,9,1994,39.37
22,9,1994,53.80
23,9,1994,58.49
24,9,1994,174.45
25,9,1994,17.54
26,9,1994,192.04
27,9,1994,45.23
28,9,1994,39.62
29,9,1994,36.49
30,9,1994,19.52
1,10,1994,24.21
2,10,1994,18.11
3,10,1994,27.03
4,10,1994,67.07
5,10,1994,39.00
6,10,1994,35.83
7,10,1994,58.40
8,10,1994,123.26
9,10,1994,36.12
10,10,1994,55.21
11,10,1994,23.28
12,10,1994,19.96
13,10,1994,18.12
14,10,1994,58.24
15,10,1994,121.80
16,10,1994,18.18
17,10,1994,27.56
18,10,1994,22.48
19,10,1994,39.60
20,10,1994,18.24
21,10,1994,19.49
22,10,1994,24.33
23,10,1994,17.80
24,10,1994,55.06
25,10,1994,22.59
26,10,1994,20.08
27,10,1994,17.61
28,10,1994,19.72
29,10,1994,48.27
30,10,1994,34.26
31,10,1994,53.72
1,11,1994,57.18
2,11,1994,23.63
3,11,1994,17.14
4,11,1994,38.12
5,11,1994,23.63
6,11,1994,17.14
7,11,1994,53.78
8,11,1994,46.70
9,11,1994,227.66
10,11,1994,16.93
11,11,1994,19.93
12,11,1994,77.81
13,11,1994,54.89
14,11,1994,83.15
15,11,1994,68.31
16,11,1994,19.65
17,11,1994,17.68
18,11,1994,38.89
19,11,1994,48.55
20,11,1994,36.12
21,11,1994,55.13
22,11,1994,183.54
23,11,1994,206.64
24,11,1994,41.41
25,11,1994,169.18
26,11,1994,28.89
27,11,1994,59.75
28,11,1994,266.00
29,11,1994,46.54
30,11,1994,20.33
1,12,1994,36.83
2,12,1994,58.56
3,12,1994,74.05
4,12,1994,56.80
5,12,1994,27.69
6,12,1994,22.20
7,12,1994,39.50
8,12,1994,36.68
9,12,1994,39.53
10,12,1994,25.01
11,12,1994,36.94
12,12,1994,82.71
13,12,1994,69.10
14,12,1994,19.78
15,12,1994,17.99
16,12,1994,19.81
17,12,1994,129.12
18,12,1994,38.66
19,12,1994,56.81
20,12,1994,23.00
21,12,1994,81.01
22,12,1994,214.36
23,12,1994,110.74
24,12,1994,150.92
25,12,1994,91.81
26,12,1994,38.11
27,12,1994,117.00
28,12,1994,93.27
29,12,1994,105.21
30,12,1994,68.74
31,12,1994,376.50
1,1,1995,172.85
2,1,1995,274.85
3,1,1995,219.72
4,1,1995,125.59
5,1,1995,95.10
6,1,1995,20.26
7,1,1995,154.36
8,1,1995,76.76
9,1,1995,197.36
10,1,1995,64.99
11,1,1995,76.12
12,1,1995,53.61
13,1,1995,58.86
14,1,1995,74.34
15,1,1995,73.56
16,1,1995,27.53
17,1,1995,23.63
18,1,1995,19.06
19,1,1995,34.91
20,1,1995,58.46
21,1,1995,73.18
22,1,1995,36.98
23,1,1995,219.67
24,1,1995,339.28
25,1,1995,37.26
26,1,1995,51.83
27,1,1995,58.00
28,1,1995,48.82
29,1,1995,17.59
30,1,1995,426.73
31,1,1995,108.70
1,2,1995,57.05
2,2,1995,51.87
3,2,1995,57.27
4,2,1995,98.35
5,2,1995,76.02
6,2,1995,55.85
7,2,1995,108.04
8,2,1995,37.01
9,2,1995,35.13
10,2,1995,38.41
11,2,1995,48.44
12,2,1995,36.46
13,2,1995,83.52
14,2,1995,42.77
15,2,1995,37.28
16,2,1995,205.25
17,2,1995,18.82
18,2,1995,71.45
19,2,1995,17.52
20,2,1995,162.67
21,2,1995,45.78
22,2,1995,110.86
23,2,1995,610.78
24,2,1995,168.01
25,2,1995,70.55
26,2,1995,52.18
27,2,1995,663.68
28,2,1995,145.56
1,3,1995,36.78
2,3,1995,16.74
3,3,1995,92.24
4,3,1995,91.74
5,3,1995,69.25
6,3,1995,103.36
7,3,1995,85.25
8,3,1995,89.62
9,3,1995,67.36
10,3,1995,126.86
11,3,1995,22.81
12,3,1995,17.67
13,3,1995,50.45
14,3,1995,104.49
15,3,1995,91.65
16,3,1995,81.90
17,3,1995,91.88
18,3,1995,23.51
19,3,1995,17.55
20,3,1995,26.66
21,3,1995,21.35
22,3,1995,18.46
23,3,1995,34.31
24,3,1995,36.41
25,3,1995,70.60
26,3,1995,53.87
27,3,1995,78.34
28,3,1995,63.29
29,3,1995,18.63
30,3,1995,33.81
31,3,1995,37.08
1,4,1995,70.69
2,4,1995,17.42
3,4,1995,75.08
4,4,1995,41.34
5,4,1995,36.62
6,4,1995,16.87
7,4,1995,18.54
8,4,1995,71.86
9,4,1995,36.24
10,4,1995,52.39
11,4,1995,21.64
12,4,1995,56.07
13,4,1995,17.40
14,4,1995,19.51
15,4,1995,26.30
16,4,1995,36.75
17,4,1995,84.02
18,4,1995,21.68
19,4,1995,19.00
20,4,1995,16.97
21,4,1995,18.23
22,4,1995,69.62
23,4,1995,33.93
24,4,1995,52.34
25,4,1995,21.02
26,4,1995,18.48
27,4,1995,16.48
28,4,1995,36.68
29,4,1995,70.07
30,4,1995,17.62
1,5,1995,53.16
2,5,1995,42.30
3,5,1995,18.04
4,5,1995,16.19
5,5,1995,18.25
6,5,1995,46.81
7,5,1995,52.19
8,5,1995,26.34
9,5,1995,21.00
10,5,1995,36.15
11,5,1995,33.45
12,5,1995,36.60
13,5,1995,46.12
14,5,1995,35.90
15,5,1995,51.77
16,5,1995,41.68
17,5,1995,18.25
18,5,1995,16.83
19,5,1995,18.64
20,5,1995,92.23
21,5,1995,17.11
22,5,1995,26.02
23,5,1995,21.45
24,5,1995,18.28
25,5,1995,34.26
26,5,1995,18.66
27,5,1995,23.48
28,5,1995,18.22
29,5,1995,30.97
30,5,1995,130.96
31,5,1995,176.65
1,6,1995,17.18
2,6,1995,18.41
3,6,1995,46.33
4,6,1995,17.25
5,6,1995,26.58
6,6,1995,64.76
7,6,1995,205.76
8,6,1995,183.21
9,6,1995,38.01
10,6,1995,117.56
11,6,1995,35.38
12,6,1995,26.39
13,6,1995,21.63
14,6,1995,18.79
15,6,1995,17.02
16,6,1995,18.79
17,6,1995,23.50
18,6,1995,17.70
19,6,1995,79.56
20,6,1995,127.96
21,6,1995,395.54
22,6,1995,362.31
23,6,1995,400.58
24,6,1995,512.32
25,6,1995,370.28
26,6,1995,566.03
27,6,1995,43.61
28,6,1995,38.11
29,6,1995,35.05
30,6,1995,76.55
1,7,1995,118.15
2,7,1995,91.90
3,7,1995,138.77
4,7,1995,113.01
5,7,1995,370.57
6,7,1995,75.69
7,7,1995,19.82
8,7,1995,150.17
9,7,1995,37.39
10,7,1995,27.32
11,7,1995,498.78
12,7,1995,19.79
13,7,1995,17.90
14,7,1995,19.65
15,7,1995,23.99
16,7,1995,18.22
17,7,1995,54.11
18,7,1995,44.69
19,7,1995,19.53
20,7,1995,126.77
21,7,1995,138.02
22,7,1995,170.43
23,7,1995,18.07
24,7,1995,27.35
25,7,1995,21.49
26,7,1995,19.23
27,7,1995,17.68
28,7,1995,19.12
29,7,1995,48.40
30,7,1995,37.13
31,7,1995,53.17
1,8,1995,22.10
2,8,1995,19.51
3,8,1995,90.28
4,8,1995,39.07
5,8,1995,49.36
6,8,1995,36.50
7,8,1995,81.41
8,8,1995,65.64
9,8,1995,58.91
10,8,1995,53.69
11,8,1995,39.27
12,8,1995,49.28
13,8,1995,35.90
14,8,1995,26.72
15,8,1995,356.54
16,8,1995,307.53
17,8,1995,289.06
18,8,1995,310.99
19,8,1995,396.22
20,8,1995,35.88
21,8,1995,55.05
22,8,1995,22.27
23,8,1995,19.08
24,8,1995,104.39
25,8,1995,114.16
26,8,1995,142.66
27,8,1995,101.66
28,8,1995,26.25
29,8,1995,21.96
30,8,1995,18.99
31,8,1995,17.46
1,9,1995,18.81
2,9,1995,22.31
3,9,1995,17.56
4,9,1995,30.13
5,9,1995,26.91
6,9,1995,19.12
7,9,1995,17.64
8,9,1995,18.06
9,9,1995,65.94
10,9,1995,50.98
11,9,1995,76.75
12,9,1995,63.24
13,9,1995,55.55
14,9,1995,50.62
15,9,1995,56.00
16,9,1995,67.94
17,9,1995,49.87
18,9,1995,25.43
19,9,1995,270.47
20,9,1995,235.73
21,9,1995,219.22
22,9,1995,238.29
23,9,1995,66.27
24,9,1995,16.36
25,9,1995,102.31
26,9,1995,21.23
27,9,1995,18.48
28,9,1995,16.96
29,9,1995,18.13
30,9,1995,21.70
1,10,1995,32.84
2,10,1995,71.44
3,10,1995,60.32
4,10,1995,52.23
5,10,1995,49.98
6,10,1995,54.19
7,10,1995,21.37
8,10,1995,65.22
9,10,1995,102.90
10,10,1995,43.89
11,10,1995,36.19
12,10,1995,33.00
13,10,1995,36.05
14,10,1995,192.45
15,10,1995,16.20
16,10,1995,25.50
17,10,1995,20.73
18,10,1995,18.15
19,10,1995,16.44
20,10,1995,18.10
21,10,1995,21.73
22,10,1995,16.39
23,10,1995,49.87
24,10,1995,21.17
25,10,1995,36.19
26,10,1995,65.28
27,10,1995,53.92
28,10,1995,43.09
29,10,1995,32.26
30,10,1995,75.23
31,10,1995,123.93
1,11,1995,18.45
2,11,1995,32.22
3,11,1995,34.47
4,11,1995,21.15
5,11,1995,15.66
6,11,1995,25.09
7,11,1995,40.88
8,11,1995,33.11
9,11,1995,31.69
10,11,1995,34.65
11,11,1995,66.77
12,11,1995,31.99
13,11,1995,50.37
14,11,1995,61.10
15,11,1995,143.17
16,11,1995,32.21
17,11,1995,17.74
18,11,1995,21.76
19,11,1995,16.18
20,11,1995,75.46
21,11,1995,101.89
22,11,1995,54.30
23,11,1995,95.47
24,11,1995,113.66
25,11,1995,50.15
26,11,1995,17.49
27,11,1995,26.17
28,11,1995,20.65
29,11,1995,37.37
30,11,1995,149.60
1,12,1995,164.63
2,12,1995,65.35
3,12,1995,50.26
4,12,1995,76.40
5,12,1995,61.80
6,12,1995,73.18
7,12,1995,98.31
8,12,1995,54.80
9,12,1995,44.98
10,12,1995,16.79
11,12,1995,50.85
12,12,1995,41.34
13,12,1995,17.88
14,12,1995,16.42
15,12,1995,18.51
16,12,1995,44.97
17,12,1995,17.28
18,12,1995,725.73
19,12,1995,216.26
20,12,1995,64.88
21,12,1995,21.63
22,12,1995,21.63
23,12,1995,43.25
24,12,1995,21.03
25,12,1995,110.95
26,12,1995,32.57
27,12,1995,111.61
28,12,1995,18.94
29,12,1995,289.51
30,12,1995,202.75
31,12,1995,38.59
1,1,1996,117.76
2,1,1996,82.60
3,1,1996,39.58
4,1,1996,35.08
5,1,1996,56.91
6,1,1996,135.40
7,1,1996,70.43
8,1,1996,110.00
9,1,1996,222.47
10,1,1996,251.29
11,1,1996,16.69
12,1,1996,36.52
13,1,1996,381.16
14,1,1996,16.81
15,1,1996,76.17
16,1,1996,66.04
17,1,1996,53.28
18,1,1996,32.40
19,1,1996,35.47
20,1,1996,43.26
21,1,1996,16.84
22,1,1996,24.70
23,1,1996,76.26
24,1,1996,67.48
25,1,1996,47.14
26,1,1996,34.90
27,1,1996,42.16
28,1,1996,31.23
29,1,1996,97.67
30,1,1996,99.67
31,1,1996,52.95
1,2,1996,16.38
2,2,1996,17.97
3,2,1996,112.54
4,2,1996,83.68
5,2,1996,25.16
6,2,1996,20.26
7,2,1996,70.18
8,2,1996,63.68
9,2,1996,70.74
10,2,1996,43.65
11,2,1996,16.36
12,2,1996,25.01
13,2,1996,20.15
14,2,1996,52.35
15,2,1996,47.36
16,2,1996,85.08
17,2,1996,85.96
18,2,1996,48.68
19,2,1996,75.33
20,2,1996,65.30
21,2,1996,17.45
22,2,1996,16.14
23,2,1996,17.37
24,2,1996,195.68
25,2,1996,141.25
26,2,1996,49.11
27,2,1996,39.50
28,2,1996,17.38
29,2,1996,63.89
1,3,1996,17.08
2,3,1996,42.17
3,3,1996,46.24
4,3,1996,24.08
5,3,1996,39.36
6,3,1996,34.53
7,3,1996,31.53
8,3,1996,34.28
9,3,1996,63.66
10,3,1996,93.18
11,3,1996,263.65
12,3,1996,101.93
13,3,1996,16.98
14,3,1996,46.32
15,3,1996,33.91
16,3,1996,130.49
17,3,1996,16.03
18,3,1996,24.28
19,3,1996,20.05
20,3,1996,17.21
21,3,1996,15.24
22,3,1996,16.89
23,3,1996,64.30
24,3,1996,31.12
25,3,1996,23.80
26,3,1996,19.73
27,3,1996,85.54
28,3,1996,32.08
29,3,1996,34.15
30,3,1996,64.56
31,3,1996,48.40
1,4,1996,22.83
2,4,1996,56.18
3,4,1996,16.73
4,4,1996,15.91
5,4,1996,36.53
6,4,1996,23.18
7,4,1996,64.83
8,4,1996,99.77
9,4,1996,83.54
10,4,1996,68.18
11,4,1996,15.61
12,4,1996,17.53
13,4,1996,21.97
14,4,1996,15.30
15,4,1996,23.20
16,4,1996,19.60
17,4,1996,32.94
18,4,1996,31.68
19,4,1996,51.35
20,4,1996,41.84
21,4,1996,30.36
22,4,1996,47.32
23,4,1996,39.68
24,4,1996,33.32
25,4,1996,15.49
26,4,1996,16.84
27,4,1996,63.05
28,4,1996,44.76
29,4,1996,120.72
30,4,1996,20.18
1,5,1996,33.52
2,5,1996,31.37
3,5,1996,34.03
4,5,1996,84.83
5,5,1996,15.22
6,5,1996,145.80
7,5,1996,118.98
8,5,1996,16.22
9,5,1996,15.83
10,5,1996,17.30
11,5,1996,42.26
12,5,1996,30.87
13,5,1996,24.39
14,5,1996,19.74
15,5,1996,16.64
16,5,1996,31.39
17,5,1996,34.61
18,5,1996,21.09
19,5,1996,15.02
20,5,1996,24.04
21,5,1996,58.03
22,5,1996,49.38
23,5,1996,46.79
24,5,1996,50.90
25,5,1996,64.80
26,5,1996,47.23
27,5,1996,56.51
28,5,1996,49.44
29,5,1996,17.52
30,5,1996,226.98
31,5,1996,178.32
1,6,1996,107.32
2,6,1996,48.23
3,6,1996,76.01
4,6,1996,39.91
5,6,1996,33.92
6,6,1996,15.88
7,6,1996,17.78
8,6,1996,21.85
9,6,1996,31.78
10,6,1996,24.90
11,6,1996,220.50
12,6,1996,188.08
13,6,1996,79.84
14,6,1996,90.04
15,6,1996,66.17
16,6,1996,32.84
17,6,1996,49.63
18,6,1996,20.52
19,6,1996,35.56
20,6,1996,32.71
21,6,1996,143.69
22,6,1996,44.49
23,6,1996,32.58
24,6,1996,50.97
25,6,1996,20.64
26,6,1996,17.47
27,6,1996,16.43
28,6,1996,182.16
29,6,1996,67.63
30,6,1996,51.19
1,7,1996,72.53
2,7,1996,62.78
3,7,1996,52.39
4,7,1996,19.42
5,7,1996,68.06
6,7,1996,73.80
7,7,1996,52.41
8,7,1996,25.69
9,7,1996,21.63
10,7,1996,253.08
11,7,1996,49.50
12,7,1996,36.90
13,7,1996,45.65
14,7,1996,31.97
15,7,1996,182.10
16,7,1996,100.44
17,7,1996,35.27
18,7,1996,112.36
19,7,1996,53.16
20,7,1996,63.13
21,7,1996,32.06
22,7,1996,70.35
23,7,1996,77.12
24,7,1996,16.55
25,7,1996,172.10
26,7,1996,17.37
27,7,1996,41.14
28,7,1996,46.32
29,7,1996,23.44
30,7,1996,20.02
31,7,1996,68.19
1,8,1996,15.54
2,8,1996,17.60
3,8,1996,81.55
4,8,1996,46.80
5,8,1996,24.53
6,8,1996,20.88
7,8,1996,18.12
8,8,1996,16.67
9,8,1996,18.04
10,8,1996,92.33
11,8,1996,31.96
12,8,1996,50.26
13,8,1996,40.08
14,8,1996,17.75
15,8,1996,79.99
16,8,1996,53.67
17,8,1996,67.06
18,8,1996,15.34
19,8,1996,51.21
20,8,1996,251.32
21,8,1996,17.97
22,8,1996,16.23
23,8,1996,36.25
24,8,1996,22.41
25,8,1996,15.25
26,8,1996,72.56
27,8,1996,57.84
28,8,1996,34.00
29,8,1996,45.03
30,8,1996,33.45
31,8,1996,169.22
1,9,1996,123.16
2,9,1996,55.23
3,9,1996,50.20
4,9,1996,34.99
5,9,1996,32.68
6,9,1996,35.60
7,9,1996,42.03
8,9,1996,47.18
9,9,1996,24.14
10,9,1996,20.12
11,9,1996,17.20
12,9,1996,15.93
13,9,1996,86.75
14,9,1996,20.91
15,9,1996,15.60
16,9,1996,47.67
17,9,1996,20.05
18,9,1996,34.30
19,9,1996,15.52
20,9,1996,51.17
21,9,1996,178.01
22,9,1996,59.98
23,9,1996,95.91
24,9,1996,60.93
25,9,1996,50.67
26,9,1996,61.63
27,9,1996,68.20
28,9,1996,20.69
29,9,1996,30.88
30,9,1996,23.15
1,10,1996,138.69
2,10,1996,33.87
3,10,1996,15.50
4,10,1996,33.57
5,10,1996,60.28
6,10,1996,45.83
7,10,1996,68.80
8,10,1996,59.02
9,10,1996,50.88
10,10,1996,30.39
11,10,1996,33.65
12,10,1996,40.66
13,10,1996,30.19
14,10,1996,24.31
15,10,1996,82.62
16,10,1996,67.70
17,10,1996,15.41
18,10,1996,16.59
19,10,1996,20.18
20,10,1996,15.34
21,10,1996,23.08
22,10,1996,19.68
23,10,1996,16.94
24,10,1996,15.36
25,10,1996,82.40
26,10,1996,79.33
27,10,1996,29.12
28,10,1996,22.42
29,10,1996,19.38
30,10,1996,16.68
31,10,1996,14.91
1,11,1996,16.06
2,11,1996,58.30
3,11,1996,13.93
4,11,1996,68.60
5,11,1996,19.89
6,11,1996,14.28
7,11,1996,14.59
8,11,1996,16.67
9,11,1996,60.07
10,11,1996,15.06
11,11,1996,71.29
12,11,1996,41.16
13,11,1996,117.31
14,11,1996,15.20
15,11,1996,81.80
16,11,1996,40.44
17,11,1996,30.20
18,11,1996,23.74
19,11,1996,19.10
20,11,1996,16.72
21,11,1996,15.46
22,11,1996,16.01
23,11,1996,20.28
24,11,1996,30.12
25,11,1996,47.21
26,11,1996,39.72
27,11,1996,33.99
28,11,1996,17.21
29,11,1996,63.56
30,11,1996,23.22
1,12,1996,16.49
2,12,1996,95.93
3,12,1996,19.55
4,12,1996,16.64
5,12,1996,14.55
6,12,1996,211.93
7,12,1996,123.49
8,12,1996,61.97
9,12,1996,89.98
10,12,1996,75.02
11,12,1996,50.05
12,12,1996,46.58
13,12,1996,16.99
14,12,1996,20.49
15,12,1996,16.06
16,12,1996,24.04
17,12,1996,293.10
18,12,1996,257.98
19,12,1996,240.87
20,12,1996,17.64
21,12,1996,21.44
22,12,1996,33.81
23,12,1996,49.28
24,12,1996,22.22
25,12,1996,25.71
26,12,1996,22.66
27,12,1996,20.60
28,12,1996,73.00
29,12,1996,53.75
30,12,1996,26.04
31,12,1996,109.37
1,1,1997,84.24
2,1,1997,85.36
3,1,1997,18.89
4,1,1997,225.49
5,1,1997,33.49
6,1,1997,50.63
7,1,1997,59.92
8,1,1997,50.39
9,1,1997,15.94
10,1,1997,16.93
11,1,1997,126.55
12,1,1997,31.31
13,1,1997,23.62
14,1,1997,19.63
15,1,1997,48.62
16,1,1997,30.11
17,1,1997,33.07
18,1,1997,165.65
19,1,1997,30.99
20,1,1997,48.11
21,1,1997,20.40
22,1,1997,15.88
23,1,1997,14.95
24,1,1997,15.88
25,1,1997,40.35
26,1,1997,30.11
27,1,1997,70.74
28,1,1997,38.53
29,1,1997,16.32
30,1,1997,15.03
31,1,1997,33.24
1,2,1997,39.46
2,2,1997,30.63
3,2,1997,46.72
4,2,1997,38.98
5,2,1997,31.84
6,2,1997,14.57
7,2,1997,16.61
8,2,1997,20.66
9,2,1997,15.29
10,2,1997,23.79
11,2,1997,18.86
12,2,1997,15.71
13,2,1997,58.54
14,2,1997,15.96
15,2,1997,40.46
16,2,1997,29.68
17,2,1997,47.56
18,2,1997,40.69
19,2,1997,15.34
20,2,1997,29.04
21,2,1997,31.81
22,2,1997,59.87
23,2,1997,42.78
24,2,1997,69.20
25,2,1997,18.71
26,2,1997,31.28
27,2,1997,28.69
28,2,1997,15.80
1,3,1997,37.97
2,3,1997,27.99
3,3,1997,44.27
4,3,1997,36.98
5,3,1997,30.44
6,3,1997,18.98
7,3,1997,14.00
8,3,1997,22.14
9,3,1997,18.49
10,3,1997,15.22
11,3,1997,18.49
12,3,1997,15.22
13,3,1997,18.98
14,3,1997,14.00
15,3,1997,36.98
16,3,1997,15.22
17,3,1997,36.98
18,3,1997,43.41
19,3,1997,23.38
20,3,1997,36.98
21,3,1997,15.22
22,3,1997,92.44
23,3,1997,121.75
24,3,1997,37.97
25,3,1997,41.99
26,3,1997,65.12
27,3,1997,187.07
28,3,1997,18.49
29,3,1997,15.22
30,3,1997,55.47
31,3,1997,173.65
1,4,1997,150.65
2,4,1997,96.14
3,4,1997,431.65
4,4,1997,16.34
5,4,1997,294.49
6,4,1997,30.34
7,4,1997,24.07
8,4,1997,94.85
9,4,1997,31.66
10,4,1997,28.41
11,4,1997,15.89
12,4,1997,80.63
13,4,1997,15.17
14,4,1997,46.72
15,4,1997,37.04
16,4,1997,15.57
17,4,1997,13.92
18,4,1997,15.85
19,4,1997,39.61
20,4,1997,29.56
21,4,1997,45.34
22,4,1997,75.35
23,4,1997,63.33
24,4,1997,55.89
25,4,1997,15.97
26,4,1997,20.14
27,4,1997,14.65
28,4,1997,22.65
29,4,1997,19.07
30,4,1997,30.55
1,5,1997,28.09
2,5,1997,15.82
3,5,1997,20.31
4,5,1997,14.85
5,5,1997,115.63
6,5,1997,92.95
7,5,1997,30.78
8,5,1997,14.08
9,5,1997,15.83
10,5,1997,40.47
11,5,1997,15.27
12,5,1997,24.19
13,5,1997,18.32
14,5,1997,15.51
15,5,1997,42.54
16,5,1997,93.60
17,5,1997,79.91
18,5,1997,29.83
19,5,1997,46.12
20,5,1997,57.33
21,5,1997,15.18
22,5,1997,14.28
23,5,1997,15.86
24,5,1997,20.33
25,5,1997,46.63
26,5,1997,79.68
27,5,1997,72.88
28,5,1997,16.39
29,5,1997,14.60
30,5,1997,33.08
31,5,1997,41.50
1,6,1997,14.80
2,6,1997,70.34
3,6,1997,18.21
4,6,1997,16.03
5,6,1997,14.71
6,6,1997,78.01
7,6,1997,40.22
8,6,1997,15.19
9,6,1997,24.22
10,6,1997,19.06
11,6,1997,15.81
12,6,1997,14.56
13,6,1997,16.16
14,6,1997,20.57
15,6,1997,31.24
16,6,1997,48.73
17,6,1997,19.10
18,6,1997,16.51
19,6,1997,15.13
20,6,1997,16.58
21,6,1997,20.05
22,6,1997,31.28
23,6,1997,24.85
24,6,1997,38.57
25,6,1997,32.65
26,6,1997,206.37
27,6,1997,32.88
28,6,1997,332.22
29,6,1997,96.21
30,6,1997,121.17
1,7,1997,39.03
2,7,1997,51.98
3,7,1997,15.69
4,7,1997,20.36
5,7,1997,26.69
6,7,1997,17.68
7,7,1997,297.19
8,7,1997,241.37
9,7,1997,209.12
10,7,1997,190.56
11,7,1997,34.21
12,7,1997,85.86
13,7,1997,66.47
14,7,1997,24.32
15,7,1997,19.89
16,7,1997,16.91
17,7,1997,15.21
18,7,1997,17.06
19,7,1997,64.05
20,7,1997,32.64
21,7,1997,47.23
22,7,1997,39.77
23,7,1997,33.93
24,7,1997,15.23
25,7,1997,16.80
26,7,1997,42.48
27,7,1997,16.31
28,7,1997,23.84
29,7,1997,74.31
30,7,1997,17.07
31,7,1997,15.33
1,8,1997,16.64
2,8,1997,85.29
3,8,1997,64.37
4,8,1997,23.84
5,8,1997,20.10
6,8,1997,17.17
7,8,1997,15.15
8,8,1997,101.89
9,8,1997,21.51
10,8,1997,15.82
11,8,1997,23.78
12,8,1997,59.07
13,8,1997,50.54
14,8,1997,45.30
15,8,1997,204.24
16,8,1997,63.09
17,8,1997,15.51
18,8,1997,73.39
19,8,1997,38.29
20,8,1997,16.42
21,8,1997,29.21
22,8,1997,32.57
23,8,1997,42.08
24,8,1997,60.68
25,8,1997,24.03
26,8,1997,415.33
27,8,1997,16.28
28,8,1997,13.97
29,8,1997,30.94
30,8,1997,142.72
31,8,1997,46.43
1,9,1997,73.63
2,9,1997,95.58
3,9,1997,68.03
4,9,1997,14.38
5,9,1997,16.12
6,9,1997,38.16
7,9,1997,14.52
8,9,1997,22.08
9,9,1997,18.76
10,9,1997,16.02
11,9,1997,14.15
12,9,1997,15.59
13,9,1997,19.23
14,9,1997,14.75
15,9,1997,21.79
16,9,1997,18.83
17,9,1997,15.66
18,9,1997,13.78
19,9,1997,15.14
20,9,1997,92.64
21,9,1997,72.47
22,9,1997,22.25
23,9,1997,18.93
24,9,1997,15.93
25,9,1997,13.98
26,9,1997,15.45
27,9,1997,19.06
28,9,1997,14.69
29,9,1997,65.62
30,9,1997,18.63
1,10,1997,15.24
2,10,1997,13.80
3,10,1997,15.55
4,10,1997,74.14
5,10,1997,14.07
6,10,1997,21.88
7,10,1997,127.83
8,10,1997,46.19
9,10,1997,27.37
10,10,1997,14.95
11,10,1997,93.19
12,10,1997,71.80
13,10,1997,21.72
14,10,1997,38.18
15,10,1997,45.76
16,10,1997,27.90
17,10,1997,15.27
18,10,1997,131.01
19,10,1997,59.07
20,10,1997,88.24
21,10,1997,18.69
22,10,1997,15.57
23,10,1997,271.66
24,10,1997,284.22
25,10,1997,55.05
26,10,1997,166.18
27,10,1997,777.92
28,10,1997,366.71
29,10,1997,282.43
30,10,1997,599.24
31,10,1997,91.36
1,11,1997,217.58
2,11,1997,70.42
3,11,1997,196.73
4,11,1997,17.99
5,11,1997,28.71
6,11,1997,66.64
7,11,1997,75.27
8,11,1997,54.96
9,11,1997,41.99
10,11,1997,131.07
11,11,1997,56.65
12,11,1997,16.34
13,11,1997,27.61
14,11,1997,220.31
15,11,1997,146.49
16,11,1997,28.06
17,11,1997,281.79
18,11,1997,36.50
19,11,1997,15.21
20,11,1997,27.46
21,11,1997,184.32
22,11,1997,131.60
23,11,1997,144.89
24,11,1997,302.25
25,11,1997,128.41
26,11,1997,79.51
27,11,1997,111.85
28,11,1997,95.87
29,11,1997,192.00
30,11,1997,106.74
1,12,1997,44.95
2,12,1997,74.91
3,12,1997,60.76
4,12,1997,13.79
5,12,1997,44.44
6,12,1997,112.07
7,12,1997,29.05
8,12,1997,21.75
9,12,1997,18.15
10,12,1997,60.96
11,12,1997,176.86
12,12,1997,61.78
13,12,1997,190.60
14,12,1997,90.73
15,12,1997,136.40
16,12,1997,88.48
17,12,1997,62.95
18,12,1997,36.45
19,12,1997,15.59
20,12,1997,478.78
21,12,1997,30.30
22,12,1997,205.26
23,12,1997,19.21
24,12,1997,71.82
25,12,1997,43.67
26,12,1997,21.84
27,12,1997,206.37
28,12,1997,66.37
29,12,1997,121.74
30,12,1997,60.17
31,12,1997,71.79
1,1,1998,447.01
2,1,1998,82.45
3,1,1998,236.48
4,1,1998,32.55
5,1,1998,70.98
6,1,1998,132.73
7,1,1998,79.84
8,1,1998,74.05
9,1,1998,725.21
10,1,1998,170.81
11,1,1998,170.03
12,1,1998,109.60
13,1,1998,18.10
14,1,1998,15.49
15,1,1998,41.56
16,1,1998,31.36
17,1,1998,210.17
18,1,1998,14.54
19,1,1998,67.43
20,1,1998,39.05
21,1,1998,15.43
22,1,1998,83.27
23,1,1998,108.25
24,1,1998,112.55
25,1,1998,58.56
26,1,1998,197.63
27,1,1998,214.83
28,1,1998,197.00
29,1,1998,68.59
30,1,1998,45.12
31,1,1998,95.29
1,2,1998,99.14
2,2,1998,42.58
3,2,1998,17.75
4,2,1998,30.74
5,2,1998,13.50
6,2,1998,28.82
7,2,1998,93.37
8,2,1998,43.17
9,2,1998,21.33
10,2,1998,525.42
11,2,1998,29.85
12,2,1998,26.90
13,2,1998,14.68
14,2,1998,148.66
15,2,1998,42.94
16,2,1998,21.03
17,2,1998,38.16
18,2,1998,59.55
19,2,1998,13.28
20,2,1998,29.48
21,2,1998,73.04
22,2,1998,28.25
23,2,1998,84.13
24,2,1998,196.64
25,2,1998,166.60
26,2,1998,53.68
27,2,1998,59.39
28,2,1998,144.68
1,3,1998,27.11
2,3,1998,128.55
3,3,1998,17.20
4,3,1998,76.66
5,3,1998,26.36
6,3,1998,28.97
7,3,1998,123.92
8,3,1998,81.82
9,3,1998,41.71
10,3,1998,35.83
11,3,1998,14.43
12,3,1998,13.05
13,3,1998,14.53
14,3,1998,35.86
15,3,1998,28.22
16,3,1998,42.07
17,3,1998,53.03
18,3,1998,44.52
19,3,1998,27.02
20,3,1998,28.89
21,3,1998,90.23
22,3,1998,42.56
23,3,1998,42.39
24,3,1998,17.81
25,3,1998,13.83
26,3,1998,13.79
27,3,1998,14.77
28,3,1998,74.27
29,3,1998,13.80
30,3,1998,21.70
31,3,1998,34.75
1,4,1998,44.75
2,4,1998,145.55
3,4,1998,115.96
4,4,1998,111.08
5,4,1998,14.00
6,4,1998,21.52
7,4,1998,52.03
8,4,1998,44.98
9,4,1998,13.16
10,4,1998,122.49
11,4,1998,98.85
12,4,1998,57.85
13,4,1998,135.52
14,4,1998,17.77
15,4,1998,28.63
16,4,1998,19.77
17,4,1998,14.40
18,4,1998,18.25
19,4,1998,27.61
20,4,1998,63.82
21,4,1998,51.10
22,4,1998,57.75
23,4,1998,26.55
24,4,1998,29.54
25,4,1998,36.12
26,4,1998,27.66
27,4,1998,43.49
28,4,1998,34.88
29,4,1998,14.71
30,4,1998,145.50
1,5,1998,14.34
2,5,1998,73.81
3,5,1998,13.85
4,5,1998,65.77
5,5,1998,17.94
6,5,1998,30.01
7,5,1998,38.98
8,5,1998,43.89
9,5,1998,111.42
10,5,1998,14.28
11,5,1998,65.84
12,5,1998,52.67
13,5,1998,29.84
14,5,1998,26.18
15,5,1998,14.48
16,5,1998,159.83
17,5,1998,41.75
18,5,1998,87.00
19,5,1998,34.51
20,5,1998,29.33
21,5,1998,39.81
22,5,1998,44.78
23,5,1998,37.30
24,5,1998,28.73
25,5,1998,49.62
26,5,1998,112.66
27,5,1998,276.92
28,5,1998,27.58
29,5,1998,45.50
30,5,1998,37.09
31,5,1998,71.28
1,6,1998,41.75
2,6,1998,195.23
3,6,1998,169.09
4,6,1998,148.15
5,6,1998,15.01
6,6,1998,57.41
7,6,1998,71.09
8,6,1998,22.18
9,6,1998,72.12
10,6,1998,335.48
11,6,1998,13.80
12,6,1998,29.77
13,6,1998,37.79
14,6,1998,101.08
15,6,1998,66.46
16,6,1998,17.92
17,6,1998,30.52
18,6,1998,82.33
19,6,1998,30.56
20,6,1998,214.57
21,6,1998,14.64
22,6,1998,21.94
23,6,1998,18.43
24,6,1998,15.67
25,6,1998,13.98
26,6,1998,62.00
27,6,1998,156.98
28,6,1998,29.31
29,6,1998,90.53
30,6,1998,55.73
1,7,1998,15.49
2,7,1998,28.44
3,7,1998,50.65
4,7,1998,165.27
5,7,1998,63.25
6,7,1998,23.48
7,7,1998,38.09
8,7,1998,32.34
9,7,1998,28.46
10,7,1998,46.06
11,7,1998,39.72
12,7,1998,121.79
13,7,1998,223.78
14,7,1998,18.25
15,7,1998,15.47
16,7,1998,14.59
17,7,1998,46.98
18,7,1998,39.24
19,7,1998,29.42
20,7,1998,245.98
21,7,1998,195.15
22,7,1998,92.86
23,7,1998,86.18
24,7,1998,15.86
25,7,1998,120.01
26,7,1998,89.17
27,7,1998,110.34
28,7,1998,494.08
29,7,1998,78.66
30,7,1998,88.11
31,7,1998,77.60
1,8,1998,56.41
2,8,1998,85.21
3,8,1998,137.03
4,8,1998,354.25
5,8,1998,422.51
6,8,1998,43.42
7,8,1998,31.50
8,8,1998,139.80
9,8,1998,59.29
10,8,1998,184.37
11,8,1998,93.92
12,8,1998,110.78
13,8,1998,143.93
14,8,1998,78.96
15,8,1998,259.69
16,8,1998,136.00
17,8,1998,539.13
18,8,1998,204.94
19,8,1998,239.71
20,8,1998,42.92
21,8,1998,492.24
22,8,1998,138.08
23,8,1998,468.26
24,8,1998,157.29
25,8,1998,93.66
26,8,1998,47.23
27,8,1998,787.37
28,8,1998,501.83
29,8,1998,366.32
30,8,1998,253.22
31,8,1998,1254.20
1,9,1998,1793.05
2,9,1998,269.86
3,9,1998,221.73
4,9,1998,193.34
5,9,1998,671.45
6,9,1998,293.16
7,9,1998,415.00
8,9,1998,392.41
9,9,1998,209.95
10,9,1998,634.60
11,9,1998,187.27
12,9,1998,208.62
13,9,1998,109.11
14,9,1998,259.13
15,9,1998,83.48
16,9,1998,102.06
17,9,1998,449.82
18,9,1998,85.22
19,9,1998,224.65
20,9,1998,81.33
21,9,1998,491.22
22,9,1998,85.42
23,9,1998,191.89
24,9,1998,80.50
25,9,1998,100.29
26,9,1998,88.25
27,9,1998,54.95
28,9,1998,274.85
29,9,1998,137.49
30,9,1998,584.40
1,10,1998,92.12
2,10,1998,142.65
3,10,1998,308.69
4,10,1998,104.79
5,10,1998,143.29
6,10,1998,178.85
7,10,1998,666.34
8,10,1998,297.33
9,10,1998,182.41
10,10,1998,242.44
11,10,1998,40.55
12,10,1998,283.85
13,10,1998,375.04
14,10,1998,115.66
15,10,1998,91.30
16,10,1998,153.66
17,10,1998,259.54
18,10,1998,13.47
19,10,1998,41.44
20,10,1998,137.01
21,10,1998,58.62
22,10,1998,78.45
23,10,1998,13.97
24,10,1998,258.16
25,10,1998,65.96
26,10,1998,63.01
27,10,1998,141.21
28,10,1998,199.65
29,10,1998,86.59
30,10,1998,94.85
31,10,1998,261.54
1,11,1998,100.42
2,11,1998,83.06
3,11,1998,196.08
4,11,1998,261.57
5,11,1998,25.32
6,11,1998,99.50
7,11,1998,209.42
8,11,1998,122.34
9,11,1998,100.18
10,11,1998,85.22
11,11,1998,130.52
12,11,1998,96.59
13,11,1998,42.06
14,11,1998,225.28
15,11,1998,145.07
16,11,1998,202.96
17,11,1998,199.20
18,11,1998,43.38
19,11,1998,230.63
20,11,1998,180.23
21,11,1998,157.09
22,11,1998,53.63
23,11,1998,145.29
24,11,1998,50.66
25,11,1998,45.13
26,11,1998,166.48
27,11,1998,91.18
28,11,1998,202.95
29,11,1998,147.66
30,11,1998,44.02
1,12,1998,17.51
2,12,1998,29.04
3,12,1998,13.27
4,12,1998,57.84
5,12,1998,142.80
6,12,1998,56.06
7,12,1998,107.83
8,12,1998,69.42
9,12,1998,44.34
10,12,1998,13.41
11,12,1998,44.01
12,12,1998,200.84
13,12,1998,114.06
14,12,1998,84.09
15,12,1998,361.57
16,12,1998,266.58
17,12,1998,323.06
18,12,1998,73.87
19,12,1998,206.82
20,12,1998,87.05
21,12,1998,152.00
22,12,1998,90.14
23,12,1998,64.24
24,12,1998,15.93
25,12,1998,46.63
26,12,1998,619.37
27,12,1998,118.18
28,12,1998,424.15
29,12,1998,38.72
30,12,1998,101.63
31,12,1998,249.57
1,1,1999,168.74
2,1,1999,578.90
3,1,1999,160.30
4,1,1999,114.31
5,1,1999,71.60
6,1,1999,94.59
7,1,1999,209.23
8,1,1999,119.98
9,1,1999,223.38
10,1,1999,74.65
11,1,1999,22.02
12,1,1999,34.16
13,1,1999,116.18
14,1,1999,362.12
15,1,1999,75.67
16,1,1999,180.10
17,1,1999,28.10
18,1,1999,102.43
19,1,1999,57.40
20,1,1999,172.51
21,1,1999,155.09
22,1,1999,171.95
23,1,1999,265.75
24,1,1999,70.09
25,1,1999,21.05
26,1,1999,16.90
27,1,1999,170.33
28,1,1999,25.54
29,1,1999,28.64
30,1,1999,326.17
31,1,1999,117.43
1,2,1999,81.05
2,2,1999,16.85
3,2,1999,28.37
4,2,1999,111.09
5,2,1999,42.01
6,2,1999,102.04
7,2,1999,26.26
8,2,1999,61.18
9,2,1999,16.43
10,2,1999,28.10
11,2,1999,24.31
12,2,1999,13.36
13,2,1999,99.20
14,2,1999,25.50
15,2,1999,40.97
16,2,1999,145.26
17,2,1999,14.03
18,2,1999,24.39
19,2,1999,13.65
20,2,1999,82.89
21,2,1999,39.19
22,2,1999,97.82
23,2,1999,111.44
24,2,1999,26.84
25,2,1999,12.27
26,2,1999,26.51
27,2,1999,16.16
28,2,1999,23.96
1,3,1999,37.17
2,3,1999,31.44
3,3,1999,13.58
4,3,1999,12.20
5,3,1999,96.00
6,3,1999,65.88
7,3,1999,51.79
8,3,1999,73.21
9,3,1999,16.41
10,3,1999,13.72
11,3,1999,37.29
12,3,1999,13.17
13,3,1999,67.10
14,3,1999,64.93
15,3,1999,19.50
16,3,1999,48.40
17,3,1999,40.88
18,3,1999,36.27
19,3,1999,39.92
20,3,1999,34.47
21,3,1999,13.25
22,3,1999,19.69
23,3,1999,33.44
24,3,1999,13.50
25,3,1999,12.46
26,3,1999,13.41
27,3,1999,138.46
28,3,1999,12.88
29,3,1999,212.85
30,3,1999,32.59
31,3,1999,14.06
1,4,1999,12.35
2,4,1999,14.19
3,4,1999,75.22
4,4,1999,26.70
5,4,1999,40.94
6,4,1999,16.33
7,4,1999,27.37
8,4,1999,24.58
9,4,1999,27.56
10,4,1999,51.75
11,4,1999,77.44
12,4,1999,378.11
13,4,1999,16.29
14,4,1999,13.32
15,4,1999,35.71
16,4,1999,40.40
17,4,1999,85.91
18,4,1999,25.43
19,4,1999,38.67
20,4,1999,15.66
21,4,1999,26.34
22,4,1999,23.96
23,4,1999,26.25
24,4,1999,51.14
25,4,1999,38.99
26,4,1999,39.01
27,4,1999,15.76
28,4,1999,26.89
29,4,1999,35.70
30,4,1999,38.75
1,5,1999,49.79
2,5,1999,12.91
3,5,1999,19.50
4,5,1999,64.21
5,5,1999,13.42
6,5,1999,24.23
7,5,1999,27.11
8,5,1999,35.31
9,5,1999,26.86
10,5,1999,19.75
11,5,1999,15.92
12,5,1999,92.15
13,5,1999,24.31
14,5,1999,13.36
15,5,1999,34.53
16,5,1999,38.40
17,5,1999,18.96
18,5,1999,31.27
19,5,1999,13.28
20,5,1999,12.10
21,5,1999,13.50
22,5,1999,87.85
23,5,1999,38.77
24,5,1999,97.02
25,5,1999,65.46
26,5,1999,13.43
27,5,1999,49.33
28,5,1999,54.21
29,5,1999,35.39
30,5,1999,13.83
31,5,1999,46.50
1,6,1999,37.95
2,6,1999,28.06
3,6,1999,12.58
4,6,1999,28.13
5,6,1999,35.52
6,6,1999,13.28
7,6,1999,19.96
8,6,1999,16.33
9,6,1999,13.94
10,6,1999,12.66
11,6,1999,13.93
12,6,1999,36.14
13,6,1999,13.28
14,6,1999,19.54
15,6,1999,116.17
16,6,1999,98.10
17,6,1999,24.95
18,6,1999,28.27
19,6,1999,74.27
20,6,1999,13.43
21,6,1999,60.20
22,6,1999,50.74
23,6,1999,72.24
24,6,1999,63.54
25,6,1999,71.96
26,6,1999,35.56
27,6,1999,13.59
28,6,1999,226.36
29,6,1999,17.59
30,6,1999,101.89
1,7,1999,12.53
2,7,1999,14.46
3,7,1999,152.78
4,7,1999,28.72
5,7,1999,47.63
6,7,1999,40.57
7,7,1999,349.02
8,7,1999,315.06
9,7,1999,324.47
10,7,1999,75.17
11,7,1999,14.29
12,7,1999,20.57
13,7,1999,17.59
14,7,1999,209.08
15,7,1999,49.95
16,7,1999,14.33
17,7,1999,55.06
18,7,1999,43.03
19,7,1999,60.94
20,7,1999,34.82
21,7,1999,29.29
22,7,1999,50.80
23,7,1999,56.88
24,7,1999,94.41
25,7,1999,14.11
26,7,1999,39.85
27,7,1999,34.50
28,7,1999,43.17
29,7,1999,39.60
30,7,1999,14.61
31,7,1999,127.35
1,8,1999,13.29
2,8,1999,59.61
3,8,1999,16.93
4,8,1999,14.16
5,8,1999,51.22
6,8,1999,28.30
7,8,1999,203.63
8,8,1999,96.07
9,8,1999,20.44
10,8,1999,17.20
11,8,1999,14.52
12,8,1999,13.16
13,8,1999,14.47
14,8,1999,36.95
15,8,1999,40.88
16,8,1999,60.80
17,8,1999,51.15
18,8,1999,42.44
19,8,1999,12.86
20,8,1999,14.24
21,8,1999,55.42
22,8,1999,52.38
23,8,1999,60.19
24,8,1999,67.02
25,8,1999,56.26
26,8,1999,49.85
27,8,1999,12.90
28,8,1999,51.65
29,8,1999,38.25
30,8,1999,19.78
31,8,1999,117.01
1,9,1999,27.77
2,9,1999,48.85
3,9,1999,84.19
4,9,1999,35.27
5,9,1999,67.93
6,9,1999,22.98
7,9,1999,20.28
8,9,1999,28.20
9,9,1999,36.62
10,9,1999,40.52
11,9,1999,183.95
12,9,1999,13.17
13,9,1999,19.15
14,9,1999,16.77
15,9,1999,28.03
16,9,1999,37.61
17,9,1999,13.57
18,9,1999,51.81
19,9,1999,25.84
20,9,1999,38.57
21,9,1999,116.78
22,9,1999,13.83
23,9,1999,12.74
24,9,1999,51.35
25,9,1999,48.13
26,9,1999,37.63
27,9,1999,38.25
28,9,1999,49.12
29,9,1999,39.75
30,9,1999,24.76
1,10,1999,25.10
2,10,1999,94.37
3,10,1999,61.82
4,10,1999,36.46
5,10,1999,62.16
6,10,1999,53.32
7,10,1999,11.94
8,10,1999,25.25
9,10,1999,81.06
10,10,1999,12.52
11,10,1999,17.97
12,10,1999,65.76
13,10,1999,78.71
14,10,1999,23.85
15,10,1999,127.13
16,10,1999,16.01
17,10,1999,75.90
18,10,1999,72.31
19,10,1999,16.13
20,10,1999,13.16
21,10,1999,11.88
22,10,1999,12.78
23,10,1999,193.28
24,10,1999,37.35
25,10,1999,35.92
26,10,1999,15.69
27,10,1999,13.10
28,10,1999,70.43
29,10,1999,12.32
30,10,1999,98.19
31,10,1999,12.36
1,11,1999,36.08
2,11,1999,128.28
3,11,1999,102.43
4,11,1999,23.80
5,11,1999,26.43
6,11,1999,96.53
7,11,1999,88.05
8,11,1999,124.67
9,11,1999,47.48
10,11,1999,26.56
11,11,1999,23.55
12,11,1999,13.51
13,11,1999,96.12
14,11,1999,96.20
15,11,1999,53.46
16,11,1999,108.21
17,11,1999,93.57
18,11,1999,46.83
19,11,1999,51.82
20,11,1999,145.90
21,11,1999,12.31
22,11,1999,35.62
23,11,1999,15.50
24,11,1999,69.11
25,11,1999,14.46
26,11,1999,16.52
27,11,1999,36.18
28,11,1999,27.58
29,11,1999,37.85
30,11,1999,16.71
1,12,1999,13.03
2,12,1999,36.41
3,12,1999,52.88
4,12,1999,96.39
5,12,1999,25.13
6,12,1999,73.68
7,12,1999,31.51
8,12,1999,13.27
9,12,1999,12.24
10,12,1999,26.06
11,12,1999,49.78
12,12,1999,65.14
13,12,1999,51.31
14,12,1999,48.95
15,12,1999,39.36
16,12,1999,23.94
17,12,1999,13.51
18,12,1999,68.13
19,12,1999,13.33
20,12,1999,198.51
21,12,1999,534.25
22,12,1999,27.84
23,12,1999,224.58
24,12,1999,16.46
25,12,1999,53.79
26,12,1999,45.85
27,12,1999,80.41
28,12,1999,16.59
29,12,1999,91.34
30,12,1999,40.81
31,12,1999,15.52
1,1,2000,178.62
2,1,2000,59.69
3,1,2000,56.28
4,1,2000,253.20
5,1,2000,28.13
6,1,2000,25.59
7,1,2000,27.59
8,1,2000,85.54
9,1,2000,26.57
10,1,2000,19.33
11,1,2000,16.14
12,1,2000,39.08
13,1,2000,12.35
14,1,2000,13.23
15,1,2000,16.77
16,1,2000,13.24
17,1,2000,77.61
18,1,2000,68.98
19,1,2000,52.43
20,1,2000,24.03
21,1,2000,25.16
22,1,2000,33.37
23,1,2000,13.08
24,1,2000,18.68
25,1,2000,46.71
26,1,2000,13.36
27,1,2000,97.02
28,1,2000,26.38
29,1,2000,66.27
30,1,2000,52.50
31,1,2000,18.36
1,2,2000,76.51
2,2,2000,63.92
3,2,2000,70.10
4,2,2000,25.56
5,2,2000,114.50
6,2,2000,90.64
7,2,2000,130.70
8,2,2000,46.77
9,2,2000,38.85
10,2,2000,35.47
11,2,2000,37.89
12,2,2000,33.08
13,2,2000,12.71
14,2,2000,17.95
15,2,2000,15.68
16,2,2000,38.67
17,2,2000,11.84
18,2,2000,12.62
19,2,2000,80.86
20,2,2000,50.15
21,2,2000,73.73
22,2,2000,16.82
23,2,2000,65.59
24,2,2000,11.77
25,2,2000,12.68
26,2,2000,48.27
27,2,2000,12.31
28,2,2000,35.44
29,2,2000,31.67
1,3,2000,12.01
2,3,2000,11.61
3,3,2000,37.23
4,3,2000,15.67
5,3,2000,36.03
6,3,2000,35.51
7,3,2000,58.12
8,3,2000,190.36
9,3,2000,11.33
10,3,2000,24.40
11,3,2000,31.73
12,3,2000,12.52
13,3,2000,52.05
14,3,2000,30.42
15,3,2000,37.21
16,3,2000,58.47
17,3,2000,37.42
18,3,2000,131.11
19,3,2000,115.43
20,3,2000,54.14
21,3,2000,47.20
22,3,2000,12.86
23,3,2000,23.71
24,3,2000,25.44
25,3,2000,80.53
26,3,2000,63.89
27,3,2000,70.50
28,3,2000,47.07
29,3,2000,25.61
30,3,2000,23.49
31,3,2000,26.00
1,4,2000,31.55
2,4,2000,51.31
3,4,2000,142.12
4,4,2000,186.42
5,4,2000,469.02
6,4,2000,23.08
7,4,2000,38.90
8,4,2000,136.73
9,4,2000,25.35
10,4,2000,17.81
11,4,2000,46.43
12,4,2000,76.83
13,4,2000,23.08
14,4,2000,201.63
15,4,2000,158.82
16,4,2000,101.15
17,4,2000,158.39
18,4,2000,78.14
19,4,2000,65.37
20,4,2000,11.95
21,4,2000,39.47
22,4,2000,159.01
23,4,2000,54.86
24,4,2000,93.59
25,4,2000,31.47
26,4,2000,12.55
27,4,2000,23.29
28,4,2000,25.56
29,4,2000,131.90
30,4,2000,38.00
1,5,2000,17.20
2,5,2000,30.51
3,5,2000,12.13
4,5,2000,11.43
5,5,2000,12.41
6,5,2000,48.75
7,5,2000,12.58
8,5,2000,70.58
9,5,2000,30.31
10,5,2000,12.39
11,5,2000,33.12
12,5,2000,12.30
13,5,2000,48.99
14,5,2000,50.12
15,5,2000,122.84
16,5,2000,145.61
17,5,2000,24.44
18,5,2000,22.83
19,5,2000,37.09
20,5,2000,162.51
21,5,2000,87.04
22,5,2000,71.20
23,5,2000,63.51
24,5,2000,37.62
25,5,2000,34.80
26,5,2000,63.47
27,5,2000,151.24
28,5,2000,91.94
29,5,2000,130.29
30,5,2000,72.13
31,5,2000,13.28
1,6,2000,92.08
2,6,2000,39.61
3,6,2000,16.83
4,6,2000,26.01
5,6,2000,36.98
6,6,2000,31.67
7,6,2000,62.85
8,6,2000,58.86
9,6,2000,13.02
10,6,2000,135.44
11,6,2000,26.11
12,6,2000,37.69
13,6,2000,193.05
14,6,2000,76.70
15,6,2000,81.82
16,6,2000,72.90
17,6,2000,70.97
18,6,2000,26.22
19,6,2000,36.87
20,6,2000,32.36
21,6,2000,130.96
22,6,2000,12.26
23,6,2000,40.87
24,6,2000,141.23
25,6,2000,39.47
26,6,2000,170.42
27,6,2000,49.59
28,6,2000,251.41
29,6,2000,229.22
30,6,2000,13.83
1,7,2000,48.28
2,7,2000,41.17
3,7,2000,38.54
4,7,2000,105.67
5,7,2000,49.14
6,7,2000,38.17
7,7,2000,27.47
8,7,2000,89.26
9,7,2000,27.95
10,7,2000,38.99
11,7,2000,49.78
12,7,2000,13.36
13,7,2000,24.17
14,7,2000,40.46
15,7,2000,72.01
16,7,2000,26.99
17,7,2000,36.60
18,7,2000,32.30
19,7,2000,65.87
20,7,2000,36.09
21,7,2000,39.55
22,7,2000,34.75
23,7,2000,40.52
24,7,2000,93.22
25,7,2000,32.26
26,7,2000,26.06
27,7,2000,35.59
28,7,2000,65.53
29,7,2000,103.37
30,7,2000,13.00
31,7,2000,18.97
1,8,2000,15.05
2,8,2000,38.67
3,8,2000,23.50
4,8,2000,53.20
5,8,2000,104.06
6,8,2000,13.40
7,8,2000,18.62
8,8,2000,16.35
9,8,2000,13.04
10,8,2000,11.78
11,8,2000,13.36
12,8,2000,17.45
13,8,2000,51.31
14,8,2000,111.82
15,8,2000,30.39
16,8,2000,12.82
17,8,2000,22.71
18,8,2000,39.16
19,8,2000,50.86
20,8,2000,25.91
21,8,2000,37.08
22,8,2000,48.25
23,8,2000,38.41
24,8,2000,34.63
25,8,2000,22.69
26,8,2000,113.33
27,8,2000,82.76
28,8,2000,36.03
29,8,2000,30.87
30,8,2000,24.99
31,8,2000,22.99
1,9,2000,18.72
2,9,2000,48.24
3,9,2000,12.28
4,9,2000,20.84
5,9,2000,18.21
6,9,2000,12.47
7,9,2000,11.25
8,9,2000,110.55
9,9,2000,106.90
10,9,2000,35.58
11,9,2000,83.60
12,9,2000,7.99
13,9,2000,11.89
14,9,2000,22.17
15,9,2000,24.16
16,9,2000,44.99
17,9,2000,22.97
18,9,2000,200.60
19,9,2000,41.95
20,9,2000,229.69
21,9,2000,222.30
22,9,2000,94.02
23,9,2000,132.11
24,9,2000,34.37
25,9,2000,16.56
26,9,2000,100.03
27,9,2000,68.32
28,9,2000,52.80
29,9,2000,177.21
30,9,2000,177.61
1,10,2000,56.37
2,10,2000,235.49
3,10,2000,174.55
4,10,2000,81.13
5,10,2000,10.63
6,10,2000,11.68
7,10,2000,103.38
8,10,2000,35.27
9,10,2000,34.33
10,10,2000,31.24
11,10,2000,59.87
12,10,2000,242.89
13,10,2000,278.88
14,10,2000,204.44
15,10,2000,90.11
16,10,2000,66.24
17,10,2000,186.59
18,10,2000,336.07
19,10,2000,43.25
20,10,2000,11.10
21,10,2000,72.81
22,10,2000,69.23
23,10,2000,81.98
24,10,2000,43.15
25,10,2000,285.45
26,10,2000,31.21
27,10,2000,34.56
28,10,2000,57.67
29,10,2000,67.75
30,10,2000,113.67
31,10,2000,344.98
1,11,2000,46.47
2,11,2000,31.07
3,11,2000,34.28
4,11,2000,114.49
5,11,2000,49.82
6,11,2000,112.47
7,11,2000,73.18
8,11,2000,368.55
9,11,2000,385.93
10,11,2000,277.57
11,11,2000,338.30
12,11,2000,168.75
13,11,2000,603.04
14,11,2000,432.51
15,11,2000,546.47
16,11,2000,241.03
17,11,2000,256.73
18,11,2000,415.02
19,11,2000,93.35
20,11,2000,223.19
21,11,2000,85.96
22,11,2000,208.58
23,11,2000,158.04
24,11,2000,516.34
25,11,2000,239.82
26,11,2000,63.95
27,11,2000,156.03
28,11,2000,343.77
29,11,2000,262.44
30,11,2000,329.77
1,12,2000,95.38
2,12,2000,212.82
3,12,2000,281.05
4,12,2000,422.05
5,12,2000,349.22
6,12,2000,141.09
7,12,2000,109.33
8,12,2000,132.59
9,12,2000,220.41
10,12,2000,126.52
11,12,2000,122.47
12,12,2000,59.27
13,12,2000,280.65
14,12,2000,99.40
15,12,2000,149.65
16,12,2000,192.61
17,12,2000,91.92
18,12,2000,142.60
19,12,2000,61.51
20,12,2000,83.72
21,12,2000,23.56
22,12,2000,80.10
23,12,2000,244.66
24,12,2000,101.40
25,12,2000,186.58
26,12,2000,193.17
27,12,2000,29.14
28,12,2000,65.14
29,12,2000,210.94
30,12,2000,387.17
31,12,2000,219.27
1,1,2001,162.28
2,1,2001,121.60
3,1,2001,175.91
4,1,2001,122.91
5,1,2001,66.24
6,1,2001,216.03
7,1,2001,121.61
8,1,2001,130.45
9,1,2001,377.77
10,1,2001,49.75
11,1,2001,46.52
12,1,2001,102.11
13,1,2001,81.48
14,1,2001,106.93
15,1,2001,53.91
16,1,2001,165.69
17,1,2001,47.82
18,1,2001,225.13
19,1,2001,50.43
20,1,2001,291.93
21,1,2001,92.23
22,1,2001,36.59
23,1,2001,76.05
24,1,2001,71.73
25,1,2001,101.21
26,1,2001,87.02
27,1,2001,224.15
28,1,2001,25.39
29,1,2001,197.73
30,1,2001,122.49
31,1,2001,72.94
1,2,2001,117.09
2,2,2001,87.04
3,2,2001,208.32
4,2,2001,88.87
5,2,2001,89.51
6,2,2001,75.63
7,2,2001,35.46
8,2,2001,54.03
9,2,2001,12.16
10,2,2001,154.89
11,2,2001,37.89
12,2,2001,87.78
13,2,2001,14.88
14,2,2001,70.01
15,2,2001,32.73
16,2,2001,48.04
17,2,2001,59.33
18,2,2001,98.55
19,2,2001,34.56
20,2,2001,61.34
21,2,2001,94.99
22,2,2001,217.58
23,2,2001,35.62
24,2,2001,228.60
25,2,2001,45.43
26,2,2001,85.06
27,2,2001,109.33
28,2,2001,56.92
1,3,2001,68.60
2,3,2001,11.83
3,3,2001,181.77
4,3,2001,11.92
5,3,2001,67.98
6,3,2001,105.83
7,3,2001,186.70
8,3,2001,84.12
9,3,2001,93.98
10,3,2001,90.65
11,3,2001,113.43
12,3,2001,384.41
13,3,2001,623.29
14,3,2001,549.65
15,3,2001,10.46
16,3,2001,164.75
17,3,2001,374.16
18,3,2001,112.74
19,3,2001,139.84
20,3,2001,305.80
21,3,2001,59.73
22,3,2001,138.69
23,3,2001,121.55
24,3,2001,187.52
25,3,2001,99.97
26,3,2001,105.09
27,3,2001,87.68
28,3,2001,82.58
29,3,2001,72.73
30,3,2001,59.46
31,3,2001,168.45
1,4,2001,157.86
2,4,2001,534.26
3,4,2001,420.21
4,4,2001,101.40
5,4,2001,113.86
6,4,2001,45.84
7,4,2001,203.30
8,4,2001,132.81
9,4,2001,471.90
10,4,2001,99.99
11,4,2001,45.34
12,4,2001,104.19
13,4,2001,24.04
14,4,2001,164.22
15,4,2001,63.74
16,4,2001,159.71
17,4,2001,219.62
18,4,2001,675.90
19,4,2001,303.84
20,4,2001,86.04
21,4,2001,145.29
22,4,2001,157.38
23,4,2001,99.99
24,4,2001,155.99
25,4,2001,56.49
26,4,2001,195.07
27,4,2001,126.18
28,4,2001,243.70
29,4,2001,35.48
30,4,2001,342.64
1,5,2001,39.01
2,5,2001,79.60
3,5,2001,81.00
4,5,2001,34.72
5,5,2001,138.30
6,5,2001,24.41
7,5,2001,367.77
8,5,2001,70.55
9,5,2001,78.43
10,5,2001,290.89
11,5,2001,11.73
12,5,2001,183.39
13,5,2001,121.90
14,5,2001,87.11
15,5,2001,311.67
16,5,2001,35.50
17,5,2001,58.79
18,5,2001,11.85
19,5,2001,198.96
20,5,2001,47.26
21,5,2001,51.69
22,5,2001,115.93
23,5,2001,381.39
24,5,2001,61.82
25,5,2001,143.11
26,5,2001,279.07
27,5,2001,100.58
28,5,2001,187.86
29,5,2001,54.15
30,5,2001,48.88
31,5,2001,21.25
1,6,2001,68.35
2,6,2001,143.85
3,6,2001,12.46
4,6,2001,52.04
5,6,2001,73.25
6,6,2001,24.07
7,6,2001,114.45
8,6,2001,37.64
9,6,2001,112.19
10,6,2001,49.98
11,6,2001,52.69
12,6,2001,56.26
13,6,2001,48.19
14,6,2001,41.47
15,6,2001,49.03
16,6,2001,113.52
17,6,2001,37.78
18,6,2001,17.88
19,6,2001,60.01
20,6,2001,24.45
21,6,2001,10.51
22,6,2001,50.51
23,6,2001,32.62
24,6,2001,25.53
25,6,2001,88.40
26,6,2001,60.67
27,6,2001,193.07
28,6,2001,21.48
29,6,2001,51.13
30,6,2001,195.33
1,7,2001,37.45
2,7,2001,55.89
3,7,2001,30.31
4,7,2001,16.13
5,7,2001,39.40
6,7,2001,106.14
7,7,2001,267.23
8,7,2001,40.42
9,7,2001,381.05
10,7,2001,45.40
11,7,2001,38.09
12,7,2001,22.03
13,7,2001,51.07
14,7,2001,133.25
15,7,2001,66.25
16,7,2001,71.55
17,7,2001,178.27
18,7,2001,378.13
19,7,2001,74.76
20,7,2001,124.29
21,7,2001,83.57
22,7,2001,52.12
23,7,2001,470.25
24,7,2001,469.32
25,7,2001,12.25
26,7,2001,10.32
27,7,2001,49.13
28,7,2001,130.91
29,7,2001,102.14
30,7,2001,17.54
31,7,2001,105.40
1,8,2001,83.46
2,8,2001,200.74
3,8,2001,151.12
4,8,2001,116.83
5,8,2001,63.28
6,8,2001,446.83
7,8,2001,14.89
8,8,2001,124.81
9,8,2001,31.38
10,8,2001,37.20
11,8,2001,81.63
12,8,2001,12.57
13,8,2001,177.81
14,8,2001,73.94
15,8,2001,58.33
16,8,2001,254.94
17,8,2001,12.35
18,8,2001,81.22
19,8,2001,48.92
20,8,2001,583.96
21,8,2001,14.66
22,8,2001,84.55
23,8,2001,31.71
24,8,2001,12.05
25,8,2001,15.61
26,8,2001,11.50
27,8,2001,51.22
28,8,2001,179.92
29,8,2001,144.53
30,8,2001,10.10
31,8,2001,220.51
1,9,2001,180.88
2,9,2001,98.16
3,9,2001,42.66
4,9,2001,34.17
5,9,2001,35.32
6,9,2001,100.06
7,9,2001,112.71
8,9,2001,108.99
9,9,2001,80.13
10,9,2001,161.03
11,9,2001,674.86
12,9,2001,481.65
13,9,2001,355.12
14,9,2001,410.96
15,9,2001,750.68
16,9,2001,458.73
17,9,2001,1811.33
18,9,2001,852.12
19,9,2001,582.31
20,9,2001,856.38
21,9,2001,1365.45
22,9,2001,1390.26
23,9,2001,660.27
24,9,2001,675.12
25,9,2001,630.60
26,9,2001,414.41
27,9,2001,271.96
28,9,2001,301.10
29,9,2001,629.69
30,9,2001,353.85
1,10,2001,321.21
2,10,2001,744.70
3,10,2001,252.80
4,10,2001,198.00
5,10,2001,409.57
6,10,2001,767.26
7,10,2001,572.97
8,10,2001,981.70
9,10,2001,185.55
10,10,2001,352.29
11,10,2001,9.45
12,10,2001,32.45
13,10,2001,358.39
14,10,2001,177.55
15,10,2001,148.73
16,10,2001,259.92
17,10,2001,424.47
18,10,2001,95.80
19,10,2001,96.82
20,10,2001,542.57
21,10,2001,175.33
22,10,2001,257.10
23,10,2001,372.40
24,10,2001,411.59
25,10,2001,104.01
26,10,2001,195.58
27,10,2001,400.54
28,10,2001,165.05
29,10,2001,707.23
30,10,2001,272.99
31,10,2001,185.83
1,11,2001,235.97
2,11,2001,74.51
3,11,2001,335.81
4,11,2001,87.34
5,11,2001,104.10
6,11,2001,297.35
7,11,2001,160.86
8,11,2001,154.18
9,11,2001,64.08
10,11,2001,323.72
11,11,2001,21.69
12,11,2001,153.65
13,11,2001,123.91
14,11,2001,72.74
15,11,2001,111.41
16,11,2001,63.40
17,11,2001,283.24
18,11,2001,68.52
19,11,2001,107.11
20,11,2001,126.84
21,11,2001,218.40
22,11,2001,150.95
23,11,2001,161.79
24,11,2001,460.88
25,11,2001,85.27
26,11,2001,81.34
27,11,2001,66.47
28,11,2001,156.37
29,11,2001,29.10
30,11,2001,21.86
1,12,2001,69.64
2,12,2001,46.43
3,12,2001,92.10
4,12,2001,37.49
5,12,2001,86.02
6,12,2001,27.40
7,12,2001,64.14
8,12,2001,157.68
9,12,2001,23.17
10,12,2001,31.11
11,12,2001,380.57
12,12,2001,75.58
13,12,2001,58.11
14,12,2001,66.14
15,12,2001,157.17
16,12,2001,71.14
17,12,2001,78.80
18,12,2001,51.00
19,12,2001,33.64
20,12,2001,50.37
21,12,2001,55.18
22,12,2001,177.30
23,12,2001,37.72
24,12,2001,17.69
25,12,2001,291.98
26,12,2001,79.81
27,12,2001,35.69
28,12,2001,189.74
29,12,2001,433.21
30,12,2001,93.89
31,12,2001,272.14
1,1,2002,139.94
2,1,2002,155.36
3,1,2002,53.94
4,1,2002,11.92
5,1,2002,294.15
6,1,2002,61.60
7,1,2002,16.26
8,1,2002,52.14
9,1,2002,130.18
10,1,2002,116.36
11,1,2002,112.33
12,1,2002,210.31
13,1,2002,143.54
14,1,2002,109.75
15,1,2002,78.63
16,1,2002,150.88
17,1,2002,75.22
18,1,2002,139.38
19,1,2002,226.15
20,1,2002,35.04
21,1,2002,47.91
22,1,2002,55.76
23,1,2002,71.23
24,1,2002,28.56
25,1,2002,65.60
26,1,2002,195.89
27,1,2002,57.15
28,1,2002,152.37
29,1,2002,207.28
30,1,2002,111.14
31,1,2002,19.09
1,2,2002,31.93
2,2,2002,176.74
3,2,2002,57.02
4,2,2002,59.75
5,2,2002,51.20
6,2,2002,63.19
7,2,2002,103.51
8,2,2002,21.56
9,2,2002,164.85
10,2,2002,11.01
11,2,2002,44.12
12,2,2002,404.27
13,2,2002,69.13
14,2,2002,55.19
15,2,2002,30.81
16,2,2002,213.57
17,2,2002,10.66
18,2,2002,60.19
19,2,2002,25.71
20,2,2002,187.76
21,2,2002,8.87
22,2,2002,10.16
23,2,2002,90.87
24,2,2002,82.24
25,2,2002,483.05
26,2,2002,244.39
27,2,2002,89.80
28,2,2002,26.86
1,3,2002,40.61
2,3,2002,40.12
3,3,2002,21.34
4,3,2002,29.43
5,3,2002,24.51
6,3,2002,19.94
7,3,2002,44.66
8,3,2002,10.31
9,3,2002,150.27
10,3,2002,32.90
11,3,2002,42.72
12,3,2002,62.44
13,3,2002,10.25
14,3,2002,18.09
15,3,2002,10.35
16,3,2002,108.41
17,3,2002,22.41
18,3,2002,31.11
19,3,2002,219.14
20,3,2002,169.80
21,3,2002,56.03
22,3,2002,10.50
23,3,2002,56.38
24,3,2002,11.06
25,3,2002,91.19
26,3,2002,164.60
27,3,2002,31.83
28,3,2002,57.38
29,3,2002,65.80
30,3,2002,238.96
31,3,2002,22.74
1,4,2002,62.14
2,4,2002,147.00
3,4,2002,52.41
4,4,2002,86.18
5,4,2002,21.70
6,4,2002,96.84
7,4,2002,45.29
8,4,2002,47.26
9,4,2002,12.60
10,4,2002,30.45
11,4,2002,27.02
12,4,2002,31.63
13,4,2002,83.07
14,4,2002,11.13
15,4,2002,15.74
16,4,2002,37.23
17,4,2002,19.39
18,4,2002,9.08
19,4,2002,20.28
20,4,2002,70.89
21,4,2002,22.86
22,4,2002,79.07
23,4,2002,50.36
24,4,2002,61.58
25,4,2002,28.00
26,4,2002,10.41
27,4,2002,42.34
28,4,2002,34.08
29,4,2002,30.39
30,4,2002,25.36
1,5,2002,20.74
2,5,2002,9.05
3,5,2002,53.72
4,5,2002,86.25
5,5,2002,45.04
6,5,2002,62.89
7,5,2002,113.59
8,5,2002,52.95
9,5,2002,36.70
10,5,2002,21.17
11,5,2002,43.14
12,5,2002,23.06
13,5,2002,63.96
14,5,2002,25.36
15,5,2002,30.68
16,5,2002,8.96
17,5,2002,10.60
18,5,2002,14.18
19,5,2002,22.15
20,5,2002,46.78
21,5,2002,12.80
22,5,2002,85.75
23,5,2002,18.24
24,5,2002,42.48
25,5,2002,70.99
26,5,2002,33.92
27,5,2002,58.18
28,5,2002,31.49
29,5,2002,76.57
30,5,2002,56.18
31,5,2002,122.16
1,6,2002,65.82
2,6,2002,68.01
3,6,2002,80.87
4,6,2002,78.77
5,6,2002,10.83
6,6,2002,27.57
7,6,2002,55.34
8,6,2002,194.90
9,6,2002,46.27
10,6,2002,79.22
11,6,2002,93.72
12,6,2002,22.14
13,6,2002,63.81
14,6,2002,32.96
15,6,2002,119.75
16,6,2002,35.60
17,6,2002,32.97
18,6,2002,53.99
19,6,2002,21.87
20,6,2002,153.97
21,6,2002,55.02
22,6,2002,228.80
23,6,2002,47.05
24,6,2002,65.49
25,6,2002,66.72
26,6,2002,409.57
27,6,2002,67.73
28,6,2002,69.81
29,6,2002,171.66
30,6,2002,158.20
1,7,2002,73.17
2,7,2002,80.82
3,7,2002,11.13
4,7,2002,89.63
5,7,2002,301.80
6,7,2002,185.46
7,7,2002,111.73
8,7,2002,65.37
9,7,2002,99.09
10,7,2002,70.20
11,7,2002,182.62
12,7,2002,81.92
13,7,2002,399.69
14,7,2002,190.68
15,7,2002,475.43
16,7,2002,817.59
17,7,2002,248.21
18,7,2002,132.78
19,7,2002,213.94
20,7,2002,432.31
21,7,2002,310.46
22,7,2002,542.58
23,7,2002,490.71
24,7,2002,216.34
25,7,2002,462.17
26,7,2002,181.96
27,7,2002,569.44
28,7,2002,106.50
29,7,2002,342.49
30,7,2002,122.16
31,7,2002,113.36
1,8,2002,346.40
2,8,2002,169.62
3,8,2002,419.55
4,8,2002,224.18
5,8,2002,353.49
6,8,2002,161.59
7,8,2002,141.24
8,8,2002,197.87
9,8,2002,245.60
10,8,2002,284.41
11,8,2002,142.23
12,8,2002,407.20
13,8,2002,947.12
14,8,2002,268.48
15,8,2002,189.64
16,8,2002,67.34
17,8,2002,303.61
18,8,2002,182.63
19,8,2002,383.93
20,8,2002,81.64
21,8,2002,176.63
22,8,2002,72.83
23,8,2002,140.72
24,8,2002,358.91
25,8,2002,110.41
26,8,2002,130.08
27,8,2002,293.22
28,8,2002,51.57
29,8,2002,124.32
30,8,2002,75.20
31,8,2002,295.66
1,9,2002,119.94
2,9,2002,686.48
3,9,2002,251.23
4,9,2002,159.06
5,9,2002,441.73
6,9,2002,60.78
7,9,2002,13.27
8,9,2002,134.25
9,9,2002,314.24
10,9,2002,356.26
11,9,2002,141.55
12,9,2002,199.78
13,9,2002,93.87
14,9,2002,381.90
15,9,2002,80.07
16,9,2002,161.14
17,9,2002,304.76
18,9,2002,132.81
19,9,2002,211.18
20,9,2002,51.21
21,9,2002,272.64
22,9,2002,169.57
23,9,2002,290.29
24,9,2002,612.93
25,9,2002,497.79
26,9,2002,133.93
27,9,2002,235.00
28,9,2002,266.31
29,9,2002,305.19
30,9,2002,490.30
1,10,2002,328.56
2,10,2002,80.92
3,10,2002,193.39
4,10,2002,211.50
5,10,2002,332.30
6,10,2002,94.67
7,10,2002,314.20
8,10,2002,338.53
9,10,2002,222.44
10,10,2002,367.20
11,10,2002,219.51
12,10,2002,348.86
13,10,2002,82.75
14,10,2002,177.34
15,10,2002,202.86
16,10,2002,112.99
17,10,2002,183.96
18,10,2002,132.51
19,10,2002,303.88
20,10,2002,109.31
21,10,2002,393.90
22,10,2002,208.69
23,10,2002,259.95
24,10,2002,215.96
25,10,2002,157.05
26,10,2002,332.71
27,10,2002,98.03
28,10,2002,97.79
29,10,2002,164.79
30,10,2002,87.79
31,10,2002,172.13
1,11,2002,188.85
2,11,2002,234.06
3,11,2002,134.53
4,11,2002,302.24
5,11,2002,223.25
6,11,2002,270.14
7,11,2002,164.59
8,11,2002,80.38
9,11,2002,216.44
10,11,2002,98.29
11,11,2002,260.47
12,11,2002,165.47
13,11,2002,287.70
14,11,2002,42.07
15,11,2002,19.62
16,11,2002,263.37
17,11,2002,50.48
18,11,2002,164.41
19,11,2002,166.45
20,11,2002,129.22
21,11,2002,159.74
22,11,2002,89.97
23,11,2002,191.49
24,11,2002,80.77
25,11,2002,274.19
26,11,2002,57.84
27,11,2002,57.29
28,11,2002,165.35
29,11,2002,287.83
30,11,2002,130.30
1,12,2002,107.91
2,12,2002,283.62
3,12,2002,411.01
4,12,2002,80.00
5,12,2002,156.15
6,12,2002,131.85
7,12,2002,326.26
8,12,2002,83.05
9,12,2002,341.89
10,12,2002,71.84
11,12,2002,28.79
12,12,2002,16.90
13,12,2002,60.41
14,12,2002,215.94
15,12,2002,20.92
16,12,2002,57.91
17,12,2002,105.38
18,12,2002,68.33
19,12,2002,422.74
20,12,2002,381.09
21,12,2002,271.97
22,12,2002,65.73
23,12,2002,250.12
24,12,2002,68.15
25,12,2002,167.29
26,12,2002,86.72
27,12,2002,422.07
28,12,2002,859.19
29,12,2002,80.89
30,12,2002,539.84
31,12,2002,786.40
1,1,2003,317.30
2,1,2003,188.18
3,1,2003,148.90
4,1,2003,635.94
5,1,2003,146.09
6,1,2003,295.76
7,1,2003,248.74
8,1,2003,81.20
9,1,2003,147.64
10,1,2003,140.03
11,1,2003,302.09
12,1,2003,106.27
13,1,2003,73.28
14,1,2003,135.56
15,1,2003,86.34
16,1,2003,74.28
17,1,2003,177.68
18,1,2003,219.64
19,1,2003,52.22
20,1,2003,29.33
21,1,2003,90.31
22,1,2003,146.18
23,1,2003,77.55
24,1,2003,243.72
25,1,2003,191.60
26,1,2003,175.06
27,1,2003,444.38
28,1,2003,300.13
29,1,2003,380.09
30,1,2003,103.18
31,1,2003,151.25
1,2,2003,473.52
2,2,2003,157.99
3,2,2003,252.85
4,2,2003,264.42
5,2,2003,379.71
6,2,2003,110.44
7,2,2003,231.32
8,2,2003,477.99
9,2,2003,139.64
10,2,2003,144.49
11,2,2003,298.49
12,2,2003,204.57
13,2,2003,118.41
14,2,2003,184.75
15,2,2003,387.97
16,2,2003,117.01
17,2,2003,146.98
18,2,2003,186.98
19,2,2003,143.60
20,2,2003,59.19
21,2,2003,84.59
22,2,2003,390.79
23,2,2003,87.16
24,2,2003,226.96
25,2,2003,233.70
26,2,2003,149.83
27,2,2003,132.58
28,2,2003,411.54
1,3,2003,349.71
2,3,2003,142.55
3,3,2003,609.93
4,3,2003,138.83
5,3,2003,158.12
6,3,2003,173.22
7,3,2003,319.87
8,3,2003,515.19
9,3,2003,150.61
10,3,2003,537.12
11,3,2003,141.12
12,3,2003,91.49
13,3,2003,117.57
14,3,2003,151.51
15,3,2003,411.24
16,3,2003,159.91
17,3,2003,617.76
18,3,2003,492.93
19,3,2003,252.44
20,3,2003,383.77
21,3,2003,231.78
22,3,2003,550.77
23,3,2003,234.81
24,3,2003,302.47
25,3,2003,142.79
26,3,2003,391.47
27,3,2003,411.03
28,3,2003,328.64
29,3,2003,309.32
30,3,2003,177.83
31,3,2003,345.88
1,4,2003,150.62
2,4,2003,247.80
3,4,2003,278.38
4,4,2003,87.03
5,4,2003,463.31
6,4,2003,165.37
7,4,2003,98.40
8,4,2003,168.08
9,4,2003,193.69
10,4,2003,94.42
11,4,2003,137.25
12,4,2003,271.21
13,4,2003,70.22
14,4,2003,130.23
15,4,2003,185.30
16,4,2003,111.28
17,4,2003,119.70
18,4,2003,19.48
19,4,2003,302.30
20,4,2003,103.85
21,4,2003,163.28
22,4,2003,71.62
23,4,2003,150.31
24,4,2003,50.69
25,4,2003,47.03
26,4,2003,142.39
27,4,2003,19.37
28,4,2003,128.67
29,4,2003,82.46
30,4,2003,418.76
1,5,2003,46.25
2,5,2003,75.07
3,5,2003,91.46
4,5,2003,62.68
5,5,2003,206.79
6,5,2003,414.55
7,5,2003,56.50
8,5,2003,107.32
9,5,2003,48.27
10,5,2003,179.49
11,5,2003,111.92
12,5,2003,72.57
13,5,2003,129.14
14,5,2003,83.51
15,5,2003,16.59
16,5,2003,104.47
17,5,2003,90.28
18,5,2003,40.02
19,5,2003,42.42
20,5,2003,82.54
21,5,2003,92.75
22,5,2003,25.06
23,5,2003,58.56
24,5,2003,247.36
25,5,2003,83.33
26,5,2003,144.99
27,5,2003,85.78
28,5,2003,48.93
29,5,2003,17.39
30,5,2003,49.40
31,5,2003,220.70
1,6,2003,19.57
2,6,2003,102.34
3,6,2003,24.27
4,6,2003,48.16
5,6,2003,34.31
6,6,2003,107.13
7,6,2003,147.25
8,6,2003,51.59
9,6,2003,128.59
10,6,2003,59.37
11,6,2003,57.41
12,6,2003,25.75
13,6,2003,118.55
14,6,2003,299.64
15,6,2003,31.40
16,6,2003,44.11
17,6,2003,49.20
18,6,2003,59.52
19,6,2003,8.70
20,6,2003,9.86
21,6,2003,125.77
22,6,2003,84.23
23,6,2003,103.13
24,6,2003,61.82
25,6,2003,139.99
26,6,2003,106.05
27,6,2003,30.54
28,6,2003,177.74
29,6,2003,65.02
30,6,2003,181.88
1,7,2003,104.62
2,7,2003,29.80
3,7,2003,63.20
4,7,2003,66.87
5,7,2003,206.38
6,7,2003,56.50
7,7,2003,44.93
8,7,2003,25.43
9,7,2003,40.44
10,7,2003,9.11
11,7,2003,20.73
12,7,2003,111.29
13,7,2003,10.97
14,7,2003,14.99
15,7,2003,74.90
16,7,2003,29.86
17,7,2003,70.62
18,7,2003,10.19
19,7,2003,82.28
20,7,2003,63.32
21,7,2003,45.27
22,7,2003,63.61
23,7,2003,49.72
24,7,2003,25.88
25,7,2003,30.22
26,7,2003,123.50
27,7,2003,21.02
28,7,2003,14.57
29,7,2003,37.25
30,7,2003,99.58
31,7,2003,44.00
1,8,2003,48.55
2,8,2003,137.77
3,8,2003,21.32
4,8,2003,58.97
5,8,2003,37.29
6,8,2003,20.44
7,8,2003,8.96
8,8,2003,134.87
9,8,2003,245.36
10,8,2003,53.05
11,8,2003,14.81
12,8,2003,25.38
13,8,2003,29.43
14,8,2003,35.18
15,8,2003,42.30
16,8,2003,68.79
17,8,2003,10.37
18,8,2003,29.92
19,8,2003,24.87
20,8,2003,9.60
21,8,2003,17.17
22,8,2003,29.80
23,8,2003,40.71
24,8,2003,29.60
25,8,2003,30.19
26,8,2003,201.08
27,8,2003,162.95
28,8,2003,8.13
29,8,2003,286.77
30,8,2003,65.06
31,8,2003,71.66
1,9,2003,52.61
2,9,2003,14.13
3,9,2003,48.42
4,9,2003,82.73
5,9,2003,18.52
6,9,2003,184.82
7,9,2003,19.49
8,9,2003,27.81
9,9,2003,22.76
10,9,2003,54.56
11,9,2003,24.18
12,9,2003,28.38
13,9,2003,71.16
14,9,2003,77.05
15,9,2003,158.58
16,9,2003,23.20
17,9,2003,18.28
18,9,2003,16.28
19,9,2003,18.89
20,9,2003,70.03
21,9,2003,38.63
22,9,2003,28.16
23,9,2003,57.44
24,9,2003,9.04
25,9,2003,32.88
26,9,2003,264.25
27,9,2003,86.55
28,9,2003,29.03
29,9,2003,83.67
30,9,2003,57.68
1,10,2003,17.77
2,10,2003,32.18
3,10,2003,73.99
4,10,2003,141.96
5,10,2003,19.45
6,10,2003,39.72
7,10,2003,23.81
8,10,2003,9.01
9,10,2003,55.28
10,10,2003,8.98
11,10,2003,59.57
12,10,2003,29.14
13,10,2003,40.89
14,10,2003,47.57
15,10,2003,9.35
16,10,2003,31.63
17,10,2003,27.63
18,10,2003,12.01
19,10,2003,48.93
20,10,2003,41.07
21,10,2003,33.93
22,10,2003,27.30
23,10,2003,15.69
24,10,2003,35.64
25,10,2003,70.42
26,10,2003,155.15
27,10,2003,229.30
28,10,2003,11.31
29,10,2003,81.83
30,10,2003,84.79
31,10,2003,27.47
1,11,2003,58.01
2,11,2003,74.05
3,11,2003,53.29
4,11,2003,23.04
5,11,2003,17.90
6,11,2003,8.07
7,11,2003,9.18
8,11,2003,35.88
9,11,2003,19.29
10,11,2003,26.26
11,11,2003,23.64
12,11,2003,19.43
13,11,2003,16.27
14,11,2003,27.51
15,11,2003,47.42
16,11,2003,9.48
17,11,2003,27.22
18,11,2003,11.73
19,11,2003,9.29
20,11,2003,47.84
21,11,2003,73.16
22,11,2003,288.61
23,11,2003,39.15
24,11,2003,13.94
25,11,2003,45.57
26,11,2003,18.89
27,11,2003,10.69
28,11,2003,23.12
29,11,2003,68.89
30,11,2003,20.74
1,12,2003,27.12
2,12,2003,46.62
3,12,2003,18.73
4,12,2003,16.76
5,12,2003,204.21
6,12,2003,51.24
7,12,2003,50.10
8,12,2003,27.59
9,12,2003,11.61
10,12,2003,9.26
11,12,2003,57.81
12,12,2003,66.27
13,12,2003,87.23
14,12,2003,101.64
15,12,2003,53.78
16,12,2003,22.82
17,12,2003,37.31
18,12,2003,16.41
19,12,2003,9.08
20,12,2003,52.67
21,12,2003,319.31
22,12,2003,55.72
23,12,2003,146.24
24,12,2003,53.43
25,12,2003,57.40
26,12,2003,26.06
27,12,2003,118.09
28,12,2003,294.62
29,12,2003,281.75
30,12,2003,95.71
31,12,2003,389.42
1,1,2004,113.96
2,1,2004,47.86
3,1,2004,141.57
4,1,2004,21.42
5,1,2004,14.66
6,1,2004,58.87
7,1,2004,46.27
8,1,2004,8.23
9,1,2004,56.38
10,1,2004,149.57
11,1,2004,9.83
12,1,2004,27.74
13,1,2004,10.89
14,1,2004,8.79
15,1,2004,44.69
16,1,2004,9.21
17,1,2004,37.01
18,1,2004,28.82
19,1,2004,13.62
20,1,2004,36.05
21,1,2004,8.83
22,1,2004,53.01
23,1,2004,9.09
24,1,2004,49.62
25,1,2004,38.18
26,1,2004,83.81
27,1,2004,22.56
28,1,2004,9.05
29,1,2004,15.28
30,1,2004,8.81
31,1,2004,47.65
1,2,2004,38.00
2,2,2004,82.61
3,2,2004,10.91
4,2,2004,104.58
5,2,2004,7.63
6,2,2004,9.13
7,2,2004,61.00
8,2,2004,28.35
9,2,2004,96.02
10,2,2004,55.10
11,2,2004,192.09
12,2,2004,175.80
13,2,2004,36.21
14,2,2004,59.95
15,2,2004,9.25
16,2,2004,40.78
17,2,2004,94.82
18,2,2004,62.27
19,2,2004,53.32
20,2,2004,62.54
21,2,2004,72.75
22,2,2004,55.07
23,2,2004,25.90
24,2,2004,64.69
25,2,2004,25.67
26,2,2004,7.54
27,2,2004,8.69
28,2,2004,35.32
29,2,2004,18.25
1,3,2004,12.61
2,3,2004,32.70
3,3,2004,8.66
4,3,2004,30.19
5,3,2004,35.17
6,3,2004,59.99
7,3,2004,17.72
8,3,2004,13.20
9,3,2004,43.87
10,3,2004,69.75
11,3,2004,59.72
12,3,2004,17.69
13,3,2004,122.45
14,3,2004,9.34
15,3,2004,77.43
16,3,2004,22.31
17,3,2004,8.72
18,3,2004,52.73
19,3,2004,34.97
20,3,2004,108.49
21,3,2004,18.47
22,3,2004,39.98
23,3,2004,45.69
24,3,2004,53.61
25,3,2004,15.40
26,3,2004,17.67
27,3,2004,73.86
28,3,2004,28.53
29,3,2004,39.96
30,3,2004,33.58
31,3,2004,45.29
1,4,2004,15.47
2,4,2004,34.90
3,4,2004,72.23
4,4,2004,46.32
5,4,2004,76.48
6,4,2004,66.11
7,4,2004,35.17
8,4,2004,38.14
9,4,2004,45.36
10,4,2004,64.20
11,4,2004,47.32
12,4,2004,27.87
13,4,2004,22.18
14,4,2004,8.65
15,4,2004,38.52
16,4,2004,26.40
17,4,2004,186.89
18,4,2004,140.49
19,4,2004,54.80
20,4,2004,22.18
21,4,2004,17.25
22,4,2004,60.29
23,4,2004,72.44
24,4,2004,35.52
25,4,2004,27.48
26,4,2004,39.86
27,4,2004,22.33
28,4,2004,17.41
29,4,2004,22.77
30,4,2004,26.62
1,5,2004,57.65
2,5,2004,47.13
3,5,2004,77.95
4,5,2004,43.68
5,5,2004,8.50
6,5,2004,14.93
7,5,2004,17.61
8,5,2004,24.47
9,5,2004,19.11
10,5,2004,142.31
11,5,2004,132.95
12,5,2004,43.70
13,5,2004,15.08
14,5,2004,70.51
15,5,2004,135.43
16,5,2004,47.43
17,5,2004,636.34
18,5,2004,121.45
19,5,2004,85.18
20,5,2004,14.87
21,5,2004,62.33
22,5,2004,159.09
23,5,2004,27.95
24,5,2004,26.89
25,5,2004,78.82
26,5,2004,61.32
27,5,2004,14.83
28,5,2004,18.05
29,5,2004,12.46
30,5,2004,29.29
31,5,2004,99.60
1,6,2004,26.71
2,6,2004,9.33
3,6,2004,47.17
4,6,2004,18.04
5,6,2004,85.13
6,6,2004,18.85
7,6,2004,53.92
8,6,2004,159.02
9,6,2004,124.37
10,6,2004,68.95
11,6,2004,27.97
12,6,2004,25.71
13,6,2004,29.15
14,6,2004,13.91
15,6,2004,58.50
16,6,2004,9.03
17,6,2004,31.00
18,6,2004,18.51
19,6,2004,78.09
20,6,2004,9.92
21,6,2004,55.94
22,6,2004,47.73
23,6,2004,56.11
24,6,2004,94.89
25,6,2004,37.65
26,6,2004,25.85
27,6,2004,10.09
28,6,2004,126.74
29,6,2004,73.63
30,6,2004,132.10
1,7,2004,16.33
2,7,2004,19.70
3,7,2004,95.63
4,7,2004,10.66
5,7,2004,51.74
6,7,2004,392.16
7,7,2004,29.09
8,7,2004,24.77
9,7,2004,58.89
10,7,2004,26.93
11,7,2004,10.38
12,7,2004,43.89
13,7,2004,36.21
14,7,2004,55.63
15,7,2004,41.34
16,7,2004,9.67
17,7,2004,131.82
18,7,2004,10.05
19,7,2004,43.32
20,7,2004,199.11
21,7,2004,37.24
22,7,2004,8.33
23,7,2004,37.72
24,7,2004,52.15
25,7,2004,50.09
26,7,2004,42.24
27,7,2004,35.91
28,7,2004,38.44
29,7,2004,25.21
30,7,2004,57.70
31,7,2004,92.68
1,8,2004,48.81
2,8,2004,83.53
3,8,2004,23.61
4,8,2004,37.18
5,8,2004,49.31
6,8,2004,260.75
7,8,2004,92.45
8,8,2004,19.72
9,8,2004,42.55
10,8,2004,95.18
11,8,2004,64.52
12,8,2004,39.60
13,8,2004,56.62
14,8,2004,75.91
15,8,2004,19.88
16,8,2004,27.42
17,8,2004,35.12
18,8,2004,18.41
19,8,2004,62.71
20,8,2004,9.31
21,8,2004,139.26
22,8,2004,194.62
23,8,2004,28.03
24,8,2004,22.99
25,8,2004,45.21
26,8,2004,38.06
27,8,2004,17.89
28,8,2004,85.74
29,8,2004,37.21
30,8,2004,14.10
31,8,2004,70.54
1,9,2004,69.65
2,9,2004,23.15
3,9,2004,54.54
4,9,2004,118.84
5,9,2004,19.37
6,9,2004,102.63
7,9,2004,265.49
8,9,2004,18.73
9,9,2004,22.69
10,9,2004,71.53
11,9,2004,56.58
12,9,2004,27.97
13,9,2004,54.19
14,9,2004,11.22
15,9,2004,8.94
16,9,2004,15.14
17,9,2004,18.14
18,9,2004,23.13
19,9,2004,27.73
20,9,2004,52.13
21,9,2004,34.30
22,9,2004,45.03
23,9,2004,124.52
24,9,2004,34.84
25,9,2004,45.21
26,9,2004,143.49
27,9,2004,64.78
28,9,2004,79.95
29,9,2004,8.89
30,9,2004,67.25
1,10,2004,51.24
2,10,2004,121.42
3,10,2004,9.66
4,10,2004,12.71
5,10,2004,166.93
6,10,2004,17.49
7,10,2004,44.28
8,10,2004,60.02
9,10,2004,88.04
10,10,2004,72.91
11,10,2004,25.98
12,10,2004,46.09
13,10,2004,60.81
14,10,2004,28.69
15,10,2004,292.88
16,10,2004,95.93
17,10,2004,53.42
18,10,2004,25.77
19,10,2004,32.80
20,10,2004,48.46
21,10,2004,72.31
22,10,2004,52.49
23,10,2004,118.32
24,10,2004,34.48
25,10,2004,76.70
26,10,2004,533.21
27,10,2004,15.56
28,10,2004,6.93
29,10,2004,16.70
30,10,2004,105.77
31,10,2004,85.72
1,11,2004,167.22
2,11,2004,66.80
3,11,2004,324.21
4,11,2004,36.04
5,11,2004,86.05
6,11,2004,112.15
7,11,2004,72.71
8,11,2004,25.97
9,11,2004,55.14
10,11,2004,15.91
11,11,2004,14.74
12,11,2004,17.87
13,11,2004,79.42
14,11,2004,63.71
15,11,2004,13.27
16,11,2004,11.38
17,11,2004,48.15
18,11,2004,184.10
19,11,2004,66.08
20,11,2004,44.78
21,11,2004,27.20
22,11,2004,13.25
23,11,2004,33.39
24,11,2004,7.50
25,11,2004,9.84
26,11,2004,10.79
27,11,2004,38.35
28,11,2004,29.45
29,11,2004,28.11
30,11,2004,11.51
1,12,2004,8.33
2,12,2004,7.43
3,12,2004,8.72
4,12,2004,23.63
5,12,2004,9.23
6,12,2004,39.58
7,12,2004,22.18
8,12,2004,8.06
9,12,2004,7.30
10,12,2004,54.10
11,12,2004,23.21
12,12,2004,18.63
13,12,2004,25.54
14,12,2004,22.65
15,12,2004,16.53
16,12,2004,15.34
17,12,2004,9.09
18,12,2004,36.40
19,12,2004,19.22
20,12,2004,167.56
21,12,2004,56.82
22,12,2004,26.79
23,12,2004,8.50
24,12,2004,10.95
25,12,2004,156.46
26,12,2004,11.50
27,12,2004,43.31
28,12,2004,24.41
29,12,2004,19.56
30,12,2004,8.67
31,12,2004,149.21
1,1,2005,262.79
2,1,2005,105.62
3,1,2005,28.30
4,1,2005,33.14
5,1,2005,24.48
6,1,2005,8.05
7,1,2005,54.69
8,1,2005,83.79
9,1,2005,27.88
10,1,2005,109.06
11,1,2005,33.90
12,1,2005,24.44
13,1,2005,7.34
14,1,2005,17.34
15,1,2005,92.55
16,1,2005,72.38
17,1,2005,40.65
18,1,2005,35.74
19,1,2005,39.29
20,1,2005,22.07
21,1,2005,8.97
22,1,2005,58.90
23,1,2005,37.07
24,1,2005,13.77
25,1,2005,10.79
26,1,2005,15.56
27,1,2005,14.52
28,1,2005,51.19
29,1,2005,56.87
30,1,2005,36.28
31,1,2005,25.82
1,2,2005,21.01
2,2,2005,14.89
3,2,2005,13.90
4,2,2005,16.91
5,2,2005,20.59
6,2,2005,17.28
7,2,2005,35.57
8,2,2005,10.44
9,2,2005,22.40
10,2,2005,13.73
11,2,2005,54.97
12,2,2005,85.44
13,2,2005,17.18
14,2,2005,12.11
15,2,2005,20.60
16,2,2005,37.28
17,2,2005,26.68
18,2,2005,71.11
19,2,2005,81.79
20,2,2005,25.49
21,2,2005,37.01
22,2,2005,33.12
23,2,2005,15.43
24,2,2005,20.18
25,2,2005,24.28
26,2,2005,21.07
27,2,2005,14.26
28,2,2005,9.54
1,3,2005,30.79
2,3,2005,37.58
3,3,2005,172.74
4,3,2005,88.42
5,3,2005,10.35
6,3,2005,8.25
7,3,2005,12.20
8,3,2005,20.40
9,3,2005,7.33
10,3,2005,6.83
11,3,2005,7.93
12,3,2005,96.54
13,3,2005,8.64
14,3,2005,12.02
15,3,2005,21.15
16,3,2005,15.15
17,3,2005,13.95
18,3,2005,8.31
19,3,2005,31.32
20,3,2005,8.62
21,3,2005,12.02
22,3,2005,10.46
23,3,2005,6.85
24,3,2005,5.67
25,3,2005,8.06
26,3,2005,22.64
27,3,2005,8.70
28,3,2005,13.02
29,3,2005,10.60
30,3,2005,22.11
31,3,2005,21.12
1,4,2005,33.05
2,4,2005,87.99
3,4,2005,65.93
4,4,2005,11.80
5,4,2005,81.51
6,4,2005,59.09
7,4,2005,13.67
8,4,2005,8.27
9,4,2005,32.91
10,4,2005,25.82
11,4,2005,36.44
12,4,2005,41.87
13,4,2005,7.39
14,4,2005,6.75
15,4,2005,63.76
16,4,2005,43.63
17,4,2005,34.79
18,4,2005,159.96
19,4,2005,164.11
20,4,2005,21.48
21,4,2005,40.17
22,4,2005,47.10
23,4,2005,41.96
24,4,2005,56.69
25,4,2005,47.35
26,4,2005,71.31
27,4,2005,36.26
28,4,2005,34.86
29,4,2005,65.50
30,4,2005,33.35
1,5,2005,8.66
2,5,2005,36.83
3,5,2005,82.47
4,5,2005,29.66
5,5,2005,27.87
6,5,2005,48.44
7,5,2005,34.73
8,5,2005,35.14
9,5,2005,12.65
10,5,2005,21.75
11,5,2005,83.53
12,5,2005,6.97
13,5,2005,32.87
14,5,2005,33.32
15,5,2005,42.94
16,5,2005,12.40
17,5,2005,10.51
18,5,2005,7.58
19,5,2005,6.82
20,5,2005,8.36
21,5,2005,365.16
22,5,2005,8.66
23,5,2005,12.72
24,5,2005,10.67
25,5,2005,15.27
26,5,2005,7.02
27,5,2005,8.46
28,5,2005,46.87
29,5,2005,36.16
30,5,2005,15.19
31,5,2005,39.19
1,6,2005,39.83
2,6,2005,14.61
3,6,2005,76.67
4,6,2005,34.18
5,6,2005,27.24
6,6,2005,38.64
7,6,2005,165.24
8,6,2005,7.77
9,6,2005,49.80
10,6,2005,16.59
11,6,2005,106.39
12,6,2005,9.10
13,6,2005,12.62
14,6,2005,11.11
15,6,2005,16.09
16,6,2005,21.79
17,6,2005,8.41
18,6,2005,35.71
19,6,2005,9.20
20,6,2005,13.34
21,6,2005,11.03
22,6,2005,7.72
23,6,2005,14.42
24,6,2005,136.81
25,6,2005,35.40
26,6,2005,27.87
27,6,2005,12.99
28,6,2005,86.85
29,6,2005,64.08
30,6,2005,66.10
1,7,2005,8.91
2,7,2005,24.78
3,7,2005,19.66
4,7,2005,16.57
5,7,2005,13.86
6,7,2005,16.41
7,7,2005,22.78
8,7,2005,8.97
9,7,2005,37.62
10,7,2005,28.96
11,7,2005,13.23
12,7,2005,11.12
13,7,2005,32.04
14,7,2005,7.24
15,7,2005,8.85
16,7,2005,48.45
17,7,2005,18.70
18,7,2005,26.59
19,7,2005,21.95
20,7,2005,24.19
21,7,2005,15.04
22,7,2005,8.95
23,7,2005,23.59
24,7,2005,18.70
25,7,2005,26.44
26,7,2005,21.69
27,7,2005,16.29
28,7,2005,14.94
29,7,2005,17.05
30,7,2005,24.35
31,7,2005,9.27
1,8,2005,251.87
2,8,2005,54.14
3,8,2005,32.06
4,8,2005,29.01
5,8,2005,8.28
6,8,2005,12.19
7,8,2005,9.23
8,8,2005,25.81
9,8,2005,22.21
10,8,2005,79.05
11,8,2005,69.85
12,8,2005,17.82
13,8,2005,72.30
14,8,2005,55.47
15,8,2005,80.23
16,8,2005,10.93
17,8,2005,7.76
18,8,2005,13.95
19,8,2005,50.74
20,8,2005,59.24
21,8,2005,17.97
22,8,2005,26.60
23,8,2005,22.21
24,8,2005,23.59
25,8,2005,26.90
26,8,2005,32.51
27,8,2005,33.49
28,8,2005,26.50
29,8,2005,26.03
30,8,2005,11.18
31,8,2005,22.96
1,9,2005,20.14
2,9,2005,23.89
3,9,2005,43.27
4,9,2005,17.91
5,9,2005,75.22
6,9,2005,135.23
7,9,2005,15.51
8,9,2005,52.34
9,9,2005,38.97
10,9,2005,20.45
11,9,2005,8.58
12,9,2005,25.33
13,9,2005,10.33
14,9,2005,111.77
15,9,2005,95.00
16,9,2005,15.81
17,9,2005,10.44
18,9,2005,51.15
19,9,2005,48.45
20,9,2005,200.47
21,9,2005,74.72
22,9,2005,31.93
23,9,2005,8.02
24,9,2005,21.61
25,9,2005,36.54
26,9,2005,24.67
27,9,2005,31.86
28,9,2005,22.66
29,9,2005,19.71
30,9,2005,46.67
1,10,2005,83.39
2,10,2005,26.05
3,10,2005,12.38
4,10,2005,9.59
5,10,2005,7.36
6,10,2005,25.48
7,10,2005,15.79
8,10,2005,42.37
9,10,2005,36.08
10,10,2005,84.53
11,10,2005,77.46
12,10,2005,15.19
13,10,2005,13.12
14,10,2005,15.98
15,10,2005,21.01
16,10,2005,8.62
17,10,2005,83.40
18,10,2005,10.39
19,10,2005,7.54
20,10,2005,12.57
21,10,2005,7.63
22,10,2005,42.12
23,10,2005,25.76
24,10,2005,167.79
25,10,2005,20.69
26,10,2005,136.17
27,10,2005,37.39
28,10,2005,15.08
29,10,2005,20.23
30,10,2005,23.95
31,10,2005,23.28
1,11,2005,20.15
2,11,2005,22.51
3,11,2005,23.56
4,11,2005,29.58
5,11,2005,19.76
6,11,2005,16.09
7,11,2005,11.63
8,11,2005,50.43
9,11,2005,47.96
10,11,2005,41.78
11,11,2005,14.70
12,11,2005,10.77
13,11,2005,8.39
14,11,2005,11.46
15,11,2005,10.12
16,11,2005,7.56
17,11,2005,30.91
18,11,2005,14.85
19,11,2005,20.33
20,11,2005,8.29
21,11,2005,23.37
22,11,2005,10.01
23,11,2005,14.11
24,11,2005,17.09
25,11,2005,9.33
26,11,2005,11.86
27,11,2005,8.67
28,11,2005,24.64
29,11,2005,31.81
30,11,2005,15.60
1,12,2005,6.42
2,12,2005,15.75
3,12,2005,53.19
4,12,2005,42.75
5,12,2005,59.40
6,12,2005,30.90
7,12,2005,7.32
8,12,2005,6.46
9,12,2005,8.05
10,12,2005,11.01
11,12,2005,8.88
12,12,2005,12.25
13,12,2005,10.28
14,12,2005,7.42
15,12,2005,6.32
16,12,2005,15.77
17,12,2005,75.62
18,12,2005,26.51
19,12,2005,11.92
20,12,2005,62.57
21,12,2005,48.28
22,12,2005,40.93
23,12,2005,27.80
24,12,2005,52.31
25,12,2005,10.83
26,12,2005,32.92
27,12,2005,13.05
28,12,2005,36.37
29,12,2005,29.86
30,12,2005,100.61
31,12,2005,160.59
1,1,2006,17.57
2,1,2006,108.05
3,1,2006,24.51
4,1,2006,53.66
5,1,2006,13.40
6,1,2006,40.42
7,1,2006,42.98
8,1,2006,34.76
9,1,2006,24.18
10,1,2006,10.03
11,1,2006,7.13
12,1,2006,62.03
13,1,2006,162.93
14,1,2006,85.85
15,1,2006,17.23
16,1,2006,24.71
17,1,2006,10.81
18,1,2006,14.88
19,1,2006,12.48
20,1,2006,15.90
21,1,2006,21.51
22,1,2006,17.30
23,1,2006,24.89
24,1,2006,10.02
25,1,2006,7.15
26,1,2006,6.23
27,1,2006,7.68
28,1,2006,10.71
29,1,2006,8.49
30,1,2006,24.11
31,1,2006,50.94
1,2,2006,34.72
2,2,2006,18.20
3,2,2006,68.19
4,2,2006,31.95
5,2,2006,67.48
6,2,2006,35.90
7,2,2006,9.70
8,2,2006,28.62
9,2,2006,12.40
10,2,2006,29.53
11,2,2006,10.70
12,2,2006,8.53
13,2,2006,11.71
14,2,2006,77.20
15,2,2006,6.89
16,2,2006,115.18
17,2,2006,14.24
18,2,2006,9.86
19,2,2006,8.00
20,2,2006,11.27
21,2,2006,30.74
22,2,2006,14.21
23,2,2006,18.34
24,2,2006,22.13
25,2,2006,10.45
26,2,2006,8.01
27,2,2006,11.55
28,2,2006,20.10
1,3,2006,7.05
2,3,2006,17.70
3,3,2006,14.32
4,3,2006,19.87
5,3,2006,39.02
6,3,2006,54.67
7,3,2006,47.81
8,3,2006,13.41
9,3,2006,47.14
10,3,2006,55.67
11,3,2006,10.03
12,3,2006,16.21
13,3,2006,9.88
14,3,2006,19.18
15,3,2006,14.01
16,3,2006,12.15
17,3,2006,15.24
18,3,2006,10.74
19,3,2006,8.36
20,3,2006,34.84
21,3,2006,10.08
22,3,2006,42.51
23,3,2006,12.26
24,3,2006,15.23
25,3,2006,42.08
26,3,2006,51.66
27,3,2006,23.91
28,3,2006,19.96
29,3,2006,35.45
30,3,2006,31.43
31,3,2006,38.09
1,4,2006,32.13
2,4,2006,24.94
3,4,2006,23.49
4,4,2006,19.73
5,4,2006,106.20
6,4,2006,18.96
7,4,2006,22.26
8,4,2006,31.56
9,4,2006,25.13
10,4,2006,34.46
11,4,2006,9.52
12,4,2006,6.91
13,4,2006,6.02
14,4,2006,7.08
15,4,2006,34.35
16,4,2006,25.77
17,4,2006,35.54
18,4,2006,28.44
19,4,2006,20.19
20,4,2006,17.13
21,4,2006,7.09
22,4,2006,20.73
23,4,2006,8.03
24,4,2006,23.73
25,4,2006,18.89
26,4,2006,13.58
27,4,2006,23.58
28,4,2006,7.22
29,4,2006,20.94
30,4,2006,8.12
1,5,2006,100.07
2,5,2006,6.32
3,5,2006,6.77
4,5,2006,5.65
5,5,2006,34.51
6,5,2006,33.35
7,5,2006,43.10
8,5,2006,58.12
9,5,2006,9.44
10,5,2006,74.95
11,5,2006,5.39
12,5,2006,6.52
13,5,2006,52.85
14,5,2006,49.08
15,5,2006,23.52
16,5,2006,19.34
17,5,2006,41.51
18,5,2006,88.75
19,5,2006,7.30
20,5,2006,52.20
21,5,2006,16.68
22,5,2006,11.72
23,5,2006,29.02
24,5,2006,20.82
25,5,2006,46.55
26,5,2006,39.14
27,5,2006,22.66
28,5,2006,8.25
29,5,2006,14.65
30,5,2006,46.70
31,5,2006,29.19
1,6,2006,17.72
2,6,2006,22.32
3,6,2006,32.15
4,6,2006,25.90
5,6,2006,106.64
6,6,2006,9.62
7,6,2006,70.28
8,6,2006,157.24
9,6,2006,7.49
10,6,2006,66.41
11,6,2006,25.60
12,6,2006,60.14
13,6,2006,70.11
14,6,2006,14.50
15,6,2006,17.89
16,6,2006,22.37
17,6,2006,22.32
18,6,2006,34.38
19,6,2006,36.38
20,6,2006,10.23
21,6,2006,7.29
22,6,2006,5.99
23,6,2006,7.70
24,6,2006,11.99
25,6,2006,9.43
26,6,2006,12.45
27,6,2006,10.31
28,6,2006,7.21
29,6,2006,6.22
30,6,2006,45.69
1,7,2006,33.33
2,7,2006,62.04
3,7,2006,24.80
4,7,2006,27.08
5,7,2006,88.34
6,7,2006,6.41
7,7,2006,7.83
8,7,2006,47.18
9,7,2006,9.29
10,7,2006,12.72
11,7,2006,41.31
12,7,2006,22.42
13,7,2006,55.57
14,7,2006,114.92
15,7,2006,71.20
16,7,2006,99.98
17,7,2006,121.79
18,7,2006,103.16
19,7,2006,51.33
20,7,2006,31.06
21,7,2006,76.20
22,7,2006,58.23
23,7,2006,17.86
24,7,2006,23.75
25,7,2006,10.05
26,7,2006,29.04
27,7,2006,17.87
28,7,2006,45.91
29,7,2006,67.86
30,7,2006,35.24
31,7,2006,94.51
1,8,2006,48.03
2,8,2006,35.91
3,8,2006,5.89
4,8,2006,14.78
5,8,2006,56.47
6,8,2006,17.18
7,8,2006,80.85
8,8,2006,187.84
9,8,2006,95.44
10,8,2006,42.39
11,8,2006,84.68
12,8,2006,22.59
13,8,2006,44.93
14,8,2006,181.17
15,8,2006,155.28
16,8,2006,7.21
17,8,2006,11.85
18,8,2006,7.34
19,8,2006,11.21
20,8,2006,34.22
21,8,2006,12.05
22,8,2006,9.88
23,8,2006,13.97
24,8,2006,59.85
25,8,2006,7.04
26,8,2006,21.77
27,8,2006,7.97
28,8,2006,23.84
29,8,2006,9.84
30,8,2006,20.94
31,8,2006,11.74
1,9,2006,14.10
2,9,2006,30.53
3,9,2006,25.76
4,9,2006,45.01
5,9,2006,22.73
6,9,2006,14.20
7,9,2006,39.06
8,9,2006,7.16
9,9,2006,51.07
10,9,2006,41.36
11,9,2006,11.37
12,9,2006,10.12
13,9,2006,20.67
14,9,2006,16.87
15,9,2006,28.48
16,9,2006,9.64
17,9,2006,16.07
18,9,2006,23.28
19,9,2006,18.69
20,9,2006,14.73
21,9,2006,5.34
22,9,2006,6.88
23,9,2006,9.86
24,9,2006,8.25
25,9,2006,11.59
26,9,2006,9.63
27,9,2006,7.34
28,9,2006,21.08
29,9,2006,28.53
30,9,2006,10.12
1,10,2006,8.07
2,10,2006,22.69
3,10,2006,68.11
4,10,2006,26.52
5,10,2006,5.50
6,10,2006,6.70
7,10,2006,29.57
8,10,2006,24.96
9,10,2006,34.24
10,10,2006,29.08
11,10,2006,6.64
12,10,2006,16.14
13,10,2006,6.89
14,10,2006,9.76
15,10,2006,8.12
16,10,2006,224.98
17,10,2006,9.39
18,10,2006,27.25
19,10,2006,87.01
20,10,2006,109.68
21,10,2006,156.40
22,10,2006,16.24
23,10,2006,10.75
24,10,2006,28.55
25,10,2006,26.36
26,10,2006,33.35
27,10,2006,40.84
28,10,2006,57.59
29,10,2006,47.85
30,10,2006,66.92
31,10,2006,27.48
1,11,2006,19.31
2,11,2006,10.73
3,11,2006,6.80
4,11,2006,27.57
5,11,2006,7.46
6,11,2006,22.06
7,11,2006,36.88
8,11,2006,55.90
9,11,2006,16.82
10,11,2006,49.64
11,11,2006,89.59
12,11,2006,24.78
13,11,2006,11.14
14,11,2006,9.39
15,11,2006,7.11
16,11,2006,33.83
17,11,2006,27.74
18,11,2006,10.04
19,11,2006,8.09
20,11,2006,10.90
21,11,2006,18.40
22,11,2006,13.96
23,11,2006,14.46
24,11,2006,17.27
25,11,2006,22.48
26,11,2006,8.57
27,11,2006,11.81
28,11,2006,86.36
29,11,2006,6.80
30,11,2006,17.76
1,12,2006,21.47
2,12,2006,20.54
3,12,2006,41.15
4,12,2006,11.03
5,12,2006,18.30
6,12,2006,13.56
7,12,2006,5.64
8,12,2006,14.47
9,12,2006,10.29
10,12,2006,25.39
11,12,2006,34.39
12,12,2006,27.44
13,12,2006,6.94
14,12,2006,5.67
15,12,2006,7.20
16,12,2006,41.76
17,12,2006,8.52
18,12,2006,11.45
19,12,2006,9.00
20,12,2006,7.24
21,12,2006,6.46
22,12,2006,7.76
23,12,2006,11.17
24,12,2006,9.32
25,12,2006,55.77
26,12,2006,12.23
27,12,2006,8.16
28,12,2006,6.45
29,12,2006,48.22
30,12,2006,70.45
31,12,2006,37.22
1,1,2007,47.71
2,1,2007,34.77
3,1,2007,7.53
4,1,2007,6.21
5,1,2007,7.38
6,1,2007,31.78
7,1,2007,17.57
8,1,2007,74.93
9,1,2007,61.18
10,1,2007,6.73
11,1,2007,5.65
12,1,2007,7.01
13,1,2007,10.15
14,1,2007,8.34
15,1,2007,11.04
16,1,2007,9.58
17,1,2007,6.54
18,1,2007,5.60
19,1,2007,6.81
20,1,2007,10.10
21,1,2007,8.07
22,1,2007,11.10
23,1,2007,9.08
24,1,2007,6.69
25,1,2007,5.62
26,1,2007,6.99
27,1,2007,10.22
28,1,2007,8.17
29,1,2007,11.21
30,1,2007,54.35
31,1,2007,6.58
1,2,2007,5.47
2,2,2007,13.71
3,2,2007,9.71
4,2,2007,23.76
5,2,2007,32.31
6,2,2007,17.63
7,2,2007,6.26
8,2,2007,5.24
9,2,2007,14.06
10,2,2007,30.19
11,2,2007,23.62
12,2,2007,32.30
13,2,2007,27.03
14,2,2007,13.21
15,2,2007,5.55
16,2,2007,6.84
17,2,2007,9.79
18,2,2007,7.95
19,2,2007,10.77
20,2,2007,9.14
21,2,2007,6.64
22,2,2007,10.99
23,2,2007,13.65
24,2,2007,29.35
25,2,2007,7.69
26,2,2007,21.14
27,2,2007,176.59
28,2,2007,56.97
1,3,2007,48.16
2,3,2007,13.51
3,3,2007,47.17
4,3,2007,38.37
5,3,2007,42.95
6,3,2007,85.67
7,3,2007,78.43
8,3,2007,32.63
9,3,2007,20.53
10,3,2007,39.53
11,3,2007,8.22
12,3,2007,21.35
13,3,2007,8.81
14,3,2007,19.07
15,3,2007,15.97
16,3,2007,13.79
17,3,2007,9.87
18,3,2007,8.05
19,3,2007,21.23
20,3,2007,35.38
21,3,2007,25.88
22,3,2007,27.06
23,3,2007,34.21
24,3,2007,10.07
25,3,2007,7.85
26,3,2007,77.61
27,3,2007,330.97
28,3,2007,76.02
29,3,2007,21.34
30,3,2007,20.46
31,3,2007,31.13
1,4,2007,23.08
2,4,2007,51.64
3,4,2007,16.45
4,4,2007,12.72
5,4,2007,5.19
6,4,2007,7.25
7,4,2007,55.92
8,4,2007,42.26
9,4,2007,11.35
10,4,2007,9.06
11,4,2007,6.45
12,4,2007,26.36
13,4,2007,13.91
14,4,2007,10.01
15,4,2007,7.92
16,4,2007,11.04
17,4,2007,17.82
18,4,2007,6.47
19,4,2007,10.26
20,4,2007,6.91
21,4,2007,20.25
22,4,2007,15.19
23,4,2007,10.67
24,4,2007,8.59
25,4,2007,121.95
26,4,2007,101.45
27,4,2007,26.79
28,4,2007,29.90
29,4,2007,8.10
30,4,2007,32.43
1,5,2007,33.52
2,5,2007,24.78
3,5,2007,15.45
4,5,2007,6.73
5,5,2007,19.48
6,5,2007,16.11
7,5,2007,11.18
8,5,2007,8.63
9,5,2007,6.25
10,5,2007,5.08
11,5,2007,13.74
12,5,2007,30.26
13,5,2007,15.94
14,5,2007,10.88
15,5,2007,98.82
16,5,2007,69.72
17,5,2007,112.82
18,5,2007,13.52
19,5,2007,18.85
20,5,2007,8.26
21,5,2007,11.25
22,5,2007,18.08
23,5,2007,13.32
24,5,2007,5.30
25,5,2007,97.10
26,5,2007,147.21
27,5,2007,118.98
28,5,2007,14.47
29,5,2007,10.31
30,5,2007,13.33
31,5,2007,5.52
1,6,2007,6.94
2,6,2007,10.33
3,6,2007,8.32
4,6,2007,22.95
5,6,2007,18.06
6,6,2007,13.43
7,6,2007,16.17
8,6,2007,21.48
9,6,2007,21.47
10,6,2007,17.23
11,6,2007,11.62
12,6,2007,18.94
13,6,2007,13.47
14,6,2007,10.87
15,6,2007,14.33
16,6,2007,53.86
17,6,2007,33.74
18,6,2007,23.47
19,6,2007,9.34
20,6,2007,19.95
21,6,2007,10.87
22,6,2007,7.31
23,6,2007,76.24
24,6,2007,8.60
25,6,2007,67.60
26,6,2007,46.85
27,6,2007,13.23
28,6,2007,10.93
29,6,2007,14.46
30,6,2007,44.56
1,7,2007,33.66
2,7,2007,45.58
3,7,2007,37.07
4,7,2007,35.52
5,7,2007,10.29
6,7,2007,45.58
7,7,2007,56.33
8,7,2007,17.63
9,7,2007,23.59
10,7,2007,9.30
11,7,2007,75.15
12,7,2007,62.29
13,7,2007,79.53
14,7,2007,32.38
15,7,2007,43.72
16,7,2007,104.48
17,7,2007,18.45
18,7,2007,26.26
19,7,2007,99.23
20,7,2007,7.20
21,7,2007,21.77
22,7,2007,17.09
23,7,2007,36.11
24,7,2007,18.68
25,7,2007,13.35
26,7,2007,49.01
27,7,2007,62.77
28,7,2007,21.09
29,7,2007,16.69
30,7,2007,11.28
31,7,2007,27.57
1,8,2007,25.86
2,8,2007,76.77
3,8,2007,235.15
4,8,2007,53.06
5,8,2007,80.65
6,8,2007,133.72
7,8,2007,54.91
8,8,2007,25.72
9,8,2007,33.84
10,8,2007,151.66
11,8,2007,43.18
12,8,2007,67.69
13,8,2007,123.08
14,8,2007,99.24
15,8,2007,77.81
16,8,2007,182.21
17,8,2007,43.19
18,8,2007,149.67
19,8,2007,209.44
20,8,2007,612.45
21,8,2007,47.02
22,8,2007,53.73
23,8,2007,49.89
24,8,2007,20.66
25,8,2007,60.05
26,8,2007,63.67
27,8,2007,34.20
28,8,2007,35.47
29,8,2007,25.88
30,8,2007,59.00
31,8,2007,109.63
1,9,2007,48.07
2,9,2007,8.07
3,9,2007,14.26
4,9,2007,10.19
5,9,2007,45.95
6,9,2007,21.39
7,9,2007,152.54
8,9,2007,79.36
9,9,2007,38.74
10,9,2007,55.25
11,9,2007,17.94
12,9,2007,6.36
13,9,2007,16.16
14,9,2007,7.03
15,9,2007,18.72
16,9,2007,40.23
17,9,2007,32.20
18,9,2007,36.17
19,9,2007,44.66
20,9,2007,64.41
21,9,2007,6.83
22,9,2007,28.20
23,9,2007,47.83
24,9,2007,404.91
25,9,2007,53.14
26,9,2007,38.44
27,9,2007,10.39
28,9,2007,74.41
29,9,2007,18.85
30,9,2007,80.32
1,10,2007,106.89
2,10,2007,8.92
3,10,2007,6.13
4,10,2007,21.52
5,10,2007,20.52
6,10,2007,28.02
7,10,2007,24.05
8,10,2007,10.97
9,10,2007,27.45
10,10,2007,6.45
11,10,2007,16.06
12,10,2007,20.65
13,10,2007,46.18
14,10,2007,15.79
15,10,2007,76.48
16,10,2007,115.24
17,10,2007,31.33
18,10,2007,30.75
19,10,2007,6.74
20,10,2007,27.96
21,10,2007,7.94
22,10,2007,42.69
23,10,2007,17.46
24,10,2007,25.92
25,10,2007,35.12
26,10,2007,85.56
27,10,2007,18.49
28,10,2007,38.46
29,10,2007,21.07
30,10,2007,17.13
31,10,2007,25.70
1,11,2007,19.92
2,11,2007,64.96
3,11,2007,17.86
4,11,2007,14.89
5,11,2007,101.56
6,11,2007,24.46
7,11,2007,42.57
8,11,2007,55.21
9,11,2007,59.89
10,11,2007,99.49
11,11,2007,15.14
12,11,2007,21.61
13,11,2007,64.07
14,11,2007,102.96
15,11,2007,10.43
16,11,2007,27.23
17,11,2007,46.76
18,11,2007,31.00
19,11,2007,40.20
20,11,2007,113.75
21,11,2007,96.29
22,11,2007,21.11
23,11,2007,25.47
24,11,2007,54.22
25,11,2007,17.30
26,11,2007,10.93
27,11,2007,8.73
28,11,2007,65.79
29,11,2007,21.25
30,11,2007,20.64
1,12,2007,37.70
2,12,2007,48.53
3,12,2007,176.88
4,12,2007,25.13
5,12,2007,43.14
6,12,2007,30.52
7,12,2007,40.82
8,12,2007,9.77
9,12,2007,8.19
10,12,2007,10.70
11,12,2007,71.03
12,12,2007,13.01
13,12,2007,37.10
14,12,2007,34.64
15,12,2007,59.65
16,12,2007,84.07
17,12,2007,151.85
18,12,2007,51.83
19,12,2007,32.80
20,12,2007,66.50
21,12,2007,35.66
22,12,2007,169.44
23,12,2007,17.57
24,12,2007,24.27
25,12,2007,96.05
26,12,2007,100.73
27,12,2007,113.73
28,12,2007,87.33
29,12,2007,213.94
30,12,2007,132.44
31,12,2007,253.49
1,1,2008,149.95
2,1,2008,97.01
3,1,2008,12.12
4,1,2008,45.17
5,1,2008,143.82
6,1,2008,68.94
7,1,2008,64.25
8,1,2008,17.00
9,1,2008,74.77
10,1,2008,77.44
11,1,2008,76.18
12,1,2008,97.00
13,1,2008,32.59
14,1,2008,51.75
15,1,2008,186.88
16,1,2008,6.32
17,1,2008,25.14
18,1,2008,186.46
19,1,2008,66.35
20,1,2008,64.88
21,1,2008,290.51
22,1,2008,442.72
23,1,2008,195.28
24,1,2008,70.15
25,1,2008,158.53
26,1,2008,210.43
27,1,2008,104.12
28,1,2008,345.99
29,1,2008,124.66
30,1,2008,159.58
31,1,2008,15.13
1,2,2008,92.13
2,2,2008,92.88
3,2,2008,53.70
4,2,2008,41.56
5,2,2008,81.46
6,2,2008,24.15
7,2,2008,37.07
8,2,2008,68.25
9,2,2008,185.64
10,2,2008,38.72
11,2,2008,72.35
12,2,2008,91.66
13,2,2008,189.85
14,2,2008,55.48
15,2,2008,31.89
16,2,2008,62.58
17,2,2008,122.28
18,2,2008,94.76
19,2,2008,24.64
20,2,2008,30.51
21,2,2008,60.66
22,2,2008,19.62
23,2,2008,63.61
24,2,2008,31.11
25,2,2008,10.06
26,2,2008,161.98
27,2,2008,18.03
28,2,2008,10.07
29,2,2008,50.86
1,3,2008,44.76
2,3,2008,15.52
3,3,2008,30.50
4,3,2008,92.27
5,3,2008,90.79
6,3,2008,75.68
7,3,2008,13.02
8,3,2008,101.16
9,3,2008,15.63
10,3,2008,20.78
11,3,2008,7.88
12,3,2008,12.76
13,3,2008,10.09
14,3,2008,12.99
15,3,2008,18.42
16,3,2008,40.02
17,3,2008,252.58
18,3,2008,149.64
19,3,2008,62.35
20,3,2008,63.05
21,3,2008,280.80
22,3,2008,60.57
23,3,2008,72.74
24,3,2008,15.76
25,3,2008,57.44
26,3,2008,25.24
27,3,2008,45.46
28,3,2008,27.63
29,3,2008,88.05
30,3,2008,60.62
31,3,2008,49.88
1,4,2008,57.48
2,4,2008,89.68
3,4,2008,9.79
4,4,2008,26.62
5,4,2008,28.97
6,4,2008,8.04
7,4,2008,30.51
8,4,2008,22.37
9,4,2008,24.25
10,4,2008,10.05
11,4,2008,6.53
12,4,2008,47.43
13,4,2008,39.66
14,4,2008,52.18
15,4,2008,46.94
16,4,2008,34.48
17,4,2008,19.05
18,4,2008,18.88
19,4,2008,66.08
20,4,2008,31.00
21,4,2008,113.89
22,4,2008,54.91
23,4,2008,17.65
24,4,2008,34.43
25,4,2008,19.10
26,4,2008,46.31
27,4,2008,7.94
28,4,2008,50.58
29,4,2008,8.09
30,4,2008,89.92
1,5,2008,14.48
2,5,2008,18.72
3,5,2008,27.93
4,5,2008,40.11
5,5,2008,19.40
6,5,2008,31.37
7,5,2008,6.22
8,5,2008,4.87
9,5,2008,19.43
10,5,2008,19.14
11,5,2008,15.93
12,5,2008,64.73
13,5,2008,113.88
14,5,2008,19.38
15,5,2008,4.92
16,5,2008,13.15
17,5,2008,76.66
18,5,2008,48.70
19,5,2008,52.54
20,5,2008,16.10
21,5,2008,31.97
22,5,2008,4.91
23,5,2008,6.61
24,5,2008,39.19
25,5,2008,8.32
26,5,2008,13.98
27,5,2008,28.62
28,5,2008,13.47
29,5,2008,5.20
30,5,2008,6.65
31,5,2008,19.50
1,6,2008,16.20
2,6,2008,10.46
3,6,2008,16.49
4,6,2008,13.54
5,6,2008,15.78
6,6,2008,40.57
7,6,2008,19.78
8,6,2008,16.60
9,6,2008,63.46
10,6,2008,49.07
11,6,2008,6.64
12,6,2008,15.28
13,6,2008,20.47
14,6,2008,19.97
15,6,2008,42.04
16,6,2008,64.77
17,6,2008,24.69
18,6,2008,6.44
19,6,2008,21.15
20,6,2008,162.06
21,6,2008,20.46
22,6,2008,8.69
23,6,2008,10.98
24,6,2008,40.47
25,6,2008,6.39
26,6,2008,10.53
27,6,2008,42.08
28,6,2008,115.47
29,6,2008,51.99
30,6,2008,55.14
1,7,2008,40.70
2,7,2008,13.59
3,7,2008,15.74
4,7,2008,27.55
5,7,2008,85.86
6,7,2008,8.82
7,7,2008,53.96
8,7,2008,34.52
9,7,2008,74.49
10,7,2008,47.15
11,7,2008,42.51
12,7,2008,93.16
13,7,2008,33.88
14,7,2008,236.35
15,7,2008,337.31
16,7,2008,107.94
17,7,2008,73.46
18,7,2008,49.06
19,7,2008,82.25
20,7,2008,33.97
21,7,2008,10.77
22,7,2008,33.92
23,7,2008,19.78
24,7,2008,26.83
25,7,2008,20.72
26,7,2008,60.40
27,7,2008,33.07
28,7,2008,20.55
29,7,2008,33.67
30,7,2008,12.97
31,7,2008,5.06
1,8,2008,6.70
2,8,2008,40.82
3,8,2008,16.81
4,8,2008,20.81
5,8,2008,33.38
6,8,2008,25.34
7,8,2008,72.57
8,8,2008,27.76
9,8,2008,30.64
10,8,2008,42.38
11,8,2008,20.64
12,8,2008,40.93
13,8,2008,18.86
14,8,2008,87.51
15,8,2008,87.13
16,8,2008,59.85
17,8,2008,93.76
18,8,2008,41.06
19,8,2008,32.96
20,8,2008,43.86
21,8,2008,41.68
22,8,2008,56.03
23,8,2008,39.72
24,8,2008,23.35
25,8,2008,20.79
26,8,2008,15.54
27,8,2008,5.81
28,8,2008,4.88
29,8,2008,6.52
30,8,2008,18.67
31,8,2008,32.85
1,9,2008,41.60
2,9,2008,89.39
3,9,2008,56.34
4,9,2008,20.35
5,9,2008,25.79
6,9,2008,54.55
7,9,2008,8.21
8,9,2008,60.82
9,9,2008,62.24
10,9,2008,47.94
11,9,2008,9.82
12,9,2008,38.74
13,9,2008,54.94
14,9,2008,30.73
15,9,2008,353.92
16,9,2008,176.60
17,9,2008,155.16
18,9,2008,224.64
19,9,2008,199.51
20,9,2008,395.62
21,9,2008,81.62
22,9,2008,228.69
23,9,2008,236.49
24,9,2008,115.97
25,9,2008,385.31
26,9,2008,154.32
27,9,2008,260.34
28,9,2008,215.74
29,9,2008,1117.23
30,9,2008,504.44
1,10,2008,272.19
2,10,2008,192.94
3,10,2008,111.06
4,10,2008,363.47
5,10,2008,353.38
6,10,2008,459.70
7,10,2008,274.72
8,10,2008,373.60
9,10,2008,245.39
10,10,2008,291.02
11,10,2008,413.58
12,10,2008,238.62
13,10,2008,313.62
14,10,2008,257.60
15,10,2008,271.99
16,10,2008,158.38
17,10,2008,236.39
18,10,2008,331.95
19,10,2008,139.06
20,10,2008,230.80
21,10,2008,197.40
22,10,2008,154.31
23,10,2008,125.66
24,10,2008,156.97
25,10,2008,491.11
26,10,2008,134.06
27,10,2008,275.38
28,10,2008,161.95
29,10,2008,93.15
30,10,2008,61.32
31,10,2008,132.24
1,11,2008,295.51
2,11,2008,189.68
3,11,2008,278.65
4,11,2008,328.58
5,11,2008,99.14
6,11,2008,109.53
7,11,2008,52.76
8,11,2008,117.26
9,11,2008,106.55
10,11,2008,136.60
11,11,2008,114.30
12,11,2008,130.98
13,11,2008,65.44
14,11,2008,56.71
15,11,2008,144.65
16,11,2008,126.51
17,11,2008,116.36
18,11,2008,255.60
19,11,2008,241.07
20,11,2008,130.31
21,11,2008,177.11
22,11,2008,335.72
23,11,2008,247.90
24,11,2008,429.15
25,11,2008,242.12
26,11,2008,243.60
27,11,2008,138.57
28,11,2008,119.51
29,11,2008,552.23
30,11,2008,257.20
1,12,2008,154.88
2,12,2008,269.96
3,12,2008,96.56
4,12,2008,78.93
5,12,2008,124.83
6,12,2008,206.12
7,12,2008,67.49
8,12,2008,83.65
9,12,2008,78.04
10,12,2008,132.04
11,12,2008,134.74
12,12,2008,19.87
13,12,2008,96.78
14,12,2008,66.11
15,12,2008,113.14
16,12,2008,152.21
17,12,2008,62.26
18,12,2008,30.51
19,12,2008,88.16
20,12,2008,123.29
21,12,2008,159.04
22,12,2008,132.32
23,12,2008,136.10
24,12,2008,113.50
25,12,2008,231.24
26,12,2008,187.92
27,12,2008,528.16
28,12,2008,55.44
29,12,2008,132.21
30,12,2008,237.74
31,12,2008,202.28
1,1,2009,199.53
2,1,2009,75.54
3,1,2009,324.25
4,1,2009,823.76
5,1,2009,52.52
6,1,2009,72.85
7,1,2009,74.41
8,1,2009,48.86
9,1,2009,6.93
10,1,2009,136.67
11,1,2009,103.99
12,1,2009,111.28
13,1,2009,77.77
14,1,2009,72.74
15,1,2009,70.13
16,1,2009,88.69
17,1,2009,144.63
18,1,2009,50.20
19,1,2009,42.70
20,1,2009,113.75
21,1,2009,146.20
22,1,2009,100.58
23,1,2009,67.76
24,1,2009,105.86
25,1,2009,59.52
26,1,2009,145.73
27,1,2009,22.64
28,1,2009,48.79
29,1,2009,33.51
30,1,2009,34.28
31,1,2009,86.09
1,2,2009,24.60
2,2,2009,93.42
3,2,2009,117.26
4,2,2009,60.43
5,2,2009,48.86
6,2,2009,72.59
7,2,2009,104.39
8,2,2009,33.71
9,2,2009,59.94
10,2,2009,141.03
11,2,2009,76.45
12,2,2009,85.95
13,2,2009,102.49
14,2,2009,246.43
15,2,2009,60.83
16,2,2009,52.52
17,2,2009,142.74
18,2,2009,36.43
19,2,2009,33.47
20,2,2009,102.00
21,2,2009,170.06
22,2,2009,56.27
23,2,2009,166.27
24,2,2009,281.65
25,2,2009,97.71
26,2,2009,107.51
27,2,2009,46.51
28,2,2009,169.84
1,3,2009,121.91
2,3,2009,108.53
3,3,2009,93.35
4,3,2009,30.54
5,3,2009,53.08
6,3,2009,121.15
7,3,2009,391.62
8,3,2009,219.76
9,3,2009,277.66
10,3,2009,53.12
11,3,2009,91.36
12,3,2009,190.90
13,3,2009,74.80
14,3,2009,205.12
15,3,2009,85.57
16,3,2009,58.83
17,3,2009,15.22
18,3,2009,61.40
19,3,2009,121.58
20,3,2009,56.69
21,3,2009,104.10
22,3,2009,61.86
23,3,2009,111.21
24,3,2009,68.51
25,3,2009,114.91
26,3,2009,130.42
27,3,2009,34.32
28,3,2009,166.63
29,3,2009,35.20
30,3,2009,147.02
31,3,2009,110.24
1,4,2009,104.91
2,4,2009,58.50
3,4,2009,30.45
4,4,2009,131.40
5,4,2009,26.17
6,4,2009,19.99
7,4,2009,46.79
8,4,2009,24.33
9,4,2009,16.10
10,4,2009,28.09
11,4,2009,74.98
12,4,2009,98.90
13,4,2009,170.87
14,4,2009,53.65
15,4,2009,89.90
16,4,2009,21.74
17,4,2009,40.60
18,4,2009,80.53
19,4,2009,26.07
20,4,2009,49.86
21,4,2009,45.36
22,4,2009,59.98
23,4,2009,109.96
24,4,2009,31.19
25,4,2009,48.66
26,4,2009,37.57
27,4,2009,77.25
28,4,2009,107.11
29,4,2009,89.91
30,4,2009,42.72
1,5,2009,45.43
2,5,2009,50.03
3,5,2009,44.44
4,5,2009,20.13
5,5,2009,52.24
6,5,2009,17.93
7,5,2009,26.69
8,5,2009,26.48
9,5,2009,30.32
10,5,2009,17.29
11,5,2009,30.82
12,5,2009,22.91
13,5,2009,29.91
14,5,2009,16.37
15,5,2009,13.61
16,5,2009,60.27
17,5,2009,8.85
18,5,2009,10.14
19,5,2009,7.62
20,5,2009,48.00
21,5,2009,21.91
22,5,2009,21.27
23,5,2009,115.88
24,5,2009,9.09
25,5,2009,132.22
26,5,2009,27.05
27,5,2009,20.94
28,5,2009,34.29
29,5,2009,7.01
30,5,2009,20.41
31,5,2009,26.48
1,6,2009,31.41
2,6,2009,23.78
3,6,2009,44.07
4,6,2009,17.06
5,6,2009,35.18
6,6,2009,74.35
7,6,2009,8.97
8,6,2009,10.54
9,6,2009,8.11
10,6,2009,21.51
11,6,2009,17.29
12,6,2009,14.12
13,6,2009,21.69
14,6,2009,36.23
15,6,2009,21.36
16,6,2009,17.02
17,6,2009,25.92
18,6,2009,39.51
19,6,2009,7.25
20,6,2009,90.49
21,6,2009,18.51
22,6,2009,122.02
23,6,2009,16.51
24,6,2009,13.21
25,6,2009,17.95
26,6,2009,131.86
27,6,2009,33.49
28,6,2009,18.70
29,6,2009,34.08
30,6,2009,66.72
1,7,2009,6.63
2,7,2009,6.05
3,7,2009,9.04
4,7,2009,166.13
5,7,2009,50.76
6,7,2009,11.38
7,7,2009,85.81
8,7,2009,27.83
9,7,2009,88.64
10,7,2009,14.95
11,7,2009,56.80
12,7,2009,39.23
13,7,2009,20.53
14,7,2009,16.71
15,7,2009,27.42
16,7,2009,12.08
17,7,2009,14.92
18,7,2009,33.75
19,7,2009,37.84
20,7,2009,32.25
21,7,2009,54.65
22,7,2009,6.65
23,7,2009,11.86
24,7,2009,7.41
25,7,2009,43.91
26,7,2009,9.13
27,7,2009,21.21
28,7,2009,71.05
29,7,2009,119.69
30,7,2009,29.21
31,7,2009,29.94
1,8,2009,89.11
2,8,2009,73.70
3,8,2009,10.59
4,8,2009,24.51
5,8,2009,6.46
6,8,2009,11.95
7,8,2009,14.87
8,8,2009,33.16
9,8,2009,27.74
10,8,2009,31.75
11,8,2009,33.43
12,8,2009,19.84
13,8,2009,5.98
14,8,2009,22.32
15,8,2009,124.62
16,8,2009,18.86
17,8,2009,10.90
18,8,2009,71.52
19,8,2009,20.36
20,8,2009,34.28
21,8,2009,14.52
22,8,2009,44.33
23,8,2009,36.51
24,8,2009,44.45
25,8,2009,42.39
26,8,2009,6.36
27,8,2009,5.81
28,8,2009,7.28
29,8,2009,104.54
30,8,2009,98.94
31,8,2009,117.95
1,9,2009,39.94
2,9,2009,38.69
3,9,2009,33.92
4,9,2009,48.02
5,9,2009,71.35
6,9,2009,79.37
7,9,2009,49.00
8,9,2009,37.66
9,9,2009,36.59
10,9,2009,10.98
11,9,2009,46.66
12,9,2009,97.60
13,9,2009,8.35
14,9,2009,30.66
15,9,2009,7.68
16,9,2009,6.12
17,9,2009,5.40
18,9,2009,20.14
19,9,2009,29.37
20,9,2009,33.80
21,9,2009,130.08
22,9,2009,24.55
23,9,2009,6.07
24,9,2009,10.77
25,9,2009,13.55
26,9,2009,58.97
27,9,2009,93.11
28,9,2009,41.08
29,9,2009,16.39
30,9,2009,24.19
1,10,2009,21.82
2,10,2009,87.07
3,10,2009,19.64
4,10,2009,17.00
5,10,2009,20.05
6,10,2009,22.99
7,10,2009,6.88
8,10,2009,21.33
9,10,2009,13.38
10,10,2009,19.27
11,10,2009,8.52
12,10,2009,30.57
13,10,2009,16.25
14,10,2009,36.94
15,10,2009,5.53
16,10,2009,6.53
17,10,2009,57.24
18,10,2009,16.92
19,10,2009,29.68
20,10,2009,62.40
21,10,2009,17.66
22,10,2009,16.02
23,10,2009,33.04
24,10,2009,88.91
25,10,2009,17.00
26,10,2009,9.85
27,10,2009,30.77
28,10,2009,23.77
29,10,2009,21.19
30,10,2009,12.96
31,10,2009,86.01
1,11,2009,32.39
2,11,2009,19.69
3,11,2009,865.31
4,11,2009,23.60
5,11,2009,32.89
6,11,2009,39.47
7,11,2009,57.94
8,11,2009,66.87
9,11,2009,19.39
10,11,2009,31.51
11,11,2009,24.65
12,11,2009,10.31
13,11,2009,12.68
14,11,2009,9.81
15,11,2009,8.50
16,11,2009,9.79
17,11,2009,7.99
18,11,2009,42.62
19,11,2009,19.94
20,11,2009,19.07
21,11,2009,30.25
22,11,2009,17.43
23,11,2009,37.85
24,11,2009,22.93
25,11,2009,40.93
26,11,2009,23.78
27,11,2009,24.75
28,11,2009,35.65
29,11,2009,45.49
30,11,2009,376.29
1,12,2009,306.01
2,12,2009,232.89
3,12,2009,5.40
4,12,2009,6.73
5,12,2009,52.67
6,12,2009,8.62
7,12,2009,31.43
8,12,2009,105.54
9,12,2009,62.30
10,12,2009,16.01
11,12,2009,6.66
12,12,2009,53.03
13,12,2009,25.96
14,12,2009,83.98
15,12,2009,16.46
16,12,2009,18.26
17,12,2009,15.83
18,12,2009,6.84
19,12,2009,43.41
20,12,2009,18.09
21,12,2009,10.86
22,12,2009,49.42
23,12,2009,90.91
24,12,2009,6.76
25,12,2009,142.13
26,12,2009,205.68
27,12,2009,110.33
28,12,2009,43.85
29,12,2009,34.24
30,12,2009,27.45
31,12,2009,53.59
1,1,2010,57.28
2,1,2010,122.78
3,1,2010,78.56
4,1,2010,114.26
5,1,2010,16.20
6,1,2010,6.00
7,1,2010,30.90
8,1,2010,19.61
9,1,2010,113.65
10,1,2010,51.36
11,1,2010,48.54
12,1,2010,15.31
13,1,2010,11.80
14,1,2010,46.95
15,1,2010,43.36
16,1,2010,59.51
17,1,2010,8.44
18,1,2010,10.05
19,1,2010,16.18
20,1,2010,119.63
21,1,2010,103.90
22,1,2010,87.24
23,1,2010,105.71
24,1,2010,64.91
25,1,2010,264.44
26,1,2010,39.15
27,1,2010,30.14
28,1,2010,71.38
29,1,2010,32.57
30,1,2010,62.16
31,1,2010,16.92
1,2,2010,29.04
2,2,2010,46.36
3,2,2010,68.29
4,2,2010,10.09
5,2,2010,37.80
6,2,2010,9.91
7,2,2010,8.31
8,2,2010,58.74
9,2,2010,45.14
10,2,2010,24.07
11,2,2010,41.87
12,2,2010,25.16
13,2,2010,19.85
14,2,2010,47.17
15,2,2010,60.68
16,2,2010,15.89
17,2,2010,11.96
18,2,2010,30.14
19,2,2010,31.42
20,2,2010,50.62
21,2,2010,8.06
22,2,2010,39.31
23,2,2010,37.07
24,2,2010,11.38
25,2,2010,10.36
26,2,2010,6.19
27,2,2010,37.60
28,2,2010,31.17
1,3,2010,28.76
2,3,2010,22.61
3,3,2010,11.59
4,3,2010,9.92
5,3,2010,6.11
6,3,2010,37.96
7,3,2010,7.96
8,3,2010,9.44
9,3,2010,37.88
10,3,2010,46.93
11,3,2010,39.30
12,3,2010,48.32
13,3,2010,38.90
14,3,2010,7.99
15,3,2010,9.77
16,3,2010,7.71
17,3,2010,5.98
18,3,2010,39.34
19,3,2010,37.12
20,3,2010,68.79
21,3,2010,32.78
22,3,2010,130.09
23,3,2010,39.02
24,3,2010,18.33
25,3,2010,24.86
26,3,2010,12.70
27,3,2010,79.77
28,3,2010,23.69
29,3,2010,29.96
30,3,2010,7.89
31,3,2010,62.10
1,4,2010,82.38
2,4,2010,12.85
3,4,2010,145.65
4,4,2010,16.86
5,4,2010,30.99
6,4,2010,15.23
7,4,2010,6.00
8,4,2010,4.99
9,4,2010,25.06
10,4,2010,29.70
11,4,2010,40.82
12,4,2010,29.99
13,4,2010,37.91
14,4,2010,18.18
15,4,2010,28.93
16,4,2010,74.00
17,4,2010,66.76
18,4,2010,33.04
19,4,2010,49.01
20,4,2010,57.51
21,4,2010,5.88
22,4,2010,4.90
23,4,2010,11.99
24,4,2010,48.26
25,4,2010,24.23
26,4,2010,28.02
27,4,2010,28.44
28,4,2010,11.15
29,4,2010,9.59
30,4,2010,11.98
1,5,2010,18.99
2,5,2010,16.07
3,5,2010,58.63
4,5,2010,52.35
5,5,2010,51.39
6,5,2010,101.92
7,5,2010,136.22
8,5,2010,147.09
9,5,2010,40.33
10,5,2010,29.37
11,5,2010,22.22
12,5,2010,45.45
13,5,2010,4.80
14,5,2010,5.98
15,5,2010,57.53
16,5,2010,55.04
17,5,2010,27.99
18,5,2010,20.93
19,5,2010,52.04
20,5,2010,81.54
21,5,2010,53.37
22,5,2010,28.95
23,5,2010,39.64
24,5,2010,115.98
25,5,2010,49.84
26,5,2010,69.26
27,5,2010,34.61
28,5,2010,67.13
29,5,2010,69.89
30,5,2010,25.56
31,5,2010,43.57
1,6,2010,25.67
2,6,2010,24.14
3,6,2010,37.23
4,6,2010,37.86
5,6,2010,20.54
6,6,2010,25.34
7,6,2010,39.61
8,6,2010,109.47
9,6,2010,73.80
10,6,2010,26.33
11,6,2010,25.83
12,6,2010,30.84
13,6,2010,50.75
14,6,2010,70.24
15,6,2010,156.14
16,6,2010,96.73
17,6,2010,54.38
18,6,2010,6.62
19,6,2010,10.41
20,6,2010,24.44
21,6,2010,30.41
22,6,2010,39.25
23,6,2010,43.84
24,6,2010,40.88
25,6,2010,25.58
26,6,2010,51.07
27,6,2010,42.53
28,6,2010,64.61
29,6,2010,58.34
30,6,2010,63.45
1,7,2010,75.32
2,7,2010,28.40
3,7,2010,122.31
4,7,2010,55.20
5,7,2010,28.59
6,7,2010,106.25
7,7,2010,20.94
8,7,2010,51.03
9,7,2010,7.40
10,7,2010,129.67
11,7,2010,63.90
12,7,2010,63.64
13,7,2010,25.31
14,7,2010,48.42
15,7,2010,44.23
16,7,2010,27.99
17,7,2010,33.70
18,7,2010,44.98
19,7,2010,63.31
20,7,2010,76.19
21,7,2010,99.69
22,7,2010,33.41
23,7,2010,14.39
24,7,2010,76.64
25,7,2010,77.28
26,7,2010,203.20
27,7,2010,117.63
28,7,2010,44.56
29,7,2010,11.02
30,7,2010,7.00
31,7,2010,97.47
1,8,2010,155.18
2,8,2010,86.54
3,8,2010,58.82
4,8,2010,67.03
5,8,2010,148.69
6,8,2010,27.36
7,8,2010,108.32
8,8,2010,26.11
9,8,2010,32.63
10,8,2010,40.07
11,8,2010,127.25
12,8,2010,73.29
13,8,2010,229.84
14,8,2010,100.68
15,8,2010,79.81
16,8,2010,105.11
17,8,2010,17.48
18,8,2010,13.99
19,8,2010,39.11
20,8,2010,14.44
21,8,2010,206.46
22,8,2010,58.87
23,8,2010,34.86
24,8,2010,35.88
25,8,2010,47.22
26,8,2010,126.97
27,8,2010,70.33
28,8,2010,91.36
29,8,2010,114.26
30,8,2010,34.95
31,8,2010,206.04
1,9,2010,155.84
2,9,2010,16.58
3,9,2010,13.51
4,9,2010,87.83
5,9,2010,43.11
6,9,2010,77.26
7,9,2010,98.53
8,9,2010,13.45
9,9,2010,16.06
10,9,2010,33.50
11,9,2010,65.74
12,9,2010,33.04
13,9,2010,86.84
14,9,2010,62.37
15,9,2010,31.25
16,9,2010,32.26
17,9,2010,20.10
18,9,2010,66.59
19,9,2010,67.27
20,9,2010,123.81
21,9,2010,89.56
22,9,2010,13.18
23,9,2010,5.33
24,9,2010,19.92
25,9,2010,94.74
26,9,2010,33.09
27,9,2010,10.96
28,9,2010,66.77
29,9,2010,37.85
30,9,2010,30.93
1,10,2010,13.50
2,10,2010,28.31
3,10,2010,16.26
4,10,2010,43.26
5,10,2010,50.67
6,10,2010,19.25
7,10,2010,59.59
8,10,2010,44.07
9,10,2010,18.08
10,10,2010,47.96
11,10,2010,41.88
12,10,2010,47.72
13,10,2010,274.39
14,10,2010,211.55
15,10,2010,18.73
16,10,2010,35.25
17,10,2010,62.99
18,10,2010,50.38
19,10,2010,7.73
20,10,2010,6.09
21,10,2010,9.66
22,10,2010,12.44
23,10,2010,89.90
24,10,2010,15.67
25,10,2010,50.03
26,10,2010,7.48
27,10,2010,24.18
28,10,2010,28.74
29,10,2010,185.41
30,10,2010,78.70
31,10,2010,46.53
1,11,2010,121.49
2,11,2010,37.91
3,11,2010,115.83
4,11,2010,30.33
5,11,2010,31.75
6,11,2010,80.40
7,11,2010,7.83
8,11,2010,50.36
9,11,2010,30.92
10,11,2010,17.66
11,11,2010,21.16
12,11,2010,19.63
13,11,2010,46.26
14,11,2010,111.42
15,11,2010,83.38
16,11,2010,39.47
17,11,2010,6.32
18,11,2010,15.62
19,11,2010,19.38
20,11,2010,57.59
21,11,2010,24.38
22,11,2010,20.33
23,11,2010,7.94
24,11,2010,17.87
25,11,2010,7.47
26,11,2010,40.38
27,11,2010,66.77
28,11,2010,53.05
29,11,2010,65.67
30,11,2010,16.52
1,12,2010,25.59
2,12,2010,10.90
3,12,2010,20.01
4,12,2010,29.25
5,12,2010,17.03
6,12,2010,31.67
7,12,2010,24.67
8,12,2010,31.26
9,12,2010,31.41
10,12,2010,13.56
11,12,2010,100.24
12,12,2010,51.24
13,12,2010,64.87
14,12,2010,8.08
15,12,2010,18.84
16,12,2010,10.59
17,12,2010,6.76
18,12,2010,30.47
19,12,2010,8.71
20,12,2010,21.51
21,12,2010,24.89
22,12,2010,12.82
23,12,2010,11.64
24,12,2010,35.57
25,12,2010,103.68
26,12,2010,20.17
27,12,2010,23.75
28,12,2010,46.34
29,12,2010,35.07
30,12,2010,82.76
31,12,2010,87.88
1,1,2011,296.77
2,1,2011,85.31
3,1,2011,21.97
4,1,2011,33.85
5,1,2011,6.18
6,1,2011,5.41
7,1,2011,6.64
8,1,2011,39.36
9,1,2011,42.02
10,1,2011,10.42
11,1,2011,7.89
12,1,2011,37.62
13,1,2011,10.80
14,1,2011,13.00
15,1,2011,9.79
16,1,2011,8.38
17,1,2011,21.68
18,1,2011,16.26
19,1,2011,30.14
20,1,2011,25.95
21,1,2011,32.62
22,1,2011,29.92
23,1,2011,8.31
24,1,2011,31.52
25,1,2011,7.95
26,1,2011,29.48
27,1,2011,5.14
28,1,2011,30.94
29,1,2011,39.06
30,1,2011,127.25
31,1,2011,29.94
1,2,2011,30.36
2,2,2011,35.66
3,2,2011,5.17
4,2,2011,6.38
5,2,2011,19.19
6,2,2011,56.19
7,2,2011,10.21
8,2,2011,22.99
9,2,2011,11.49
10,2,2011,40.19
11,2,2011,6.26
12,2,2011,38.94
13,2,2011,88.51
14,2,2011,30.44
15,2,2011,23.19
16,2,2011,45.74
17,2,2011,14.88
18,2,2011,12.48
19,2,2011,65.76
20,2,2011,56.51
21,2,2011,31.41
22,2,2011,40.86
23,2,2011,34.44
24,2,2011,20.21
25,2,2011,12.45
26,2,2011,247.01
27,2,2011,39.84
28,2,2011,50.61
1,3,2011,30.21
2,3,2011,11.30
3,3,2011,9.95
4,3,2011,18.25
5,3,2011,18.47
6,3,2011,15.63
7,3,2011,50.03
8,3,2011,69.06
9,3,2011,22.71
10,3,2011,24.73
11,3,2011,88.27
12,3,2011,38.98
13,3,2011,72.57
14,3,2011,311.62
15,3,2011,142.85
16,3,2011,52.44
17,3,2011,19.87
18,3,2011,12.72
19,3,2011,168.93
20,3,2011,137.09
21,3,2011,31.08
22,3,2011,55.85
23,3,2011,39.77
24,3,2011,14.91
25,3,2011,63.32
26,3,2011,59.15
27,3,2011,48.28
28,3,2011,10.40
29,3,2011,55.96
30,3,2011,17.38
31,3,2011,125.02
1,4,2011,12.36
2,4,2011,9.87
3,4,2011,8.10
4,4,2011,10.07
5,4,2011,15.49
6,4,2011,11.05
7,4,2011,9.74
8,4,2011,6.16
9,4,2011,67.26
10,4,2011,16.01
11,4,2011,10.11
12,4,2011,7.72
13,4,2011,34.24
14,4,2011,137.38
15,4,2011,18.42
16,4,2011,214.03
17,4,2011,41.28
18,4,2011,29.53
19,4,2011,23.18
20,4,2011,11.83
21,4,2011,129.68
22,4,2011,36.91
23,4,2011,60.51
24,4,2011,33.22
25,4,2011,10.36
26,4,2011,30.60
27,4,2011,17.79
28,4,2011,9.77
29,4,2011,12.17
30,4,2011,104.46
1,5,2011,87.81
2,5,2011,10.05
3,5,2011,7.54
4,5,2011,17.17
5,5,2011,120.83
6,5,2011,12.21
7,5,2011,106.73
8,5,2011,88.66
9,5,2011,10.14
10,5,2011,7.67
11,5,2011,46.94
12,5,2011,4.96
13,5,2011,24.29
14,5,2011,105.10
15,5,2011,8.08
16,5,2011,30.41
17,5,2011,45.98
18,5,2011,35.84
19,5,2011,30.12
20,5,2011,37.24
21,5,2011,57.48
22,5,2011,48.87
23,5,2011,29.91
24,5,2011,30.28
25,5,2011,24.22
26,5,2011,15.22
27,5,2011,6.36
28,5,2011,30.81
29,5,2011,8.52
30,5,2011,15.01
31,5,2011,18.75
1,6,2011,31.19
2,6,2011,52.63
3,6,2011,58.21
4,6,2011,61.66
5,6,2011,67.02
6,6,2011,10.41
7,6,2011,32.67
8,6,2011,12.32
9,6,2011,144.67
10,6,2011,26.23
11,6,2011,114.40
12,6,2011,42.59
13,6,2011,44.20
14,6,2011,73.63
15,6,2011,81.82
16,6,2011,48.04
17,6,2011,13.24
18,6,2011,31.78
19,6,2011,84.60
20,6,2011,43.21
21,6,2011,8.38
22,6,2011,51.70
23,6,2011,5.34
24,6,2011,6.56
25,6,2011,10.47
26,6,2011,34.66
27,6,2011,43.91
28,6,2011,34.54
29,6,2011,107.03
30,6,2011,5.63
1,7,2011,6.87
2,7,2011,11.28
3,7,2011,9.11
4,7,2011,49.33
5,7,2011,29.11
6,7,2011,34.03
7,7,2011,5.70
8,7,2011,7.08
9,7,2011,53.54
10,7,2011,44.48
11,7,2011,55.80
12,7,2011,8.64
13,7,2011,33.22
14,7,2011,28.01
15,7,2011,33.56
16,7,2011,129.97
17,7,2011,9.02
18,7,2011,101.86
19,7,2011,33.31
20,7,2011,19.60
21,7,2011,33.13
22,7,2011,20.39
23,7,2011,220.08
24,7,2011,63.14
25,7,2011,11.41
26,7,2011,153.30
27,7,2011,73.38
28,7,2011,71.29
29,7,2011,192.85
30,7,2011,200.23
31,7,2011,107.25
1,8,2011,136.94
2,8,2011,351.47
3,8,2011,64.49
4,8,2011,197.48
5,8,2011,259.61
6,8,2011,304.64
7,8,2011,419.02
8,8,2011,897.41
9,8,2011,620.37
10,8,2011,388.49
11,8,2011,659.05
12,8,2011,417.71
13,8,2011,605.33
14,8,2011,249.42
15,8,2011,268.71
16,8,2011,220.85
17,8,2011,130.06
18,8,2011,153.98
19,8,2011,136.54
20,8,2011,147.24
21,8,2011,84.66
22,8,2011,150.13
23,8,2011,137.23
24,8,2011,122.94
25,8,2011,273.94
26,8,2011,95.27
27,8,2011,118.45
28,8,2011,57.66
29,8,2011,74.69
30,8,2011,57.09
31,8,2011,105.00
1,9,2011,137.94
2,9,2011,53.06
3,9,2011,37.89
4,9,2011,43.31
5,9,2011,135.92
6,9,2011,179.89
7,9,2011,160.02
8,9,2011,15.21
9,9,2011,31.62
10,9,2011,79.86
11,9,2011,37.56
12,9,2011,154.81
13,9,2011,126.95
14,9,2011,87.64
15,9,2011,32.73
16,9,2011,19.30
17,9,2011,119.66
18,9,2011,24.84
19,9,2011,20.60
20,9,2011,40.63
21,9,2011,100.94
22,9,2011,71.19
23,9,2011,50.46
24,9,2011,64.46
25,9,2011,56.73
26,9,2011,63.45
27,9,2011,77.74
28,9,2011,138.42
29,9,2011,15.54
30,9,2011,38.93
1,10,2011,148.60
2,10,2011,134.02
3,10,2011,209.55
4,10,2011,55.27
5,10,2011,65.98
6,10,2011,31.28
7,10,2011,18.52
8,10,2011,84.70
9,10,2011,33.92
10,10,2011,64.96
11,10,2011,23.51
12,10,2011,83.39
13,10,2011,20.43
14,10,2011,30.73
15,10,2011,64.24
16,10,2011,33.37
17,10,2011,40.62
18,10,2011,44.56
19,10,2011,76.03
20,10,2011,34.81
21,10,2011,17.52
22,10,2011,117.30
23,10,2011,73.72
24,10,2011,55.87
25,10,2011,38.99
26,10,2011,84.14
27,10,2011,89.24
28,10,2011,18.36
29,10,2011,72.73
30,10,2011,31.93
31,10,2011,31.00
1,11,2011,104.84
2,11,2011,58.61
3,11,2011,57.15
4,11,2011,75.24
5,11,2011,8.75
6,11,2011,23.69
7,11,2011,28.80
8,11,2011,43.55
9,11,2011,54.97
10,11,2011,43.94
11,11,2011,67.35
12,11,2011,72.87
13,11,2011,137.64
14,11,2011,47.97
15,11,2011,44.84
16,11,2011,46.53
17,11,2011,32.00
18,11,2011,40.48
19,11,2011,61.34
20,11,2011,69.97
21,11,2011,404.40
22,11,2011,33.66
23,11,2011,44.39
24,11,2011,30.55
25,11,2011,59.52
26,11,2011,138.77
27,11,2011,37.84
28,11,2011,56.65
29,11,2011,70.60
30,11,2011,46.02
1,12,2011,37.27
2,12,2011,20.20
3,12,2011,93.15
4,12,2011,42.75
5,12,2011,21.56
6,12,2011,75.30
7,12,2011,71.66
8,12,2011,71.24
9,12,2011,27.22
10,12,2011,84.44
11,12,2011,53.26
12,12,2011,22.19
13,12,2011,25.62
14,12,2011,39.41
15,12,2011,32.21
16,12,2011,41.16
17,12,2011,42.87
18,12,2011,18.09
19,12,2011,57.21
20,12,2011,35.11
21,12,2011,13.56
22,12,2011,34.32
23,12,2011,38.93
24,12,2011,173.07
25,12,2011,67.91
26,12,2011,98.34
27,12,2011,21.37
28,12,2011,29.81
29,12,2011,51.12
30,12,2011,100.79
31,12,2011,223.59
1,1,2012,64.08
2,1,2012,107.92
3,1,2012,72.18
4,1,2012,13.75
5,1,2012,76.78
6,1,2012,27.62
7,1,2012,126.96
8,1,2012,27.81
9,1,2012,11.49
10,1,2012,59.61
11,1,2012,38.43
12,1,2012,15.71
13,1,2012,33.82
14,1,2012,31.02
15,1,2012,53.15
16,1,2012,34.87
17,1,2012,18.38
18,1,2012,13.20
19,1,2012,21.15
20,1,2012,26.56
21,1,2012,92.40
22,1,2012,36.00
23,1,2012,87.65
24,1,2012,109.30
25,1,2012,26.02
26,1,2012,15.86
27,1,2012,20.62
28,1,2012,72.97
29,1,2012,60.74
30,1,2012,11.74
31,1,2012,43.37
1,2,2012,12.93
2,2,2012,15.41
3,2,2012,20.48
4,2,2012,20.32
5,2,2012,26.51
6,2,2012,11.88
7,2,2012,85.07
8,2,2012,13.02
9,2,2012,20.12
10,2,2012,27.57
11,2,2012,42.04
12,2,2012,17.91
13,2,2012,22.98
14,2,2012,16.93
15,2,2012,6.66
16,2,2012,5.35
17,2,2012,13.71
18,2,2012,30.30
19,2,2012,42.56
20,2,2012,58.15
21,2,2012,34.94
22,2,2012,12.77
23,2,2012,10.54
24,2,2012,26.76
25,2,2012,61.72
26,2,2012,43.34
27,2,2012,45.99
28,2,2012,75.58
29,2,2012,84.35
1,3,2012,10.43
2,3,2012,6.69
3,3,2012,60.28
4,3,2012,8.78
5,3,2012,32.81
6,3,2012,33.54
7,3,2012,13.23
8,3,2012,81.81
9,3,2012,20.74
10,3,2012,42.57
11,3,2012,26.57
12,3,2012,22.80
13,3,2012,8.61
14,3,2012,6.66
15,3,2012,16.45
16,3,2012,49.00
17,3,2012,22.16
18,3,2012,17.95
19,3,2012,23.10
20,3,2012,16.67
21,3,2012,6.74
22,3,2012,10.76
23,3,2012,14.00
24,3,2012,21.63
25,3,2012,152.44
26,3,2012,11.52
27,3,2012,17.15
28,3,2012,6.63
29,3,2012,10.84
30,3,2012,20.68
31,3,2012,43.17
1,4,2012,9.02
2,4,2012,11.68
3,4,2012,76.99
4,4,2012,6.68
5,4,2012,5.44
6,4,2012,64.66
7,4,2012,35.08
8,4,2012,9.40
9,4,2012,24.05
10,4,2012,221.99
11,4,2012,19.66
12,4,2012,16.15
13,4,2012,6.97
14,4,2012,21.40
15,4,2012,17.68
16,4,2012,10.91
17,4,2012,23.95
18,4,2012,87.59
19,4,2012,71.88
20,4,2012,6.65
21,4,2012,73.91
22,4,2012,26.56
23,4,2012,289.11
24,4,2012,42.23
25,4,2012,6.38
26,4,2012,45.75
27,4,2012,27.06
28,4,2012,41.62
29,4,2012,8.86
30,4,2012,45.16
1,5,2012,49.79
2,5,2012,6.45
3,5,2012,21.89
4,5,2012,26.88
5,5,2012,31.20
6,5,2012,44.69
7,5,2012,22.19
8,5,2012,24.91
9,5,2012,32.12
10,5,2012,25.56
11,5,2012,13.78
12,5,2012,41.81
13,5,2012,44.47
14,5,2012,78.99
15,5,2012,98.34
16,5,2012,59.00
17,5,2012,40.89
18,5,2012,28.02
19,5,2012,93.83
20,5,2012,9.03
21,5,2012,11.51
22,5,2012,25.44
23,5,2012,33.30
24,5,2012,15.62
25,5,2012,13.99
26,5,2012,43.26
27,5,2012,9.24
28,5,2012,32.59
29,5,2012,40.36
30,5,2012,20.44
31,5,2012,128.82
1,6,2012,307.89
2,6,2012,260.76
3,6,2012,135.64
4,6,2012,81.54
5,6,2012,8.85
6,6,2012,20.47
7,6,2012,37.72
8,6,2012,7.14
9,6,2012,66.71
10,6,2012,54.37
11,6,2012,82.13
12,6,2012,80.54
13,6,2012,48.46
14,6,2012,39.08
15,6,2012,44.02
16,6,2012,191.15
17,6,2012,37.54
18,6,2012,95.97
19,6,2012,35.99
20,6,2012,40.64
21,6,2012,127.40
22,6,2012,179.60
23,6,2012,33.19
24,6,2012,55.46
25,6,2012,285.88
26,6,2012,116.00
27,6,2012,14.07
28,6,2012,100.03
29,6,2012,64.88
30,6,2012,44.88
1,7,2012,37.83
2,7,2012,22.78
3,7,2012,77.28
4,7,2012,10.49
5,7,2012,129.22
6,7,2012,38.87
7,7,2012,47.85
8,7,2012,29.77
9,7,2012,34.96
10,7,2012,71.32
11,7,2012,34.84
12,7,2012,239.72
13,7,2012,86.80
14,7,2012,34.23
15,7,2012,96.04
16,7,2012,34.85
17,7,2012,26.12
18,7,2012,35.09
19,7,2012,38.75
20,7,2012,14.87
21,7,2012,83.85
22,7,2012,114.89
23,7,2012,121.73
24,7,2012,25.52
25,7,2012,48.62
26,7,2012,76.14
27,7,2012,14.62
28,7,2012,78.80
29,7,2012,67.11
30,7,2012,23.69
31,7,2012,8.98
1,8,2012,34.37
2,8,2012,34.21
3,8,2012,14.71
4,8,2012,102.93
5,8,2012,19.03
6,8,2012,33.31
7,8,2012,36.13
8,8,2012,27.63
9,8,2012,62.20
10,8,2012,7.33
11,8,2012,80.32
12,8,2012,9.54
13,8,2012,61.29
14,8,2012,64.50
15,8,2012,248.44
16,8,2012,5.81
17,8,2012,7.33
18,8,2012,47.10
19,8,2012,18.92
20,8,2012,48.45
21,8,2012,26.33
22,8,2012,6.85
23,8,2012,157.09
24,8,2012,21.65
25,8,2012,33.63
26,8,2012,18.84
27,8,2012,47.92
28,8,2012,8.93
29,8,2012,110.03
30,8,2012,39.27
31,8,2012,36.30
1,9,2012,20.96
2,9,2012,28.57
3,9,2012,144.63
4,9,2012,61.48
5,9,2012,109.59
6,9,2012,16.70
7,9,2012,21.09
8,9,2012,72.59
9,9,2012,46.04
10,9,2012,82.28
11,9,2012,102.02
12,9,2012,176.89
13,9,2012,180.93
14,9,2012,21.20
15,9,2012,100.51
16,9,2012,54.97
17,9,2012,59.05
18,9,2012,80.43
19,9,2012,53.81
20,9,2012,10.94
21,9,2012,14.01
22,9,2012,51.57
23,9,2012,82.98
24,9,2012,23.72
25,9,2012,52.28
26,9,2012,20.78
27,9,2012,22.04
28,9,2012,28.41
29,9,2012,72.20
30,9,2012,18.38
1,10,2012,128.63
2,10,2012,284.15
3,10,2012,40.66
4,10,2012,113.73
5,10,2012,7.01
6,10,2012,90.06
7,10,2012,18.12
8,10,2012,24.54
9,10,2012,60.34
10,10,2012,13.56
11,10,2012,5.38
12,10,2012,6.83
13,10,2012,31.23
14,10,2012,8.93
15,10,2012,47.24
16,10,2012,61.20
17,10,2012,46.38
18,10,2012,37.41
19,10,2012,19.70
20,10,2012,50.96
21,10,2012,17.56
22,10,2012,70.02
23,10,2012,43.85
24,10,2012,13.54
25,10,2012,21.83
26,10,2012,7.00
27,10,2012,51.94
28,10,2012,60.07
29,10,2012,178.68
30,10,2012,45.95
31,10,2012,21.05
1,11,2012,10.88
2,11,2012,34.91
3,11,2012,89.75
4,11,2012,81.16
5,11,2012,307.30
6,11,2012,295.77
7,11,2012,139.71
8,11,2012,22.21
9,11,2012,21.26
10,11,2012,62.21
11,11,2012,36.64
12,11,2012,48.27
13,11,2012,98.17
14,11,2012,81.04
15,11,2012,74.05
16,11,2012,6.91
17,11,2012,86.47
18,11,2012,34.71
19,11,2012,59.38
20,11,2012,8.87
21,11,2012,6.77
22,11,2012,15.96
23,11,2012,35.82
24,11,2012,122.21
25,11,2012,401.59
26,11,2012,153.98
27,11,2012,36.58
28,11,2012,77.08
29,11,2012,158.30
30,11,2012,22.01
1,12,2012,43.93
2,12,2012,28.02
3,12,2012,60.22
4,12,2012,9.13
5,12,2012,20.52
6,12,2012,11.34
7,12,2012,7.17
8,12,2012,56.70
9,12,2012,65.76
10,12,2012,12.12
11,12,2012,55.35
12,12,2012,34.73
13,12,2012,5.85
14,12,2012,22.47
15,12,2012,151.65
16,12,2012,28.58
17,12,2012,11.88
18,12,2012,9.44
19,12,2012,27.90
20,12,2012,73.43
21,12,2012,15.48
22,12,2012,86.75
23,12,2012,63.64
24,12,2012,72.18
25,12,2012,226.67
26,12,2012,46.81
27,12,2012,71.81
28,12,2012,68.49
29,12,2012,323.98
30,12,2012,160.42
31,12,2012,205.10
1,1,2013,191.99
2,1,2013,151.38
3,1,2013,78.61
4,1,2013,15.12
5,1,2013,117.13
6,1,2013,108.72
7,1,2013,49.07
8,1,2013,63.43
9,1,2013,35.12
10,1,2013,11.55
11,1,2013,7.46
12,1,2013,78.30
13,1,2013,19.00
14,1,2013,24.14
15,1,2013,44.85
16,1,2013,55.68
17,1,2013,5.68
18,1,2013,14.79
19,1,2013,32.92
20,1,2013,28.58
21,1,2013,50.56
22,1,2013,47.11
23,1,2013,20.77
24,1,2013,22.73
25,1,2013,14.13
26,1,2013,44.47
27,1,2013,56.31
28,1,2013,49.26
29,1,2013,61.48
30,1,2013,206.48
31,1,2013,50.56
1,2,2013,42.60
2,2,2013,65.16
3,2,2013,94.03
4,2,2013,36.76
5,2,2013,35.49
6,2,2013,33.71
7,2,2013,44.75
8,2,2013,14.04
9,2,2013,10.93
10,2,2013,46.02
11,2,2013,58.62
12,2,2013,8.72
13,2,2013,54.78
14,2,2013,34.50
15,2,2013,14.68
16,2,2013,11.11
17,2,2013,36.65
18,2,2013,111.43
19,2,2013,27.24
20,2,2013,13.58
21,2,2013,38.23
22,2,2013,7.20
23,2,2013,10.76
24,2,2013,18.07
25,2,2013,35.08
26,2,2013,43.21
27,2,2013,33.48
28,2,2013,39.44
1,3,2013,14.06
2,3,2013,90.46
3,3,2013,38.07
4,3,2013,45.62
5,3,2013,59.15
6,3,2013,123.54
7,3,2013,60.40
8,3,2013,64.71
9,3,2013,274.11
10,3,2013,65.84
11,3,2013,71.17
12,3,2013,60.33
13,3,2013,95.48
14,3,2013,133.07
15,3,2013,65.61
16,3,2013,33.70
17,3,2013,47.56
18,3,2013,81.84
19,3,2013,52.74
20,3,2013,62.21
21,3,2013,196.60
22,3,2013,36.54
23,3,2013,11.50
24,3,2013,29.20
25,3,2013,108.19
26,3,2013,45.61
27,3,2013,56.34
28,3,2013,34.81
29,3,2013,30.73
30,3,2013,24.16
31,3,2013,29.59
1,4,2013,74.55
2,4,2013,36.17
3,4,2013,7.03
4,4,2013,34.69
5,4,2013,37.13
6,4,2013,22.74
7,4,2013,19.08
8,4,2013,60.05
9,4,2013,45.24
10,4,2013,48.74
11,4,2013,11.16
12,4,2013,14.96
13,4,2013,11.66
14,4,2013,19.41
15,4,2013,36.49
16,4,2013,8.93
17,4,2013,28.44
18,4,2013,22.41
19,4,2013,7.55
20,4,2013,11.56
21,4,2013,48.06
22,4,2013,12.13
23,4,2013,8.89
24,4,2013,6.91
25,4,2013,5.57
26,4,2013,7.33
27,4,2013,11.22
28,4,2013,48.96
29,4,2013,12.24
30,4,2013,8.92
1,5,2013,6.95
2,5,2013,11.39
3,5,2013,29.62
4,5,2013,34.13
5,5,2013,19.36
6,5,2013,24.11
7,5,2013,8.77
8,5,2013,6.88
9,5,2013,6.08
10,5,2013,7.42
11,5,2013,91.47
12,5,2013,48.87
13,5,2013,49.45
14,5,2013,17.89
15,5,2013,13.85
16,5,2013,6.17
17,5,2013,7.29
18,5,2013,122.95
19,5,2013,48.60
20,5,2013,12.51
21,5,2013,17.85
22,5,2013,77.74
23,5,2013,99.59
24,5,2013,15.34
25,5,2013,11.97
26,5,2013,9.90
27,5,2013,17.61
28,5,2013,10.62
29,5,2013,7.34
30,5,2013,12.73
31,5,2013,15.26
1,6,2013,11.95
2,6,2013,30.35
3,6,2013,37.56
4,6,2013,18.69
5,6,2013,28.80
6,6,2013,12.73
7,6,2013,22.71
8,6,2013,36.35
9,6,2013,29.99
10,6,2013,12.58
11,6,2013,28.73
12,6,2013,58.80
13,6,2013,24.17
14,6,2013,24.42
15,6,2013,37.25
16,6,2013,62.32
17,6,2013,77.72
18,6,2013,56.49
19,6,2013,15.05
20,6,2013,18.46
21,6,2013,62.95
22,6,2013,12.56
23,6,2013,41.33
24,6,2013,12.99
25,6,2013,28.66
26,6,2013,7.56
27,6,2013,12.71
28,6,2013,49.53
29,6,2013,165.79
30,6,2013,53.44
1,7,2013,25.74
2,7,2013,19.67
3,7,2013,7.56
4,7,2013,37.14
5,7,2013,19.00
6,7,2013,40.73
7,7,2013,86.88
8,7,2013,26.84
9,7,2013,9.84
10,7,2013,7.75
11,7,2013,6.39
12,7,2013,8.21
13,7,2013,13.00
14,7,2013,21.25
15,7,2013,13.22
16,7,2013,49.54
17,7,2013,38.53
18,7,2013,6.47
19,7,2013,24.68
20,7,2013,12.89
21,7,2013,21.35
22,7,2013,53.38
23,7,2013,29.64
24,7,2013,15.70
25,7,2013,6.54
26,7,2013,8.39
27,7,2013,12.83
28,7,2013,31.64
29,7,2013,13.43
30,7,2013,50.02
31,7,2013,47.02
1,8,2013,25.69
2,8,2013,16.72
3,8,2013,12.86
4,8,2013,21.10
5,8,2013,26.30
6,8,2013,9.95
7,8,2013,7.76
8,8,2013,6.43
9,8,2013,75.47
10,8,2013,193.22
11,8,2013,63.76
12,8,2013,66.20
13,8,2013,49.39
14,8,2013,46.74
15,8,2013,25.64
16,8,2013,8.37
17,8,2013,12.71
18,8,2013,63.61
19,8,2013,13.28
20,8,2013,29.29
21,8,2013,84.15
22,8,2013,12.67
23,8,2013,8.05
24,8,2013,24.27
25,8,2013,59.29
26,8,2013,112.71
27,8,2013,47.12
28,8,2013,51.17
29,8,2013,49.74
30,8,2013,46.32
31,8,2013,122.62
1,9,2013,40.69
2,9,2013,54.19
3,9,2013,10.50
4,9,2013,21.92
5,9,2013,6.14
6,9,2013,7.63
7,9,2013,64.34
8,9,2013,9.64
9,9,2013,12.11
10,9,2013,92.75
11,9,2013,7.41
12,9,2013,6.04
13,9,2013,7.49
14,9,2013,21.79
15,9,2013,19.91
16,9,2013,98.41
17,9,2013,83.87
18,9,2013,29.54
19,9,2013,42.25
20,9,2013,53.63
21,9,2013,108.15
22,9,2013,78.14
23,9,2013,37.77
24,9,2013,9.31
25,9,2013,86.28
26,9,2013,24.39
27,9,2013,45.20
28,9,2013,10.85
29,9,2013,9.81
30,9,2013,72.64
1,10,2013,36.59
2,10,2013,43.64
3,10,2013,49.10
4,10,2013,95.40
5,10,2013,117.46
6,10,2013,88.94
7,10,2013,24.61
8,10,2013,120.96
9,10,2013,85.06
10,10,2013,112.86
11,10,2013,66.66
12,10,2013,54.32
13,10,2013,128.05
14,10,2013,63.16
15,10,2013,471.18
16,10,2013,307.52
17,10,2013,379.64
18,10,2013,68.22
19,10,2013,44.33
20,10,2013,105.17
21,10,2013,28.66
22,10,2013,55.30
23,10,2013,93.58
24,10,2013,41.55
25,10,2013,45.09
26,10,2013,33.06
27,10,2013,38.21
28,10,2013,48.46
29,10,2013,84.81
30,10,2013,7.11
31,10,2013,29.64
1,11,2013,7.45
2,11,2013,21.41
3,11,2013,28.91
4,11,2013,11.99
5,11,2013,27.73
6,11,2013,71.53
7,11,2013,6.16
8,11,2013,7.43
9,11,2013,43.85
10,11,2013,38.98
11,11,2013,38.24
12,11,2013,10.12
13,11,2013,14.67
14,11,2013,18.36
15,11,2013,62.31
16,11,2013,33.63
17,11,2013,29.51
18,11,2013,24.53
19,11,2013,9.48
20,11,2013,51.34
21,11,2013,31.21
22,11,2013,15.33
23,11,2013,11.72
24,11,2013,128.71
25,11,2013,137.88
26,11,2013,57.52
27,11,2013,43.55
28,11,2013,16.94
29,11,2013,38.45
30,11,2013,12.93
1,12,2013,31.30
2,12,2013,50.46
3,12,2013,9.68
4,12,2013,14.75
5,12,2013,19.39
6,12,2013,7.83
7,12,2013,12.04
8,12,2013,30.24
9,12,2013,25.40
10,12,2013,38.30
11,12,2013,22.25
12,12,2013,18.98
13,12,2013,132.81
14,12,2013,36.13
15,12,2013,20.31
16,12,2013,66.20
17,12,2013,38.51
18,12,2013,60.36
19,12,2013,199.77
20,12,2013,40.21
21,12,2013,24.17
22,12,2013,41.62
23,12,2013,13.16
24,12,2013,11.12
25,12,2013,29.18
26,12,2013,17.41
27,12,2013,37.37
28,12,2013,13.20
29,12,2013,43.95
30,12,2013,53.27
31,12,2013,85.34
1,1,2014,164.06
2,1,2014,32.80
3,1,2014,52.40
4,1,2014,12.78
5,1,2014,137.37
6,1,2014,66.26
7,1,2014,19.72
8,1,2014,83.06
9,1,2014,6.33
10,1,2014,7.76
11,1,2014,11.08
12,1,2014,60.27
13,1,2014,23.87
14,1,2014,8.81
15,1,2014,7.11
16,1,2014,12.50
17,1,2014,15.19
18,1,2014,21.44
19,1,2014,19.12
20,1,2014,12.41
21,1,2014,9.44
22,1,2014,167.60
23,1,2014,85.32
24,1,2014,7.61
25,1,2014,43.54
26,1,2014,28.66
27,1,2014,34.90
28,1,2014,87.24
29,1,2014,43.25
30,1,2014,11.91
31,1,2014,28.96
1,2,2014,10.62
2,2,2014,46.39
3,2,2014,101.47
4,2,2014,17.13
5,2,2014,67.52
6,2,2014,57.62
7,2,2014,7.22
8,2,2014,10.71
9,2,2014,28.93
10,2,2014,23.15
11,2,2014,84.44
12,2,2014,41.26
13,2,2014,24.97
14,2,2014,13.39
15,2,2014,10.28
16,2,2014,9.08
17,2,2014,11.97
18,2,2014,9.28
19,2,2014,28.90
20,2,2014,12.36
21,2,2014,7.61
22,2,2014,22.85
23,2,2014,19.67
24,2,2014,49.14
25,2,2014,9.09
26,2,2014,7.24
27,2,2014,6.14
28,2,2014,7.48
1,3,2014,22.09
2,3,2014,9.31
3,3,2014,36.08
4,3,2014,54.86
5,3,2014,93.71
6,3,2014,90.05
7,3,2014,88.85
8,3,2014,54.68
9,3,2014,56.17
10,3,2014,24.23
11,3,2014,17.47
12,3,2014,21.13
13,3,2014,17.89
14,3,2014,7.46
15,3,2014,55.38
16,3,2014,9.33
17,3,2014,11.87
18,3,2014,8.89
19,3,2014,14.24
20,3,2014,36.26
21,3,2014,38.89
22,3,2014,72.96
23,3,2014,18.65
24,3,2014,12.12
25,3,2014,9.01
26,3,2014,7.17
27,3,2014,6.05
28,3,2014,52.86
29,3,2014,11.19
30,3,2014,9.33
31,3,2014,23.53
1,4,2014,79.94
2,4,2014,7.01
3,4,2014,6.10
4,4,2014,7.42
5,4,2014,11.03
6,4,2014,9.26
7,4,2014,28.66
8,4,2014,28.66
9,4,2014,6.98
10,4,2014,5.83
11,4,2014,7.25
12,4,2014,10.89
13,4,2014,28.60
14,4,2014,11.68
15,4,2014,8.75
16,4,2014,7.18
17,4,2014,17.88
18,4,2014,7.53
19,4,2014,11.21
20,4,2014,18.95
21,4,2014,12.38
22,4,2014,8.90
23,4,2014,6.96
24,4,2014,5.84
25,4,2014,7.35
26,4,2014,11.05
27,4,2014,9.29
28,4,2014,23.58
29,4,2014,35.13
30,4,2014,14.01
1,5,2014,5.91
2,5,2014,71.99
3,5,2014,10.91
4,5,2014,18.97
5,5,2014,11.99
6,5,2014,77.14
7,5,2014,6.92
8,5,2014,5.98
9,5,2014,14.49
10,5,2014,10.70
11,5,2014,8.85
12,5,2014,11.94
13,5,2014,8.87
14,5,2014,7.11
15,5,2014,12.14
16,5,2014,8.72
17,5,2014,107.44
18,5,2014,27.71
19,5,2014,11.74
20,5,2014,8.67
21,5,2014,6.98
22,5,2014,11.71
23,5,2014,14.98
24,5,2014,11.29
25,5,2014,9.52
26,5,2014,17.19
27,5,2014,10.08
28,5,2014,21.91
29,5,2014,12.28
30,5,2014,45.38
31,5,2014,23.26
1,6,2014,9.79
2,6,2014,12.17
3,6,2014,8.83
4,6,2014,7.13
5,6,2014,6.19
6,6,2014,22.93
7,6,2014,11.61
8,6,2014,9.57
9,6,2014,12.47
10,6,2014,9.13
11,6,2014,7.28
12,6,2014,6.15
13,6,2014,15.46
14,6,2014,11.58
15,6,2014,9.75
16,6,2014,12.16
17,6,2014,9.04
18,6,2014,14.72
19,6,2014,68.83
20,6,2014,15.59
21,6,2014,46.33
22,6,2014,39.70
23,6,2014,12.55
24,6,2014,18.66
25,6,2014,7.72
26,6,2014,6.68
27,6,2014,8.24
28,6,2014,12.08
29,6,2014,21.36
30,6,2014,13.15
1,7,2014,10.28
2,7,2014,8.43
3,7,2014,34.65
4,7,2014,11.47
5,7,2014,14.88
6,7,2014,79.07
7,7,2014,13.43
8,7,2014,9.58
9,7,2014,7.79
10,7,2014,6.68
11,7,2014,41.16
12,7,2014,13.13
13,7,2014,21.43
14,7,2014,37.73
15,7,2014,9.74
16,7,2014,15.69
17,7,2014,6.37
18,7,2014,32.77
19,7,2014,115.38
20,7,2014,10.50
21,7,2014,12.58
22,7,2014,9.32
23,7,2014,7.68
24,7,2014,6.42
25,7,2014,8.21
26,7,2014,74.69
27,7,2014,51.76
28,7,2014,12.99
29,7,2014,19.49
30,7,2014,7.88
31,7,2014,32.83
1,8,2014,16.36
2,8,2014,88.61
3,8,2014,62.77
4,8,2014,25.63
5,8,2014,9.58
6,8,2014,7.75
7,8,2014,7.28
8,8,2014,14.68
9,8,2014,13.06
10,8,2014,10.54
11,8,2014,13.07
12,8,2014,9.61
13,8,2014,7.88
14,8,2014,6.35
15,8,2014,8.07
16,8,2014,24.94
17,8,2014,10.37
18,8,2014,12.82
19,8,2014,9.54
20,8,2014,7.78
21,8,2014,6.40
22,8,2014,7.80
23,8,2014,109.03
24,8,2014,29.27
25,8,2014,26.10
26,8,2014,9.46
27,8,2014,7.53
28,8,2014,6.47
29,8,2014,62.76
30,8,2014,11.78
31,8,2014,10.34
1,9,2014,17.75
2,9,2014,10.42
3,9,2014,7.70
4,9,2014,6.47
5,9,2014,7.79
6,9,2014,11.23
7,9,2014,29.71
8,9,2014,12.31
9,9,2014,9.02
10,9,2014,7.25
11,9,2014,12.54
12,9,2014,7.64
13,9,2014,10.97
14,9,2014,9.76
15,9,2014,12.35
16,9,2014,9.04
17,9,2014,28.42
18,9,2014,6.25
19,9,2014,15.03
20,9,2014,98.08
21,9,2014,19.25
22,9,2014,12.05
23,9,2014,79.78
24,9,2014,60.04
25,9,2014,6.23
26,9,2014,7.56
27,9,2014,10.71
28,9,2014,9.85
29,9,2014,12.10
30,9,2014,44.64
1,10,2014,21.84
2,10,2014,19.45
3,10,2014,7.53
4,10,2014,10.98
5,10,2014,9.62
6,10,2014,11.88
7,10,2014,54.57
8,10,2014,7.23
9,10,2014,25.72
10,10,2014,113.77
11,10,2014,32.98
12,10,2014,29.31
13,10,2014,24.56
14,10,2014,9.09
15,10,2014,14.47
16,10,2014,45.37
17,10,2014,83.92
18,10,2014,21.84
19,10,2014,9.69
20,10,2014,11.96
21,10,2014,26.71
22,10,2014,28.07
23,10,2014,6.60
24,10,2014,15.19
25,10,2014,21.61
26,10,2014,27.06
27,10,2014,33.76
28,10,2014,9.00
29,10,2014,21.58
30,10,2014,24.41
31,10,2014,7.50
1,11,2014,10.87
2,11,2014,9.64
3,11,2014,24.16
4,11,2014,9.03
5,11,2014,7.01
6,11,2014,6.20
7,11,2014,7.84
8,11,2014,11.49
9,11,2014,19.70
10,11,2014,11.99
11,11,2014,19.17
12,11,2014,7.68
13,11,2014,12.34
14,11,2014,15.58
15,11,2014,11.45
16,11,2014,29.80
17,11,2014,11.98
18,11,2014,9.24
19,11,2014,7.49
20,11,2014,6.34
21,11,2014,8.00
22,11,2014,11.58
23,11,2014,9.92
24,11,2014,36.39
25,11,2014,18.63
26,11,2014,7.82
27,11,2014,17.74
28,11,2014,9.85
29,11,2014,13.10
30,11,2014,10.73
1,12,2014,12.07
2,12,2014,9.35
3,12,2014,7.59
4,12,2014,12.95
5,12,2014,15.79
6,12,2014,11.85
7,12,2014,20.12
8,12,2014,24.09
9,12,2014,8.98
10,12,2014,14.79
11,12,2014,6.44
12,12,2014,31.89
13,12,2014,11.86
14,12,2014,51.64
15,12,2014,12.13
16,12,2014,9.14
17,12,2014,45.86
18,12,2014,85.59
19,12,2014,15.75
20,12,2014,12.23
21,12,2014,10.61
22,12,2014,12.53
23,12,2014,9.82
24,12,2014,17.29
25,12,2014,11.40
26,12,2014,10.80
27,12,2014,13.85
28,12,2014,32.98
29,12,2014,12.87
30,12,2014,30.10
31,12,2014,101.77
1,1,2015,54.58
2,1,2015,20.38
3,1,2015,65.17
4,1,2015,64.23
5,1,2015,12.53
6,1,2015,9.34
7,1,2015,14.97
8,1,2015,26.03
9,1,2015,7.76
10,1,2015,11.87
11,1,2015,19.88
12,1,2015,11.86
13,1,2015,8.98
14,1,2015,7.20
15,1,2015,12.79
16,1,2015,15.58
17,1,2015,22.76
18,1,2015,28.66
19,1,2015,25.12
20,1,2015,18.38
21,1,2015,57.01
22,1,2015,30.68
23,1,2015,15.40
24,1,2015,34.23
25,1,2015,19.69
26,1,2015,11.86
27,1,2015,45.21
28,1,2015,14.93
29,1,2015,6.40
30,1,2015,115.71
31,1,2015,67.26
1,2,2015,9.71
2,2,2015,12.27
3,2,2015,9.06
4,2,2015,7.33
5,2,2015,12.86
6,2,2015,23.26
7,2,2015,22.89
8,2,2015,29.83
9,2,2015,48.30
10,2,2015,73.17
11,2,2015,58.88
12,2,2015,6.43
13,2,2015,7.96
14,2,2015,22.80
15,2,2015,19.75
16,2,2015,12.26
17,2,2015,9.48
18,2,2015,7.48
19,2,2015,124.64
20,2,2015,7.77
21,2,2015,11.08
22,2,2015,9.52
23,2,2015,11.66
24,2,2015,9.05
25,2,2015,7.20
26,2,2015,6.43
27,2,2015,7.70
28,2,2015,11.29
1,3,2015,9.64
2,3,2015,11.78
3,3,2015,8.99
4,3,2015,7.38
5,3,2015,6.47
6,3,2015,7.73
7,3,2015,11.21
8,3,2015,9.75
9,3,2015,47.28
10,3,2015,8.94
11,3,2015,7.28
12,3,2015,6.36
13,3,2015,7.62
14,3,2015,11.33
15,3,2015,9.60
16,3,2015,11.81
17,3,2015,8.96
18,3,2015,29.26
19,3,2015,19.73
20,3,2015,31.01
21,3,2015,11.59
22,3,2015,48.66
23,3,2015,47.18
24,3,2015,26.92
25,3,2015,14.45
26,3,2015,6.42
27,3,2015,7.54
28,3,2015,88.69
29,3,2015,18.47
30,3,2015,11.96
31,3,2015,9.11
1,4,2015,7.30
2,4,2015,45.55
3,4,2015,39.48
4,4,2015,179.95
5,4,2015,96.80
6,4,2015,49.33
7,4,2015,35.17
8,4,2015,7.23
9,4,2015,6.30
10,4,2015,7.73
11,4,2015,22.34
12,4,2015,28.73
13,4,2015,22.61
14,4,2015,26.30
15,4,2015,14.27
16,4,2015,6.23
17,4,2015,7.64
18,4,2015,22.70
19,4,2015,19.03
20,4,2015,11.31
21,4,2015,8.73
22,4,2015,6.93
23,4,2015,6.29
24,4,2015,7.49
25,4,2015,45.57
26,4,2015,9.72
27,4,2015,11.46
28,4,2015,8.84
29,4,2015,7.28
30,4,2015,19.44
1,5,2015,7.59
2,5,2015,11.36
3,5,2015,38.67
4,5,2015,11.82
5,5,2015,17.85
6,5,2015,14.72
7,5,2015,32.47
8,5,2015,7.88
9,5,2015,70.05
10,5,2015,20.24
11,5,2015,12.20
12,5,2015,9.11
13,5,2015,7.29
14,5,2015,6.48
15,5,2015,7.80
16,5,2015,11.87
17,5,2015,9.84
18,5,2015,12.23
19,5,2015,9.19
20,5,2015,7.36
21,5,2015,13.34
22,5,2015,31.49
23,5,2015,47.47
24,5,2015,10.37
25,5,2015,18.27
26,5,2015,31.73
27,5,2015,7.65
28,5,2015,6.60
29,5,2015,8.00
30,5,2015,11.77
31,5,2015,10.27
1,6,2015,12.50
2,6,2015,9.33
3,6,2015,7.63
4,6,2015,19.77
5,6,2015,81.73
6,6,2015,11.86
7,6,2015,100.92
8,6,2015,12.76
9,6,2015,9.55
10,6,2015,7.65
11,6,2015,7.17
12,6,2015,24.68
13,6,2015,12.41
14,6,2015,10.23
15,6,2015,12.53
16,6,2015,9.63
17,6,2015,7.83
18,6,2015,6.89
19,6,2015,8.38
20,6,2015,12.63
21,6,2015,10.49
22,6,2015,38.87
23,6,2015,48.32
24,6,2015,8.03
25,6,2015,6.98
26,6,2015,16.77
27,6,2015,12.73
28,6,2015,10.76
29,6,2015,12.88
30,6,2015,60.07
1,7,2015,32.88
2,7,2015,7.32
3,7,2015,9.85
4,7,2015,16.51
5,7,2015,11.44
6,7,2015,41.48
7,7,2015,40.91
8,7,2015,122.87
9,7,2015,36.82
10,7,2015,34.35
11,7,2015,135.01
12,7,2015,108.11
13,7,2015,26.25
14,7,2015,39.73
15,7,2015,16.30
16,7,2015,7.27
17,7,2015,17.09
18,7,2015,13.49
19,7,2015,43.17
20,7,2015,27.18
21,7,2015,19.86
22,7,2015,24.43
23,7,2015,7.38
24,7,2015,8.77
25,7,2015,13.22
26,7,2015,10.51
27,7,2015,26.65
28,7,2015,9.99
29,7,2015,16.66
30,7,2015,7.22
31,7,2015,17.11
1,8,2015,13.05
2,8,2015,10.98
3,8,2015,12.87
4,8,2015,200.88
5,8,2015,16.41
6,8,2015,6.99
7,8,2015,8.72
8,8,2015,13.07
9,8,2015,10.86
10,8,2015,13.58
11,8,2015,10.14
12,8,2015,8.33
13,8,2015,43.12
14,8,2015,8.58
15,8,2015,13.33
16,8,2015,44.43
17,8,2015,13.81
18,8,2015,9.97
19,8,2015,7.85
20,8,2015,6.75
21,8,2015,219.00
22,8,2015,114.10
23,8,2015,63.15
24,8,2015,374.86
25,8,2015,716.48
26,8,2015,245.51
27,8,2015,60.31
28,8,2015,154.88
29,8,2015,228.00
30,8,2015,267.08
31,8,2015,74.79
1,9,2015,102.98
2,9,2015,69.27
3,9,2015,59.14
4,9,2015,169.87
5,9,2015,287.77
6,9,2015,124.70
7,9,2015,92.36
8,9,2015,74.75
9,9,2015,106.98
10,9,2015,65.20
11,9,2015,101.94
12,9,2015,113.35
13,9,2015,141.81
14,9,2015,77.41
15,9,2015,10.60
16,9,2015,32.21
17,9,2015,83.16
18,9,2015,70.88
19,9,2015,11.47
20,9,2015,90.83
21,9,2015,63.55
22,9,2015,47.97
23,9,2015,77.41
24,9,2015,44.77
25,9,2015,23.28
26,9,2015,76.90
27,9,2015,58.99
28,9,2015,60.79
29,9,2015,67.08
30,9,2015,45.36
1,10,2015,56.24
2,10,2015,46.42
3,10,2015,66.31
4,10,2015,129.85
5,10,2015,25.21
6,10,2015,37.58
7,10,2015,30.36
8,10,2015,18.86
9,10,2015,15.94
10,10,2015,56.11
11,10,2015,81.63
12,10,2015,13.47
13,10,2015,28.98
14,10,2015,62.33
15,10,2015,20.07
16,10,2015,23.73
17,10,2015,58.78
18,10,2015,61.43
19,10,2015,37.17
20,10,2015,9.15
21,10,2015,15.11
22,10,2015,26.36
23,10,2015,71.71
24,10,2015,135.17
25,10,2015,38.89
26,10,2015,12.32
27,10,2015,9.32
28,10,2015,45.35
29,10,2015,6.77
30,10,2015,23.27
31,10,2015,10.98
1,11,2015,19.60
2,11,2015,49.30
3,11,2015,18.19
4,11,2015,44.54
5,11,2015,6.68
6,11,2015,7.95
7,11,2015,11.26
8,11,2015,9.80
9,11,2015,12.24
10,11,2015,9.67
11,11,2015,15.72
12,11,2015,6.74
13,11,2015,8.03
14,11,2015,11.84
15,11,2015,41.59
16,11,2015,37.99
17,11,2015,18.52
18,11,2015,7.81
19,11,2015,6.69
20,11,2015,64.03
21,11,2015,11.38
22,11,2015,57.55
23,11,2015,12.18
24,11,2015,9.45
25,11,2015,7.66
26,11,2015,9.31
27,11,2015,9.88
28,11,2015,12.89
29,11,2015,10.63
30,11,2015,12.52
1,12,2015,9.75
2,12,2015,7.81
3,12,2015,13.55
4,12,2015,8.26
5,12,2015,23.46
6,12,2015,20.51
7,12,2015,12.14
8,12,2015,9.62
9,12,2015,15.81
10,12,2015,6.75
11,12,2015,25.66
12,12,2015,12.46
13,12,2015,32.21
14,12,2015,27.10
15,12,2015,78.01
16,12,2015,58.09
17,12,2015,56.91
18,12,2015,26.20
19,12,2015,25.56
20,12,2015,67.60
21,12,2015,13.84
22,12,2015,42.63
23,12,2015,8.98
24,12,2015,8.52
25,12,2015,15.33
26,12,2015,16.94
27,12,2015,47.61
28,12,2015,44.06
29,12,2015,55.40
30,12,2015,36.48
31,12,2015,57.65
1,1,2016,80.76
2,1,2016,31.17
3,1,2016,80.79
4,1,2016,26.70
5,1,2016,9.88
6,1,2016,7.95
7,1,2016,21.06
8,1,2016,127.99
9,1,2016,24.23
10,1,2016,123.84
11,1,2016,52.37
12,1,2016,19.54
13,1,2016,47.15
14,1,2016,27.24
15,1,2016,108.08
16,1,2016,235.27
17,1,2016,62.48
18,1,2016,42.69
19,1,2016,101.49
20,1,2016,55.18
21,1,2016,203.34
22,1,2016,75.38
23,1,2016,261.03
24,1,2016,105.33
25,1,2016,65.26
26,1,2016,38.49
27,1,2016,84.70
28,1,2016,21.11
29,1,2016,32.90
30,1,2016,36.17
31,1,2016,131.25
1,2,2016,86.83
2,2,2016,56.56
3,2,2016,51.91
4,2,2016,6.43
5,2,2016,16.06
6,2,2016,23.54
7,2,2016,100.43
8,2,2016,39.74
9,2,2016,9.70
10,2,2016,84.21
11,2,2016,93.13
12,2,2016,64.11
13,2,2016,74.07
14,2,2016,70.50
15,2,2016,55.00
16,2,2016,29.76
17,2,2016,76.65
18,2,2016,77.94
19,2,2016,31.41
20,2,2016,35.29
21,2,2016,78.43
22,2,2016,24.45
23,2,2016,37.63
24,2,2016,22.29
25,2,2016,6.56
26,2,2016,39.26
27,2,2016,11.86
28,2,2016,128.56
29,2,2016,76.71
1,3,2016,28.79
2,3,2016,43.73
3,3,2016,20.41
4,3,2016,36.81
5,3,2016,108.79
6,3,2016,69.50
7,3,2016,9.84
8,3,2016,7.53
9,3,2016,11.21
10,3,2016,5.29
11,3,2016,6.40
12,3,2016,63.47
13,3,2016,18.33
14,3,2016,10.13
15,3,2016,7.49
16,3,2016,11.11
17,3,2016,5.01
18,3,2016,12.79
19,3,2016,10.78
20,3,2016,17.63
21,3,2016,41.02
22,3,2016,60.98
23,3,2016,5.50
24,3,2016,10.13
25,3,2016,6.37
26,3,2016,32.22
27,3,2016,43.85
28,3,2016,19.85
29,3,2016,43.99
30,3,2016,133.45
31,3,2016,10.06
1,4,2016,6.15
2,4,2016,42.74
3,4,2016,35.03
4,4,2016,74.26
5,4,2016,13.50
6,4,2016,5.28
7,4,2016,18.96
8,4,2016,12.22
9,4,2016,10.40
10,4,2016,26.11
11,4,2016,9.15
12,4,2016,13.92
13,4,2016,15.65
14,4,2016,14.06
15,4,2016,5.96
16,4,2016,10.34
17,4,2016,17.59
18,4,2016,17.43
19,4,2016,6.78
20,4,2016,10.84
21,4,2016,14.99
22,4,2016,30.71
23,4,2016,20.28
24,4,2016,16.86
25,4,2016,9.82
26,4,2016,21.62
27,4,2016,52.97
28,4,2016,4.84
29,4,2016,11.53
30,4,2016,9.85
1,5,2016,17.02
2,5,2016,45.45
3,5,2016,14.02
4,5,2016,21.05
5,5,2016,4.97
6,5,2016,6.32
7,5,2016,30.65
8,5,2016,25.19
9,5,2016,8.71
10,5,2016,6.89
11,5,2016,10.58
12,5,2016,14.30
13,5,2016,6.04
14,5,2016,10.19
15,5,2016,17.33
16,5,2016,33.44
17,5,2016,13.55
18,5,2016,5.26
19,5,2016,4.80
20,5,2016,6.19
21,5,2016,71.69
22,5,2016,26.18
23,5,2016,60.32
24,5,2016,7.54
25,5,2016,5.64
26,5,2016,5.05
27,5,2016,6.31
28,5,2016,10.77
29,5,2016,53.40
30,5,2016,15.69
31,5,2016,42.17
1,6,2016,23.10
2,6,2016,5.07
3,6,2016,13.06
4,6,2016,11.06
5,6,2016,126.84
6,6,2016,56.61
7,6,2016,87.61
8,6,2016,23.21
9,6,2016,5.22
10,6,2016,13.26
11,6,2016,44.36
12,6,2016,53.86
13,6,2016,21.08
14,6,2016,36.62
15,6,2016,35.77
16,6,2016,51.13
17,6,2016,34.53
18,6,2016,11.39
19,6,2016,8.97
20,6,2016,82.94
21,6,2016,23.06
22,6,2016,75.90
23,6,2016,92.52
24,6,2016,547.55
25,6,2016,1079.03
26,6,2016,351.52
27,6,2016,250.34
28,6,2016,481.40
29,6,2016,189.42
30,6,2016,126.12
1,7,2016,149.16
2,7,2016,92.47
3,7,2016,263.38
4,7,2016,85.34
5,7,2016,62.92
6,7,2016,193.06
7,7,2016,60.70
8,7,2016,124.09
9,7,2016,81.87
10,7,2016,105.89
11,7,2016,42.49
12,7,2016,91.38
13,7,2016,85.89
14,7,2016,21.45
15,7,2016,6.95
16,7,2016,46.49
17,7,2016,37.73
18,7,2016,40.84
19,7,2016,32.23
20,7,2016,36.13
21,7,2016,16.47
22,7,2016,14.14
23,7,2016,35.87
24,7,2016,57.26
25,7,2016,10.28
26,7,2016,54.55
27,7,2016,29.86
28,7,2016,22.28
29,7,2016,21.23
30,7,2016,11.44
31,7,2016,28.03
1,8,2016,10.36
2,8,2016,40.50
3,8,2016,17.86
4,8,2016,10.66
5,8,2016,48.34
6,8,2016,22.35
7,8,2016,46.76
8,8,2016,126.99
9,8,2016,48.57
10,8,2016,85.86
11,8,2016,16.22
12,8,2016,13.78
13,8,2016,22.27
14,8,2016,55.62
15,8,2016,31.29
16,8,2016,7.91
17,8,2016,6.10
18,8,2016,5.23
19,8,2016,20.11
20,8,2016,10.86
21,8,2016,9.05
22,8,2016,9.52
23,8,2016,7.59
24,8,2016,11.95
25,8,2016,35.48
26,8,2016,56.53
27,8,2016,30.45
28,8,2016,63.42
29,8,2016,69.87
30,8,2016,35.89
31,8,2016,27.44
1,9,2016,168.53
2,9,2016,18.93
3,9,2016,10.06
4,9,2016,72.09
5,9,2016,15.23
6,9,2016,7.95
7,9,2016,5.82
8,9,2016,5.07
9,9,2016,6.24
10,9,2016,19.32
11,9,2016,26.35
12,9,2016,31.14
13,9,2016,42.62
14,9,2016,10.83
15,9,2016,10.04
16,9,2016,6.44
17,9,2016,9.97
18,9,2016,44.27
19,9,2016,39.09
20,9,2016,14.73
21,9,2016,5.15
22,9,2016,5.16
23,9,2016,6.13
24,9,2016,10.03
25,9,2016,8.79
26,9,2016,10.09
27,9,2016,7.48
28,9,2016,35.57
29,9,2016,5.44
30,9,2016,13.10
1,10,2016,29.51
2,10,2016,44.86
3,10,2016,69.12
4,10,2016,42.12
5,10,2016,11.38
6,10,2016,21.19
7,10,2016,23.98
8,10,2016,21.11
9,10,2016,18.50
10,10,2016,19.95
11,10,2016,7.16
12,10,2016,6.00
13,10,2016,20.45
14,10,2016,12.45
15,10,2016,9.99
16,10,2016,97.64
17,10,2016,141.07
18,10,2016,7.03
19,10,2016,5.75
20,10,2016,5.12
21,10,2016,12.78
22,10,2016,9.91
23,10,2016,26.04
24,10,2016,20.53
25,10,2016,22.55
26,10,2016,11.18
27,10,2016,25.45
28,10,2016,43.90
29,10,2016,57.63
30,10,2016,33.92
31,10,2016,20.12
1,11,2016,13.80
2,11,2016,5.32
3,11,2016,34.08
4,11,2016,36.47
5,11,2016,48.76
6,11,2016,25.79
7,11,2016,34.13
8,11,2016,83.62
9,11,2016,203.15
10,11,2016,221.84
11,11,2016,60.43
12,11,2016,99.72
13,11,2016,98.99
14,11,2016,154.75
15,11,2016,28.32
16,11,2016,40.10
17,11,2016,59.36
18,11,2016,34.71
19,11,2016,30.95
20,11,2016,54.65
21,11,2016,19.03
22,11,2016,7.26
23,11,2016,5.67
24,11,2016,7.88
25,11,2016,40.87
26,11,2016,11.39
27,11,2016,57.98
28,11,2016,10.59
29,11,2016,15.54
30,11,2016,16.72
1,12,2016,36.30
2,12,2016,6.31
3,12,2016,30.79
4,12,2016,63.08
5,12,2016,19.30
6,12,2016,7.18
7,12,2016,26.92
8,12,2016,21.60
9,12,2016,31.14
10,12,2016,10.36
11,12,2016,18.85
12,12,2016,46.62
13,12,2016,28.98
14,12,2016,5.44
15,12,2016,372.23
16,12,2016,12.68
17,12,2016,21.63
18,12,2016,19.19
19,12,2016,10.92
20,12,2016,51.85
21,12,2016,5.45
22,12,2016,22.03
23,12,2016,14.42
24,12,2016,25.29
25,12,2016,35.13
26,12,2016,34.13
27,12,2016,64.09
28,12,2016,46.40
29,12,2016,38.07
30,12,2016,52.94
31,12,2016,57.57
1,1,2017,170.26
2,1,2017,15.89
3,1,2017,24.40
4,1,2017,17.46
5,1,2017,84.05
6,1,2017,7.07
7,1,2017,32.15
8,1,2017,66.65
9,1,2017,45.66
10,1,2017,21.34
11,1,2017,45.10
12,1,2017,5.31
13,1,2017,127.10
14,1,2017,10.49
15,1,2017,85.55
16,1,2017,41.34
17,1,2017,145.98
18,1,2017,16.18
19,1,2017,5.23
20,1,2017,53.09
21,1,2017,29.13
22,1,2017,95.60
23,1,2017,59.46
24,1,2017,27.50
25,1,2017,5.35
26,1,2017,19.13
27,1,2017,24.45
28,1,2017,52.56
29,1,2017,36.90
30,1,2017,17.26
31,1,2017,15.24
1,2,2017,27.34
2,2,2017,9.94
3,2,2017,18.80
4,2,2017,9.70
5,2,2017,36.97
6,2,2017,35.20
7,2,2017,13.90
8,2,2017,5.48
9,2,2017,25.02
10,2,2017,12.65
11,2,2017,20.12
12,2,2017,37.06
13,2,2017,9.29
14,2,2017,34.30
15,2,2017,11.02
16,2,2017,5.08
17,2,2017,100.31
18,2,2017,19.96
19,2,2017,8.77
20,2,2017,8.26
21,2,2017,27.86
22,2,2017,58.98
23,2,2017,4.94
24,2,2017,6.19
25,2,2017,18.40
26,2,2017,25.89
27,2,2017,18.13
28,2,2017,20.93
1,3,2017,16.02
2,3,2017,15.18
3,3,2017,23.94
4,3,2017,29.29
5,3,2017,26.65
6,3,2017,9.44
7,3,2017,20.76
8,3,2017,16.34
9,3,2017,21.77
10,3,2017,5.95
11,3,2017,30.21
12,3,2017,9.18
13,3,2017,8.24
14,3,2017,99.89
15,3,2017,15.90
16,3,2017,20.87
17,3,2017,6.33
18,3,2017,10.42
19,3,2017,8.96
20,3,2017,101.07
21,3,2017,21.68
22,3,2017,5.40
23,3,2017,10.65
24,3,2017,12.99
25,3,2017,10.88
26,3,2017,8.92
27,3,2017,8.73
28,3,2017,6.73
29,3,2017,10.29
30,3,2017,5.11
31,3,2017,5.99
1,4,2017,10.54
2,4,2017,9.20
3,4,2017,50.65
4,4,2017,6.50
5,4,2017,4.94
6,4,2017,15.45
7,4,2017,17.26
8,4,2017,53.49
9,4,2017,72.98
10,4,2017,9.12
11,4,2017,7.33
12,4,2017,10.98
13,4,2017,9.80
14,4,2017,43.77
15,4,2017,10.85
16,4,2017,19.00
17,4,2017,108.62
18,4,2017,53.55
19,4,2017,5.10
20,4,2017,14.66
21,4,2017,5.84
22,4,2017,30.95
23,4,2017,26.98
24,4,2017,29.85
25,4,2017,49.13
26,4,2017,14.59
27,4,2017,10.68
28,4,2017,6.10
29,4,2017,10.86
30,4,2017,9.06
1,5,2017,8.53
2,5,2017,6.92
3,5,2017,5.18
4,5,2017,5.04
5,5,2017,24.46
6,5,2017,10.85
7,5,2017,27.45
8,5,2017,19.16
9,5,2017,7.69
10,5,2017,5.70
11,5,2017,21.78
12,5,2017,33.31
13,5,2017,44.27
14,5,2017,9.14
15,5,2017,97.64
16,5,2017,7.74
17,5,2017,35.32
18,5,2017,43.71
19,5,2017,20.21
20,5,2017,22.18
21,5,2017,37.06
22,5,2017,43.90
23,5,2017,7.75
24,5,2017,6.05
25,5,2017,5.65
26,5,2017,6.88
27,5,2017,11.94
28,5,2017,9.42
29,5,2017,16.63
30,5,2017,9.16
31,5,2017,302.37
1,6,2017,5.84
2,6,2017,7.00
3,6,2017,24.04
4,6,2017,29.99
5,6,2017,11.26
6,6,2017,8.00
7,6,2017,6.05
8,6,2017,17.41
9,6,2017,7.20
10,6,2017,11.77
11,6,2017,38.40
12,6,2017,11.26
13,6,2017,8.25
14,6,2017,6.09
15,6,2017,5.87
16,6,2017,7.25
17,6,2017,11.99
18,6,2017,9.70
19,6,2017,11.63
20,6,2017,8.44
21,6,2017,12.25
22,6,2017,12.01
23,6,2017,7.24
24,6,2017,23.59
25,6,2017,19.53
26,6,2017,23.59
27,6,2017,8.73
28,6,2017,12.83
29,6,2017,6.14
30,6,2017,29.37
1,7,2017,36.46
2,7,2017,10.30
3,7,2017,24.26
4,7,2017,13.77
5,7,2017,28.52
6,7,2017,12.54
7,7,2017,45.94
8,7,2017,12.28
9,7,2017,20.39
10,7,2017,11.62
11,7,2017,17.21
12,7,2017,12.68
13,7,2017,6.23
14,7,2017,22.30
15,7,2017,11.92
16,7,2017,10.22
17,7,2017,34.73
18,7,2017,16.66
19,7,2017,6.43
20,7,2017,6.13
21,7,2017,7.41
22,7,2017,12.18
23,7,2017,50.31
24,7,2017,512.25
25,7,2017,148.18
26,7,2017,12.77
27,7,2017,5.90
28,7,2017,7.44
29,7,2017,12.25
30,7,2017,30.27
31,7,2017,11.81
1,8,2017,8.44
2,8,2017,12.55
3,8,2017,6.16
4,8,2017,7.29
5,8,2017,11.97
6,8,2017,19.95
7,8,2017,10.57
8,8,2017,16.59
9,8,2017,12.54
10,8,2017,12.49
11,8,2017,29.36
12,8,2017,12.18
13,8,2017,10.21
14,8,2017,35.02
15,8,2017,25.33
16,8,2017,18.79
17,8,2017,5.97
18,8,2017,43.20
19,8,2017,22.80
20,8,2017,19.52
21,8,2017,591.21
22,8,2017,32.50
23,8,2017,18.13
24,8,2017,5.93
25,8,2017,40.59
26,8,2017,10.79
27,8,2017,95.56
28,8,2017,31.70
29,8,2017,7.92
30,8,2017,11.61
31,8,2017,16.26
1,9,2017,6.29
2,9,2017,19.14
3,9,2017,27.86
4,9,2017,29.62
5,9,2017,8.12
6,9,2017,23.38
7,9,2017,5.40
8,9,2017,6.47
9,9,2017,9.00
10,9,2017,8.80
11,9,2017,10.30
12,9,2017,7.75
13,9,2017,5.85
14,9,2017,5.45
15,9,2017,6.33
16,9,2017,9.37
17,9,2017,44.33
18,9,2017,10.00
19,9,2017,7.65
20,9,2017,5.73
21,9,2017,5.38
22,9,2017,6.37
23,9,2017,9.21
24,9,2017,26.60
25,9,2017,10.25
26,9,2017,83.96
27,9,2017,5.75
28,9,2017,5.52
29,9,2017,57.78
30,9,2017,9.84
1,10,2017,26.44
2,10,2017,9.89
3,10,2017,7.65
4,10,2017,17.21
5,10,2017,5.38
6,10,2017,25.71
7,10,2017,9.39
8,10,2017,18.10
9,10,2017,20.50
10,10,2017,7.52
11,10,2017,21.89
12,10,2017,5.49
13,10,2017,6.21
14,10,2017,9.49
15,10,2017,8.64
16,10,2017,39.75
17,10,2017,7.63
18,10,2017,5.59
19,10,2017,27.07
20,10,2017,12.58
21,10,2017,9.69
22,10,2017,69.06
23,10,2017,77.31
24,10,2017,7.52
25,10,2017,5.64
26,10,2017,5.36
27,10,2017,12.40
28,10,2017,48.20
29,10,2017,51.93
30,10,2017,49.90
31,10,2017,31.12
1,11,2017,28.24
2,11,2017,27.31
3,11,2017,12.69
4,11,2017,9.22
5,11,2017,8.34
6,11,2017,10.10
7,11,2017,60.57
8,11,2017,105.19
9,11,2017,10.68
10,11,2017,24.84
11,11,2017,66.29
12,11,2017,86.10
13,11,2017,29.53
14,11,2017,7.65
15,11,2017,5.65
16,11,2017,11.00
17,11,2017,6.31
18,11,2017,19.87
19,11,2017,26.12
20,11,2017,9.94
21,11,2017,29.51
22,11,2017,5.79
23,11,2017,16.27
24,11,2017,15.26
25,11,2017,10.66
26,11,2017,9.19
27,11,2017,10.21
28,11,2017,374.38
29,11,2017,5.69
30,11,2017,5.55
1,12,2017,26.86
2,12,2017,10.26
3,12,2017,8.51
4,12,2017,20.41
5,12,2017,68.33
6,12,2017,5.84
7,12,2017,16.87
8,12,2017,6.67
9,12,2017,11.00
10,12,2017,9.57
11,12,2017,10.69
12,12,2017,7.93
13,12,2017,17.07
14,12,2017,22.81
15,12,2017,82.57
16,12,2017,87.35
17,12,2017,76.14
18,12,2017,41.47
19,12,2017,8.01
20,12,2017,5.56
21,12,2017,39.72
22,12,2017,7.34
23,12,2017,12.13
24,12,2017,54.87
25,12,2017,20.56
26,12,2017,41.35
27,12,2017,13.95
28,12,2017,12.77
29,12,2017,23.07
30,12,2017,47.60
31,12,2017,89.84
1,1,2018,16.72
2,1,2018,9.12
3,1,2018,12.52
4,1,2018,70.37
5,1,2018,34.79
6,1,2018,20.95
7,1,2018,47.03
8,1,2018,9.66
9,1,2018,7.52
10,1,2018,23.41
11,1,2018,5.75
12,1,2018,12.85
13,1,2018,10.71
14,1,2018,142.24
15,1,2018,11.35
16,1,2018,32.33
17,1,2018,11.59
18,1,2018,5.63
19,1,2018,20.46
20,1,2018,53.38
21,1,2018,28.10
22,1,2018,30.07
23,1,2018,36.23
24,1,2018,10.65
25,1,2018,31.49
26,1,2018,18.43
27,1,2018,30.72
28,1,2018,44.74
29,1,2018,44.75
30,1,2018,41.47
31,1,2018,27.74
1,2,2018,16.34
2,2,2018,25.71
3,2,2018,21.00
4,2,2018,9.29
5,2,2018,31.03
6,2,2018,129.13
7,2,2018,49.18
8,2,2018,54.51
9,2,2018,57.46
10,2,2018,159.90
11,2,2018,158.05
12,2,2018,48.26
13,2,2018,14.08
14,2,2018,5.30
15,2,2018,5.29
16,2,2018,12.44
17,2,2018,10.49
18,2,2018,27.10
19,2,2018,21.58
20,2,2018,75.14
21,2,2018,16.06
22,2,2018,10.99
23,2,2018,19.08
24,2,2018,10.07
25,2,2018,9.25
26,2,2018,10.01
27,2,2018,36.37
28,2,2018,15.99
1,3,2018,20.79
2,3,2018,18.36
3,3,2018,30.29
4,3,2018,8.93
5,3,2018,9.74
6,3,2018,29.91
7,3,2018,5.59
8,3,2018,16.63
9,3,2018,6.45
10,3,2018,10.44
11,3,2018,130.77
12,3,2018,29.17
13,3,2018,6.86
14,3,2018,16.50
15,3,2018,11.00
16,3,2018,6.33
17,3,2018,10.54
18,3,2018,9.48
19,3,2018,8.91
20,3,2018,22.31
21,3,2018,5.64
22,3,2018,5.38
23,3,2018,19.44
24,3,2018,10.74
25,3,2018,9.48
26,3,2018,10.25
27,3,2018,14.75
28,3,2018,5.79
29,3,2018,5.50
30,3,2018,6.81
31,3,2018,55.49
1,4,2018,29.31
2,4,2018,20.97
3,4,2018,37.57
4,4,2018,52.08
5,4,2018,56.15
6,4,2018,57.54
7,4,2018,194.40
8,4,2018,125.79
9,4,2018,30.52
10,4,2018,14.75
11,4,2018,20.97
12,4,2018,21.24
13,4,2018,18.55
14,4,2018,51.99
15,4,2018,18.53
16,4,2018,20.16
17,4,2018,7.17
18,4,2018,71.71
19,4,2018,5.32
20,4,2018,18.72
21,4,2018,10.28
22,4,2018,9.68
23,4,2018,27.74
24,4,2018,21.26
25,4,2018,5.38
26,4,2018,10.26
27,4,2018,6.16
28,4,2018,9.49
29,4,2018,8.98
30,4,2018,8.75
1,5,2018,7.04
2,5,2018,43.79
3,5,2018,21.44
4,5,2018,17.84
5,5,2018,20.91
6,5,2018,37.80
7,5,2018,10.16
8,5,2018,7.29
9,5,2018,10.89
10,5,2018,10.50
11,5,2018,6.42
12,5,2018,10.79
13,5,2018,37.47
14,5,2018,20.24
15,5,2018,14.96
16,5,2018,38.33
17,5,2018,15.86
18,5,2018,6.41
19,5,2018,10.71
20,5,2018,9.36
21,5,2018,10.48
22,5,2018,21.35
23,5,2018,238.98
24,5,2018,16.05
25,5,2018,6.38
26,5,2018,10.95
27,5,2018,19.82
28,5,2018,16.23
29,5,2018,35.31
30,5,2018,23.28
31,5,2018,15.62
1,6,2018,50.05
2,6,2018,11.19
3,6,2018,19.83
4,6,2018,10.61
5,6,2018,7.33
6,6,2018,5.54
7,6,2018,16.33
8,6,2018,6.71
9,6,2018,11.46
10,6,2018,9.97
11,6,2018,10.68
12,6,2018,7.28
13,6,2018,5.90
14,6,2018,10.80
15,6,2018,18.66
16,6,2018,11.35
17,6,2018,19.75
18,6,2018,10.41
19,6,2018,82.58
20,6,2018,12.02
21,6,2018,5.70
22,6,2018,13.61
23,6,2018,23.78
24,6,2018,61.12
25,6,2018,22.24
26,6,2018,8.33
27,6,2018,24.45
28,6,2018,12.02
29,6,2018,42.54
30,6,2018,12.04
1,7,2018,10.52
2,7,2018,33.27
3,7,2018,8.50
4,7,2018,45.79
5,7,2018,33.91
6,7,2018,90.81
7,7,2018,127.44
8,7,2018,125.27
9,7,2018,50.44
10,7,2018,26.90
11,7,2018,6.69
12,7,2018,32.79
13,7,2018,7.55
14,7,2018,12.97
15,7,2018,11.33
16,7,2018,12.34
17,7,2018,27.13
18,7,2018,13.15
19,7,2018,12.63
20,7,2018,23.12
21,7,2018,25.85
22,7,2018,11.42
23,7,2018,12.14
24,7,2018,27.70
25,7,2018,6.61
26,7,2018,26.16
27,7,2018,7.68
28,7,2018,13.10
29,7,2018,11.42
30,7,2018,12.58
31,7,2018,9.22
1,8,2018,6.59
2,8,2018,12.90
3,8,2018,7.43
4,8,2018,25.75
5,8,2018,10.96
6,8,2018,11.86
7,8,2018,9.03
8,8,2018,13.01
9,8,2018,6.56
10,8,2018,7.77
11,8,2018,12.90
12,8,2018,103.70
13,8,2018,36.69
14,8,2018,81.49
15,8,2018,6.59
16,8,2018,6.24
17,8,2018,22.32
18,8,2018,36.24
19,8,2018,55.12
20,8,2018,11.86
21,8,2018,17.20
22,8,2018,12.64
23,8,2018,78.54
24,8,2018,28.12
25,8,2018,195.17
26,8,2018,42.02
27,8,2018,22.77
28,8,2018,50.18
29,8,2018,12.52
30,8,2018,30.45
31,8,2018,103.98
1,9,2018,33.02
2,9,2018,43.23
3,9,2018,50.37
4,9,2018,18.59
5,9,2018,30.89
6,9,2018,24.80
7,9,2018,20.57
8,9,2018,10.67
9,9,2018,10.15
10,9,2018,10.34
11,9,2018,8.10
12,9,2018,12.45
13,9,2018,6.00
14,9,2018,13.54
15,9,2018,21.71
16,9,2018,31.42
17,9,2018,11.02
18,9,2018,57.30
19,9,2018,31.36
20,9,2018,5.93
21,9,2018,35.07
22,9,2018,10.82
23,9,2018,10.52
24,9,2018,11.14
25,9,2018,17.19
26,9,2018,6.10
27,9,2018,54.23
28,9,2018,14.48
29,9,2018,65.72
30,9,2018,83.78
1,10,2018,43.76
2,10,2018,16.37
3,10,2018,177.91
4,10,2018,6.03
5,10,2018,27.99
6,10,2018,21.81
7,10,2018,10.82
8,10,2018,11.81
9,10,2018,8.24
10,10,2018,12.39
11,10,2018,17.95
12,10,2018,99.73
13,10,2018,97.60
14,10,2018,31.70
15,10,2018,11.26
16,10,2018,25.41
17,10,2018,18.60
18,10,2018,65.72
19,10,2018,56.79
20,10,2018,21.66
21,10,2018,41.63
22,10,2018,22.38
23,10,2018,17.08
24,10,2018,108.69
25,10,2018,156.69
26,10,2018,150.53
27,10,2018,21.89
28,10,2018,81.97
29,10,2018,33.72
30,10,2018,25.24
31,10,2018,54.95
1,11,2018,47.78
2,11,2018,35.14
3,11,2018,42.77
4,11,2018,144.13
5,11,2018,79.17
6,11,2018,55.86
7,11,2018,53.53
8,11,2018,141.71
9,11,2018,21.53
10,11,2018,10.99
11,11,2018,21.11
12,11,2018,12.35
13,11,2018,71.71
14,11,2018,32.18
15,11,2018,12.56
16,11,2018,7.27
17,11,2018,11.47
18,11,2018,32.31
19,11,2018,11.72
20,11,2018,42.68
21,11,2018,71.23
22,11,2018,57.25
23,11,2018,9.06
24,11,2018,12.88
25,11,2018,45.25
26,11,2018,71.71
27,11,2018,122.19
28,11,2018,25.85
29,11,2018,52.00
30,11,2018,59.69
1,12,2018,35.02
2,12,2018,289.51
3,12,2018,218.99
4,12,2018,60.86
5,12,2018,139.65
6,12,2018,75.46
7,12,2018,136.77
8,12,2018,155.75
9,12,2018,88.41
10,12,2018,31.10
11,12,2018,60.20
12,12,2018,44.39
13,12,2018,43.84
14,12,2018,37.87
15,12,2018,23.70
16,12,2018,148.15
17,12,2018,81.30
18,12,2018,78.69
19,12,2018,127.54
20,12,2018,104.20
21,12,2018,124.22
22,12,2018,239.05
23,12,2018,343.07
24,12,2018,217.14
25,12,2018,306.29
26,12,2018,308.66
27,12,2018,175.00
28,12,2018,282.74
29,12,2018,226.67
30,12,2018,274.06
31,12,2018,154.52
1,1,2019,200.86
2,1,2019,168.81
3,1,2019,265.43
4,1,2019,157.68
5,1,2019,111.00
6,1,2019,244.26
7,1,2019,153.69
8,1,2019,185.62
9,1,2019,109.68
10,1,2019,136.76
11,1,2019,124.88
12,1,2019,97.06
13,1,2019,136.09
14,1,2019,90.30
15,1,2019,85.64
16,1,2019,492.31
17,1,2019,139.37
18,1,2019,217.37
19,1,2019,228.92
20,1,2019,274.29
21,1,2019,154.86
22,1,2019,159.42
23,1,2019,180.21
24,1,2019,97.13
25,1,2019,119.40
26,1,2019,73.39
27,1,2019,180.95
28,1,2019,45.53
29,1,2019,86.39
30,1,2019,76.42
31,1,2019,142.96
1,2,2019,88.78
2,2,2019,83.78
3,2,2019,66.15
4,2,2019,118.31
5,2,2019,102.39
6,2,2019,153.76
7,2,2019,18.94
8,2,2019,7.47
9,2,2019,47.38
10,2,2019,32.66
11,2,2019,66.98
12,2,2019,25.83
13,2,2019,19.28
14,2,2019,6.30
15,2,2019,29.16
16,2,2019,35.55
17,2,2019,53.39
18,2,2019,12.55
19,2,2019,26.18
20,2,2019,31.77
21,2,2019,62.04
22,2,2019,29.54
23,2,2019,34.92
24,2,2019,53.18
25,2,2019,23.22
26,2,2019,42.85
27,2,2019,66.43
28,2,2019,62.04
1,3,2019,50.88
2,3,2019,23.08
3,3,2019,10.62
4,3,2019,23.30
5,3,2019,8.86
6,3,2019,6.45
7,3,2019,37.71
8,3,2019,66.65
9,3,2019,47.41
10,3,2019,110.55
11,3,2019,21.72
12,3,2019,26.23
13,3,2019,12.95
14,3,2019,30.81
15,3,2019,53.12
16,3,2019,61.29
17,3,2019,88.70
18,3,2019,47.71
19,3,2019,52.19
20,3,2019,49.81
21,3,2019,19.41
22,3,2019,30.41
23,3,2019,36.66
24,3,2019,43.20
25,3,2019,36.37
26,3,2019,24.66
27,3,2019,32.01
28,3,2019,109.02
29,3,2019,52.40
30,3,2019,60.81
31,3,2019,33.17
1,4,2019,88.02
2,4,2019,203.52
3,4,2019,43.03
4,4,2019,50.15
5,4,2019,47.02
6,4,2019,27.06
7,4,2019,71.75
8,4,2019,13.86
9,4,2019,10.53
10,4,2019,25.70
11,4,2019,8.43
12,4,2019,9.47
13,4,2019,53.91
14,4,2019,62.25
15,4,2019,71.49
16,4,2019,10.89
17,4,2019,8.74
18,4,2019,33.23
19,4,2019,39.05
20,4,2019,13.75
21,4,2019,38.63
22,4,2019,44.26
23,4,2019,21.36
24,4,2019,63.16
25,4,2019,40.07
26,4,2019,18.76
27,4,2019,67.13
28,4,2019,36.82
29,4,2019,28.45
30,4,2019,31.23
1,5,2019,82.22
2,5,2019,17.62
3,5,2019,47.29
4,5,2019,80.33
5,5,2019,49.20
6,5,2019,173.80
7,5,2019,135.40
8,5,2019,155.19
9,5,2019,79.69
10,5,2019,75.69
11,5,2019,13.66
12,5,2019,12.35
13,5,2019,146.16
14,5,2019,171.61
15,5,2019,164.98
16,5,2019,72.19
17,5,2019,77.38
18,5,2019,83.17
19,5,2019,50.33
20,5,2019,73.41
21,5,2019,32.29
22,5,2019,34.90
23,5,2019,8.88
24,5,2019,59.79
25,5,2019,14.21
26,5,2019,25.05
27,5,2019,22.32
28,5,2019,12.16
29,5,2019,18.25
30,5,2019,17.79
31,5,2019,39.63
1,6,2019,71.14
2,6,2019,52.44
3,6,2019,13.66
4,6,2019,45.03
5,6,2019,55.26
6,6,2019,83.26
7,6,2019,62.55
8,6,2019,102.39
9,6,2019,175.27
10,6,2019,47.28
11,6,2019,23.58
12,6,2019,323.09
13,6,2019,59.64
14,6,2019,108.81
15,6,2019,118.89
16,6,2019,173.70
17,6,2019,30.81
18,6,2019,113.01
19,6,2019,9.30
20,6,2019,18.56
21,6,2019,74.73
22,6,2019,130.56
23,6,2019,141.95
24,6,2019,60.88
25,6,2019,34.37
26,6,2019,118.63
27,6,2019,102.81
28,6,2019,72.11
29,6,2019,29.71
30,6,2019,12.52
1,7,2019,73.94
2,7,2019,34.40
3,7,2019,39.00
4,7,2019,14.12
5,7,2019,35.85
6,7,2019,15.31
7,7,2019,189.59
8,7,2019,31.53
9,7,2019,23.42
10,7,2019,17.11
11,7,2019,136.30
12,7,2019,10.57
13,7,2019,15.15
14,7,2019,27.89
15,7,2019,63.17
16,7,2019,70.11
17,7,2019,9.63
18,7,2019,50.56
19,7,2019,43.29
20,7,2019,15.16
21,7,2019,28.04
22,7,2019,32.95
23,7,2019,35.99
24,7,2019,18.20
25,7,2019,48.54
26,7,2019,31.53
27,7,2019,122.19
28,7,2019,13.50
29,7,2019,32.62
30,7,2019,158.40
31,7,2019,55.95
1,8,2019,59.15
2,8,2019,132.10
3,8,2019,104.57
4,8,2019,174.94
5,8,2019,108.98
6,8,2019,150.97
7,8,2019,154.94
8,8,2019,98.17
9,8,2019,99.18
10,8,2019,60.61
11,8,2019,122.02
12,8,2019,166.56
13,8,2019,115.01
14,8,2019,195.01
15,8,2019,330.15
16,8,2019,359.75
17,8,2019,208.87
18,8,2019,335.25
19,8,2019,91.26
20,8,2019,52.80
21,8,2019,36.08
22,8,2019,112.72
23,8,2019,81.83
24,8,2019,304.16
25,8,2019,194.60
26,8,2019,45.88
27,8,2019,133.31
28,8,2019,110.05
29,8,2019,131.59
30,8,2019,254.72
31,8,2019,231.76
1,9,2019,203.62
2,9,2019,21.56
3,9,2019,125.51
4,9,2019,102.21
5,9,2019,27.98
6,9,2019,68.53
7,9,2019,39.57
8,9,2019,52.01
9,9,2019,14.40
10,9,2019,22.62
11,9,2019,81.34
12,9,2019,65.85
13,9,2019,80.21
14,9,2019,38.65
15,9,2019,143.74
16,9,2019,88.26
17,9,2019,10.39
18,9,2019,36.33
19,9,2019,121.30
20,9,2019,69.51
21,9,2019,39.18
22,9,2019,91.19
23,9,2019,14.13
24,9,2019,67.27
25,9,2019,99.58
26,9,2019,64.93
27,9,2019,37.98
28,9,2019,51.37
29,9,2019,89.19
30,9,2019,28.25
1,10,2019,74.75
2,10,2019,36.10
3,10,2019,96.11
4,10,2019,198.30
5,10,2019,118.40
6,10,2019,168.72
7,10,2019,144.46
8,10,2019,97.67
9,10,2019,51.88
10,10,2019,138.91
11,10,2019,19.20
12,10,2019,102.77
13,10,2019,105.84
14,10,2019,47.49
15,10,2019,22.33
16,10,2019,35.41
17,10,2019,54.89
18,10,2019,9.89
19,10,2019,26.39
20,10,2019,40.19
21,10,2019,13.78
22,10,2019,22.18
23,10,2019,61.28
24,10,2019,121.66
25,10,2019,59.40
26,10,2019,25.87
27,10,2019,38.54
28,10,2019,15.20
29,10,2019,45.44
30,10,2019,61.88
31,10,2019,119.71
1,11,2019,30.75
2,11,2019,65.63
3,11,2019,104.25
4,11,2019,70.94
5,11,2019,53.08
6,11,2019,36.58
7,11,2019,93.74
8,11,2019,91.24
9,11,2019,65.74
10,11,2019,130.15
11,11,2019,42.16
12,11,2019,94.06
13,11,2019,36.20
14,11,2019,9.41
15,11,2019,19.87
16,11,2019,93.13
17,11,2019,132.22
18,11,2019,78.16
19,11,2019,10.87
20,11,2019,28.03
21,11,2019,19.01
22,11,2019,10.01
23,11,2019,124.73
24,11,2019,52.56
25,11,2019,15.44
26,11,2019,10.93
27,11,2019,29.28
28,11,2019,59.96
29,11,2019,12.83
30,11,2019,15.45
1,12,2019,27.52
2,12,2019,32.27
3,12,2019,22.73
4,12,2019,53.21
5,12,2019,9.68
6,12,2019,50.57
7,12,2019,139.17
8,12,2019,161.06
9,12,2019,108.72
10,12,2019,34.64
11,12,2019,28.41
12,12,2019,65.49
13,12,2019,140.27
14,12,2019,102.73
15,12,2019,207.09
16,12,2019,32.18
17,12,2019,156.80
18,12,2019,47.19
19,12,2019,19.49
20,12,2019,43.70
21,12,2019,87.32
22,12,2019,128.36
23,12,2019,16.18
24,12,2019,14.16
25,12,2019,57.05
26,12,2019,51.04
27,12,2019,111.94
28,12,2019,193.91
29,12,2019,234.03
30,12,2019,99.74
31,12,2019,92.54
1,1,2020,195.39
2,1,2020,109.58
3,1,2020,68.11
4,1,2020,217.28
5,1,2020,250.16
6,1,2020,101.33
7,1,2020,94.95
8,1,2020,105.29
9,1,2020,29.81
10,1,2020,10.30
11,1,2020,58.15
12,1,2020,55.74
13,1,2020,62.42
14,1,2020,68.85
15,1,2020,111.13
16,1,2020,40.20
17,1,2020,53.72
18,1,2020,14.65
19,1,2020,127.76
20,1,2020,54.04
21,1,2020,12.10
22,1,2020,19.30
23,1,2020,58.59
24,1,2020,42.43
25,1,2020,44.26
26,1,2020,83.34
27,1,2020,102.15
28,1,2020,177.55
29,1,2020,46.53
30,1,2020,137.40
31,1,2020,248.36
1,2,2020,114.64
2,2,2020,54.86
3,2,2020,108.64
4,2,2020,70.54
5,2,2020,92.92
6,2,2020,58.53
7,2,2020,53.44
8,2,2020,57.62
9,2,2020,27.20
10,2,2020,61.57
11,2,2020,34.36
12,2,2020,63.33
13,2,2020,39.25
14,2,2020,52.49
15,2,2020,86.21
16,2,2020,53.12
17,2,2020,66.68
18,2,2020,35.85
19,2,2020,101.92
20,2,2020,77.78
21,2,2020,82.92
22,2,2020,28.20
23,2,2020,65.33
24,2,2020,93.18
25,2,2020,388.12
26,2,2020,109.69
27,2,2020,212.21
28,2,2020,360.14
29,2,2020,647.86
1,3,2020,199.50
2,3,2020,201.53
3,3,2020,325.54
4,3,2020,323.56
5,3,2020,197.17
6,3,2020,255.77
7,3,2020,209.87
8,3,2020,394.79
9,3,2020,509.19
10,3,2020,822.47
11,3,2020,357.24
12,3,2020,321.78
13,3,2020,409.89
14,3,2020,590.13
15,3,2020,1229.76
16,3,2020,453.25
17,3,2020,623.11
18,3,2020,494.46
19,3,2020,621.34
20,3,2020,939.58
21,3,2020,429.25
22,3,2020,889.94
23,3,2020,491.15
24,3,2020,358.79
25,3,2020,435.62
26,3,2020,712.53
27,3,2020,396.87
28,3,2020,423.85
29,3,2020,678.59
30,3,2020,183.67
31,3,2020,286.15
1,4,2020,370.87
2,4,2020,393.89
3,4,2020,207.65
4,4,2020,214.98
5,4,2020,753.44
6,4,2020,364.22
7,4,2020,463.95
8,4,2020,285.79
9,4,2020,203.41
10,4,2020,330.69
11,4,2020,376.38
12,4,2020,559.00
13,4,2020,311.21
14,4,2020,178.24
15,4,2020,179.98
16,4,2020,173.10
17,4,2020,240.98
18,4,2020,188.61
19,4,2020,514.86
20,4,2020,241.90
21,4,2020,270.74
22,4,2020,211.44
23,4,2020,314.33
24,4,2020,212.75
25,4,2020,322.31
26,4,2020,601.63
27,4,2020,544.81
28,4,2020,406.83
29,4,2020,215.48
30,4,2020,297.41
1,5,2020,199.13
2,5,2020,369.69
3,5,2020,315.76
4,5,2020,242.89
5,5,2020,222.51
6,5,2020,143.03
7,5,2020,322.31
8,5,2020,135.65
9,5,2020,122.90
10,5,2020,159.93
11,5,2020,377.59
12,5,2020,156.51
13,5,2020,176.04
14,5,2020,241.45
15,5,2020,190.15
16,5,2020,291.43
17,5,2020,322.95
18,5,2020,268.63
19,5,2020,251.24
20,5,2020,301.20
21,5,2020,34.27
22,5,2020,150.51
23,5,2020,163.44
24,5,2020,287.03
25,5,2020,195.34
26,5,2020,124.61
27,5,2020,267.67
28,5,2020,132.94
29,5,2020,106.19
30,5,2020,349.86
31,5,2020,576.88
1,6,2020,35.02
2,6,2020,60.54
3,6,2020,91.94
4,6,2020,21.68
5,6,2020,242.01
6,6,2020,88.82
7,6,2020,272.81
8,6,2020,223.07
9,6,2020,181.38
10,6,2020,100.37
11,6,2020,286.11
12,6,2020,243.69
13,6,2020,163.33
14,6,2020,198.75
15,6,2020,262.83
16,6,2020,338.43
17,6,2020,178.47
18,6,2020,60.56
19,6,2020,104.01
20,6,2020,178.06
21,6,2020,194.44
22,6,2020,208.20
23,6,2020,111.95
24,6,2020,90.63
25,6,2020,96.75
26,6,2020,193.43
27,6,2020,271.94
28,6,2020,297.98
29,6,2020,188.51
30,6,2020,233.01
1,7,2020,99.85
2,7,2020,48.56
3,7,2020,91.41
4,7,2020,96.10
5,7,2020,334.64
6,7,2020,173.51
7,7,2020,179.41
8,7,2020,104.79
9,7,2020,60.54
10,7,2020,52.36
11,7,2020,17.84
12,7,2020,280.77
13,7,2020,167.40
14,7,2020,96.02
15,7,2020,154.34
16,7,2020,131.30
17,7,2020,128.96
18,7,2020,92.83
19,7,2020,504.06
20,7,2020,169.39
21,7,2020,70.37
22,7,2020,93.11
23,7,2020,47.78
24,7,2020,165.10
25,7,2020,104.96
26,7,2020,196.03
27,7,2020,310.60
28,7,2020,39.47
29,7,2020,117.50
30,7,2020,140.52
31,7,2020,89.35
1,8,2020,53.33
2,8,2020,203.75
3,8,2020,106.74
4,8,2020,156.05
5,8,2020,166.70
6,8,2020,92.26
7,8,2020,50.98
8,8,2020,107.06
9,8,2020,147.27
10,8,2020,163.97
11,8,2020,134.69
12,8,2020,110.59
13,8,2020,70.69
14,8,2020,90.78
15,8,2020,53.26
16,8,2020,64.95
17,8,2020,230.08
18,8,2020,214.21
19,8,2020,133.54
20,8,2020,80.68
21,8,2020,75.09
22,8,2020,121.27
23,8,2020,233.94
24,8,2020,105.15
25,8,2020,40.07
26,8,2020,120.41
27,8,2020,69.39
28,8,2020,75.27
29,8,2020,209.88
30,8,2020,57.62
31,8,2020,88.79
1,9,2020,104.85
2,9,2020,96.89
3,9,2020,148.25
4,9,2020,134.77
5,9,2020,67.79
6,9,2020,251.12
7,9,2020,51.60
8,9,2020,57.61
9,9,2020,129.44
10,9,2020,91.61
11,9,2020,83.77
12,9,2020,114.91
13,9,2020,341.22
14,9,2020,224.86
15,9,2020,179.94
16,9,2020,200.05
17,9,2020,188.28
18,9,2020,72.64
19,9,2020,82.01
20,9,2020,377.51
21,9,2020,51.80
22,9,2020,114.59
23,9,2020,52.99
24,9,2020,79.39
25,9,2020,192.70
26,9,2020,64.40
27,9,2020,169.57
28,9,2020,231.34
29,9,2020,141.05
30,9,2020,146.85
1,10,2020,65.93
2,10,2020,154.89
3,10,2020,95.81
4,10,2020,168.52
5,10,2020,68.47
6,10,2020,271.02
7,10,2020,136.16
8,10,2020,67.32
9,10,2020,153.93
10,10,2020,160.31
11,10,2020,326.89
12,10,2020,253.52
13,10,2020,77.31
14,10,2020,183.80
15,10,2020,76.31
16,10,2020,35.89
17,10,2020,81.35
18,10,2020,351.97
19,10,2020,159.23
20,10,2020,127.99
21,10,2020,82.99
22,10,2020,77.08
23,10,2020,140.59
24,10,2020,185.35
25,10,2020,151.72
26,10,2020,220.99
27,10,2020,105.24
28,10,2020,163.91
29,10,2020,239.34
30,10,2020,434.66
31,10,2020,340.99
1,11,2020,178.33
2,11,2020,219.96
3,11,2020,70.42
4,11,2020,245.86
5,11,2020,204.60
6,11,2020,99.96
7,11,2020,146.37
8,11,2020,79.28
9,11,2020,90.23
10,11,2020,51.71
11,11,2020,193.96
12,11,2020,287.93
13,11,2020,50.00
14,11,2020,96.07
15,11,2020,147.77
16,11,2020,126.28
17,11,2020,66.24
18,11,2020,54.92
19,11,2020,63.19
20,11,2020,86.34
21,11,2020,83.00
22,11,2020,227.70
23,11,2020,277.39
24,11,2020,256.75
25,11,2020,351.65
26,11,2020,89.91
27,11,2020,72.75
28,11,2020,35.57
29,11,2020,90.49
30,11,2020,161.98
1,12,2020,79.16
2,12,2020,32.94
3,12,2020,23.74
4,12,2020,12.20
5,12,2020,33.01
6,12,2020,79.62
7,12,2020,122.81
8,12,2020,53.54
9,12,2020,66.52
10,12,2020,35.36
11,12,2020,60.71
12,12,2020,81.71
13,12,2020,314.20
14,12,2020,89.54
15,12,2020,65.98
16,12,2020,21.32
17,12,2020,59.10
18,12,2020,77.51
19,12,2020,34.23
20,12,2020,228.01
21,12,2020,35.35
22,12,2020,28.13
23,12,2020,24.47
24,12,2020,14.80
25,12,2020,51.32
26,12,2020,42.06
27,12,2020,125.67
28,12,2020,151.78
29,12,2020,101.83
30,12,2020,99.19
31,12,2020,42.09
1,1,2021,185.18
2,1,2021,58.08
3,1,2021,191.72
4,1,2021,105.18
5,1,2021,107.27
6,1,2021,190.29
7,1,2021,121.55
8,1,2021,75.23
9,1,2021,33.94
10,1,2021,259.64
11,1,2021,176.98
12,1,2021,157.24
13,1,2021,53.88
14,1,2021,46.44
15,1,2021,84.08
16,1,2021,51.87
17,1,2021,162.91
18,1,2021,40.01
19,1,2021,40.80
20,1,2021,22.03
21,1,2021,48.44
22,1,2021,12.40
23,1,2021,85.69
24,1,2021,184.49
25,1,2021,17.74
26,1,2021,186.19
27,1,2021,188.69
28,1,2021,141.53
29,1,2021,85.59
30,1,2021,67.35
31,1,2021,108.71
1,2,2021,104.12
2,2,2021,121.21
3,2,2021,64.27
4,2,2021,77.71
5,2,2021,70.65
6,2,2021,16.58
7,2,2021,31.10
8,2,2021,116.37
9,2,2021,79.27
10,2,2021,55.35
11,2,2021,46.27
12,2,2021,62.28
13,2,2021,165.14
14,2,2021,146.03
15,2,2021,96.23
16,2,2021,71.24
17,2,2021,11.25
18,2,2021,119.00
19,2,2021,12.29
20,2,2021,67.09
21,2,2021,49.06
22,2,2021,16.66
23,2,2021,91.57
24,2,2021,63.68
25,2,2021,45.56
26,2,2021,49.19
27,2,2021,16.21
28,2,2021,144.43
1,3,2021,170.05
2,3,2021,25.90
3,3,2021,43.87
4,3,2021,33.79
5,3,2021,174.67
6,3,2021,182.86
7,3,2021,32.67
8,3,2021,121.60
9,3,2021,13.13
10,3,2021,33.00
11,3,2021,173.50
12,3,2021,36.88
13,3,2021,16.90
14,3,2021,67.28
15,3,2021,52.90
16,3,2021,13.66
17,3,2021,67.96
18,3,2021,46.48
19,3,2021,62.32
20,3,2021,32.76
21,3,2021,64.51
22,3,2021,51.94
23,3,2021,13.50
24,3,2021,111.46
25,3,2021,35.28
26,3,2021,37.47
27,3,2021,33.64
28,3,2021,126.88
29,3,2021,17.37
30,3,2021,13.42
31,3,2021,67.74
1,4,2021,118.55
2,4,2021,51.39
3,4,2021,124.90
4,4,2021,125.31
5,4,2021,18.45
6,4,2021,41.76
7,4,2021,44.49
8,4,2021,58.53
9,4,2021,113.90
10,4,2021,70.17
11,4,2021,240.63
12,4,2021,55.01
13,4,2021,40.80
14,4,2021,32.20
15,4,2021,22.77
16,4,2021,50.96
17,4,2021,84.18
18,4,2021,33.95
19,4,2021,121.44
20,4,2021,39.79
21,4,2021,33.63
22,4,2021,58.70
23,4,2021,136.04
24,4,2021,67.87
25,4,2021,66.60
26,4,2021,121.14
27,4,2021,13.32
28,4,2021,75.77
29,4,2021,68.15
30,4,2021,50.17
1,5,2021,84.32
2,5,2021,67.49
3,5,2021,105.06
4,5,2021,41.33
5,5,2021,22.81
6,5,2021,23.76
7,5,2021,25.68
8,5,2021,17.88
9,5,2021,136.11
10,5,2021,53.73
11,5,2021,41.19
12,5,2021,10.97
13,5,2021,11.46
14,5,2021,12.65
15,5,2021,17.85
16,5,2021,51.54
17,5,2021,35.94
18,5,2021,67.26
19,5,2021,111.45
20,5,2021,119.84
21,5,2021,106.10
22,5,2021,53.72
23,5,2021,171.51
24,5,2021,17.97
25,5,2021,96.49
26,5,2021,11.13
27,5,2021,11.65
28,5,2021,12.98
29,5,2021,36.56
30,5,2021,34.58
31,5,2021,28.22
1,6,2021,15.62
2,6,2021,23.30
3,6,2021,48.38
4,6,2021,25.76
5,6,2021,55.24
6,6,2021,68.20
7,6,2021,18.46
8,6,2021,58.35
9,6,2021,104.71
10,6,2021,23.33
11,6,2021,38.85
12,6,2021,37.51
13,6,2021,53.47
14,6,2021,127.87
15,6,2021,101.53
16,6,2021,72.42
17,6,2021,50.22
18,6,2021,80.87
19,6,2021,18.95
20,6,2021,204.83
21,6,2021,38.46
22,6,2021,14.72
23,6,2021,24.60
24,6,2021,24.95
25,6,2021,13.70
26,6,2021,19.37
27,6,2021,110.52
28,6,2021,38.74
29,6,2021,15.22
30,6,2021,49.07
1,7,2021,25.94
2,7,2021,14.18
3,7,2021,19.87
4,7,2021,55.28
5,7,2021,109.38
6,7,2021,34.18
7,7,2021,38.01
8,7,2021,38.62
9,7,2021,14.01
10,7,2021,80.72
11,7,2021,366.23
12,7,2021,40.16
13,7,2021,61.89
14,7,2021,24.98
15,7,2021,13.20
16,7,2021,110.66
17,7,2021,237.65
18,7,2021,89.34
19,7,2021,39.31
20,7,2021,62.83
21,7,2021,85.79
22,7,2021,38.21
23,7,2021,13.58
24,7,2021,19.72
25,7,2021,86.41
26,7,2021,19.48
27,7,2021,87.54
28,7,2021,110.30
29,7,2021,38.28
30,7,2021,40.66
31,7,2021,19.45
1,8,2021,176.01
2,8,2021,19.41
3,8,2021,14.74
4,8,2021,47.53
5,8,2021,99.84
6,8,2021,13.48
7,8,2021,19.16
8,8,2021,17.72
9,8,2021,138.86
10,8,2021,28.72
11,8,2021,72.58
12,8,2021,76.19
13,8,2021,13.42
14,8,2021,19.49
15,8,2021,208.91
16,8,2021,38.74
17,8,2021,201.68
18,8,2021,69.60
19,8,2021,49.09
20,8,2021,13.35
21,8,2021,18.77
22,8,2021,206.35
23,8,2021,76.03
24,8,2021,28.87
25,8,2021,81.17
26,8,2021,12.16
27,8,2021,12.27
28,8,2021,17.01
29,8,2021,16.35
30,8,2021,18.79
31,8,2021,42.85
1,9,2021,11.20
2,9,2021,48.52
3,9,2021,49.37
4,9,2021,17.46
5,9,2021,69.33
6,9,2021,58.87
7,9,2021,126.12
8,9,2021,81.45
9,9,2021,58.05
10,9,2021,11.95
11,9,2021,31.98
12,9,2021,139.01
13,9,2021,160.70
14,9,2021,166.79
15,9,2021,11.36
16,9,2021,35.72
17,9,2021,12.28
18,9,2021,16.89
19,9,2021,16.18
20,9,2021,146.94
21,9,2021,281.83
22,9,2021,172.20
23,9,2021,23.55
24,9,2021,24.30
25,9,2021,33.81
26,9,2021,96.49
27,9,2021,143.59
28,9,2021,41.99
29,9,2021,44.72
30,9,2021,68.98
1,10,2021,70.87
2,10,2021,66.70
3,10,2021,15.73
4,10,2021,107.13
5,10,2021,13.60
6,10,2021,102.87
7,10,2021,82.45
8,10,2021,36.59
9,10,2021,33.94
10,10,2021,16.15
11,10,2021,18.88
12,10,2021,28.43
13,10,2021,45.33
14,10,2021,11.43
15,10,2021,37.07
16,10,2021,32.90
17,10,2021,215.27
18,10,2021,18.44
19,10,2021,14.05
20,10,2021,22.61
21,10,2021,92.46
22,10,2021,12.25
23,10,2021,16.72
24,10,2021,65.43
25,10,2021,54.32
26,10,2021,69.58
27,10,2021,101.17
28,10,2021,57.06
29,10,2021,24.12
30,10,2021,16.28
31,10,2021,16.15
1,11,2021,127.18
2,11,2021,26.74
3,11,2021,216.70
4,11,2021,187.34
5,11,2021,215.79
6,11,2021,301.82
7,11,2021,338.45
8,11,2021,358.99
9,11,2021,257.17
10,11,2021,22.60
11,11,2021,12.28
12,11,2021,12.64
13,11,2021,17.24
14,11,2021,79.85
15,11,2021,99.72
16,11,2021,42.10
17,11,2021,57.79
18,11,2021,35.75
19,11,2021,25.16
20,11,2021,17.25
21,11,2021,48.19
22,11,2021,18.56
23,11,2021,28.81
24,11,2021,12.72
25,11,2021,38.30
26,11,2021,45.48
27,11,2021,213.71
28,11,2021,154.74
29,11,2021,54.30
30,11,2021,111.66
1,12,2021,113.42
2,12,2021,106.94
3,12,2021,180.95
4,12,2021,162.43
5,12,2021,16.96
6,12,2021,18.39
7,12,2021,70.19
8,12,2021,23.70
9,12,2021,24.22
10,12,2021,52.19
11,12,2021,111.82
12,12,2021,191.41
13,12,2021,18.87
14,12,2021,43.16
15,12,2021,35.71
16,12,2021,62.91
17,12,2021,159.57
18,12,2021,36.82
19,12,2021,84.68
20,12,2021,58.79
21,12,2021,134.62
22,12,2021,135.63
23,12,2021,66.70
24,12,2021,81.14
25,12,2021,333.57
26,12,2021,366.06
27,12,2021,218.69
28,12,2021,49.81
29,12,2021,57.65
30,12,2021,86.41
31,12,2021,120.62
1,1,2022,222.61
2,1,2022,120.22
3,1,2022,112.25
4,1,2022,33.62
5,1,2022,42.88
6,1,2022,86.93
7,1,2022,20.10
8,1,2022,45.76
9,1,2022,90.78
10,1,2022,100.45
11,1,2022,21.43
12,1,2022,225.35
13,1,2022,83.55
14,1,2022,115.98
15,1,2022,76.90
16,1,2022,168.53
17,1,2022,34.02
18,1,2022,33.69
19,1,2022,8.13
20,1,2022,49.95
21,1,2022,87.59
22,1,2022,61.26
23,1,2022,61.37
24,1,2022,73.26
25,1,2022,234.53
26,1,2022,144.59
27,1,2022,169.89
28,1,2022,48.52
29,1,2022,110.78
30,1,2022,306.93
31,1,2022,157.03
1,2,2022,136.45
2,2,2022,171.84
3,2,2022,115.14
4,2,2022,39.30
5,2,2022,30.89
6,2,2022,137.03
7,2,2022,28.42
8,2,2022,10.51
9,2,2022,31.37
10,2,2022,49.65
11,2,2022,59.30
12,2,2022,119.68
13,2,2022,131.51
14,2,2022,114.88
15,2,2022,42.75
16,2,2022,38.92
17,2,2022,66.56
18,2,2022,133.01
19,2,2022,91.75
20,2,2022,122.30
21,2,2022,63.24
22,2,2022,34.09
23,2,2022,73.48
24,2,2022,85.22
25,2,2022,168.78
26,2,2022,216.87
27,2,2022,136.23
28,2,2022,73.70
1,3,2022,84.97
2,3,2022,121.46
3,3,2022,164.71
4,3,2022,58.61
5,3,2022,108.12
6,3,2022,104.01
7,3,2022,56.91
8,3,2022,143.30
9,3,2022,107.69
10,3,2022,142.35
11,3,2022,188.09
12,3,2022,112.77
13,3,2022,227.64
14,3,2022,246.05
15,3,2022,91.68
16,3,2022,93.49
17,3,2022,111.31
18,3,2022,122.22
19,3,2022,84.36
20,3,2022,172.07
21,3,2022,153.11
22,3,2022,69.19
23,3,2022,98.22
24,3,2022,70.71
25,3,2022,102.17
26,3,2022,137.25
27,3,2022,258.25
28,3,2022,119.08
29,3,2022,184.66
30,3,2022,110.86
31,3,2022,96.02
1,4,2022,69.12
2,4,2022,33.04
3,4,2022,47.36
4,4,2022,58.15
5,4,2022,101.63
6,4,2022,128.50
7,4,2022,78.46
8,4,2022,20.62
9,4,2022,81.69
10,4,2022,295.73
11,4,2022,193.19
12,4,2022,34.16
13,4,2022,51.43
14,4,2022,103.15
15,4,2022,41.63
16,4,2022,34.83
17,4,2022,32.70
18,4,2022,76.98
19,4,2022,239.84
20,4,2022,75.77
21,4,2022,69.98
22,4,2022,90.54
23,4,2022,66.02
24,4,2022,45.49
25,4,2022,131.45
26,4,2022,44.42
27,4,2022,33.48
28,4,2022,60.13
29,4,2022,131.51
30,4,2022,327.42
1,5,2022,113.96
2,5,2022,73.17
3,5,2022,110.17
4,5,2022,199.17
5,5,2022,130.68
6,5,2022,250.97
7,5,2022,67.62
8,5,2022,277.25
9,5,2022,129.57
10,5,2022,112.36
11,5,2022,92.85
12,5,2022,68.63
13,5,2022,120.14
14,5,2022,94.75
15,5,2022,94.39
16,5,2022,57.32
17,5,2022,22.37
18,5,2022,125.30
19,5,2022,131.05
20,5,2022,149.55
21,5,2022,200.66
22,5,2022,167.08
23,5,2022,179.29
24,5,2022,92.70
25,5,2022,172.07
26,5,2022,166.85
27,5,2022,231.82
28,5,2022,32.78
29,5,2022,165.64
30,5,2022,48.78
31,5,2022,25.72
1,6,2022,69.88
2,6,2022,116.11
3,6,2022,81.92
4,6,2022,16.62
5,6,2022,60.22
6,6,2022,45.61
7,6,2022,69.52
8,6,2022,61.53
9,6,2022,113.22
10,6,2022,92.05
11,6,2022,35.14
12,6,2022,95.94
13,6,2022,93.86
14,6,2022,35.20
15,6,2022,53.80
16,6,2022,152.05
17,6,2022,70.87
18,6,2022,85.74
19,6,2022,152.69
20,6,2022,33.32
21,6,2022,98.16
22,6,2022,118.73
23,6,2022,55.00
24,6,2022,84.02
25,6,2022,68.51
26,6,2022,276.25
27,6,2022,80.28
28,6,2022,72.94
29,6,2022,52.98
30,6,2022,172.69
1,7,2022,188.65
2,7,2022,34.45
3,7,2022,51.31
4,7,2022,109.05
5,7,2022,56.09
6,7,2022,77.50
7,7,2022,95.37
8,7,2022,74.24
9,7,2022,55.05
10,7,2022,114.31
11,7,2022,33.04
12,7,2022,61.95
13,7,2022,46.66
14,7,2022,141.31
15,7,2022,107.08
16,7,2022,55.19
17,7,2022,133.23
18,7,2022,48.30
19,7,2022,108.18
20,7,2022,149.94
21,7,2022,119.90
22,7,2022,115.32
23,7,2022,106.76
24,7,2022,150.93
25,7,2022,79.82
26,7,2022,50.23
27,7,2022,194.15
28,7,2022,180.36
29,7,2022,86.11
30,7,2022,54.47
31,7,2022,115.53
1,8,2022,265.40
2,8,2022,60.94
3,8,2022,125.84
4,8,2022,104.16
5,8,2022,126.28
6,8,2022,90.02
7,8,2022,165.08
8,8,2022,259.28
9,8,2022,87.15
10,8,2022,120.54
11,8,2022,141.42
12,8,2022,106.87
13,8,2022,74.14
14,8,2022,50.45
15,8,2022,111.66
16,8,2022,59.72
17,8,2022,99.81
18,8,2022,9.12
19,8,2022,114.81
20,8,2022,114.90
21,8,2022,128.43
22,8,2022,446.93
23,8,2022,58.62
24,8,2022,70.68
25,8,2022,79.66
26,8,2022,58.58
27,8,2022,47.79
28,8,2022,61.43
29,8,2022,105.70
30,8,2022,127.62
31,8,2022,85.80
1,9,2022,42.39
2,9,2022,36.42
3,9,2022,14.56
4,9,2022,206.11
5,9,2022,46.61
6,9,2022,60.81
7,9,2022,96.27
8,9,2022,38.83
9,9,2022,47.57
10,9,2022,28.75
11,9,2022,29.05
12,9,2022,186.29
13,9,2022,22.00
14,9,2022,33.52
15,9,2022,181.06
16,9,2022,73.17
17,9,2022,160.71
18,9,2022,145.85
19,9,2022,14.36
20,9,2022,65.92
21,9,2022,106.16
22,9,2022,171.54
23,9,2022,121.27
24,9,2022,28.94
25,9,2022,58.94
26,9,2022,85.10
27,9,2022,145.78
28,9,2022,142.80
29,9,2022,34.05
30,9,2022,102.04
1,10,2022,42.71
2,10,2022,542.10
3,10,2022,171.21
4,10,2022,164.15
5,10,2022,210.92
6,10,2022,77.47
7,10,2022,28.39
8,10,2022,103.93
9,10,2022,197.14
10,10,2022,74.79
11,10,2022,22.91
12,10,2022,50.15
13,10,2022,50.96
14,10,2022,258.67
15,10,2022,72.37
16,10,2022,58.25
17,10,2022,56.99
18,10,2022,43.13
19,10,2022,67.88
20,10,2022,83.43
21,10,2022,9.46
22,10,2022,14.74
23,10,2022,99.57
24,10,2022,157.87
25,10,2022,122.36
26,10,2022,133.09
27,10,2022,196.18
28,10,2022,137.82
29,10,2022,14.45
30,10,2022,86.98
31,10,2022,213.24
1,11,2022,185.79
2,11,2022,41.91
3,11,2022,110.46
4,11,2022,46.27
5,11,2022,29.30
6,11,2022,160.95
7,11,2022,169.53
8,11,2022,112.58
9,11,2022,134.89
10,11,2022,97.71
11,11,2022,39.43
12,11,2022,61.99
13,11,2022,257.88
14,11,2022,264.10
15,11,2022,69.00
16,11,2022,242.28
17,11,2022,147.22
18,11,2022,143.64
19,11,2022,170.14
20,11,2022,180.72
21,11,2022,161.84
22,11,2022,320.98
23,11,2022,224.08
24,11,2022,197.36
25,11,2022,63.12
26,11,2022,168.28
27,11,2022,148.03
28,11,2022,187.46
29,11,2022,22.87
30,11,2022,52.87
1,12,2022,78.72
2,12,2022,9.80
3,12,2022,31.67
4,12,2022,106.61
5,12,2022,225.32
6,12,2022,56.08
7,12,2022,76.71
8,12,2022,95.78
9,12,2022,120.84
10,12,2022,161.95
11,12,2022,92.90
12,12,2022,104.44
13,12,2022,46.18
14,12,2022,88.71
15,12,2022,80.71
16,12,2022,97.13
17,12,2022,48.07
18,12,2022,114.73
19,12,2022,46.11
20,12,2022,96.36
21,12,2022,35.43
22,12,2022,116.90
23,12,2022,35.07
24,12,2022,58.46
25,12,2022,157.97
26,12,2022,79.46
27,12,2022,99.03
28,12,2022,123.64
29,12,2022,82.15
30,12,2022,131.67
31,12,2022,206.74
1,1,2023,196.53
2,1,2023,93.41
3,1,2023,49.69
4,1,2023,62.04
5,1,2023,292.52
6,1,2023,90.21
7,1,2023,194.97
8,1,2023,248.66
9,1,2023,72.12
10,1,2023,904.65
11,1,2023,154.50
12,1,2023,229.38
13,1,2023,99.05
14,1,2023,31.20
15,1,2023,277.58
16,1,2023,67.86
17,1,2023,114.29
18,1,2023,109.52
19,1,2023,34.00
20,1,2023,207.69
21,1,2023,141.88
22,1,2023,77.63
23,1,2023,301.34
24,1,2023,249.54
25,1,2023,273.12
26,1,2023,43.55
27,1,2023,117.38
28,1,2023,47.75
29,1,2023,125.45
30,1,2023,196.65
31,1,2023,176.14
1,2,2023,206.28
2,2,2023,249.98
3,2,2023,30.57
4,2,2023,65.95
5,2,2023,47.91
6,2,2023,317.77
7,2,2023,256.58
8,2,2023,108.98
9,2,2023,122.55
10,2,2023,30.45
11,2,2023,188.18
12,2,2023,15.92
13,2,2023,14.21
14,2,2023,139.24
15,2,2023,216.26
16,2,2023,67.30
17,2,2023,47.78
18,2,2023,179.90
19,2,2023,78.54
20,2,2023,31.25
21,2,2023,113.89
22,2,2023,41.15
23,2,2023,163.06
24,2,2023,85.09
25,2,2023,45.89
26,2,2023,14.69
27,2,2023,13.77
28,2,2023,10.58
1,3,2023,96.62
2,3,2023,243.76
3,3,2023,64.10
4,3,2023,43.48
5,3,2023,158.83
6,3,2023,13.77
7,3,2023,246.45
8,3,2023,16.43
9,3,2023,25.43
10,3,2023,337.36
11,3,2023,265.47
12,3,2023,42.01
13,3,2023,239.50
14,3,2023,74.82
15,3,2023,65.92
16,3,2023,271.32
17,3,2023,78.30
18,3,2023,32.77
19,3,2023,97.28
20,3,2023,148.86
21,3,2023,76.14
22,3,2023,189.59
23,3,2023,341.16
24,3,2023,248.86
25,3,2023,168.52
26,3,2023,218.28
27,3,2023,133.66
28,3,2023,222.47
29,3,2023,139.25
30,3,2023,168.79
31,3,2023,98.47
1,4,2023,124.12
2,4,2023,248.19
3,4,2023,105.28
4,4,2023,145.63
5,4,2023,146.50
6,4,2023,24.48
7,4,2023,50.50
8,4,2023,139.98
9,4,2023,81.15
10,4,2023,55.68
11,4,2023,182.49
12,4,2023,88.10
13,4,2023,188.66
14,4,2023,20.06
15,4,2023,16.54
16,4,2023,149.85
17,4,2023,94.36
18,4,2023,72.93
19,4,2023,177.38
20,4,2023,8.38
21,4,2023,188.08
22,4,2023,78.59
23,4,2023,47.87
24,4,2023,274.86
25,4,2023,62.58
26,4,2023,92.50
27,4,2023,301.22
28,4,2023,27.44
29,4,2023,14.51
30,4,2023,192.86
1,5,2023,38.50
2,5,2023,542.55
3,5,2023,146.93
4,5,2023,145.94
5,5,2023,19.63
6,5,2023,45.73
7,5,2023,112.04
8,5,2023,540.52
9,5,2023,71.35
10,5,2023,7.60
11,5,2023,172.40
12,5,2023,67.25
13,5,2023,62.52
14,5,2023,108.86
15,5,2023,104.07
16,5,2023,10.36
17,5,2023,23.53
18,5,2023,293.47
19,5,2023,68.30
20,5,2023,287.15
21,5,2023,125.42
22,5,2023,902.81
23,5,2023,52.84
24,5,2023,55.97
25,5,2023,32.44
26,5,2023,289.17
27,5,2023,46.92
28,5,2023,47.55
29,5,2023,42.21
30,5,2023,23.32
31,5,2023,220.41
1,6,2023,24.44
2,6,2023,90.46
3,6,2023,60.40
4,6,2023,60.88
5,6,2023,26.86
6,6,2023,21.92
7,6,2023,24.66
8,6,2023,180.41
9,6,2023,19.08
10,6,2023,46.11
11,6,2023,15.80
12,6,2023,240.04
13,6,2023,10.79
14,6,2023,24.70
15,6,2023,93.19
16,6,2023,29.71
17,6,2023,32.21
18,6,2023,78.98
19,6,2023,48.49
20,6,2023,55.94
21,6,2023,94.41
22,6,2023,17.36
23,6,2023,19.43
24,6,2023,15.66
25,6,2023,297.76
26,6,2023,268.82
27,6,2023,67.19
28,6,2023,96.04
29,6,2023,25.80
30,6,2023,68.45
1,7,2023,60.77
2,7,2023,68.48
3,7,2023,15.59
4,7,2023,19.96
5,7,2023,40.04
6,7,2023,8.92
7,7,2023,10.23
8,7,2023,15.93
9,7,2023,154.39
10,7,2023,44.09
11,7,2023,11.03
12,7,2023,45.04
13,7,2023,164.72
14,7,2023,427.76
15,7,2023,77.55
16,7,2023,52.05
17,7,2023,58.49
18,7,2023,11.40
19,7,2023,52.99
20,7,2023,389.07
21,7,2023,50.49
22,7,2023,46.02
23,7,2023,17.81
24,7,2023,29.20
25,7,2023,22.03
26,7,2023,89.06
27,7,2023,43.15
28,7,2023,176.89
29,7,2023,74.85
30,7,2023,205.34
31,7,2023,255.77
1,8,2023,247.71
2,8,2023,8.87
3,8,2023,214.88
4,8,2023,49.70
5,8,2023,30.71
6,8,2023,34.45
7,8,2023,14.15
8,8,2023,10.92
9,8,2023,26.45
10,8,2023,17.49
11,8,2023,132.10
12,8,2023,14.80
13,8,2023,16.81
14,8,2023,239.90
15,8,2023,43.08
16,8,2023,35.52
17,8,2023,25.06
18,8,2023,19.39
19,8,2023,28.57
20,8,2023,113.03
21,8,2023,273.32
22,8,2023,21.28
23,8,2023,222.43
24,8,2023,16.06
25,8,2023,9.25
26,8,2023,51.65
27,8,2023,15.96
28,8,2023,13.15
29,8,2023,10.09
30,8,2023,33.47
31,8,2023,8.13
1,9,2023,26.59
2,9,2023,24.76
3,9,2023,16.97
4,9,2023,173.42
5,9,2023,10.89
6,9,2023,41.42
7,9,2023,39.24
8,9,2023,203.38
9,9,2023,12.33
10,9,2023,76.86
11,9,2023,126.90
12,9,2023,125.65
13,9,2023,141.23
14,9,2023,31.70
15,9,2023,44.00
16,9,2023,38.08
17,9,2023,15.14
18,9,2023,38.66
19,9,2023,19.75
20,9,2023,48.34
21,9,2023,23.30
22,9,2023,8.64
23,9,2023,37.93
24,9,2023,14.83
25,9,2023,12.86
26,9,2023,30.54
27,9,2023,112.54
28,9,2023,23.19
29,9,2023,8.51
30,9,2023,12.45
1,10,2023,45.10
2,10,2023,25.28
3,10,2023,10.14
4,10,2023,24.29
5,10,2023,7.87
6,10,2023,129.95
7,10,2023,26.07
8,10,2023,94.88
9,10,2023,152.56
10,10,2023,10.45
11,10,2023,187.74
12,10,2023,55.34
13,10,2023,172.41
14,10,2023,26.40
15,10,2023,892.29
16,10,2023,71.57
17,10,2023,78.94
18,10,2023,32.71
19,10,2023,152.95
20,10,2023,459.79
21,10,2023,291.40
22,10,2023,313.65
23,10,2023,242.75
24,10,2023,29.91
25,10,2023,71.58
26,10,2023,153.10
27,10,2023,227.97
28,10,2023,37.46
29,10,2023,59.36
30,10,2023,356.93
31,10,2023,40.46
1,11,2023,157.53
2,11,2023,48.19
3,11,2023,56.72
4,11,2023,26.07
5,11,2023,44.77
6,11,2023,82.91
7,11,2023,56.79
8,11,2023,297.62
9,11,2023,252.32
10,11,2023,154.34
11,11,2023,56.78
12,11,2023,73.23
13,11,2023,50.85
14,11,2023,9.83
15,11,2023,24.64
16,11,2023,32.65
17,11,2023,508.48
18,11,2023,41.21
19,11,2023,77.72
20,11,2023,37.54
21,11,2023,88.36
22,11,2023,41.22
23,11,2023,27.03
24,11,2023,70.99
25,11,2023,30.53
26,11,2023,100.46
27,11,2023,27.51
28,11,2023,236.49
29,11,2023,76.12
30,11,2023,24.24
1,12,2023,9.16
2,12,2023,13.45
3,12,2023,44.75
4,12,2023,13.44
5,12,2023,280.26
6,12,2023,49.57
7,12,2023,72.51
8,12,2023,94.32
9,12,2023,180.66
10,12,2023,64.75
11,12,2023,55.83
12,12,2023,10.78
13,12,2023,26.01
14,12,2023,33.73
15,12,2023,37.93
16,12,2023,13.64
17,12,2023,49.75
18,12,2023,625.54
19,12,2023,226.39
20,12,2023,43.43
21,12,2023,25.20
22,12,2023,52.53
23,12,2023,351.39
24,12,2023,72.78
25,12,2023,65.06
26,12,2023,116.75
27,12,2023,268.82
28,12,2023,344.24
29,12,2023,94.12
30,12,2023,82.08
31,12,2023,145.24
1,1,2024,52.74
2,1,2024,50.17
3,1,2024,47.39
4,1,2024,142.64
5,1,2024,79.88
6,1,2024,98.94
7,1,2024,143.51
8,1,2024,40.32
9,1,2024,32.32
10,1,2024,35.13
11,1,2024,33.25
12,1,2024,67.25
13,1,2024,13.56
14,1,2024,16.66
15,1,2024,15.02
16,1,2024,56.22
17,1,2024,17.49
18,1,2024,201.24
19,1,2024,367.02
20,1,2024,55.15
21,1,2024,16.95
22,1,2024,251.38
23,1,2024,198.45
24,1,2024,43.09
25,1,2024,158.74
26,1,2024,9.74
27,1,2024,14.12
28,1,2024,47.87
29,1,2024,13.95
30,1,2024,31.56
31,1,2024,16.51
1,2,2024,152.74
2,2,2024,9.65
3,2,2024,27.89
4,2,2024,112.03
5,2,2024,281.84
6,2,2024,30.76
7,2,2024,205.61
8,2,2024,8.07
9,2,2024,18.68
10,2,2024,13.28
11,2,2024,275.83
12,2,2024,303.13
13,2,2024,53.44
14,2,2024,76.07
15,2,2024,185.68
16,2,2024,9.57
17,2,2024,27.75
18,2,2024,16.56
19,2,2024,62.15
20,2,2024,229.63
21,2,2024,292.04
22,2,2024,176.15
23,2,2024,9.92
24,2,2024,245.48
25,2,2024,97.55
26,2,2024,13.35
27,2,2024,205.46
28,2,2024,138.93
29,2,2024,57.22
1,3,2024,9.61
2,3,2024,54.65
3,3,2024,16.05
4,3,2024,341.86
5,3,2024,206.34
6,3,2024,25.00
7,3,2024,8.27
8,3,2024,19.25
9,3,2024,26.90
10,3,2024,15.69
11,3,2024,13.47
12,3,2024,21.14
13,3,2024,289.93
14,3,2024,16.63
15,3,2024,188.64
16,3,2024,43.36
17,3,2024,32.71
18,3,2024,184.08
19,3,2024,20.99
20,3,2024,82.86
21,3,2024,186.73
22,3,2024,191.79
23,3,2024,57.42
24,3,2024,32.59
25,3,2024,13.94
26,3,2024,288.74
27,3,2024,194.97
28,3,2024,8.65
29,3,2024,51.39
30,3,2024,101.10
31,3,2024,16.78
1,4,2024,40.72
2,4,2024,10.56
3,4,2024,33.85
4,4,2024,17.47
5,4,2024,20.35
6,4,2024,42.57
7,4,2024,65.18
8,4,2024,28.26
9,4,2024,10.80
10,4,2024,17.20
11,4,2024,169.67
12,4,2024,92.48
13,4,2024,29.11
14,4,2024,83.84
15,4,2024,55.51
16,4,2024,52.76
17,4,2024,33.70
18,4,2024,16.66
19,4,2024,20.29
20,4,2024,58.03
21,4,2024,64.83
22,4,2024,13.90
23,4,2024,20.47
24,4,2024,139.47
25,4,2024,296.07
26,4,2024,39.50
27,4,2024,14.14
28,4,2024,48.91
29,4,2024,14.06
30,4,2024,388.11
1,5,2024,169.47
2,5,2024,16.26
3,5,2024,39.01
4,5,2024,57.14
5,5,2024,16.71
6,5,2024,53.60
7,5,2024,10.22
8,5,2024,8.57
9,5,2024,25.37
10,5,2024,10.02
11,5,2024,43.15
12,5,2024,270.91
13,5,2024,27.71
14,5,2024,32.26
15,5,2024,25.31
16,5,2024,25.56
17,5,2024,10.18
18,5,2024,14.51
19,5,2024,68.49
20,5,2024,28.58
21,5,2024,130.76
22,5,2024,18.10
23,5,2024,35.25
24,5,2024,10.87
25,5,2024,30.84
26,5,2024,142.74
27,5,2024,22.96
28,5,2024,24.92
29,5,2024,56.99
30,5,2024,63.15
31,5,2024,21.12
1,6,2024,71.90
2,6,2024,17.02
3,6,2024,44.46
4,6,2024,11.87
5,6,2024,27.82
6,6,2024,9.15
7,6,2024,11.23
8,6,2024,15.90
9,6,2024,36.27
10,6,2024,15.21
11,6,2024,11.98
12,6,2024,122.19
13,6,2024,114.15
14,6,2024,11.12
15,6,2024,49.19
16,6,2024,54.72
17,6,2024,46.53
18,6,2024,23.67
19,6,2024,21.26
20,6,2024,39.35
21,6,2024,11.76
22,6,2024,16.91
23,6,2024,18.48
24,6,2024,15.36
25,6,2024,23.76
26,6,2024,48.78
27,6,2024,9.73
28,6,2024,22.77
29,6,2024,837.60
30,6,2024,229.26
1,7,2024,213.60
2,7,2024,108.83
3,7,2024,77.21
4,7,2024,88.61
5,7,2024,1922.10
6,7,2024,438.61
7,7,2024,54.83
8,7,2024,71.84
9,7,2024,56.27
10,7,2024,39.95
11,7,2024,38.81
12,7,2024,81.49
13,7,2024,192.81
14,7,2024,40.02
15,7,2024,130.85
16,7,2024,36.32
17,7,2024,101.83
18,7,2024,32.98
19,7,2024,49.91
20,7,2024,62.35
21,7,2024,261.61
22,7,2024,56.35
23,7,2024,89.78
24,7,2024,25.98
25,7,2024,72.98
26,7,2024,35.77
27,7,2024,51.21
28,7,2024,38.09
29,7,2024,47.42
30,7,2024,36.15
31,7,2024,9.92
1,8,2024,18.81
2,8,2024,78.91
3,8,2024,16.20
4,8,2024,90.34
5,8,2024,662.21
6,8,2024,427.05
7,8,2024,30.00
8,8,2024,19.52
9,8,2024,57.52
10,8,2024,75.77
11,8,2024,275.18
12,8,2024,123.49
13,8,2024,170.92
14,8,2024,86.26
15,8,2024,383.63
16,8,2024,136.48
17,8,2024,32.54
18,8,2024,125.65
19,8,2024,170.46
20,8,2024,225.70
21,8,2024,28.75
22,8,2024,36.60
23,8,2024,32.24
24,8,2024,47.29
25,8,2024,70.16
26,8,2024,30.41
27,8,2024,11.71
28,8,2024,9.35
29,8,2024,8.97
30,8,2024,117.23
31,8,2024,14.48
1,9,2024,17.24
2,9,2024,44.46
3,9,2024,49.62
4,9,2024,121.73
5,9,2024,80.97
6,9,2024,52.00
7,9,2024,27.49
8,9,2024,51.07
9,9,2024,29.18
10,9,2024,44.24
11,9,2024,9.07
12,9,2024,27.09
13,9,2024,50.79
14,9,2024,27.27
15,9,2024,33.50
16,9,2024,14.11
17,9,2024,33.48
18,9,2024,150.83
19,9,2024,130.65
20,9,2024,10.25
21,9,2024,40.57
22,9,2024,16.49
23,9,2024,89.14
24,9,2024,22.37
25,9,2024,27.27
26,9,2024,26.93
27,9,2024,41.31
28,9,2024,27.84
29,9,2024,49.35
30,9,2024,58.13
1,10,2024,121.35
2,10,2024,64.60
3,10,2024,45.74
4,10,2024,545.77
5,10,2024,43.53
6,10,2024,169.26
7,10,2024,98.69
8,10,2024,34.50
9,10,2024,8.94
10,10,2024,18.13
11,10,2024,20.92
12,10,2024,43.85
13,10,2024,84.30
14,10,2024,44.79
15,10,2024,10.84
16,10,2024,8.72
17,10,2024,25.83
18,10,2024,10.23
19,10,2024,55.00
20,10,2024,15.93
21,10,2024,42.98
22,10,2024,500.38
23,10,2024,62.48
24,10,2024,26.52
25,10,2024,49.91
26,10,2024,535.45
27,10,2024,127.20
28,10,2024,28.38
29,10,2024,55.62
30,10,2024,79.28
31,10,2024,105.97
1,11,2024,40.71
2,11,2024,96.71
3,11,2024,208.07
4,11,2024,27.66
5,11,2024,92.29
6,11,2024,69.64
7,11,2024,348.68
8,11,2024,40.48
9,11,2024,68.47
10,11,2024,181.73
11,11,2024,57.14
12,11,2024,323.72
13,11,2024,205.78
14,11,2024,124.71
15,11,2024,132.77
16,11,2024,159.45
17,11,2024,280.26
18,11,2024,419.34
19,11,2024,191.06
20,11,2024,52.07
21,11,2024,35.53
22,11,2024,162.46
23,11,2024,28.99
24,11,2024,128.30
25,11,2024,25.60
26,11,2024,21.90
27,11,2024,15.77
28,11,2024,13.78
29,11,2024,12.40
30,11,2024,61.57
1,12,2024,16.76
2,12,2024,29.51
3,12,2024,22.00
4,12,2024,50.95
5,12,2024,35.27
6,12,2024,615.40
7,12,2024,43.62
8,12,2024,47.66
9,12,2024,14.27
10,12,2024,229.33
11,12,2024,37.82
12,12,2024,45.74
13,12,2024,95.64
14,12,2024,106.02
15,12,2024,164.85
16,12,2024,13.31
17,12,2024,76.08
18,12,2024,113.41
19,12,2024,119.60
20,12,2024,30.30
21,12,2024,45.75
22,12,2024,120.92
23,12,2024,14.04
24,12,2024,42.26
25,12,2024,20.04
26,12,2024,24.82
27,12,2024,62.24
28,12,2024,34.27
29,12,2024,67.82
30,12,2024,78.97
31,12,2024,39.18
1,1,2025,116.53
2,1,2025,21.56
3,1,2025,90.16
4,1,2025,90.94
5,1,2025,51.71
6,1,2025,28.47
7,1,2025,58.05
8,1,2025,28.30
9,1,2025,104.10
10,1,2025,32.33
11,1,2025,166.42
12,1,2025,812.60
13,1,2025,85.69
14,1,2025,77.43
15,1,2025,45.42
16,1,2025,54.39
17,1,2025,95.40
18,1,2025,102.47
19,1,2025,405.37
20,1,2025,32.81
21,1,2025,46.41
22,1,2025,29.06
23,1,2025,9.27
24,1,2025,194.33
25,1,2025,89.51
26,1,2025,86.80
27,1,2025,86.59
28,1,2025,113.05
29,1,2025,530.16
30,1,2025,163.17
31,1,2025,51.24
1,2,2025,85.83
2,2,2025,154.76
3,2,2025,226.03
4,2,2025,182.24
5,2,2025,67.05
6,2,2025,87.13
7,2,2025,10.79
8,2,2025,16.00
9,2,2025,230.27
10,2,2025,134.51
11,2,2025,48.49
12,2,2025,9.60
13,2,2025,19.42
14,2,2025,56.67
15,2,2025,150.73
16,2,2025,158.82
17,2,2025,51.50
18,2,2025,36.20
19,2,2025,175.15
20,2,2025,56.82
21,2,2025,144.04
22,2,2025,121.90
23,2,2025,160.90
24,2,2025,87.59
25,2,2025,55.40
26,2,2025,57.03
27,2,2025,55.43
28,2,2025,161.84
1,3,2025,60.28
2,3,2025,165.58
3,3,2025,58.61
4,3,2025,317.23
5,3,2025,339.19
6,3,2025,368.43
7,3,2025,704.47
8,3,2025,204.81
9,3,2025,689.87
10,3,2025,307.03
11,3,2025,555.62
12,3,2025,527.40
13,3,2025,709.60
14,3,2025,634.57
15,3,2025,547.55
16,3,2025,384.23
17,3,2025,759.60
18,3,2025,473.62
19,3,2025,434.94
20,3,2025,248.18
21,3,2025,237.32
22,3,2025,549.13
23,3,2025,440.53
24,3,2025,117.72
25,3,2025,459.88
26,3,2025,143.26
27,3,2025,108.40
28,3,2025,270.32
29,3,2025,143.04
30,3,2025,160.71
31,3,2025,387.86
1,4,2025,1063.60
2,4,2025,444.36
3,4,2025,473.43
4,4,2025,563.16
5,4,2025,970.41
6,4,2025,1015.16
7,4,2025,783.76
8,4,2025,541.37
9,4,2025,849.16
10,4,2025,966.08
11,4,2025,1521.87
12,4,2025,1141.16
13,4,2025,1168.93
14,4,2025,1098.81
15,4,2025,1156.03
16,4,2025,479.51
17,4,2025,531.73
18,4,2025,487.10
19,4,2025,443.64
20,4,2025,982.15
21,4,2025,593.39
22,4,2025,723.22
23,4,2025,480.39
24,4,2025,613.41
25,4,2025,253.95
26,4,2025,574.43
27,4,2025,488.43
28,4,2025,1149.00
29,4,2025,700.39
30,4,2025,550.17
1,5,2025,1067.08
2,5,2025,1004.34
3,5,2025,1230.46
4,5,2025,750.43
5,5,2025,563.35
6,5,2025,318.05
7,5,2025,323.73
8,5,2025,203.26
9,5,2025,1146.75
10,5,2025,385.32
11,5,2025,590.17
12,5,2025,535.24
13,5,2025,684.49
14,5,2025,745.33
15,5,2025,228.66
16,5,2025,280.19
17,5,2025,508.96
18,5,2025,568.47
19,5,2025,226.19
20,5,2025,196.13
21,5,2025,624.39
22,5,2025,220.68
23,5,2025,99.58
24,5,2025,232.96
25,5,2025,768.08
26,5,2025,186.91
27,5,2025,155.46
28,5,2025,161.52
29,5,2025,251.07
30,5,2025,340.10
31,5,2025,234.69
1,6,2025,137.37
2,6,2025,149.79
3,6,2025,198.44
4,6,2025,203.32
5,6,2025,205.04
6,6,2025,157.75
7,6,2025,219.78
8,6,2025,245.26
9,6,2025,318.09
10,6,2025,119.71
11,6,2025,87.64
12,6,2025,160.22
13,6,2025,217.27
14,6,2025,438.52
15,6,2025,332.39
16,6,2025,266.54
17,6,2025,270.98
18,6,2025,157.86
19,6,2025,245.58
20,6,2025,117.36
21,6,2025,286.37
22,6,2025,834.01
23,6,2025,174.56
24,6,2025,183.50
25,6,2025,89.96
26,6,2025,67.81
27,6,2025,127.68
28,6,2025,248.39
29,6,2025,598.04
30,6,2025,229.24
1,7,2025,226.04
2,7,2025,171.33
3,7,2025,79.19
4,7,2025,147.46
5,7,2025,200.92
6,7,2025,316.49
7,7,2025,197.08
8,7,2025,214.79
9,7,2025,63.58
10,7,2025,678.73
11,7,2025,211.62
12,7,2025,143.91
13,7,2025,149.10
14,7,2025,176.72
15,7,2025,632.88
16,7,2025,239.58
17,7,2025,118.78
18,7,2025,155.50
19,7,2025,162.21
20,7,2025,512.24
21,7,2025,99.09
22,7,2025,246.74
23,7,2025,175.29
24,7,2025,88.03
25,7,2025,107.47
26,7,2025,53.11
27,7,2025,93.91
28,7,2025,112.85
29,7,2025,785.04
30,7,2025,233.15
31,7,2025,337.52
1,8,2025,178.88
2,8,2025,357.32
3,8,2025,263.67
4,8,2025,142.84
5,8,2025,96.06
6,8,2025,130.45
7,8,2025,552.50
8,8,2025,174.96
9,8,2025,223.84
10,8,2025,74.84
11,8,2025,95.71
12,8,2025,98.21
13,8,2025,98.97
14,8,2025,76.18
15,8,2025,286.53
16,8,2025,102.97
17,8,2025,54.47
18,8,2025,325.71
19,8,2025,120.72
20,8,2025,114.27
21,8,2025,101.57
22,8,2025,154.51
23,8,2025,147.45
24,8,2025,144.95
25,8,2025,105.97
26,8,2025,69.52
27,8,2025,279.16
28,8,2025,108.71
29,8,2025,229.85
30,8,2025,77.09
31,8,2025,160.73
1,9,2025,108.47
2,9,2025,361.07
3,9,2025,177.67
4,9,2025,82.00
5,9,2025,111.16
6,9,2025,150.40
7,9,2025,206.48
8,9,2025,374.14
9,9,2025,205.34
10,9,2025,140.07
11,9,2025,53.92
12,9,2025,110.11
13,9,2025,89.02
14,9,2025,562.76
15,9,2025,158.15
16,9,2025,67.41
17,9,2025,63.23
18,9,2025,108.37
19,9,2025,76.49
20,9,2025,238.50
21,9,2025,551.49
22,9,2025,247.14
23,9,2025,202.30
24,9,2025,513.18
25,9,2025,125.21
26,9,2025,139.75
27,9,2025,136.07
28,9,2025,718.36
29,9,2025,145.48
30,9,2025,266.89
1,10,2025,126.83
2,10,2025,165.93
3,10,2025,152.38
4,10,2025,104.75
5,10,2025,502.65
6,10,2025,120.27
7,10,2025,81.36
8,10,2025,170.79
9,10,2025,241.58
10,10,2025,163.10
11,10,2025,121.06
12,10,2025,565.23
13,10,2025,433.68
14,10,2025,93.39
15,10,2025,82.26
16,10,2025,215.95
17,10,2025,500.58
18,10,2025,222.14
19,10,2025,98.31
20,10,2025,148.30
21,10,2025,458.84
22,10,2025,101.12
23,10,2025,27.44
24,10,2025,143.17
25,10,2025,193.87
26,10,2025,169.33
27,10,2025,28.16
28,10,2025,145.80
29,10,2025,127.59
30,10,2025,299.52
31,10,2025,224.49
1,11,2025,555.85
2,11,2025,305.00
3,11,2025,226.28
4,11,2025,110.30
5,11,2025,91.83
6,11,2025,142.81
7,11,2025,117.54
8,11,2025,60.42
9,11,2025,272.39
10,11,2025,142.92
11,11,2025,128.51
12,11,2025,117.86
13,11,2025,589.11
14,11,2025,96.54
15,11,2025,179.18
16,11,2025,244.54
17,11,2025,129.57
18,11,2025,204.03
19,11,2025,99.15
20,11,2025,151.67
21,11,2025,171.53
22,11,2025,119.87
23,11,2025,146.98
24,11,2025,130.68
25,11,2025,212.48
26,11,2025,145.20
27,11,2025,109.83
28,11,2025,161.65
29,11,2025,152.90
30,11,2025,238.18
1,12,2025,153.87
2,12,2025,119.89
3,12,2025,83.64
4,12,2025,216.59
5,12,2025,67.62
6,12,2025,78.50
7,12,2025,221.10
8,12,2025,103.26
9,12,2025,612.83
10,12,2025,163.29
11,12,2025,104.45
12,12,2025,188.76
13,12,2025,81.82
14,12,2025,35.99
15,12,2025,233.51
16,12,2025,145.60
17,12,2025,158.52
18,12,2025,182.07
19,12,2025,205.82
20,12,2025,126.68
21,12,2025,585.93
22,12,2025,156.59
23,12,2025,206.98
24,12,2025,78.12
25,12,2025,20.70
26,12,2025,199.28
27,12,2025,132.63
28,12,2025,617.26
29,12,2025,457.88
30,12,2025,87.81
31,12,2025,170.02
1,1,2026,84.04
2,1,2026,228.48
3,1,2026,137.78
4,1,2026,130.16
5,1,2026,196.00
6,1,2026,150.49
7,1,2026,84.42
8,1,2026,93.01
9,1,2026,78.74
10,1,2026,250.99
11,1,2026,242.14
12,1,2026,101.52
13,1,2026,148.83
14,1,2026,489.08
15,1,2026,209.78
16,1,2026,90.12
17,1,2026,61.57
18,1,2026,89.91
19,1,2026,89.65
20,1,2026,103.76
21,1,2026,147.67
22,1,2026,72.74
23,1,2026,109.47
24,1,2026,106.23
25,1,2026,245.61
26,1,2026,167.20
27,1,2026,106.87
28,1,2026,75.25
29,1,2026,241.72
30,1,2026,65.31
31,1,2026,47.13
1,2,2026,714.87
2,2,2026,121.31
3,2,2026,135.09
4,2,2026,274.32
5,2,2026,186.97
6,2,2026,55.06
7,2,2026,140.59
8,2,2026,549.65
9,2,2026,149.37
10,2,2026,56.30
11,2,2026,63.35
12,2,2026,490.58
13,2,2026,174.94
14,2,2026,105.51
15,2,2026,642.55
16,2,2026,83.79
17,2,2026,162.23
18,2,2026,73.64
19,2,2026,43.50
20,2,2026,109.03
21,2,2026,92.83
22,2,2026,188.04
23,2,2026,471.66
24,2,2026,748.67
25,2,2026,99.66
26,2,2026,122.17
27,2,2026,64.65
28,2,2026,102.13
1,3,2026,131.07
2,3,2026,447.91
3,3,2026,310.34
4,3,2026,275.64
5,3,2026,163.98
6,3,2026,296.09
7,3,2026,197.81
8,3,2026,180.68
9,3,2026,343.49
10,3,2026,241.44
11,3,2026,269.42
12,3,2026,244.73
13,3,2026,225.72
14,3,2026,155.97
15,3,2026,196.49
16,3,2026,174.02
17,3,2026,184.60
18,3,2026,228.20
19,3,2026,125.59
20,3,2026,140.50
21,3,2026,77.83
22,3,2026,277.68
23,3,2026,218.68
24,3,2026,173.10
25,3,2026,138.21
26,3,2026,229.16
27,3,2026,108.46
28,3,2026,506.32
29,3,2026,267.30
30,3,2026,386.67
31,3,2026,135.71
1,4,2026,242.84
2,4,2026,292.92
3,4,2026,328.67
4,4,2026,80.43
5,4,2026,426.58
6,4,2026,119.41
7,4,2026,182.16
8,4,2026,127.09
9,4,2026,194.88
10,4,2026,43.07
11,4,2026,966.33
12,4,2026,51.54
13,4,2026,204.07
14,4,2026,121.44
15,4,2026,136.01
16,4,2026,113.54
17,4,2026,207.74
18,4,2026,110.69
19,4,2026,157.43
20,4,2026,115.48
21,4,2026,95.31
22,4,2026,125.70
23,4,2026,367.21
24,4,2026,167.47
25,4,2026,30.12
26,4,2026,298.05
27,4,2026,199.93
28,4,2026,149.98
29,4,2026,202.68
30,4,2026,153.39
1,5,2026,833.68
2,5,2026,123.77
3,5,2026,231.41
4,5,2026,212.29
5,5,2026,258.46
6,5,2026,127.58
7,5,2026,223.81
8,5,2026,95.28
9,5,2026,205.24
10,5,2026,180.10
11,5,2026,143.02
12,5,2026,220.53
13,5,2026,80.14
14,5,2026,153.08
15,5,2026,381.17
16,5,2026,76.77
17,5,2026,208.57
18,5,2026,273.79
19,5,2026,74.79
20,5,2026,423.25
21,5,2026,105.10
22,5,2026,326.52
23,5,2026,79.68
24,5,2026,334.80
25,5,2026,139.05
26,5,2026,172.16
27,5,2026,176.74
28,5,2026,206.07
29,5,2026,128.50
30,5,2026,204.18
31,5,2026,304.57
1,6,2026,100.66
2,6,2026,164.76
3,6,2026,83.96
4,6,2026,383.50
5,6,2026,98.69
6,6,2026,78.37
7,6,2026,74.03
8,6,2026,103.75
9,6,2026,179.00
10,6,2026,72.47
11,6,2026,87.69
12,6,2026,134.09
13,6,2026,32.26
14,6,2026,90.29
15,6,2026,91.68
16,6,2026,134.62
17,6,2026,254.26
18,6,2026,274.19
19,6,2026,181.59
20,6,2026,165.82
21,6,2026,273.69
22,6,2026,670.50
23,6,2026,101.60
24,6,2026,236.06
25,6,2026,1581.01
26,6,2026,80.06
27,6,2026,64.22
28,6,2026,769.51
29,6,2026,150.68
30,6,2026,22.43
1,7,2026,113.33
2,7,2026,90.82
3,7,2026,89.73
4,7,2026,49.84
5,7,2026,96.42
6,7,2026,93.71
7,7,2026,71.58
8,7,2026,20.37
9,7,2026,180.70
10,7,2026,46.28
11,7,2026,33.28
12,7,2026,109.34
13,7,2026,75.55
14,7,2026,115.98
15,7,2026,180.71
16,7,2026,158.39
17,7,2026,229.22
18,7,2026,83.07
19,7,2026,92.25
20,7,2026,140.22
21,7,2026,127.72
22,7,2026,77.58
23,7,2026,217.12
24,7,2026,105.00
25,7,2026,103.80
26,7,2026,65.51
27,7,2026,106.81
28,7,2026,412.06
29,7,2026,97.83
30,7,2026,122.75
31,7,2026,141.58
1,8,2026,65.69
2,8,2026,73.80
3,8,2026,177.82
4,8,2026,253.49
5,8,2026,311.67
6,8,2026,226.46
7,8,2026,257.11
8,8,2026,16.08
9,8,2026,145.12
10,8,2026,322.96
11,8,2026,269.63
12,8,2026,424.99
13,8,2026,118.21
14,8,2026,125.10
15,8,2026,162.29
16,8,2026,374.52
17,8,2026,186.64
18,8,2026,150.28
19,8,2026,113.38
20,8,2026,92.95
21,8,2026,55.92
22,8,2026,78.76
23,8,2026,82.47
24,8,2026,520.15
25,8,2026,147.40
26,8,2026,312.48
27,8,2026,110.30
28,8,2026,144.15
29,8,2026,75.55
30,8,2026,230.29
31,8,2026,103.18
1,9,2026,122.19
2,9,2026,102.08
3,9,2026,54.88
4,9,2026,114.51
5,9,2026,132.05
6,9,2026,144.99
